Number,Name,Description,GeometryType,Latitude,Longitude,Elevation,GeoidOffset
2949,223,,Point,41.79836321,-111.5193145,2383.268,
2948,222,,Point,41.79836681,-111.5193117,2383.171,
2947,221,,Point,41.79838268,-111.5193388,2386.827,
2946,220,,Point,41.79837859,-111.5193245,2387.512,
2945,219,,Point,41.79837541,-111.5193263,2384.161,
2944,218,,Point,41.79834889,-111.5193243,2382.667,
2943,217,,Point,41.79831926,-111.519305,2383.645,
2942,216,,Point,41.79830937,-111.5192963,2383.03,
2941,215,,Point,41.79830371,-111.5193221,2384.59,
2940,214,,Point,41.79828671,-111.5193239,2384.652,
2939,213,,Point,41.79828185,-111.5193243,2384.489,
2938,212,,Point,41.79828354,-111.5193133,2385.131,
2937,211,,Point,41.79829449,-111.5193046,2382.868,
2936,210,,Point,41.79828465,-111.5193051,2383.51,
2935,209,,Point,41.79826111,-111.5193226,2386.145,
2934,208,,Point,41.79827014,-111.519308,2386.278,
2933,206,,Point,41.79826445,-111.5192655,2385.666,
,207,,Point,41.79826445,-111.5192655,2385.666,
2932,205,,Point,41.79827597,-111.5192684,2386.331,
2931,204,,Point,41.79828539,-111.5192636,2385.522,
2930,203,,Point,41.79828847,-111.5192646,2385.098,
2929,202,,Point,41.79828828,-111.5192304,2386.74,
2928,201,,Point,41.7982886,-111.5192421,2385.788,
2927,200,,Point,41.79828697,-111.5192297,2385.607,
2926,199,,Point,41.79828145,-111.5191881,2383.116,
2925,198,,Point,41.7982707,-111.5191616,2382.032,
2924,197,,Point,41.79826916,-111.5191546,2387.57,
2923,196,,Point,41.79829058,-111.5191189,2385.111,
2922,195,,Point,41.79829294,-111.5191538,2386.492,
2921,194,,Point,41.79831293,-111.5191468,2385.558,
2920,193,,Point,41.79830334,-111.5191279,2390.379,
2919,192,,Point,41.79830005,-111.5191066,2389.022,
2918,191,,Point,41.79829447,-111.5190908,2389.342,
2917,190,,Point,41.79828648,-111.5190766,2389.668,
2916,189,,Point,41.79830425,-111.5190778,2386.366,
2915,188,,Point,41.79828861,-111.5190669,2385.348,
2914,187,,Point,41.79825505,-111.5190517,2390.617,
2913,186,,Point,41.79827108,-111.5190756,2389.331,
2912,184,,Point,41.79828576,-111.5190889,2391.285,
2911,183,,Point,41.79829504,-111.5190832,2387.967,
2910,182,,Point,41.79830354,-111.5189997,2390.8,
2909,181,,Point,41.79828639,-111.5190021,2391.618,
2908,180,,Point,41.79826991,-111.5189899,2393.775,
2907,179,,Point,41.79826882,-111.5190067,2391.794,
2906,178,,Point,41.79827232,-111.5189826,2389.361,
2905,177,,Point,41.79827955,-111.5190158,2389.025,
2904,174,,Point,41.79825609,-111.5189759,2388.834,
,175,,Point,41.79825609,-111.5189759,2388.834,
,176,,Point,41.79825609,-111.5189759,2388.834,
2903,173,,Point,41.79825711,-111.518955,2392.308,
2902,172,,Point,41.79826592,-111.5188978,2391.448,
2901,171,,Point,41.7982742,-111.5189506,2392.551,
2900,170,,Point,41.79827683,-111.5189528,2392.338,
2899,169,,Point,41.79828171,-111.5189579,2391.134,
2898,168,,Point,41.79829128,-111.518966,2390.963,
2897,167,,Point,41.79829947,-111.5189568,2393.108,
2896,166,,Point,41.7983069,-111.5189545,2390.943,
2895,165,,Point,41.79830869,-111.5189469,2391.386,
2894,164,,Point,41.79830605,-111.5189383,2391.294,
2893,163,,Point,41.79830864,-111.5189439,2390.964,
2892,162,,Point,41.79830648,-111.5189137,2389.997,
2891,161,,Point,41.79831199,-111.518928,2390.168,
2890,160,,Point,41.79830635,-111.5189282,2391.923,
2889,159,,Point,41.79829647,-111.5189193,2393.682,
2888,158,,Point,41.79829512,-111.5188978,2394.465,
2887,157,,Point,41.79828209,-111.518886,2392.591,
2886,156,,Point,41.79827998,-111.5188878,2392.803,
2885,155,,Point,41.79827858,-111.51887,2392.985,
2884,154,,Point,41.79827259,-111.5188616,2394.6,
2883,153,,Point,41.79827605,-111.5188635,2393.779,
2882,152,,Point,41.7982762,-111.5188662,2394.305,
2881,151,,Point,41.79828511,-111.5188464,2394.586,
2880,150,,Point,41.79828714,-111.5188467,2394.368,
2879,149,,Point,41.79828638,-111.5188664,2392.655,
2878,148,,Point,41.7982928,-111.5188723,2393.705,
2877,147,,Point,41.79829087,-111.5188601,2394.063,
2876,145,,Point,41.79831231,-111.518834,2394.034,
2875,146,,Point,41.7982915,-111.5188389,2395.143,
2874,143,,Point,41.79831169,-111.5188197,2391.837,
,144,,Point,41.79831169,-111.5188197,2391.837,
2873,142,,Point,41.79831226,-111.5188064,2396.195,
2872,141,,Point,41.79831331,-111.5187952,2393.503,
2871,140,,Point,41.79829795,-111.5188146,2392.859,
2870,139,,Point,41.79826161,-111.5188334,2393.845,
2869,138,,Point,41.79826449,-111.5188104,2394.878,
2868,137,,Point,41.79826538,-111.5188045,2394.689,
2867,136,,Point,41.79828468,-111.5187682,2394.86,
2866,135,,Point,41.7982482,-111.5187855,2397.96,
2865,134,,Point,40.43518769,-111.6387575,2254.465,
2864,133,,Point,40.43517136,-111.6387396,2254.315,
2863,132,,Point,40.43516597,-111.6387469,2253.699,
2862,131,,Point,40.43511354,-111.6387293,2253.999,
2861,130,,Point,40.43513377,-111.6386613,2252.022,
2860,128,,Point,40.43511142,-111.6386796,2253.271,
,129,,Point,40.43511142,-111.6386796,2253.271,
2859,127,,Point,40.43507684,-111.6386622,2251.321,
2858,126,,Point,40.43511708,-111.6386429,2253.433,
2857,124,,Point,40.43510591,-111.6386509,2253.965,
,125,,Point,40.43510591,-111.6386509,2253.965,
2856,123,,Point,40.43484924,-111.6386698,2257.036,
2855,122,,Point,40.43478575,-111.6386544,2250.44,
2854,121,,Point,40.43479202,-111.6386695,2252.655,
2853,120,,Point,40.4347985,-111.6386655,2252.743,
2852,119,,Point,40.43480709,-111.6386954,2260.632,
2851,118,,Point,40.4347946,-111.6386753,2256.043,
2850,117,,Point,40.43480175,-111.6386825,2253.394,
2849,116,,Point,40.43478651,-111.6386598,2253.669,
2848,115,,Point,40.43478739,-111.6386162,2253.481,
2847,114,,Point,40.43478616,-111.6386336,2253.96,
2846,113,,Point,40.43477711,-111.6386457,2253.705,
2845,110,,Point,40.43476869,-111.6386485,2254.84,
,111,,Point,40.43476869,-111.6386485,2254.84,
,112,,Point,40.43476869,-111.6386485,2254.84,
2844,109,,Point,40.43475219,-111.6386605,2256.139,
2843,108,,Point,40.43478379,-111.63868,2255.165,
2842,107,,Point,40.43478757,-111.6386974,2255.268,
2841,106,,Point,40.43477483,-111.6387389,2255.387,
2840,105,,Point,40.43475009,-111.6387472,2254.868,
2838,104,,Point,40.43472534,-111.638761,2255.071,
2837,103,,Point,40.43473207,-111.6387482,2256.738,
2836,102,,Point,40.43477124,-111.6387752,2251.595,
2834,101,,Point,40.43473512,-111.6388021,2254.309,
2833,100,,Point,40.43475365,-111.6388162,2253.916,
2832,99,,Point,40.43475114,-111.6388156,2253.662,
2831,98,,Point,40.43511884,-111.6387829,2250.148,
2830,97,,Point,40.43502009,-111.6387966,2256.584,
2829,96,,Point,40.43504453,-111.6387994,2255.607,
2828,95,,Point,40.43507864,-111.6388395,2255.272,
2827,94,,Point,40.43507241,-111.6388403,2255.648,
2826,93,,Point,40.43507188,-111.6388244,2258.517,
2825,92,,Point,40.43505782,-111.6387918,2259.339,
2824,91,,Point,40.43506145,-111.6388133,2254.8,
2823,90,,Point,40.43504047,-111.6388102,2256.722,
2822,89,,Point,40.43503486,-111.6388149,2257.516,
2821,88,,Point,40.4350295,-111.6388044,2259.254,
2820,87,,Point,40.43502749,-111.6387877,2258.724,
2819,86,,Point,40.43502226,-111.638779,2258.932,
2818,85,,Point,40.43502369,-111.6387814,2257.302,
2817,84,,Point,40.43501964,-111.6387846,2257.058,
2816,83,,Point,40.43501633,-111.6388052,2256.494,
2815,82,,Point,40.43501543,-111.6388026,2258.477,
2814,81,,Point,40.4350246,-111.6388334,2256.529,
2813,80,,Point,40.43503272,-111.6388378,2258.652,
2812,79,,Point,40.43502225,-111.6388239,2256.873,
2811,78,,Point,40.43501595,-111.6388195,2259.304,
2810,77,,Point,40.43501,-111.6388108,2257.376,
2809,76,,Point,40.43499648,-111.6388139,2257.364,
2808,75,,Point,40.43500672,-111.6388194,2260.063,
2807,74,,Point,40.4350135,-111.6388405,2259.091,
2806,73,,Point,40.43500912,-111.6388293,2258.037,
2805,72,,Point,40.43499421,-111.6388391,2257.006,
2804,71,,Point,40.43501407,-111.6388457,2256.337,
2803,70,,Point,40.43500692,-111.6388571,2255.55,
2802,69,,Point,40.43500646,-111.6388863,2261.495,
2801,67,,Point,40.43500939,-111.6388778,2254.278,
,68,,Point,40.43500939,-111.6388778,2254.278,
2800,66,,Point,40.43501979,-111.6388614,2255.401,
2799,65,,Point,40.43503987,-111.6388718,2256.756,
2798,63,,Point,40.43501718,-111.6388971,2264.026,
,64,,Point,40.43501718,-111.6388971,2264.026,
2797,62,,Point,40.43505127,-111.638822,2260.31,
2796,61,,Point,40.43505139,-111.6388455,2260.535,
2795,60,,Point,40.43504204,-111.6388698,2261.008,
2794,58,,Point,40.43513711,-111.6389019,2254.259,
,59,,Point,40.43513711,-111.6389019,2254.259,
2793,57,,Point,40.43512061,-111.6388773,2254.326,
2792,56,,Point,40.43514383,-111.6389087,2253.23,
2791,55,,Point,40.435186,-111.6388658,2254.386,
2790,54,,Point,40.43518893,-111.6389171,2256.39,
2789,53,,Point,40.43515123,-111.6389686,2255.835,
2788,52,,Point,40.43507839,-111.6390683,2252.9,
2787,51,,Point,40.43505954,-111.6390245,2257.603,
2786,50,,Point,40.43507563,-111.6390341,2258.112,
2785,46,,Point,40.43509524,-111.6390462,2257.632,
,47,,Point,40.43509524,-111.6390462,2257.632,
2784,45,,Point,40.43507971,-111.6390243,2257.733,
2783,44,,Point,40.43506696,-111.6389757,2257.06,
2782,43,,Point,40.43506925,-111.6389603,2256.478,
2781,42,,Point,40.43505482,-111.6389302,2257.168,
2780,41,,Point,40.43504422,-111.6389047,2253.04,
2779,40,,Point,40.43503254,-111.6389401,2256.432,
2778,39,,Point,40.43484092,-111.6390288,2256.339,
2777,38,,Point,40.43479688,-111.639178,2255.44,
2776,37,,Point,40.43478096,-111.6391776,2255.196,
2775,36,,Point,40.43479795,-111.6391496,2255.375,
2774,35,,Point,40.43480957,-111.6391317,2252.992,
2773,34,,Point,40.43481469,-111.6391727,2251.742,
2772,33,,Point,40.43484025,-111.6391808,2257.618,
2771,32,,Point,40.43485989,-111.6391996,2257.808,
2770,31,,Point,40.43486384,-111.6391987,2259.915,
2769,30,,Point,40.43485042,-111.6391323,2257.994,
2768,29,,Point,40.43487653,-111.6391374,2255.579,
2767,28,,Point,40.43487205,-111.6391058,2257.063,
2766,27,,Point,40.43493507,-111.6391749,2257.143,
2765,26,,Point,40.43493018,-111.6391346,2258.888,
2764,25,,Point,40.43491323,-111.639127,2257.271,
2763,24,,Point,40.43490731,-111.6391245,2257.498,
2762,23,,Point,40.43492211,-111.6391483,2261.205,
2761,22,,Point,40.43491112,-111.6391631,2261.565,
2760,21,,Point,40.43491083,-111.6391399,2262.879,
2759,20,,Point,40.43491289,-111.6391399,2261.39,
2758,19,,Point,40.43487212,-111.6391828,2256.651,
2757,18,,Point,40.43489795,-111.6391795,2256.61,
2756,17,,Point,40.43487849,-111.6392037,2259.586,
2755,16,,Point,40.43487977,-111.6392027,2256.12,
2754,15,,Point,40.43491417,-111.6391188,2264.633,
2752,14,,Point,40.43491796,-111.6391996,2263.888,
2751,13,,Point,40.43493806,-111.6392111,2262.083,
2750,12,,Point,40.43493507,-111.6392285,2259.344,
2749,11,,Point,40.43493746,-111.6391887,2259.519,
2748,10,,Point,40.43494094,-111.6391636,2258.033,
2747,9,,Point,40.4349411,-111.6391498,2257.702,
2746,8,,Point,40.43495435,-111.6391636,2259.454,
2745,7,,Point,40.43495968,-111.6391799,2259.895,
2744,6,,Point,40.43496933,-111.639184,2258.117,
2743,5,,Point,40.43505788,-111.6390897,2255.716,
2742,4,,Point,40.4351329,-111.6390923,2258.413,
2740,3,,Point,40.43520563,-111.6390486,2256.614,
2739,2,,Point,40.43519237,-111.6390728,2256.747,
2737,1,,Point,40.43515475,-111.639161,2257.51,
2736,psmeg8,,Point,42.37408423,-111.5534564,2220.324,
2735,pico38,,Point,42.37388613,-111.5535144,2212.53,
2734,psmeg4,,Point,42.37387184,-111.5535297,2215.075,
2733,psmeg7,,Point,42.37386976,-111.5532676,2209.853,
2732,psmeg5,,Point,42.37406686,-111.5537048,2220.52,
2731,psmeg6,,Point,42.37395831,-111.5535183,2222.743,
2730,psmeg3,,Point,42.37410719,-111.5535772,2220.533,
2729,psmeg2,,Point,42.37421975,-111.553766,2226.472,
2728,pico37,,Point,42.37380083,-111.5537107,2212.461,
2727,potr106,,Point,42.37378094,-111.5536495,2213.472,
2726,potr105,,Point,42.3737976,-111.5536683,2212.081,
2725,potr104,,Point,42.37384452,-111.5537098,2213.647,
2724,potr103,,Point,42.373824,-111.553663,2211.334,
2722,potr102,,Point,42.373837,-111.5536376,2210.892,
2721,potr101,,Point,42.37384507,-111.553631,2214.305,
2720,potr100,,Point,42.37387346,-111.5536153,2213.87,
2719,potr98,,Point,42.37389054,-111.5537093,2214.733,
2718,potr99,,Point,42.37388787,-111.5536841,2216.061,
2717,potr97,,Point,42.37389984,-111.5536854,2217.13,
2716,pico36,,Point,42.37390721,-111.5536828,2216.576,
2715,potr96,,Point,42.37387184,-111.5536712,2214.807,
2714,potr95,,Point,42.37393303,-111.5536403,2215.042,
2713,potr94,,Point,42.37392835,-111.5536359,2214.628,
2712,potr93,,Point,42.37396238,-111.5536331,2218.066,
2711,potr92,,Point,42.37397044,-111.5536732,2217.949,
2710,potr91,,Point,42.37399325,-111.5536218,2218.4,
2709,potr90,,Point,42.37399855,-111.5536279,2217.99,
2708,potr89,,Point,42.37404271,-111.553634,2218.48,
2707,potr88,,Point,42.37405816,-111.5536389,2218.624,
2706,pico35,,Point,42.37421716,-111.5535964,2222.552,
2705,pico34,,Point,42.37423927,-111.5533897,2215.016,
2704,potr87,,Point,42.37420418,-111.5533695,2215.616,
2703,pico33,,Point,42.37420197,-111.553383,2215.289,
2702,pico32,,Point,42.37418158,-111.5533923,2215.672,
2701,pico31,,Point,42.37417983,-111.5533881,2217.258,
2700,potr86,,Point,42.37419117,-111.5534621,2215.067,
2699,potr85,,Point,42.37419848,-111.5535051,2219.023,
2698,potr84,,Point,42.37418164,-111.553514,2218.717,
2697,potr83,,Point,42.37417775,-111.5535542,2218.862,
2696,potr82,,Point,42.37415406,-111.5535567,2218.645,
2695,potr81,,Point,42.37413494,-111.5534762,2217.007,
2694,potr80,,Point,42.37413499,-111.5533811,2213.901,
2693,potr79,,Point,42.37412111,-111.5534032,2213.493,
2692,pico30,,Point,42.37415795,-111.5534617,2214.726,
2691,potr78,,Point,42.3740994,-111.5534429,2214.028,
2690,pico29,,Point,42.37410198,-111.5534078,2214.835,
2689,potr77,,Point,42.37404972,-111.5534046,2213.686,
2688,potr76,,Point,42.37402856,-111.5534347,2214.366,
2687,potr75,,Point,42.37407568,-111.5535635,2218.096,
2686,potr74,,Point,42.37408226,-111.5535648,2214.61,
2685,potr73,,Point,42.37400156,-111.5535175,2215.776,
2684,potr72,,Point,42.37396403,-111.5534637,2214.799,
2683,potr71,,Point,42.37397261,-111.5534844,2215.382,
2682,potr70,,Point,42.37396384,-111.5535126,2215.44,
2681,potr69,,Point,42.37396868,-111.5535487,2216.174,
2679,potr68,,Point,42.37397789,-111.5535925,2216.172,
2678,potr67,,Point,42.37396734,-111.5535847,2215.418,
2677,potr66,,Point,42.37394031,-111.5535919,2216.553,
2676,potr65,,Point,42.37392778,-111.5535582,2216.151,
2675,potr64,,Point,42.37389863,-111.5535223,2214.583,
2674,potr63,,Point,42.37393312,-111.5534687,2213.126,
2673,potr62,,Point,42.37391024,-111.5534008,2212.722,
2672,pico23,,Point,42.37389998,-111.5534006,2212.141,
2671,pico22,,Point,42.37387172,-111.5534156,2211.86,
2670,potr61,,Point,42.37386528,-111.5534238,2211.873,
2669,potr60,,Point,42.37386208,-111.5534429,2211.127,
2668,potr59,,Point,42.37384119,-111.5534812,2213.44,
2667,pico21,,Point,42.37380651,-111.5534745,2211.619,
2666,potr58,,Point,42.37378091,-111.5534608,2211.507,
2665,pico20,,Point,42.37378173,-111.5534585,2211.548,
2664,pico28,,Point,42.37388411,-111.5533758,2212.986,
2663,pico27,,Point,42.373865,-111.553359,2212.711,
2662,pico26,,Point,42.37385677,-111.553347,2214.054,
2661,pico25,,Point,42.37385781,-111.5533652,2211.73,
2660,potr56,,Point,42.37387309,-111.5533682,2210.29,
2659,potr55,,Point,42.37387094,-111.5533421,2210.348,
2658,pico24,,Point,42.37382658,-111.5532659,2209.829,
2657,potr54,,Point,42.37381706,-111.5532179,2208.829,
2656,potr53,,Point,42.37384987,-111.553229,2210.199,
2655,potr52,,Point,42.37384485,-111.5532411,2208.866,
2654,potr51,,Point,42.37387608,-111.5532885,2210.328,
2653,potr50,,Point,42.37385173,-111.5532778,2210.642,
2652,potr49,,Point,42.3738591,-111.5532489,2209.201,
2651,potr48,,Point,42.37391208,-111.55316,2210.924,
2650,potr47,,Point,42.37390587,-111.5531774,2211.367,
2649,potr46,,Point,42.37394677,-111.553278,2210.529,
2648,potr44,,Point,42.37393642,-111.5532804,2210.031,
2647,potr43,,Point,42.3739065,-111.55334,2209.668,
2646,potr42,,Point,42.37392661,-111.5533236,2210.558,
2645,potr41,,Point,42.37393048,-111.553353,2211.223,
2644,pico19,,Point,42.37399243,-111.5533272,2211.606,
2643,pico18,,Point,42.37398804,-111.5533198,2210.515,
2642,pico17,,Point,42.37398868,-111.5533075,2212.421,
2641,pico16,,Point,42.37399077,-111.5533137,2213.2,
2640,pico15,,Point,42.37399662,-111.5533147,2212.594,
2639,pico14,,Point,42.37400128,-111.5533263,2212.655,
2638,potr40,,Point,42.3740244,-111.5532814,2212.79,
2637,potr39,,Point,42.37404579,-111.5532605,2210.647,
2636,potr38,,Point,42.37403858,-111.5532631,2210.514,
2635,potr37,,Point,42.37403729,-111.553269,2210.779,
2634,potr36,,Point,42.37402578,-111.5532549,2210.869,
2633,potr35,,Point,42.37401631,-111.553257,2211.217,
2632,potr34,,Point,42.37400832,-111.5532475,2211.253,
2631,potr33,,Point,42.37399113,-111.5532288,2211.643,
2630,potr32,,Point,42.37396174,-111.5531909,2212.347,
2629,potr31,,Point,42.37394513,-111.5531825,2211.065,
2628,potr30,,Point,42.37394652,-111.5531765,2210.669,
2627,potr29,,Point,42.37394522,-111.5531742,2210.668,
2626,potr28,,Point,42.37394678,-111.553168,2210.201,
2625,potr27,,Point,42.3739493,-111.5531553,2209.9,
2624,potr26,,Point,42.37395539,-111.5531333,2210.274,
2623,potr25,,Point,42.37396132,-111.5531325,2210.437,
2622,potr24,,Point,42.37396229,-111.553163,2210.114,
2621,potr23,,Point,42.37396627,-111.553157,2210.587,
2620,potr22,,Point,42.37398295,-111.5531766,2210.84,
2619,potr21,,Point,42.3739811,-111.5531752,2211.182,
2618,potr20,,Point,42.37398563,-111.5531768,2211.779,
2617,potr19,,Point,42.37400631,-111.5532028,2213.072,
2616,potr18,,Point,42.37400696,-111.5531925,2212.401,
2615,potr17,,Point,42.37404846,-111.5531812,2209.359,
2614,potr16,,Point,42.37403896,-111.5531662,2209.614,
2613,potr15,,Point,42.37403901,-111.5531511,2210.149,
2612,potr14,,Point,42.37405991,-111.5531526,2209.104,
2611,potr13,,Point,42.37407091,-111.5531568,2209.829,
2610,potr12,,Point,42.37406442,-111.5531861,2209.49,
2609,potr11,,Point,42.37407879,-111.5531749,2209.794,
2608,potr10,,Point,42.3740946,-111.5532066,2210.866,
2607,potr9,,Point,42.37406642,-111.5532271,2211.617,
2606,potr8,,Point,42.37406184,-111.5532585,2212.683,
2605,potr7,,Point,42.37404429,-111.5532741,2214.507,
2604,potr6,,Point,42.37404703,-111.5532802,2213.286,
2603,potr5,,Point,42.37405513,-111.5532695,2213.131,
2602,psmeg1,,Point,42.37406919,-111.5532892,2215.516,
2601,pico13,,Point,42.37406583,-111.5532952,2213.038,
2600,pico12,,Point,42.37408627,-111.553291,2211.443,
2599,potr4,,Point,42.37406716,-111.5533152,2212.6,
2598,potr3,,Point,42.37405225,-111.5533105,2216.213,
2597,potr2,,Point,42.37403489,-111.5533573,2216.773,
2595,pico11,,Point,42.374104,-111.5533434,2215.289,
2594,potr1,,Point,42.37410732,-111.5533296,2215.655,
2593,pico10,,Point,42.37409277,-111.5533108,2212.835,
2592,pico9,,Point,42.37409463,-111.5533315,2211.992,
2591,pico8,,Point,42.37410671,-111.5533189,2208.469,
2590,pico7,,Point,42.37413993,-111.5533617,2210.957,
2589,pico6,,Point,42.37421077,-111.5533347,2210.188,
2588,pico5,,Point,42.37421552,-111.5533355,2210.139,
2587,pico4,,Point,42.37422078,-111.5533263,2210.595,
2586,pico3,,Point,42.37421649,-111.5533233,2209.238,
2585,pico2,,Point,42.374214,-111.5533051,2213.906,
2584,pico1,,Point,42.37421403,-111.5532909,2215.911,
2583,852,,Point,42.3741448,-111.5537286,2220.513,
2582,850,,Point,42.37414195,-111.5537104,2220.549,
,851,,Point,42.37414195,-111.5537104,2220.549,
2580,849,,Point,42.3741124,-111.5537168,2220.608,
2579,848,,Point,42.37412402,-111.5537308,2218.831,
2578,847,,Point,42.37411621,-111.5537294,2219.214,
2577,846,,Point,42.37411588,-111.5537153,2218.506,
2576,845,,Point,42.37410941,-111.5537307,2218.968,
2575,844,,Point,42.37408296,-111.5537366,2218.422,
2574,843,,Point,42.37407932,-111.553738,2219.198,
2573,842,,Point,42.37406785,-111.553722,2218.215,
2572,841,,Point,42.37406147,-111.5537186,2218.224,
2571,840,,Point,42.37408698,-111.5537043,2218.175,
2570,838,,Point,42.3740662,-111.5537148,2218.449,
,839,,Point,42.3740662,-111.5537148,2218.449,
2569,837,,Point,42.3740627,-111.5536976,2219.798,
2568,836,,Point,42.37404806,-111.5537182,2217.715,
2567,835,,Point,42.37404693,-111.5537223,2217.916,
2566,834,,Point,42.37404044,-111.5537316,2218.126,
2565,833,,Point,42.37404564,-111.5537108,2219.115,
2564,832,,Point,42.37403332,-111.5536966,2223.161,
2562,830,,Point,42.3740456,-111.5537192,2218.261,
2561,829,,Point,42.37403609,-111.553728,2219.264,
2560,828,,Point,42.37388897,-111.5537139,2216.985,
2559,827,,Point,42.37382454,-111.5537208,2215.161,
2558,826,,Point,42.37380407,-111.5536936,2212.67,
2557,824,,Point,42.37386704,-111.5536982,2219.06,
,825,,Point,42.37386704,-111.5536982,2219.06,
2556,823,,Point,42.37388407,-111.5536851,2219.158,
2555,822,,Point,42.37387315,-111.5537022,2219.101,
2554,821,,Point,42.37391259,-111.5537122,2215.975,
2553,820,,Point,42.37391597,-111.5536858,2217.751,
2552,819,,Point,42.37390058,-111.5536866,2217.99,
2551,818,,Point,42.37390794,-111.5536904,2217.896,
2550,817,,Point,42.37390589,-111.5536748,2216.874,
2549,816,,Point,42.37389838,-111.5536493,2215.98,
,815,,Point,42.37389838,-111.5536493,2215.98,
,814,,Point,42.37389838,-111.5536493,2215.98,
,813,,Point,42.37389838,-111.5536493,2215.98,
2548,812,,Point,42.37390993,-111.5535967,2216.246,
2546,810,,Point,42.37400168,-111.5536124,2217.904,
2545,809,,Point,42.37398914,-111.5536405,2217.276,
2544,808,,Point,42.37398796,-111.5536387,2217.388,
2543,807,,Point,42.37400727,-111.5536407,2219.069,
2542,806,,Point,42.3739931,-111.5536447,2218.218,
2541,805,,Point,42.37399704,-111.5536605,2217.254,
2540,804,,Point,42.37401251,-111.5536901,2215.747,
2539,803,,Point,42.37400267,-111.5536802,2216.482,
2538,802,,Point,42.37401137,-111.5536683,2215.081,
2537,801,,Point,42.37401459,-111.5536484,2214.804,
2536,800,,Point,42.37402805,-111.5536478,2214.465,
2535,799,,Point,42.3740233,-111.5536328,2217.462,
2534,798,,Point,42.37403095,-111.5536104,2217.294,
2533,797,,Point,42.37403112,-111.5536147,2217.815,
2532,796,,Point,42.37403355,-111.5536228,2218.807,
2531,795,,Point,42.37405303,-111.5536364,2220.3,
2530,794,,Point,42.37403933,-111.5536536,2219.816,
,793,,Point,42.37403933,-111.5536536,2219.816,
2529,792,,Point,42.37404334,-111.5536528,2221.676,
2528,791,,Point,42.37406789,-111.5536433,2224.125,
2527,790,,Point,42.37407219,-111.5536325,2219.907,
2526,789,,Point,42.37406427,-111.553628,2219.528,
2525,788,,Point,42.37406379,-111.5536258,2218.141,
2524,787,,Point,42.37406192,-111.5536271,2217.86,
2523,786,,Point,42.37408967,-111.5536457,2222.74,
2522,785,,Point,42.37407656,-111.5536898,2221.136,
2521,784,,Point,42.37409184,-111.5536952,2219.212,
2520,783,,Point,42.37410226,-111.5536916,2220.399,
2519,782,,Point,42.37411723,-111.5536859,2220.271,
2518,781,,Point,42.37411192,-111.5536899,2220.529,
2517,780,,Point,42.37410812,-111.5536806,2221.186,
2516,779,,Point,42.3741118,-111.5536852,2220.415,
2515,778,,Point,42.37413186,-111.5536645,2222.249,
2514,777,,Point,42.37412649,-111.5536456,2220.988,
2513,776,,Point,42.37409855,-111.5536151,2218.437,
2511,774,,Point,42.37412598,-111.5536467,2222.015,
2510,773,,Point,42.37411697,-111.5536313,2221.331,
2509,772,,Point,42.3741167,-111.5536205,2220.322,
2508,771,,Point,42.37412034,-111.5536152,2220.182,
2507,770,,Point,42.37413805,-111.5536278,2219.738,
2506,769,,Point,42.37415874,-111.5536157,2222.568,
2505,768,,Point,42.3741574,-111.5536039,2221.446,
2504,767,,Point,42.37414938,-111.5536122,2220.48,
2503,766,,Point,42.37415114,-111.5535933,2219.156,
2502,765,,Point,42.37411367,-111.5536538,2219.512,
2501,764,,Point,42.37412571,-111.5536694,2219.627,
2500,763,,Point,42.37412227,-111.5536794,2219.707,
2499,762,,Point,42.374126,-111.5536934,2221.97,
2498,761,,Point,42.37414624,-111.5536673,2222.59,
2497,760,,Point,42.37413963,-111.5536744,2223.544,
2496,759,,Point,42.37413994,-111.5536626,2223.576,
2495,758,,Point,42.37413867,-111.5536717,2220.368,
2494,757,,Point,42.37413935,-111.5536522,2221.011,
2493,756,,Point,42.37414737,-111.5536398,2219.412,
2492,755,,Point,42.37415544,-111.5536407,2219.907,
2491,754,,Point,42.37416584,-111.5536485,2220.469,
,753,,Point,42.37416584,-111.5536485,2220.469,
2490,752,,Point,42.37416826,-111.5536479,2221.883,
2489,751,,Point,42.37417886,-111.5536465,2220.672,
2488,750,,Point,42.37417597,-111.5536366,2220.938,
2487,749,,Point,42.37420181,-111.5536682,2221.472,
2486,748,,Point,42.37422871,-111.5536622,2223.234,
2485,747,,Point,42.37419403,-111.5536303,2222.391,
2484,746,,Point,42.37417862,-111.5536245,2220.78,
2483,745,,Point,42.37417523,-111.5536237,2220.671,
2482,744,,Point,42.37417863,-111.5536095,2221.563,
2481,743,,Point,42.37415926,-111.5536032,2219.854,
2480,742,,Point,42.37415881,-111.5536108,2217.413,
2479,741,,Point,42.37418462,-111.5535848,2219.146,
2478,740,,Point,42.37419353,-111.5535884,2220.487,
2477,739,,Point,42.37420179,-111.5535913,2220.65,
2476,738,,Point,42.37420676,-111.5535905,2223.858,
2475,737,,Point,42.37420084,-111.5536365,2221.894,
2474,736,,Point,42.37420561,-111.5536177,2220.795,
2473,735,,Point,42.3742236,-111.5536281,2219.916,
2472,734,,Point,42.37421237,-111.5536275,2220.795,
2471,733,,Point,42.37422165,-111.5536065,2217.629,
2470,732,,Point,42.37421297,-111.5535853,2218.328,
2469,731,,Point,42.37420971,-111.553579,2216.939,
2468,730,,Point,42.37422049,-111.5535826,2219.983,
2467,729,,Point,42.37423069,-111.5535846,2219.889,
2466,728,,Point,42.37422669,-111.5535772,2217.48,
2465,727,,Point,42.37421797,-111.5535418,2218.594,
2464,726,,Point,42.37423023,-111.5533984,2215.317,
2463,725,,Point,42.37423354,-111.553421,2214.258,
2462,724,,Point,42.37423444,-111.5534362,2214.508,
2461,723,,Point,42.37423149,-111.5534329,2213.409,
2460,722,,Point,42.3742337,-111.5534193,2213.133,
2459,721,,Point,42.37425536,-111.5534446,2208.546,
2458,720,,Point,42.37422081,-111.5534508,2214.516,
2457,719,,Point,42.37421508,-111.5534585,2216.651,
2456,718,,Point,42.37422237,-111.5534788,2216.348,
2455,716,,Point,42.37420752,-111.5534924,2216.81,
,715,,Point,42.37420752,-111.5534924,2216.81,
2454,714,,Point,42.37419649,-111.5534975,2218.744,
2453,713,,Point,42.37420432,-111.5534945,2217.841,
2452,712,,Point,42.37416884,-111.5535657,2222.011,
2451,711,,Point,42.37418105,-111.5535105,2214.686,
2450,710,,Point,42.37417284,-111.5535112,2217.415,
2449,709,,Point,42.37416695,-111.5535005,2215.11,
2448,708,,Point,42.37417573,-111.5534968,2215.158,
2447,707,,Point,42.37418952,-111.5534812,2214.303,
2446,706,,Point,42.37420833,-111.5534432,2213.83,
2445,705,,Point,42.37422173,-111.5534425,2213.553,
2444,704,,Point,42.37417061,-111.5534192,2214.709,
2443,703,,Point,42.37416618,-111.553419,2214.625,
2442,702,,Point,42.37420266,-111.5534144,2211.336,
2441,701,,Point,42.37420329,-111.553413,2211.701,
2440,700,,Point,42.37421736,-111.5534091,2212.386,
2439,699,,Point,42.37422239,-111.5534148,2213.19,
2438,698,,Point,42.37422527,-111.5534055,2212.698,
2437,697,,Point,42.37422593,-111.5534009,2212.983,
2436,696,,Point,42.37421423,-111.5533524,2217.971,
2435,695,,Point,42.37421323,-111.5533549,2216.358,
2434,694,,Point,42.37420789,-111.5533498,2217.323,
2432,692,,Point,42.37417467,-111.5533602,2216.359,
2431,691,,Point,42.37416514,-111.5533423,2218.628,
2430,690,,Point,42.37415869,-111.5533521,2216.958,
2429,689,,Point,42.37416191,-111.5533707,2218.759,
2428,688,,Point,42.37417491,-111.5533937,2213.666,
2427,687,,Point,42.37416934,-111.5534096,2211.988,
2426,686,,Point,42.37416848,-111.5534079,2210.756,
2425,685,,Point,42.37417395,-111.5534166,2206.414,
2424,684,,Point,42.37414385,-111.5533925,2214.022,
2423,683,,Point,42.37413807,-111.5533725,2217.565,
2422,682,,Point,42.37415441,-111.5533907,2215.613,
2421,681,,Point,42.37414773,-111.553394,2217.199,
2420,680,,Point,42.37415448,-111.5535805,2219.198,
2419,679,,Point,42.37415091,-111.5536035,2217.197,
2418,678,,Point,42.37413223,-111.5535827,2218.466,
2417,677,,Point,42.37411094,-111.5535551,2220.625,
2416,676,,Point,42.37410594,-111.553551,2219.301,
2415,675,,Point,42.3741015,-111.5535781,2219.868,
2414,674,,Point,42.37408753,-111.5535578,2220.712,
2413,673,,Point,42.37408339,-111.5535715,2218.666,
2412,672,,Point,42.37408364,-111.5534487,2214.246,
2411,671,,Point,42.37409141,-111.5534354,2214.402,
2410,670,,Point,42.37409186,-111.5534396,2216.704,
2409,669,,Point,42.37412123,-111.5534314,2214.748,
2408,668,,Point,42.37412764,-111.553425,2214.021,
2407,667,,Point,42.37409524,-111.5533888,2213.194,
2406,666,,Point,42.37403581,-111.5534144,2212.22,
2405,665,,Point,42.37407388,-111.5534347,2216.863,
2404,664,,Point,42.37404191,-111.5534232,2214.181,
2403,663,,Point,42.37404589,-111.5534177,2216.909,
2402,662,,Point,42.37405047,-111.5534417,2212.304,
2401,661,,Point,42.37402772,-111.553486,2213.582,
2400,660,,Point,42.37402919,-111.5534965,2213.143,
2399,659,,Point,42.3740578,-111.553564,2216.838,
2398,658,,Point,42.37404946,-111.5535651,2216.482,
2397,657,,Point,42.37404633,-111.5535675,2216.23,
2396,656,,Point,42.3740482,-111.5535844,2214.746,
2395,655,,Point,42.37400444,-111.5535601,2217.298,
2394,654,,Point,42.37399997,-111.5535759,2215.833,
2393,653,,Point,42.37398756,-111.5535737,2214.473,
2392,652,,Point,42.37397936,-111.5535397,2216.08,
2391,651,,Point,42.3739825,-111.5535351,2215.404,
2390,650,,Point,42.37398425,-111.5535405,2214.576,
2389,649,,Point,42.37400152,-111.5535329,2216.95,
2388,648,,Point,42.37400187,-111.5535455,2213.895,
2387,647,,Point,42.37394994,-111.553445,2213.344,
2386,646,,Point,42.37394812,-111.553465,2212.65,
2385,645,,Point,42.37395172,-111.5534506,2213.809,
2384,644,,Point,42.37396448,-111.5534448,2212.319,
2383,643,,Point,42.3739908,-111.5534412,2212.893,
2382,642,,Point,42.37398377,-111.5534228,2213.174,
2381,641,,Point,42.37399442,-111.5534082,2212.017,
2380,640,,Point,42.37399056,-111.553403,2211.242,
2379,639,,Point,42.37397667,-111.5533852,2213.7,
2378,638,,Point,42.37394295,-111.5534598,2220.999,
2377,637,,Point,42.37395948,-111.5533821,2215.215,
2376,636,,Point,42.37395275,-111.5533834,2214.563,
2375,635,,Point,42.37394095,-111.5533922,2212.482,
2374,634,,Point,42.37392948,-111.5534324,2210.972,
2373,633,,Point,42.37390149,-111.5534343,2211.061,
2372,632,,Point,42.37391608,-111.5534876,2213.813,
2371,631,,Point,42.37393224,-111.5534615,2211.657,
2370,630,,Point,42.37390659,-111.5535691,2214.531,
2369,629,,Point,42.37391281,-111.5535635,2215.05,
2368,628,,Point,42.37393771,-111.5535166,2214.582,
2367,627,,Point,42.37392503,-111.5534767,2213.881,
2366,626,,Point,42.37391154,-111.5534922,2212.852,
2365,625,,Point,42.37387541,-111.5535428,2214.034,
2364,624,,Point,42.37389388,-111.5535395,2218.977,
2363,623,,Point,42.37389584,-111.5535544,2209.871,
2362,622,,Point,42.37388857,-111.5535235,2211.167,
2361,621,,Point,42.37388246,-111.553518,2210.465,
2360,620,,Point,42.37389112,-111.5535262,2212.215,
2359,619,,Point,42.37390463,-111.5535151,2211.96,
2358,618,,Point,42.37390465,-111.5534881,2213.062,
2357,617,,Point,42.3738977,-111.5534903,2213.516,
2356,616,,Point,42.37389817,-111.5535007,2214.024,
2355,615,,Point,42.37389522,-111.553481,2213.297,
2354,614,,Point,42.37387799,-111.5534563,2211.528,
2353,613,,Point,42.37388686,-111.553453,2211.852,
2351,611,,Point,42.37384365,-111.5534226,2213.139,
2350,610,,Point,42.37383533,-111.5534229,2211.81,
2349,609,,Point,42.37384221,-111.5534365,2211.309,
2347,607,,Point,42.37380978,-111.5534865,2211.361,
2346,606,,Point,42.37381227,-111.5534825,2210.455,
2345,605,,Point,42.37382052,-111.5534598,2211.08,
2344,604,,Point,42.37381643,-111.5534381,2210.388,
2343,603,,Point,42.37380308,-111.5534528,2210.01,
2342,602,,Point,42.37378614,-111.5534522,2210.879,
2341,601,,Point,42.37385479,-111.5534182,2209.876,
2340,5109,,Point,42.37383603,-111.5534017,2211.601,
2339,525,,Point,42.37382719,-111.5533724,2208.603,
2337,426,,Point,42.37383381,-111.5533666,2212.198,
2336,351,,Point,42.37384608,-111.5534041,2210.655,
2335,350,,Point,42.3738519,-111.5533869,2210.194,
2334,349,,Point,42.37385666,-111.5533871,2210.884,
2333,236,,Point,42.37385789,-111.5533728,2210.942,
2332,219,,Point,42.37386468,-111.5533638,2212.036,
2331,193,,Point,42.37391161,-111.5533806,2211.573,
2330,167,,Point,42.37390721,-111.5533817,2211.511,
2329,153,,Point,42.37389725,-111.5533545,2211.127,
2328,135,,Point,42.37388915,-111.5533553,2211.068,
2327,600,,Point,42.37385268,-111.5533534,2209.614,
2326,599,,Point,42.3738541,-111.5533472,2210.151,
2325,598,,Point,42.37385757,-111.5533349,2212.02,
2324,597,,Point,42.3738588,-111.5533344,2211.345,
2323,596,,Point,42.37385962,-111.5533309,2210.25,
2322,595,,Point,42.37383969,-111.5533271,2210.066,
2321,594,,Point,42.37381995,-111.5533386,2209.002,
2320,593,,Point,42.37382413,-111.5533294,2209.711,
2319,592,,Point,42.37381634,-111.5533326,2209.903,
2318,591,,Point,42.37380049,-111.5533272,2209.566,
2317,590,,Point,42.37380245,-111.5533346,2210.036,
2316,589,,Point,42.37379819,-111.5533174,2210.7,
2315,588,,Point,42.37380498,-111.5532995,2210.642,
2314,587,,Point,42.3738151,-111.5533051,2210.484,
2313,586,,Point,42.37382183,-111.5532972,2209.991,
2312,585,,Point,42.37380647,-111.5532821,2209.339,
2311,584,,Point,42.373812,-111.5532564,2208.891,
2310,583,,Point,42.3738212,-111.5532891,2209.445,
2309,582,,Point,42.37382415,-111.5532933,2209.204,
2308,581,,Point,42.37382595,-111.5533011,2210.005,
2307,580,,Point,42.37383666,-111.5533033,2210.237,
2306,579,,Point,42.37385654,-111.5533023,2212.766,
2305,578,,Point,42.37385599,-111.5533183,2211.744,
2304,577,,Point,42.37387681,-111.5533176,2210.525,
2303,576,,Point,42.37387226,-111.5533074,2211.227,
2302,575,,Point,42.37388156,-111.553297,2211.167,
2301,574,,Point,42.37387997,-111.5533015,2212.208,
2300,573,,Point,42.37388453,-111.5532981,2210.47,
2299,572,,Point,42.37388571,-111.55329,2210.531,
2298,571,,Point,42.37388375,-111.5532977,2210.543,
2297,570,,Point,42.37387812,-111.5532841,2211.154,
2296,569,,Point,42.37389232,-111.5532936,2210.536,
2295,568,,Point,42.37389582,-111.5532846,2211.975,
2294,567,,Point,42.37388856,-111.5532939,2210.594,
2293,566,,Point,42.37388587,-111.5532809,2210.164,
2292,565,,Point,42.37388886,-111.5532767,2211.049,
2291,7429,,Point,42.37389605,-111.5532359,2211.499,
2290,564,,Point,42.37387687,-111.5532486,2209.044,
2289,563,,Point,42.37385333,-111.5531696,2209.959,
2288,562,,Point,42.37385598,-111.5531712,2209.445,
2287,561,,Point,42.37384666,-111.5531696,2209.782,
2286,560,,Point,42.37385384,-111.5531665,2209.94,
2285,559,,Point,42.37385745,-111.5531782,2207.238,
2284,558,,Point,42.37385097,-111.5531771,2207.16,
2282,557,,Point,42.37384949,-111.5531773,2205.923,
2281,556,,Point,42.37383687,-111.5531816,2207.854,
2280,555,,Point,42.37380628,-111.553162,2206.887,
2279,554,,Point,42.37381016,-111.5531508,2209.067,
2278,553,,Point,42.37383301,-111.5531746,2208.352,
2276,551,,Point,42.37382723,-111.553149,2209.02,
2275,550,,Point,42.37383581,-111.5531504,2208.348,
2274,549,,Point,42.37383835,-111.5531522,2207.415,
2273,548,,Point,42.37383243,-111.5531418,2208.966,
2272,547,,Point,42.37382853,-111.5531293,2209.412,
2271,546,,Point,42.37383669,-111.5531419,2209.124,
2270,545,,Point,42.37385133,-111.5531655,2208.136,
2269,544,,Point,42.37384882,-111.5531563,2207.676,
2268,543,,Point,42.3738426,-111.5531508,2208.413,
2267,542,,Point,42.3738448,-111.5531467,2207.061,
2266,541,,Point,42.37385073,-111.553134,2208.621,
2265,540,,Point,42.37385469,-111.5531397,2207.354,
2264,500,,Point,42.3738475,-111.5531235,2208.747,
2263,499,,Point,42.37385021,-111.5531276,2209.391,
2262,498,,Point,42.37385784,-111.5531346,2207.734,
2261,497,,Point,42.37386743,-111.5531331,2208.861,
,496,,Point,42.37386743,-111.5531331,2208.861,
2259,495,,Point,42.37386133,-111.5531666,2211.659,
2258,494,,Point,42.37385833,-111.5531618,2209.461,
2257,493,,Point,42.37385949,-111.5531655,2209.481,
2256,492,,Point,42.37387033,-111.5531568,2209.251,
2255,491,,Point,42.37387225,-111.553157,2208.449,
2254,490,,Point,42.37386982,-111.5531523,2209.356,
2253,489,,Point,42.37387252,-111.5531202,2209.782,
2252,488,,Point,42.37388565,-111.5531362,2210.539,
2251,487,,Point,42.37388693,-111.5531346,2213.058,
,486,,Point,42.37388693,-111.5531346,2213.058,
2250,485,,Point,42.37388908,-111.5531637,2209.794,
2249,484,,Point,42.37388753,-111.5532346,2208.278,
2248,483,,Point,42.37389403,-111.553239,2210.5,
2247,482,,Point,42.37388218,-111.5532471,2211.226,
2246,481,,Point,42.37388964,-111.5532255,2209.009,
2245,480,,Point,42.37390416,-111.5532033,2205.502,
2244,479,,Point,42.37390646,-111.5532152,2203.714,
2243,478,,Point,42.37391293,-111.5532203,2202.226,
2242,477,,Point,42.37392036,-111.5532263,2202.34,
2241,476,,Point,42.37392391,-111.5532281,2208.762,
2240,475,,Point,42.37391955,-111.5532263,2209.146,
2239,474,,Point,42.37392988,-111.5532366,2209.26,
2238,473,,Point,42.37394063,-111.5532418,2209.374,
2237,472,,Point,42.37394038,-111.5532438,2210.15,
2236,471,,Point,42.37394345,-111.553222,2211.724,
,470,,Point,42.37394345,-111.553222,2211.724,
,469,,Point,42.37394345,-111.553222,2211.724,
2235,468,,Point,42.37394025,-111.5532494,2212.262,
2234,467,,Point,42.37394494,-111.5532556,2208.628,
2233,466,,Point,42.37393735,-111.5533835,2212.295,
2232,465,,Point,42.37393792,-111.5533825,2212.559,
,464,,Point,42.37393792,-111.5533825,2212.559,
2231,463,,Point,42.37395208,-111.553385,2212.828,
2230,462,,Point,42.37396775,-111.5533793,2210.981,
2229,461,,Point,42.37396947,-111.5533764,2211.438,
2228,460,,Point,42.37398623,-111.5533967,2212.213,
2226,459,,Point,42.37397591,-111.553375,2211.25,
2225,458,,Point,42.373986,-111.5533883,2209.666,
2224,457,,Point,42.37398801,-111.553378,2211.083,
2223,456,,Point,42.3739948,-111.5533758,2212.186,
2222,454,,Point,42.37401705,-111.5533731,2212.78,
2221,453,,Point,42.37398587,-111.5533353,2212.016,
2220,452,,Point,42.37397727,-111.5533307,2211.963,
2219,451,,Point,42.37398455,-111.5533292,2211.446,
2218,299,,Point,42.37400024,-111.5533261,2207.288,
2217,298,,Point,42.37399096,-111.5533101,2211.361,
2216,297,,Point,42.37400008,-111.5532987,2210.493,
2215,296,,Point,42.37400499,-111.5532936,2210.108,
2214,295,,Point,42.3740215,-111.5533182,2211.002,
2213,294,,Point,42.37404399,-111.5532697,2212.211,
2212,293,,Point,42.37404906,-111.5532587,2212.324,
2210,292,,Point,42.374065,-111.5532655,2210.291,
2209,291,,Point,42.37405561,-111.5532979,2209.109,
2208,290,,Point,42.37405362,-111.5532989,2211.012,
2207,289,,Point,42.37404126,-111.5533188,2208.746,
2206,288,,Point,42.37402576,-111.553307,2212.857,
2205,287,,Point,42.37404478,-111.5533219,2212.563,
2204,286,,Point,42.3740486,-111.5533389,2211.367,
2203,285,,Point,42.37405826,-111.5533059,2210.544,
2202,284,,Point,42.37405381,-111.5532987,2211.337,
2201,283,,Point,42.37405658,-111.5532988,2210.844,
2200,282,,Point,42.37405922,-111.5532883,2211.433,
2199,281,,Point,42.37408859,-111.5532652,2210.052,
2198,280,,Point,42.37406706,-111.5533296,2210.097,
2197,279,,Point,42.37406362,-111.5533288,2210.986,
2196,278,,Point,42.37407788,-111.5533285,2207.688,
2195,277,,Point,42.3740853,-111.5533298,2205.541,
2194,276,,Point,42.37409601,-111.5533249,2209.687,
2193,275,,Point,42.37409327,-111.5533639,2211.404,
2192,274,,Point,42.37411508,-111.553318,2213.77,
2191,273,,Point,42.37409018,-111.5533515,2211.467,
2190,272,,Point,42.37408776,-111.5533318,2211.897,
2189,271,,Point,42.37407974,-111.5533135,2213.657,
2188,270,,Point,42.3740808,-111.5532995,2213.043,
2187,269,,Point,42.37409359,-111.5532803,2211.732,
2186,268,,Point,42.37408546,-111.5533001,2217.24,
2185,267,,Point,42.37408236,-111.5532901,2219.949,
2184,266,,Point,42.37410134,-111.5533074,2211.635,
2183,265,,Point,42.37410129,-111.5533082,2211.864,
2182,264,,Point,42.37411055,-111.5532983,2212.83,
2181,263,,Point,42.37411399,-111.5533105,2208.956,
2180,262,,Point,42.37411666,-111.5533067,2206.267,
2179,261,,Point,42.37411616,-111.5533048,2215.511,
2178,260,,Point,42.37411494,-111.5533037,2216.988,
2177,259,,Point,42.37412686,-111.5533369,2213.767,
2176,258,,Point,42.37412937,-111.5533379,2215.127,
2175,257,,Point,42.37412445,-111.5533377,2212.825,
2174,256,,Point,42.37412832,-111.5533304,2215.2,
2173,255,,Point,42.37413118,-111.5533174,2216.48,
2172,254,,Point,42.37413146,-111.5533213,2217.095,
2171,253,,Point,42.37413893,-111.5533077,2219.905,
2170,252,,Point,42.37420205,-111.5533495,2219.034,
2169,251,,Point,42.3741974,-111.5533454,2219.046,
2168,5261,,Point,41.40917414,-111.533557,2530.346,
2167,5107,,Point,41.40906221,-111.5335892,2535.912,
2166,5096,,Point,41.40907842,-111.5335753,2536.16,
2165,5077,,Point,41.40912178,-111.5337715,2535.473,
2164,5266,,Point,41.40911002,-111.5337481,2535.421,
2163,5250,,Point,41.40909139,-111.5337668,2537.076,
2162,5210,,Point,41.40910005,-111.5338591,2531.979,
2161,539,,Point,40.54571936,-111.0294008,2661.364,
2160,538,,Point,40.54570679,-111.0293911,2662.325,
2159,537,,Point,40.545694,-111.0293824,2663.566,
2158,536,,Point,40.54569659,-111.0293937,2662.566,
2157,535,,Point,40.54567859,-111.0294207,2660.588,
2156,534,,Point,40.54567599,-111.0294179,2660.894,
2155,533,,Point,40.54567824,-111.0294304,2660.89,
2154,532,,Point,40.54566693,-111.0294378,2660.499,
2153,531,,Point,40.54566215,-111.0294281,2657.952,
2152,530,,Point,40.54566024,-111.029423,2658.638,
2151,529,,Point,40.54566626,-111.0294198,2660.952,
2150,528,,Point,40.54566362,-111.0294101,2663.952,
2149,527,,Point,40.54566165,-111.0293923,2662.037,
2148,526,,Point,40.54568671,-111.0293766,2662.168,
2147,525,,Point,40.5456784,-111.0293732,2662.042,
2146,524,,Point,40.5456704,-111.0293665,2663.249,
2145,523,,Point,40.54565838,-111.0293592,2664.981,
2144,522,,Point,40.54564413,-111.0293943,2665.539,
2143,521,,Point,40.54564897,-111.0294157,2663.75,
2142,520,,Point,40.54565217,-111.0294101,2662.638,
2141,519,,Point,40.54564872,-111.0294144,2662.413,
2140,518,,Point,40.54558119,-111.0294161,2663.146,
2139,517,,Point,40.54557205,-111.0294139,2662.9,
2138,516,,Point,40.54558095,-111.0293928,2663.388,
2137,515,,Point,40.54556918,-111.0293875,2662.501,
2136,514,,Point,40.54555974,-111.0293995,2661.108,
2135,513,,Point,40.54555847,-111.0294063,2657.544,
2134,512,,Point,40.54557193,-111.0293744,2658.087,
2133,511,,Point,40.54557252,-111.029384,2660.599,
2132,510,,Point,40.54556019,-111.0293768,2661.547,
2131,509,,Point,40.54556223,-111.0293644,2660.205,
2130,508,,Point,40.54554696,-111.0293857,2657.797,
2129,507,,Point,40.54553782,-111.0294025,2658.512,
2128,506,,Point,40.54552377,-111.0294243,2658.514,
2127,505,,Point,40.54553193,-111.0294084,2659.311,
2126,504,,Point,40.54553577,-111.0293938,2659.347,
2125,503,,Point,40.54552762,-111.0293981,2660.527,
2124,502,,Point,40.54552439,-111.0293547,2660.463,
2123,501,,Point,40.54552105,-111.0293558,2660.866,
2122,450,,Point,40.54552908,-111.029363,2660.977,
2121,449,,Point,40.54552597,-111.029355,2663.715,
2120,448,,Point,40.54551655,-111.0293613,2662.474,
2119,447,,Point,40.54551546,-111.0293591,2660.221,
2118,446,,Point,40.54551661,-111.0293661,2661.832,
2117,445,,Point,40.54550663,-111.0293741,2660.421,
2116,444,,Point,40.54550444,-111.0293904,2659.973,
2115,443,,Point,40.54543759,-111.0293658,2662.375,
2114,442,,Point,40.54545071,-111.0293698,2662.242,
2113,441,,Point,40.54548049,-111.0294112,2662.934,
2112,440,,Point,40.54544683,-111.029397,2660.865,
2111,439,,Point,40.54545029,-111.0294066,2657.713,
2110,438,,Point,40.54543164,-111.0293979,2657.54,
2109,437,,Point,40.54543047,-111.0293984,2658.731,
2108,436,,Point,40.54544297,-111.0293884,2658.611,
2107,435,,Point,40.54543429,-111.0293659,2660.543,
2106,434,,Point,40.54540567,-111.029391,2657.921,
2105,433,,Point,40.54540627,-111.0293759,2659.957,
2104,432,,Point,40.54538553,-111.0293501,2658.297,
2103,431,,Point,40.54535007,-111.0293803,2659.834,
2102,430,,Point,40.54536766,-111.0294884,2658.631,
2101,429,,Point,40.54538779,-111.0295424,2652.591,
2100,428,,Point,40.54539867,-111.0295406,2653.693,
2099,427,,Point,40.5454143,-111.0295565,2652.944,
2098,426,,Point,40.5454022,-111.0295427,2656.224,
,425,,Point,40.5454022,-111.0295427,2656.224,
,424,,Point,40.5454022,-111.0295427,2656.224,
2097,423,,Point,40.54541155,-111.0295397,2653.782,
2096,422,,Point,40.54542342,-111.0295541,2652.435,
2095,421,,Point,40.54543901,-111.0295504,2652.135,
2094,420,,Point,40.54542828,-111.0295512,2654.354,
2093,419,,Point,40.54541033,-111.0295011,2654.501,
2092,418,,Point,40.54541895,-111.0294898,2656.356,
2091,417,,Point,40.54541419,-111.0294835,2656.125,
2090,416,,Point,40.54541053,-111.0294812,2655.809,
2089,415,,Point,40.54541214,-111.0294636,2658.031,
2088,414,,Point,40.5454102,-111.0294673,2658.396,
2087,413,,Point,40.54542071,-111.0294811,2657.544,
2086,412,,Point,40.54542581,-111.0294722,2656.64,
2085,411,,Point,40.54542406,-111.0294492,2657.358,
2084,410,,Point,40.54541699,-111.0294516,2657.913,
2083,409,,Point,40.54542604,-111.0294216,2658.789,
2082,408,,Point,40.54540508,-111.0294309,2659.058,
2081,407,,Point,40.54540363,-111.0294276,2658.63,
2080,406,,Point,40.54540461,-111.0294159,2661.201,
2079,405,,Point,40.54540552,-111.0294206,2662.415,
2078,404,,Point,40.54541063,-111.0294253,2660.02,
2077,403,,Point,40.54539831,-111.0294584,2660.493,
2076,402,,Point,40.54542337,-111.0294447,2663.395,
2075,401,,Point,40.54542458,-111.0294209,2660.436,
2074,400,,Point,40.54543668,-111.0294495,2656.502,
2073,399,,Point,40.54542551,-111.029453,2656.662,
2072,398,,Point,40.54541542,-111.0294715,2657.746,
2071,397,,Point,40.54546201,-111.0294963,2659.315,
2070,396,,Point,40.54544884,-111.0295059,2657.961,
2068,395,,Point,40.54545759,-111.0295237,2654.097,
2067,394,,Point,40.54546587,-111.0295332,2657.374,
2066,393,,Point,40.54545572,-111.029561,2655.823,
2064,392,,Point,40.5454835,-111.0295182,2655.053,
2063,391,,Point,40.54547722,-111.0295319,2658.279,
2062,390,,Point,40.5454782,-111.0295286,2655.419,
2061,389,,Point,40.54550713,-111.0295259,2649.541,
2060,388,,Point,40.54548786,-111.0295311,2650.654,
2059,387,,Point,40.54550782,-111.0295242,2653.412,
,386,,Point,40.54550782,-111.0295242,2653.412,
2058,385,,Point,40.5454978,-111.0295227,2654.209,
2057,384,,Point,40.54550297,-111.0295179,2654.257,
2056,383,,Point,40.54550518,-111.0295024,2657.692,
2055,382,,Point,40.54552054,-111.0294938,2657.367,
2054,381,,Point,40.54552293,-111.0294817,2653.29,
2053,380,,Point,40.54549941,-111.0294618,2659.571,
2052,379,,Point,40.54546236,-111.0294542,2658.563,
2051,378,,Point,40.54546166,-111.02944,2660.825,
2050,377,,Point,40.54546855,-111.0294341,2657.639,
2049,376,,Point,40.54547222,-111.0294198,2659.433,
2048,375,,Point,40.54549584,-111.0294222,2654.828,
2047,374,,Point,40.5455009,-111.029419,2654.177,
2046,373,,Point,40.5454906,-111.0294265,2655.582,
2045,372,,Point,40.54550691,-111.0294259,2655.508,
2044,371,,Point,40.54551539,-111.0294272,2654.035,
2043,370,,Point,40.54551829,-111.0294336,2657.984,
2042,369,,Point,40.5455198,-111.0294315,2657.891,
2041,367,,Point,40.54550801,-111.0294326,2657.921,
2040,368,,Point,40.54550382,-111.0294306,2658.853,
2039,366,,Point,40.54553855,-111.0294336,2657.737,
2038,365,,Point,40.54553805,-111.0294344,2657.734,
2037,364,,Point,40.54553927,-111.0294318,2658.288,
2036,363,,Point,40.54555088,-111.0294318,2656.521,
2035,362,,Point,40.54552969,-111.0294803,2658.499,
2034,361,,Point,40.54552628,-111.029484,2658.282,
2033,360,,Point,40.54555387,-111.0294796,2656.265,
2032,359,,Point,40.54557205,-111.0295124,2657.592,
2031,358,,Point,40.54555204,-111.0295425,2660.43,
2030,357,,Point,40.54556702,-111.0295051,2655.773,
2029,356,,Point,40.54554843,-111.0295264,2655.846,
2028,355,,Point,40.54555536,-111.0295334,2654.958,
2027,354,,Point,40.54557487,-111.0295152,2654.273,
2026,353,,Point,40.54557796,-111.0295138,2654.875,
2025,352,,Point,40.54557736,-111.0295113,2654.33,
2024,351,,Point,40.54563972,-111.0295476,2656.325,
2023,350,,Point,40.54563385,-111.0295549,2656.312,
2022,349,,Point,40.54565623,-111.0295714,2657.575,
2021,348,,Point,40.54561085,-111.0294985,2655.992,
2020,347,,Point,40.54559326,-111.0294967,2657.756,
2019,346,,Point,40.54559289,-111.0295212,2657.289,
2017,345,,Point,40.54558577,-111.029496,2652.403,
2016,344,,Point,40.54559202,-111.0294918,2658.181,
2015,343,,Point,40.54560264,-111.0294874,2657.467,
2014,342,,Point,40.5455868,-111.0294781,2659.021,
2013,341,,Point,40.54561323,-111.0294761,2655.93,
2012,340,,Point,40.54558269,-111.0294526,2657.425,
2011,339,,Point,40.54558272,-111.02944,2657.414,
2010,338,,Point,40.54560092,-111.029453,2659.996,
2009,337,,Point,40.54560252,-111.029456,2658.106,
2008,336,,Point,40.54562579,-111.029433,2658.626,
2007,335,,Point,40.54563658,-111.0294483,2658.205,
2006,334,,Point,40.54562695,-111.0294652,2654.964,
2005,333,,Point,40.54563066,-111.0294908,2657.497,
2004,332,,Point,40.5456338,-111.0294606,2658.925,
2003,331,,Point,40.54563749,-111.0294746,2657.878,
2002,330,,Point,40.54565791,-111.0295022,2655.822,
2001,329,,Point,40.54566098,-111.029529,2656.97,
2000,328,,Point,40.54565886,-111.0295591,2664.516,
1999,327,,Point,40.54566564,-111.0294297,2661.466,
1998,326,,Point,40.54567492,-111.0294349,2657.845,
1996,325,,Point,40.54568145,-111.0294463,2655.877,
1995,324,,Point,40.54567695,-111.0295151,2655.811,
1994,323,,Point,40.54566983,-111.0295307,2655.25,
1993,322,,Point,40.54567471,-111.0295421,2653.601,
1992,321,,Point,40.54568799,-111.0295332,2656.479,
1991,320,,Point,40.54569483,-111.0295197,2657.519,
,319,,Point,40.54569483,-111.0295197,2657.519,
1990,318,,Point,40.54573651,-111.0295224,2660.314,
1989,317,,Point,40.54572271,-111.0295125,2658.523,
1988,316,,Point,40.54572714,-111.029455,2661.99,
1987,315,,Point,40.54571522,-111.029468,2660.85,
1986,314,,Point,40.54571632,-111.0295615,2660.32,
1985,313,,Point,40.54571373,-111.0295492,2655.222,
1984,312,,Point,40.54569255,-111.0295639,2659.993,
1983,311,,Point,40.54568028,-111.0295593,2661.883,
1982,310,,Point,40.54567377,-111.0295594,2661.444,
1981,309,,Point,40.54567188,-111.0295778,2655.254,
1980,308,,Point,40.54563797,-111.0295636,2655.113,
1979,307,,Point,40.54564779,-111.0295485,2655.702,
1978,306,,Point,40.54563165,-111.0295893,2657.885,
1977,305,,Point,40.54565946,-111.0295663,2651.998,
1976,304,,Point,40.54566043,-111.0295614,2651.487,
1975,303,,Point,40.54569392,-111.0296161,2650.659,
1974,302,,Point,40.54567163,-111.0296186,2653.53,
1973,301,,Point,40.54565721,-111.0296241,2657.141,
1972,300,,Point,40.54566171,-111.0296314,2658.823,
,250,,Point,40.54566171,-111.0296314,2658.823,
1971,249,,Point,40.54563748,-111.0296252,2657.06,
1970,248,,Point,40.54562625,-111.0296245,2653.936,
,247,,Point,40.54562625,-111.0296245,2653.936,
1969,246,,Point,40.54563969,-111.0296249,2653.857,
1968,245,,Point,40.54562602,-111.0296086,2651.268,
1967,244,,Point,40.54562747,-111.0295873,2649.992,
1966,243,,Point,40.54559977,-111.029595,2650.04,
1965,242,,Point,40.54559359,-111.0295708,2651.656,
1964,241,,Point,40.54560321,-111.0295623,2651.876,
1963,240,,Point,40.54560877,-111.0295673,2649.948,
1962,238,,Point,40.54559605,-111.0295827,2650.372,
1961,239,,Point,40.54561566,-111.0295662,2653.336,
1960,237,,Point,40.5456282,-111.0295762,2652.6,
1959,236,,Point,40.54562219,-111.0295604,2653.397,
1958,235,,Point,40.54562996,-111.0295662,2653.39,
,234,,Point,40.54562996,-111.0295662,2653.39,
1957,233,,Point,40.54560865,-111.0295592,2653.752,
1956,232,,Point,40.5456134,-111.0295555,2654.569,
1955,231,,Point,40.54560566,-111.0295653,2654.051,
1954,230,,Point,40.54560307,-111.0295824,2654.149,
1952,229,,Point,40.54558291,-111.0295562,2655.185,
1951,228,,Point,40.54558044,-111.0295442,2656.503,
1950,227,,Point,40.54559217,-111.0295851,2655.131,
1949,226,,Point,40.54558539,-111.0295643,2653.831,
1948,225,,Point,40.54557965,-111.0295635,2653.333,
1947,224,,Point,40.54558253,-111.0295517,2654.569,
1946,223,,Point,40.54557893,-111.0295589,2654.334,
1945,222,,Point,40.54558619,-111.0295605,2652.993,
1944,221,,Point,40.54557493,-111.0295613,2652.899,
1943,220,,Point,40.54556658,-111.0295618,2653.798,
1942,219,,Point,40.54556955,-111.0295801,2652.645,
1941,218,,Point,40.54557133,-111.0295768,2653.954,
1940,217,,Point,40.54556118,-111.0295797,2652.125,
1939,216,,Point,40.54557307,-111.0295829,2652.288,
1938,215,,Point,40.54556618,-111.0295926,2654.496,
1937,214,,Point,40.54557237,-111.0296186,2648.69,
1936,213,,Point,40.54552635,-111.029667,2649.081,
1935,212,,Point,40.54553389,-111.0296328,2648.85,
1934,211,,Point,40.54554187,-111.029626,2653.328,
1933,210,,Point,40.54553191,-111.0296263,2649.936,
1932,209,,Point,40.54552301,-111.0296223,2651.448,
1931,208,,Point,40.54553346,-111.0296103,2650.212,
1930,207,,Point,40.54553983,-111.029604,2652.771,
1929,206,,Point,40.54555961,-111.0296116,2651.454,
1928,205,,Point,40.54555073,-111.0296081,2652.017,
1927,204,,Point,40.54554715,-111.0296001,2653.157,
1926,203,,Point,40.54555187,-111.029602,2657.419,
1925,202,,Point,40.54553867,-111.0296048,2652.151,
1924,201,,Point,40.54553627,-111.029586,2651.587,
1923,200,,Point,40.54550842,-111.0296051,2652.061,
1922,199,,Point,40.54550216,-111.0295846,2652.081,
1921,198,,Point,40.54547003,-111.0295592,2650.752,
1920,197,,Point,40.54547435,-111.029557,2651.856,
1919,196,,Point,40.54546005,-111.029568,2651.427,
1918,195,,Point,40.54546428,-111.0295941,2651.34,
,194,,Point,40.54546428,-111.0295941,2651.34,
1917,193,,Point,40.54547306,-111.0296264,2650.59,
1916,192,,Point,40.54546546,-111.0296115,2649.751,
1915,191,,Point,40.54546678,-111.0296022,2646.76,
1914,190,,Point,40.54546742,-111.0296417,2656.894,
1913,189,,Point,40.54546405,-111.0296423,2655.096,
1912,188,,Point,40.54547758,-111.0296385,2651.465,
1911,187,,Point,40.54547316,-111.0296418,2652.737,
1910,186,,Point,40.54548342,-111.0296393,2649.468,
1909,185,,Point,40.54547159,-111.0296527,2649.803,
1908,184,,Point,40.54545364,-111.0296618,2645.92,
1907,183,,Point,40.54545783,-111.0296569,2646.839,
1906,182,,Point,40.54543687,-111.029646,2651.447,
1905,181,,Point,40.54543192,-111.0296376,2650.113,
1904,180,,Point,40.54542467,-111.029645,2651.624,
1903,179,,Point,40.54543658,-111.0295824,2652.364,
1902,178,,Point,40.5454415,-111.029575,2653.724,
1901,177,,Point,40.54542802,-111.0295647,2652.364,
1900,176,,Point,40.54544443,-111.0295811,2653.461,
,175,,Point,40.54544443,-111.0295811,2653.461,
1899,174,,Point,40.54543774,-111.029578,2651.242,
,173,,Point,40.54543774,-111.029578,2651.242,
1898,172,,Point,40.54543388,-111.0295951,2652.918,
1897,170,,Point,40.54542508,-111.0296257,2651.227,
,171,,Point,40.54542508,-111.0296257,2651.227,
1896,169,,Point,40.54540317,-111.0296403,2653.598,
1895,168,,Point,40.54539834,-111.0296138,2649.14,
1894,166,,Point,40.54540624,-111.0296173,2650.356,
1893,165,,Point,40.54540502,-111.0296306,2650.667,
1892,164,,Point,40.54540522,-111.029636,2650.82,
1891,163,,Point,40.54539509,-111.0296555,2647.47,
1890,162,,Point,40.54538088,-111.0296501,2650.698,
1889,161,,Point,40.54538501,-111.0296239,2650.986,
1888,160,,Point,40.54537731,-111.0295936,2650.329,
1887,159,,Point,40.54536014,-111.0296209,2647.869,
1886,158,,Point,40.54535551,-111.0296194,2648.235,
1885,157,,Point,40.54535224,-111.0296212,2649.687,
1884,156,,Point,40.54534128,-111.0296314,2651.497,
1883,155,,Point,40.54535237,-111.0296278,2651.98,
1882,154,,Point,40.54534665,-111.0296454,2650.586,
1881,153,,Point,40.54534725,-111.0296729,2652.38,
1880,152,,Point,40.54534701,-111.0296686,2652.469,
1879,151,,Point,40.54540859,-111.029779,2644.735,
1878,150,,Point,40.54538047,-111.0297843,2645.846,
1877,149,,Point,40.54536091,-111.0298026,2650.604,
1876,148,,Point,40.5453559,-111.0297944,2650.729,
1875,147,,Point,40.54536108,-111.029787,2649.553,
1874,146,,Point,40.54535833,-111.0297716,2646.971,
1873,145,,Point,40.54537219,-111.0297698,2642.67,
1872,144,,Point,40.54537653,-111.0297754,2643.771,
1871,143,,Point,40.54537059,-111.0297781,2647.118,
1870,142,,Point,40.54536732,-111.0297509,2645.878,
1868,141,,Point,40.54536252,-111.0297625,2647.055,
1867,140,,Point,40.5453718,-111.0297457,2647.486,
1866,139,,Point,40.54537087,-111.0297492,2647.104,
1865,138,,Point,40.54538234,-111.029763,2648.287,
1864,137,,Point,40.54539577,-111.0297343,2646.168,
1863,136,,Point,40.54537533,-111.0297293,2646.708,
1862,135,,Point,40.54536453,-111.0296826,2647.234,
1861,134,,Point,40.54540944,-111.0297226,2647.478,
1860,133,,Point,40.54542037,-111.0297163,2646.072,
1859,132,,Point,40.54540551,-111.0297216,2647.224,
1858,131,,Point,40.54541003,-111.0297057,2649.214,
1857,130,,Point,40.54539019,-111.0297115,2648.559,
1856,129,,Point,40.54539066,-111.029707,2648.008,
1855,128,,Point,40.54539003,-111.0296997,2648.496,
1854,127,,Point,40.54537712,-111.0297057,2648.836,
1853,126,,Point,40.54538012,-111.0297066,2648.585,
1852,125,,Point,40.54539572,-111.0297135,2646.657,
1851,124,,Point,40.54538033,-111.0297176,2647.115,
1850,123,,Point,40.54537887,-111.0297224,2647.915,
1849,122,,Point,40.54538628,-111.029769,2646.87,
1848,121,,Point,40.54539669,-111.0297461,2646.933,
1847,120,,Point,40.54540118,-111.0297345,2645.675,
1846,119,,Point,40.54539191,-111.0297369,2645.899,
1845,118,,Point,40.54542096,-111.0297519,2650.889,
1844,117,,Point,40.54539627,-111.0297435,2646.344,
1843,116,,Point,40.54540052,-111.0297621,2652.682,
1842,115,,Point,40.54542364,-111.0297682,2647.752,
1841,114,,Point,40.54541632,-111.0297999,2645.94,
1840,113,,Point,40.54540983,-111.0298068,2647.378,
1839,112,,Point,40.54540485,-111.0298079,2646.443,
1838,111,,Point,40.54541655,-111.0297933,2643.964,
1837,110,,Point,40.54541842,-111.0298105,2647.515,
1836,109,,Point,40.54540942,-111.0298065,2647.299,
1835,108,,Point,40.54541261,-111.0298042,2647.056,
1834,107,,Point,40.54541454,-111.0298064,2646.425,
1833,106,,Point,40.54541288,-111.0298071,2645.915,
1832,105,,Point,40.54541457,-111.0298244,2647.932,
1831,104,,Point,40.54541215,-111.0298314,2648.114,
1830,103,,Point,40.5454553,-111.0298498,2644.931,
1829,102,,Point,40.54546178,-111.0298448,2645.147,
1828,101,,Point,40.54547297,-111.0298354,2646.194,
1827,100,,Point,40.54545895,-111.0298001,2645.448,
1826,99,,Point,40.54545976,-111.0298007,2646.329,
1825,98,,Point,40.54545744,-111.0297802,2645.924,
1824,97,,Point,40.5454705,-111.0297755,2646.744,
1823,96,,Point,40.54547544,-111.0297714,2648.184,
1822,95,,Point,40.54547208,-111.0297872,2648.66,
1821,94,,Point,40.54545833,-111.0298028,2648.119,
1820,93,,Point,40.5454613,-111.0298076,2647.661,
1819,92,,Point,40.5454592,-111.0298059,2649.781,
1818,91,,Point,40.5454746,-111.0298015,2648.844,
1817,90,,Point,40.54548172,-111.0298003,2648.734,
1816,89,,Point,40.54548696,-111.0297958,2646.207,
1815,88,,Point,40.54548992,-111.029786,2646.681,
1814,87,,Point,40.54546985,-111.0298036,2646.415,
1813,86,,Point,40.54547808,-111.0298121,2648.712,
1812,85,,Point,40.5454855,-111.0298036,2646.949,
1811,84,,Point,40.54548462,-111.0298015,2645.853,
1810,83,,Point,40.54547954,-111.0298045,2647.158,
1809,82,,Point,40.54547715,-111.0298152,2648.286,
1808,81,,Point,40.54547749,-111.0298063,2648.444,
1807,80,,Point,40.54549781,-111.0297765,2646.816,
1806,79,,Point,40.54548667,-111.0298043,2645.916,
1805,78,,Point,40.54549604,-111.0297994,2647.378,
1804,77,,Point,40.54549396,-111.0298117,2647.156,
1803,76,,Point,40.54549039,-111.0298034,2647.941,
1802,37,,Point,40.54550463,-111.0298017,2644.915,
1801,36,,Point,40.54552562,-111.0298033,2646.757,
1800,689,,Point,40.54553176,-111.0298023,2645.94,
1799,485,,Point,40.54551311,-111.0298426,2646.431,
1798,75,,Point,40.54553205,-111.0298312,2645.112,
1797,74,,Point,40.54553738,-111.029835,2645.1,
1796,73,,Point,40.54554696,-111.0298263,2644.835,
1795,72,,Point,40.54555658,-111.0298023,2645.547,
1794,71,,Point,40.54555195,-111.0297921,2645.462,
1793,70,,Point,40.54554402,-111.029818,2648.21,
1792,69,,Point,40.54546672,-111.0297345,2650.041,
1791,68,,Point,40.5454609,-111.0297175,2648.62,
1790,67,,Point,40.54547071,-111.0297101,2648.042,
1789,66,,Point,40.54543109,-111.0297032,2650.503,
1788,65,,Point,40.54543115,-111.029703,2649.634,
1787,64,,Point,40.54542952,-111.029704,2649.067,
1786,63,,Point,40.54545307,-111.0296572,2647.081,
1785,62,,Point,40.545451,-111.0296946,2650.549,
1784,61,,Point,40.54543512,-111.0296826,2650.451,
,60,,Point,40.54543512,-111.0296826,2650.451,
1783,59,,Point,40.54544909,-111.0296745,2650.016,
1782,58,,Point,40.54545957,-111.0296734,2651.114,
1781,57,,Point,40.54546014,-111.0296595,2652.272,
1780,56,,Point,40.54547538,-111.0296567,2648.995,
1779,55,,Point,40.54547605,-111.0296671,2647.684,
1778,54,,Point,40.54548221,-111.0296756,2647.68,
1777,53,,Point,40.54547904,-111.0296882,2648.679,
1776,52,,Point,40.54548552,-111.0296948,2649.036,
1775,51,,Point,40.54547871,-111.029669,2648.631,
1774,50,,Point,40.54547656,-111.0296748,2653.279,
,49,,Point,40.54547656,-111.0296748,2653.279,
1773,48,,Point,40.54549665,-111.029657,2652.098,
1772,47,,Point,40.54550167,-111.0297453,2650.228,
1771,46,,Point,40.54550968,-111.0297509,2649.282,
1770,45,,Point,40.54551721,-111.0297332,2647.196,
1769,44,,Point,40.54553263,-111.0297263,2644.414,
1768,43,,Point,40.54551757,-111.029749,2652.582,
1767,42,,Point,40.54552973,-111.0297176,2648.452,
1766,41,,Point,40.54553278,-111.0297163,2648.2,
1765,40,,Point,40.54555766,-111.0297382,2648.586,
1764,39,,Point,40.54555321,-111.029754,2649.203,
1763,38,,Point,40.54555388,-111.0297912,2651.036,
1760,35,,Point,40.54556933,-111.0297503,2648.174,
1759,34,,Point,40.54558166,-111.0297405,2647.187,
1758,33,,Point,40.54556277,-111.0297385,2646.896,
1757,32,,Point,40.5455684,-111.0297288,2648.825,
1756,31,,Point,40.54550172,-111.02969,2650.687,
1755,30,,Point,40.54552867,-111.0296839,2647.046,
1754,29,,Point,40.54556212,-111.0296552,2649.086,
1753,28,,Point,40.5455595,-111.0296562,2649.812,
1752,27,,Point,40.54557784,-111.0297017,2650.459,
1751,26,,Point,40.5455722,-111.0296894,2648.581,
1750,25,,Point,40.54557949,-111.0296979,2649.286,
1749,24,,Point,40.54558459,-111.029695,2648.211,
1748,23,,Point,40.54557666,-111.0296948,2650.399,
1747,22,,Point,40.54557313,-111.02968,2651.032,
1746,21,,Point,40.54559082,-111.0296748,2650.631,
1745,20,,Point,40.54559479,-111.0296828,2649.737,
1744,19,,Point,40.54559801,-111.0296768,2647.527,
1743,18,,Point,40.54559455,-111.0296697,2647.273,
1742,17,,Point,40.54560752,-111.0296753,2648.231,
1741,16,,Point,40.54559409,-111.0297012,2651.205,
1740,14,,Point,40.54560236,-111.0297297,2648.889,
1739,15,,Point,40.54560461,-111.0297213,2647.422,
1738,13,,Point,40.54561299,-111.0297246,2646.774,
1737,12,,Point,40.5456022,-111.0297271,2654.047,
1736,11,,Point,40.54563009,-111.0297365,2647.074,
1735,10,,Point,40.54561687,-111.0297629,2649.4,
1734,9,,Point,40.54562854,-111.0297687,2642.422,
1733,8,,Point,40.54562322,-111.0297722,2648.387,
1732,7,,Point,40.54561669,-111.0298044,2648.23,
1731,6,,Point,40.54562612,-111.0297703,2649.557,
1730,5,,Point,40.54562537,-111.0297741,2648.466,
1729,4,,Point,40.54563151,-111.0297579,2652.059,
1728,3,,Point,40.54562923,-111.0297749,2650.955,
1727,2,,Point,40.54562734,-111.0297622,2646.393,
1726,1,,Point,40.54562739,-111.0297842,2646.865,
1725,700,,Point,40.54565655,-111.0297621,2645.756,
1724,699,,Point,40.54565346,-111.029756,2644.91,
1722,698,,Point,40.54563644,-111.0297761,2648.918,
1721,696,,Point,40.54562999,-111.0297859,2650.503,
1720,695,,Point,40.54562613,-111.0297889,2650.755,
1719,695,,Point,40.54562654,-111.0297899,2650.982,
1718,695,,Point,40.54562667,-111.0297903,2651.053,
1717,694,,Point,40.54563115,-111.0297859,2650.865,
1716,693,,Point,40.54563169,-111.0297627,2650.856,
1715,692,,Point,40.54563114,-111.0297174,2648.246,
1714,691,,Point,40.5456303,-111.0297123,2648.979,
1713,690,,Point,40.54562883,-111.0297084,2649.759,
1711,688,,Point,40.54563524,-111.0296822,2649.127,
1710,687,,Point,40.54563994,-111.0296876,2646.765,
1709,686,,Point,40.54562199,-111.0296936,2641.986,
1708,685,,Point,40.54562585,-111.029698,2649.946,
1706,684,,Point,40.54560357,-111.0296516,2650.168,
1704,683,,Point,40.54559738,-111.0296529,2650.282,
1703,682,,Point,40.54559118,-111.0296725,2653.201,
1702,681,,Point,40.5456096,-111.0296619,2651.361,
1701,680,,Point,40.5456244,-111.0296719,2650.797,
1699,679,,Point,40.54561403,-111.0296697,2652.424,
1698,678,,Point,40.54563784,-111.0296414,2651.943,
1697,677,,Point,40.54567399,-111.0296519,2651.242,
1696,676,,Point,40.54567799,-111.0296583,2653.086,
1695,675,,Point,40.54568512,-111.0296559,2650.183,
1694,674,,Point,40.54567849,-111.0296365,2652.354,
1693,673,,Point,40.54569116,-111.0296448,2653.2,
1692,672,,Point,40.54570722,-111.0296514,2653.629,
1691,671,,Point,40.54571094,-111.0296431,2653.847,
1690,670,,Point,40.54570774,-111.0296519,2650.789,
1689,669,,Point,40.54570204,-111.0296569,2653.798,
1688,668,,Point,40.54569768,-111.0296613,2653.514,
1687,667,,Point,40.54568845,-111.0296686,2651.685,
1686,666,,Point,40.54569626,-111.0296782,2653.827,
1685,665,,Point,40.54570829,-111.0296825,2650.876,
1684,664,,Point,40.54573442,-111.0296932,2651.312,
1683,663,,Point,40.545729,-111.0296924,2651.181,
1682,662,,Point,40.54570209,-111.0296857,2649.592,
1681,661,,Point,40.54569379,-111.0296835,2647.753,
1680,660,,Point,40.54568567,-111.029684,2648.124,
1679,659,,Point,40.54567885,-111.0296777,2648.891,
1678,658,,Point,40.54567771,-111.0296873,2645.297,
,657,,Point,40.54567771,-111.0296873,2645.297,
1677,656,,Point,40.54566772,-111.0297019,2645.943,
1676,655,,Point,40.54566366,-111.0297128,2649.774,
1675,654,,Point,40.5456654,-111.0297278,2645.742,
1674,653,,Point,40.54568724,-111.0297383,2643.068,
1673,652,,Point,40.54568181,-111.0297327,2648.916,
1672,651,,Point,40.54568573,-111.0297521,2650.407,
1671,650,,Point,40.54568484,-111.0297504,2649.247,
1670,500,,Point,40.54568949,-111.029762,2646.932,
1669,499,,Point,40.54571993,-111.029734,2648.54,
1668,498,,Point,40.54571848,-111.0297092,2650.528,
1667,497,,Point,40.54572051,-111.0297007,2652.942,
1666,496,,Point,40.5457207,-111.029697,2653.007,
1665,1259,,Point,40.54568136,-111.0297617,2648.31,
1664,495,,Point,40.54573749,-111.0296841,2651.65,
1663,494,,Point,40.54574152,-111.0296729,2654.204,
1662,493,,Point,40.54573944,-111.0296365,2651.409,
1661,492,,Point,40.54575332,-111.0296834,2652.136,
1660,491,,Point,40.545775,-111.0297015,2651.536,
1659,490,,Point,40.5457789,-111.0296971,2653.843,
1658,489,,Point,40.54578513,-111.0296959,2652.308,
1657,488,,Point,40.54579158,-111.0296992,2653.134,
1656,487,,Point,40.54570601,-111.0297833,2647.625,
1655,486,,Point,40.54572725,-111.0298086,2649.516,
1653,484,,Point,40.54573506,-111.0297981,2650.579,
1652,483,,Point,40.54573879,-111.029794,2647.849,
1651,1300,,Point,40.54572835,-111.0298074,2648.522,
1650,1299,,Point,40.54566416,-111.0298362,2646.33,
1649,1298,,Point,40.54568757,-111.0298036,2647.442,
1648,1297,,Point,40.54568287,-111.0298121,2646.836,
1647,1296,,Point,40.54568265,-111.0298122,2645.524,
1646,1295,,Point,40.54567694,-111.0298454,2649.63,
1645,1294,,Point,40.54566887,-111.0298738,2648.48,
1644,1293,,Point,40.54567884,-111.0298279,2645.54,
1643,1292,,Point,40.54568336,-111.0298431,2645.704,
1642,1291,,Point,40.54569661,-111.0298613,2647.57,
1641,1290,,Point,40.54569191,-111.029818,2645.305,
1639,1289,,Point,40.54569231,-111.0298277,2645.502,
1638,1288,,Point,40.54570068,-111.0298238,2645.437,
1637,1287,,Point,40.5457039,-111.0298351,2646.425,
1636,1286,,Point,40.54570804,-111.0298257,2646.29,
1635,1285,,Point,40.54571654,-111.0298372,2647.77,
1634,1284,,Point,40.54572251,-111.0298467,2647.117,
1633,1283,,Point,40.54573488,-111.0298319,2646.998,
1632,1282,,Point,40.54574976,-111.0298512,2646.423,
1631,1281,,Point,40.54574518,-111.0298306,2646.205,
1630,1280,,Point,40.54575397,-111.0298265,2645.236,
1629,1279,,Point,40.54576838,-111.029846,2646.819,
1628,1278,,Point,40.54576513,-111.0298466,2647.139,
1627,1277,,Point,40.54576023,-111.0298673,2649.526,
1626,1276,,Point,40.54576169,-111.0298551,2646.807,
1625,1275,,Point,40.54575637,-111.0298673,2646.256,
1624,1274,,Point,40.54578226,-111.0298657,2645.91,
1623,1273,,Point,40.54577262,-111.0298863,2644.001,
1622,1272,,Point,40.54577594,-111.0298873,2642.547,
1621,1271,,Point,40.54575026,-111.029902,2647.548,
1620,1270,,Point,40.54576391,-111.0299041,2645.718,
1619,1269,,Point,40.54576468,-111.0299044,2645.954,
1618,1268,,Point,40.54577155,-111.0299085,2645.361,
1617,1267,,Point,40.54576319,-111.029919,2647.252,
1616,1266,,Point,40.54577998,-111.0299019,2644.081,
1615,1265,,Point,40.54579427,-111.0299185,2644.179,
1614,1264,,Point,40.54578816,-111.0299297,2644.449,
1613,1263,,Point,40.54578418,-111.0299262,2641.974,
1612,1262,,Point,40.5457664,-111.0299289,2646.271,
1611,1261,,Point,40.54576877,-111.0299441,2638.736,
1610,1260,,Point,40.545746,-111.0299594,2641.164,
1608,1258,,Point,40.54574281,-111.0299585,2639.756,
1607,1257,,Point,40.54575678,-111.0299439,2644.773,
1606,1256,,Point,40.54574634,-111.0299296,2645.85,
1605,1255,,Point,40.54574383,-111.0299124,2646.879,
1604,1254,,Point,40.54575164,-111.0299161,2646.123,
1603,1253,,Point,40.54574677,-111.0298891,2643.748,
1602,1252,,Point,40.54574608,-111.02989,2643.753,
1601,1251,,Point,40.5457146,-111.0298898,2643.394,
1600,1250,,Point,40.54572145,-111.0299015,2645.699,
1599,1249,,Point,40.54572458,-111.0299081,2645.072,
1598,1248,,Point,40.54571188,-111.0299522,2643.047,
1597,1247,,Point,40.54569903,-111.0299386,2642.775,
1596,1246,,Point,40.54570863,-111.0299279,2645.176,
1594,1245,,Point,40.54566311,-111.029895,2644.623,
1593,1244,,Point,40.54565461,-111.0299079,2643.68,
1592,1242,,Point,40.54565377,-111.0298948,2642.732,
1591,1241,,Point,40.54564402,-111.0299038,2645.453,
1590,1240,,Point,40.54562292,-111.0299243,2645.345,
1589,1239,,Point,40.54562341,-111.0299376,2644.594,
1588,1238,,Point,40.54562497,-111.0299483,2644.327,
,1237,,Point,40.54562497,-111.0299483,2644.327,
1587,1236,,Point,40.5456225,-111.0299691,2643.835,
1586,1235,,Point,40.54561103,-111.0299696,2645.664,
1585,1234,,Point,40.54563239,-111.029954,2647.278,
1584,298,,Point,40.54555644,-111.0298646,2644.767,
1583,296,,Point,40.54554146,-111.0298844,2643.718,
1582,294,,Point,40.54554394,-111.0298824,2645.362,
1581,292,,Point,40.5455333,-111.0298755,2642.509,
1580,291,,Point,40.54552674,-111.029871,2643.463,
1579,290,,Point,40.54549138,-111.0298667,2645.632,
1578,289,,Point,40.54549706,-111.0298657,2646.896,
1577,288,,Point,40.54549283,-111.0298748,2645.732,
1576,287,,Point,40.54535493,-111.0298672,2648.881,
1575,286,,Point,40.54537872,-111.0298641,2645.695,
1574,285,,Point,40.54537234,-111.0298829,2645.127,
1573,284,,Point,40.54536558,-111.0298913,2642.766,
1572,283,,Point,40.54536715,-111.0298831,2640.193,
1571,282,,Point,40.54537058,-111.0298886,2639.94,
1570,281,,Point,40.54537789,-111.0298956,2638.356,
1569,280,,Point,40.5453751,-111.0299054,2639.457,
1568,279,,Point,40.54537991,-111.0299,2642.197,
1567,278,,Point,40.54537707,-111.0299044,2643.453,
1566,277,,Point,40.54538615,-111.0298964,2640.831,
1565,276,,Point,40.54537988,-111.0298885,2641.176,
1564,751,,Point,40.54537298,-111.0298804,2643.315,
1563,747,,Point,40.54540017,-111.0299288,2642.353,
1562,743,,Point,40.54539774,-111.0299005,2642.813,
1561,744,,Point,40.5453982,-111.0299069,2643.123,
1560,753,,Point,40.54540961,-111.0299101,2642.37,
1559,752,,Point,40.54541476,-111.0298807,2642.161,
1558,748,,Point,40.54545762,-111.0298715,2645.314,
1557,750,,Point,40.54545255,-111.0298661,2646.184,
1556,749,,Point,40.54545984,-111.0298649,2646.156,
1555,167,,Point,40.54545611,-111.0299296,2643.389,
1554,746,,Point,40.54546652,-111.0298933,2642.854,
1553,745,,Point,40.54544047,-111.0298901,2643.769,
1551,742,,Point,40.54547047,-111.0299062,2644.619,
1550,741,,Point,40.54547978,-111.0299032,2638.275,
1549,44,,Point,41.93343214,-111.5717477,2061.643,
1548,43,,Point,41.93349054,-111.5717384,2060.394,
1547,42,,Point,41.93340801,-111.5717344,2060.228,
1546,41,,Point,41.933416,-111.5717295,2058.332,
1545,40,,Point,41.93341955,-111.5717344,2058.06,
1544,39,,Point,41.93342085,-111.571725,2058.141,
1543,38,,Point,41.93340991,-111.5717425,2059.476,
1542,37,,Point,41.93341203,-111.5717457,2059.748,
1541,36,,Point,41.9334156,-111.5717429,2059.946,
1540,35,,Point,41.93341665,-111.5717446,2060.008,
1539,34,,Point,41.93341397,-111.5717555,2060.161,
1538,33,,Point,41.93341997,-111.5717529,2060.084,
1537,32,,Point,41.93341994,-111.5717529,2060.038,
1536,31,,Point,41.93342264,-111.571747,2060.234,
1535,30,,Point,41.93342452,-111.5717473,2059.996,
1534,29,,Point,41.93342325,-111.5717417,2059.515,
1533,28,,Point,41.93358569,-111.5716126,2058.349,
1532,27,,Point,41.9335791,-111.5716088,2058.642,
1531,26,,Point,41.93358009,-111.5716214,2058.38,
1530,25,,Point,41.933584,-111.5716189,2058.339,
1529,24,,Point,41.9335854,-111.5716242,2058.87,
1528,23,,Point,41.93358028,-111.5716234,2056.958,
1527,22,,Point,41.93358388,-111.5716313,2056.827,
1525,21,,Point,41.93359158,-111.5716405,2057.037,
1524,20,,Point,41.93358836,-111.5716139,2057.041,
1523,19,,Point,41.93361126,-111.5715843,2056.573,
1521,18,,Point,41.93361304,-111.5715829,2056.618,
1520,17,,Point,41.9336012,-111.5717196,2059.376,
1519,16,,Point,41.93359336,-111.5717039,2058.823,
1518,15,,Point,41.933586,-111.5716938,2058.134,
1516,14,,Point,41.93359876,-111.5716924,2060.349,
1515,13,,Point,41.93358613,-111.5717023,2060.306,
1514,12,,Point,41.93357527,-111.5716976,2060.396,
1512,11,,Point,41.93358681,-111.5716717,2058.349,
1511,10,,Point,41.93358456,-111.5716732,2057.678,
1510,9,,Point,41.93358354,-111.5716863,2060.23,
1509,8,,Point,41.93355672,-111.5716709,2059.171,
1508,7,,Point,41.93356471,-111.5716576,2057.963,
1507,6,,Point,41.93355818,-111.571642,2057.069,
1506,5,,Point,41.93355778,-111.5716249,2058.578,
1505,4,,Point,41.93349308,-111.5716769,2059.292,
1504,2,,Point,41.93354151,-111.5716726,2056.291,
1503,3,,Point,41.93351963,-111.5716724,2057.646,
1502,1,,Point,41.93352167,-111.5716807,2059.24,
1501,7320,,Point,41.93352595,-111.5716917,2059.373,
1500,7328,,Point,41.93353988,-111.5716957,2057.962,
1499,7323,,Point,41.93353073,-111.5716974,2058.856,
1498,7197,,Point,41.93356933,-111.5717,2061.469,
1497,7038,,Point,41.93355466,-111.5717,2061.443,
1495,7119,,Point,41.93355401,-111.5717094,2060.875,
1493,7077,,Point,41.93355135,-111.5717067,2061.69,
1491,7074,,Point,41.9335582,-111.571715,2060.851,
1490,7075,,Point,41.93355398,-111.5717134,2061.03,
1489,7056,,Point,41.93355017,-111.5717127,2060.664,
1488,7010,,Point,41.93355109,-111.5717239,2060.097,
1487,7020,,Point,41.93354603,-111.5717212,2059.793,
1486,7005,,Point,41.9335433,-111.5717242,2059.306,
1485,7003,,Point,41.93355151,-111.5717355,2059.894,
1484,7019,,Point,41.93354898,-111.5717262,2060.142,
1483,7011,,Point,41.9335504,-111.5717236,2059.759,
1482,7021,,Point,41.93356261,-111.5717307,2060.624,
1481,7035,,Point,41.93356275,-111.5717325,2061.98,
1480,7006,,Point,41.93355664,-111.5717492,2059.311,
1479,7025,,Point,41.93356137,-111.5717522,2056.819,
1478,7015,,Point,41.93356555,-111.5717565,2057.626,
1477,7500,,Point,41.93357402,-111.571717,2063.806,
,7499,,Point,41.93357402,-111.571717,2063.806,
1476,7498,,Point,41.93359582,-111.5717617,2058.721,
1475,7497,,Point,41.933616,-111.5717518,2058.535,
1474,7496,,Point,41.9337359,-111.5717584,2057.963,
1473,7495,,Point,41.93372758,-111.571747,2059.323,
1472,7494,,Point,41.93379195,-111.5717414,2059.625,
1471,7493,,Point,41.9338112,-111.5717762,2059.007,
1470,7492,,Point,41.93381235,-111.5717662,2057.648,
1469,7491,,Point,41.93381376,-111.5717488,2057.214,
1468,7490,,Point,41.93381651,-111.5717301,2058.038,
1467,7489,,Point,41.93380634,-111.5717085,2059.336,
,7488,,Point,41.93380634,-111.5717085,2059.336,
,7487,,Point,41.93380634,-111.5717085,2059.336,
1466,7486,,Point,41.93380293,-111.5716942,2059.032,
,7485,,Point,41.93380293,-111.5716942,2059.032,
1465,7484,,Point,41.93381943,-111.5716852,2058.116,
1464,7483,,Point,41.9338042,-111.5716773,2059.31,
1463,7482,,Point,41.93380728,-111.5716609,2057.876,
1462,7481,,Point,41.93379692,-111.5716484,2057.308,
1461,7480,,Point,41.93377117,-111.5716064,2056.328,
1460,7479,,Point,41.93376842,-111.5716121,2056.28,
1459,7478,,Point,41.93377379,-111.5716118,2055.63,
1458,7477,,Point,41.93377375,-111.5716198,2056.833,
1457,7476,,Point,41.9337758,-111.5716249,2055.808,
1456,7475,,Point,41.93375293,-111.571633,2057.788,
1455,7474,,Point,41.93377333,-111.5716656,2055.686,
1454,7473,,Point,41.93377328,-111.5716514,2058.425,
1453,7472,,Point,41.93378464,-111.5716874,2058.424,
1452,7471,,Point,41.93376461,-111.571674,2058.397,
1451,7470,,Point,41.9337514,-111.5716466,2056.744,
1450,7469,,Point,41.93374557,-111.5716521,2056.915,
1449,7468,,Point,41.93373812,-111.571659,2059.282,
1448,7467,,Point,41.93374349,-111.5716816,2058.261,
1447,7466,,Point,41.93372124,-111.5716705,2058.522,
1446,7465,,Point,41.93371292,-111.5716903,2057.516,
1445,7464,,Point,41.93371719,-111.5717424,2059.215,
1444,7463,,Point,41.93370134,-111.5717302,2059.601,
1442,7462,,Point,41.93371056,-111.5717141,2059.874,
1441,7461,,Point,41.93369646,-111.5717248,2058.585,
1440,7460,,Point,41.93370305,-111.571751,2059.211,
1439,7459,,Point,41.9337001,-111.5717511,2057.755,
1438,7458,,Point,41.93369285,-111.5717292,2059.154,
1437,7457,,Point,41.93368989,-111.5717292,2058.41,
1436,7456,,Point,41.93367753,-111.5716982,2057.978,
1435,7455,,Point,41.93365431,-111.5717252,2058.624,
1434,7454,,Point,41.93363822,-111.5717142,2058.984,
1433,7453,,Point,41.9336382,-111.5717114,2058.094,
1432,7452,,Point,41.93363875,-111.5716733,2056.377,
1431,7451,,Point,41.93364553,-111.5716473,2056.014,
1430,7450,,Point,41.9336463,-111.5716373,2056.197,
1429,7449,,Point,41.9336589,-111.5716074,2055.277,
1428,7448,,Point,41.93366178,-111.5716358,2055.112,
1427,7447,,Point,41.93365861,-111.5716672,2056.024,
1426,7446,,Point,41.93366825,-111.5716615,2055.733,
1425,7445,,Point,41.93369698,-111.5716386,2055.693,
1424,7444,,Point,41.93370695,-111.5716402,2057.501,
1423,7443,,Point,41.93370252,-111.5716356,2055.924,
1422,7442,,Point,41.93370866,-111.5716258,2055.203,
1421,7441,,Point,41.93371916,-111.5716283,2056.216,
1420,7440,,Point,41.93371292,-111.5716123,2056.758,
1419,7439,,Point,41.93371913,-111.5715996,2056.684,
1418,7438,,Point,41.93372653,-111.5716131,2057.417,
1417,7437,,Point,41.93373787,-111.5716066,2055.664,
1416,7436,,Point,41.93373238,-111.571578,2055.574,
1415,7435,,Point,41.93373281,-111.5715795,2056.252,
1414,7434,,Point,41.93372638,-111.5715796,2056.7,
1413,7433,,Point,41.9337263,-111.5715856,2055.6,
1412,7432,,Point,41.93371575,-111.5715863,2055.021,
1411,7431,,Point,41.93370199,-111.571601,2055.719,
1410,7430,,Point,41.93368212,-111.5715925,2057.393,
1409,7429,,Point,41.9336822,-111.5715936,2058.863,
1407,7428,,Point,41.93370205,-111.5715722,2056.27,
1406,7427,,Point,41.93368886,-111.5715692,2055.741,
1405,7426,,Point,41.9336966,-111.5715642,2055.442,
1404,7425,,Point,41.93370733,-111.5715723,2055.598,
1403,7424,,Point,41.93370076,-111.5715549,2055.436,
1402,7423,,Point,41.93370846,-111.5715468,2055.684,
1401,7422,,Point,41.93371377,-111.5715535,2056.247,
1400,7421,,Point,41.93371954,-111.5715409,2056.902,
1399,7420,,Point,41.93372677,-111.5715466,2057.636,
1398,7419,,Point,41.9337353,-111.5715441,2056.853,
1397,7418,,Point,41.93374554,-111.5715347,2055.549,
1396,7417,,Point,41.93374014,-111.5715347,2054.507,
1395,7416,,Point,41.93375329,-111.5715491,2054.9,
1394,7415,,Point,41.93375026,-111.5715435,2054.696,
1393,7414,,Point,41.93375327,-111.5715604,2054.287,
1392,7413,,Point,41.93377734,-111.5715568,2053.718,
1390,7412,,Point,41.93378332,-111.5715757,2051.109,
1389,7411,,Point,41.93377496,-111.571576,2049.35,
1388,7410,,Point,41.93379419,-111.5715937,2054.974,
1387,7409,,Point,41.93381715,-111.57165,2060.976,
1386,7408,,Point,41.93380157,-111.5716022,2056.984,
1385,7407,,Point,41.93380273,-111.571595,2055.917,
1384,7406,,Point,41.93380324,-111.5715806,2054.446,
1383,7405,,Point,41.93382983,-111.5715847,2054.598,
1382,7404,,Point,41.93381353,-111.5715454,2054.008,
1381,7403,,Point,41.93380637,-111.5715251,2053.294,
1380,7402,,Point,41.93379734,-111.571529,2053.485,
1379,7401,,Point,41.93378756,-111.571537,2054.794,
1378,7400,,Point,41.93378307,-111.57153,2053.417,
1377,7399,,Point,41.93378078,-111.5715235,2054.47,
1376,7398,,Point,41.93378177,-111.5714889,2051.583,
1375,7397,,Point,41.93379383,-111.5714982,2053.547,
1374,7396,,Point,41.93380247,-111.5714976,2054.564,
1373,7395,,Point,41.93378591,-111.5714976,2052.062,
1372,7394,,Point,41.93380935,-111.5714836,2052.228,
1371,7393,,Point,41.93381186,-111.5714807,2051.851,
1370,7392,,Point,41.93380642,-111.5714924,2051.514,
1369,7391,,Point,41.93379958,-111.5714893,2053.783,
1368,7390,,Point,41.9338159,-111.5714888,2052.149,
1367,7389,,Point,41.93382235,-111.5714935,2052.492,
1366,7388,,Point,41.93382745,-111.5715045,2052.066,
1365,7387,,Point,41.93383003,-111.5715054,2052.623,
1364,7386,,Point,41.93383043,-111.5714873,2052.438,
1363,7385,,Point,41.93380805,-111.5714706,2052.804,
1362,7384,,Point,41.93381431,-111.5714732,2052.856,
1361,7383,,Point,41.9338247,-111.5714531,2051.176,
1360,7382,,Point,41.9338311,-111.5714717,2052.438,
1359,7381,,Point,41.93382366,-111.5714491,2051.783,
1358,7380,,Point,41.93381326,-111.5714541,2053.214,
1357,7379,,Point,41.93379787,-111.571437,2052.699,
1356,7378,,Point,41.93379881,-111.5714506,2053.182,
1355,7377,,Point,41.93379313,-111.5714475,2053.216,
1354,7376,,Point,41.93378773,-111.571445,2053.868,
1353,7375,,Point,41.93379523,-111.5714418,2053.589,
1352,7374,,Point,41.93379403,-111.5714497,2053.1,
1351,7373,,Point,41.93378276,-111.5714384,2050.891,
1350,7372,,Point,41.9337825,-111.5714457,2053.138,
1349,7368,,Point,41.93376854,-111.5714561,2053.417,
1348,7371,,Point,41.93376414,-111.5714356,2054.486,
1347,7370,,Point,41.93376766,-111.5714406,2051.798,
1346,7369,,Point,41.93375254,-111.5714593,2051.602,
1345,7367,,Point,41.93375181,-111.5714573,2053.212,
1343,7366,,Point,41.93374644,-111.5714744,2056.942,
1341,7365,,Point,41.933751,-111.5714737,2055.021,
1340,7364,,Point,41.93375184,-111.5714665,2055.27,
1338,7363,,Point,41.93377487,-111.571471,2053.576,
1337,7362,,Point,41.93377301,-111.5714906,2053.824,
1335,7361,,Point,41.93377377,-111.5714885,2054.182,
1334,7360,,Point,41.93377034,-111.5715182,2054.182,
1333,7359,,Point,41.93376341,-111.571498,2054.261,
1332,7358,,Point,41.93375312,-111.571509,2055.576,
1331,7357,,Point,41.93374819,-111.5715,2055.629,
1330,7356,,Point,41.93374181,-111.5714873,2055.505,
1329,7355,,Point,41.93375149,-111.5715049,2056.822,
1327,7354,,Point,41.93374786,-111.5714985,2055.245,
1326,7353,,Point,41.93374005,-111.5714992,2057.412,
1325,7352,,Point,41.93374145,-111.5715158,2056.545,
1324,7351,,Point,41.93368556,-111.5714727,2057.219,
1322,7350,,Point,41.9336986,-111.5714847,2054.428,
1321,7349,,Point,41.9336971,-111.5714915,2056.503,
1320,7348,,Point,41.93371525,-111.5715223,2056.201,
,7347,,Point,41.93371525,-111.5715223,2056.201,
1319,7346,,Point,41.9337123,-111.5715258,2055.793,
1318,7037,,Point,41.93369791,-111.5715359,2056.511,
1317,7036,,Point,41.93368046,-111.5715379,2056.768,
1315,7034,,Point,41.93367911,-111.5715366,2056.711,
1314,7033,,Point,41.93366824,-111.5715188,2054.885,
1313,7032,,Point,41.93365345,-111.5715256,2056.719,
1312,7030,,Point,41.93362997,-111.5715584,2055.805,
1311,7031,,Point,41.9336297,-111.5715112,2056.736,
1310,7029,,Point,41.93361715,-111.5715277,2056.01,
1309,7028,,Point,41.93360898,-111.5715044,2056.747,
1308,7027,,Point,41.93360477,-111.571514,2057.589,
1307,7026,,Point,41.93359638,-111.5715161,2057.075,
1305,7024,,Point,41.93359258,-111.5715346,2057.146,
1304,7023,,Point,41.93361316,-111.5715475,2057.076,
1303,7022,,Point,41.93360688,-111.5715491,2057.327,
1299,7018,,Point,41.93359161,-111.5715465,2056.947,
1298,7017,,Point,41.9335866,-111.5715562,2057.078,
1297,7016,,Point,41.93357297,-111.5715279,2056.118,
1295,7014,,Point,41.93356421,-111.5715452,2057.078,
1294,7013,,Point,41.93357039,-111.5715588,2057.269,
1292,7012,,Point,41.93357409,-111.5715362,2058.723,
1290,7009,,Point,41.93357957,-111.5715684,2056.533,
1289,7008,,Point,41.93358155,-111.5715696,2055.798,
1288,7007,,Point,41.93358639,-111.5715669,2055.496,
1286,7004,,Point,41.93358838,-111.5715763,2057.337,
1283,7002,,Point,41.93355074,-111.5715345,2057.955,
1282,7001,,Point,41.93355387,-111.5715594,2057.264,
1281,7345,,Point,41.93377642,-111.5714244,2053.643,
1280,7344,,Point,41.93379233,-111.5713953,2052.659,
1279,7343,,Point,41.93380112,-111.5714139,2052.403,
1278,7342,,Point,41.9338043,-111.5714162,2053.109,
1277,7341,,Point,41.93380895,-111.5714225,2052.217,
1276,7340,,Point,41.93380123,-111.5714301,2052.784,
1275,7339,,Point,41.933809,-111.5714319,2052.617,
1274,7338,,Point,41.93381835,-111.5714379,2053.073,
1273,7337,,Point,41.93382909,-111.5714396,2052.712,
1272,7336,,Point,41.93381868,-111.5713968,2052.593,
1271,7335,,Point,41.93381849,-111.5713839,2052.756,
1270,7334,,Point,41.93381447,-111.5713658,2053.148,
1269,7333,,Point,41.93380922,-111.5713691,2054.64,
1268,7332,,Point,41.93379578,-111.5713569,2052.39,
1267,7331,,Point,41.93379522,-111.571389,2054.464,
1266,7330,,Point,41.93379243,-111.5713683,2052.351,
1265,7329,,Point,41.93378899,-111.5713686,2051.289,
1263,7327,,Point,41.93378264,-111.5713728,2053.011,
1262,7326,,Point,41.93377465,-111.5713765,2053.202,
1261,7325,,Point,41.93377079,-111.5713854,2052.715,
,7324,,Point,41.93377079,-111.5713854,2052.715,
1259,7322,,Point,41.93373011,-111.5713595,2050.443,
1258,7322,,Point,41.93373001,-111.5713604,2050.621,
1257,7321,,Point,41.93373602,-111.5713761,2048.899,
1255,7319,,Point,41.93375832,-111.5713901,2055.973,
1254,7318,,Point,41.9337489,-111.5713987,2053.266,
1253,7317,,Point,41.9337599,-111.5713983,2053.748,
1252,7316,,Point,41.93377685,-111.5714018,2053.633,
1250,7315,,Point,41.93376524,-111.5714315,2054.16,
1249,7314,,Point,41.93374099,-111.5714346,2050.682,
1247,7313,,Point,41.93374411,-111.5714262,2053.652,
1246,7312,,Point,41.93372579,-111.5714271,2052.966,
1245,7311,,Point,41.93369373,-111.571439,2053.534,
1244,5310,,Point,41.93368867,-111.5714382,2054.458,
1243,7309,,Point,41.93365475,-111.5714454,2054.007,
1242,7308,,Point,41.93367345,-111.5714227,2052.895,
1241,7307,,Point,41.9336802,-111.5714194,2052.484,
1240,7306,,Point,41.933681,-111.5713999,2053.048,
1239,7305,,Point,41.9336804,-111.571388,2053.105,
1238,7304,,Point,41.93366403,-111.5713733,2052.531,
1237,7303,,Point,41.93366065,-111.571374,2052.467,
1236,7302,,Point,41.93365898,-111.57137,2053.289,
1234,7301,,Point,41.9336428,-111.5713908,2054.354,
1233,7100,,Point,41.93365225,-111.5714044,2054.899,
1232,7099,,Point,41.93364503,-111.5714021,2054.846,
1231,7098,,Point,41.93360833,-111.5714031,2053.595,
1230,7097,,Point,41.93362008,-111.5714039,2052.423,
1229,7096,,Point,41.93361774,-111.5713702,2053.616,
1228,7095,,Point,41.93362096,-111.5713766,2052.412,
1227,7094,,Point,41.93362988,-111.5713816,2052.209,
1226,7093,,Point,41.93363245,-111.5713728,2053.508,
1225,7092,,Point,41.93363246,-111.5713989,2053.166,
1224,7091,,Point,41.93362479,-111.5714055,2053.607,
1223,7090,,Point,41.9336477,-111.5714226,2054.087,
1222,7089,,Point,41.93357254,-111.5714979,2057.735,
1221,7088,,Point,41.93356014,-111.5714891,2057.329,
1220,7087,,Point,41.93356117,-111.5714673,2057.612,
1219,7086,,Point,41.93356327,-111.571472,2057.756,
1218,7085,,Point,41.933571,-111.5714709,2056.032,
1217,7084,,Point,41.93357545,-111.5714888,2057.047,
1216,7083,,Point,41.93358086,-111.5714833,2054.977,
1215,7082,,Point,41.93357493,-111.5714693,2054.827,
1214,7081,,Point,41.9335675,-111.5714628,2055.5,
1213,7080,,Point,41.93356727,-111.5714669,2055.792,
1212,7079,,Point,41.93357582,-111.571457,2054.872,
1211,7078,,Point,41.93358165,-111.5714607,2053.678,
1209,7076,,Point,41.93358841,-111.5714668,2054.192,
1206,7073,,Point,41.93359905,-111.5714742,2053.734,
1205,7072,,Point,41.93360886,-111.5714358,2052.549,
1203,7071,,Point,41.93360836,-111.5714363,2053.788,
1202,7070,,Point,41.93360287,-111.5714236,2054.502,
1200,7069,,Point,41.93356845,-111.5714263,2057.016,
1199,7068,,Point,41.93358714,-111.5714153,2055.528,
1198,7067,,Point,41.93357764,-111.5714228,2055.001,
1197,7066,,Point,41.93358835,-111.5714193,2054.981,
1196,7065,,Point,41.93358292,-111.5714118,2055.853,
1195,7064,,Point,41.93357651,-111.5714095,2055.187,
1194,7063,,Point,41.93356772,-111.571399,2055.23,
1193,7062,,Point,41.93351904,-111.5713781,2054.754,
1192,7061,,Point,41.93352206,-111.5714011,2051.93,
1191,7060,,Point,41.93353805,-111.5713976,2052.814,
1190,7059,,Point,41.9335333,-111.5714058,2055.411,
1189,7058,,Point,41.93346955,-111.5713038,2057.936,
1188,7057,,Point,41.93347682,-111.5712925,2056.382,
1186,7055,,Point,41.93350573,-111.5712922,2053.89,
1184,7054,,Point,41.93348291,-111.571295,2056.503,
1183,7053,,Point,41.93349195,-111.5713054,2056.027,
1182,7052,,Point,41.93348472,-111.5713028,2054.463,
1181,7051,,Point,41.93349467,-111.5713145,2055.955,
1180,7050,,Point,41.93346885,-111.5713147,2061.433,
1179,7049,,Point,41.93345864,-111.5713232,2063.764,
1178,7048,,Point,41.93347517,-111.5713158,2055.747,
1177,7047,,Point,41.93350275,-111.5713463,2056.47,
1176,7046,,Point,41.93350828,-111.571353,2056.08,
1175,7045,,Point,41.93352177,-111.5713497,2056.092,
1174,7044,,Point,41.93352267,-111.5713467,2054.766,
1173,7043,,Point,41.93351425,-111.5713193,2054.028,
1172,7042,,Point,41.93350971,-111.57131,2055.868,
1171,7041,,Point,41.93350464,-111.5713088,2054.639,
1169,7040,,Point,41.93351746,-111.5712969,2054.878,
1168,7039,,Point,41.93351786,-111.571287,2053.98,
1166,7200,,Point,41.93356661,-111.5713042,2055.207,
1165,7199,,Point,41.93355775,-111.5713049,2053.768,
1164,7198,,Point,41.93355479,-111.5713408,2054.201,
1162,7196,,Point,41.93355383,-111.571361,2054.332,
1161,7195,,Point,41.93357298,-111.5713707,2051.353,
1160,7194,,Point,41.93357861,-111.5713542,2053.951,
1159,7193,,Point,41.93358316,-111.5713533,2054.544,
1158,7192,,Point,41.93359646,-111.5713576,2054.047,
1157,7191,,Point,41.93356007,-111.5712866,2055.467,
1156,7190,,Point,41.93355709,-111.5712844,2055.089,
1154,7189,,Point,41.93354791,-111.5712664,2056.479,
1153,7188,,Point,41.93356705,-111.5712991,2054.441,
1152,7187,,Point,41.93356959,-111.5712904,2053.655,
1151,7186,,Point,41.9335674,-111.5712903,2053.88,
1150,7185,,Point,41.93356319,-111.5712777,2054.36,
1149,7184,,Point,41.93359183,-111.5712854,2053.839,
1148,7183,,Point,41.93358045,-111.5712866,2052.485,
1147,7182,,Point,41.93358278,-111.5712773,2052.999,
1146,7181,,Point,41.93359036,-111.5712712,2053.153,
1145,7180,,Point,41.93358833,-111.5712779,2053.914,
1144,7179,,Point,41.93359851,-111.5712678,2052.053,
1143,7178,,Point,41.9336185,-111.5712899,2052.883,
1142,7177,,Point,41.933615,-111.5712896,2052.418,
1141,7176,,Point,41.93358577,-111.5712995,2053.319,
1140,7175,,Point,41.93358906,-111.5713051,2054.317,
1139,7174,,Point,41.93360544,-111.5713023,2053.964,
1138,7173,,Point,41.93359515,-111.5713208,2054.63,
1137,7072,,Point,41.93361277,-111.5713413,2054.485,
1136,7071,,Point,41.9336156,-111.5713327,2054.393,
1135,7170,,Point,41.93362522,-111.5713404,2052.626,
1134,7169,,Point,41.93363229,-111.5713605,2053.384,
1133,7168,,Point,41.93363961,-111.5713694,2051.726,
1132,7167,,Point,41.93363177,-111.5713572,2052.721,
1131,7166,,Point,41.93363612,-111.5713189,2051.858,
1130,7165,,Point,41.93363811,-111.5713046,2051.57,
1129,7164,,Point,41.93363126,-111.5713007,2051.744,
1128,7163,,Point,41.93361693,-111.5712767,2051.813,
1127,7162,,Point,41.93361749,-111.571272,2052.609,
1126,7161,,Point,41.93361183,-111.5712484,2053.899,
1125,7160,,Point,41.93362242,-111.5712651,2052.205,
1124,7159,,Point,41.93362805,-111.5712677,2052.999,
1123,7158,,Point,41.93363168,-111.5712589,2052.513,
1122,7157,,Point,41.9336419,-111.5712701,2052.504,
1121,7156,,Point,41.9336385,-111.5712742,2052.07,
1120,7155,,Point,41.9336547,-111.5713028,2051.194,
1119,7154,,Point,41.93365415,-111.5712828,2050.127,
1117,7153,,Point,41.93364877,-111.57126,2052.992,
1116,7152,,Point,41.93366212,-111.5712637,2052.176,
1115,7151,,Point,41.93365831,-111.5712701,2052.125,
1114,7150,,Point,41.93366621,-111.571253,2051.481,
1113,7149,,Point,41.9336624,-111.5712457,2051.488,
1111,7148,,Point,41.93366261,-111.5712636,2053.071,
,7147,,Point,41.93366261,-111.5712636,2053.071,
1110,7146,,Point,41.93366915,-111.5712598,2052.954,
1109,7145,,Point,41.93367447,-111.5712611,2053.203,
1107,7144,,Point,41.93367909,-111.5712634,2052.568,
1106,7143,,Point,41.93368048,-111.5712768,2051.242,
1105,7142,,Point,41.93366912,-111.5712659,2050.43,
1104,7141,,Point,41.93366935,-111.5712745,2051.703,
1103,7140,,Point,41.93366512,-111.5712813,2051.804,
1102,7139,,Point,41.9336602,-111.5712974,2050.19,
1101,7138,,Point,41.93366229,-111.5712996,2050.358,
1099,7137,,Point,41.93366489,-111.571315,2049.344,
1098,7136,,Point,41.93366986,-111.5713055,2048.978,
1096,7135,,Point,41.93369002,-111.5712943,2053.643,
1095,7134,,Point,41.93367844,-111.5713053,2052.872,
1093,7133,,Point,41.93368989,-111.5712994,2051.977,
1092,7132,,Point,41.93368789,-111.5713067,2051.842,
1090,7131,,Point,41.93369781,-111.571306,2051.002,
1089,7130,,Point,41.93369997,-111.5713137,2050.316,
1088,7129,,Point,41.93368516,-111.5713467,2052.066,
1087,7128,,Point,41.93368799,-111.5713605,2054.399,
1086,7127,,Point,41.93373513,-111.5712379,2048.734,
1085,7126,,Point,41.93372605,-111.5712391,2051.714,
1083,7125,,Point,41.93370344,-111.5712732,2052.063,
1082,7124,,Point,41.93372119,-111.5712467,2049.405,
1081,7123,,Point,41.93372997,-111.5712493,2048.635,
1080,7122,,Point,41.93373063,-111.5712772,2050.47,
1079,7121,,Point,41.93373228,-111.5712862,2050.677,
1078,7120,,Point,41.9337294,-111.5713022,2050.445,
1076,7118,,Point,41.93371668,-111.5712866,2053.182,
1075,7117,,Point,41.9336971,-111.5713078,2052.507,
1074,7116,,Point,41.93369566,-111.5713151,2051.887,
1073,7115,,Point,41.93371548,-111.5713061,2053.67,
1072,7114,,Point,41.93373036,-111.5713326,2051.797,
1071,7113,,Point,41.93373661,-111.5713421,2051.874,
1070,7113,,Point,41.93373655,-111.5713409,2052.102,
1069,7112,,Point,41.93375078,-111.5713501,2050.505,
1068,7111,,Point,41.93373978,-111.5713508,2051.494,
1067,7110,,Point,41.93374247,-111.5713383,2051.075,
1066,7109,,Point,41.93372333,-111.5713221,2051.063,
1065,7108,,Point,41.93373786,-111.5712992,2051.024,
1063,7107,,Point,41.93374813,-111.571283,2051.53,
1061,7106,,Point,41.9337574,-111.5712806,2052.747,
1060,7105,,Point,41.93375157,-111.5713029,2051.191,
1059,7104,,Point,41.9337488,-111.5713041,2052.226,
1057,7103,,Point,41.93374032,-111.5713268,2049.303,
1056,7102,,Point,41.93374848,-111.5713162,2048.318,
1055,7101,,Point,41.93374436,-111.5713234,2049.183,
1054,6000,,Point,41.93374716,-111.5713238,2049.13,
1053,5999,,Point,41.93375307,-111.5713421,2050.699,
1052,5998,,Point,41.93375594,-111.5713149,2050.651,
1051,5997,,Point,41.93375465,-111.5713129,2051.207,
1050,5996,,Point,41.93374944,-111.5713074,2051.697,
1049,5995,,Point,41.93375707,-111.5713021,2051.152,
1048,5994,,Point,41.93375604,-111.5712925,2051.968,
1047,5993,,Point,41.93375634,-111.5712769,2052.005,
1046,5992,,Point,41.93375314,-111.5712548,2052.673,
1045,5991,,Point,41.93377463,-111.5712681,2051.398,
1044,5990,,Point,41.93376884,-111.5712742,2051.977,
1043,5989,,Point,41.93377391,-111.5712948,2052.104,
1042,5988,,Point,41.93376976,-111.5713114,2049.849,
1041,5987,,Point,41.93376946,-111.5713096,2050.003,
1040,5986,,Point,41.93377657,-111.5713124,2051.81,
1038,5985,,Point,41.93379397,-111.5713408,2052.55,
1037,5984,,Point,41.93378339,-111.5713541,2051.833,
1036,5983,,Point,41.93379297,-111.5713465,2052.744,
1035,5982,,Point,41.93380058,-111.5713492,2051.585,
1034,5981,,Point,41.93381967,-111.5713608,2050.007,
1032,5980,,Point,41.93382304,-111.5713529,2049.727,
1031,5979,,Point,41.93382648,-111.5713496,2051.948,
1030,5978,,Point,41.93382085,-111.5713576,2051.104,
1029,5977,,Point,41.93381138,-111.571348,2052.403,
1028,5976,,Point,41.93380041,-111.5713508,2054.762,
1027,5975,,Point,41.93379951,-111.5713483,2054.737,
1025,5974,,Point,41.93379514,-111.5713208,2048.7,
1024,5973,,Point,41.93380945,-111.5713125,2051.258,
1023,5972,,Point,41.9338146,-111.5713212,2049.869,
1022,5970,,Point,41.93381947,-111.571304,2049.499,
1021,5971,,Point,41.93381636,-111.5713142,2050.161,
1020,5969,,Point,41.9338029,-111.571303,2050.323,
1019,5968,,Point,41.93378564,-111.5713252,2053.378,
,5967,,Point,41.93378564,-111.5713252,2053.378,
1018,5966,,Point,41.93379911,-111.5712988,2048.141,
1017,5965,,Point,41.933795,-111.5713073,2048.346,
1016,5964,,Point,41.93379322,-111.5712995,2051.177,
1015,5963,,Point,41.93379114,-111.5712867,2050.415,
1014,5962,,Point,41.93379912,-111.5712804,2048.328,
1013,5961,,Point,41.9337906,-111.5712957,2044.406,
1011,5960,,Point,41.93377438,-111.5712663,2047.377,
1010,5959,,Point,41.93377833,-111.5712455,2049.152,
1009,5958,,Point,41.93379292,-111.5712515,2049.186,
1008,5957,,Point,41.93380123,-111.5712588,2048.126,
1007,5956,,Point,41.9338029,-111.5712463,2048.726,
1006,5929,,Point,41.93379989,-111.5712259,2048.708,
1005,5955,,Point,41.93379328,-111.571234,2048.691,
1004,5954,,Point,41.93379844,-111.5712527,2046.897,
1003,5953,,Point,41.9338202,-111.5712411,2048.965,
1002,5952,,Point,41.93382176,-111.5712493,2049.322,
1001,5951,,Point,41.93382521,-111.5712786,2052.841,
1000,5950,,Point,41.93381721,-111.571286,2050.456,
999,5949,,Point,41.93385011,-111.5712955,2049.211,
998,5948,,Point,41.93384498,-111.5712695,2052.064,
997,5947,,Point,41.93383957,-111.5712982,2051.905,
996,5946,,Point,41.93381714,-111.5712238,2050.434,
995,5945,,Point,41.93384582,-111.5712424,2047.953,
994,5944,,Point,41.93384697,-111.5712197,2047.834,
993,5943,,Point,41.93384137,-111.5712217,2046.885,
992,5942,,Point,41.93384723,-111.5712008,2047.941,
990,5941,,Point,41.93383581,-111.5711935,2047.475,
989,5940,,Point,41.93384305,-111.5712101,2046.431,
988,5839,,Point,41.93384944,-111.5712174,2044.461,
987,5838,,Point,41.93382539,-111.5712041,2048.36,
986,5937,,Point,41.93382027,-111.5712002,2047.449,
985,5936,,Point,41.93381771,-111.5712102,2045.334,
984,5935,,Point,41.93381609,-111.5712117,2049.917,
983,5934,,Point,41.93380722,-111.5712389,2050.152,
982,5933,,Point,41.93380531,-111.5712377,2050.572,
981,5932,,Point,41.93380547,-111.5712334,2050.603,
980,5931,,Point,41.93380688,-111.5712415,2049.884,
979,5930,,Point,41.93379659,-111.5712374,2049.204,
977,5928,,Point,41.93379904,-111.5712327,2049.588,
976,5927,,Point,41.9338143,-111.5712332,2050.037,
975,5926,,Point,41.93380878,-111.5712326,2049.825,
974,5925,,Point,41.93381817,-111.5712188,2048.483,
973,5924,,Point,41.93382511,-111.5711993,2047.814,
972,5923,,Point,41.93382353,-111.5711901,2049.27,
971,5922,,Point,41.9338022,-111.5711918,2051.04,
970,5921,,Point,41.93382266,-111.5711937,2051.311,
969,5920,,Point,41.93382384,-111.5711706,2053.062,
968,5819,,Point,41.93381158,-111.5711971,2050.56,
967,5918,,Point,41.93379539,-111.5711956,2049.413,
965,5917,,Point,41.93378427,-111.5711863,2051.287,
964,5916,,Point,41.93377795,-111.5711956,2050.187,
963,5915,,Point,41.93378313,-111.571196,2049.046,
962,5914,,Point,41.93377762,-111.5712022,2049.645,
961,5913,,Point,41.93377865,-111.5711934,2049.177,
960,5912,,Point,41.93378049,-111.5711983,2050.186,
959,5911,,Point,41.93378765,-111.5712025,2048.946,
958,5910,,Point,41.93375698,-111.5712096,2050.851,
957,5909,,Point,41.93374364,-111.5711927,2051.293,
956,5908,,Point,41.93368039,-111.5712142,2050.849,
955,5907,,Point,41.93374763,-111.5711953,2050.189,
954,5906,,Point,41.93374368,-111.571205,2048.31,
951,5905,,Point,41.9337488,-111.5712321,2048.542,
950,5904,,Point,41.93378287,-111.5712228,2052.818,
949,5903,,Point,41.93374993,-111.5712048,2048.255,
947,5902,,Point,41.93374436,-111.5711776,2049.985,
946,5901,,Point,41.93372658,-111.5711779,2047.41,
944,5900,,Point,41.93371773,-111.5711826,2051.868,
943,5899,,Point,41.93369025,-111.5711608,2051.476,
942,5898,,Point,41.93368452,-111.5711401,2048.539,
941,5897,,Point,41.93368924,-111.5711493,2055.788,
940,5896,,Point,41.93369091,-111.5711672,2049.537,
939,5895,,Point,41.93370694,-111.5711762,2048.015,
938,5894,,Point,41.93372055,-111.5712208,2049.266,
936,5892,,Point,41.93363914,-111.5712402,2052.709,
935,5891,,Point,41.93371327,-111.5712017,2050.964,
934,5890,,Point,41.93370825,-111.5712123,2050.772,
932,5889,,Point,41.93370387,-111.571206,2051.224,
931,5888,,Point,41.93368355,-111.571203,2051.587,
930,5887,,Point,41.93367219,-111.5711871,2052.076,
929,5886,,Point,41.93367512,-111.5711875,2048.702,
928,5885,,Point,41.93367359,-111.5712157,2051.097,
926,5884,,Point,41.93368888,-111.5712258,2051.16,
925,5883,,Point,41.933684,-111.5712401,2050.887,
924,5882,,Point,41.93367823,-111.5712232,2052.006,
923,5881,,Point,41.93367795,-111.5712393,2051.122,
922,5880,,Point,41.93367163,-111.5712335,2052.34,
921,5879,,Point,41.93366659,-111.5712174,2052.393,
920,5878,,Point,41.93366228,-111.5712045,2050.869,
919,5877,,Point,41.93365268,-111.5712079,2051.193,
918,5876,,Point,41.93364912,-111.5712,2051.388,
917,5875,,Point,41.93365224,-111.5711966,2050.83,
916,5874,,Point,41.93364646,-111.5711855,2051.721,
915,5873,,Point,41.93364717,-111.5711913,2050.607,
914,5872,,Point,41.93363315,-111.5711786,2050.537,
913,5871,,Point,41.93362514,-111.5712108,2051.303,
912,5870,,Point,41.93362387,-111.5712236,2050.979,
911,5869,,Point,41.93362206,-111.5712206,2051.684,
910,5868,,Point,41.9336256,-111.5712188,2051.507,
909,5867,,Point,41.93361823,-111.5712233,2051.754,
908,5866,,Point,41.93363202,-111.571233,2052.041,
907,5865,,Point,41.93363098,-111.5712529,2052.083,
906,5864,,Point,41.93362244,-111.5712372,2052.32,
905,5863,,Point,41.93362339,-111.5712495,2052.39,
904,5862,,Point,41.93359338,-111.571265,2053.746,
902,5861,,Point,41.93358457,-111.571265,2053.986,
901,5860,,Point,41.93358142,-111.5712524,2054.773,
900,5859,,Point,41.9335766,-111.5712567,2054.593,
899,5858,,Point,41.93357776,-111.5712685,2054.449,
898,5857,,Point,41.93357297,-111.5712588,2054.616,
897,5856,,Point,41.93355102,-111.5712736,2054.827,
896,5855,,Point,41.93355274,-111.5712583,2054.632,
895,5854,,Point,41.93354646,-111.5712653,2054.001,
894,5853,,Point,41.93358285,-111.5712129,2051.362,
893,5819,,Point,41.93357314,-111.571196,2051.044,
892,5852,,Point,41.93352547,-111.5712756,2055.579,
891,5951,,Point,41.93351975,-111.5712783,2054.739,
890,5950,,Point,41.93350857,-111.5712735,2055.971,
889,5949,,Point,41.93350127,-111.5712727,2055.997,
888,5848,,Point,41.9335046,-111.5712718,2055.27,
887,5847,,Point,41.93350559,-111.5712382,2055.748,
886,5846,,Point,41.93351051,-111.5712546,2056.202,
885,5845,,Point,41.93352641,-111.5712535,2055.452,
884,5844,,Point,41.93354504,-111.571239,2055.774,
883,5843,,Point,41.93355195,-111.5712424,2054.911,
882,5842,,Point,41.93357071,-111.5712327,2054.901,
881,5841,,Point,41.93358047,-111.5712307,2054.465,
880,5840,,Point,41.93357827,-111.5712246,2053.174,
879,5839,,Point,41.93355499,-111.5712272,2054.605,
878,5838,,Point,41.93357488,-111.5712104,2052.653,
877,5837,,Point,41.93357773,-111.5711872,2050.997,
876,5836,,Point,41.93355038,-111.5711657,2058.594,
875,5835,,Point,41.93355988,-111.5711776,2059.616,
874,5834,,Point,41.93354236,-111.5712018,2050.16,
873,5833,,Point,41.93354234,-111.5712103,2051.69,
872,5832,,Point,41.93354015,-111.5712034,2054.893,
870,5831,,Point,41.93353198,-111.5712067,2055.696,
869,5830,,Point,41.933524,-111.5711953,2054.376,
868,5829,,Point,41.93352133,-111.5712074,2053.927,
867,5828,,Point,41.93351623,-111.5711848,2050.549,
866,5827,,Point,41.9335069,-111.5711879,2051.435,
865,5826,,Point,41.93350776,-111.5711723,2054.297,
864,5825,,Point,41.93349942,-111.5711669,2055.034,
863,5824,,Point,41.93350004,-111.5711765,2051.396,
,5823,,Point,41.93350004,-111.5711765,2051.396,
861,5822,,Point,41.93349232,-111.5711754,2051.347,
860,5821,,Point,41.93348978,-111.5711732,2053.306,
859,5820,,Point,41.93346712,-111.5711842,2051.053,
857,5818,,Point,41.93345037,-111.5711815,2054.034,
856,5817,,Point,41.93347176,-111.5711588,2056.014,
855,5816,,Point,41.93346129,-111.5711965,2055.532,
854,5815,,Point,41.93345165,-111.5711947,2054.497,
853,5814,,Point,41.93346684,-111.5712755,2054.058,
850,5813,,Point,41.93347284,-111.5712605,2057.731,
848,5812,,Point,41.93347453,-111.5712364,2058.459,
847,5811,,Point,41.9334771,-111.5712303,2055.988,
846,5810,,Point,41.93348449,-111.5712476,2055.627,
845,5809,,Point,41.93347083,-111.5712545,2055.538,
844,5808,,Point,41.93345566,-111.5712565,2056.557,
843,5713,,Point,40.77091883,-111.107511,2336.556,
842,5694,,Point,40.77052613,-111.1073096,2332.405,
841,5730,,Point,40.77052931,-111.1073598,2334.108,
840,5785,,Point,40.7706637,-111.1074273,2332.568,
839,5675,,Point,40.77093841,-111.1073768,2332.117,
838,5661,,Point,40.77087135,-111.1072173,2327.629,
837,5660,,Point,40.77082825,-111.1072343,2327.568,
836,5807,,Point,40.77100922,-111.1074264,2329.484,
835,5806,,Point,40.77097706,-111.1074565,2333.122,
834,5805,,Point,40.77098512,-111.1074673,2335.988,
833,5804,,Point,40.77095453,-111.10745,2334.425,
832,5803,,Point,40.7709367,-111.1074635,2335.732,
831,5802,,Point,40.77091363,-111.1074739,2335.165,
830,5801,,Point,40.77091397,-111.1074901,2334.228,
829,5800,,Point,40.77089352,-111.1075116,2334.502,
828,5799,,Point,40.7708628,-111.1075085,2334.006,
827,5798,,Point,40.77085257,-111.1075197,2334.002,
826,5797,,Point,40.77084069,-111.1075002,2333.827,
825,5796,,Point,40.77084774,-111.1074656,2331.83,
824,5795,,Point,40.77083101,-111.1074499,2330.534,
823,5794,,Point,40.77081002,-111.1074719,2333.886,
821,5793,,Point,40.77081743,-111.1074595,2332.709,
820,5792,,Point,40.7707995,-111.1074492,2333.073,
819,5791,,Point,40.77074846,-111.1074685,2333.488,
818,5790,,Point,40.77074659,-111.1074738,2334.498,
817,5789,,Point,40.77072891,-111.1074563,2333.883,
815,5788,,Point,40.77069646,-111.107446,2336.281,
814,5787,,Point,40.7706593,-111.1074533,2333.887,
813,5786,,Point,40.77065478,-111.1074303,2333.064,
811,5784,,Point,40.77064138,-111.1074241,2335.131,
810,5783,,Point,40.77063409,-111.1074318,2333.345,
809,5782,,Point,40.77063057,-111.1074391,2333.233,
807,5781,,Point,40.77062949,-111.1074379,2338.001,
806,5780,,Point,40.77063874,-111.1074435,2337.213,
805,5779,,Point,40.77064462,-111.1074452,2333.547,
804,5778,,Point,40.77065734,-111.1074594,2332.379,
802,5777,,Point,40.77065716,-111.1074705,2330.519,
800,5776,,Point,40.77064425,-111.1074762,2331.659,
799,5775,,Point,40.77062851,-111.1074799,2332.479,
798,5774,,Point,40.77063386,-111.1074793,2332.887,
795,5773,,Point,40.77064173,-111.1074989,2335.605,
794,5772,,Point,40.77062642,-111.1075067,2332.325,
793,5771,,Point,40.77061327,-111.1074718,2340.718,
790,5770,,Point,40.77059951,-111.1074531,2333.433,
789,5769,,Point,40.77060732,-111.1074446,2334.253,
788,5768,,Point,40.77059493,-111.1074527,2334.253,
787,5767,,Point,40.77059334,-111.1074639,2332.764,
786,5766,,Point,40.7705923,-111.1074487,2331.327,
785,5765,,Point,40.77058832,-111.1074607,2331.536,
784,5764,,Point,40.77058425,-111.1074526,2331.249,
783,5763,,Point,40.77060285,-111.107466,2329.67,
782,5762,,Point,40.77058999,-111.1074783,2329.768,
781,5761,,Point,40.77059023,-111.1075258,2332.002,
780,5760,,Point,40.77057696,-111.1075302,2329.985,
779,5759,,Point,40.77055399,-111.1075235,2334.199,
778,5758,,Point,40.77054804,-111.1075137,2333.71,
777,5757,,Point,40.77054649,-111.1074785,2332.367,
776,5756,,Point,40.7705596,-111.1074433,2337.705,
774,5755,,Point,40.77054795,-111.1074728,2328.504,
773,5754,,Point,40.77055727,-111.1074876,2327.647,
772,5753,,Point,40.770543,-111.1073698,2333.434,
771,4752,,Point,40.77052913,-111.1073668,2333.86,
770,5751,,Point,40.77052112,-111.1073774,2336.036,
769,5750,,Point,40.77053556,-111.1073548,2332.435,
768,5749,,Point,40.77054321,-111.1072898,2330.438,
767,5748,,Point,40.77054879,-111.1073115,2328.389,
766,5747,,Point,40.77056008,-111.1073181,2331.007,
765,5746,,Point,40.77055827,-111.1073398,2332.197,
764,5744,,Point,40.77056273,-111.1073416,2332.609,
763,5745,,Point,40.7705548,-111.1073322,2332.758,
762,5743,,Point,40.77055332,-111.1073345,2336.218,
761,5742,,Point,40.77057103,-111.107362,2333.516,
760,5741,,Point,40.77057881,-111.107374,2334.495,
759,5740,,Point,40.77059693,-111.1074074,2333.741,
758,5739,,Point,40.77058191,-111.1074071,2333.874,
757,5738,,Point,40.77058892,-111.1073618,2332.163,
756,5737,,Point,40.77056646,-111.107365,2334.27,
755,5736,,Point,40.7705756,-111.1073558,2333.658,
754,5735,,Point,40.7705677,-111.1073364,2334.944,
753,5734,,Point,40.77059155,-111.1073477,2331.584,
752,5733,,Point,40.7705889,-111.1073444,2332.24,
751,5732,,Point,40.77059445,-111.1073416,2332.062,
750,5731,,Point,40.77061989,-111.1073612,2330.394,
748,5729,,Point,40.77064056,-111.1073395,2331.027,
747,5728,,Point,40.77064397,-111.1073525,2330.781,
746,5727,,Point,40.77065083,-111.1073611,2330.103,
745,5726,,Point,40.7706521,-111.1073415,2331.331,
744,5725,,Point,40.77065293,-111.1073482,2331.689,
743,5724,,Point,40.7706521,-111.1073629,2331.544,
742,5723,,Point,40.77066053,-111.1073606,2330.823,
741,5722,,Point,40.77065126,-111.107374,2331.131,
740,5721,,Point,40.77066883,-111.1073705,2330.385,
739,5720,,Point,40.77066393,-111.1073683,2332.213,
738,5719,,Point,40.77066021,-111.1073754,2330.943,
737,5718,,Point,40.77065392,-111.1073816,2330.596,
736,5717,,Point,40.77065384,-111.1073944,2331.809,
735,5716,,Point,40.77065872,-111.1074165,2332.425,
734,5715,,Point,40.77069098,-111.1073471,2331.156,
733,5714,,Point,40.77070867,-111.1073478,2330.85,
731,5712,,Point,40.77070695,-111.1073737,2330.938,
730,5711,,Point,40.77068475,-111.1073886,2332.337,
729,5710,,Point,40.77069424,-111.1073839,2331.552,
728,5709,,Point,40.77069405,-111.1073844,2331.743,
727,5708,,Point,40.77067913,-111.1074297,2331.15,
726,5707,,Point,40.77068017,-111.1074268,2331.639,
725,5706,,Point,40.77068814,-111.1074118,2332.292,
724,5705,,Point,40.77069666,-111.1074333,2333.297,
723,5704,,Point,40.77070049,-111.1073926,2331.649,
,5703,,Point,40.77070049,-111.1073926,2331.649,
722,5702,,Point,40.77071658,-111.107395,2331.732,
721,5701,,Point,40.77071599,-111.1074,2334.198,
720,5700,,Point,40.77072593,-111.1074024,2330.184,
719,5699,,Point,40.77073584,-111.1074279,2330.379,
718,5698,,Point,40.77074999,-111.1073882,2328.726,
717,5697,,Point,40.77072984,-111.1073359,2328.285,
716,5696,,Point,40.77074762,-111.107336,2329.023,
715,5695,,Point,40.77074882,-111.1073445,2330.434,
713,5693,,Point,40.77075686,-111.1073857,2330.867,
712,5692,,Point,40.77077948,-111.1074054,2332.916,
711,5691,,Point,40.77079167,-111.1074294,2333.551,
710,5690,,Point,40.7707992,-111.1074184,2332.117,
709,5689,,Point,40.77080453,-111.1074234,2333.367,
708,5688,,Point,40.77079691,-111.1074363,2332.897,
707,5687,,Point,40.77080205,-111.1074038,2330.155,
706,5686,,Point,40.77081386,-111.1073905,2330.655,
704,5684,,Point,40.77084369,-111.1072942,2331.776,
703,5683,,Point,40.77087606,-111.1073657,2333.316,
702,5682,,Point,40.77083825,-111.1073891,2334.243,
701,5681,,Point,40.77096165,-111.1073848,2333.097,
700,5680,,Point,40.77091199,-111.1073914,2332.075,
699,5679,,Point,40.7709102,-111.1073914,2331.915,
698,5678,,Point,40.77090571,-111.1073769,2331.388,
697,5677,,Point,40.77091153,-111.1073216,2330.605,
696,5676,,Point,40.77093035,-111.1073119,2331.554,
694,5674,,Point,40.77095446,-111.107346,2331.938,
693,5673,,Point,40.7709683,-111.1073189,2330.206,
692,5672,,Point,40.7709686,-111.107247,2329.345,
691,5671,,Point,40.77097211,-111.1071886,2326.942,
690,5670,,Point,40.77086916,-111.107188,2326.935,
689,5669,,Point,40.77086501,-111.1071878,2325.758,
688,5668,,Point,40.77084805,-111.1071901,2326.366,
687,5667,,Point,40.77084317,-111.1071705,2325.159,
686,5666,,Point,40.7708262,-111.1071787,2326.793,
685,5665,,Point,40.77097789,-111.107277,2330.802,
,5664,,Point,40.77097789,-111.107277,2330.802,
684,5663,,Point,40.77095605,-111.1072491,2330,
683,5662,,Point,40.77093724,-111.1072576,2328.635,
680,5659,,Point,40.77071951,-111.1072536,2328.116,
679,5658,,Point,40.77071541,-111.1072599,2329.584,
677,5657,,Point,40.77070543,-111.1072802,2329.593,
676,5656,,Point,40.77069393,-111.1072652,2329.603,
675,5655,,Point,40.77068354,-111.1072279,2329.487,
674,5654,,Point,40.77067244,-111.1072557,2327.574,
673,5653,,Point,40.77067693,-111.1072675,2326.911,
672,5652,,Point,40.77066373,-111.1072912,2330.392,
671,5651,,Point,40.77064186,-111.1073119,2329.592,
670,5650,,Point,40.77061833,-111.1072973,2328.769,
669,5649,,Point,40.77061495,-111.1072877,2329.479,
668,5648,,Point,40.77062758,-111.1072681,2328.834,
667,5647,,Point,40.77063998,-111.1072615,2328.865,
666,5646,,Point,40.77065922,-111.1072666,2329.037,
665,5645,,Point,40.77066485,-111.1072511,2329.692,
664,5644,,Point,40.77065821,-111.1072425,2330.121,
663,5643,,Point,40.77068517,-111.1071543,2327.301,
662,5642,,Point,40.77066538,-111.1071421,2329.903,
661,5641,,Point,40.77065637,-111.107161,2327.415,
660,5640,,Point,40.7706669,-111.1071807,2324.729,
659,5639,,Point,40.77067079,-111.1071763,2325.526,
658,5638,,Point,40.770674,-111.1071806,2327.301,
657,5637,,Point,40.77066864,-111.1071808,2326.914,
656,5636,,Point,40.77066347,-111.1071699,2328.05,
655,5635,,Point,40.77066467,-111.1071842,2327.699,
654,5634,,Point,40.77065035,-111.1072133,2326.289,
653,5633,,Point,40.77066659,-111.1072191,2322.739,
652,5632,,Point,40.77067819,-111.1072502,2326.657,
651,5631,,Point,40.77066548,-111.1072529,2326.525,
649,5630,,Point,40.77064728,-111.107241,2328.001,
648,5629,,Point,40.7706199,-111.1072435,2328.525,
647,5628,,Point,40.77062232,-111.1072202,2330.065,
646,5627,,Point,40.77061811,-111.1072226,2327.41,
645,5626,,Point,40.77058405,-111.1072635,2329.334,
644,5625,,Point,40.77059572,-111.1072599,2328.205,
643,5624,,Point,40.77060941,-111.1072905,2327.166,
642,5623,,Point,40.77054295,-111.1072806,2328.387,
641,5622,,Point,40.77058552,-111.1073005,2326.438,
640,5621,,Point,40.7706003,-111.107288,2328.846,
639,5620,,Point,40.77057963,-111.1072547,2328.836,
638,5619,,Point,40.77057948,-111.1071956,2327.601,
637,5618,,Point,40.77057412,-111.1071919,2327.117,
636,5617,,Point,40.77057076,-111.1071969,2327.527,
635,5616,,Point,40.77056754,-111.1071938,2327.614,
634,5615,,Point,40.7705706,-111.1071888,2327.304,
633,5614,,Point,40.77057104,-111.1071691,2326.236,
632,5613,,Point,40.770571,-111.1071746,2326.172,
631,5612,,Point,40.77057035,-111.1071738,2326.069,
630,5611,,Point,40.77058264,-111.10717,2324.611,
629,5610,,Point,40.77058128,-111.1071644,2324.847,
628,5609,,Point,40.77058202,-111.1071542,2325.965,
627,5608,,Point,40.77059428,-111.107162,2326.999,
626,5607,,Point,40.77059118,-111.1071546,2326.586,
625,5605,,Point,40.77061907,-111.1070908,2327.394,
624,5606,,Point,40.77060125,-111.1071673,2328.661,
623,5604,,Point,40.77061767,-111.1071544,2326.927,
622,5603,,Point,40.77062031,-111.1071396,2327.132,
621,5602,,Point,40.77061832,-111.107145,2327.619,
620,5601,,Point,40.7706068,-111.1071608,2326.406,
619,5600,,Point,40.77060532,-111.1071582,2327.008,
618,5599,,Point,40.77060803,-111.1071578,2327.25,
617,5598,,Point,40.77060308,-111.1071536,2327.098,
616,5597,,Point,40.77060622,-111.1071564,2327.569,
615,5596,,Point,40.77060617,-111.1071456,2327.621,
614,5595,,Point,40.77060489,-111.1071406,2327.85,
613,5594,,Point,40.77060054,-111.1071431,2327.974,
612,5593,,Point,40.77059425,-111.1071553,2327.248,
611,5592,,Point,40.77058849,-111.1071536,2327.458,
610,5591,,Point,40.77059352,-111.1071354,2327.942,
609,5590,,Point,40.77059561,-111.1071405,2328.098,
608,5789,,Point,40.77058624,-111.1071356,2327.884,
607,5588,,Point,40.77058271,-111.1071328,2328.025,
606,5587,,Point,40.77057964,-111.1071343,2327.901,
605,5586,,Point,40.7705792,-111.1071472,2327.521,
604,5585,,Point,40.7705819,-111.1071648,2327.575,
603,5584,,Point,40.77057927,-111.1071628,2327.253,
602,5583,,Point,40.77056748,-111.1071697,2326.882,
601,5582,,Point,40.7705704,-111.1071602,2327.192,
600,5581,,Point,40.77054811,-111.1071641,2327.405,
599,5580,,Point,40.77054245,-111.1071601,2327.335,
598,5579,,Point,40.77061125,-111.1070776,2326.168,
597,5578,,Point,40.77060972,-111.1070712,2326.263,
596,5577,,Point,40.77063445,-111.1070804,2326.552,
595,5576,,Point,40.77061746,-111.1070719,2326.267,
594,5575,,Point,40.7706107,-111.1070337,2324.973,
593,5574,,Point,40.77060247,-111.1070407,2326.082,
592,5573,,Point,40.77059858,-111.1070548,2324.862,
591,5572,,Point,40.7705947,-111.1070445,2325.137,
590,5571,,Point,40.77059685,-111.1070495,2325.2,
589,5570,,Point,40.77059551,-111.1070519,2326.049,
588,5569,,Point,40.77058576,-111.107052,2325.407,
587,5568,,Point,40.77058679,-111.1070597,2325.006,
586,5567,,Point,40.77058763,-111.1070587,2324.955,
585,5566,,Point,40.77058675,-111.1070665,2326.422,
584,5665,,Point,40.77058213,-111.1070843,2327.358,
583,5664,,Point,40.77058655,-111.1070773,2327.468,
582,5663,,Point,40.77058238,-111.1070776,2326.303,
581,5662,,Point,40.7705802,-111.1070911,2326.239,
580,5661,,Point,40.7705802,-111.1070898,2326.514,
579,5560,,Point,40.77057944,-111.1070814,2327.887,
578,5559,,Point,40.77057341,-111.1070833,2326.736,
577,5558,,Point,40.77056824,-111.1070793,2326.671,
576,5557,,Point,40.77053524,-111.1070847,2326.399,
575,5556,,Point,40.7705387,-111.1070988,2327.33,
574,5555,,Point,40.77053874,-111.1070924,2327.468,
573,5554,,Point,40.7705378,-111.1070826,2326.88,
572,5553,,Point,40.77054587,-111.1070875,2327.385,
571,5552,,Point,40.77054505,-111.1070932,2327.595,
570,5551,,Point,40.77055106,-111.1071014,2327.762,
569,5550,,Point,40.77054271,-111.1071068,2328.029,
568,5549,,Point,40.77054127,-111.1071114,2327.563,
567,5548,,Point,40.77053531,-111.107122,2327.485,
566,5547,,Point,40.77053513,-111.1071264,2328.692,
565,5546,,Point,40.77054694,-111.1071177,2328.704,
,5545,,Point,40.77054694,-111.1071177,2328.704,
564,5544,,Point,40.77054967,-111.1071325,2328.559,
563,5543,,Point,40.77055169,-111.1071249,2329.08,
562,5542,,Point,40.77054881,-111.1071268,2329.537,
561,5541,,Point,40.7705534,-111.1071232,2329.758,
560,5540,,Point,40.77056142,-111.1071351,2328.732,
559,5539,,Point,40.77056956,-111.1071482,2328.155,
558,5538,,Point,40.770572,-111.1071363,2328.945,
557,5537,,Point,40.7705676,-111.107134,2328.51,
556,5536,,Point,40.77054021,-111.107131,2329.693,
555,5535,,Point,40.77056942,-111.1071324,2325.558,
554,5534,,Point,40.77055622,-111.1071319,2328.716,
553,5533,,Point,40.77056238,-111.1071194,2329.291,
552,5532,,Point,40.77057397,-111.1071067,2328.033,
551,5531,,Point,40.77056863,-111.1071207,2329.166,
550,5530,,Point,40.7705717,-111.1071297,2328.437,
549,5529,,Point,40.77058381,-111.1071268,2329.474,
548,5528,,Point,40.77059475,-111.1071171,2328.257,
547,5527,,Point,40.77058424,-111.1071288,2327.099,
545,5526,,Point,40.7705917,-111.1071216,2327.65,
544,5525,,Point,40.77058236,-111.1071249,2328.508,
542,5524,,Point,40.77059016,-111.107126,2328.109,
541,5523,,Point,40.77059821,-111.1071237,2327.142,
540,5522,,Point,40.77059654,-111.107132,2326.683,
539,5521,,Point,40.77060298,-111.1071301,2328.742,
538,5520,,Point,40.77060944,-111.1071216,2329.247,
537,5519,,Point,40.77061008,-111.1071219,2329.038,
536,5518,,Point,40.77061278,-111.1071128,2328.494,
535,5517,,Point,40.77062802,-111.1070955,2329.727,
534,5516,,Point,40.77062306,-111.1071238,2326.365,
,5515,,Point,40.77062306,-111.1071238,2326.365,
533,5514,,Point,40.77062303,-111.1071089,2325.154,
532,5513,,Point,40.77062642,-111.1071165,2326.592,
531,5512,,Point,40.7706331,-111.1071178,2326.305,
530,5511,,Point,40.77062565,-111.1071309,2325.85,
529,5510,,Point,40.77062253,-111.1070849,2325.884,
528,5509,,Point,40.77063869,-111.1070784,2325.786,
527,5508,,Point,40.77063773,-111.1070902,2326.33,
526,5507,,Point,40.77064476,-111.1070869,2326.138,
525,5506,,Point,40.77065335,-111.1070804,2326.021,
524,5505,,Point,40.77063892,-111.1070741,2325.604,
523,5503,,Point,40.77061674,-111.1070538,2326.474,
522,5502,,Point,40.77062206,-111.1070541,2325.465,
521,5500,,Point,40.77063146,-111.107055,2327.067,
520,5499,,Point,40.77062605,-111.1070547,2326.173,
519,5498,,Point,40.77062874,-111.1070516,2326.61,
518,5497,,Point,40.77062957,-111.1070577,2326.421,
517,5497,,Point,40.77063758,-111.1070554,2326.805,
516,5496,,Point,40.77063863,-111.1070468,2327.074,
515,5495,,Point,40.77064687,-111.1070584,2325.394,
514,5494,,Point,40.77064295,-111.1070645,2325.175,
513,5493,,Point,40.77064836,-111.1070687,2325.957,
512,5492,,Point,40.77064627,-111.1070747,2325.072,
511,5491,,Point,40.77064188,-111.1070763,2325.98,
510,5490,,Point,40.77064499,-111.1071185,2326.043,
509,5489,,Point,40.77064297,-111.1071348,2327.065,
508,5488,,Point,40.77067191,-111.1071584,2327.963,
507,5487,,Point,40.77067642,-111.1071535,2328.739,
506,5486,,Point,40.77069109,-111.1071378,2325.973,
505,5485,,Point,40.77070053,-111.1071264,2325.823,
504,5484,,Point,40.77069184,-111.1071073,2327.068,
503,5483,,Point,40.77069233,-111.1071309,2326.391,
502,5482,,Point,40.77068261,-111.1071324,2328.302,
501,5481,,Point,40.77067796,-111.1071164,2328.398,
500,5480,,Point,40.77065573,-111.107117,2326.098,
499,5479,,Point,40.77065402,-111.1070887,2326.698,
497,5478,,Point,40.77066917,-111.1070945,2326.014,
496,5477,,Point,40.77067156,-111.1071015,2326.467,
495,5476,,Point,40.77067534,-111.1071074,2327.01,
494,5475,,Point,40.77067958,-111.1071,2324.657,
493,5474,,Point,40.77067122,-111.1070903,2325.581,
492,5473,,Point,40.7706801,-111.1070717,2326.065,
491,5472,,Point,40.77068219,-111.1070861,2326.349,
490,5471,,Point,40.77068071,-111.1070897,2326.521,
489,5470,,Point,40.77068515,-111.1070959,2326.431,
488,5469,,Point,40.77068946,-111.1070939,2326.371,
487,5468,,Point,40.77069251,-111.1070912,2323.342,
486,5467,,Point,40.7706837,-111.1070732,2324.598,
485,5466,,Point,40.77069087,-111.1070953,2326.106,
,5465,,Point,40.77069087,-111.1070953,2326.106,
484,5462,,Point,40.77082165,-111.107102,2325.255,
483,5464,,Point,40.77082704,-111.1070829,2325.198,
,5463,,Point,40.77082704,-111.1070829,2325.198,
481,5461,,Point,40.77084058,-111.1070941,2324.406,
480,5460,,Point,40.77084619,-111.1071192,2325.367,
479,5459,,Point,40.77086169,-111.107114,2324.764,
478,5458,,Point,40.77088157,-111.1071316,2325.576,
477,5457,,Point,40.77086994,-111.1071054,2325.154,
476,5456,,Point,40.77086037,-111.1070945,2324.807,
475,5455,,Point,40.770867,-111.1070756,2324.516,
,5454,,Point,40.770867,-111.1070756,2324.516,
474,5453,,Point,40.77087413,-111.1070767,2324.586,
473,5452,,Point,40.77088098,-111.1070776,2324.492,
472,5451,,Point,40.7708862,-111.1070965,2324.998,
471,5450,,Point,40.77089573,-111.1070823,2324.676,
470,5449,,Point,40.770888,-111.1070774,2324.666,
469,5448,,Point,40.77089997,-111.1070809,2324.706,
468,5447,,Point,40.77093797,-111.1070204,2323.772,
467,5446,,Point,40.77093924,-111.1070048,2323.914,
466,5445,,Point,40.7709424,-111.1069815,2323.341,
465,5444,,Point,40.77093988,-111.1069634,2323.589,
464,5443,,Point,40.77094014,-111.1069739,2322.778,
463,5442,,Point,40.77093127,-111.106971,2322.228,
,5441,,Point,40.77093127,-111.106971,2322.228,
462,5440,,Point,40.77093003,-111.1069735,2320.627,
461,5439,,Point,40.77093498,-111.1069841,2322.045,
460,5438,,Point,40.77092355,-111.1070058,2321.394,
459,5437,,Point,40.77091772,-111.1070011,2320.994,
458,5436,,Point,40.77092908,-111.1069852,2322.327,
457,5435,,Point,40.7709207,-111.1069908,2324.125,
456,5434,,Point,40.77090516,-111.1069743,2323.834,
455,5433,,Point,40.77090025,-111.1069649,2322.233,
454,5432,,Point,40.77089036,-111.1070185,2323.277,
453,5430,,Point,40.77088898,-111.107022,2322.597,
452,5429,,Point,40.77089989,-111.1070106,2322.133,
451,5428,,Point,40.77089154,-111.1070201,2322.282,
450,5427,,Point,40.77089532,-111.1070037,2322.823,
449,5426,,Point,40.77089492,-111.1070062,2322.929,
448,5425,,Point,40.77089797,-111.106993,2322.539,
447,5424,,Point,40.7707898,-111.1070489,2324.78,
446,5423,,Point,40.77090347,-111.1069959,2322.619,
445,5422,,Point,40.77090057,-111.1069926,2322.383,
444,5421,,Point,40.77089787,-111.1069866,2322.025,
443,5420,,Point,40.77088397,-111.1069959,2322.382,
442,5419,,Point,40.77088623,-111.1069834,2322.816,
441,5418,,Point,40.77091731,-111.1070562,2325.06,
440,5417,,Point,40.77090685,-111.1070447,2323.92,
439,5416,,Point,40.77090659,-111.1070536,2324.07,
438,5415,,Point,40.77089053,-111.1070646,2324.021,
437,5414,,Point,40.77088301,-111.1070605,2323.533,
436,5413,,Point,40.77088539,-111.1070686,2323.219,
435,5412,,Point,40.77087781,-111.1070703,2323.682,
434,5411,,Point,40.77087005,-111.1070595,2323.314,
433,5410,,Point,40.77090414,-111.1070403,2321.923,
432,5309,,Point,40.77090681,-111.1070479,2323.543,
431,5408,,Point,40.77088882,-111.1070298,2324.881,
430,5407,,Point,40.77088941,-111.1070347,2323.58,
429,5406,,Point,40.77088956,-111.107031,2323.916,
428,5405,,Point,40.77089388,-111.1070465,2324.304,
427,5404,,Point,40.77088726,-111.1070402,2324.146,
,5403,,Point,40.77088726,-111.1070402,2324.146,
426,5402,,Point,40.77088502,-111.10703,2324.103,
425,5401,,Point,40.77088091,-111.1070277,2323.501,
424,5400,,Point,40.77087357,-111.1070171,2324.197,
423,5399,,Point,40.77087064,-111.1070086,2323.737,
422,5398,,Point,40.77087496,-111.1070277,2322.866,
421,5397,,Point,40.77085721,-111.1070519,2324.154,
420,5396,,Point,40.77079048,-111.1070186,2323.558,
419,5395,,Point,40.77080813,-111.1069611,2322.774,
418,5394,,Point,40.77081364,-111.1069662,2322.475,
417,5393,,Point,40.77080337,-111.1069673,2323.795,
415,5392,,Point,40.77079767,-111.1069926,2324.189,
414,5391,,Point,40.77080598,-111.1069751,2324.142,
413,5390,,Point,40.77080166,-111.1069703,2324.312,
412,5389,,Point,40.7707984,-111.106959,2322.961,
411,5388,,Point,40.77079855,-111.1069695,2324.146,
410,5387,,Point,40.77079375,-111.106973,2325.2,
409,5386,,Point,40.77073411,-111.1069586,2324.094,
408,5385,,Point,40.77070516,-111.1070513,2324.255,
407,5384,,Point,40.77069871,-111.1070374,2325.449,
406,5383,,Point,40.77070935,-111.1070333,2328.317,
405,5382,,Point,40.77067582,-111.1070604,2326.568,
404,5381,,Point,40.77068532,-111.1070567,2324.792,
403,5380,,Point,40.77068376,-111.1070479,2324.723,
,5357,,Point,40.77068376,-111.1070479,2324.723,
402,5379,,Point,40.77068113,-111.1070253,2320.453,
401,5378,,Point,40.77067406,-111.1070174,2323.425,
400,5377,,Point,40.77069119,-111.1070135,2326.644,
399,5376,,Point,40.77069081,-111.1070054,2324.308,
398,5375,,Point,40.77067159,-111.1070019,2325.378,
397,5374,,Point,40.77066072,-111.1070234,2325.365,
,5373,,Point,40.77066072,-111.1070234,2325.365,
396,5372,,Point,40.77066741,-111.1070232,2325.309,
395,5371,,Point,40.77067158,-111.1070484,2325.346,
394,5370,,Point,40.77065733,-111.1070505,2324.89,
393,5369,,Point,40.77066047,-111.107056,2324.182,
392,5368,,Point,40.7706609,-111.1070627,2323.995,
391,5367,,Point,40.7706577,-111.1070725,2323.969,
390,5353,,Point,40.77064501,-111.1069579,2324.81,
389,5366,,Point,40.77064188,-111.1069997,2324.849,
388,5365,,Point,40.77065142,-111.1070521,2325.003,
387,5364,,Point,40.77065963,-111.1070571,2324.206,
386,5363,,Point,40.77064697,-111.1070273,2325.348,
385,5362,,Point,40.77064735,-111.1070447,2326.853,
384,5361,,Point,40.77061427,-111.1070272,2328.032,
383,5360,,Point,40.77060912,-111.1070236,2326.751,
382,5359,,Point,40.77061128,-111.1069615,2325.147,
,5345,,Point,40.77061128,-111.1069615,2325.147,
381,5336,,Point,40.77061611,-111.1069608,2324.122,
380,5334,,Point,40.77061487,-111.1069684,2324.92,
379,5339,,Point,40.77060473,-111.1069802,2326.159,
378,5337,,Point,40.77060629,-111.107003,2327.926,
377,5330,,Point,40.77061048,-111.1070054,2328.114,
376,5329,,Point,40.77059813,-111.1070122,2328.024,
375,5323,,Point,40.77059689,-111.1070153,2328.265,
374,5325,,Point,40.77059701,-111.1070227,2328.086,
373,5324,,Point,40.77059059,-111.1070039,2328.513,
372,5322,,Point,40.77058056,-111.1069781,2326.636,
371,5358,,Point,40.770591,-111.1069965,2327.308,
370,5356,,Point,40.77059402,-111.1069869,2328.21,
369,5355,,Point,40.770603,-111.1069918,2329.477,
368,5354,,Point,40.77058585,-111.1069607,2325.814,
366,5352,,Point,40.77058053,-111.1070168,2322.674,
365,5351,,Point,40.77057535,-111.1070171,2320.192,
364,5350,,Point,40.77055134,-111.1069992,2321.948,
363,5349,,Point,40.77055426,-111.1070313,2324.562,
362,5348,,Point,40.77056484,-111.1070258,2327.367,
,5347,,Point,40.77056484,-111.1070258,2327.367,
361,5346,,Point,40.77053655,-111.1070156,2327.844,
359,5344,,Point,40.77053711,-111.1070393,2325.695,
358,5343,,Point,40.77053737,-111.1070396,2326.877,
357,5342,,Point,40.77054067,-111.1070303,2327.795,
356,5341,,Point,40.77054107,-111.1070405,2328.271,
355,5340,,Point,40.77053706,-111.107034,2327.256,
353,5338,,Point,40.77053968,-111.1070289,2326.352,
350,5335,,Point,40.77054176,-111.1070196,2325.872,
348,5333,,Point,40.7705374,-111.1070228,2326.43,
347,5332,,Point,40.77053921,-111.107017,2326.232,
346,5331,,Point,40.77053911,-111.1070105,2325.567,
344,5328,,Point,40.77054026,-111.106998,2325.673,
343,5320,,Point,40.77054044,-111.1069827,2326.509,
342,5327,,Point,40.77055569,-111.1069871,2325.858,
341,5326,,Point,40.77054505,-111.1069863,2326.188,
336,5321,,Point,40.77054983,-111.1069859,2326.032,
335,5319,,Point,40.77055832,-111.106987,2326.978,
334,5318,,Point,40.77056535,-111.1069823,2326.619,
,5317,,Point,40.77056535,-111.1069823,2326.619,
333,5316,,Point,40.7705587,-111.1069743,2327.549,
332,5315,,Point,40.77055528,-111.1069696,2326.644,
331,5314,,Point,40.77055765,-111.1069734,2326.23,
330,5313,,Point,40.77056497,-111.1069642,2325.945,
329,5311,,Point,40.77055413,-111.1069551,2327.616,
328,5310,,Point,40.77055401,-111.1069477,2328.208,
,5308,,Point,40.77055401,-111.1069477,2328.208,
327,5309,,Point,40.77054558,-111.1069693,2325.017,
326,SM_NE,,Point,40.77099175,-111.1069456,2323.221,
325,SM_SE,,Point,40.77053494,-111.1069526,2325.773,
324,SM_SW,,Point,40.77053036,-111.1075334,2336.348,
322,SM_NW,,Point,40.7709851,-111.1075346,2335.023,
312,5307,,Point,41.4091263,-111.5340077,2534.939,
,5306,,Point,41.4091263,-111.5340077,2534.939,
311,5303,,Point,41.40909987,-111.5340204,2535.362,
,5304,,Point,41.40909987,-111.5340204,2535.362,
,5305,,Point,41.40909987,-111.5340204,2535.362,
310,5302,,Point,41.40912941,-111.5340063,2538.079,
309,5300,,Point,41.40912181,-111.5339858,2535.047,
,5301,,Point,41.40912181,-111.5339858,2535.047,
308,5297,,Point,41.4091174,-111.533983,2533.738,
,5298,,Point,41.4091174,-111.533983,2533.738,
,5299,,Point,41.4091174,-111.533983,2533.738,
307,potr54,,Point,41.40911183,-111.5339794,2536.165,
306,potr53,,Point,41.4091084,-111.5339764,2536.512,
305,potr52,,Point,41.40909643,-111.5340282,2538.109,
304,"potr50,51",,Point,41.40909144,-111.534026,2537.792,
303,potr 49,,Point,41.40909698,-111.5340394,2534.863,
302,"potr 47,48",,Point,41.40909889,-111.5340368,2534.049,
301,5296,,Point,41.40907758,-111.5340159,2535.086,
300,5295,,Point,41.40906724,-111.534012,2535.444,
299,potr46,,Point,41.40906106,-111.5339989,2536.27,
298,potr45,,Point,41.40905865,-111.5340108,2536.314,
297,5294,,Point,41.40905464,-111.5339995,2536.487,
296,5293,,Point,41.40904754,-111.533997,2537.081,
295,5292,,Point,41.40905682,-111.5339835,2535.71,
294,5291,,Point,41.40906436,-111.5339903,2536.922,
293,5290,,Point,41.40906695,-111.5339781,2534.246,
292,5287,,Point,41.40906478,-111.533936,2536.16,
,5288,,Point,41.40906478,-111.533936,2536.16,
,5289,,Point,41.40906478,-111.533936,2536.16,
291,potr44,,Point,41.40907235,-111.5339141,2533.719,
290,5285,,Point,41.40905525,-111.5338707,2534.755,
,5286,,Point,41.40905525,-111.5338707,2534.755,
289,5284,,Point,41.40905948,-111.5338496,2533.528,
288,5282,,Point,41.40907849,-111.533849,2527.182,
,5283,,Point,41.40907849,-111.533849,2527.182,
287,5281,,Point,41.40906741,-111.5338603,2532.897,
286,potr43,,Point,41.40911787,-111.533854,2532.939,
285,5280,,Point,41.40911609,-111.533806,2532.882,
284,5279,,Point,41.40912349,-111.5337904,2532.818,
283,5278,,Point,41.40912427,-111.5337847,2534.774,
282,5277,,Point,41.40913796,-111.5337498,2534.713,
281,5276,,Point,41.40914835,-111.5337469,2533.453,
280,5275,,Point,41.40916225,-111.5337385,2537.345,
279,5274,,Point,41.40914524,-111.5337421,2534.119,
278,5273,,Point,41.40915944,-111.5337325,2534.636,
277,5272,,Point,41.40915707,-111.533729,2534.138,
276,5271,,Point,41.40910804,-111.5337833,2533.656,
275,potr42,,Point,41.40908736,-111.5337935,2535.854,
274,potr41,,Point,41.40906637,-111.5338076,2536.091,
273,5270,,Point,41.40908048,-111.5337953,2537.259,
272,5269,,Point,41.40907963,-111.5337846,2535.585,
271,potr40,,Point,41.40905272,-111.53375,2536.179,
270,"potr38,39",,Point,41.40906282,-111.5337266,2539.147,
269,5268,,Point,41.40909064,-111.5337303,2535.379,
268,5267,,Point,41.40910905,-111.5337135,2535.127,
264,5263,,Point,41.40909144,-111.5337005,2539.173,
263,5262,,Point,41.40905509,-111.5337065,2536.256,
261,potr37,,Point,41.40906689,-111.533669,2536.85,
260,potr36,,Point,41.40906489,-111.5336739,2536.365,
259,5259,,Point,41.40907935,-111.5336553,2536.835,
258,5257,,Point,41.40906838,-111.5336695,2536.357,
257,5255,,Point,41.40908437,-111.5336724,2534.154,
256,5254,,Point,41.40909388,-111.5336486,2538.791,
255,5253,,Point,41.40909144,-111.5336689,2535.328,
254,5252,,Point,41.40909025,-111.5336756,2535.282,
253,5251,,Point,41.4090942,-111.5336814,2534.542,
252,5249,,Point,41.40909471,-111.533681,2534.275,
251,5248,,Point,41.40911793,-111.5336746,2534.251,
250,5247,,Point,41.40912167,-111.5337041,2535.263,
249,5246,,Point,41.40910845,-111.5336827,2533.712,
248,5245,,Point,41.409127,-111.5336935,2537.076,
247,5244,,Point,41.40913805,-111.5336721,2533.354,
246,5243,,Point,41.40911789,-111.5336682,2533.551,
245,5242,,Point,41.4091336,-111.5336366,2535.009,
244,5241,,Point,41.40909526,-111.5336225,2534.243,
243,5240,,Point,41.40912661,-111.5335998,2537.952,
242,5239,,Point,41.40910156,-111.5335889,2533.245,
241,5238,,Point,41.40909746,-111.5336353,2534.59,
240,5237,,Point,41.40907188,-111.533644,2534.476,
239,5236,,Point,41.40902898,-111.5336544,2536.355,
238,5235,,Point,41.40907121,-111.5336527,2535.784,
236,5233,,Point,41.40906692,-111.5336442,2537.316,
235,5232,,Point,41.40906911,-111.533637,2537.559,
234,potr35,,Point,41.40905752,-111.5336261,2535.97,
233,potr34,,Point,41.40905774,-111.53363,2536.372,
232,5231,,Point,41.40907929,-111.5336305,2537.628,
231,5230,,Point,41.40907187,-111.5336117,2536.034,
230,5229,,Point,41.4090432,-111.533603,2535.664,
229,potr33,,Point,41.40904825,-111.5335881,2534.874,
228,potr32,,Point,41.40903655,-111.5335916,2535.576,
227,"5227,28",,Point,41.4090518,-111.5335411,2533.328,
226,5226,,Point,41.40904946,-111.5335257,2534.863,
225,5225,,Point,41.4090717,-111.5335364,2535.623,
224,5224,,Point,41.40907644,-111.5335312,2535.697,
223,5223,,Point,41.40907995,-111.5335452,2535.443,
222,potr31,,Point,41.40908804,-111.5335506,2534.946,
221,5222,,Point,41.4091161,-111.5335536,2535.652,
220,5221,,Point,41.40917163,-111.533566,2532.008,
219,5220,,Point,41.40916946,-111.5335837,2534.031,
218,5219,,Point,41.4091487,-111.5335911,2534.921,
217,5218,,Point,41.40914164,-111.5336234,2532.28,
216,5217,,Point,41.40917141,-111.5336228,2534.347,
215,5216,,Point,41.4091756,-111.5336497,2531.138,
214,5215,,Point,41.40915206,-111.5336736,2532.333,
213,5214,,Point,41.4091464,-111.5336761,2532.866,
212,5212,,Point,41.40915671,-111.5337051,2531.604,
,5213,,Point,41.40915671,-111.5337051,2531.604,
211,5211,,Point,41.4091824,-111.5337051,2530.657,
209,5209,,Point,41.40916494,-111.5337397,2533.123,
208,5208,,Point,41.40917497,-111.533693,2533.295,
207,5207,,Point,41.40918826,-111.5336991,2533.626,
206,5205,,Point,41.40917761,-111.5337096,2531.832,
,5206,,Point,41.40917761,-111.5337096,2531.832,
205,5204,,Point,41.4091564,-111.5337264,2532.164,
204,5203,,Point,41.40914695,-111.5337824,2532.347,
203,5202,,Point,41.40917834,-111.5338054,2530.443,
202,potr30,,Point,41.40916123,-111.533804,2532.559,
200,5199,,Point,41.40916834,-111.5338548,2530.361,
,5200,,,,,,
199,5198,,Point,41.40915155,-111.5338425,2530.804,
198,5197,,Point,41.40916373,-111.5338815,2531.342,
197,potr29,,Point,41.40916851,-111.5338869,2531.571,
196,potr28,,Point,41.40913413,-111.5338295,2532.403,
195,potr27,,Point,41.4091168,-111.5338425,2532.243,
194,potr26,,Point,41.40913517,-111.5338613,2534.054,
193,"potr24,25",,Point,41.40913019,-111.5338702,2532.818,
192,potr23,,Point,41.40912765,-111.5338897,2535.085,
191,5196,,Point,41.40910964,-111.5338721,2534.181,
,5195,,Point,41.40910964,-111.5338721,2534.181,
,5194,,Point,41.40910964,-111.5338721,2534.181,
,5193,,Point,41.40910964,-111.5338721,2534.181,
190,5192,,Point,41.40911901,-111.5339026,2533.956,
189,potr22,,Point,41.40913745,-111.5339103,2536.033,
188,5191,,Point,41.40916232,-111.5339389,2532.596,
187,5190,,Point,41.40913177,-111.5339451,2535.758,
186,5188,,Point,41.40913741,-111.5339247,2528.927,
,5189,,Point,41.40913741,-111.5339247,2528.927,
185,5187,,Point,41.40914143,-111.5339457,2532.932,
184,5185,,Point,41.40917498,-111.5339219,2533.086,
,5186,,Point,41.40917498,-111.5339219,2533.086,
183,5184,,Point,41.40917771,-111.5339154,2529.998,
182,5183,,Point,41.40917522,-111.5339403,2530.792,
181,5181,,Point,41.40912508,-111.5339568,2535.22,
180,5180,,Point,41.40913209,-111.5339772,2533.609,
,5182,,Point,41.40913209,-111.5339772,2533.609,
179,5179,,Point,41.40914323,-111.5339718,2530.243,
178,5178,,Point,41.40916236,-111.5339809,2531.941,
177,5177,,Point,41.40916554,-111.5339855,2532.059,
176,5176,,Point,41.40917444,-111.5340018,2531.268,
175,5175,,Point,41.40914761,-111.5340041,2531.933,
174,ptr21,,Point,41.40911815,-111.5340261,2533.418,
173,5174,,Point,41.40911556,-111.5340491,2531.702,
,5173,,Point,41.40911556,-111.5340491,2531.702,
172,potr20,,Point,41.40909386,-111.5340591,2532.589,
171,5172,,Point,41.40908979,-111.5340512,2531.957,
170,potr19,,Point,41.40909466,-111.5340388,2533.819,
169,potr18,,Point,41.40909421,-111.5340364,2534.797,
168,potr17,,Point,41.40909004,-111.5340416,2534.951,
167,5171,,Point,41.40906086,-111.5340936,2535.906,
166,potr16,,Point,41.40909493,-111.5340894,2534.512,
165,potr15,,Point,41.40910805,-111.5340919,2529.32,
164,5170,,Point,41.4091007,-111.5341019,2533.577,
163,5169,,Point,41.40913774,-111.5340926,2534.007,
162,5168,,Point,41.40914643,-111.5340724,2534.88,
,5167,,Point,41.40914643,-111.5340724,2534.88,
,5166,,Point,41.40914643,-111.5340724,2534.88,
161,potr14,,Point,41.40914163,-111.5341147,2533.277,
160,5165,,Point,41.40916031,-111.5341205,2532.107,
159,5164,,Point,41.4091626,-111.534124,2531.843,
158,5163,,Point,41.40916756,-111.5341097,2531.913,
157,5162,,Point,41.40916371,-111.5340999,2533.679,
156,potr13,,Point,41.40918537,-111.534095,2531.975,
155,5161,,Point,41.40918518,-111.5341015,2530.966,
154,5160,,Point,41.40919255,-111.5340915,2533.75,
153,5159,,Point,41.4091976,-111.5341104,2529.468,
152,5158,,Point,41.40922584,-111.534117,2529.135,
151,potr12,,Point,41.40925322,-111.53408,2528.479,
150,potr11,,Point,41.40926024,-111.5341007,2527.553,
149,potr10,,Point,41.40924893,-111.5341056,2528.392,
148,potr9,,Point,41.4092379,-111.534105,2530.904,
147,potr8,,Point,41.40924017,-111.5341055,2530.848,
146,potr7,,Point,41.40922758,-111.5340768,2532.277,
145,5157,,Point,41.40922649,-111.5340607,2532.189,
144,potr6,,Point,41.40920375,-111.5340232,2532.953,
143,5155,,Point,41.40923017,-111.5340604,2532.538,
,5156,,Point,41.40923017,-111.5340604,2532.538,
142,5154,,Point,41.40924419,-111.5340505,2529.934,
141,5153,,Point,41.4092654,-111.5340184,2527.871,
140,5152,,Point,41.40927112,-111.5340177,2529.075,
139,potr5,,Point,41.40926087,-111.5340009,2529.83,
138,5150,,Point,41.40925695,-111.5340342,2530.196,
,5151,,Point,41.40925695,-111.5340342,2530.196,
137,5149,,Point,41.40925626,-111.5340363,2528.786,
136,5147,,Point,41.40925482,-111.5340175,2530.023,
,5148,,Point,41.40925482,-111.5340175,2530.023,
135,5146,,Point,41.40922416,-111.5339915,2530.261,
134,5145,,Point,41.40925083,-111.5339921,2532.892,
133,5144,,Point,41.40918292,-111.5339697,2527.783,
132,potr4,,Point,41.40920062,-111.5339533,2532.724,
131,5143,,Point,41.4092207,-111.5339466,2531.428,
130,5142,,Point,41.40920059,-111.5339393,2529.537,
129,5141,,Point,41.40923106,-111.5339434,2528.22,
128,5140,,Point,41.40922525,-111.5339217,2528.94,
127,potr3,,Point,41.40921605,-111.5339237,2529.226,
126,5139,,Point,41.40920929,-111.5339101,2529.736,
125,potr2,,Point,41.40921119,-111.5339079,2529.689,
124,potr1,,Point,41.40921724,-111.5338963,2529.474,
123,5138,,Point,41.40923358,-111.5338425,2527.74,
122,5137,,Point,41.40923646,-111.5338242,2527.514,
121,5136,,Point,41.4091954,-111.5338424,2528.309,
120,5135,,Point,41.40920231,-111.5337713,2533.851,
119,5134,,Point,41.4091917,-111.5337495,2532.517,
118,5133,,Point,41.40922008,-111.5337083,2529.826,
117,5132,,Point,41.40923635,-111.5336954,2529.432,
116,5131,,Point,41.40922592,-111.5337018,2529.114,
115,5129,,Point,41.40921248,-111.5336846,2529.825,
,5130,,Point,41.40921248,-111.5336846,2529.825,
114,5128,,Point,41.40919864,-111.5336675,2531.757,
113,5127,,Point,41.40921079,-111.5336339,2530.152,
112,5126,,Point,41.40927809,-111.5336136,2528.714,
111,5125,,Point,41.40925723,-111.5336224,2525.716,
110,5124,,Point,41.40925452,-111.5336241,2530.651,
109,5123,,Point,41.40925346,-111.5336315,2530.486,
108,5122,,Point,41.4092508,-111.5337565,2526.962,
106,5120,,Point,41.40929856,-111.5338116,2525.348,
105,5119,,Point,41.40929213,-111.5338156,2524.877,
104,5118,,Point,41.4092985,-111.533828,2525.15,
100,5114,,Point,41.40927659,-111.5338511,2527.459,
99,5113,,Point,41.40927144,-111.5338297,2526.947,
98,5112,,Point,41.40929683,-111.5338472,2524.848,
97,5111,,Point,41.40929722,-111.5338454,2525.522,
96,5110,,Point,41.40928901,-111.5338592,2524.579,
94,5108,,Point,41.40929987,-111.5338862,2522.775,
92,5106,,Point,41.40927175,-111.5338457,2523.334,
91,5105,,Point,41.40925777,-111.5338714,2529.025,
90,5105,,Point,41.40925338,-111.5338834,2525.807,
89,5104,,Point,41.40925673,-111.5338743,2530.703,
87,5101,,Point,41.4092642,-111.5339003,2524.22,
,5080,,Point,41.4092642,-111.5339003,2524.22,
,5103,,Point,41.4092642,-111.5339003,2524.22,
,5102,,Point,41.4092642,-111.5339003,2524.22,
86,5099,,Point,41.40926387,-111.5338845,2528.242,
,5100,,Point,41.40926387,-111.5338845,2528.242,
85,5098,,Point,41.40924732,-111.5339265,2526.869,
82,5095,,Point,41.40925649,-111.533949,2528.898,
81,5094,,Point,41.40926644,-111.5339601,2531.178,
80,5092,,Point,41.40926086,-111.5339191,2526.862,
,5093,,Point,41.40926086,-111.5339191,2526.862,
79,5091,,Point,41.40927586,-111.5339135,2525.769,
78,5090,,Point,41.40928904,-111.5339328,2525.897,
77,5089,,Point,41.40929189,-111.5339538,2525.599,
76,5088,,Point,41.40929242,-111.5340261,2526.188,
75,5087,,Point,41.4093057,-111.5340588,2526.33,
74,5086,,Point,41.40930422,-111.53406,2526.205,
73,5085,,Point,41.40932557,-111.5340976,2525.897,
,5084,,Point,41.40932557,-111.5340976,2525.897,
,5083,,Point,41.40932557,-111.5340976,2525.897,
72,5082,,Point,41.40932725,-111.5340337,2525.381,
71,5081,,Point,41.40932552,-111.5340288,2525.419,
69,5079,,Point,41.40933458,-111.534028,2524.966,
68,5078,,Point,41.40933752,-111.5340295,2523.516,
67,5076,,Point,41.40932935,-111.5340335,2523.406,
66,5075,,Point,41.40932184,-111.5340479,2524.548,
,5074,,Point,41.40932184,-111.5340479,2524.548,
,5073,,Point,41.40932184,-111.5340479,2524.548,
65,5072,,Point,41.40933938,-111.5340553,2524.414,
64,5071,,Point,41.40934612,-111.5340506,2524.249,
63,5070,,Point,41.40936017,-111.5340374,2525.692,
62,5069,,Point,41.40936455,-111.5340545,2522.397,
61,5068,,Point,41.40938194,-111.5340517,2524.616,
60,5067,,Point,41.40938141,-111.5340868,2524.021,
59,5066,,Point,41.40941189,-111.5340734,2522.087,
58,5065,,Point,41.40940372,-111.5340659,2522.905,
57,5064,,Point,41.40939067,-111.5340897,2522.951,
56,5063,,Point,41.4094042,-111.5340778,2523.268,
55,5062,,Point,41.40940252,-111.5340811,2523.202,
54,5061,,Point,41.40940173,-111.5340743,2524.204,
53,5060,,Point,41.40939121,-111.5340404,2522.534,
52,11,,Point,41.40941102,-111.5340183,2517.042,
,5059,,Point,41.40941102,-111.5340183,2517.042,
,5058,,Point,41.40941102,-111.5340183,2517.042,
,5057,,Point,41.40941102,-111.5340183,2517.042,
,5056,,Point,41.40941102,-111.5340183,2517.042,
51,5054,,Point,41.40939357,-111.5340437,2523.642,
,5055,,Point,41.40939357,-111.5340437,2523.642,
50,5053,,Point,41.40938939,-111.5340147,2522.152,
,10,,Point,41.40938939,-111.5340147,2522.152,
49,5051,,Point,41.40938223,-111.5339893,2522.553,
,5052,,Point,41.40938223,-111.5339893,2522.553,
48,5050,,Point,41.40937952,-111.5339919,2521.445,
47,5049,,Point,41.40937616,-111.5340215,2526.837,
,9,,Point,41.40937616,-111.5340215,2526.837,
,8,,Point,41.40937616,-111.5340215,2526.837,
,7,,Point,41.40937616,-111.5340215,2526.837,
46,5048,,Point,41.40934001,-111.5339538,2527.369,
45,5047,,Point,41.40933859,-111.5339219,2526.329,
44,5046,,Point,41.40932764,-111.5338742,2527.701,
43,6,,Point,41.40930717,-111.5338279,2524.585,
,5045,,Point,41.40930717,-111.5338279,2524.585,
42,5044,,Point,41.4093025,-111.5338359,2525.074,
41,5043,,Point,41.40930687,-111.5337771,2525.318,
40,5042,,Point,41.40933593,-111.5337633,2522.1,
39,5041,,Point,41.4093992,-111.5337714,2517.881,
38,5040,,Point,41.40938977,-111.533771,2524.997,
37,5039,,Point,41.40940262,-111.5337472,2522.052,
36,5038,,Point,41.40931674,-111.5335348,2526.125,
35,5037,,Point,41.40937597,-111.5337044,2522.989,
,5036,,Point,41.40937597,-111.5337044,2522.989,
,5035,,Point,41.40937597,-111.5337044,2522.989,
,5034,,Point,41.40937597,-111.5337044,2522.989,
34,5033,,Point,41.40929949,-111.533661,2526.979,
33,5032,,Point,41.40938442,-111.5335496,2525.519,
32,5031,,Point,41.40939163,-111.5335222,2525.532,
31,5030,,Point,41.40939225,-111.5335384,2526.499,
30,5029,,Point,41.40947299,-111.5335843,2523.82,
29,5027,,Point,41.40949644,-111.533601,2523.067,
,5026,,Point,41.40949644,-111.533601,2523.067,
28,5025,,Point,41.40949443,-111.5336007,2522.879,
27,5024,,Point,41.40948057,-111.5337361,2522.875,
26,5023,,Point,41.40940509,-111.5336384,2524.766,
25,5022,,Point,41.40939732,-111.5337112,2527.906,
24,5021,,Point,41.40941763,-111.5337533,2523.744,
23,5020,,Point,41.40942193,-111.5339632,2521.39,
22,5019,,Point,41.40943467,-111.533965,2523.175,
21,5017,,Point,41.40945583,-111.5340199,2520.153,
20,5018,,Point,41.40944818,-111.5339896,2519.778,
19,5016,,Point,41.40944228,-111.5339958,2522.847,
18,5015,,Point,41.40941372,-111.5339948,2523.613,
17,5014,,Point,41.40942067,-111.5340132,2521.195,
16,5013,,Point,41.40942251,-111.5340416,2522.175,
15,5012,,Point,41.40942941,-111.5340331,2521.592,
,5011,,Point,41.40942941,-111.5340331,2521.592,
,5010,,Point,41.40942941,-111.5340331,2521.592,
14,5009,,Point,41.40942553,-111.5340326,2521.46,
13,5008,,Point,41.40943217,-111.5340391,2521.287,
12,5007,,Point,41.40942663,-111.5340635,2520.742,
11,5006,,Point,41.40944531,-111.5340964,2520.452,
9,5005,,Point,41.40946508,-111.5341055,2519.723,
8,5004,,Point,41.40946312,-111.5340792,2519.303,
7,5003,,Point,41.40945861,-111.5340937,2517.662,
6,5002,,Point,41.40945891,-111.5340739,2515.734,
,5,,Point,41.40945891,-111.5340739,2515.734,
,4,,Point,41.40945891,-111.5340739,2515.734,
,3,,Point,41.40945891,-111.5340739,2515.734,
,2,,Point,41.40945891,-111.5340739,2515.734,
,1,,Point,41.40945891,-111.5340739,2515.734,
5,5001,,Point,41.4094911,-111.5340973,2522.91,
4,SOAP01_NW,,Point,40.54578808,-111.0299532,2643.385,
3,SOAP_NE,,Point,40.545805,-111.0293648,2663.464,
2,SOAP01_SE,,Point,40.54536404,-111.0293442,2660.366,
1,SOAP01_SW,,Point,40.54533917,-111.0299306,2639.259,
