"","site","tag","species","dbh","height","canopy_ht","brooms","rot","Dead / Alive_v1","Dead / Alive_v2","Dead / Alive_v3","Dead / Alive_v4","Inf Location_v1","Inf Location_v2","Inf Location_v3","Inf Location_v4","Gouting_v1","Gouting_v2","Gouting_v3","Gouting_v4","Beetle_v1","Beetle_v2","Beetle_v3","Beetle_v4","NL_v1","NL_v2","NL_v3","NL_v4","NLW_v1","NLW_v2","NLW_v3","NLW_v4","NM_v1","NM_v2","NM_v3","NM_v4","NMW_v1","NMW_v2","NMW_v3","NMW_v4","NH_v1","NH_v2","NH_v3","NH_v4","NHW_v1","NHW_v2","NHW_v3","NHW_v4","SL_v1","SL_v2","SL_v3","SL_v4","SLW_v1","SLW_v2","SLW_v3","SLW_v4","SM_v1","SM_v2","SM_v3","SM_v4","SMW_v1","SMW_v2","SMW_v3","SMW_v4","SH_v1","SH_v2","SH_v3","SH_v4","SHW_v1","SHW_v2","SHW_v3","SHW_v4","Notes_v1","Notes_v2","Notes_v3","Notes_v4","Visit_v1","Visit_v2","Visit_v3","Visit_v4","WSB_v1","WSB_v2","WSB_v3","WSB_v4","infested_v1","infested_v2","infested_v3","infested_v4","new_infestation","tag_ID","Number","Tag #","Description","GeometryType","Elevation","GeoidOffset","distance","infestation_visit_1","infestation_visit_2","infestation_visit_3","infestation_visit_4","unique_ID","TARGET","DISTANCE","TARGET2","DISTANCE2","TARGET3","DISTANCE3","TARGET4","DISTANCE4","geometry.x","Latitude.focal","Longitude.focal","Latitude.target","Longitude.target","geometry.y","bearings1","Latitude.target2","Longitude.target2","geometry.x.x","bearings2","Latitude.target3","Longitude.target3","geometry.y.y","bearings3","Latitude.target4","Longitude.target4","geometry","bearings4","infestation_sum_Visit1_focal","infestation_sum_Visit2_focal","infestation_sum_Visit3_focal","infestation_sum_Visit4_focal","inf_sum_Visit1_target","inf_sum_Visit2_target","inf_sum_Visit3_target","inf_sum_Visit4_target"
"1","CXSP",901,"ABLA",4.3,25.4,0.2,2,"0",1,1,1,1,"0","0","0","BO",0,1,0,0,"0","0","0","0",0,0,0,1,"0","0","0",NA,0,0,0,2,"0","0","0",NA,0,0,0,1,"0","0","0",NA,0,0,0,0,"0","0","0",NA,0,0,0,0,"0","0","0",NA,0,0,0,0,"0","0","0",NA,"WOB","WOB","WOB","WOB",1,2,3,4,NA,NA,NA,NA,0,0,0,1,1,"CXSP901",2950,901,NA,"Point",2243.409,-16.903,0.0657914768050761,0,0,0,1,"CXSP_901_1","CXSP_935_37",3.88078346554599,"CXSP_935_37",3.88078346554599,"CXSP_935_37",3.88078346554599,"CXSP_935_37",3.88078346554599,NA,41.64148837,-111.4923609,41.6415047,-111.4923197,NA,62.1485745427756,41.6415047,-111.4923197,NA,62.1485745427756,41.6415047,-111.4923197,NA,62.1485745427756,41.6415047,-111.4923197,NA,62.1485745427756,0,0,0,4,12,12,12,12
"2","CXSP",5201,"ABLA",NA,1.3,0,0,"0",1,1,1,1,"0","0","0","0",0,0,0,0,"0","0","0","0",0,0,0,0,"0","0","0",NA,0,0,0,0,"0","0","0",NA,0,0,0,0,"0","0","0",NA,0,0,0,0,"0","0","0",NA,0,0,0,0,"0","0","0",NA,0,0,0,0,"0","0","0",NA,NA,NA,NA,NA,1,2,3,4,NA,NA,NA,NA,0,0,0,0,0,"CXSP5201",NA,5201,NA,NA,2243.409,-16.903,0.0657914768050761,0,0,0,0,"CXSP_5201_2","CXSP_935_37",3.88078346554599,"CXSP_935_37",3.88078346554599,"CXSP_935_37",3.88078346554599,"CXSP_935_37",3.88078346554599,NA,41.64148837,-111.4923609,41.6415047,-111.4923197,NA,62.1485745427756,41.6415047,-111.4923197,NA,62.1485745427756,41.6415047,-111.4923197,NA,62.1485745427756,41.6415047,-111.4923197,NA,62.1485745427756,0,0,0,0,12,12,12,12
"3","CXSP",902,"ABLA",3,17.4,0,1,"0",1,1,1,1,"0","0","0","BO",1,1,1,1,"0","0","0","0",0,0,0,1,"0","0","0",NA,0,0,0,1,"0","0","0",NA,0,0,0,0,"0","0","0",NA,0,0,0,0,"0","0","0",NA,0,0,0,0,"0","0","0",NA,0,0,0,0,"0","0","0",NA,"WOB","WOB","WOB","WOB",1,2,3,4,NA,NA,NA,NA,0,0,0,1,1,"CXSP902",2951,902,NA,"Point",2242.385,-16.903,0.0626073513773468,0,0,0,1,"CXSP_902_3","CXSP_5260_18",3.76054920216053,"CXSP_5260_18",3.76054920216053,"CXSP_919_21",5.3949224735481,"CXSP_908_5",1.04146427946939,NA,41.6414536,-111.4923345,41.6414763711667,-111.492301072667,NA,47.7565329135882,41.6414763711667,-111.492301072667,NA,47.7565329135882,41.64149519,-111.492301,NA,31.1410479369293,41.64145333,-111.492322,NA,91.6493717306845,0,0,0,2,2,2,0,7
"4","CXSP",903,"ABLA",2.2,13.6,0,3,"0",1,1,1,1,"0","0","0","BO",0,0,1,1,"0","0","0","0",0,0,0,0,"0","0","0",NA,0,0,0,1,"0","0","0",NA,0,0,0,0,"0","0","0",NA,0,0,0,1,"0","0","0",NA,0,0,0,0,"0","0","0",NA,0,0,0,0,"0","0","0",NA,"WOB","WOB","WOB","WOB",1,2,3,4,NA,NA,NA,NA,0,0,0,1,1,"CXSP903",2952,903,NA,"Point",2243.01,-16.903,0.0610164422432338,0,0,0,1,"CXSP_903_4","CXSP_5260_18",4.32731024374027,"CXSP_1018_112",3.69124393911376,"CXSP_904_11",4.95718219753894,"CXSP_907_8",1.48929888955748,NA,41.6414399,-111.4923194,41.6414763711667,-111.492301072667,NA,20.6540410536018,41.64142171,-111.4922823,NA,123.169213082489,41.64143346,-111.4922605,NA,98.2929236007569,41.64144861,-111.4923058,NA,49.510189353227,0,0,0,2,2,2,0,7
"5","CXSP",908,"ABLA",NA,8.8,0,0,"0",1,1,1,1,"0","0","BO","BO",1,1,1,1,"0","0","0","0",0,0,0,0,"0","0","0",NA,0,0,0,1,"0","0","0",NA,0,0,0,0,"0","0","0",NA,0,0,0,2,"0","0","0",NA,0,0,0,2,"0","0","0",NA,0,0,0,0,"0","0","0",NA,"Rot in area","Rot in area","Rot in area","Rot in area",1,2,3,4,NA,NA,NA,NA,0,0,0,1,1,"CXSP908",2957,908,NA,"Point",2244.632,-16.903,0.0615957720128335,0,0,0,1,"CXSP_908_5","CXSP_5260_18",3.09542479599008,"CXSP_5260_18",3.09542479599008,"CXSP_909_9",4.90556964194006,"CXSP_902_3",1.04146427946939,NA,41.64145333,-111.492322,41.6414763711667,-111.492301072667,NA,34.2670702713848,41.6414763711667,-111.492301072667,NA,34.2670702713848,41.64148016,-111.4922752,NA,52.6109407134536,41.6414536,-111.4923345,NA,-88.3506199634771,0,0,0,5,2,2,0,7
"6","CXSP",905,"ABLA",1.8,13.1,0,0,"0",1,1,1,1,"0","0","0","BO",0,0,0,0,"0","0","0","0",0,0,0,0,"0","0","0",NA,0,0,0,0,"0","0","0",NA,0,0,0,0,"0","0","0",NA,0,0,0,2,"0","0","0",NA,0,0,0,1,"0","0","0",NA,0,0,0,1,"0","0","0",NA,NA,NA,NA,NA,1,2,3,4,NA,NA,NA,NA,0,0,0,1,1,"CXSP905",2954,905,NA,"Point",2242.783,-16.903,0.0600424871307624,0,0,0,1,"CXSP_905_6","CXSP_5260_18",3.20965414699754,"CXSP_5260_18",3.20965414699754,"CXSP_904_11",4.0014357798275,"CXSP_907_8",0.145660266431712,NA,41.64144759,-111.4923047,41.6414763711667,-111.492301072667,NA,5.40069139744068,41.6414763711667,-111.492301072667,NA,5.40069139744068,41.64143346,-111.4922605,NA,113.082242136256,41.64144861,-111.4923058,NA,-38.9716187264927,0,0,0,4,2,2,0,7
"7","CXSP",906,"ABLA",1.3,9.3,0,0,"0",1,1,1,1,"0","0","0","BO",0,0,0,0,"0","0","0","0",0,0,0,0,"0","0","0",NA,0,0,0,0,"0","0","0",NA,0,0,0,0,"0","0","0",NA,0,0,0,1,"0","0","0",NA,0,0,0,1,"0","0","0",NA,0,0,0,0,"0","0","0",NA,NA,NA,NA,NA,1,2,3,4,NA,NA,NA,NA,0,0,0,1,1,"CXSP906",2955,906,NA,"Point",2241.939,-16.903,0.0602308601975823,0,0,0,1,"CXSP_906_7","CXSP_5260_18",2.99407439806588,"CXSP_5260_18",2.99407439806588,"CXSP_904_11",4.21854853214892,"CXSP_907_8",0.126931003245797,NA,41.64144969,-111.4923063,41.6414763711667,-111.492301072667,NA,8.36058665196132,41.6414763711667,-111.492301072667,NA,8.36058665196132,41.64143346,-111.4922605,NA,115.286357254698,41.64144861,-111.4923058,NA,160.848775153979,0,0,0,2,2,2,0,7
"8","CXSP",907,"ABLA",2,15.5,0,0,"0",1,1,1,1,"0","0","0","BO",0,0,0,0,"0","0","0","0",0,0,0,0,"0","0","0",NA,0,0,0,1,"0","0","0",NA,0,0,0,0,"0","0","0",NA,0,0,0,2,"0","0","0",NA,0,0,0,2,"0","0","0",NA,0,0,0,0,"0","0","0",NA,NA,NA,NA,NA,1,2,3,4,NA,NA,NA,NA,0,0,0,1,1,"CXSP907",2956,907,NA,"Point",2243.81,-16.903,0.0601598393317193,0,0,0,1,"CXSP_907_8","CXSP_5260_18",3.10720474785678,"CXSP_5260_18",3.10720474785678,"CXSP_904_11",4.13067446945455,"CXSP_906_7",0.126931003245797,NA,41.64144861,-111.4923058,41.6414763711667,-111.492301072667,NA,7.27934277557155,41.6414763711667,-111.492301072667,NA,7.27934277557155,41.64143346,-111.4922605,NA,114.029139240778,41.64144969,-111.4923063,NA,-19.1512245137871,0,0,0,5,2,2,0,7
"9","CXSP",909,"ABLA",9.9,38.6,4.9,2,"0",1,1,1,1,"BO","BO","BO","BO",0,0,1,1,"0","0","0","0",2,2,2,2,"3-11","3-2","3–1","3-3",2,2,2,2,"1-6","1-7","1–4","1-4",2,2,2,2,"4-4","4-5","4–4","4-6",2,2,2,2,"1-2","1-2","1–1","1-2",2,2,2,2,"4-10","4-6","4–6","4-5",2,2,2,2,"4-4","4-4","4–5","4-6","1DB","1DB","1DB","1DB",1,2,3,4,NA,NA,NA,NA,1,1,1,1,0,"CXSP909",2959,909,NA,"Point",2241.554,-16.903,0.058739954354758,1,1,1,1,"CXSP_909_9","CXSP_915_16",0.354087650163444,"CXSP_915_16",0.354087650163444,"CXSP_911_12",2.46644929862633,"CXSP_915_16",0.354087650163444,NA,41.64148016,-111.4922752,41.64147776,-111.4922724,NA,138.809149849092,41.64147776,-111.4922724,NA,138.809149849092,41.6414664921667,-111.492251853,NA,127.969411023938,41.64147776,-111.4922724,NA,138.809149849092,12,12,12,12,1,1,0,5
"10","CXSP",910,"ABLA",1.3,10.3,2.6,0,"0",1,1,1,1,"0","BO","BO","BO",0,0,0,0,"0","0","0","0",0,0,0,1,"0","0","0",NA,0,0,0,0,"0","0","0",NA,0,0,0,0,"0","0","0",NA,0,0,0,2,"0","0","0",NA,0,0,0,2,"0","0","0",NA,0,1,0,1,"0","0","0",NA,NA,NA,NA,NA,1,2,3,4,NA,NA,NA,NA,0,1,0,1,1,"CXSP910",2961,910,NA,"Point",2237.866,-16.903,0.0548110182983121,0,1,0,1,"CXSP_910_10","CXSP_904_11",1.35195526292265,"CXSP_904_11",1.35195526292265,"CXSP_904_11",1.35195526292265,"CXSP_904_11",1.35195526292265,NA,41.64143424,-111.4922443,41.64143346,-111.4922605,NA,-93.6725637408113,41.64143346,-111.4922605,NA,-93.6725637408113,41.64143346,-111.4922605,NA,-93.6725637408113,41.64143346,-111.4922605,NA,-93.6725637408113,0,1,0,6,3,5,6,12
"11","CXSP",904,"ABLA",4.3,24.5,0,1,"0",1,1,1,1,"BR, BO","BR, BO","BR, BO","BR, BO",0,0,0,0,"0","0","0","0",0,0,0,2,"0","0","0","1-1",1,1,2,2,"0","0","0","1-1",1,1,2,2,"0","0","0","3-4",1,1,0,2,"0","0","0",NA,0,1,2,2,"0","2-1","2–1","2-2",0,1,0,2,"0","0","0",NA,"1DB","1DB","1DB","1DB",1,2,3,4,NA,NA,NA,NA,1,1,1,1,0,"CXSP904",2960,904,NA,"Point",2241.335,-16.903,0.0560934818264552,1,1,1,1,"CXSP_904_11","CXSP_911_12",3.73740681782946,"CXSP_910_10",1.35195526292265,"CXSP_911_12",3.73740681782946,"CXSP_910_10",1.35195526292265,NA,41.64143346,-111.4922605,41.6414664921667,-111.492251853,NA,11.1095577238499,41.64143424,-111.4922443,NA,86.3274254948263,41.6414664921667,-111.492251853,NA,11.1095577238499,41.64143424,-111.4922443,NA,86.3274254948263,3,5,6,12,12,12,12,12
"12","CXSP",911,"ABLA",23.3,66.6,14.4,2,"0",1,1,1,1,"BR, BO","BR, BO","BR, BO","BR, BO",0,0,0,0,"0","0","0","0",2,2,2,2,"1-3","1-2","1–15","1-15",2,2,2,2,"2-18","2-17","2–17","2-13",2,2,2,2,"1-0","1-0","1–0","1-0",2,2,2,2,"4-5","4-7","4–8","4-9",2,2,2,2,"3-0","3-1","31","3-1",2,2,2,2,"2-0","2-0","2–0","2-0","1DB","1DB","1DB","1DB",1,2,3,4,NA,NA,NA,NA,1,1,1,1,0,"CXSP911",5333,911,NA,"Point",2242.987,-16.903,0.056419599892768,1,1,1,1,"CXSP_911_12","CXSP_915_16",2.11972583793104,"CXSP_913_14",1.48194952475245,"CXSP_909_9",2.46644929862633,"CXSP_913_14",1.48194952475245,NA,41.6414664921667,-111.492251853,41.64147776,-111.4922724,NA,-53.8308014535397,41.64147324,-111.4922365,NA,59.6333268011141,41.64148016,-111.4922752,NA,-52.0305734627436,41.64147324,-111.4922365,NA,59.6333268011141,12,12,12,12,1,1,0,5
"13","CXSP",912,"ABLA",NA,5.6,0,3,"0",1,1,1,1,"0","0","0","0",1,0,0,0,"BIB","BIB","BIB","BIB",0,0,0,0,"0","0","0",NA,0,0,0,0,"0","0","0",NA,0,0,0,0,"0","0","0",NA,0,0,0,0,"0","0","0",NA,0,0,0,0,"0","0","0",NA,0,0,0,0,"0","0","0",NA,"1DB","1DB","1DB","1DB",1,2,3,4,NA,NA,NA,NA,0,0,0,0,0,"CXSP912",2962,912,NA,"Point",2237.516,-16.903,0.0540648051456916,0,0,0,0,"CXSP_912_13","CXSP_1013_108",1.91535064776803,"CXSP_910_10",0.748236293296823,"CXSP_1013_108",1.91535064776803,"CXSP_910_10",0.748236293296823,NA,41.64143229,-111.4922357,41.64143455,-111.4922129,NA,82.472496965349,41.64143424,-111.4922443,NA,-73.1813506496434,41.64143455,-111.4922129,NA,82.472496965349,41.64143424,-111.4922443,NA,-73.1813506496434,0,0,0,0,12,12,12,12
"14","CXSP",913,"ABLA",1.3,13.7,7.6,0,"0",1,1,1,1,"0","BO","BO","BO",0,1,0,0,"0","0","0","0",0,0,0,1,"0","0","0",NA,0,0,0,1,"0","0","0",NA,0,0,0,0,"0","0","0",NA,0,0,0,2,"0","0","0",NA,0,1,0,1,"0","0","0",NA,0,0,0,0,"0","0","0",NA,NA,NA,NA,NA,1,2,3,4,NA,NA,NA,NA,0,1,0,1,1,"CXSP913",2963,913,NA,"Point",2243.737,-16.903,0.055448464179256,0,1,0,1,"CXSP_913_14","CXSP_911_12",1.48194952475245,"CXSP_911_12",1.48194952475245,"CXSP_911_12",1.48194952475245,"CXSP_914_15",0.134460459470661,NA,41.64147324,-111.4922365,41.6414664921667,-111.492251853,NA,-120.36666299732,41.6414664921667,-111.492251853,NA,-120.36666299732,41.6414664921667,-111.492251853,NA,-120.36666299732,41.64147443,-111.4922362,NA,10.7086563545958,0,1,0,5,12,12,12,12
"15","CXSP",914,"ABLA",1.3,10.1,3.9,0,"0",1,1,1,1,"0","0","0","BO",0,1,0,0,"0","0","0","0",0,0,0,1,"0","0","0",NA,0,0,0,1,"0","0","0",NA,0,0,0,0,"0","0","0",NA,0,0,0,1,"0","0","0",NA,0,0,0,1,"0","0","0",NA,0,0,0,0,"0","0","0",NA,NA,NA,NA,NA,1,2,3,4,NA,NA,NA,NA,0,0,0,1,1,"CXSP914",2964,914,NA,"Point",2243.756,-16.903,0.0554683843908223,0,0,0,1,"CXSP_914_15","CXSP_911_12",1.57356491915464,"CXSP_913_14",0.134460459470661,"CXSP_911_12",1.57356491915464,"CXSP_913_14",0.134460459470661,NA,41.64147443,-111.4922362,41.6414664921667,-111.492251853,NA,-124.05997718252,41.64147324,-111.4922365,NA,-169.291343446064,41.6414664921667,-111.492251853,NA,-124.05997718252,41.64147324,-111.4922365,NA,-169.291343446064,0,0,0,4,12,12,12,12
"16","CXSP",915,"ABLA",2.8,19.4,6.6,0,"0",1,1,1,1,"BO","BO","BR, BO","BR, BO",0,1,0,0,"0","0","0","0",0,0,0,1,"0","0","0",NA,1,1,0,1,"0","0","0",NA,0,0,0,1,"0","0","0",NA,0,0,0,1,"0","0","0",NA,0,0,0,1,"0","0","0",NA,0,0,0,0,"0","0","0",NA,NA,NA,NA,NA,1,2,3,4,NA,NA,NA,NA,1,1,0,1,0,"CXSP915",2965,915,NA,"Point",2244.128,-16.903,0.0584339907134539,1,1,0,1,"CXSP_915_16","CXSP_909_9",0.354087650163444,"CXSP_909_9",0.354087650163444,"CXSP_909_9",0.354087650163444,"CXSP_909_9",0.354087650163444,NA,41.64147776,-111.4922724,41.64148016,-111.4922752,NA,-41.1908482903989,41.64148016,-111.4922752,NA,-41.1908482903989,41.64148016,-111.4922752,NA,-41.1908482903989,41.64148016,-111.4922752,NA,-41.1908482903989,1,1,0,5,12,12,12,12
"17","CXSP",916,"ABLA",1.9,14.5,4,0,"0",1,1,1,1,"BO","BO","BO","BO",0,1,1,1,"0","0","0","0",0,0,0,2,"0","0","0",NA,1,1,0,2,"0","0","0",NA,0,0,0,0,"0","0","0",NA,0,0,0,1,"0","0","0",NA,1,1,0,2,"0","0","0",NA,0,0,0,0,"0","0","0",NA,NA,NA,NA,NA,1,2,3,4,NA,NA,NA,NA,1,1,0,1,0,"CXSP916",2966,916,NA,"Point",2242.133,-16.903,0.060292709866603,1,1,0,1,"CXSP_916_17","CXSP_918_20",0.762520143351269,"CXSP_918_20",0.762520143351269,"CXSP_919_21",1.03725469597967,"CXSP_920_22",0.5804412370285,NA,41.64149067,-111.4922901,41.64148684,-111.4922825,NA,123.893732789841,41.64148684,-111.4922825,NA,123.893732789841,41.64149519,-111.492301,NA,-61.0657642131042,41.64148801,-111.4922961,NA,-120.583455109229,2,2,0,7,1,1,0,5
"18","CXSP",5260,"ABLA",1,7.9,1.8,0,"0",1,1,1,1,"BO","BO","BR, BO","BR, BO",0,1,1,1,"0","0","0","0",0,0,0,2,"0","0","0",NA,1,1,0,2,"0","0","0",NA,0,0,0,0,"0","0","0",NA,0,0,0,1,"0","0","0",NA,1,1,0,2,"0","0","0",NA,0,0,0,0,"0","0","0",NA,NA,NA,NA,NA,1,2,3,4,NA,NA,NA,NA,1,1,0,1,0,"CXSP5260",5337,5260,NA,"Point",2245.988,-16.903,0.0606494461088881,1,1,0,1,"CXSP_5260_18","CXSP_916_17",1.83174715823869,"CXSP_916_17",1.83174715823869,"CXSP_919_21",2.08935463751957,"CXSP_920_22",1.35693389560299,NA,41.6414763711667,-111.492301072667,41.64149067,-111.4922901,NA,29.9262875612953,41.64149067,-111.4922901,NA,29.9262875612953,41.64149519,-111.492301,NA,0.16595963104775,41.64148801,-111.4922961,NA,17.7702101937978,2,2,0,7,2,2,0,7
"19","CXSP",917,"ABLA",1.1,9.2,4.9,0,"0",1,1,1,1,"0","0","0","BO",0,1,0,0,"0","0","0","0",0,0,0,0,"0","0","0",NA,0,0,0,0,"0","0","0",NA,0,0,0,0,"0","0","0",NA,0,0,0,1,"0","0","0",NA,0,0,0,0,"0","0","0",NA,0,0,0,0,"0","0","0",NA,NA,NA,NA,NA,1,2,3,4,NA,NA,NA,NA,0,0,0,1,1,"CXSP917",2967,917,NA,"Point",2241.199,-16.903,0.0590884210813638,0,0,0,1,"CXSP_917_19","CXSP_918_20",0.58425504175729,"CXSP_918_20",0.58425504175729,"CXSP_909_9",0.916203068096852,"CXSP_918_20",0.58425504175729,NA,41.6414884,-111.4922758,41.64148684,-111.4922825,NA,-107.244025565774,41.64148684,-111.4922825,NA,-107.244025565774,41.64148016,-111.4922752,NA,176.873547028429,41.64148684,-111.4922825,NA,-107.244025565774,0,0,0,1,1,1,0,5
"20","CXSP",918,"ABLA",1.9,15,6,0,"0",1,1,1,1,"BO","BO","BO","BO",0,1,0,0,"0","0","0","0",0,0,0,2,"0","0","0",NA,0,0,0,0,"0","0","0",NA,0,0,0,0,"0","0","0",NA,0,0,0,1,"0","0","0",NA,1,1,0,1,"0","0","0",NA,0,0,0,1,"0","0","0",NA,NA,NA,NA,NA,1,2,3,4,NA,NA,NA,NA,1,1,0,1,0,"CXSP918",2968,918,NA,"Point",2244.165,-16.903,0.0595556599806212,1,1,0,1,"CXSP_918_20","CXSP_916_17",0.762520143351269,"CXSP_916_17",0.762520143351269,"CXSP_909_9",0.958984442542805,"CXSP_917_19",0.58425504175729,NA,41.64148684,-111.4922825,41.64149067,-111.4922901,NA,-56.1062621602056,41.64149067,-111.4922901,NA,-56.1062621602056,41.64148016,-111.4922752,NA,140.656712684313,41.6414884,-111.4922758,NA,72.7559699822939,1,1,0,5,2,2,0,7
"21","CXSP",919,"ABLA",2.5,17.7,3.4,0,"0",1,1,1,1,"BO","BO","BO","BO",1,1,0,0,"0","0","0","0",0,0,0,2,"0","0","0",NA,1,1,2,2,"0","0","0",NA,0,0,0,1,"0","0","0",NA,0,0,0,2,"0","0","0",NA,0,0,0,2,"0","0","0",NA,0,0,0,0,"0","0","0",NA,NA,NA,NA,NA,1,2,3,4,NA,NA,NA,NA,1,1,1,1,0,"CXSP919",2969,919,NA,"Point",2244.819,-16.903,0.0613144252863216,1,1,1,1,"CXSP_919_21","CXSP_926_28",0.312486139440674,"CXSP_926_28",0.312486139440674,"CXSP_929_31",1.05486139536441,"CXSP_926_28",0.312486139440674,NA,41.64149519,-111.492301,41.64149747,-111.4922988,NA,35.8973767223301,41.64149747,-111.4922988,NA,35.8973767223301,41.64150469,-111.4923008,NA,0.904751539694845,41.64149747,-111.4922988,NA,35.8973767223301,1,1,2,9,1,2,0,8
"22","CXSP",920,"ABLA",1.7,9.6,0.7,0,"0",1,1,1,1,"0","0","BO","BO",1,1,1,1,"0","0","0","0",0,0,0,1,"0","0","0",NA,0,0,0,1,"0","0","0",NA,0,0,0,1,"0","0","0",NA,0,0,0,2,"0","0","0",NA,0,0,0,1,"0","0","0",NA,0,0,0,2,"0","0","0",NA,NA,NA,NA,NA,1,2,3,4,NA,NA,NA,NA,0,0,0,1,1,"CXSP920",2970,920,NA,"Point",2243.768,-16.903,0.0606658860151346,0,0,0,1,"CXSP_920_22","CXSP_916_17",0.5804412370285,"CXSP_916_17",0.5804412370285,"CXSP_919_21",0.895537344433042,"CXSP_916_17",0.5804412370285,NA,41.64148801,-111.4922961,41.64149067,-111.4922901,NA,59.4165409039658,41.64149067,-111.4922901,NA,59.4165409039658,41.64149519,-111.492301,NA,-27.1091356306081,41.64149067,-111.4922901,NA,59.4165409039658,0,0,0,8,2,2,0,7
"23","CXSP",921,"ABLA",6.2,38.7,8.4,0,"0",1,1,1,1,"BR, BO","BR, BO","BR, BO","BR, BO",2,2,NA,NA,"0","0","0","0",4,4,4,4,"1-7","1-8","1–9","1-26",3,3,3,3,"1-16","1-14","1–16","1-20",2,2,2,2,"3-11","3-13","3–15","3-15",4,4,4,4,"2-18","2-19","2–23","2-18",3,3,3,3,"2-11","2-11","2–13","2-13",3,3,3,3,"4-3","4-2","4–1","4-1",NA,NA,NA,NA,1,2,3,4,NA,NA,NA,NA,1,1,1,1,0,"CXSP921",2971,921,NA,"Point",2242.923,-16.903,0.0599500327239229,1,1,1,1,"CXSP_921_23","CXSP_923_25",0.0258061277678323,"CXSP_923_25",0.0258061277678323,"CXSP_923_25",0.0258061277678323,"CXSP_923_25",0.0258061277678323,NA,41.6415071,-111.4922775,41.64150732,-111.4922774,NA,18.8277354874418,41.64150732,-111.4922774,NA,18.8277354874418,41.64150732,-111.4922774,NA,18.8277354874418,41.64150732,-111.4922774,NA,18.8277354874418,19,19,19,19,18,18,18,18
"24","CXSP",922,"ABLA",5.2,35.3,7.9,0,"0",1,1,1,1,"BR, BO","BR, BO","BR, BO","BR, BO",2,2,2,2,"0","0","0","0",3,3,3,3,"4-2","4-3","4–5","4-12",3,3,3,4,"1-11","1-10","1–12","1-17",3,3,3,3,"2-13","2-12","2–14","2-16",4,4,4,4,NA,"1-4","1–0","2-0",4,4,4,3,"2-19","2-16","2–18","2-18",2,3,3,2,"3-2","3-2","3–1","3-5",NA,NA,NA,NA,1,2,3,4,NA,NA,NA,NA,1,1,1,1,0,"CXSP922",2972,922,NA,"Point",2243.374,-16.903,0.0603811994348514,1,1,1,1,"CXSP_922_24","CXSP_921_23",0.445157085250702,"CXSP_921_23",0.445157085250702,"CXSP_921_23",0.445157085250702,"CXSP_921_23",0.445157085250702,NA,41.64150762,-111.4922828,41.6415071,-111.4922775,NA,97.451698081267,41.6415071,-111.4922775,NA,97.451698081267,41.6415071,-111.4922775,NA,97.451698081267,41.6415071,-111.4922775,NA,97.451698081267,19,20,20,19,19,19,19,19
"25","CXSP",923,"ABLA",5.5,34.3,8.5,0,"0",1,1,1,1,"BR, BO","BR, BO","BR, BO","BR, BO",2,2,2,2,"0","0","0","0",2,2,2,2,"2-7","2-8","2–8","2-12",3,3,3,3,"3-11","3-8","3–7","3-15",3,3,3,3,"2-19","2-19","2–17","2-19",3,3,3,3,"4-5","4-5","4–3","4-8",4,4,4,4,"1-21","1-14","1–17","1-29",3,3,3,3,"2-6","2-5","2–7","2-9",NA,NA,NA,NA,1,2,3,4,NA,NA,NA,NA,1,1,1,1,0,"CXSP923",2973,923,NA,"Point",2245.374,-16.903,0.059951246732555,1,1,1,1,"CXSP_923_25","CXSP_921_23",0.0258061277678323,"CXSP_921_23",0.0258061277678323,"CXSP_921_23",0.0258061277678323,"CXSP_921_23",0.0258061277678323,NA,41.64150732,-111.4922774,41.6415071,-111.4922775,NA,-161.172264446111,41.6415071,-111.4922775,NA,-161.172264446111,41.6415071,-111.4922775,NA,-161.172264446111,41.6415071,-111.4922775,NA,-161.172264446111,18,18,18,18,19,19,19,19
"26","CXSP",924,"ABLA",4.7,29.5,9.8,0,"0",1,1,1,1,"BR, BO","BR, BO","BR, BO","BR, BO",2,2,1,1,"0","0","0","0",3,3,3,3,"2-21","2-23","2–22","2-27",3,3,3,4,"4-15","4-18","4–23","4-30",3,3,3,3,"1-5","1-6","1–8","1-18",3,3,3,3,"2-14","2-17","2–15","2-18",3,3,3,4,"2-11","2-12","3–23","3-20",2,2,3,3,"2-17","2-14","2–20","2-32",NA,NA,NA,NA,1,2,3,4,NA,NA,NA,NA,1,1,1,1,0,"CXSP924",2974,924,NA,"Point",2246.059,-16.903,0.0613471242708757,1,1,1,1,"CXSP_924_26","CXSP_928_30",0.291234068066259,"CXSP_928_30",0.291234068066259,"CXSP_928_30",0.291234068066259,"CXSP_928_30",0.291234068066259,NA,41.64150891,-111.4922946,41.64150642,-111.4922935,NA,161.665700890406,41.64150642,-111.4922935,NA,161.665700890406,41.64150642,-111.4922935,NA,161.665700890406,41.64150642,-111.4922935,NA,161.665700890406,17,17,18,20,1,2,4,5
"27","CXSP",925,"ABLA",1.9,14.5,0.9,0,"0",1,1,1,1,"BO","BO","BO","BO",NA,NA,NA,NA,"0","0","0","0",1,1,0,2,"0","0","0",NA,2,2,2,2,"0","0","0",NA,2,1,2,1,"0","0","0",NA,1,1,0,2,"0","0","0",NA,1,1,0,2,"0","0","0",NA,1,0,0,1,"0","0","0",NA,NA,NA,NA,NA,1,2,3,4,NA,NA,NA,NA,1,1,1,1,0,"CXSP925",2975,925,NA,"Point",2242.029,-16.903,0.0617483649791923,1,1,1,1,"CXSP_925_27","CXSP_932_34",0.173397867833464,"CXSP_932_34",0.173397867833464,"CXSP_934_36",0.368524101708131,"CXSP_932_34",0.173397867833464,NA,41.64151871,-111.4922946,41.64152027,-111.4922947,NA,-2.75296046046262,41.64152027,-111.4922947,NA,-2.75296046046262,41.64152159,-111.4922968,NA,-29.8133836095762,41.64152027,-111.4922947,NA,-2.75296046046262,8,6,4,10,1,1,0,8
"28","CXSP",926,"ABLA",1.6,8,0,0,"0",1,1,1,1,"BO","BO","BO","BO",1,2,2,2,"0","0","0","0",0,0,0,2,"0","0","0",NA,1,1,0,2,"0","0","0",NA,0,0,0,0,"0","0","0",NA,0,1,0,2,"0","0","0",NA,0,0,0,2,"0","0","0",NA,0,0,0,0,"0","0","0",NA,NA,NA,NA,NA,1,2,3,4,NA,NA,NA,NA,1,1,0,1,0,"CXSP926",2976,926,NA,"Point",2242.68,-16.903,0.0612281082642089,1,1,0,1,"CXSP_926_28","CXSP_919_21",0.312486139440674,"CXSP_919_21",0.312486139440674,"CXSP_919_21",0.312486139440674,"CXSP_919_21",0.312486139440674,NA,41.64149747,-111.4922988,41.64149519,-111.492301,NA,-144.102621815841,41.64149519,-111.492301,NA,-144.102621815841,41.64149519,-111.492301,NA,-144.102621815841,41.64149519,-111.492301,NA,-144.102621815841,1,2,0,8,1,1,2,9
"29","CXSP",927,"ABLA",2.1,12,0,0,"0",1,1,1,1,"BO","BO","BO","BO",1,1,1,1,"0","0","0","0",2,2,0,2,"0","0","0",NA,1,2,2,2,"0","0","0",NA,1,1,0,1,"0","0","0",NA,2,2,0,2,"0","0","0",NA,2,2,0,2,"0","0","0",NA,0,0,0,1,"0","0","0",NA,NA,NA,NA,NA,1,2,3,4,NA,NA,NA,NA,1,1,1,1,0,"CXSP927",2977,927,NA,"Point",2241.776,-16.903,0.0609234443165116,1,1,1,1,"CXSP_927_29","CXSP_928_30",0.403385520179442,"CXSP_928_30",0.403385520179442,"CXSP_928_30",0.403385520179442,"CXSP_928_30",0.403385520179442,NA,41.64150292,-111.4922922,41.64150642,-111.4922935,NA,-15.5688801779869,41.64150642,-111.4922935,NA,-15.5688801779869,41.64150642,-111.4922935,NA,-15.5688801779869,41.64150642,-111.4922935,NA,-15.5688801779869,8,9,2,10,1,2,4,5
"30","CXSP",928,"ABLA",2,9.6,0.5,0,"0",1,1,1,1,"BO","BR, BO","BR, BO","BR, BO",2,2,NA,NA,"0","0","0","0",0,0,0,2,"0","0","0",NA,1,1,0,1,"0","0","0",NA,0,0,0,0,"0","0","0",NA,0,0,2,1,"0","0","0",NA,0,1,2,1,"0","0","0",NA,0,0,0,0,"0","0","0",NA,NA,NA,NA,NA,1,2,3,4,NA,NA,NA,NA,1,1,1,1,0,"CXSP928",2978,928,NA,"Point",2244.423,-16.903,0.0611624568027175,1,1,1,1,"CXSP_928_30","CXSP_924_26",0.291234068066259,"CXSP_924_26",0.291234068066259,"CXSP_924_26",0.291234068066259,"CXSP_924_26",0.291234068066259,NA,41.64150642,-111.4922935,41.64150891,-111.4922946,NA,-18.3342983786791,41.64150891,-111.4922946,NA,-18.3342983786791,41.64150891,-111.4922946,NA,-18.3342983786791,41.64150891,-111.4922946,NA,-18.3342983786791,1,2,4,5,17,17,18,20
"31","CXSP",929,"ABLA",2.8,14.7,0,0,"0",1,1,1,1,"BO","BO","BO","BO",1,2,2,2,"0","0","0","0",2,2,2,2,"0","0","0",NA,2,2,2,2,"0","0","0",NA,2,1,0,1,"0","0","0",NA,0,0,0,2,"0","0","0",NA,1,1,0,2,"0","0","0",NA,1,0,0,2,"0","0","0",NA,NA,NA,NA,NA,1,2,3,4,NA,NA,NA,NA,1,1,1,1,0,"CXSP929",2979,929,NA,"Point",2244.537,-16.903,0.0616616569381403,1,1,1,1,"CXSP_929_31","CXSP_928_30",0.63758151404674,"CXSP_928_30",0.63758151404674,"CXSP_928_30",0.63758151404674,"CXSP_928_30",0.63758151404674,NA,41.64150469,-111.4923008,41.64150642,-111.4922935,NA,72.4672602614029,41.64150642,-111.4922935,NA,72.4672602614029,41.64150642,-111.4922935,NA,72.4672602614029,41.64150642,-111.4922935,NA,72.4672602614029,8,6,4,11,1,2,4,5
"32","CXSP",930,"ABLA",1.2,7.4,0,0,"0",1,1,1,1,"BO","BR, BO","BR, BO","BR, BO",2,2,1,1,"0","0","0","0",0,0,0,1,"0","0","0",NA,2,2,2,2,"0","0","0",NA,1,1,0,1,"0","0","0",NA,0,1,0,2,"0","0","0",NA,1,0,0,2,"0","0","0",NA,0,0,0,1,"0","0","0",NA,NA,NA,NA,NA,1,2,3,4,NA,NA,NA,NA,1,1,1,1,0,"CXSP930",2980,930,NA,"Point",2243.226,-16.903,0.0612604311434551,1,1,1,1,"CXSP_930_32","CXSP_932_34",0.59265529242215,"CXSP_932_34",0.59265529242215,"CXSP_925_27",0.598007565751987,"CXSP_932_34",0.59265529242215,NA,41.64151991,-111.4922876,41.64152027,-111.4922947,NA,-86.133031291298,41.64152027,-111.4922947,NA,-86.133031291298,41.64151871,-111.4922946,NA,-102.872848880047,41.64152027,-111.4922947,NA,-86.133031291298,4,4,2,9,1,1,0,8
"33","CXSP",931,"ABLA",1.1,7.9,0,0,"0",1,1,1,1,"0","0","BO","BO",2,2,2,2,"0","0","0","0",0,0,0,2,"0","0","0",NA,0,0,0,2,"0","0","0",NA,0,0,0,1,"0","0","0",NA,0,0,0,2,"0","0","0",NA,0,0,0,2,"0","0","0",NA,0,0,0,0,"0","0","0",NA,NA,NA,NA,NA,1,2,3,4,NA,NA,NA,NA,0,0,0,1,1,"CXSP931",2981,931,NA,"Point",2245.963,-16.903,0.0624515038933537,0,0,0,1,"CXSP_931_33","CXSP_929_31",0.905440535039508,"CXSP_929_31",0.905440535039508,"CXSP_929_31",0.905440535039508,"CXSP_929_31",0.905440535039508,NA,41.64151093,-111.4923078,41.64150469,-111.4923008,NA,139.919665308871,41.64150469,-111.4923008,NA,139.919665308871,41.64150469,-111.4923008,NA,139.919665308871,41.64150469,-111.4923008,NA,139.919665308871,0,0,0,9,8,6,4,11
"34","CXSP",932,"ABLA",1.2,7.7,0,0,"0",1,1,1,1,"BO","BO","BO","BO",1,2,2,2,"0","0","0","0",0,0,0,2,"0","0","0",NA,1,1,0,2,"0","0","0",NA,0,0,0,1,"0","0","0",NA,0,0,0,1,"0","0","0",NA,0,0,0,2,"0","0","0",NA,0,0,0,0,"0","0","0",NA,NA,NA,NA,NA,1,2,3,4,NA,NA,NA,NA,1,1,0,1,0,"CXSP932",2982,932,NA,"Point",2243.431,-16.903,0.0618214605501289,1,1,0,1,"CXSP_932_34","CXSP_925_27",0.173397867833464,"CXSP_925_27",0.173397867833464,"CXSP_925_27",0.173397867833464,"CXSP_925_27",0.173397867833464,NA,41.64152027,-111.4922947,41.64151871,-111.4922946,NA,177.247039473091,41.64151871,-111.4922946,NA,177.247039473091,41.64151871,-111.4922946,NA,177.247039473091,41.64151871,-111.4922946,NA,177.247039473091,1,1,0,8,8,6,4,10
"35","CXSP",933,"ABLA",NA,5.1,0,0,"0",1,1,1,1,"0","0","BO","BO",2,2,1,2,"0","0","0","0",0,0,0,2,"0","0","0",NA,0,0,0,2,"0","0","0",NA,0,0,0,0,"0","0","0",NA,0,0,0,2,"0","0","0",NA,0,0,0,2,"0","0","0",NA,0,0,0,1,"0","0","0",NA,NA,NA,NA,NA,1,2,3,4,NA,NA,NA,NA,0,0,0,1,1,"CXSP933",2983,933,NA,"Point",2242.925,-16.903,0.0621268498321967,0,0,0,1,"CXSP_933_35","CXSP_934_36",0.137467219348645,"CXSP_934_36",0.137467219348645,"CXSP_934_36",0.137467219348645,"CXSP_934_36",0.137467219348645,NA,41.64152277,-111.4922973,41.64152159,-111.4922968,NA,162.367062742768,41.64152159,-111.4922968,NA,162.367062742768,41.64152159,-111.4922968,NA,162.367062742768,41.64152159,-111.4922968,NA,162.367062742768,0,0,0,9,3,5,2,11
"36","CXSP",934,"ABLA",1.6,10.4,0.8,0,"0",1,1,1,1,"BO","BO","BO","BO",1,2,2,2,"0","0","0","0",0,1,0,2,"0","0","0","1-3",2,2,2,2,"0","4-0","0","1-2",0,1,0,2,"0","0","0",NA,0,0,0,1,"0","0","0",NA,1,1,0,2,"0","0","0",NA,0,0,0,2,"0","0","0",NA,NA,NA,NA,NA,1,2,3,4,NA,NA,NA,NA,1,1,1,1,0,"CXSP934",2984,934,NA,"Point",2244.765,-16.903,0.0620385547645346,1,1,1,1,"CXSP_934_36","CXSP_932_34",0.228177883487001,"CXSP_932_34",0.228177883487001,"CXSP_925_27",0.368524101708131,"CXSP_933_35",0.137467219348645,NA,41.64152159,-111.4922968,41.64152027,-111.4922947,NA,129.961339173802,41.64152027,-111.4922947,NA,129.961339173802,41.64151871,-111.4922946,NA,150.186614928594,41.64152277,-111.4922973,NA,-17.632936924998,3,5,2,11,1,1,0,8
"37","CXSP",935,"ABLA",4.7,32.7,6.1,0,"0",1,1,1,1,"BR, BO","BR, BO","BR, BO","BR, BO",1,1,0,1,"0","0","0","0",2,2,2,2,"3-1","3-1","3–1","3-1",2,2,2,2,"4-1","4-2","4–1","4-1",2,2,2,2,"2-1","2-1","2–1","2-0",2,2,2,2,"3-1","3-1","3–1",NA,2,2,2,2,"4-3","4-0","4–0","4-0",2,2,2,2,"4-2","4-2","4–1","4-1",NA,NA,NA,NA,1,2,3,4,NA,NA,NA,NA,1,1,1,1,0,"CXSP935",2985,935,NA,"Point",2249.489,-16.903,0.0631350217126263,1,1,1,1,"CXSP_935_37","CXSP_929_31",1.57404070884286,"CXSP_929_31",1.57404070884286,"CXSP_929_31",1.57404070884286,"CXSP_931_33",1.20856398210027,NA,41.6415047,-111.4923197,41.64150469,-111.4923008,NA,90.0404069845561,41.64150469,-111.4923008,NA,90.0404069845561,41.64150469,-111.4923008,NA,90.0404069845561,41.64151093,-111.4923078,NA,55.088095402118,12,12,12,12,8,6,4,11
"38","CXSP",936,"ABLA",2.8,28,11.8,0,"0",1,1,1,1,"BO","BO","BO","BO",NA,NA,NA,NA,"0","0","0","0",1,2,2,2,"0","4-0","4–0","4-0",2,2,2,2,"0","0","0",NA,1,1,0,1,"0","0","0",NA,0,2,2,2,"0","0","0",NA,0,1,2,2,"0","0","0",NA,0,1,0,1,"0","0","0",NA,NA,NA,NA,NA,1,2,3,4,NA,NA,NA,NA,1,1,1,1,0,"CXSP936",2986,936,NA,"Point",2246.582,-16.903,0.0604608068941135,1,1,1,1,"CXSP_936_38","CXSP_940_42",0.415143035343861,"CXSP_940_42",0.415143035343861,"CXSP_940_42",0.415143035343861,"CXSP_940_42",0.415143035343861,NA,41.64151898,-111.4922777,41.64151656,-111.4922739,NA,130.33045951262,41.64151656,-111.4922739,NA,130.33045951262,41.64151656,-111.4922739,NA,130.33045951262,41.64151656,-111.4922739,NA,130.33045951262,4,9,8,10,2,2,2,4
"39","CXSP",937,"ABLA",5.4,34.8,6.8,0,"0",1,1,1,1,"BR, BO","BR, BO","BR, BO","BR, BO",1,1,0,0,"0","0","0","0",2,2,2,2,"3-4","3-6","3–4","3-5",2,2,2,2,"4-7","4-7","4–5","4-7",2,2,2,2,"1-6","1-5","1–3","1-3",2,3,3,3,NA,"4-4","4–4",NA,2,2,2,2,"1-3","1-1","0",NA,2,2,2,2,"1-6","1-4","1–2","1-2",NA,NA,NA,NA,1,2,3,4,NA,NA,NA,NA,1,1,1,1,0,"CXSP937",2987,937,NA,"Point",2247.259,-16.903,0.0618884639815128,1,1,1,1,"CXSP_937_39","CXSP_934_36",0.466113722517758,"CXSP_934_36",0.466113722517758,"CXSP_934_36",0.466113722517758,"CXSP_933_35",0.412538615146715,NA,41.64152474,-111.4922931,41.64152159,-111.4922968,NA,-138.61657478617,41.64152159,-111.4922968,NA,-138.61657478617,41.64152159,-111.4922968,NA,-138.61657478617,41.64152277,-111.4922973,NA,-122.017280040286,12,13,13,13,3,5,2,11
"40","CXSP",938,"ABLA",4.6,33.4,8.8,0,"0",1,1,1,1,"BO","BO","BO","BO",1,1,1,1,"0","0","0","0",1,2,2,2,"0","3-2","3–2","3-2",2,2,2,2,"0","0","0",NA,1,0,0,2,"0","0","0",NA,1,2,0,2,"0","0","0",NA,2,2,2,2,"0","0","0",NA,2,1,0,2,"2-0","0","0",NA,NA,NA,NA,NA,1,2,3,4,NA,NA,NA,NA,1,1,1,1,0,"CXSP938",2988,938,NA,"Point",2238.638,-16.903,0.0605467962594987,1,1,1,1,"CXSP_938_40","CXSP_936_38",2.38334570156603,"CXSP_936_38",2.38334570156603,"CXSP_936_38",2.38334570156603,"CXSP_936_38",2.38334570156603,NA,41.64153892,-111.4922671,41.64151898,-111.4922777,NA,-158.259617031555,41.64151898,-111.4922777,NA,-158.259617031555,41.64151898,-111.4922777,NA,-158.259617031555,41.64151898,-111.4922777,NA,-158.259617031555,9,9,6,12,4,9,8,10
"41","CXSP",939,"ABLA",1.1,8.2,2.5,0,"0",1,1,1,1,"BO","BR, BO","BR, BO","BR, BO",1,0,1,1,"BIB","BIB","BIB","BIB",0,0,0,2,"0","0","0",NA,0,1,0,2,"0","0","0",NA,0,1,0,2,"0","0","0",NA,1,1,0,1,"0","0","0",NA,2,1,0,2,"0","0","0",NA,0,0,0,2,"0","0","0",NA,NA,NA,NA,NA,1,2,3,4,NA,NA,NA,NA,1,1,0,1,0,"CXSP939",2989,939,NA,"Point",2249.714,-16.903,0.0658630268624634,1,1,0,1,"CXSP_939_41","CXSP_934_36",3.90577545079537,"CXSP_934_36",3.90577545079537,"CXSP_934_36",3.90577545079537,"CXSP_933_35",3.79901910354134,NA,41.64154124,-111.4923357,41.64152159,-111.4922968,NA,123.956533043832,41.64152159,-111.4922968,NA,123.956533043832,41.64152159,-111.4922968,NA,123.956533043832,41.64152277,-111.4922973,NA,122.668336079768,3,4,0,11,3,5,2,11
"42","CXSP",940,"ABLA",24.5,72.3,12.5,0,"0",1,1,1,1,"BO","BO","BO","BO",NA,NA,NA,NA,"0","0","0","0",0,0,0,2,"0","0","0",NA,0,0,0,0,"0","0","0",NA,0,0,0,0,"0","0","0",NA,2,2,2,2,"0","0","0",NA,0,0,0,0,"0","0","0",NA,0,0,0,0,"0","0","0",NA,NA,NA,NA,NA,1,2,3,4,NA,NA,NA,NA,1,1,1,1,0,"CXSP940",2990,940,NA,"Point",2246.034,-16.903,0.0600660011827151,1,1,1,1,"CXSP_940_42","CXSP_936_38",0.415143035343861,"CXSP_936_38",0.415143035343861,"CXSP_936_38",0.415143035343861,"CXSP_936_38",0.415143035343861,NA,41.64151656,-111.4922739,41.64151898,-111.4922777,NA,-49.6695379624017,41.64151898,-111.4922777,NA,-49.6695379624017,41.64151898,-111.4922777,NA,-49.6695379624017,41.64151898,-111.4922777,NA,-49.6695379624017,2,2,2,4,4,9,8,10
"43","CXSP",941,"ABLA",6.8,41.9,8.2,0,"0",1,1,1,1,"BO","BO","BO","BO",NA,NA,NA,NA,"BIB","BIB","BIB","BIB",2,2,2,2,"1-4","1-2","1–1","1-2",2,2,2,2,"4-8","4-4","4–4","4-4",2,2,2,2,"4-1","4-2","4–2","4-3",2,2,2,2,"1-4","0","0",NA,2,2,2,2,"2-1","2-1","2–1","2-1",2,2,2,2,NA,"1-1","1–0","1-0",NA,NA,NA,NA,1,2,3,4,NA,NA,NA,NA,1,1,1,1,0,"CXSP941",NA,941,NA,NA,2242.14,-16.903,0.0565394381532486,1,1,1,1,"CXSP_941_43","CXSP_945_47",3.12662276903674,"CXSP_943_45",1.84776653476311,"CXSP_943_45",1.84776653476311,"CXSP_943_45",1.84776653476311,NA,41.64149339,-111.4922406,41.64149094,-111.4922032,NA,94.9909032862259,41.64149486,-111.4922185,NA,84.9326902453187,41.64149486,-111.4922185,NA,84.9326902453187,41.64149486,-111.4922185,NA,84.9326902453187,12,12,12,12,12,12,12,12
"44","CXSP",942,"ABLA",4.8,30,8.2,0,"0",1,1,1,1,"BO","BO","BO","BO",0,1,NA,NA,"0","0","0","0",2,2,2,2,"1-4","1-2","1–1","1-2",2,2,2,2,"3-1","3-1","3–1","3-1",2,2,2,2,"0","0","0",NA,2,2,2,2,"1-4","0","0","3-0",2,2,2,2,"4-0","4-0","4–0","4-1",2,2,2,2,"0","0","1–1","1-1",NA,NA,NA,NA,1,2,3,4,NA,NA,NA,NA,1,1,1,1,0,"CXSP942",2991,942,NA,"Point",2242.14,-16.903,0.0565394381532486,1,1,1,1,"CXSP_942_44","CXSP_945_47",3.12662276903674,"CXSP_943_45",1.84776653476311,"CXSP_943_45",1.84776653476311,"CXSP_943_45",1.84776653476311,NA,41.64149339,-111.4922406,41.64149094,-111.4922032,NA,94.9909032862259,41.64149486,-111.4922185,NA,84.9326902453187,41.64149486,-111.4922185,NA,84.9326902453187,41.64149486,-111.4922185,NA,84.9326902453187,12,12,12,12,12,12,12,12
"45","CXSP",943,"ABLA",NA,8.4,0,0,"0",1,1,1,1,"0","BO","BO","BO",0,1,0,1,"0","0","0","0",0,1,2,2,"0","0","0",NA,0,0,2,2,"0","0","0",NA,0,0,0,1,"0","0","0",NA,0,1,2,2,"0","0","0",NA,0,1,2,2,"0","0","0",NA,0,0,0,1,"0","0","0",NA,NA,NA,NA,NA,1,2,3,4,NA,NA,NA,NA,0,1,1,1,1,"CXSP943",2992,943,NA,"Point",2239.821,-16.903,0.0548915792973925,0,1,1,1,"CXSP_943_45","CXSP_945_47",1.34649807966705,"CXSP_945_47",1.34649807966705,"CXSP_945_47",1.34649807966705,"CXSP_944_46",0.662637629535282,NA,41.64149486,-111.4922185,41.64149094,-111.4922032,NA,108.857752511533,41.64149094,-111.4922032,NA,108.857752511533,41.64149094,-111.4922032,NA,108.857752511533,41.64149415,-111.4922106,NA,96.8320658616061,0,3,8,10,12,12,12,12
"46","CXSP",944,"ABLA",1.1,9.1,0.6,0,"0",1,1,1,1,"0","0","BO","BO",0,1,0,1,"0","0","0","0",0,0,0,1,"0","0","0",NA,0,0,0,2,"0","0","0",NA,0,0,0,1,"0","0","0",NA,0,0,0,2,"0","0","0",NA,0,0,0,2,"0","0","0",NA,0,0,0,1,"0","0","0",NA,NA,NA,NA,NA,1,2,3,4,NA,NA,NA,NA,0,0,0,1,1,"CXSP944",2993,944,NA,"Point",2239.931,-16.903,0.0542535828264071,0,0,0,1,"CXSP_944_46","CXSP_945_47",0.711917695594651,"CXSP_943_45",0.662637629535282,"CXSP_943_45",0.662637629535282,"CXSP_943_45",0.662637629535282,NA,41.64149415,-111.4922106,41.64149094,-111.4922032,NA,120.039856767102,41.64149486,-111.4922185,NA,-83.1679288890998,41.64149486,-111.4922185,NA,-83.1679288890998,41.64149486,-111.4922185,NA,-83.1679288890998,0,0,0,9,12,12,12,12
"47","CXSP",945,"ABLA",2.3,13.7,3.3,0,"0",1,1,1,1,"BO","BO","BO","BO",0,1,0,1,"0","0","0","0",2,2,2,2,"0","0","0",NA,2,2,2,2,"4-0","4-1","4–1","4-1",2,2,2,2,"0","0","3–2","3-1",2,2,2,2,"0","3-2","3–1","3-2",2,2,2,2,"0","3-0","3–0","3-1",2,2,2,2,"0","0","0",NA,NA,NA,NA,NA,1,2,3,4,NA,NA,NA,NA,1,1,1,1,0,"CXSP945",2994,945,NA,"Point",2242.658,-16.903,0.0535495128999321,1,1,1,1,"CXSP_945_47","CXSP_946_48",0.853079680574831,"CXSP_946_48",0.853079680574831,"CXSP_946_48",0.853079680574831,"CXSP_944_46",0.711917695594651,NA,41.64149094,-111.4922032,41.64149756,-111.492198,NA,30.5076918221198,41.64149756,-111.492198,NA,30.5076918221198,41.64149756,-111.492198,NA,30.5076918221198,41.64149415,-111.4922106,NA,-59.9601383158377,12,12,12,12,5,4,6,10
"48","CXSP",946,"ABLA",NA,7.5,0,6,"0",1,1,1,1,"BO","BO","BO","BO",2,2,2,2,"0","0","0","0",0,0,0,2,"0","0","0",NA,2,2,2,2,"0","0","0",NA,0,0,2,1,"0","0","0",NA,0,0,0,2,"0","0","0",NA,2,2,2,2,"0","0","0",NA,1,0,0,1,"0","0","0",NA,"WOB, 1DB","WOB, 1DB","WOB, 1DB","WOB, 1DB",1,2,3,4,NA,NA,NA,NA,1,1,1,1,0,"CXSP946",2995,946,NA,"Point",2243.558,-16.903,0.0534323060632247,1,1,1,1,"CXSP_946_48","CXSP_945_47",0.853079680574831,"CXSP_945_47",0.853079680574831,"CXSP_945_47",0.853079680574831,"CXSP_945_47",0.853079680574831,NA,41.64149756,-111.492198,41.64149094,-111.4922032,NA,-149.492304722649,41.64149094,-111.4922032,NA,-149.492304722649,41.64149094,-111.4922032,NA,-149.492304722649,41.64149094,-111.4922032,NA,-149.492304722649,5,4,6,10,12,12,12,12
"49","CXSP",947,"ABLA",NA,2.9,0,0,"0",1,1,1,1,"0","0","0","BO",0,0,0,0,"0","0","0","0",0,0,0,1,"0","0","0",NA,0,0,0,0,"0","0","0",NA,0,0,0,0,"0","0","0",NA,0,0,0,1,"0","0","0",NA,0,0,0,0,"0","0","0",NA,0,0,0,0,"0","0","0",NA,NA,NA,NA,NA,1,2,3,4,NA,NA,NA,NA,0,0,0,1,1,"CXSP947",2996,947,NA,"Point",2241.24,-16.903,0.0503183339477525,0,0,0,1,"CXSP_947_49","CXSP_948_50",1.59393696545703,"CXSP_949_51",0.955012350128755,"CXSP_946_48",3.14073168148547,"CXSP_949_51",0.955012350128755,NA,41.6414836,-111.4921652,41.6414707,-111.4921568,NA,153.966486200772,41.64147524,-111.4921625,NA,166.381519893687,41.64149756,-111.492198,NA,-60.4302198202929,41.64147524,-111.4921625,NA,166.381519893687,0,0,0,2,1,3,0,5
"50","CXSP",948,"ABLA",8.9,50.3,0,4,"0",1,1,1,1,"BO","BO","BO","BO",0,0,0,0,"0","0","0","0",0,0,0,1,"0","0","0",NA,0,0,0,1,"0","0","0",NA,0,1,0,0,"0","0","0",NA,0,1,0,1,"0","0","0",NA,1,1,0,1,"0","0","0",NA,0,0,0,1,"0","0","0",NA,"1DB","1DB","1DB","1DB",1,2,3,4,NA,NA,NA,NA,1,1,0,1,0,"CXSP948",2997,948,NA,"Point",2241.223,-16.903,0.0491348107802899,1,1,0,1,"CXSP_948_50","CXSP_963_65",2.61517727074164,"CXSP_949_51",0.692399158670327,"CXSP_963_65",2.61517727074164,"CXSP_949_51",0.692399158670327,NA,41.6414707,-111.4921568,41.64147259,-111.4921255,NA,85.3977624887307,41.64147524,-111.4921625,NA,-43.2830301650409,41.64147259,-111.4921255,NA,85.3977624887307,41.64147524,-111.4921625,NA,-43.2830301650409,1,3,0,5,9,8,6,12
"51","CXSP",949,"ABLA",3.8,25.8,2.9,4,"0",1,1,1,1,"0","BO","BO","BO",0,0,0,0,"0","0","0","0",0,1,0,2,"0","0","0",NA,0,0,0,1,"0","0","0",NA,0,0,0,1,"0","0","0",NA,0,0,0,1,"0","0","0",NA,0,0,0,1,"0","0","0",NA,0,0,0,1,"0","0","0",NA,NA,NA,NA,NA,1,2,3,4,NA,NA,NA,NA,0,1,0,1,1,"CXSP949",2998,949,NA,"Point",2245.036,-16.903,0.0497605185641842,0,1,0,1,"CXSP_949_51","CXSP_948_50",0.692399158670327,"CXSP_948_50",0.692399158670327,"CXSP_963_65",3.0954697720089,"CXSP_948_50",0.692399158670327,NA,41.64147524,-111.4921625,41.6414707,-111.4921568,NA,136.716966047495,41.6414707,-111.4921568,NA,136.716966047495,41.64147259,-111.4921255,NA,95.4539941714004,41.6414707,-111.4921568,NA,136.716966047495,0,1,0,7,1,3,0,5
"52","CXSP",950,"ABLA",NA,3.5,0,0,"0",1,1,1,1,"0","0","0","0",0,0,0,0,"0","0","0","0",0,0,0,0,"0","0","0",NA,0,0,0,0,"0","0","0",NA,0,0,0,0,"0","0","0",NA,0,0,0,0,"0","0","0",NA,0,0,0,1,"0","0","0",NA,0,0,0,0,"0","0","0",NA,NA,NA,NA,NA,1,2,3,4,NA,NA,NA,NA,0,0,0,1,1,"CXSP950",2999,950,NA,"Point",2242.488,-16.903,0.0474277728500844,0,0,0,1,"CXSP_950_52","CXSP_953_55",5.59626607627599,"CXSP_953_55",5.59626607627599,"CXSP_953_55",5.59626607627599,"CXSP_953_55",5.59626607627599,NA,41.64153144,-111.4920938,41.64148597,-111.4921228,NA,-154.432600710579,41.64148597,-111.4921228,NA,-154.432600710579,41.64148597,-111.4921228,NA,-154.432600710579,41.64148597,-111.4921228,NA,-154.432600710579,0,0,0,1,5,6,4,12
"53","CXSP",951,"ABLA",11.3,51.1,0,0,"0",1,1,1,1,"0","0","0","0",0,0,0,0,"0","0","0","0",0,0,0,0,"0","0","0",NA,0,0,0,0,"0","0","0",NA,0,0,0,0,"0","0","0",NA,0,0,0,0,"0","0","0",NA,0,0,0,0,"0","0","0",NA,0,0,0,0,"0","0","0",NA,NA,NA,NA,NA,1,2,3,4,NA,NA,NA,NA,0,0,0,0,0,"CXSP951",3000,951,NA,"Point",2245.588,-16.903,0.0477788412649818,0,0,0,0,"CXSP_951_53","CXSP_953_55",5.81632567618044,"CXSP_953_55",5.81632567618044,"CXSP_953_55",5.81632567618044,"CXSP_950_52",0.392794109710614,NA,41.64153444,-111.4920963,41.64148597,-111.4921228,NA,-157.700556371189,41.64148597,-111.4921228,NA,-157.700556371189,41.64148597,-111.4921228,NA,-157.700556371189,41.64153144,-111.4920938,NA,147.990172149973,0,0,0,0,5,6,4,12
"54","CXSP",952,"ABLA",NA,2.9,0,4,"0",1,1,1,1,"0","0","0","0",1,0,0,0,"0","0","0","0",0,0,0,0,"0","0","0",NA,0,0,0,0,"0","0","0",NA,0,0,0,0,"0","0","0",NA,0,0,0,0,"0","0","0",NA,0,0,0,0,"0","0","0",NA,0,0,0,0,"0","0","0",NA,"2DB","2DB","2DB","2DB",1,2,3,4,NA,NA,NA,NA,0,0,0,0,0,"CXSP952",3001,952,NA,"Point",2241.68,-16.903,0.0466765052990316,0,0,0,0,"CXSP_952_54","CXSP_953_55",2.99542501923403,"CXSP_953_55",2.99542501923403,"CXSP_953_55",2.99542501923403,"CXSP_950_52",2.71152604928865,NA,41.64150771,-111.4921015,41.64148597,-111.4921228,NA,-143.686046834718,41.64148597,-111.4921228,NA,-143.686046834718,41.64148597,-111.4921228,NA,-143.686046834718,41.64153144,-111.4920938,NA,13.6800482104554,0,0,0,0,5,6,4,12
"55","CXSP",953,"ABLA",4.5,30.7,0,4,"0",1,1,1,1,"BO","BO","BO","BO",0,0,0,0,"0","0","0","0",2,2,2,2,"4-0","4-0","4–0","4-0",1,1,0,2,"0","0","0",NA,1,1,2,2,"0","0","0",NA,0,0,0,2,"0","0","0",NA,1,1,0,2,"0","0","0",NA,0,1,0,2,"0","0","0",NA,"WOB, 1DB","WOB, 1DB","WOB, 1DB","WOB, 1DB",1,2,3,4,NA,NA,NA,NA,1,1,1,1,0,"CXSP953",3002,953,NA,"Point",2240.817,-16.903,0.0471926157211064,1,1,1,1,"CXSP_953_55","CXSP_958_60",1.27869847190088,"CXSP_958_60",1.27869847190088,"CXSP_963_65",1.50242628340597,"CXSP_958_60",1.27869847190088,NA,41.64148597,-111.4921228,41.64147503,-111.492118,NA,161.782345904614,41.64147503,-111.492118,NA,161.782345904614,41.64147259,-111.4921255,NA,-171.392394859214,41.64147503,-111.492118,NA,161.782345904614,5,6,4,12,1,1,0,4
"56","CXSP",954,"ABLA",2.2,12.2,0,2,"0",1,1,1,1,"BO","BO","BO","BO",0,0,0,0,"0","0","0","0",2,2,0,1,"0","0","0",NA,0,0,0,1,"0","0","0",NA,0,0,0,1,"0","0","0",NA,1,1,0,0,"0","0","0",NA,0,0,0,1,"0","0","0",NA,0,0,0,0,"0","0","0",NA,NA,NA,NA,NA,1,2,3,4,NA,NA,NA,NA,1,1,0,1,0,"CXSP954",3003,954,NA,"Point",2242.466,-16.903,0.0456402418553027,1,1,0,1,"CXSP_954_56","CXSP_965_66",0.924060664136033,"CXSP_965_66",0.924060664136033,"CXSP_955_57",1.11248094496966,"CXSP_955_57",1.11248094496966,NA,41.64145836,-111.4921181,41.64145406,-111.4921086,NA,121.106942098188,41.64145406,-111.4921086,NA,121.106942098188,41.64146627,-111.4921099,NA,37.8697720305715,41.64146627,-111.4921099,NA,37.8697720305715,3,3,0,4,1,1,0,0
"57","CXSP",955,"ABLA",4.1,54.4,1.1,0,"0",1,1,1,1,"BO","BO","BO","BO",0,0,0,0,"0","0","0","0",1,1,0,1,"0","0","0",NA,2,2,0,0,"0","0","0",NA,1,1,0,0,"0","0","0",NA,2,2,2,2,"0","0","0",NA,1,1,2,1,"0","0","4–1","4-1",0,1,2,1,"0","0","0",NA,NA,NA,NA,NA,1,2,3,4,NA,NA,NA,NA,1,1,1,1,0,"CXSP955",3004,955,NA,"Point",2241.99,-16.903,0.0453353673621498,1,1,1,1,"CXSP_955_57","CXSP_959_61",0.757875210744534,"CXSP_959_61",0.757875210744534,"CXSP_959_61",0.757875210744534,"CXSP_959_61",0.757875210744534,NA,41.64146627,-111.4921099,41.64146923,-111.4921181,NA,-64.3023339851641,41.64146923,-111.4921181,NA,-64.3023339851641,41.64146923,-111.4921181,NA,-64.3023339851641,41.64146923,-111.4921181,NA,-64.3023339851641,7,8,6,5,8,8,4,9
"58","CXSP",956,"ABLA",1,9.3,0,0,"0",1,1,1,1,"0","0","0","0",1,1,0,0,"0","0","0","0",0,0,0,0,"0","0","0",NA,0,0,0,0,"0","0","0",NA,0,0,0,0,"0","0","0",NA,0,0,0,0,"0","0","0",NA,0,0,0,0,"0","0","0",NA,0,0,0,0,"0","0","0",NA,NA,NA,NA,NA,1,2,3,4,NA,NA,NA,NA,0,0,0,0,0,"CXSP956",3005,956,NA,"Point",2239.045,-16.903,0.0450446743040114,0,0,0,0,"CXSP_956_58","CXSP_958_60",2.2334169743765,"CXSP_958_60",2.2334169743765,"CXSP_953_55",2.33382099991614,"CXSP_958_60",2.2334169743765,NA,41.64148512,-111.4920948,41.64147503,-111.492118,NA,-120.104486070341,41.64147503,-111.492118,NA,-120.104486070341,41.64148597,-111.4921228,NA,-87.682542341573,41.64147503,-111.492118,NA,-120.104486070341,0,0,0,0,1,1,0,4
"59","CXSP",957,"ABLA",NA,8,0,0,"0",1,1,1,1,"0","0","0","0",1,1,0,0,"0","0","0","0",0,0,0,0,"0","0","0",NA,0,0,0,0,"0","0","0",NA,0,0,0,0,"0","0","0",NA,0,0,0,0,"0","0","0",NA,0,0,0,0,"0","0","0",NA,0,0,0,0,"0","0","0",NA,NA,NA,NA,NA,1,2,3,4,NA,NA,NA,NA,0,0,0,0,0,"CXSP957",3006,957,NA,"Point",2240.015,-16.903,0.0448023288042211,0,0,0,0,"CXSP_957_59","CXSP_965_66",0.239282456858078,"CXSP_965_66",0.239282456858078,"CXSP_955_57",1.12386796875851,"CXSP_954_56",0.842369481620799,NA,41.64145621,-111.4921084,41.64145406,-111.4921086,NA,-176.008395689807,41.64145406,-111.4921086,NA,-176.008395689807,41.64146627,-111.4921099,NA,-6.38191918393174,41.64145836,-111.4921181,NA,-73.5385721797864,0,0,0,0,1,1,0,0
"60","CXSP",958,"ABLA",1.2,8.6,0,0,"0",1,1,1,1,"BO","BO","0","BO",0,0,0,0,"0","0","0","0",0,0,0,1,"0","0","0",NA,1,1,0,1,"0","0","0",NA,0,0,0,0,"0","0","0",NA,0,0,0,1,"0","0","0",NA,0,0,0,1,"0","0","0",NA,0,0,0,0,"0","0","0",NA,NA,NA,NA,NA,1,2,3,4,NA,NA,NA,NA,1,1,0,1,0,"CXSP958",3007,958,NA,"Point",2239.207,-16.903,0.0463348445088567,1,1,0,1,"CXSP_958_60","CXSP_959_61",0.643994189585684,"CXSP_959_61",0.643994189585684,"CXSP_959_61",0.643994189585684,"CXSP_959_61",0.643994189585684,NA,41.64147503,-111.492118,41.64146923,-111.4921181,NA,-179.259019051148,41.64146923,-111.4921181,NA,-179.259019051148,41.64146923,-111.4921181,NA,-179.259019051148,41.64146923,-111.4921181,NA,-179.259019051148,1,1,0,4,8,8,4,9
"61","CXSP",959,"ABLA",11.1,63.8,12.2,1,"0",1,1,1,1,"BO","BO","BO","BO",NA,NA,0,0,"0","0","0","0",1,0,0,1,"0","0","0",NA,2,2,2,2,"2-1","2-1","2–2","2-2",2,2,2,2,"0","0","4–1","4-0",2,2,0,2,"0","0","0",NA,1,1,0,1,"0","0","0",NA,0,1,0,1,"0","0","0",NA,"1DB","1DB","1DB","1DB",1,2,3,4,NA,NA,NA,NA,1,1,1,1,0,"CXSP959",3008,959,NA,"Point",2241.32,-16.903,0.0460909046141149,1,1,1,1,"CXSP_959_61","CXSP_958_60",0.643994189585684,"CXSP_958_60",0.643994189585684,"CXSP_963_65",0.72039898048504,"CXSP_958_60",0.643994189585684,NA,41.64146923,-111.4921181,41.64147503,-111.492118,NA,0.740980882405761,41.64147503,-111.492118,NA,0.740980882405761,41.64147259,-111.4921255,NA,-58.8134632288223,41.64147503,-111.492118,NA,0.740980882405761,8,8,4,9,1,1,0,4
"62","CXSP",960,"ABLA",NA,6.9,0,8,"0",1,1,1,1,"0","BO","0","BO",1,1,1,1,"0","0","0","0",0,0,0,1,"0","0","0",NA,0,0,0,1,"0","0","0",NA,0,0,0,0,"0","0","0",NA,0,1,0,1,"0","0","0",NA,0,1,0,1,"0","0","0",NA,0,0,0,0,"0","0","0",NA,"5DB","5DB","5DB","5DB",1,2,3,4,NA,NA,NA,NA,0,1,0,1,1,"CXSP960",3009,960,NA,"Point",2241.451,-16.903,0.0474099260120832,0,1,0,1,"CXSP_960_62","CXSP_961_63",1.95472414843438,"CXSP_961_63",1.95472414843438,"CXSP_963_65",2.40763992380307,"CXSP_961_63",1.95472414843438,NA,41.64145505,-111.4921425,41.64144299,-111.4921254,NA,133.234223857124,41.64144299,-111.4921254,NA,133.234223857124,41.64147259,-111.4921255,NA,36.0185015154935,41.64144299,-111.4921254,NA,133.234223857124,0,2,0,4,5,4,0,9
"63","CXSP",961,"ABLA",4.6,33.8,3,1,"0",1,1,1,1,"BO","BO","BO","BO",0,0,0,0,"0","0","0","0",1,1,0,1,"0","0","0",NA,1,1,0,2,"0","0","0",NA,1,1,0,2,"0","0","0",NA,0,0,0,1,"0","0","0",NA,1,0,0,1,"0","0","0",NA,1,1,0,2,"0","0","0",NA,NA,NA,NA,NA,1,2,3,4,NA,NA,NA,NA,1,1,0,1,0,"CXSP961",3010,961,NA,"Point",2241.988,-16.903,0.0456241265345785,1,1,0,1,"CXSP_961_63","CXSP_962_64",0.720847037047755,"CXSP_962_64",0.720847037047755,"CXSP_955_57",2.88907486871666,"CXSP_962_64",0.720847037047755,NA,41.64144299,-111.4921254,41.64143656,-111.4921266,NA,-172.030768147222,41.64143656,-111.4921266,NA,-172.030768147222,41.64146627,-111.4921099,NA,26.5394846991147,41.64143656,-111.4921266,NA,-172.030768147222,5,4,0,9,1,1,0,1
"64","CXSP",962,"ABLA",1.9,15.6,9.5,0,"0",1,1,1,1,"BO","BO","0","BO",NA,NA,NA,NA,"0","0","0","0",1,1,0,0,"0","0","0",NA,0,0,0,0,"0","0","0",NA,0,0,0,0,"0","0","0",NA,0,0,0,0,"0","0","0",NA,0,0,0,1,"0","0","0",NA,0,0,0,0,"0","0","0",NA,NA,NA,NA,NA,1,2,3,4,NA,NA,NA,NA,1,1,0,1,0,"CXSP962",3011,962,NA,"Point",2245.603,-16.903,0.0454922413049984,1,1,0,1,"CXSP_962_64","CXSP_961_63",0.720847037047755,"CXSP_961_63",0.720847037047755,"CXSP_955_57",3.57975869837954,"CXSP_1009_104",0.689625400442756,NA,41.64143656,-111.4921266,41.64144299,-111.4921254,NA,7.96923105541781,41.64144299,-111.4921254,NA,7.96923105541781,41.64146627,-111.4921099,NA,22.8626430817478,41.64143527,-111.4921347,NA,-101.986409951969,1,1,0,1,5,4,0,9
"65","CXSP",963,"ABLA",5.9,40.1,2.2,2,"0",1,1,1,1,"BO","BO","BR, BO","BR, BO",0,0,0,0,"0","0","0","0",2,2,2,2,"4-1","4-0","4–0","4-0",2,2,2,2,"0","0","0",NA,2,2,2,2,"0","0","0",NA,1,1,0,2,"0","0","0",NA,1,0,0,2,"0","0","0",NA,1,1,0,2,"0","0","0",NA,"2DB","2DB","2DB","2DB",1,2,3,4,NA,NA,NA,NA,1,1,1,1,0,"CXSP963",3013,963,NA,"Point",2239.452,-16.903,0.0468022958400114,1,1,1,1,"CXSP_963_65","CXSP_958_60",0.680834606426883,"CXSP_958_60",0.680834606426883,"CXSP_959_61",0.72039898048504,"CXSP_958_60",0.680834606426883,NA,41.64147259,-111.4921255,41.64147503,-111.492118,NA,66.5534979273478,41.64147503,-111.492118,NA,66.5534979273478,41.64146923,-111.4921181,NA,121.18653185412,41.64147503,-111.492118,NA,66.5534979273478,9,8,6,12,1,1,0,4
"66","CXSP",965,"ABLA",1,9.6,4.3,2,"0",1,1,1,1,"BO","BO","0","0",0,0,0,0,"0","0","0","0",0,0,0,0,"0","0","0",NA,0,0,0,0,"0","0","0",NA,1,1,0,0,"0","0","0",NA,0,0,0,0,"0","0","0",NA,0,0,0,0,"0","0","0",NA,0,0,0,0,"0","0","0",NA,NA,NA,NA,NA,1,2,3,4,NA,NA,NA,NA,1,1,0,0,0,"CXSP965",3015,965,NA,"Point",2243.802,-16.903,0.0447316483014241,1,1,0,0,"CXSP_965_66","CXSP_954_56",0.924060664136033,"CXSP_954_56",0.924060664136033,"CXSP_955_57",1.3599220235053,"CXSP_954_56",0.924060664136033,NA,41.64145406,-111.4921086,41.64145836,-111.4921181,NA,-58.8930515893749,41.64145836,-111.4921181,NA,-58.8930515893749,41.64146627,-111.4921099,NA,-4.56631775113099,41.64145836,-111.4921181,NA,-58.8930515893749,1,1,0,0,3,3,0,4
"67","CXSP",966,"ABLA",NA,8,0,1,"0",1,1,1,1,"0","0","0","0",0,0,0,0,"0","0","0","0",0,0,0,0,"0","0","0",NA,0,0,0,0,"0","0","0",NA,0,0,0,0,"0","0","0",NA,0,0,0,0,"0","0","0",NA,0,0,0,0,"0","0","0",NA,0,0,0,0,"0","0","0",NA,NA,NA,NA,NA,1,2,3,4,NA,NA,NA,NA,0,0,0,0,0,"CXSP966",3016,966,NA,"Point",2243.709,-16.903,0.0433605290019239,0,0,0,0,"CXSP_966_67","CXSP_968_69",0.578891790838189,"CXSP_968_69",0.578891790838189,"CXSP_968_69",0.578891790838189,"CXSP_968_69",0.578891790838189,NA,41.64145041,-111.4920928,41.64145387,-111.4920876,NA,48.4261618598713,41.64145387,-111.4920876,NA,48.4261618598713,41.64145387,-111.4920876,NA,48.4261618598713,41.64145387,-111.4920876,NA,48.4261618598713,0,0,0,0,9,3,4,11
"68","CXSP",967,"ABLA",1.4,8.7,2.3,1,"0",1,1,1,1,"0","0","0","0",0,0,0,0,"0","0","0","0",0,0,0,0,"0","0","0",NA,0,0,0,0,"0","0","0",NA,0,0,0,0,"0","0","0",NA,0,0,0,0,"0","0","0",NA,0,0,0,0,"0","0","0",NA,0,0,0,0,"0","0","0",NA,NA,NA,NA,NA,1,2,3,4,NA,NA,NA,NA,0,0,0,0,0,"CXSP967",3017,967,NA,"Point",2240.283,-16.903,0.0434508857252071,0,0,0,0,"CXSP_967_68","CXSP_968_69",1.26143367890264,"CXSP_968_69",1.26143367890264,"CXSP_968_69",1.26143367890264,"CXSP_968_69",1.26143367890264,NA,41.64146516,-111.4920859,41.64145387,-111.4920876,NA,-173.555672885326,41.64145387,-111.4920876,NA,-173.555672885326,41.64145387,-111.4920876,NA,-173.555672885326,41.64145387,-111.4920876,NA,-173.555672885326,0,0,0,0,9,3,4,11
"69","CXSP",968,"ABLA",4.6,31.1,2.5,0,"0",1,1,1,1,"BO","BO","BO","BO",0,1,0,0,"0","0","0","0",2,1,0,2,"2-3","0","0",NA,2,0,2,2,"1-0","0","0",NA,1,0,0,1,"0","0","0",NA,1,1,0,2,"0","0","0",NA,2,1,2,2,"0","0","0",NA,1,0,0,2,"0","0","0",NA,NA,NA,NA,NA,1,2,3,4,NA,NA,NA,NA,1,1,1,1,0,"CXSP968",3018,968,NA,"Point",2242.258,-16.903,0.0430990052687516,1,1,1,1,"CXSP_968_69","CXSP_965_66",1.74906223634607,"CXSP_965_66",1.74906223634607,"CXSP_955_57",2.31181815557108,"CXSP_955_57",2.31181815557108,NA,41.64145387,-111.4920876,41.64145406,-111.4921086,NA,-89.308959547912,41.64145406,-111.4921086,NA,-89.308959547912,41.64146627,-111.4921099,NA,-53.451328571278,41.64146627,-111.4921099,NA,-53.451328571278,9,3,4,11,1,1,0,0
"70","CXSP",969,"ABLA",1.1,9.5,0,0,"0",1,1,1,1,"0","0","BO","BO",0,0,0,0,"0","0","0","0",0,0,0,0,"0","0","0",NA,0,0,0,1,"0","0","0",NA,0,0,0,0,"0","0","0",NA,0,0,0,1,"0","0","0",NA,0,0,0,1,"0","0","0",NA,0,0,0,1,"0","0","0",NA,NA,NA,NA,NA,1,2,3,4,NA,NA,NA,NA,0,0,0,1,1,"CXSP969",3019,969,NA,"Point",2243.741,-16.903,0.0428608885522233,0,0,0,1,"CXSP_969_70","CXSP_1003_100",0.501933215851647,"CXSP_1003_100",0.501933215851647,"CXSP_1005_102",2.77716309120366,"CXSP_1003_100",0.501933215851647,NA,41.64142379,-111.4920988,41.64142096,-111.4920941,NA,128.753904872785,41.64142096,-111.4920941,NA,128.753904872785,41.64140575,-111.4920757,NA,136.153232447046,41.64142096,-111.4920941,NA,128.753904872785,0,0,0,4,5,2,0,4
"71","CXSP",971,"ABLA",NA,4.1,0,1,"0",1,1,1,1,"0","0","0","0",1,1,0,0,"0","0","0","0",0,0,0,0,"0","0","0",NA,0,0,0,0,"0","0","0",NA,0,0,0,0,"0","0","0",NA,0,0,0,0,"0","0","0",NA,0,0,0,0,"0","0","0",NA,0,0,0,0,"0","0","0",NA,"1DB","1DB","1DB","1DB",1,2,3,4,NA,NA,NA,NA,0,0,0,0,0,"CXSP971",3021,971,NA,"Point",2244.129,-16.903,0.0450972897048064,0,0,0,0,"CXSP_971_71","CXSP_973_73",6.48604605440532,"CXSP_972_72",5.54290350933841,"CXSP_953_55",7.88750583806934,"CXSP_950_52",3.18102457783208,NA,41.64153648,-111.4920562,41.64147911,-111.4920415,NA,169.120039844356,41.64153307,-111.4919898,NA,93.9164549959984,41.64148597,-111.4921228,NA,-135.314408528538,41.64153144,-111.4920938,NA,-100.13138526789,0,0,0,0,1,0,0,6
"72","CXSP",972,"ABLA",NA,6,0,0,"0",1,1,1,1,"0","BO","0","0",0,0,0,0,"0","0","0","0",0,1,0,0,"0","0","0",NA,0,0,0,0,"0","0","0",NA,0,0,0,0,"0","0","0",NA,0,0,0,0,"0","0","0",NA,0,0,0,0,"0","0","0",NA,0,0,0,0,"0","0","0",NA,NA,NA,NA,NA,1,2,3,4,NA,NA,NA,NA,0,1,0,0,1,"CXSP972",3022,972,NA,"Point",2245.989,-16.903,0.040403146040384,0,1,0,0,"CXSP_972_72","CXSP_973_73",7.37764134101421,"CXSP_968_69",11.9858455432182,"CXSP_968_69",11.9858455432182,"CXSP_973_73",7.37764134101421,NA,41.64153307,-111.4919898,41.64147911,-111.4920415,NA,-144.29472090809,41.64145387,-111.4920876,NA,-137.191127759773,41.64145387,-111.4920876,NA,-137.191127759773,41.64147911,-111.4920415,NA,-144.29472090809,0,1,0,0,1,0,0,6
"73","CXSP",973,"ABLA",6.2,36.5,0,0,"0",1,1,1,1,"BO","0","BO","BO",0,0,0,0,"0","0","0","0",0,0,0,1,"0","0","0",NA,1,0,0,1,"0","0","0",NA,0,0,0,1,"0","0","0",NA,0,0,0,1,"0","0","0",NA,0,0,0,1,"0","0","0",NA,0,0,0,1,"0","0","0",NA,NA,NA,NA,NA,1,2,3,4,NA,NA,NA,NA,1,0,0,1,0,"CXSP973",3023,973,NA,"Point",2242.866,-16.903,0.0407830049999642,1,0,0,1,"CXSP_973_73","CXSP_968_69",4.75321456841176,"CXSP_968_69",4.75321456841176,"CXSP_968_69",4.75321456841176,"CXSP_968_69",4.75321456841176,NA,41.64147911,-111.4920415,41.64145387,-111.4920876,NA,-126.124962151786,41.64145387,-111.4920876,NA,-126.124962151786,41.64145387,-111.4920876,NA,-126.124962151786,41.64145387,-111.4920876,NA,-126.124962151786,1,0,0,6,9,3,4,11
"74","CXSP",974,"ABLA",NA,7.7,0,0,"0",1,1,1,1,"0","0","0","0",0,0,0,0,"0","0","0","0",0,0,0,0,"0","0","0",NA,0,0,0,0,"0","0","0",NA,0,0,0,0,"0","0","0",NA,0,0,0,0,"0","0","0",NA,0,0,0,0,"0","0","0",NA,0,0,0,0,"0","0","0",NA,NA,NA,NA,NA,1,2,3,4,NA,NA,NA,NA,0,0,0,0,0,"CXSP974",3024,974,NA,"Point",2245.305,-16.903,0.0306420783087268,0,0,0,0,"CXSP_974_74","CXSP_984_84",11.0428482299727,"CXSP_978_78",6.98357573708283,"CXSP_984_84",11.0428482299727,"CXSP_976_76",6.03999627821016,NA,41.64147643,-111.4918999,41.64153371,-111.4917915,NA,54.8379808926269,41.64149773,-111.491821,NA,70.2068326093374,41.64153371,-111.4917915,NA,54.8379808926269,41.64150216,-111.491836,NA,61.7736298114129,0,0,0,0,15,16,21,22
"75","CXSP",975,"ABLA",NA,7.5,0,0,"0",1,1,1,1,"0","0","0","0",0,0,0,0,"0","0","0","0",0,0,0,0,"0","0","0",NA,0,0,0,0,"0","0","0",NA,0,0,0,0,"0","0","0",NA,0,0,0,0,"0","0","0",NA,0,0,0,0,"0","0","0",NA,0,0,0,0,"0","0","0",NA,"3 Dead","3 Dead","3 Dead","3 Dead",1,2,3,4,NA,NA,NA,NA,0,0,0,0,0,"CXSP975",3025,975,NA,"Point",2243.825,-16.903,0.0284683795815367,0,0,0,0,"CXSP_975_75","CXSP_984_84",8.20824039086033,"CXSP_978_78",3.79202380983306,"CXSP_984_84",8.20824039086033,"CXSP_976_76",3.11643996836748,NA,41.64148114,-111.4918608,41.64153371,-111.4917915,NA,44.6788462649815,41.64149773,-111.491821,NA,60.9398200463313,41.64153371,-111.4917915,NA,44.6788462649815,41.64150216,-111.491836,NA,41.5096183857262,0,0,0,0,15,16,21,22
"76","CXSP",976,"ABLA",1.2,8.9,0,0,"0",1,1,1,1,"0","0","BO","BO",0,0,0,0,"0","0","0","0",0,0,0,1,"0","0","0",NA,0,0,0,1,"0","0","0",NA,0,0,0,0,"0","0","0",NA,0,0,0,0,"0","0","0",NA,0,0,0,1,"0","0","0",NA,0,0,0,0,"0","0","0",NA,NA,NA,NA,NA,1,2,3,4,NA,NA,NA,NA,0,0,0,1,1,"CXSP976",3026,976,NA,"Point",2242.991,-16.903,0.0286678736913598,0,0,0,1,"CXSP_976_76","CXSP_984_84",5.09947812227152,"CXSP_978_78",1.34257229330937,"CXSP_984_84",5.09947812227152,"CXSP_978_78",1.34257229330937,NA,41.64150216,-111.491836,41.64153371,-111.4917915,NA,46.6150514278888,41.64149773,-111.491821,NA,111.490032240471,41.64153371,-111.4917915,NA,46.6150514278888,41.64149773,-111.491821,NA,111.490032240471,0,0,0,3,15,16,21,22
"77","CXSP",977,"ABLA",2.6,18.4,0,0,"0",1,1,1,1,"0","0","BO","BO",0,0,0,0,"0","0","0","0",0,0,0,1,"0","0","0",NA,0,0,0,1,"0","0","0",NA,0,0,0,1,"0","0","0",NA,0,0,0,1,"0","0","0",NA,0,0,0,1,"0","0","0",NA,0,0,0,0,"0","0","0",NA,NA,NA,NA,NA,1,2,3,4,NA,NA,NA,NA,0,0,0,1,1,"CXSP977",3027,977,NA,"Point",2245.111,-16.903,0.0276891643124556,0,0,0,1,"CXSP_977_77","CXSP_984_84",4.02225604759462,"CXSP_978_78",0.667442285537739,"CXSP_984_84",4.02225604759462,"CXSP_978_78",0.667442285537739,NA,41.64150285,-111.4918168,41.64153371,-111.4917915,NA,31.590670948144,41.64149773,-111.491821,NA,-148.394314339885,41.64153371,-111.4917915,NA,31.590670948144,41.64149773,-111.491821,NA,-148.394314339885,0,0,0,5,15,16,21,22
"78","CXSP",978,"ABLA",1.5,11.7,0,0,"0",1,1,1,1,"0","BR, BO","0","BO",0,0,0,0,"0","0","0","0",0,0,0,1,"0","0","0",NA,0,1,0,0,"0","0","0",NA,0,0,0,1,"0","0","0",NA,0,0,0,1,"0","0","0",NA,0,1,0,0,"0","0","0",NA,0,0,0,1,"0","0","0",NA,NA,NA,NA,NA,1,2,3,4,NA,NA,NA,NA,0,1,0,1,1,"CXSP978",3028,978,NA,"Point",2243.151,-16.903,0.0274762850496733,0,1,0,1,"CXSP_978_78","CXSP_984_84",4.68969831347677,"CXSP_987_86",2.97335326975274,"CXSP_984_84",4.68969831347677,"CXSP_977_77",0.667442285537739,NA,41.64149773,-111.491821,41.64153371,-111.4917915,NA,31.592805065316,41.64148541,-111.4917893,NA,117.388736786214,41.64153371,-111.4917915,NA,31.592805065316,41.64150285,-111.4918168,NA,31.605682869351,0,2,0,4,15,16,21,22
"79","CXSP",979,"ABLA",NA,4.4,0,0,"0",1,1,1,1,"0","0","0","0",1,1,0,0,"0","0","0","0",0,0,0,0,"0","0","0",NA,0,0,0,0,"0","0","0",NA,0,0,0,0,"0","0","0",NA,0,0,0,0,"0","0","0",NA,0,0,0,0,"0","0","0",NA,0,0,0,0,"0","0","0",NA,NA,NA,NA,NA,1,2,3,4,NA,NA,NA,NA,0,0,0,0,0,"CXSP979",3029,979,NA,"Point",2244.193,-16.903,0.0269339197883685,0,0,0,0,"CXSP_979_79","CXSP_984_84",5.13964287082026,"CXSP_978_78",0.610619823229119,"CXSP_984_84",5.13964287082026,"CXSP_978_78",0.610619823229119,NA,41.64149238,-111.4918193,41.64153371,-111.4917915,NA,26.7738302832526,41.64149773,-111.491821,NA,-13.4067995490237,41.64153371,-111.4917915,NA,26.7738302832526,41.64149773,-111.491821,NA,-13.4067995490237,0,0,0,0,15,16,21,22
"80","CXSP",980,"ABLA",1.6,11.3,0,0,"0",1,1,1,1,"0","0","0","BO",0,0,0,0,"0","0","0","0",0,0,0,0,"0","0","0",NA,0,0,0,1,"0","0","0",NA,0,0,0,0,"0","0","0",NA,0,0,0,0,"0","0","0",NA,0,0,0,0,"0","0","0",NA,0,0,0,0,"0","0","0",NA,NA,NA,NA,NA,1,2,3,4,NA,NA,NA,NA,0,0,0,1,1,"CXSP980",3030,980,NA,"Point",2244.024,-16.903,0.0261678527380803,0,0,0,1,"CXSP_980_80","CXSP_984_84",5.44061779578856,"CXSP_978_78",1.32960829086332,"CXSP_984_84",5.44061779578856,"CXSP_981_81",1.21416914439823,NA,41.64148741,-111.4918129,41.64153371,-111.4917915,NA,19.122049011996,41.64149773,-111.491821,NA,-30.4880745120366,41.64153371,-111.4917915,NA,19.122049011996,41.64149019,-111.4917988,NA,75.2735423316267,0,0,0,1,15,16,21,22
"81","CXSP",981,"ABLA",2,14.3,0,0,"0",1,1,1,1,"0","0","0","BO",0,0,0,0,"0","0","0","0",0,0,0,1,"0","0","0",NA,0,0,0,2,"0","0","0",NA,0,0,0,1,"0","0","0",NA,0,0,0,1,"0","0","0",NA,0,0,0,2,"0","0","0",NA,0,0,0,0,"0","0","0",NA,NA,NA,NA,NA,1,2,3,4,NA,NA,NA,NA,0,0,0,1,1,"CXSP981",3031,981,NA,"Point",2245.152,-16.903,0.0256540770083593,0,0,0,1,"CXSP_981_81","CXSP_984_84",4.86987145027512,"CXSP_987_86",0.952686052714206,"CXSP_984_84",4.86987145027512,"CXSP_987_86",0.952686052714206,NA,41.64149019,-111.4917988,41.64153371,-111.4917915,NA,7.17160632941228,41.64148541,-111.4917893,NA,123.852162948008,41.64153371,-111.4917915,NA,7.17160632941228,41.64148541,-111.4917893,NA,123.852162948008,0,0,0,7,15,16,21,22
"82","CXSP",982,"ABLA",1.4,10.8,0,2,"0",1,1,1,1,"0","0","0","BO",0,0,0,0,"0","0","0","0",0,0,0,1,"0","0","0",NA,0,0,0,0,"0","0","0",NA,0,0,0,0,"0","0","0",NA,0,0,0,0,"0","0","0",NA,0,0,0,0,"0","0","0",NA,0,0,0,0,"0","0","0",NA,NA,NA,NA,NA,1,2,3,4,NA,NA,NA,NA,0,0,0,1,1,"CXSP982",3032,982,NA,"Point",2245.596,-16.903,0.0272022791066695,0,0,0,1,"CXSP_982_82","CXSP_984_84",2.90519100203251,"CXSP_985_85",2.07792989724806,"CXSP_984_84",2.90519100203251,"CXSP_977_77",1.65236768644636,NA,41.64150803,-111.4917982,41.64153371,-111.4917915,NA,11.0734674093621,41.64151157,-111.4917737,NA,79.0972239854292,41.64153371,-111.4917915,NA,11.0734674093621,41.64150285,-111.4918168,NA,-110.368038243612,0,0,0,1,15,16,21,22
"83","CXSP",983,"ABLA",NA,4.8,0,0,"0",1,1,1,1,"0","0","0","0",0,0,0,0,"0","0","0","0",0,0,0,0,"0","0","0",NA,0,0,0,0,"0","0","0",NA,0,0,0,0,"0","0","0",NA,0,0,0,0,"0","0","0",NA,0,0,0,0,"0","0","0",NA,0,0,0,0,"0","0","0",NA,NA,NA,NA,NA,1,2,3,4,NA,NA,NA,NA,0,0,0,0,0,"CXSP983",3033,983,NA,"Point",2245.158,-16.903,0.0272303601970465,0,0,0,0,"CXSP_983_83","CXSP_984_84",2.97846125774831,"CXSP_978_78",2.09101378527235,"CXSP_984_84",2.97846125774831,"CXSP_982_82",0.126848794934289,NA,41.64150758,-111.4917996,41.64153371,-111.4917915,NA,13.0904455140052,41.64149773,-111.491821,NA,-121.533311808922,41.64153371,-111.4917915,NA,13.0904455140052,41.64150803,-111.4917982,NA,66.8049968143575,0,0,0,0,15,16,21,22
"84","CXSP",984,"ABLA",5.5,28,1.8,3,"0",1,1,1,1,"BR, BO","BR, BO","BR, BO","BR, BO",1,1,1,1,"0","0","0","0",3,3,4,4,"2-20","2-19","2–37","2-40",2,3,4,4,"3-16","3-21","3–54","3-53",2,2,3,3,"2-3","2-6","2–11","2-24",3,3,4,4,"2-22","2-21","2–27","2-33",3,3,4,4,"3-19","3-18","3–36","3-36",2,2,2,3,NA,"3-4","3–10","2-15","2DB","2DB","2DB","2DB",1,2,3,4,NA,NA,NA,NA,1,1,1,1,0,"CXSP984",3034,984,NA,"Point",2244.577,-16.903,0.0292642866756385,1,1,1,1,"CXSP_984_84","CXSP_1067_150",21.3969347346901,"CXSP_985_85",2.87049329130625,"CXSP_1067_150",21.3969347346901,"CXSP_985_85",2.87049329130625,NA,41.64153371,-111.4917915,41.64134156,-111.4918113,NA,-175.580000422091,41.64151157,-111.4917737,NA,148.906437583357,41.64134156,-111.4918113,NA,-175.580000422091,41.64151157,-111.4917737,NA,148.906437583357,15,16,21,22,6,2,2,6
"85","CXSP",985,"ABLA",NA,7.9,0,0,"0",1,1,1,1,"0","BO","BO","BO",1,1,1,1,"0","0","0","0",0,0,0,1,"0","0","0",NA,0,0,0,0,"0","0","0",NA,0,0,0,0,"0","0","0",NA,0,1,0,0,"0","0","0",NA,0,0,0,1,"0","0","0",NA,0,0,0,1,"0","0","0",NA,NA,NA,NA,NA,1,2,3,4,NA,NA,NA,NA,0,1,0,1,1,"CXSP985",3035,985,NA,"Point",2245.138,-16.903,0.0263925508205726,0,1,0,1,"CXSP_985_85","CXSP_984_84",2.87049329130625,"CXSP_984_84",2.87049329130625,"CXSP_984_84",2.87049329130625,"CXSP_982_82",2.07792989724806,NA,41.64151157,-111.4917737,41.64153371,-111.4917915,NA,-31.0935505891136,41.64153371,-111.4917915,NA,-31.0935505891136,41.64153371,-111.4917915,NA,-31.0935505891136,41.64150803,-111.4917982,NA,-100.90275973511,0,1,0,3,15,16,21,22
"86","CXSP",987,"ABLA",1.5,10.7,0,0,"0",1,1,1,1,"0","BO","BO","BO",0,0,1,1,"0","0","0","0",0,0,0,1,"0","0","0",NA,0,1,0,1,"0","0","0",NA,0,0,0,1,"0","0","0",NA,0,0,0,1,"0","0","0",NA,0,0,0,2,"0","0","0",NA,0,0,0,0,"0","0","0",NA,NA,NA,NA,NA,1,2,3,4,NA,NA,NA,NA,0,1,0,1,1,"CXSP987",3037,987,NA,"Point",2240.911,-16.903,0.0247475861100204,0,1,0,1,"CXSP_987_86","CXSP_984_84",5.36559774144044,"CXSP_988_87",0.958257285276139,"CXSP_984_84",5.36559774144044,"CXSP_981_81",0.952686052714206,NA,41.64148541,-111.4917893,41.64153371,-111.4917915,NA,-1.95688577671775,41.64147928,-111.4917812,NA,135.253224167421,41.64153371,-111.4917915,NA,-1.95688577671775,41.64149019,-111.4917988,NA,-56.1478307395504,0,1,0,6,15,16,21,22
"87","CXSP",988,"ABLA",1,8,0,0,"0",1,1,1,1,"0","BO","BO","BO",0,0,1,1,"0","0","0","0",0,0,0,2,"0","0","0",NA,0,1,0,1,"0","0","0",NA,0,0,0,0,"0","0","0",NA,0,0,0,2,"0","0","0",NA,0,0,0,1,"0","0","0",NA,0,0,0,0,"0","0","0",NA,NA,NA,NA,NA,1,2,3,4,NA,NA,NA,NA,0,1,0,1,1,"CXSP988",3038,988,NA,"Point",2242.242,-16.903,0.023796343910186,0,1,0,1,"CXSP_988_87","CXSP_984_84",6.10362627729857,"CXSP_987_86",0.958257285276139,"CXSP_984_84",6.10362627729857,"CXSP_987_86",0.958257285276139,NA,41.64147928,-111.4917812,41.64153371,-111.4917915,NA,-8.07915438138459,41.64148541,-111.4917893,NA,-44.7467704503931,41.64153371,-111.4917915,NA,-8.07915438138459,41.64148541,-111.4917893,NA,-44.7467704503931,0,1,0,6,15,16,21,22
"88","CXSP",989,"ABLA",NA,4.3,0,0,"0",1,1,1,1,"0","BO","0","BO",1,0,0,0,"0","0","0","0",0,1,0,1,"0","0","0",NA,0,1,0,1,"0","0","0",NA,0,0,0,0,"0","0","0",NA,0,1,0,1,"0","0","0",NA,0,0,0,0,"0","0","0",NA,0,0,0,0,"0","0","0",NA,NA,NA,NA,NA,1,2,3,4,NA,NA,NA,NA,0,1,0,1,1,"CXSP989",3039,989,NA,"Point",2244.903,-16.903,0.0236831568080976,0,1,0,1,"CXSP_989_88","CXSP_984_84",7.47213842925226,"CXSP_988_87",2.0466131149096,"CXSP_984_84",7.47213842925226,"CXSP_988_87",2.0466131149096,NA,41.64146665,-111.4917991,41.64153371,-111.4917915,NA,4.8592125106144,41.64147928,-111.4917812,NA,46.7526436516319,41.64153371,-111.4917915,NA,4.8592125106144,41.64147928,-111.4917812,NA,46.7526436516319,0,3,0,3,15,16,21,22
"89","CXSP",991,"ABLA",NA,5.4,0,0,"0",1,1,1,1,"0","BO","BO","BO",1,1,0,0,"0","0","0","0",0,1,0,0,"0","0","0",NA,0,0,0,0,"0","0","0",NA,0,0,0,0,"0","0","0",NA,0,0,2,2,"0","0","0",NA,0,0,0,0,"0","0","0",NA,0,0,0,0,"0","0","0",NA,NA,NA,NA,NA,1,2,3,4,NA,NA,NA,NA,0,1,1,1,1,"CXSP991",3042,991,NA,"Point",2238.214,-16.903,0.0394279038660914,0,1,1,1,"CXSP_991_89","CXSP_992_90",1.4171383132605,"CXSP_992_90",1.4171383132605,"CXSP_994_92",2.99807269655681,"CXSP_992_90",1.4171383132605,NA,41.64137269,-111.492073,41.64136109,-111.4920659,NA,155.338621390839,41.64136109,-111.4920659,NA,155.338621390839,41.64134572,-111.4920712,NA,177.133913974245,41.64136109,-111.4920659,NA,155.338621390839,0,1,2,2,1,2,0,2
"90","CXSP",992,"ABLA",1.7,13.2,0,4,"0",1,1,1,1,"BO","BO","BO","BO",1,1,0,0,"0","0","0","0",1,1,0,0,"0","0","0",NA,0,0,0,1,"0","0","0",NA,0,0,0,0,"0","0","0",NA,0,1,0,1,"0","0","0",NA,0,0,0,0,"0","0","0",NA,0,0,0,0,"0","0","0",NA,NA,NA,NA,NA,1,2,3,4,NA,NA,NA,NA,1,1,0,1,0,"CXSP992",3043,992,NA,"Point",2238.754,-16.903,0.0386367340895735,1,1,0,1,"CXSP_992_90","CXSP_993_91",0.540833601998036,"CXSP_991_89",1.4171383132605,"CXSP_991_89",1.4171383132605,"CXSP_993_91",0.540833601998036,NA,41.64136109,-111.4920659,41.6413585,-111.4920604,NA,122.119315598638,41.64137269,-111.492073,NA,-24.6613738914534,41.64137269,-111.492073,NA,-24.6613738914534,41.6413585,-111.4920604,NA,122.119315598638,1,2,0,2,1,0,0,1
"91","CXSP",993,"ABLA",1.4,11.4,0,1,"0",1,1,1,1,"BO","0","BO","BO",1,1,0,1,"0","0","0","0",0,0,0,1,"0","0","0",NA,0,0,0,0,"0","0","0",NA,0,0,0,0,"0","0","0",NA,0,0,0,0,"0","0","0",NA,1,0,0,0,"0","0","0",NA,0,0,0,0,"0","0","0",NA,NA,NA,NA,NA,1,2,3,4,NA,NA,NA,NA,1,0,0,1,0,"CXSP993",3044,993,NA,"Point",2238.042,-16.903,0.0381429386284588,1,0,0,1,"CXSP_993_91","CXSP_992_90",0.540833601998036,"CXSP_992_90",0.540833601998036,"CXSP_994_92",1.67995937799872,"CXSP_992_90",0.540833601998036,NA,41.6413585,-111.4920604,41.64136109,-111.4920659,NA,-57.8806807467994,41.64136109,-111.4920659,NA,-57.8806807467994,41.64134572,-111.4920712,NA,-147.628814116156,41.64136109,-111.4920659,NA,-57.8806807467994,1,0,0,1,1,2,0,2
"92","CXSP",994,"ABLA",9.6,55.6,5.8,4,"0",1,1,1,1,"BO","BO","BO","BO",1,1,0,1,"0","0","0","0",1,1,0,1,"0","0","0",NA,2,2,2,1,"0","0","0",NA,1,2,2,1,"0","0","0",NA,2,2,2,2,"0","1-1","1–1","1-1",1,2,2,2,"0","3-1","3–0","3-1",1,2,2,2,"0","0","0",NA,NA,NA,NA,NA,1,2,3,4,NA,NA,NA,NA,1,1,1,1,0,"CXSP994",NA,994,NA,NA,2236.951,-16.903,0.0388607397339174,1,1,1,1,"CXSP_994_92","CXSP_993_91",1.67995937799872,"CXSP_992_90",1.76260502691299,"CXSP_991_89",2.99807269655681,"CXSP_993_91",1.67995937799872,NA,41.64134572,-111.4920712,41.6413585,-111.4920604,NA,32.3711787076135,41.64136109,-111.4920659,NA,14.5026010061651,41.64137269,-111.492073,NA,-2.86608482971617,41.6413585,-111.4920604,NA,32.3711787076135,8,11,10,9,1,0,0,1
"93","CXSP",995,"ABLA",9.7,58,6.9,1,"0",1,1,1,1,"BO","BO","BO","BO",1,1,0,0,"0","0","0","0",1,1,2,0,"0","0","0",NA,2,2,2,2,"2-0","2-1","2–1","2-0",2,2,2,2,"0","0","0",NA,2,2,2,2,"0","1-1","1–1","1-1",2,2,2,2,NA,"3-1","3–0","3-1",2,2,2,2,"0","0","0",NA,NA,NA,NA,NA,1,2,3,4,NA,NA,NA,NA,1,1,1,1,0,"CXSP995",NA,995,NA,NA,2236.951,-16.903,0.0388607397339174,1,1,1,1,"CXSP_995_93","CXSP_993_91",1.67995937799872,"CXSP_992_90",1.76260502691299,"CXSP_991_89",2.99807269655681,"CXSP_993_91",1.67995937799872,NA,41.64134572,-111.4920712,41.6413585,-111.4920604,NA,32.3711787076135,41.64136109,-111.4920659,NA,14.5026010061651,41.64137269,-111.492073,NA,-2.86608482971617,41.6413585,-111.4920604,NA,32.3711787076135,11,11,12,10,1,0,0,1
"94","CXSP",997,"ABLA",12.6,56,5.4,3,"0",1,1,1,1,"BO","BO","BO","BO",1,1,1,2,"0","0","0","0",1,1,2,0,"0","0","0",NA,1,1,0,1,"0","0","0",NA,1,1,0,0,"0","0","0",NA,2,2,2,2,"0","1-1","1–1","1-1",2,2,2,2,"0","3-1","3–0","3-1",2,2,2,2,"0","0","0",NA,NA,NA,NA,NA,1,2,3,4,NA,NA,NA,NA,1,1,1,1,0,"CXSP997",3045,997,NA,"Point",2236.951,-16.903,0.0388607397339174,1,1,1,1,"CXSP_997_94","CXSP_993_91",1.67995937799872,"CXSP_992_90",1.76260502691299,"CXSP_991_89",2.99807269655681,"CXSP_993_91",1.67995937799872,NA,41.64134572,-111.4920712,41.6413585,-111.4920604,NA,32.3711787076135,41.64136109,-111.4920659,NA,14.5026010061651,41.64137269,-111.492073,NA,-2.86608482971617,41.6413585,-111.4920604,NA,32.3711787076135,9,9,8,7,1,0,0,1
"95","CXSP",998,"ABLA",4.8,30.3,0,6,"0",1,1,1,1,"0","0","0","BO",1,1,0,0,"0","0","0","0",0,0,0,1,"0","0","0",NA,0,0,0,0,"0","0","0",NA,0,0,0,0,"0","0","0",NA,0,0,0,0,"0","0","0",NA,0,0,0,0,"0","0","0",NA,0,0,0,0,"0","0","0",NA,"3DB","3DB","3DB","3DB",1,2,3,4,NA,NA,NA,NA,0,0,0,1,1,"CXSP998",3046,998,NA,"Point",2239.349,-16.903,0.0437444447278673,0,0,0,1,"CXSP_998_95","CXSP_1000_97",3.24401604263332,"CXSP_1000_97",3.24401604263332,"CXSP_994_92",5.03804176514082,"CXSP_1053_137",4.16943061082912,NA,41.64133887,-111.492131,41.64135463,-111.4921638,NA,-57.3588836350315,41.64135463,-111.4921638,NA,-57.3588836350315,41.64134572,-111.4920712,NA,81.3177274138441,41.64130612,-111.4921065,NA,150.700272771234,0,0,0,1,1,1,0,0
"96","CXSP",999,"ABLA",13,50.4,4.5,0,"0",1,1,1,1,"0","0","0","0",0,2,2,2,"TB","TB","TB","TB",0,0,0,0,"0","0","0",NA,0,0,0,0,"0","0","0",NA,0,0,0,0,"0","0","0",NA,0,0,0,0,"0","0","0",NA,0,0,0,0,"0","0","0",NA,0,0,0,0,"0","0","0",NA,NA,NA,NA,NA,1,2,3,4,NA,NA,NA,NA,0,0,0,0,0,"CXSP999",3047,999,NA,"Point",2241.785,-16.903,0.0453032119916112,0,0,0,0,"CXSP_999_96","CXSP_1000_97",1.85908709228637,"CXSP_1000_97",1.85908709228637,"CXSP_991_89",6.15687318800737,"CXSP_1001_98",2.86296546816466,NA,41.64136493,-111.4921462,41.64135463,-111.4921638,NA,-127.960147664319,41.64135463,-111.4921638,NA,-127.960147664319,41.64137269,-111.492073,NA,81.9560251396376,41.64138368,-111.4921226,NA,43.3549593233776,0,0,0,0,1,1,0,0
"97","CXSP",1000,"ABLA",NA,4,0,3,"0",1,1,1,1,"BO","BO","0","0",2,2,2,2,"0","0","0","0",1,0,0,0,"0","0","0",NA,0,0,0,0,"0","0","0",NA,0,0,0,0,"0","0","0",NA,0,1,0,0,"0","0","0",NA,0,0,0,0,"0","0","0",NA,0,0,0,0,"0","0","0",NA,"1DB","1DB","1DB","1DB",1,2,3,4,NA,NA,NA,NA,1,1,0,0,0,"CXSP1000",3048,1000,NA,"Point",2239.249,-16.903,0.046617008536335,1,1,0,0,"CXSP_1000_97","CXSP_1019_113",3.61438788608266,"CXSP_1019_113",3.61438788608266,"CXSP_994_92",7.7751687718233,"CXSP_998_95",3.24401604263332,NA,41.64135463,-111.4921638,41.64136708,-111.4922039,NA,-67.5156879858176,41.64136708,-111.4922039,NA,-67.5156879858176,41.64134572,-111.4920712,NA,97.3094549695034,41.64133887,-111.492131,NA,122.641094570494,1,1,0,0,2,2,0,1
"98","CXSP",1001,"ABLA",11.1,62.6,3.1,0,"0",1,1,1,1,"0","BO","BO","BO",0,0,0,1,"BIB","BIB","BIB","BIB",0,1,0,1,"0","1-1","0",NA,0,0,0,0,"0","0","0",NA,0,0,0,1,"0","0","0",NA,0,0,0,1,"0","0","0",NA,0,0,0,1,"0","0","0",NA,0,0,0,0,"0","0","0",NA,NA,NA,NA,NA,1,2,3,4,NA,NA,NA,NA,0,1,0,1,1,"CXSP1001",3049,1001,NA,"Point",2241.008,-16.903,0.0437032609880781,0,1,0,1,"CXSP_1001_98","CXSP_1005_102",4.61091109304742,"CXSP_991_89",4.30725869432596,"CXSP_991_89",4.30725869432596,"CXSP_1002_99",2.20174527491686,NA,41.64138368,-111.4921226,41.64140575,-111.4920757,NA,57.8989229478099,41.64137269,-111.492073,NA,106.455986479163,41.64137269,-111.492073,NA,106.455986479163,41.64140188,-111.4921121,NA,23.40141001184,0,1,0,4,9,10,8,9
"99","CXSP",1002,"ABLA",11.8,67.9,20.4,0,"0",1,1,1,1,"0","0","0","BO",NA,NA,NA,NA,"BIB","BIB","BIB","BIB",0,0,0,1,"0","0","0",NA,0,0,0,0,"0","0","0",NA,0,0,0,0,"0","0","0",NA,0,0,0,0,"0","0","0",NA,0,0,0,0,"0","0","0",NA,0,0,0,0,"0","0","0",NA,NA,NA,NA,NA,1,2,3,4,NA,NA,NA,NA,0,0,0,1,1,"CXSP1002",3050,1002,NA,"Point",2239.183,-16.903,0.0432790847513305,0,0,0,1,"CXSP_1002_99","CXSP_1003_100",2.59511783416696,"CXSP_1001_98",2.20174527491686,"CXSP_1005_102",3.06178719183262,"CXSP_1001_98",2.20174527491686,NA,41.64140188,-111.4921121,41.64142096,-111.4920941,NA,35.2859152880275,41.64138368,-111.4921226,NA,-156.598583011264,41.64140575,-111.4920757,NA,81.9329881632811,41.64138368,-111.4921226,NA,-156.598583011264,0,0,0,1,5,2,0,4
"100","CXSP",1003,"ABLA",7.2,49.7,0,2,"0",1,1,1,1,"BO","BO","BO","BO",1,1,0,1,"0","0","0","0",1,1,0,0,"0","0","0",NA,0,0,0,1,"0","0","0",NA,2,0,0,1,"0","0","0",NA,1,1,0,1,"0","0","0",NA,1,0,0,1,"0","0","0",NA,0,0,0,0,"0","0","0",NA,"1DB","1DB","1DB","1DB",1,2,3,4,NA,NA,NA,NA,1,1,0,1,0,"CXSP1003",3051,1003,NA,"Point",2241.074,-16.903,0.0423952434856026,1,1,0,1,"CXSP_1003_100","CXSP_1005_102",2.28032601721158,"CXSP_1005_102",2.28032601721158,"CXSP_1005_102",2.28032601721158,"CXSP_969_70",0.501933215851647,NA,41.64142096,-111.4920941,41.64140575,-111.4920757,NA,137.777630313425,41.64140575,-111.4920757,NA,137.777630313425,41.64140575,-111.4920757,NA,137.777630313425,41.64142379,-111.4920988,NA,-51.246092004222,5,2,0,4,9,10,8,9
"101","CXSP",1004,"ABLA",2.2,14.9,3.5,0,"0",1,1,1,1,"0","0","0","BO",0,0,0,0,"0","0","0","0",0,0,0,1,"0","0","0",NA,0,0,0,1,"0","0","0",NA,0,0,0,1,"0","0","0",NA,0,0,0,0,"0","0","0",NA,0,0,0,0,"0","0","0",NA,0,0,0,0,"0","0","0",NA,NA,NA,NA,NA,1,2,3,4,NA,NA,NA,NA,0,0,0,1,1,"CXSP1004",3053,1004,NA,"Point",2243.056,-16.903,0.0455473540309066,0,0,0,1,"CXSP_1004_101","CXSP_962_64",1.63898799597931,"CXSP_962_64",1.63898799597931,"CXSP_1005_102",5.12568481746238,"CXSP_1009_104",1.41378356576575,NA,41.6414226,-111.492133,41.64143656,-111.4921266,NA,18.9780626908538,41.64143656,-111.4921266,NA,18.9780626908538,41.64140575,-111.4920757,NA,111.406155580079,41.64143527,-111.4921347,NA,-5.74740381357988,0,0,0,3,1,1,0,1
"102","CXSP",1005,"ABLA",2.4,12.5,0,2,"0",1,1,1,1,"BO","BO","BR, BO","BR, BO",1,1,1,1,"0","0","0","0",2,2,2,2,"0","0","0",NA,2,2,2,2,"0","0","0",NA,1,1,0,1,"0","0","0",NA,2,2,2,2,"4-1","4-3","4–4","4-3",2,2,2,2,"0","0","0",NA,0,1,0,0,"0","0","0",NA,"1DB","1DB","1DB","1DB",1,2,3,4,NA,NA,NA,NA,1,1,1,1,0,"CXSP1005",3054,1005,NA,"Point",2245.644,-16.903,0.0404572306071259,1,1,1,1,"CXSP_1005_102","CXSP_1003_100",2.28032601721158,"CXSP_1003_100",2.28032601721158,"CXSP_991_89",3.67734129838946,"CXSP_1007_103",0.96892384545227,NA,41.64140575,-111.4920757,41.64142096,-111.4920941,NA,-42.2223574603905,41.64142096,-111.4920941,NA,-42.2223574603905,41.64137269,-111.492073,NA,176.49427051901,41.64141068,-111.4920661,NA,55.6043484623306,9,10,8,9,5,2,0,4
"103","CXSP",1007,"ABLA",NA,3.7,0,9,"0",1,1,1,1,"0","0","0","BO",1,1,1,1,"0","0","0","0",0,0,0,1,"0","0","0",NA,0,0,0,0,"0","0","0",NA,0,0,0,0,"0","0","0",NA,0,0,0,1,"0","0","0",NA,0,0,0,0,"0","0","0",NA,0,0,0,0,"0","0","0",NA,"7DB","7DB","7DB","7DB",1,2,3,4,NA,NA,NA,NA,0,0,0,1,1,"CXSP1007",3056,1007,NA,"Point",2240.91,-16.903,0.0398387232587998,0,0,0,1,"CXSP_1007_103","CXSP_1005_102",0.96892384545227,"CXSP_1005_102",0.96892384545227,"CXSP_1005_102",0.96892384545227,"CXSP_1005_102",0.96892384545227,NA,41.64141068,-111.4920661,41.64140575,-111.4920757,NA,-124.395645158791,41.64140575,-111.4920757,NA,-124.395645158791,41.64140575,-111.4920757,NA,-124.395645158791,41.64140575,-111.4920757,NA,-124.395645158791,0,0,0,2,9,10,8,9
"104","CXSP",1009,"ABLA",7.6,18,0,0,"0",1,1,NA,1,"0","0",NA,"BO",0,NA,NA,1,"0","0",NA,"0",0,0,NA,1,"0",NA,NA,NA,0,0,NA,1,"0",NA,NA,NA,0,0,NA,2,"0",NA,NA,NA,0,0,NA,1,"0",NA,NA,NA,0,0,NA,1,"0",NA,NA,NA,0,0,NA,1,"0",NA,NA,NA,NA,NA,NA,NA,1,2,NA,4,NA,NA,NA,NA,0,0,NA,1,1,"CXSP1009",3058,1009,NA,"Point",2242.27,-16.903,0.0460892356628613,0,0,NA,1,"CXSP_1009_104","CXSP_962_64",0.689625400442756,"CXSP_962_64",0.689625400442756,"CXSP_955_57",4.01392055310187,"CXSP_962_64",0.689625400442756,NA,41.64143527,-111.4921347,41.64143656,-111.4921266,NA,78.0135846658497,41.64143656,-111.4921266,NA,78.0135846658497,41.64146627,-111.4921099,NA,30.9681430908543,41.64143656,-111.4921266,NA,78.0135846658497,0,0,NA,7,1,1,0,1
"105","CXSP",1010,"ABLA",8.1,55.6,0,1,"0",1,1,1,1,"BO","BO","BO","BO",1,2,1,2,"0","0","0","0",1,1,0,2,"0","0","0",NA,0,0,0,2,"0","0","0",NA,0,0,0,2,"0","0","0",NA,0,1,0,2,"0","0","0",NA,0,1,0,2,"0","0","0","1-1",1,1,0,2,"0","0","0",NA,"1DB","1DB","1DB","1DB",1,2,3,4,NA,NA,NA,NA,1,1,0,1,0,"CXSP1010",3059,1010,NA,"Point",2240.717,-16.903,0.0474396820060494,1,1,0,1,"CXSP_1010_105","CXSP_1012_107",1.64772730644252,"CXSP_1012_107",1.64772730644252,"CXSP_1011_106",3.85258380064902,"CXSP_1012_107",1.64772730644252,NA,41.64141567,-111.4921591,41.64142149,-111.4921773,NA,-66.9114767996539,41.64142149,-111.4921773,NA,-66.9114767996539,41.64143535,-111.4921972,NA,-55.4489258717633,41.64142149,-111.4921773,NA,-66.9114767996539,2,4,0,12,2,2,0,3
"106","CXSP",1011,"ABLA",17.3,80.5,0,1,"0",1,1,1,1,"BO","BO","BO","BO",1,1,1,1,"BIB","BIB","BIB","BIB",2,2,2,2,"0","0","0",NA,2,2,2,2,"3-0","3-0","3–0","3-1",2,2,2,2,"3-0","3-0","3–0","3-2",1,2,2,2,"0","4-2","4–2","4-1",1,2,2,2,"0","0","0",NA,1,2,2,2,"0","0","1–1","1-0","Rot in area, 1DB","Rot in area, 1DB","Rot in area, 1DB","Rot in area, 1DB",1,2,3,4,NA,NA,NA,NA,1,1,1,1,0,"CXSP1011",3060,1011,NA,"Point",2237.755,-16.903,0.0510665457181448,1,1,1,1,"CXSP_1011_106","CXSP_1013_108",1.31055075515661,"CXSP_1013_108",1.31055075515661,"CXSP_1013_108",1.31055075515661,"CXSP_1013_108",1.31055075515661,NA,41.64143535,-111.4921972,41.64143455,-111.4922129,NA,-93.8860541931084,41.64143455,-111.4922129,NA,-93.8860541931084,41.64143455,-111.4922129,NA,-93.8860541931084,41.64143455,-111.4922129,NA,-93.8860541931084,9,12,12,12,12,12,12,12
"107","CXSP",1012,"ABLA",2.8,14.6,3.4,0,"0",1,1,1,1,"BO","BO","BO","BO",1,1,1,2,"0","0","0","0",0,0,0,0,"0","0","0",NA,1,1,0,0,"0","0","0",NA,0,1,0,1,"0","0","0",NA,0,0,0,0,"0","0","0",NA,1,0,0,1,"0","0","0",NA,0,0,0,1,"0","0","0",NA,NA,NA,NA,NA,1,2,3,4,NA,NA,NA,NA,1,1,0,1,0,"CXSP1012",3061,1012,NA,"Point",2240.052,-16.903,0.0490658781625066,1,1,0,1,"CXSP_1012_107","CXSP_1010_105",1.64772730644252,"CXSP_1010_105",1.64772730644252,"CXSP_1011_106",2.26155182771993,"CXSP_1010_105",1.64772730644252,NA,41.64142149,-111.4921773,41.64141567,-111.4921591,NA,113.088511107054,41.64141567,-111.4921591,NA,113.088511107054,41.64143535,-111.4921972,NA,-47.1238581174598,41.64141567,-111.4921591,NA,113.088511107054,2,2,0,3,2,4,0,12
"108","CXSP",1013,"ABLA",14.8,60.9,6.5,4,"0",1,1,1,1,"BO","BO","BO","BO",1,1,2,2,"0","0","0","0",2,2,2,2,"1-0","1-0","1–0","1-0",2,2,2,2,"2-0","2-0","2–0","2-0",2,2,2,2,"2-2","2-1","2–1","2-1",2,2,2,2,"4-0","4-1","4–1","1-1",2,2,2,2,"4-0","4-1","4–1","4-1",2,2,2,2,"3-12","3-10","0",NA,"3DB","3DB","3DB, SHW not found","3DB, SHW not found",1,2,3,4,NA,NA,NA,NA,1,1,1,1,0,"CXSP1013",3062,1013,NA,"Point",2237.47,-16.903,0.0522992329744469,1,1,1,1,"CXSP_1013_108","CXSP_1011_106",1.31055075515661,"CXSP_1011_106",1.31055075515661,"CXSP_1011_106",1.31055075515661,"CXSP_1011_106",1.31055075515661,NA,41.64143455,-111.4922129,41.64143535,-111.4921972,NA,86.1139353747624,41.64143535,-111.4921972,NA,86.1139353747624,41.64143535,-111.4921972,NA,86.1139353747624,41.64143535,-111.4921972,NA,86.1139353747624,12,12,12,12,9,12,12,12
"109","CXSP",1014,"ABLA",NA,2.9,0,1,"0",1,1,1,1,"0","0","0","BO",0,1,0,0,"0","0","0","0",0,0,0,1,"0","0","0",NA,0,0,0,0,"0","0","0",NA,0,0,0,0,"0","0","0",NA,0,0,0,0,"0","0","0",NA,0,0,0,0,"0","0","0",NA,0,0,0,0,"0","0","0",NA,NA,NA,NA,NA,1,2,3,4,NA,NA,NA,NA,0,0,0,1,1,"CXSP1014",3063,1014,NA,"Point",2241.434,-16.903,0.0504923540228387,0,0,0,1,"CXSP_1014_109","CXSP_1019_113",2.91703363063004,"CXSP_1019_113",2.91703363063004,"CXSP_1013_108",4.64354380004895,"CXSP_1019_113",2.91703363063004,NA,41.64139335,-111.4922033,41.64136708,-111.4922039,NA,-179.018458509292,41.64136708,-111.4922039,NA,-179.018458509292,41.64143455,-111.4922129,NA,-9.91444319077539,41.64136708,-111.4922039,NA,-179.018458509292,0,0,0,1,2,2,0,1
"110","CXSP",1015,"ABLA",NA,3.4,0,4,"0",1,1,1,1,"0","0","0","0",2,2,2,2,"0","0","0","0",0,0,0,0,"0","0","0",NA,0,0,0,0,"0","0","0",NA,0,0,0,0,"0","0","0",NA,0,0,0,0,"0","0","0",NA,0,0,0,0,"0","0","0",NA,0,0,0,0,"0","0","0",NA,NA,NA,NA,NA,1,2,3,4,NA,NA,NA,NA,0,0,0,0,0,"CXSP1015",3064,1015,NA,"Point",2240.365,-16.903,0.0539602033565552,0,0,0,0,"CXSP_1015_110","CXSP_904_11",4.40395701217392,"CXSP_1023_114",4.06014984206982,"CXSP_904_11",4.40395701217392,"CXSP_1016_111",1.92550874441255,NA,41.64139549,-111.4922452,41.64143346,-111.4922605,NA,-16.8182238733434,41.64136739,-111.4922764,NA,-140.209551171295,41.64143346,-111.4922605,NA,-16.8182238733434,41.64141282,-111.4922461,NA,-2.2309203303757,0,0,0,0,3,5,6,12
"111","CXSP",1016,"ABLA",1.6,9.3,0,0,"0",1,1,1,1,"0","0","0","0",2,2,2,2,"0","0","0","0",0,0,0,1,"0","0","0",NA,0,0,0,1,"0","0","0",NA,0,0,0,0,"0","0","0",NA,0,0,0,1,"0","0","0",NA,0,0,0,1,"0","0","0",NA,0,0,0,0,"0","0","0",NA,NA,NA,NA,NA,1,2,3,4,NA,NA,NA,NA,0,0,0,1,1,"CXSP1016",3065,1016,NA,"Point",2240.125,-16.903,0.0544059111787713,0,0,0,1,"CXSP_1016_111","CXSP_904_11",2.58638786211482,"CXSP_910_10",2.38285843864463,"CXSP_904_11",2.58638786211482,"CXSP_910_10",2.38285843864463,NA,41.64141282,-111.4922461,41.64143346,-111.4922605,NA,-27.6251724217275,41.64143424,-111.4922443,NA,3.60693497315457,41.64143346,-111.4922605,NA,-27.6251724217275,41.64143424,-111.4922443,NA,3.60693497315457,0,0,0,4,3,5,6,12
"112","CXSP",1018,"ABLA",1.8,11,0,2,"0",1,1,1,1,"0","BO","BO","BO",0,0,1,1,"0","0","0","0",0,0,0,0,"0","0","0",NA,0,1,0,1,"0","0","0",NA,0,0,0,0,"0","0","0",NA,0,0,0,0,"0","0","0",NA,0,0,0,0,"0","0","0",NA,0,0,0,0,"0","0","0",NA,NA,NA,NA,NA,1,2,3,4,NA,NA,NA,NA,0,1,0,1,1,"CXSP1018",3067,1018,NA,"Point",2239.372,-16.903,0.0575555887215218,0,1,0,1,"CXSP_1018_112","CXSP_904_11",2.23563743363907,"CXSP_904_11",2.23563743363907,"CXSP_904_11",2.23563743363907,"CXSP_904_11",2.23563743363907,NA,41.64142171,-111.4922823,41.64143346,-111.4922605,NA,54.3016422404696,41.64143346,-111.4922605,NA,54.3016422404696,41.64143346,-111.4922605,NA,54.3016422404696,41.64143346,-111.4922605,NA,54.3016422404696,0,1,0,1,3,5,6,12
"113","CXSP",1019,"ABLA",18.5,75.6,0,2,"0",1,1,1,1,"BR, BO","BR, BO","BR, BO","BR, BO",1,1,1,1,"0","0","0","0",0,0,0,1,"0","0","0",NA,1,1,0,0,"0","0","0",NA,0,0,0,0,"0","0","0",NA,0,0,0,0,"0","0","0",NA,1,1,0,0,"0","0","0",NA,0,0,0,0,"0","0","0",NA,"1DB","1DB","1DB","1DB",1,2,3,4,NA,NA,NA,NA,1,1,0,1,0,"CXSP1019",3068,1019,NA,"Point",2238.071,-16.903,0.0500880984449948,1,1,0,1,"CXSP_1019_113","CXSP_1000_97",3.61438788608266,"CXSP_1000_97",3.61438788608266,"CXSP_1013_108",7.5282094880069,"CXSP_1014_109",2.91703363063004,NA,41.64136708,-111.4922039,41.64135463,-111.4921638,NA,112.484285369101,41.64135463,-111.4921638,NA,112.484285369101,41.64143455,-111.4922129,NA,-5.71410372184897,41.64139335,-111.4922033,NA,0.981541092028006,2,2,0,1,1,1,0,0
"114","CXSP",1023,"ABLA",3.7,22.9,0,2,"0",1,1,1,1,"0","BO","BO","BO",1,1,1,1,"0","0","0","0",0,0,0,2,"0","0","0","3-2",0,1,0,2,"0","0","0",NA,0,1,0,1,"0","0","0",NA,0,1,0,1,"0","0","0",NA,0,1,0,2,"0","0","0",NA,0,1,0,1,"0","0","0",NA,NA,NA,NA,NA,1,2,3,4,NA,NA,NA,NA,0,1,0,1,1,"CXSP1023",3072,1023,NA,"Point",2238.928,-16.903,0.0560732533589833,0,1,0,1,"CXSP_1023_114","CXSP_1024_115",2.02825098595018,"CXSP_1024_115",2.02825098595018,"CXSP_904_11",7.45393350726561,"CXSP_1024_115",2.02825098595018,NA,41.64136739,-111.4922764,41.64136288,-111.4923,NA,-104.292504002791,41.64136288,-111.4923,NA,-104.292504002791,41.64143346,-111.4922605,NA,10.2329307481515,41.64136288,-111.4923,NA,-104.292504002791,0,5,0,9,1,2,0,1
"115","CXSP",1024,"ABLA",23,56.7,0,11,"0",1,1,1,1,"BO","BO","BO","BO",1,0,0,0,"0","0","0","0",0,0,0,0,"0","0","0",NA,1,1,0,1,"0","0","0",NA,0,1,0,0,"0","0","0",NA,0,0,0,0,"0","0","0",NA,0,0,0,0,"0","0","0",NA,0,0,0,0,"0","0","0",NA,"1DB (Trifurcated)","1DB (Trifurcated)","1DB (Trifurcated)","1DB (Trifurcated)",1,2,3,4,NA,NA,NA,NA,1,1,0,1,0,"CXSP1024",3073,1024,NA,"Point",2239.509,-16.903,0.0579690450109422,1,1,0,1,"CXSP_1024_115","CXSP_1019_113",8.01704334728978,"CXSP_1023_114",2.02825098595018,"CXSP_904_11",8.49859849014829,"CXSP_1023_114",2.02825098595018,NA,41.64136288,-111.4923,41.64136708,-111.4922039,NA,86.6655465490909,41.64136739,-111.4922764,NA,75.7074803158137,41.64143346,-111.4922605,NA,22.7731281361152,41.64136739,-111.4922764,NA,75.7074803158137,1,2,0,1,2,2,0,1
"116","CXSP",1027,"ABLA",11.3,11.5,0,1,"0",1,1,1,1,"0","0","BO","BO",0,0,0,0,"BIB","BIB","BIB","BIB",0,0,0,1,"0","0","0",NA,0,0,0,1,"0","0","0",NA,0,0,0,0,"0","0","0",NA,0,0,0,0,"0","0","0",NA,0,0,0,0,"0","0","0",NA,0,0,0,0,"0","0","0",NA,"Broken top","Broken top","Broken top","Broken top",1,2,3,4,NA,NA,NA,NA,0,0,0,1,1,"CXSP1027",3075,1027,NA,"Point",2238.569,-16.903,0.0613697021401627,0,0,0,1,"CXSP_1027_116","CXSP_1024_115",3.56159887570728,"CXSP_1024_115",3.56159887570728,"CXSP_904_11",10.9105806547871,"CXSP_1024_115",3.56159887570728,NA,41.64135646,-111.4923419,41.64136288,-111.4923,NA,78.4555471665143,41.64136288,-111.4923,NA,78.4555471665143,41.64143346,-111.4922605,NA,38.4142379935807,41.64136288,-111.4923,NA,78.4555471665143,0,0,0,2,1,2,0,1
"117","CXSP",1028,"ABLA",NA,4.6,0,11,"0",1,1,1,1,"0","0","0","0",0,0,0,0,"0","0","0","0",0,0,0,0,"0","0","0",NA,0,0,0,0,"0","0","0",NA,0,0,0,0,"0","0","0",NA,0,0,0,0,"0","0","0",NA,0,0,0,0,"0","0","0",NA,0,0,0,0,"0","0","0",NA,NA,NA,NA,NA,1,2,3,4,NA,NA,NA,NA,0,0,0,0,0,"CXSP1028",3076,1028,NA,"Point",2238.724,-16.903,0.0625711603654149,0,0,0,0,"CXSP_1028_117","CXSP_1024_115",5.11742674913821,"CXSP_1024_115",5.11742674913821,"CXSP_904_11",12.5892447443734,"CXSP_1027_116",1.70482322835562,NA,41.64134643,-111.4923574,41.64136288,-111.4923,NA,69.0907830847372,41.64136288,-111.4923,NA,69.0907830847372,41.64143346,-111.4922605,NA,39.8686968988308,41.64135646,-111.4923419,NA,49.2174821334873,0,0,0,0,1,2,0,1
"118","CXSP",1029,"ABLA",13.8,63.2,0,2,"0",1,1,1,1,"BO","BO","BO","BO",0,0,0,1,"0","0","0","0",1,1,0,1,"0","0","0",NA,1,1,0,1,"0","0","0",NA,1,1,0,0,"0","0","0",NA,0,0,0,0,"0","0","0",NA,1,0,0,0,"0","0","0",NA,0,0,0,0,"0","0","0",NA,NA,NA,NA,NA,1,2,3,4,NA,NA,NA,NA,1,1,0,1,0,"CXSP1029",3077,1029,NA,"Point",2238.172,-16.903,0.0600148888295294,1,1,0,1,"CXSP_1029_118","CXSP_1030_119",2.03898239148652,"CXSP_1031_120",2.53908263498232,"CXSP_904_11",18.9878934677107,"CXSP_1031_120",2.53908263498232,NA,41.64126969,-111.4923262,41.64127727,-111.4923039,NA,65.6231099511539,41.64124839,-111.4923151,NA,158.648762205331,41.64143346,-111.4922605,NA,16.7482036440614,41.64124839,-111.4923151,NA,158.648762205331,4,3,0,2,1,0,0,0
"119","CXSP",1030,"ABLA",18.3,70.5,0,5,"0",1,1,1,1,"BO","0","0","0",0,0,0,0,"0","0","0","0",0,0,0,0,"0","0","0",NA,0,0,0,0,"0","0","0",NA,0,0,0,0,"0","0","0",NA,0,0,0,0,"0","0","0",NA,0,0,0,0,"0","0","0",NA,1,0,0,0,"0","0","0",NA,NA,NA,NA,NA,1,2,3,4,NA,NA,NA,NA,1,0,0,0,0,"CXSP1030",3078,1030,NA,"Point",2237.675,-16.903,0.0581082648036252,1,0,0,0,"CXSP_1030_119","CXSP_1029_118",2.03898239148652,"CXSP_1029_118",2.03898239148652,"CXSP_904_11",17.7135581465559,"CXSP_1029_118",2.03898239148652,NA,41.64127727,-111.4923039,41.64126969,-111.4923262,NA,-114.376875231283,41.64126969,-111.4923262,NA,-114.376875231283,41.64143346,-111.4922605,NA,11.7739434365837,41.64126969,-111.4923262,NA,-114.376875231283,1,0,0,0,4,3,0,2
"120","CXSP",1031,"ABLA",10.1,49.9,0,3,"0",1,1,1,1,"0","BO","0","BO",1,1,2,2,"0","0","0","0",0,0,0,1,"0","0","0",NA,0,1,0,0,"0","0","0",NA,0,0,0,0,"0","0","0",NA,0,0,0,0,"0","0","0",NA,0,0,0,0,"0","0","0",NA,0,0,0,0,"0","0","0",NA,"2DB","2DB","2DB","2DB",1,2,3,4,NA,NA,NA,NA,0,1,0,1,1,"CXSP1031",3079,1031,NA,"Point",2236.188,-16.903,0.0593217961806593,0,1,0,1,"CXSP_1031_120","CXSP_1029_118",2.53908263498232,"CXSP_1029_118",2.53908263498232,"CXSP_1050_134",19.4823830038125,"CXSP_1029_118",2.53908263498232,NA,41.64124839,-111.4923151,41.64126969,-111.4923262,NA,-21.3512304191127,41.64126969,-111.4923262,NA,-21.3512304191127,41.6412051,-111.4920884,NA,104.282043253478,41.64126969,-111.4923262,NA,-21.3512304191127,0,1,0,1,4,3,0,2
"121","CXSP",1032,"ABLA",1.1,8.6,0,1,"0",1,1,1,1,"0","0","0","0",0,0,0,0,"0","0","0","0",0,0,0,0,"0","0","0",NA,0,0,0,0,"0","0","0",NA,0,0,0,0,"0","0","0",NA,0,0,0,0,"0","0","0",NA,0,0,0,0,"0","0","0",NA,0,0,0,0,"0","0","0",NA,NA,NA,NA,NA,1,2,3,4,NA,NA,NA,NA,0,0,0,0,0,"CXSP1032",3080,1032,NA,"Point",2235.826,-16.903,0.0615826819652148,0,0,0,0,"CXSP_1032_121","CXSP_1029_118",2.12673867700043,"CXSP_1029_118",2.12673867700043,"CXSP_904_11",20.9216848042275,"CXSP_1029_118",2.12673867700043,NA,41.6412556,-111.4923435,41.64126969,-111.4923262,NA,42.6459550110665,41.64126969,-111.4923262,NA,42.6459550110665,41.64143346,-111.4922605,NA,19.2928674491575,41.64126969,-111.4923262,NA,42.6459550110665,0,0,0,0,4,3,0,2
"122","CXSP",1033,"ABLA",NA,4.7,0,0,"0",1,1,1,1,"0","0","0","0",0,0,0,0,"0","0","0","0",0,0,0,0,"0","0","0",NA,0,0,0,0,"0","0","0",NA,0,0,0,0,"0","0","0",NA,0,0,0,0,"0","0","0",NA,0,0,0,0,"0","0","0",NA,0,0,0,0,"0","0","0",NA,NA,NA,NA,NA,1,2,3,4,NA,NA,NA,NA,0,0,0,0,0,"CXSP1033",3081,1033,NA,"Point",2236.023,-16.903,0.0616607181767898,0,0,0,0,"CXSP_1033_122","CXSP_1029_118",1.77264489176505,"CXSP_1029_118",1.77264489176505,"CXSP_904_11",19.0474199154247,"CXSP_1029_118",1.77264489176505,NA,41.64127449,-111.4923465,41.64126969,-111.4923262,NA,107.495639501817,41.64126969,-111.4923262,NA,107.495639501817,41.64143346,-111.4922605,NA,22.0876836783732,41.64126969,-111.4923262,NA,107.495639501817,0,0,0,0,4,3,0,2
"123","CXSP",1034,"ABLA",1.4,9,0,5,"0",1,1,1,1,"0","0","0","0",0,0,0,0,"0","0","0","0",0,0,0,0,"0","0","0",NA,0,0,0,0,"0","0","0",NA,0,0,0,0,"0","0","0",NA,0,0,0,0,"0","0","0",NA,0,0,0,0,"0","0","0",NA,0,0,0,0,"0","0","0",NA,"3DB","3DB","3DB","3DB",1,2,3,4,NA,NA,NA,NA,0,0,0,0,0,"CXSP1034",3082,1034,NA,"Point",2235.055,-16.903,0.0563975914511053,0,0,0,0,"CXSP_1034_123","CXSP_1030_119",3.82643975828479,"CXSP_1031_120",2.9568278425281,"CXSP_1050_134",16.6213939176716,"CXSP_1031_120",2.9568278425281,NA,41.64124802,-111.4922796,41.64127727,-111.4923039,NA,-31.9306197495836,41.64124839,-111.4923151,NA,-89.2039573297737,41.6412051,-111.4920884,NA,106.659726264581,41.64124839,-111.4923151,NA,-89.2039573297737,0,0,0,0,1,0,0,0
"124","CXSP",1035,"ABLA",3.3,17.8,0,7,"0",1,1,1,1,"0","0","0","0",0,0,0,0,"0","0","0","0",0,0,0,0,"0","0","0",NA,0,0,0,0,"0","0","0",NA,0,0,0,0,"0","0","0",NA,0,0,0,0,"0","0","0",NA,0,0,0,0,"0","0","0",NA,0,0,0,0,"0","0","0",NA,"1DB","1DB","1DB","1DB",1,2,3,4,NA,NA,NA,NA,0,0,0,0,0,"CXSP1035",3083,1035,NA,"Point",2237.824,-16.903,0.0537001168295762,0,0,0,0,"CXSP_1035_124","CXSP_1036_125",2.64030292712258,"CXSP_1036_125",2.64030292712258,"CXSP_1050_134",13.1392168145178,"CXSP_1036_125",2.64030292712258,NA,41.64122869,-111.492243,41.6412153,-111.4922168,NA,124.266753769046,41.6412153,-111.4922168,NA,124.266753769046,41.6412051,-111.4920884,NA,101.497822251425,41.6412153,-111.4922168,NA,124.266753769046,0,0,0,0,1,1,0,2
"125","CXSP",1036,"ABLA",7.3,41.2,0,8,"0",1,1,1,1,"BO","BO","BO","BO",0,0,1,1,"0","0","0","0",0,0,0,0,"0","0","0",NA,0,0,0,0,"0","0","0",NA,0,0,0,0,"0","0","0",NA,1,1,0,1,"0","0","0",NA,0,0,0,1,"0","0","0",NA,0,0,0,0,"0","0","0",NA,"2DB","2DB","2DB","2DB",1,2,3,4,NA,NA,NA,NA,1,1,0,1,0,"CXSP1036",3084,1036,NA,"Point",2236.295,-16.903,0.0518371709828261,1,1,0,1,"CXSP_1036_125","CXSP_1102_179",4.83268648923679,"CXSP_1047_131",7.76318881773156,"CXSP_1050_134",10.7533247771808,"CXSP_1038_126",2.90012562659559,NA,41.6412153,-111.4922168,41.64117493,-111.4922385,NA,-158.039832839322,41.64125971,-111.4921448,NA,50.5708244206522,41.6412051,-111.4920884,NA,96.0450602635271,41.64123898,-111.4922021,NA,24.9697590869406,1,1,0,2,2,NA,NA,NA
"126","CXSP",1038,"ABLA",5.1,22,0,0,"0",1,1,1,1,"0","0","0","BO",0,0,0,0,"0","0","0","0",0,0,0,1,"0","0","0",NA,0,0,0,1,"0","0","0",NA,0,0,0,0,"0","0","0",NA,0,0,0,0,"0","0","0",NA,0,0,0,1,"0","0","0",NA,0,0,0,0,"0","0","0",NA,NA,NA,NA,NA,1,2,3,4,NA,NA,NA,NA,0,0,0,1,1,"CXSP1038",3086,1038,NA,"Point",2234.379,-16.903,0.0501603504880864,0,0,0,1,"CXSP_1038_126","CXSP_1036_125",2.90012562659559,"CXSP_1036_125",2.90012562659559,"CXSP_1050_134",10.1890094817703,"CXSP_1036_125",2.90012562659559,NA,41.64123898,-111.4922021,41.6412153,-111.4922168,NA,-155.030231145437,41.6412153,-111.4922168,NA,-155.030231145437,41.6412051,-111.4920884,NA,111.664539377725,41.6412153,-111.4922168,NA,-155.030231145437,0,0,0,3,1,1,0,2
"127","CXSP",1040,"ABLA",NA,4.9,0,0,"0",1,1,1,1,"0","0","0","BO",0,0,0,0,"0","0","0","0",0,0,0,1,"0","0","0",NA,0,0,0,0,"0","0","0",NA,0,0,0,0,"0","0","0",NA,0,0,0,0,"0","0","0",NA,0,0,0,1,"0","0","0",NA,0,0,0,0,"0","0","0",NA,NA,NA,NA,NA,1,2,3,4,NA,NA,NA,NA,0,0,0,1,1,"CXSP1040",3088,1040,NA,"Point",2234.703,-16.903,0.0483429705056304,0,0,0,1,"CXSP_1040_127","CXSP_1047_131",3.56403871167381,"CXSP_1047_131",3.56403871167381,"CXSP_1050_134",10.8246753799181,"CXSP_1042_128",1.44104211246011,NA,41.64127008,-111.4921853,41.64125971,-111.4921448,NA,108.846752566343,41.64125971,-111.4921448,NA,108.846752566343,41.6412051,-111.4920884,NA,131.795383689835,41.64127464,-111.4921691,NA,69.4317765707933,0,0,0,2,3,2,0,1
"128","CXSP",1042,"ABLA",1.5,11.5,0,1,"0",1,1,1,1,"0","0","0","BO",0,0,0,0,"0","0","0","0",0,0,0,0,"0","0","0",NA,0,0,0,0,"0","0","0",NA,0,0,0,0,"0","0","0",NA,0,0,0,0,"0","0","0",NA,0,0,0,1,"0","0","0",NA,0,0,0,0,"0","0","0",NA,NA,NA,NA,NA,1,2,3,4,NA,NA,NA,NA,0,0,0,1,1,"CXSP1042",3090,1042,NA,"Point",2236.248,-16.903,0.0469574564496668,0,0,0,1,"CXSP_1042_128","CXSP_1047_131",2.61596403767615,"CXSP_1047_131",2.61596403767615,"CXSP_1050_134",10.236156737634,"CXSP_1040_127",1.44104211246011,NA,41.64127464,-111.4921691,41.64125971,-111.4921448,NA,129.319512896631,41.64125971,-111.4921448,NA,129.319512896631,41.6412051,-111.4920884,NA,138.959861763828,41.64127008,-111.4921853,NA,-110.568212664878,0,0,0,1,3,2,0,1
"129","CXSP",1044,"ABLA",1.4,9.6,2.3,0,"0",1,1,1,1,"0","0","BR, BO","BR, BO",0,0,1,1,"0","0","0","0",0,0,0,0,"0","0","0",NA,0,0,0,0,"0","0","0",NA,0,0,0,0,"0","0","0",NA,0,0,0,0,"0","0","0",NA,0,0,0,1,"0","0","0",NA,0,0,0,0,"0","0","0",NA,NA,NA,NA,NA,1,2,3,4,NA,NA,NA,NA,0,0,0,1,1,"CXSP1044",3092,1044,NA,"Point",2238.723,-16.903,0.0447233745993489,0,0,0,1,"CXSP_1044_129","CXSP_1047_131",4.72443909391442,"CXSP_1047_131",4.72443909391442,"CXSP_994_92",7.75516401205033,"CXSP_1053_137",3.16062264907921,NA,41.64130226,-111.4921441,41.64125971,-111.4921448,NA,-179.292971162847,41.64125971,-111.4921448,NA,-179.292971162847,41.64134572,-111.4920712,NA,51.5244379507053,41.64130612,-111.4921065,NA,82.2071660032808,0,0,0,1,3,2,0,1
"130","CXSP",1046,"ABLA",NA,1.2,0,0,"0",1,1,1,1,"0","0","0","0",0,0,0,0,"0","0","0","0",0,0,0,0,"0","0","0",NA,0,0,0,0,"0","0","0",NA,0,0,0,0,"0","0","0",NA,0,0,0,0,"0","0","0",NA,0,0,0,0,"0","0","0",NA,0,0,0,0,"0","0","0",NA,NA,NA,NA,NA,1,2,3,4,NA,NA,NA,NA,0,0,0,0,0,"CXSP1046",3094,1046,NA,"Point",2237.836,-16.903,0.0449315755797305,0,0,0,0,"CXSP_1046_130","CXSP_1047_131",1.92073658273224,"CXSP_1047_131",1.92073658273224,"CXSP_1050_134",9.26724517996962,"CXSP_1047_131",1.92073658273224,NA,41.64127701,-111.4921449,41.64125971,-111.4921448,NA,179.751565533995,41.64125971,-111.4921448,NA,179.751565533995,41.6412051,-111.4920884,NA,149.485621321932,41.64125971,-111.4921448,NA,179.751565533995,0,0,0,0,3,2,0,1
"131","CXSP",1047,"ABLA",9.9,58.5,0,0,"0",1,1,1,1,"BO","BO","BO","BO",0,0,1,1,"0","0","0","0",0,0,0,0,"0","0","0",NA,0,0,0,1,"0","0","0",NA,0,0,0,0,"0","0","0",NA,1,1,0,0,"0","0","0",NA,2,1,0,0,"0","0","0",NA,0,0,0,0,"0","0","0",NA,NA,NA,NA,NA,1,2,3,4,NA,NA,NA,NA,1,1,0,1,0,"CXSP1047",3095,1047,NA,"Point",2235.852,-16.903,0.0451211330327968,1,1,0,1,"CXSP_1047_131","CXSP_1050_134",7.66965575303744,"CXSP_1051_135",5.39499617325092,"CXSP_1050_134",7.66965575303744,"CXSP_1042_128",2.61596403767615,NA,41.64125971,-111.4921448,41.6412051,-111.4920884,NA,142.234294954421,41.64126496,-111.4920804,NA,83.7976188470276,41.6412051,-111.4920884,NA,142.234294954421,41.64127464,-111.4921691,NA,-50.6804709568782,3,2,0,1,3,6,8,9
"132","CXSP",1048,"ABLA",NA,4.5,0,4,"0",1,1,1,1,"0","0","0","0",0,0,0,0,"0","0","0","0",0,0,0,0,"0","0","0",NA,0,0,0,0,"0","0","0",NA,0,0,0,0,"0","0","0",NA,0,0,0,0,"0","0","0",NA,0,0,0,0,"0","0","0",NA,0,0,0,0,"0","0","0",NA,"3DB","3DB","3DB","3DB",1,2,3,4,NA,NA,NA,NA,0,0,0,0,0,"CXSP1048",3096,1048,NA,"Point",2234.865,-16.903,0.0467094680545574,0,0,0,0,"CXSP_1048_132","CXSP_1047_131",4.54283678185714,"CXSP_1047_131",4.54283678185714,"CXSP_1050_134",5.76445390474059,"CXSP_1049_133",3.03194051650162,NA,41.6412195,-111.4921549,41.64125971,-111.4921448,NA,10.6705293895289,41.64125971,-111.4921448,NA,10.6705293895289,41.6412051,-111.4920884,NA,106.101848471165,41.64119497,-111.4921389,NA,153.928239275121,0,0,0,0,3,2,0,1
"133","CXSP",1049,"ABLA",NA,6.1,0,2,"0",1,1,1,1,"0","0","BO","BO",0,0,1,1,"0","0","0","0",0,0,0,1,"0","0","0",NA,0,0,0,1,"0","0","0",NA,0,0,0,0,"0","0","0",NA,0,0,0,2,"0","0","0",NA,0,0,0,1,"0","0","0",NA,0,0,0,0,"0","0","0",NA,"2DB","2DB","2DB","2DB",1,2,3,4,NA,NA,NA,NA,0,0,0,1,1,"CXSP1049",3097,1049,NA,"Point",2238.125,-16.903,0.0460932658635517,0,0,0,1,"CXSP_1049_133","CXSP_1050_134",4.35356793387122,"CXSP_1050_134",4.35356793387122,"CXSP_1050_134",4.35356793387122,"CXSP_1050_134",4.35356793387122,NA,41.64119497,-111.4921389,41.6412051,-111.4920884,NA,75.0287467934157,41.6412051,-111.4920884,NA,75.0287467934157,41.6412051,-111.4920884,NA,75.0287467934157,41.6412051,-111.4920884,NA,75.0287467934157,0,0,0,5,3,6,8,9
"134","CXSP",1050,"ABLA",19.2,54.3,7.3,2,"0",1,1,1,1,"BO","BO","BO","BO",1,0,0,1,"0","0","0","0",2,2,2,2,"0","0","0",NA,1,1,2,2,"0","0","0",NA,0,0,0,1,"0","0","0",NA,0,2,2,2,"0","0","0",NA,0,1,2,2,"0","0","0",NA,0,0,0,0,"0","0","0",NA,NA,NA,NA,NA,1,2,3,4,NA,NA,NA,NA,1,1,1,1,0,"CXSP1050",3098,1050,NA,"Point",2238.176,-16.903,0.0417491217054298,1,1,1,1,"CXSP_1050_134","CXSP_1056_139",4.40589239861797,"CXSP_1056_139",4.40589239861797,"CXSP_1056_139",4.40589239861797,"CXSP_1049_133",4.35356793387122,NA,41.6412051,-111.4920884,41.64122863,-111.4920458,NA,53.6345622897988,41.64122863,-111.4920458,NA,53.6345622897988,41.64122863,-111.4920458,NA,53.6345622897988,41.64119497,-111.4921389,NA,-104.971219651164,3,6,8,9,4,5,4,10
"135","CXSP",1051,"ABLA",14.4,53.5,0,2,"0",1,1,1,1,"0","BO","BO","BO",1,1,1,1,"0","0","0","0",0,1,0,1,"0","0","0",NA,0,0,0,0,"0","0","0",NA,0,0,0,1,"0","0","0",NA,0,0,0,1,"0","0","0",NA,0,1,0,1,"0","0","0",NA,0,0,0,0,"0","0","0",NA,"2DB","2DB","2DB","2DB",1,2,3,4,NA,NA,NA,NA,0,1,0,1,1,"CXSP1051",3099,1051,NA,"Point",2235.22,-16.903,0.0397386083850629,0,1,0,1,"CXSP_1051_135","CXSP_1056_139",4.95709012173348,"CXSP_1056_139",4.95709012173348,"CXSP_1056_139",4.95709012173348,"CXSP_1054_138",2.2800432841814,NA,41.64126496,-111.4920804,41.64122863,-111.4920458,NA,144.457512765341,41.64122863,-111.4920458,NA,144.457512765341,41.64122863,-111.4920458,NA,144.457512765341,41.64125676,-111.4920553,NA,113.533789001709,0,2,0,4,4,5,4,10
"136","CXSP",1052,"ABLA",4,26.5,1.5,0,"0",1,1,1,1,"0","0","0","BO",1,1,0,0,"0","0","0","0",0,0,0,1,"0","0","0",NA,0,0,0,0,"0","0","0",NA,0,0,0,0,"0","0","0",NA,0,0,0,1,"0","0","0",NA,0,0,0,1,"0","0","0",NA,0,0,0,0,"0","0","0",NA,NA,NA,NA,NA,1,2,3,4,NA,NA,NA,NA,0,0,0,1,1,"CXSP1052",3100,1052,NA,"Point",2235.312,-16.903,0.0397712777112583,0,0,0,1,"CXSP_1052_136","CXSP_994_92",5.24797263701231,"CXSP_1051_135",3.84921814592228,"CXSP_994_92",5.24797263701231,"CXSP_1053_137",1.98187307967477,NA,41.6412995,-111.4920844,41.64134572,-111.4920712,NA,12.0917368293683,41.64126496,-111.4920804,NA,175.035112725922,41.64134572,-111.4920712,NA,12.0917368293683,41.64130612,-111.4921065,NA,-68.2318655807372,0,0,0,3,8,11,10,9
"137","CXSP",1053,"ABLA",1.7,10.3,1.8,2,"0",1,1,1,1,"0","0","0","BO",0,0,0,0,"0","0","0","0",0,0,0,1,"0","0","0",NA,0,0,0,0,"0","0","0",NA,0,0,0,1,"0","0","0",NA,0,0,0,0,"0","0","0",NA,0,0,0,0,"0","0","0",NA,0,0,0,0,"0","0","0",NA,NA,NA,NA,NA,1,2,3,4,NA,NA,NA,NA,0,0,0,1,1,"CXSP1053",3101,1053,NA,"Point",2238.561,-16.903,0.0415928402537609,0,0,0,1,"CXSP_1053_137","CXSP_994_92",5.288915824111,"CXSP_1051_135",5.06039141267287,"CXSP_994_92",5.288915824111,"CXSP_1052_136",1.98187307967477,NA,41.64130612,-111.4921065,41.64134572,-111.4920712,NA,33.7697700489921,41.64126496,-111.4920804,NA,154.561099797774,41.64134572,-111.4920712,NA,33.7697700489921,41.6412995,-111.4920844,NA,111.768119734584,0,0,0,2,8,11,10,9
"138","CXSP",1054,"ABLA",5.3,31.5,4.5,0,"0",1,1,1,1,"0","0","BO","BO",0,0,0,0,"0","0","0","0",0,0,0,1,"0","0","0",NA,0,0,0,0,"0","0","0",NA,0,0,0,0,"0","0","0",NA,0,0,0,0,"0","0","0",NA,0,0,0,1,"0","0","0",NA,0,0,0,0,"0","0","0",NA,NA,NA,NA,NA,1,2,3,4,NA,NA,NA,NA,0,0,0,1,1,"CXSP1054",3103,1054,NA,"Point",2236.872,-16.903,0.0378024211503595,0,0,0,1,"CXSP_1054_138","CXSP_1056_139",3.22176919449246,"CXSP_1051_135",2.2800432841814,"CXSP_1056_139",3.22176919449246,"CXSP_1051_135",2.2800432841814,NA,41.64125676,-111.4920553,41.64122863,-111.4920458,NA,165.784152269755,41.64126496,-111.4920804,NA,-66.4661943202302,41.64122863,-111.4920458,NA,165.784152269755,41.64126496,-111.4920804,NA,-66.4661943202302,0,0,0,2,4,5,4,10
"139","CXSP",1056,"ABLA",7.6,60,23.1,0,"0",1,1,1,1,"BO","BO","BO","BO",0,0,0,0,"0","0","0","0",0,1,2,2,"0","0","0",NA,1,1,0,2,"0","0","0",NA,1,1,0,1,"0","0","0",NA,1,1,2,2,"0","0","0",NA,1,1,0,2,"0","0","0",NA,0,0,0,1,"0","0","0",NA,NA,NA,NA,NA,1,2,3,4,NA,NA,NA,NA,1,1,1,1,0,"CXSP1056",3105,1056,NA,"Point",2235.958,-16.903,0.0376499242718397,1,1,1,1,"CXSP_1056_139","CXSP_1050_134",4.40589239861797,"CXSP_1050_134",4.40589239861797,"CXSP_1050_134",4.40589239861797,"CXSP_1057_140",2.83486729279971,NA,41.64122863,-111.4920458,41.6412051,-111.4920884,NA,-126.365409404036,41.6412051,-111.4920884,NA,-126.365409404036,41.6412051,-111.4920884,NA,-126.365409404036,41.64120494,-111.4920331,NA,158.092975239881,4,5,4,10,3,6,8,9
"140","CXSP",1057,"ABLA",7.7,36.2,1.7,0,"0",1,1,1,1,"0","0","BO","BO",0,0,0,0,"0","0","0","0",0,0,0,0,"0","0","0",NA,0,0,0,1,"0","0","0",NA,0,0,0,0,"0","0","0",NA,0,0,0,0,"0","0","0",NA,0,0,0,1,"0","0","0",NA,0,0,0,0,"0","0","0",NA,NA,NA,NA,NA,1,2,3,4,NA,NA,NA,NA,0,0,0,1,1,"CXSP1057",3106,1057,NA,"Point",2237.523,-16.903,0.037364418031308,0,0,0,1,"CXSP_1057_140","CXSP_1056_139",2.83486729279971,"CXSP_1056_139",2.83486729279971,"CXSP_1056_139",2.83486729279971,"CXSP_1056_139",2.83486729279971,NA,41.64120494,-111.4920331,41.64122863,-111.4920458,NA,-21.9070163214263,41.64122863,-111.4920458,NA,-21.9070163214263,41.64122863,-111.4920458,NA,-21.9070163214263,41.64122863,-111.4920458,NA,-21.9070163214263,0,0,0,2,4,5,4,10
"141","CXSP",1059,"ABLA",NA,3.1,0,3,"0",1,1,1,1,"0","BO","BO","BO",2,2,0,1,"0","0","0","0",0,0,0,1,"0","0","0",NA,0,0,0,1,"0","0","0",NA,0,0,0,0,"0","0","0",NA,0,1,0,1,"0","0","0",NA,0,0,0,0,"0","0","0",NA,0,0,0,0,"0","0","0",NA,"2 Dead, 3DB","2 Dead, 3DB","2 Dead, 3DB","2 Dead, 3DB",1,2,3,4,NA,NA,NA,NA,0,1,0,1,1,"CXSP1059",3108,1059,NA,"Point",2237.626,-16.903,0.0312988931112028,0,1,0,1,"CXSP_1059_141","CXSP_1061_145",6.0382056358495,"CXSP_1061_145",6.0382056358495,"CXSP_1061_145",6.0382056358495,"CXSP_1061_145",6.0382056358495,NA,41.64124573,-111.4919727,41.64120062,-111.4919322,NA,146.040764766701,41.64120062,-111.4919322,NA,146.040764766701,41.64120062,-111.4919322,NA,146.040764766701,41.64120062,-111.4919322,NA,146.040764766701,0,1,0,3,5,5,2,8
"142","CXSP",1041,"ABLA",NA,2.9,0,0,"0",1,1,1,1,"0","0","0","0",2,2,0,1,"0","0","0","0",0,0,0,0,"0","0","0",NA,0,0,0,0,"0","0","0",NA,0,0,0,0,"0","0","0",NA,0,0,0,0,"0","0","0",NA,0,0,0,0,"0","0","0",NA,0,0,0,0,"0","0","0",NA,NA,NA,NA,NA,1,2,3,4,NA,NA,NA,NA,0,0,0,0,0,"CXSP1041",3110,1041,NA,"Point",2238.894,-16.903,0.029471083206574,0,0,0,0,"CXSP_1041_142","CXSP_1061_145",7.55230858958191,"CXSP_1059_141",2.68264719960889,"CXSP_1061_145",7.55230858958191,"CXSP_1059_141",2.68264719960889,NA,41.6412663,-111.4919558,41.64120062,-111.4919322,NA,164.915188067814,41.64124573,-111.4919727,NA,-148.354564282767,41.64120062,-111.4919322,NA,164.915188067814,41.64124573,-111.4919727,NA,-148.354564282767,0,0,0,0,5,5,2,8
"143","CXSP",1058,"ABLA",NA,1.7,0,0,"0",1,1,1,1,"0","0","0","0",1,1,0,0,"0","0","0","0",0,0,0,0,"0","0","0",NA,0,0,0,0,"0","0","0",NA,0,0,0,0,"0","0","0",NA,0,0,0,0,"0","0","0",NA,0,0,0,0,"0","0","0",NA,0,0,0,0,"0","0","0",NA,"1 Dead","1 Dead","1 Dead","1 Dead",1,2,3,4,NA,NA,NA,NA,0,0,0,0,0,"CXSP1058",3107,1058,NA,"Point",2234.883,-16.903,0.0370709842538832,0,0,0,0,"CXSP_1058_143","CXSP_1056_139",3.29375132116857,"CXSP_1056_139",3.29375132116857,"CXSP_1056_139",3.29375132116857,"CXSP_1057_140",0.522322494378734,NA,41.6412021,-111.4920281,41.64122863,-111.4920458,NA,-26.5863908504214,41.64122863,-111.4920458,NA,-26.5863908504214,41.64122863,-111.4920458,NA,-26.5863908504214,41.64120494,-111.4920331,NA,-52.8670383067755,0,0,0,0,4,5,4,10
"144","CXSP",1062,"ABLA",3.5,19.5,0,6,"0",1,1,1,1,"BO","BO","BO","BO",1,1,0,1,"0","0","0","0",1,1,0,2,"0","0","0",NA,0,0,0,2,"0","0","0","4-1",0,0,0,2,"0","0","0",NA,0,0,0,2,"0","0","0",NA,0,0,0,2,"0","0","0",NA,0,0,0,2,"0","0","0",NA,"4DB","4DB","4DB","4DB",1,2,3,4,NA,NA,NA,NA,1,1,0,1,0,"CXSP1062",3113,1062,NA,"Point",2236.641,-16.903,0.0274432877414277,1,1,0,1,"CXSP_1062_144","CXSP_1061_145",2.80957149880582,"CXSP_1061_145",2.80957149880582,"CXSP_1061_145",2.80957149880582,"CXSP_1061_145",2.80957149880582,NA,41.64119613,-111.491899,41.64120062,-111.4919322,NA,-79.7799646506518,41.64120062,-111.4919322,NA,-79.7799646506518,41.64120062,-111.4919322,NA,-79.7799646506518,41.64120062,-111.4919322,NA,-79.7799646506518,1,1,0,12,5,5,2,8
"145","CXSP",1061,"ABLA",3.8,25.2,0,0,"0",1,1,1,1,"BR, BO","BR, BO","BR, BO","BR, BO",1,1,0,0,"0","0","0","0",0,0,0,0,NA,NA,"0",NA,1,1,2,2,"0","0","0","3-1",0,1,0,2,"0","0","0","1-1",1,1,0,1,"0","0","0",NA,2,2,0,2,"0","0","0",NA,1,0,0,1,"0","0","0",NA,"NL obstructed","NL obstructed","NL obstructed","NL obstructed",1,2,3,4,NA,NA,NA,NA,1,1,1,1,0,"CXSP1061",3112,1061,NA,"Point",2237.361,-16.903,0.0297101924534444,1,1,1,1,"CXSP_1061_145","CXSP_1062_144",2.80957149880582,"CXSP_1062_144",2.80957149880582,"CXSP_1089_171",6.12277565402969,"CXSP_1062_144",2.80957149880582,NA,41.64120062,-111.4919322,41.64119613,-111.491899,NA,100.220013289152,41.64119613,-111.491899,NA,100.220013289152,41.64114561,-111.4919374,NA,-175.944010108158,41.64119613,-111.491899,NA,100.220013289152,5,5,2,8,1,1,0,12
"146","CXSP",1063,"ABLA",2.5,19.1,0,0,"0",1,1,1,1,"BO","BO","BO","BO",1,1,1,1,"0","0","0","0",1,1,0,1,"0","0","0",NA,1,1,0,1,"0","0","0",NA,0,0,0,1,"0","0","0",NA,0,1,0,1,"0","0","0",NA,1,0,0,1,"0","0","0",NA,0,0,0,1,"0","0","0",NA,NA,NA,NA,NA,1,2,3,4,NA,NA,NA,NA,1,1,0,1,0,"CXSP1063",3114,1063,NA,"Point",2238.539,-16.903,0.0212516624203025,1,1,0,1,"CXSP_1063_146","CXSP_1069_151",4.87684912845422,"CXSP_1065_148",4.20633001073785,"CXSP_1069_151",4.87684912845422,"CXSP_1064_147",3.46755871302373,NA,41.64131831,-111.4918615,41.64130857,-111.4918044,NA,102.81102941489,41.64134033,-111.4918204,NA,54.4644340925454,41.64130857,-111.4918044,NA,102.81102941489,41.64133374,-111.4918253,NA,60.3937007648907,3,3,0,6,5,6,4,10
"147","CXSP",1064,"ABLA",1.8,10.5,0,2,"0",1,1,1,1,"0","0","BO","BO",1,0,0,1,"0","0","0","0",0,0,0,1,"0","0","0",NA,0,0,0,1,"0","0","0",NA,0,0,0,1,"0","0","0",NA,0,0,0,1,"0","0","0",NA,0,0,0,2,"0","0","0",NA,0,0,0,1,"0","0","0",NA,NA,NA,NA,NA,1,2,3,4,NA,NA,NA,NA,0,0,0,1,1,"CXSP1064",3115,1064,NA,"Point",2239.521,-16.903,0.0184136112752003,0,0,0,1,"CXSP_1064_147","CXSP_1067_150",1.45370113113113,"CXSP_1065_148",0.83776172100069,"CXSP_1067_150",1.45370113113113,"CXSP_1065_148",0.83776172100069,NA,41.64133374,-111.4918253,41.64134156,-111.4918113,NA,53.3274787208978,41.64134033,-111.4918204,NA,29.1510756800944,41.64134156,-111.4918113,NA,53.3274787208978,41.64134033,-111.4918204,NA,29.1510756800944,0,0,0,7,6,2,2,6
"148","CXSP",1065,"ABLA",NA,6.2,0,0,"0",1,1,1,1,"0","BO","0","BO",1,1,0,0,"0","0","0","0",0,1,0,1,"0","0","0",NA,0,0,0,1,"0","0","0",NA,0,0,0,0,"0","0","0",NA,0,0,0,1,"0","0","0",NA,0,0,0,1,"0","0","0",NA,0,0,0,0,"0","0","0",NA,NA,NA,NA,NA,1,2,3,4,NA,NA,NA,NA,0,1,0,1,1,"CXSP1065",3116,1065,NA,"Point",2238.742,-16.903,0.0181326244996732,0,1,0,1,"CXSP_1065_148","CXSP_1067_150",0.770078099053242,"CXSP_1067_150",0.770078099053242,"CXSP_1067_150",0.770078099053242,"CXSP_1067_150",0.770078099053242,NA,41.64134033,-111.4918204,41.64134156,-111.4918113,NA,79.7855822691615,41.64134156,-111.4918113,NA,79.7855822691615,41.64134156,-111.4918113,NA,79.7855822691615,41.64134156,-111.4918113,NA,79.7855822691615,0,1,0,4,6,2,2,6
"149","CXSP",1066,"ABLA",1.6,6.8,NA,0,"0",1,1,NA,NA,"0","0",NA,NA,0,NA,NA,NA,"0","0",NA,NA,0,0,NA,NA,"0",NA,NA,NA,0,0,NA,NA,"0",NA,NA,NA,0,0,NA,NA,"0",NA,NA,NA,0,0,NA,NA,"0",NA,NA,NA,0,0,NA,NA,"0",NA,NA,NA,0,0,NA,NA,"0",NA,NA,NA,"3-5, Dead woolies","3-5, Dead woolies",NA,NA,1,2,NA,NA,NA,NA,NA,NA,0,0,NA,NA,NA,"CXSP1066",3117,1066,NA,"Point",2242.019,-16.903,0.0166079264352442,0,0,NA,NA,"CXSP_1066_149","CXSP_1067_150",0.817293492728022,"CXSP_1067_150",0.817293492728022,"CXSP_1067_150",0.817293492728022,"CXSP_1067_150",0.817293492728022,NA,41.64133921,-111.491802,41.64134156,-111.4918113,NA,-71.3834658801312,41.64134156,-111.4918113,NA,-71.3834658801312,41.64134156,-111.4918113,NA,-71.3834658801312,41.64134156,-111.4918113,NA,-71.3834658801312,0,0,NA,NA,6,2,2,6
"150","CXSP",1067,"ABLA",8.6,33.1,0,0,"0",1,1,1,1,"BO","BO","BO","BO",1,1,1,1,"0","0","0","0",2,0,0,1,"0","0","0",NA,2,0,0,1,"0","0","0",NA,0,0,0,0,"0","0","0",NA,2,2,2,2,"4-5","4-6","4–7","4-6",0,0,0,1,"0","0","0",NA,0,0,0,1,"0","0","0",NA,NA,NA,NA,NA,1,2,3,4,NA,NA,NA,NA,1,1,1,1,0,"CXSP1067",3118,1067,NA,"Point",2240.537,-16.903,0.0174172363387591,1,1,1,1,"CXSP_1067_150","CXSP_1069_151",3.70749344642851,"CXSP_1065_148",0.770078099053242,"CXSP_1069_151",3.70749344642851,"CXSP_1065_148",0.770078099053242,NA,41.64134156,-111.4918113,41.64130857,-111.4918044,NA,171.083362152267,41.64134033,-111.4918204,NA,-100.214411684201,41.64130857,-111.4918044,NA,171.083362152267,41.64134033,-111.4918204,NA,-100.214411684201,6,2,2,6,5,6,4,10
"151","CXSP",1069,"ABLA",1.7,9.2,0,0,"0",1,1,1,1,"BO","BO","BO","BO",1,1,0,1,"0","0","0","0",2,2,2,2,"3-3","3-2","3–5","3-5",2,2,2,2,"0","0","0",NA,0,0,0,1,"0","0","0",NA,1,1,0,2,"0","0","0",NA,0,1,0,2,"0","0","0",NA,0,0,0,1,"0","0","0",NA,NA,NA,"bifur","bifur",1,2,3,4,NA,NA,NA,NA,1,1,1,1,0,"CXSP1069",3120,1069,NA,"Point",2240.387,-16.903,0.0164874309042308,1,1,1,1,"CXSP_1069_151","CXSP_1073_155",2.72679367870948,"CXSP_1073_155",2.72679367870948,"CXSP_1073_155",2.72679367870948,"CXSP_1070_152",0.40370846983444,NA,41.64130857,-111.4918044,41.64129746,-111.4917752,NA,116.894869139491,41.64129746,-111.4917752,NA,116.894869139491,41.64129746,-111.4917752,NA,116.894869139491,41.64130768,-111.4917997,NA,104.167626787325,5,6,4,10,9,10,8,11
"152","CXSP",1070,"ABLA",NA,7.1,0.5,0,"0",1,1,1,1,"0","0","0","BO",1,1,1,1,"0","0","0","0",0,0,0,0,"0","0","0",NA,0,0,0,1,"0","0","0",NA,0,0,0,0,"0","0","0",NA,0,0,0,0,"0","0","0",NA,0,0,0,1,"0","0","0",NA,0,0,0,0,"0","0","0",NA,NA,NA,"–11–","–11–",1,2,3,4,NA,NA,NA,NA,0,0,0,1,1,"CXSP1070",3121,1070,NA,"Point",2241.764,-16.903,0.0160981702690399,0,0,0,1,"CXSP_1070_152","CXSP_1069_151",0.40370846983444,"CXSP_1069_151",0.40370846983444,"CXSP_1069_151",0.40370846983444,"CXSP_1069_151",0.40370846983444,NA,41.64130768,-111.4917997,41.64130857,-111.4918044,NA,-75.8323700896891,41.64130857,-111.4918044,NA,-75.8323700896891,41.64130857,-111.4918044,NA,-75.8323700896891,41.64130857,-111.4918044,NA,-75.8323700896891,0,0,0,2,5,6,4,10
"153","CXSP",1071,"ABLA",2.4,15,0,0,"0",1,1,1,1,"BO","BO","BO","BO",1,0,2,1,"0","0","0","0",1,1,0,1,"0","0","0",NA,2,2,2,2,"4-0","4-0","0",NA,1,1,0,2,"0","0","0",NA,1,1,0,1,"0","0","0",NA,1,1,2,2,"0","0","0",NA,0,1,0,2,"0","0","0",NA,NA,NA,NA,NA,1,2,3,4,NA,NA,NA,NA,1,1,1,1,0,"CXSP1071",3122,1071,NA,"Point",2242.131,-16.903,0.015497315998871,1,1,1,1,"CXSP_1071_153","CXSP_1074_156",1.98720961759344,"CXSP_1074_156",1.98720961759344,"CXSP_831_222",0.811544391432807,"CXSP_1072_154",0.451630268932821,NA,41.64128203,-111.4917887,41.64127939,-111.4918123,NA,-98.48178906729,41.64127939,-111.4918123,NA,-98.48178906729,41.6412772286667,-111.4917960475,NA,-131.060186149059,41.64128584,-111.4917906,NA,-20.5099053983883,6,7,4,10,1,2,0,7
"154","CXSP",1072,"ABLA",1.2,7.7,0,0,"0",1,1,1,1,"0","0","0","BO",1,1,1,1,"0","0","0","0",0,0,0,1,"0","0","0",NA,0,0,0,1,"0","0","0",NA,0,0,0,0,"0","0","0",NA,0,0,0,0,"0","0","0",NA,0,0,0,1,"0","0","0",NA,0,0,0,0,"0","0","0",NA,NA,NA,NA,NA,1,2,3,4,NA,NA,NA,NA,0,0,0,1,1,"CXSP1072",3123,1072,NA,"Point",2240.037,-16.903,0.015573376259001,0,0,0,1,"CXSP_1072_154","CXSP_1071_153",0.451630268932821,"CXSP_1071_153",0.451630268932821,"CXSP_1071_153",0.451630268932821,"CXSP_1071_153",0.451630268932821,NA,41.64128584,-111.4917906,41.64128203,-111.4917887,NA,159.490093339128,41.64128203,-111.4917887,NA,159.490093339128,41.64128203,-111.4917887,NA,159.490093339128,41.64128203,-111.4917887,NA,159.490093339128,0,0,0,3,6,7,4,10
"155","CXSP",1073,"ABLA",3.1,16.6,1.2,0,"0",1,1,1,1,"BR, BO","BR, BO","BR, BO","BR, BO",1,1,2,2,"0","0","0","0",2,2,2,2,"0","0","0",NA,2,2,2,2,"2-1","2-1","0",NA,0,1,0,1,"0","0","0",NA,2,2,2,2,"2-2","2-2","2–1","2-1",2,2,2,2,"0","0","0",NA,1,1,0,2,"0","0","0",NA,NA,NA,NA,NA,1,2,3,4,NA,NA,NA,NA,1,1,1,1,0,"CXSP1073",3124,1073,NA,"Point",2238.242,-16.903,0.0141291737323372,1,1,1,1,"CXSP_1073_155","CXSP_1071_153",2.04910080841038,"CXSP_1071_153",2.04910080841038,"CXSP_1071_153",2.04910080841038,"CXSP_1072_154",1.81915076363758,NA,41.64129746,-111.4917752,41.64128203,-111.4917887,NA,-146.722905483961,41.64128203,-111.4917887,NA,-146.722905483961,41.64128203,-111.4917887,NA,-146.722905483961,41.64128584,-111.4917906,NA,-135.168041594269,9,10,8,11,6,7,4,10
"156","CXSP",1074,"ABLA",NA,6.2,0,8,"0",1,1,1,1,"BO","BO","BO","BO",1,0,1,1,"0","0","0","0",0,0,0,1,"0","0","0",NA,1,1,0,2,"0","0","0",NA,0,0,0,0,"0","0","0",NA,0,1,0,2,"0","0","0",NA,0,0,0,2,"0","0","0",NA,0,0,0,0,"0","0","0",NA,NA,NA,NA,NA,1,2,3,4,NA,NA,NA,NA,1,1,0,1,0,"CXSP1074",3125,1074,NA,"Point",2238.099,-16.903,0.0174777678335205,1,1,0,1,"CXSP_1074_156","CXSP_1071_153",1.98720961759344,"CXSP_1071_153",1.98720961759344,"CXSP_831_222",1.37466014930694,"CXSP_831_222",1.37466014930694,NA,41.64127939,-111.4918123,41.64128203,-111.4917887,NA,81.5181952513404,41.64128203,-111.4917887,NA,81.5181952513404,41.6412772286667,-111.4917960475,NA,100.05303157547,41.6412772286667,-111.4917960475,NA,100.05303157547,1,2,0,7,6,7,4,10
"157","CXSP",1075,"ABLA",1.4,8.4,0,0,"0",1,1,1,1,"0","0","BO","BO",1,1,2,2,"0","0","0","0",0,0,0,2,"0","0","0",NA,0,0,0,2,"0","0","0",NA,0,0,0,1,"0","0","0",NA,0,0,0,2,"0","0","0",NA,0,0,0,1,"0","0","0",NA,0,0,0,0,"0","0","0",NA,NA,NA,NA,NA,1,2,3,4,NA,NA,NA,NA,0,0,0,1,1,"CXSP1075",3126,1075,NA,"Point",2239.91,-16.903,0.0185772021437937,0,0,0,1,"CXSP_1075_157","CXSP_1074_156",2.02187952626495,"CXSP_1074_156",2.02187952626495,"CXSP_831_222",2.61558003216921,"CXSP_1074_156",2.02187952626495,NA,41.64126217,-111.4918202,41.64127939,-111.4918123,NA,18.9902560362638,41.64127939,-111.4918123,NA,18.9902560362638,41.6412772286667,-111.4917960475,NA,50.2678717403245,41.64127939,-111.4918123,NA,18.9902560362638,0,0,0,8,1,2,0,7
"158","CXSP",1076,"ABLA",15.3,28.7,0,1,"0",1,1,1,1,"BO","BO","0","BO",1,1,1,2,"0","0","0","0",0,0,2,2,"0","0","0",NA,0,0,2,2,"0","0","0",NA,0,0,2,2,"0","0","0",NA,0,0,2,2,"0","0","0",NA,1,0,2,2,"0","0","0",NA,0,0,0,0,"0","0","0",NA,"Broken top","Broken top","Broken top/ woolies most likely missed","Broken top/ woolies most likely missed",1,2,3,4,NA,NA,NA,NA,1,0,1,1,0,"CXSP1076",3127,1076,NA,"Point",2236.542,-16.903,0.0187037673103487,1,0,1,1,"CXSP_1076_158","CXSP_1071_153",8.52113949111276,"CXSP_1077_159",0.947633729343019,"CXSP_831_222",8.05319229450922,"CXSP_1077_159",0.947633729343019,NA,41.64120543,-111.4917823,41.64128203,-111.4917887,NA,-3.58627899934932,41.6411978,-111.4917874,NA,-153.370823975347,41.6412772286667,-111.4917960475,NA,-8.17349593599288,41.6411978,-111.4917874,NA,-153.370823975347,1,0,10,10,6,7,4,10
"159","CXSP",1077,"ABLA",NA,6.3,0,2,"0",1,1,1,1,"0","BO","0","BO",1,1,0,0,"0","0","0","0",0,0,0,1,"0","0","0",NA,0,0,0,0,"0","0","0",NA,0,0,0,0,"0","0","0",NA,0,1,0,1,"0","0","0",NA,0,0,0,0,"0","0","0",NA,0,0,0,0,"0","0","0",NA,NA,NA,NA,NA,1,2,3,4,NA,NA,NA,NA,0,1,0,1,1,"CXSP1077",3128,1077,NA,"Point",2238.388,-16.903,0.0195672710894651,0,1,0,1,"CXSP_1077_159","CXSP_1076_158",0.947633729343019,"CXSP_1074_156",9.29280238927099,"CXSP_1076_158",0.947633729343019,"CXSP_1076_158",0.947633729343019,NA,41.6411978,-111.4917874,41.64120543,-111.4917823,NA,26.629172635888,41.64127939,-111.4918123,NA,-12.8944564799216,41.64120543,-111.4917823,NA,26.629172635888,41.64120543,-111.4917823,NA,26.629172635888,0,1,0,2,1,0,10,10
"160","CXSP",1078,"ABLA",1.9,11.4,1.5,0,"0",1,1,1,1,"0","0","0","BO",1,0,1,1,"0","0","0","0",0,0,0,0,"0","0","0",NA,0,0,0,1,"0","0","0",NA,0,0,0,1,NA,"0","0",NA,0,0,0,0,"0","0","0",NA,0,0,0,1,"0","0","0",NA,0,0,0,1,"0","0","0",NA,NA,NA,NA,NA,1,2,3,4,NA,NA,NA,NA,0,0,0,1,1,"CXSP1078",3129,1078,NA,"Point",2235.824,-16.903,0.0208716782130588,0,0,0,1,"CXSP_1078_160","CXSP_1076_158",2.83979973600222,"CXSP_1077_159",2.6309630132136,"CXSP_1076_158",2.83979973600222,"CXSP_1079_161",2.62934501099847,NA,41.64120737,-111.4918163,41.64120543,-111.4917823,NA,94.3498110571905,41.6411978,-111.4917874,NA,113.818764717815,41.64120543,-111.4917823,NA,94.3498110571905,41.64120896,-111.4918478,NA,-86.1503807968856,0,0,0,4,1,0,10,10
"161","CXSP",1079,"ABLA",1,6.7,0,1,"0",1,1,1,1,"0","0","0","BO",1,0,0,1,"0","0","0","0",0,0,0,1,"0","0","0",NA,0,0,0,1,"0","0","0",NA,0,0,0,0,"0","0","0",NA,0,0,0,1,"0","0","0",NA,0,0,0,1,"0","0","0",NA,0,0,0,0,"0","0","0",NA,"1DB","1DB","1DB","1DB",1,2,3,4,NA,NA,NA,NA,0,0,0,1,1,"CXSP1079",3130,1079,NA,"Point",2238.14,-16.903,0.0230209130807187,0,0,0,1,"CXSP_1079_161","CXSP_1062_144",4.49571632422565,"CXSP_1062_144",4.49571632422565,"CXSP_1076_158",5.46909272187725,"CXSP_1078_160",2.62934501099847,NA,41.64120896,-111.4918478,41.64119613,-111.491899,NA,-108.472147897401,41.64119613,-111.491899,NA,-108.472147897401,41.64120543,-111.4917823,NA,94.1093180452678,41.64120737,-111.4918163,NA,93.8495982725025,0,0,0,4,1,1,0,12
"162","CXSP",1080,"ABLA",NA,6.2,0,5,"0",1,1,1,1,"0","BO","0","BO",1,1,1,1,"0","0","0","0",0,1,0,0,"0","0","0",NA,0,2,0,0,"0","0","0",NA,0,0,0,0,"0","0","0",NA,0,0,0,0,"0","0","0",NA,0,0,0,1,"0","0","0",NA,0,0,0,0,"0","0","0",NA,"1DB","1DB","1DB","1DB",1,2,3,4,NA,NA,NA,NA,0,1,0,1,1,"CXSP1080",3131,1080,NA,"Point",2235.154,-16.903,0.0322688616066858,0,1,0,1,"CXSP_1080_162","CXSP_1082_164",0.528883331068637,"CXSP_1082_164",0.528883331068637,"CXSP_1088_170",3.03716172859488,"CXSP_1082_164",0.528883331068637,NA,41.64112711,-111.4919075,41.6411225,-111.4919091,NA,-165.406986420863,41.6411225,-111.4919091,NA,-165.406986420863,41.64113922,-111.4919402,NA,-63.7247322263459,41.6411225,-111.4919091,NA,-165.406986420863,0,3,0,1,1,2,0,3
"163","CXSP",1081,"ABLA",3.2,10.1,1.8,0,"0",1,1,1,1,"BO","BO","BO","0",0,0,0,0,"0","0","0","0",0,0,0,0,"0","0","0",NA,0,1,0,0,"0","0","0",NA,1,0,0,0,"0","0","0",NA,0,1,0,0,"0","0","0",NA,1,0,0,0,"0","0","0",NA,0,0,0,0,"0","0","0",NA,NA,NA,NA,NA,1,2,3,4,NA,NA,NA,NA,1,1,0,0,0,"CXSP1081",3132,1081,NA,"Point",2235.522,-16.903,0.0329848414939057,1,1,0,0,"CXSP_1081_163","CXSP_1082_164",0.998324526970828,"CXSP_1083_165",0.165606698909342,"CXSP_1088_170",2.18867771072161,"CXSP_1083_165",0.165606698909342,NA,41.64112757,-111.491919,41.6411225,-111.4919091,NA,124.321588651102,41.64112713,-111.4919209,NA,-107.156329761607,41.64113922,-111.4919402,NA,-53.7744799118703,41.64112713,-111.4919209,NA,-107.156329761607,2,2,0,0,1,2,0,3
"164","CXSP",1082,"ABLA",3.4,19.1,0,0,"0",1,1,1,1,"BO","BO","BO","BO",0,0,0,0,"0","0","0","0",0,0,0,1,"0","0","0",NA,1,1,0,1,"0","0","0",NA,0,1,0,0,"0","0","0",NA,0,0,0,1,"0","0","0",NA,0,0,0,0,"0","0","0",NA,0,0,0,0,"0","0","0",NA,NA,NA,NA,NA,1,2,3,4,NA,NA,NA,NA,1,1,0,1,0,"CXSP1082",3133,1082,NA,"Point",2234.997,-16.903,0.0326966578758315,1,1,0,1,"CXSP_1082_164","CXSP_1081_163",0.998324526970828,"CXSP_1080_162",0.528883331068637,"CXSP_1088_170",3.18662372156367,"CXSP_1080_162",0.528883331068637,NA,41.6411225,-111.4919091,41.64112757,-111.491919,NA,-55.6784047707166,41.64112711,-111.4919075,NA,14.5930125159961,41.64113922,-111.4919402,NA,-54.3708493566531,41.64112711,-111.4919075,NA,14.5930125159961,1,2,0,3,2,2,0,0
"165","CXSP",1083,"ABLA",1.7,11.6,3.2,0,"0",1,1,1,1,"0","BO","BO","BO",0,0,0,0,"0","0","0","0",0,0,0,0,"0","0","0",NA,0,1,0,0,"0","0","0",NA,0,0,0,0,"0","0","0",NA,0,0,0,0,"0","0","0",NA,0,0,0,1,"0","0","0",NA,0,0,0,0,"0","0","0",NA,NA,NA,NA,NA,1,2,3,4,NA,NA,NA,NA,0,1,0,1,1,"CXSP1083",3134,1083,NA,"Point",2235.737,-16.903,0.0331394813309895,0,1,0,1,"CXSP_1083_165","CXSP_1081_163",0.165606698909342,"CXSP_1081_163",0.165606698909342,"CXSP_1088_170",2.09411947958929,"CXSP_1082_164",1.10906126374394,NA,41.64112713,-111.4919209,41.64112757,-111.491919,NA,72.8436689759141,41.64112757,-111.491919,NA,72.8436689759141,41.64113922,-111.4919402,NA,-50.1352827542131,41.6411225,-111.4919091,NA,117.612722800119,0,1,0,1,2,2,0,0
"166","CXSP",1084,"ABLA",1.4,10,0,0,"0",1,1,1,1,"0","BO","0","BO",1,1,0,0,"0","0","0","0",0,0,0,0,"0","0","0",NA,0,1,0,0,"0","0","0",NA,0,0,0,0,"0","0","0",NA,0,0,0,0,"0","0","0",NA,0,1,0,1,"0","0","0",NA,0,0,0,0,"0","0","0",NA,NA,NA,NA,NA,1,2,3,4,NA,NA,NA,NA,0,1,0,1,1,"CXSP1084",3135,1084,NA,"Point",2235.989,-16.903,0.0347580604704908,0,1,0,1,"CXSP_1084_166","CXSP_1081_163",1.77719486531179,"CXSP_1083_165",1.62025874921244,"CXSP_1088_170",2.33087205935777,"CXSP_1083_165",1.62025874921244,NA,41.64111841,-111.4919365,41.64112757,-111.491919,NA,55.0934351704211,41.64112713,-111.4919209,NA,53.3077770192659,41.64113922,-111.4919402,NA,-7.59688689082749,41.64112713,-111.4919209,NA,53.3077770192659,0,2,0,1,2,2,0,0
"167","CXSP",1085,"ABLA",1.1,8.1,1.8,0,"0",1,1,1,1,"BO","BO","BO","BO",0,0,0,0,"0","0","0","0",0,1,0,0,"0","0","0",NA,1,0,0,1,"0","0","0",NA,0,0,0,0,"0","0","0",NA,0,1,0,0,"0","0","0",NA,0,1,0,0,"0","0","0",NA,0,0,0,0,"0","0","0",NA,NA,NA,NA,NA,1,2,3,4,NA,NA,NA,NA,1,1,0,1,0,"CXSP1085",3136,1085,NA,"Point",2233.3,-16.903,0.0338449258541194,1,1,0,1,"CXSP_1085_167","CXSP_1088_170",0.214919483507755,"CXSP_1087_169",0.0591282936920044,"CXSP_1088_170",0.214919483507755,"CXSP_1087_169",0.0591282936920044,NA,41.64113874,-111.4919427,41.64113922,-111.4919402,NA,75.6431227955952,41.64113918,-111.4919423,NA,34.2916437022494,41.64113922,-111.4919402,NA,75.6431227955952,41.64113918,-111.4919423,NA,34.2916437022494,1,3,0,1,12,12,12,12
"168","CXSP",1086,"ABLA",1.3,9.1,0,0,"0",1,1,1,1,"0","0","0","0",1,0,0,1,"0","0","0","0",0,0,0,0,"0","0","0",NA,0,0,0,0,"0","0","0",NA,0,0,0,0,"0","0","0",NA,0,0,0,0,"0","0","0",NA,0,0,0,0,"0","0","0",NA,0,0,0,0,"0","0","0",NA,NA,NA,NA,NA,1,2,3,4,NA,NA,NA,NA,0,0,0,0,0,"CXSP1086",3137,1086,NA,"Point",2234.416,-16.903,0.0349222362626577,0,0,0,0,"CXSP_1086_168","CXSP_1085_167",1.17777312141921,"CXSP_1085_167",1.17777312141921,"CXSP_1088_170",1.34050267469413,"CXSP_1085_167",1.17777312141921,NA,41.6411297,-111.4919501,41.64113874,-111.4919427,NA,31.5519129100249,41.64113874,-111.4919427,NA,31.5519129100249,41.64113922,-111.4919402,NA,37.9569504631032,41.64113874,-111.4919427,NA,31.5519129100249,0,0,0,0,1,3,0,1
"169","CXSP",1087,"ABLA",2.7,15.2,0,3,"0",1,1,1,1,"0","BO","BO","BO",0,0,0,0,"0","0","0","0",0,0,0,0,"0","0","0",NA,0,0,0,1,"0","0","0",NA,0,0,0,0,"0","0","0",NA,0,0,0,0,"0","0","0",NA,0,2,0,0,"0","0","0",NA,0,0,0,0,"0","0","0",NA,NA,NA,NA,NA,1,2,3,4,NA,NA,NA,NA,0,1,0,1,1,"CXSP1087",3138,1087,NA,"Point",2235.307,-16.903,0.0337899256229279,0,1,0,1,"CXSP_1087_169","CXSP_1085_167",0.0591282936920044,"CXSP_1085_167",0.0591282936920044,"CXSP_1088_170",0.174950725945686,"CXSP_1085_167",0.0591282936920044,NA,41.64113918,-111.4919423,41.64113874,-111.4919427,NA,-145.708356031966,41.64113874,-111.4919427,NA,-145.708356031966,41.64113922,-111.4919402,NA,88.5454408820264,41.64113874,-111.4919427,NA,-145.708356031966,0,2,0,1,1,3,0,1
"170","CXSP",1088,"ABLA",3.1,18.8,1.9,1,"0",1,1,1,1,"BO","BO","BO","BO",1,1,0,1,"0","0","0","0",2,2,2,2,"2-5","2-3","2–4","2-2",2,2,2,2,"2-13","2-7","2–6","2-4",2,2,2,2,"2-9","2-3","2–3","2-1",2,2,2,2,"4-6","4-5","4–4","4-1",2,2,2,2,"1-2","1-3","1–2","1-0",2,2,2,2,"4-8","4-6","4–4","4-3",NA,NA,NA,NA,1,2,3,4,NA,NA,NA,NA,1,1,1,1,0,"CXSP1088",3139,1088,NA,"Point",2234.758,-16.903,0.0336432326144247,1,1,1,1,"CXSP_1088_170","CXSP_1085_167",0.214919483507755,"CXSP_1087_169",0.174950725945686,"CXSP_1089_171",0.746786653899152,"CXSP_1087_169",0.174950725945686,NA,41.64113922,-111.4919402,41.64113874,-111.4919427,NA,-104.356875543247,41.64113918,-111.4919423,NA,-91.4545577226014,41.64114561,-111.4919374,NA,18.1955497705236,41.64113918,-111.4919423,NA,-91.4545577226014,12,12,12,12,1,3,0,1
"171","CXSP",1089,"ABLA",3.6,22.8,0,1,"0",1,1,1,1,"BO","BO","BO","BO",0,0,0,0,"0","0","0","0",2,2,2,2,"3-6","3-7","3–7","3-4",2,2,2,2,"2-2","2-0","2–0",NA,2,2,2,2,"4-0","4-0","4–1","4-1",2,2,2,2,"4-0","4-0","4–0","4-0",2,2,2,2,"2-0","2-0","2–0",NA,2,2,2,2,"2-7","2-4","2–2","2-0",NA,NA,NA,NA,1,2,3,4,NA,NA,NA,NA,1,1,1,1,0,"CXSP1089",3140,1089,NA,"Point",2234.704,-16.903,0.0330532394180596,1,1,1,1,"CXSP_1089_171","CXSP_1090_172",0.109900750899701,"CXSP_1090_172",0.109900750899701,"CXSP_1088_170",0.746786653899152,"CXSP_1090_172",0.109900750899701,NA,41.64114561,-111.4919374,41.64114544,-111.4919387,NA,-99.8888719299693,41.64114544,-111.4919387,NA,-99.8888719299693,41.64113922,-111.4919402,NA,-161.80444836898,41.64114544,-111.4919387,NA,-99.8888719299693,12,12,12,12,4,5,0,1
"172","CXSP",1090,"ABLA",2.2,15.8,5.4,2,"0",1,1,1,1,"BO","BO","BO","BO",0,0,0,0,"0","0","0","0",1,1,0,0,"0","0","0",NA,1,1,0,0,"0","0","0",NA,0,0,0,0,"0","0","0",NA,1,1,0,0,"0","0","0",NA,1,1,0,1,"0","0","0",NA,0,1,0,0,"0","0","0",NA,NA,NA,NA,NA,1,2,3,4,NA,NA,NA,NA,1,1,0,1,0,"CXSP1090",3141,1090,NA,"Point",2236.948,-16.903,0.0331537272786504,1,1,0,1,"CXSP_1090_172","CXSP_1089_171",0.109900750899701,"CXSP_1089_171",0.109900750899701,"CXSP_1089_171",0.109900750899701,"CXSP_1089_171",0.109900750899701,NA,41.64114544,-111.4919387,41.64114561,-111.4919374,NA,80.1111272062288,41.64114561,-111.4919374,NA,80.1111272062288,41.64114561,-111.4919374,NA,80.1111272062288,41.64114561,-111.4919374,NA,80.1111272062288,4,5,0,1,12,12,12,12
"173","CXSP",1091,"ABLA",4.1,23.5,0,3,"0",1,1,1,1,"BO","BO","BO","BO",0,0,0,0,"0","0","0","0",2,2,2,2,"1-10","1-4","1–3","1-1",3,3,3,3,"2-13","2-10","2–11","2-7",2,2,2,2,"0","2-0","2–0","2-0",3,3,3,3,"3-2","3-1","3–1","3-1",2,2,2,2,"2-24","2-22","2–25","2-18",2,2,2,2,"4-11","4-8","4–9","4-6",NA,NA,NA,NA,1,2,3,4,NA,NA,NA,NA,1,1,1,1,0,"CXSP1091",3142,1091,NA,"Point",2242.275,-16.903,0.0362465663474222,1,1,1,1,"CXSP_1091_173","CXSP_1092_174",0.476622387558381,"CXSP_1092_174",0.476622387558381,"CXSP_1088_170",2.84769934719896,"CXSP_1092_174",0.476622387558381,NA,41.64113488,-111.4919739,41.64113809,-111.4919701,NA,41.6053699552605,41.64113809,-111.4919701,NA,41.6053699552605,41.64113922,-111.4919402,NA,80.2583893080138,41.64113809,-111.4919701,NA,41.6053699552605,14,14,14,14,3,2,0,5
"174","CXSP",1092,"ABLA",2.2,13.7,0,0,"0",1,1,1,1,"BO","BO","BO","BO",0,0,0,1,"0","0","0","0",0,0,0,1,"0","0","0",NA,1,1,0,1,"0","0","0",NA,0,0,0,1,"0","0","0",NA,1,0,0,0,"0","0","0",NA,1,1,0,1,"0","0","0",NA,0,0,0,1,"0","0","0",NA,NA,NA,NA,NA,1,2,3,4,NA,NA,NA,NA,1,1,0,1,0,"CXSP1092",3143,1092,NA,"Point",2236.378,-16.903,0.0357887172035172,1,1,0,1,"CXSP_1092_174","CXSP_1091_173",0.476622387558381,"CXSP_1091_173",0.476622387558381,"CXSP_1091_173",0.476622387558381,"CXSP_1091_173",0.476622387558381,NA,41.64113809,-111.4919701,41.64113488,-111.4919739,NA,-138.39462751978,41.64113488,-111.4919739,NA,-138.39462751978,41.64113488,-111.4919739,NA,-138.39462751978,41.64113488,-111.4919739,NA,-138.39462751978,3,2,0,5,14,14,14,14
"175","CXSP",1093,"ABLA",1.1,8.6,0,4,"0",1,1,1,1,"0","0","0","BO",0,0,0,0,"0","0","0","0",0,0,0,1,"0","0","0",NA,0,0,0,1,"0","0","0",NA,0,0,0,1,"0","0","0",NA,0,0,0,0,"0","0","0",NA,0,0,0,1,"0","0","0",NA,0,0,0,1,"0","0","0",NA,NA,NA,NA,NA,1,2,3,4,NA,NA,NA,NA,0,0,0,1,1,"CXSP1093",3144,1093,NA,"Point",2235.481,-16.903,0.036961058423046,0,0,0,1,"CXSP_1093_175","CXSP_1092_174",4.43313561676361,"CXSP_1092_174",4.43313561676361,"CXSP_1091_173",4.49210441096999,"CXSP_1094_176",0.974661129416071,NA,41.64116665,-111.4920073,41.64113809,-111.4919701,NA,135.664614275713,41.64113809,-111.4919701,NA,135.664614275713,41.64113488,-111.4919739,NA,141.739953010371,41.64116113,-111.4919982,NA,128.96062832747,0,0,0,5,3,2,0,5
"176","CXSP",1094,"ABLA",NA,4.7,0,1,"0",1,1,1,1,"0","0","0","BO",0,0,0,0,"0","0","0","0",0,0,0,0,"0","0","0",NA,0,0,0,1,"0","0","0",NA,0,0,0,0,"0","0","0",NA,0,0,0,0,"0","0","0",NA,0,0,0,0,"0","0","0",NA,0,0,0,0,"0","0","0",NA,NA,NA,NA,NA,1,2,3,4,NA,NA,NA,NA,0,0,0,1,1,"CXSP1094",3145,1094,NA,"Point",2236.025,-16.903,0.0365540972804392,0,0,0,1,"CXSP_1094_176","CXSP_1092_174",3.46700627644114,"CXSP_1092_174",3.46700627644114,"CXSP_1091_173",3.54814231451551,"CXSP_1093_175",0.974661129416071,NA,41.64116113,-111.4919982,41.64113809,-111.4919701,NA,137.545316725106,41.64113809,-111.4919701,NA,137.545316725106,41.64113488,-111.4919739,NA,145.22350296336,41.64116665,-111.4920073,NA,-51.0393656259139,0,0,0,1,3,2,0,5
"177","CXSP",1096,"ABLA",NA,2.5,0,0,"0",1,1,1,1,"0","0","0","0",0,0,0,0,"0","0","0","0",0,0,0,0,"0","0","0",NA,0,0,0,0,"0","0","0",NA,0,0,0,0,"0","0","0",NA,0,0,0,0,"0","0","0",NA,0,0,0,0,"0","0","0",NA,0,0,0,0,"0","0","0",NA,NA,NA,NA,NA,1,2,3,4,NA,NA,NA,NA,0,0,0,0,0,"CXSP1096",3147,1096,NA,"Point",2232.917,-16.903,0.0498095730868535,0,0,0,0,"CXSP_1096_177","CXSP_1118_193",4.91335371580871,"CXSP_1118_193",4.91335371580871,"CXSP_1123_198",5.05542291032084,"CXSP_1049_133",4.49297555643541,NA,41.64116319,-111.4921723,41.64112004,-111.4921854,NA,-167.170558665916,41.64112004,-111.4921854,NA,-167.170558665916,41.64112894,-111.4921323,NA,138.779394071561,41.64119497,-111.4921389,NA,38.2512453032578,0,0,0,0,1,4,0,6
"178","CXSP",1100,"ABLA",3.9,17.4,0,2,"0",1,1,1,1,"0","0","0","0",0,0,0,0,"0","0","0","0",0,0,0,0,"0","0","0",NA,0,0,0,0,"0","0","0",NA,0,0,0,0,"0","0","0",NA,0,0,0,0,"0","0","0",NA,0,0,0,0,"0","0","0",NA,0,0,0,0,"0","0","0",NA,NA,NA,NA,NA,1,2,3,4,NA,NA,NA,NA,0,0,0,0,0,"CXSP1100",3150,1100,NA,"Point",2233.588,-16.903,0.0532646644478625,0,0,0,0,"CXSP_1100_178","CXSP_1036_125",1.74930902429953,"CXSP_1036_125",1.74930902429953,"CXSP_1122_197",11.3486993944788,"CXSP_1036_125",1.74930902429953,NA,41.64120369,-111.492231,41.6412153,-111.4922168,NA,42.5356182980115,41.6412153,-111.4922168,NA,42.5356182980115,41.64111951,-111.4921537,NA,145.439907373362,41.6412153,-111.4922168,NA,42.5356182980115,0,0,0,0,1,1,0,2
"179","CXSP",1102,"ABLA",3.7,35.5,5.8,0,"0",1,NA,NA,NA,"BO",NA,NA,NA,0,NA,NA,NA,"0",NA,NA,NA,0,NA,NA,NA,"0",NA,NA,NA,1,NA,NA,NA,"0",NA,NA,NA,0,NA,NA,NA,"0",NA,NA,NA,0,NA,NA,NA,"0",NA,NA,NA,1,NA,NA,NA,"0",NA,NA,NA,0,NA,NA,NA,"0",NA,NA,NA,NA,NA,NA,NA,1,NA,NA,NA,NA,NA,NA,NA,1,NA,NA,NA,0,"CXSP1102",NA,1102,NA,NA,2232.955,-16.903,0.054663383834648,1,NA,NA,NA,"CXSP_1102_179","CXSP_1036_125",4.83268648923679,"CXSP_1036_125",4.83268648923679,"CXSP_1122_197",9.36677184537746,"CXSP_1036_125",4.83268648923679,NA,41.64117493,-111.4922385,41.6412153,-111.4922168,NA,21.9601527418155,41.6412153,-111.4922168,NA,21.9601527418155,41.64111951,-111.4921537,NA,131.063264888817,41.6412153,-111.4922168,NA,21.9601527418155,2,NA,NA,NA,1,1,0,2
"180","CXSP",1103,"ABLA",5.7,36.4,0,0,"0",1,NA,NA,NA,"0",NA,NA,NA,0,NA,NA,NA,"0",NA,NA,NA,0,NA,NA,NA,"0",NA,NA,NA,0,NA,NA,NA,"0",NA,NA,NA,0,NA,NA,NA,"0",NA,NA,NA,0,NA,NA,NA,"0",NA,NA,NA,0,NA,NA,NA,"0",NA,NA,NA,0,NA,NA,NA,"0",NA,NA,NA,NA,NA,NA,NA,1,NA,NA,NA,NA,NA,NA,NA,0,NA,NA,NA,NA,"CXSP1103",3151,1103,NA,"Point",2232.955,-16.903,0.054663383834648,0,NA,NA,NA,"CXSP_1103_180","CXSP_1036_125",4.83268648923679,"CXSP_1036_125",4.83268648923679,"CXSP_1122_197",9.36677184537746,"CXSP_1036_125",4.83268648923679,NA,41.64117493,-111.4922385,41.6412153,-111.4922168,NA,21.9601527418155,41.6412153,-111.4922168,NA,21.9601527418155,41.64111951,-111.4921537,NA,131.063264888817,41.6412153,-111.4922168,NA,21.9601527418155,0,NA,NA,NA,1,1,0,2
"181","CXSP",1104,"ABLA",NA,8.5,0,1,"0",1,1,1,1,"0","0","0","0",0,0,0,0,"0","0","0","0",0,0,0,0,"0","0","0",NA,0,0,0,0,"0","0","0",NA,0,0,0,0,"0","0","0",NA,0,0,0,0,"0","0","0",NA,0,0,0,0,"0","0","0",NA,0,0,0,0,"0","0","0",NA,NA,NA,NA,NA,1,2,3,4,NA,NA,NA,NA,0,0,0,0,0,"CXSP1104",3152,1104,NA,"Point",2232.412,-16.903,0.055031508612026,0,0,0,0,"CXSP_1104_181","CXSP_1102_179",0.984248646732801,"CXSP_1036_125",4.41525820455425,"CXSP_1122_197",10.3334258141607,"CXSP_1036_125",4.41525820455425,NA,41.64118196,-111.4922457,41.64117493,-111.4922385,NA,142.465883683019,41.6412153,-111.4922168,NA,33.033345535327,41.64111951,-111.4921537,NA,132.142257421583,41.6412153,-111.4922168,NA,33.033345535327,0,0,0,0,2,NA,NA,NA
"182","CXSP",1107,"ABLA",1.9,10.2,0,2,"0",1,1,1,1,"0","0","0","0",0,0,0,0,"0","0","0","0",0,0,0,0,"0","0","0",NA,0,0,0,0,"0","0","0",NA,0,0,0,0,"0","0","0",NA,0,0,0,0,"0","0","0",NA,0,0,0,0,"0","0","0",NA,0,0,0,0,"0","0","0",NA,"1DB","1DB","1DB","1DB",1,2,3,4,NA,NA,NA,NA,0,0,0,0,0,"CXSP1107",3155,1107,NA,"Point",2233.782,-16.903,0.0560208300207413,0,0,0,0,"CXSP_1107_182","CXSP_1102_179",2.01089865272075,"CXSP_1118_193",6.81196504539346,"CXSP_1122_197",9.04700300225957,"CXSP_1116_191",5.9255962174896,NA,41.64115862,-111.492249,41.64117493,-111.4922385,NA,25.7767625963717,41.64112004,-111.4921854,NA,128.961078322225,41.64111951,-111.4921537,NA,118.682444053191,41.64111317,-111.4922117,NA,148.382637769276,0,0,0,0,2,NA,NA,NA
"183","CXSP",1108,"ABLA",NA,3.9,0,0,"0",1,1,1,1,"0","0","0","0",0,0,0,0,"0","0","0","0",0,0,0,0,"0","0","0",NA,0,0,0,0,"0","0","0",NA,0,0,0,0,"0","0","0",NA,0,0,0,0,"0","0","0",NA,0,0,0,0,"0","0","0",NA,0,0,0,0,"0","0","0",NA,NA,NA,NA,NA,1,2,3,4,NA,NA,NA,NA,0,0,0,0,0,"CXSP1108",3157,1108,NA,"Point",2235.642,-16.903,0.0584957311544236,0,0,0,0,"CXSP_1108_183","CXSP_1102_179",6.13585090807336,"CXSP_1118_193",6.55474297360293,"CXSP_1122_197",9.19466723028969,"CXSP_1114_189",3.3397006330944,NA,41.64112308,-111.492264,41.64117493,-111.4922385,NA,20.2499337982677,41.64112004,-111.4921854,NA,92.9515247173165,41.64111951,-111.4921537,NA,92.4705895474535,41.6410975,-111.4922851,NA,-148.252501159494,0,0,0,0,2,NA,NA,NA
"184","CXSP",1109,"ABLA",1.8,12.5,0,1,"0",1,1,1,1,"0","0","0","0",1,0,1,1,"0","0","0","0",0,0,0,0,"0","0","0",NA,0,0,0,0,"0","0","0",NA,0,0,0,0,"0","0","0",NA,0,0,0,0,"0","0","0",NA,0,0,0,0,"0","0","0",NA,0,0,0,0,"0","0","0",NA,"1DB","1DB","1DB","1DB",1,2,3,4,NA,NA,NA,NA,0,0,0,0,0,"CXSP1109",3158,1109,NA,"Point",2232.444,-16.903,0.058885617413992,0,0,0,0,"CXSP_1109_184","CXSP_1118_193",6.60527450144496,"CXSP_1118_193",6.60527450144496,"CXSP_1122_197",9.23147125815384,"CXSP_1114_189",2.52043829657194,NA,41.64111399,-111.4922643,41.64112004,-111.4921854,NA,84.1634250837807,41.64112004,-111.4921854,NA,84.1634250837807,41.64111951,-111.4921537,NA,86.1934448848082,41.6410975,-111.4922851,NA,-136.583528160561,0,0,0,0,1,4,0,6
"185","CXSP",1110,"ABLA",2.5,16,2.2,4,"0",1,1,1,1,"0","0","0","0",0,0,1,1,"0","0","0","0",0,0,0,0,"0","0","0",NA,0,0,0,0,"0","0","0",NA,0,0,0,0,"0","0","0",NA,0,0,0,0,"0","0","0",NA,0,0,0,0,"0","0","0",NA,0,0,0,0,"0","0","0",NA,"1DB","1DB","1DB","1DB",1,2,3,4,NA,NA,NA,NA,0,0,0,0,0,"CXSP1110",3159,1110,NA,"Point",2233.372,-16.903,0.058728753231324,0,0,0,0,"CXSP_1110_185","CXSP_1118_193",6.53166106812903,"CXSP_1118_193",6.53166106812903,"CXSP_1122_197",9.16648433146609,"CXSP_1114_189",2.77771553991542,NA,41.64111669,-111.4922637,41.64112004,-111.4921854,NA,86.7356264531688,41.64112004,-111.4921854,NA,86.7356264531688,41.64111951,-111.4921537,NA,88.0426019911778,41.6410975,-111.4922851,NA,-140.086734857541,0,0,0,0,1,4,0,6
"186","CXSP",1111,"ABLA",5,27,2.8,2,"0",1,1,1,1,"0","0","0","0",1,0,1,1,"0","0","0","0",0,0,0,0,"0","0","0",NA,0,0,0,0,"0","0","0",NA,0,0,0,0,"0","0","0",NA,0,0,0,0,"0","0","0",NA,0,0,0,0,"0","0","0",NA,0,0,0,0,"0","0","0",NA,NA,NA,NA,NA,1,2,3,4,NA,NA,NA,NA,0,0,0,0,0,"CXSP1111",3160,1111,NA,"Point",2234.067,-16.903,0.0601255881543884,0,0,0,0,"CXSP_1111_186","CXSP_1118_193",7.68879750634081,"CXSP_1118_193",7.68879750634081,"CXSP_1122_197",10.2720465276362,"CXSP_1114_189",1.14958134921223,NA,41.64110494,-111.4922755,41.64112004,-111.4921854,NA,77.4060323213596,41.64112004,-111.4921854,NA,77.4060323213596,41.64111951,-111.4921537,NA,80.9394127674665,41.6410975,-111.4922851,NA,-135.934053278765,0,0,0,0,1,4,0,6
"187","CXSP",1112,"ABLA",1.4,8.5,0,1,"0",1,1,1,1,"0","0","0","0",0,0,0,0,"0","0","0","0",0,0,0,0,"0","0","0",NA,0,0,0,0,"0","0","0",NA,0,0,0,0,"0","0","0",NA,0,0,0,0,"0","0","0",NA,0,0,0,0,"0","0","0",NA,0,0,0,0,"0","0","0",NA,NA,NA,NA,NA,1,2,3,4,NA,NA,NA,NA,0,0,0,0,0,"CXSP1112",3161,1112,NA,"Point",2232.476,-16.903,0.0591551647831369,0,0,0,0,"CXSP_1112_187","CXSP_1118_193",6.7326001071746,"CXSP_1118_193",6.7326001071746,"CXSP_1122_197",9.32841621178187,"CXSP_1114_189",2.07692866401829,NA,41.64110826,-111.4922647,41.64112004,-111.4921854,NA,78.7985617813501,41.64112004,-111.4921854,NA,78.7985617813501,41.64111951,-111.4921537,NA,82.305273290854,41.6410975,-111.4922851,NA,-125.112652090366,0,0,0,0,1,4,0,6
"188","CXSP",1113,"ABLA",2.1,12,0,1,"0",1,1,1,1,"0","0","0","0",0,0,2,1,"0","0","0","0",0,0,0,0,"0","0","0",NA,0,0,0,0,"0","0","0",NA,0,0,0,0,"0","0","0",NA,0,0,0,0,"0","0","0",NA,0,0,0,0,"0","0","0",NA,0,0,0,0,"0","0","0",NA,NA,NA,NA,NA,1,2,3,4,NA,NA,NA,NA,0,0,0,0,0,"CXSP1113",3162,1113,NA,"Point",2231.678,-16.903,0.0587929124403408,0,0,0,0,"CXSP_1113_188","CXSP_1118_193",6.2523648635573,"CXSP_1118_193",6.2523648635573,"CXSP_1122_197",8.78573304410417,"CXSP_1114_189",2.42724592671194,NA,41.64110241,-111.4922567,41.64112004,-111.4921854,NA,71.7563245349391,41.64112004,-111.4921854,NA,71.7563245349391,41.64111951,-111.4921537,NA,77.5204520399868,41.6410975,-111.4922851,NA,-102.978605678004,0,0,0,0,1,4,0,6
"189","CXSP",1114,"ABLA",6,30.3,0,2,"0",1,1,1,1,"0","0","0","BO",1,1,2,2,"0","0","0","0",0,0,0,0,"0","0","0",NA,0,0,0,0,"0","0","0",NA,0,0,0,0,"0","0","0",NA,0,0,0,1,"0","0","0",NA,0,0,0,0,"0","0","0",NA,0,0,0,0,"0","0","0",NA,NA,NA,NA,NA,1,2,3,4,NA,NA,NA,NA,0,0,0,1,1,"CXSP1114",3163,1114,NA,"Point",2233.854,-16.903,0.0611792314699,0,0,0,1,"CXSP_1114_189","CXSP_1118_193",8.6722305605398,"CXSP_1118_193",8.6722305605398,"CXSP_1122_197",11.2129068275361,"CXSP_1116_191",6.35572332364922,NA,41.6410975,-111.4922851,41.64112004,-111.4921854,NA,73.228019809486,41.64112004,-111.4921854,NA,73.228019809486,41.64111951,-111.4921537,NA,77.4124039813308,41.64111317,-111.4922117,NA,74.1136597789301,0,0,0,1,1,4,0,6
"190","CXSP",1115,"ABLA",NA,7.8,0,0,"0",1,1,1,1,"0","0","0","0",0,NA,1,0,"0","0","0","0",0,0,0,0,"0","0","0",NA,0,0,0,0,"0","0","0",NA,0,0,0,0,"0","0","0",NA,0,0,0,0,"0","0","0",NA,0,0,0,0,"0","0","0",NA,0,0,0,0,"0","0","0",NA,NA,NA,NA,NA,1,2,3,4,NA,NA,NA,NA,0,0,0,0,0,"CXSP1115",3164,1115,NA,"Point",2230.12,-16.903,0.0596421197773091,0,0,0,0,"CXSP_1115_190","CXSP_1118_193",7.30728160961494,"CXSP_1118_193",7.30728160961494,"CXSP_1122_197",9.92039622761423,"CXSP_1114_189",1.79304615356452,NA,41.64111043,-111.4922722,41.64112004,-111.4921854,NA,81.6041509895997,41.64112004,-111.4921854,NA,81.6041509895997,41.64111951,-111.4921537,NA,84.1675596839034,41.6410975,-111.4922851,NA,-143.189033665111,0,0,0,0,1,4,0,6
"191","CXSP",1116,"ABLA",2.6,17.1,0,1,"0",1,1,1,1,"0","0","0","BO",1,0,1,1,"0","0","0","0",0,0,0,0,"0","0","0",NA,0,0,0,0,"0","0","0",NA,0,0,0,0,"0","0","0",NA,0,0,0,0,"0","0","0",NA,0,0,0,1,"0","0","0",NA,0,0,0,0,"0","0","0",NA,NA,NA,NA,NA,1,2,3,4,NA,NA,NA,NA,0,0,0,1,1,"CXSP1116",3165,1116,NA,"Point",2228.908,-16.903,0.0548852372734004,0,0,0,1,"CXSP_1116_191","CXSP_1118_193",2.31934794380562,"CXSP_1118_193",2.31934794380562,"CXSP_1122_197",4.88143385029954,"CXSP_1118_193",2.31934794380562,NA,41.64111317,-111.4922117,41.64112004,-111.4921854,NA,70.8005143900298,41.64112004,-111.4921854,NA,70.8005143900298,41.64111951,-111.4921537,NA,81.7091364932406,41.64112004,-111.4921854,NA,70.8005143900298,0,0,0,1,1,4,0,6
"192","CXSP",1117,"ABLA",3.6,22.5,0.6,0,"0",1,1,1,1,"0","0","0","0",1,1,1,1,"0","0","0","0",0,0,0,0,"0","0","0",NA,0,0,0,0,"0","0","0",NA,0,0,0,0,"0","0","0",NA,0,0,0,0,"0","0","0",NA,0,0,0,0,"0","0","0",NA,0,0,0,0,"0","0","0",NA,NA,NA,NA,NA,1,2,3,4,NA,NA,NA,NA,0,0,0,0,0,"CXSP1117",3166,1117,NA,"Point",2229.426,-16.903,0.0567071666819218,0,0,0,0,"CXSP_1117_192","CXSP_1118_193",4.21261547116441,"CXSP_1118_193",4.21261547116441,"CXSP_1122_197",6.52995073291605,"CXSP_1116_191",2.08064934155192,NA,41.64109824,-111.4922268,41.64112004,-111.4921854,NA,54.9323749501923,41.64112004,-111.4921854,NA,54.9323749501923,41.64111951,-111.4921537,NA,68.7990921175804,41.64111317,-111.4922117,NA,37.1867068127269,0,0,0,0,1,4,0,6
"193","CXSP",1118,"ABLA",2.1,12.5,0,0,"0",1,1,1,1,"BO","BO","BO","BO",0,0,0,0,"0","0","0","0",0,1,0,0,"0","0","0",NA,0,1,0,1,"0","0","0",NA,0,0,0,1,"0","0","0",NA,1,1,0,2,"0","0","0",NA,0,1,0,1,"0","0","0",NA,0,0,0,1,"0","0","0",NA,NA,NA,NA,NA,1,2,3,4,NA,NA,NA,NA,1,1,0,1,0,"CXSP1118",3167,1118,NA,"Point",2231.275,-16.903,0.0525766887557473,1,1,0,1,"CXSP_1118_193","CXSP_1122_197",2.64072839235069,"CXSP_1122_197",2.64072839235069,"CXSP_1122_197",2.64072839235069,"CXSP_1116_191",2.31934794380562,NA,41.64112004,-111.4921854,41.64111951,-111.4921537,NA,91.276805438971,41.64111951,-111.4921537,NA,91.276805438971,41.64111951,-111.4921537,NA,91.276805438971,41.64111317,-111.4922117,NA,-109.199468134602,1,4,0,6,12,12,12,12
"194","CXSP",1120,"ABLA",NA,1.9,0,0,"0",1,1,1,1,"0","0","0","0",1,1,0,1,"0","0","0","0",0,0,0,0,"0","0","0",NA,0,0,0,0,"0","0","0",NA,0,0,0,0,"0","0","0",NA,0,0,0,0,"0","0","0",NA,0,0,0,0,"0","0","0",NA,0,0,0,0,"0","0","0",NA,NA,NA,NA,NA,1,2,3,4,NA,NA,NA,NA,0,0,0,0,0,"CXSP1120",3169,1120,NA,"Point",2233.087,-16.903,0.0503179428615428,0,0,0,0,"CXSP_1120_194","CXSP_1122_197",0.553382056963285,"CXSP_1122_197",0.553382056963285,"CXSP_1122_197",0.553382056963285,"CXSP_1122_197",0.553382056963285,NA,41.64112349,-111.4921577,41.64111951,-111.4921537,NA,142.987220025322,41.64111951,-111.4921537,NA,142.987220025322,41.64111951,-111.4921537,NA,142.987220025322,41.64111951,-111.4921537,NA,142.987220025322,0,0,0,0,12,12,12,12
"195","CXSP",1119,"ABLA",10.8,59.4,24,3,"0",1,1,1,1,"0","0","0","0",0,NA,NA,NA,"0","0","0","0",0,0,0,0,"0","0","0",NA,0,0,0,0,"0","0","0",NA,0,0,0,0,"0","0","0",NA,0,0,0,0,"0","0","0",NA,0,0,0,0,"0","0","0",NA,0,0,0,0,"0","0","0",NA,"2DB","2DB","2DB","2DB",1,2,3,4,NA,NA,NA,NA,0,0,0,0,0,"CXSP1119",3168,1119,NA,"Point",2233.11,-16.903,0.0531600508216716,0,0,0,0,"CXSP_1119_195","CXSP_1118_193",1.53546142667021,"CXSP_1118_193",1.53546142667021,"CXSP_1122_197",2.97366701988759,"CXSP_1118_193",1.53546142667021,NA,41.64110622,-111.4921847,41.64112004,-111.4921854,NA,-2.17591935913784,41.64112004,-111.4921854,NA,-2.17591935913784,41.64111951,-111.4921537,NA,60.2515692054757,41.64112004,-111.4921854,NA,-2.17591935913784,0,0,0,0,1,4,0,6
"196","CXSP",1121,"ABLA",3.8,23.5,1.8,2,"0",1,1,1,1,"BR, BO","BR, BO","BR, BO","BR, BO",0,0,0,1,"0","0","0","0",0,0,0,0,"0","0","0",NA,0,0,0,1,"0","0","0",NA,0,1,0,0,"0","0","0",NA,0,0,0,1,"0","0","0",NA,1,1,0,0,"0","0","0",NA,0,0,0,0,"0","0","0",NA,"1DB","1DB","1DB","1DB",1,2,3,4,NA,NA,NA,NA,1,1,0,1,0,"CXSP1121",3170,1121,NA,"Point",2231.594,-16.903,0.0494721113793212,1,1,0,1,"CXSP_1121_196","CXSP_1125_199",0.516632016645986,"CXSP_1125_199",0.516632016645986,"CXSP_1126_200",0.516632016645986,"CXSP_1125_199",0.516632016645986,NA,41.64111421,-111.4921406,41.64111876,-111.4921419,NA,-12.0968589491881,41.64111876,-111.4921419,NA,-12.0968589491881,41.64111876,-111.4921419,NA,-12.0968589491881,41.64111876,-111.4921419,NA,-12.0968589491881,1,2,0,2,3,5,0,3
"197","CXSP",1122,"ABLA",3,16.6,3.1,0,"0",1,1,1,1,"BO","BO","BO","BO",1,1,0,1,"0","0","0","0",2,2,2,2,"4-1","4-1","4–0","4-0",2,2,2,2,"0","0","0",NA,2,2,2,2,"2-3","2-3","2–1","2-2",2,2,2,2,"3-2","3-2","3–1","3-0",2,2,2,2,"4-0","4-0","4–0","4-0",2,2,2,2,"2-1","2-0","2–0","2-0",NA,NA,NA,NA,1,2,3,4,NA,NA,NA,NA,1,1,1,1,0,"CXSP1122",3171,1122,NA,"Point",2233.86,-16.903,0.0502004068084083,1,1,1,1,"CXSP_1122_197","CXSP_1125_199",0.986261382659511,"CXSP_1125_199",0.986261382659511,"CXSP_1126_200",0.986261382659511,"CXSP_1125_199",0.986261382659511,NA,41.64111951,-111.4921537,41.64111876,-111.4921419,NA,94.8431334869742,41.64111876,-111.4921419,NA,94.8431334869742,41.64111876,-111.4921419,NA,94.8431334869742,41.64111876,-111.4921419,NA,94.8431334869742,12,12,12,12,3,5,0,3
"198","CXSP",1123,"ABLA",5.6,30.9,11.7,0,"0",1,1,1,1,"BO","BO","BO","BO",NA,NA,0,0,"0","0","0","0",2,2,2,2,"1-0","1-0","0",NA,4,4,4,4,"2-27","2-24","2–29","2-17",3,3,3,3,"3-8","3-9","3–11","3-5",2,2,2,2,"3-7","3-5","3–4","3-0",3,3,3,3,"3-26","3-23","3–22","3-13",3,3,3,3,NA,"2-18","2–19","2-17",NA,NA,NA,NA,1,2,3,4,NA,NA,NA,NA,1,1,1,1,0,"CXSP1123",3172,1123,NA,"Point",2231.782,-16.903,0.0481461370617973,1,1,1,1,"CXSP_1123_198","CXSP_1125_199",1.38442738666541,"CXSP_1125_199",1.38442738666541,"CXSP_1126_200",1.38442738666541,"CXSP_1127_201",0.771128223224123,NA,41.64112894,-111.4921323,41.64111876,-111.4921419,NA,-144.724571082459,41.64111876,-111.4921419,NA,-144.724571082459,41.64111876,-111.4921419,NA,-144.724571082459,41.6411311,-111.4921235,NA,71.8811662468935,17,17,17,17,3,5,0,3
"199","CXSP",1125,"ABLA",1.3,9,3.7,1,"0",1,1,1,1,"BO","BO","BO","BO",0,2,0,2,"0","0","0","0",1,2,0,1,"0","0","0",NA,0,0,0,0,"0","0","0",NA,0,0,0,0,"0","0","0",NA,0,2,0,1,"0","0","0",NA,2,1,0,1,"0","0","0",NA,0,0,0,0,"0","0","0",NA,"1DB","1DB","1DB","1DB",1,2,3,4,NA,NA,NA,NA,1,1,0,1,0,"CXSP1125",NA,1125,NA,NA,2234.51,-16.903,0.0493490229000229,1,1,0,1,"CXSP_1125_199","CXSP_1121_196",0.516632016645986,"CXSP_1121_196",0.516632016645986,"CXSP_1122_197",0.986261382659511,"CXSP_1121_196",0.516632016645986,NA,41.64111876,-111.4921419,41.64111421,-111.4921406,NA,167.903140187011,41.64111421,-111.4921406,NA,167.903140187011,41.64111951,-111.4921537,NA,-85.1568586723658,41.64111421,-111.4921406,NA,167.903140187011,3,5,0,3,1,2,0,2
"200","CXSP",1126,"ABLA",2.6,16.2,3.7,0,"0",1,1,1,1,"BO","BO","BO","BO",0,2,0,1,"0","0","0","0",0,2,0,0,NA,"0","0",NA,0,1,2,1,"0","0","0",NA,0,0,0,1,"0","0","0",NA,1,2,0,1,"0","0","0",NA,0,1,0,1,"0","0","0",NA,0,0,0,0,"0","0","0",NA,NA,NA,NA,NA,1,2,3,4,NA,NA,NA,NA,1,1,1,1,0,"CXSP1126",3173,1126,NA,"Point",2234.51,-16.903,0.0493490229000229,1,1,1,1,"CXSP_1126_200","CXSP_1121_196",0.516632016645986,"CXSP_1121_196",0.516632016645986,"CXSP_1122_197",0.986261382659511,"CXSP_1121_196",0.516632016645986,NA,41.64111876,-111.4921419,41.64111421,-111.4921406,NA,167.903140187011,41.64111421,-111.4921406,NA,167.903140187011,41.64111951,-111.4921537,NA,-85.1568586723658,41.64111421,-111.4921406,NA,167.903140187011,1,6,2,4,1,2,0,2
"201","CXSP",1127,"ABLA",2,16.4,0,0,"0",1,1,1,1,"0","0","BO","BO",0,1,0,1,"0","0","0","0",0,0,0,0,"0","0","0",NA,0,0,0,1,"0","0","0",NA,0,0,0,0,"0","0","0",NA,0,0,0,0,"0","0","0",NA,0,0,0,0,"0","0","0",NA,0,0,0,0,"0","0","0",NA,NA,NA,NA,NA,1,2,3,4,NA,NA,NA,NA,0,0,0,1,1,"CXSP1127",3174,1127,NA,"Point",2236.405,-16.903,0.0473815225651467,0,0,0,1,"CXSP_1127_201","CXSP_1123_198",0.771128223224123,"CXSP_1123_198",0.771128223224123,"CXSP_1123_198",0.771128223224123,"CXSP_1123_198",0.771128223224123,NA,41.6411311,-111.4921235,41.64112894,-111.4921323,NA,-108.118827905833,41.64112894,-111.4921323,NA,-108.118827905833,41.64112894,-111.4921323,NA,-108.118827905833,41.64112894,-111.4921323,NA,-108.118827905833,0,0,0,1,17,17,17,17
"202","CXSP",1129,"ABLA",2.5,17.8,2.9,0,"0",1,1,1,1,"0","BO","BO","BO",1,1,0,1,"0","0","0","0",0,0,0,0,"0","0","0",NA,0,1,0,1,"0","0","0",NA,0,0,0,0,"0","0","0",NA,0,0,0,0,"0","0","0",NA,0,0,0,0,"0","0","0",NA,0,0,0,0,"0","0","0",NA,NA,NA,NA,NA,1,2,3,4,NA,NA,NA,NA,0,1,0,1,1,"CXSP1129",3176,1129,NA,"Point",2231.195,-16.903,0.045202202117363,0,1,0,1,"CXSP_1129_202","CXSP_1123_198",3.49582661891974,"CXSP_1123_198",3.49582661891974,"CXSP_1123_198",3.49582661891974,"CXSP_1131_204",0.515828631352769,NA,41.64112534,-111.4920906,41.64112894,-111.4921323,NA,-83.434851988335,41.64112894,-111.4921323,NA,-83.434851988335,41.64112894,-111.4921323,NA,-83.434851988335,41.64112371,-111.4920848,NA,110.538238645895,0,1,0,1,17,17,17,17
"203","CXSP",1130,"ABLA",NA,7.8,0,0,"0",1,1,1,1,"0","0","0","BO",1,1,0,1,"0","0","0","0",0,0,0,0,"0","0","0",NA,0,0,0,1,"0","0","0",NA,0,0,0,0,"0","0","0",NA,0,0,0,1,"0","0","0",NA,0,0,0,0,"0","0","0",NA,0,0,0,0,"0","0","0",NA,NA,NA,NA,NA,1,2,3,4,NA,NA,NA,NA,0,0,0,1,1,"CXSP1130",3177,1130,NA,"Point",2232.084,-16.903,0.0449850400737902,0,0,0,1,"CXSP_1130_203","CXSP_1123_198",3.96841111873744,"CXSP_1129_202",0.548084746413032,"CXSP_1123_198",3.96841111873744,"CXSP_1131_204",0.175397969330095,NA,41.64112222,-111.4920855,41.64112894,-111.4921323,NA,-79.1635824592088,41.64112534,-111.4920906,NA,-50.8013674329461,41.64112894,-111.4921323,NA,-79.1635824592088,41.64112371,-111.4920848,NA,19.4130720839866,0,0,0,2,17,17,17,17
"204","CXSP",1131,"ABLA",1.5,12.1,2.6,0,"0",1,1,1,1,"0","0","0","BO",1,1,1,1,"0","0","0","0",0,0,0,0,"0","0","0",NA,0,0,0,1,"0","0","0",NA,0,0,0,0,"0","0","0",NA,0,0,0,1,"0","0","0",NA,0,0,0,0,"0","0","0",NA,0,0,0,1,"0","0","0",NA,NA,NA,NA,NA,1,2,3,4,NA,NA,NA,NA,0,0,0,1,1,"CXSP1131",3178,1131,NA,"Point",2231.06,-16.903,0.0448567744427698,0,0,0,1,"CXSP_1131_204","CXSP_1123_198",3.99833201742219,"CXSP_1129_202",0.515828631352769,"CXSP_1123_198",3.99833201742219,"CXSP_1130_203",0.175397969330095,NA,41.64112371,-111.4920848,41.64112894,-111.4921323,NA,-81.6496937874521,41.64112534,-111.4920906,NA,-69.4617575002211,41.64112894,-111.4921323,NA,-81.6496937874521,41.64112222,-111.4920855,NA,-160.58692745089,0,0,0,3,17,17,17,17
"205","CXSP",1132,"ABLA",1.4,11.7,0,0,"0",1,1,1,1,"0","0","0","BO",0,1,1,1,"0","0","0","0",0,0,0,0,"0","0","0",NA,0,0,0,1,"0","0","0",NA,0,0,0,0,"0","0","0",NA,0,0,0,0,"0","0","0",NA,0,0,0,1,"0","0","0",NA,0,0,0,0,"0","0","0",NA,NA,NA,NA,NA,1,2,3,4,NA,NA,NA,NA,0,0,0,1,1,"CXSP1132",3179,1132,NA,"Point",2233.216,-16.903,0.046453494507325,0,0,0,1,"CXSP_1132_205","CXSP_1123_198",2.52088048424538,"CXSP_1129_202",1.253653605892,"CXSP_1123_198",2.52088048424538,"CXSP_1129_202",1.253653605892,NA,41.6411205,-111.4921042,41.64112894,-111.4921323,NA,-68.1786866834516,41.64112534,-111.4920906,NA,64.6191689875057,41.64112894,-111.4921323,NA,-68.1786866834516,41.64112534,-111.4920906,NA,64.6191689875057,0,0,0,2,17,17,17,17
"206","CXSP",1133,"ABLA",1.1,8.8,1,0,"0",1,1,1,1,"0","0","0","BO",1,0,1,1,"0","0","0","0",0,0,0,0,"0","0","0",NA,0,0,0,0,"0","0","0",NA,0,0,0,0,"0","0","0",NA,0,0,0,1,"0","0","0",NA,0,0,0,1,"0","0","0",NA,0,0,0,0,"0","0","0",NA,NA,NA,NA,NA,1,2,3,4,NA,NA,NA,NA,0,0,0,1,1,"CXSP1133",3180,1133,NA,"Point",2234.817,-16.903,0.0453728348936466,0,0,0,1,"CXSP_1133_206","CXSP_1123_198",3.96393238419109,"CXSP_1129_202",0.932925090704392,"CXSP_1123_198",3.96393238419109,"CXSP_1130_203",0.565365569839168,NA,41.64111731,-111.4920873,41.64112894,-111.4921323,NA,-70.9895715932927,41.64112534,-111.4920906,NA,-17.1331876480626,41.64112894,-111.4921323,NA,-70.9895715932927,41.64112222,-111.4920855,NA,15.3761607200862,0,0,0,2,17,17,17,17
"207","CXSP",1134,"ABLA",2,16.2,0,0,"0",1,1,1,1,"0","0","0","BO",1,1,1,1,"0","0","0","0",0,0,0,0,"0","0","0",NA,0,0,0,0,"0","0","0",NA,0,0,0,0,"0","0","0",NA,0,0,0,1,"0","0","0",NA,0,0,0,1,"0","0","0",NA,0,0,0,0,"0","0","0",NA,NA,NA,NA,NA,1,2,3,4,NA,NA,NA,NA,0,0,0,1,1,"CXSP1134",3181,1134,NA,"Point",2229.553,-16.903,0.0387431856992936,0,0,0,1,"CXSP_1134_207","CXSP_1091_173",3.49716902829331,"CXSP_1008_209",3.39818094859642,"CXSP_1091_173",3.49716902829331,"CXSP_1135_208",0.424860925481613,NA,41.64114233,-111.4920147,41.64113488,-111.4919739,NA,103.680884110126,41.64111223,-111.4920221,NA,-169.551004669903,41.64113488,-111.4919739,NA,103.680884110126,41.64114224,-111.4920198,NA,-91.347644691358,0,0,0,2,14,14,14,14
"208","CXSP",1135,"ABLA",1.6,11.6,0,0,"0",1,1,1,1,"0","0","0","BO",1,1,1,1,"0","0","0","0",0,0,0,0,"0","0","0",NA,0,0,0,1,"0","0","0",NA,0,0,0,0,"0","0","0",NA,0,0,0,0,"0","0","0",NA,0,0,0,0,"0","0","0",NA,0,0,0,0,"0","0","0",NA,NA,NA,NA,NA,1,2,3,4,NA,NA,NA,NA,0,0,0,1,1,"CXSP1135",3182,1135,NA,"Point",2229.183,-16.903,0.0391199918677487,0,0,0,1,"CXSP_1135_208","CXSP_1091_173",3.90905105083498,"CXSP_1008_209",3.33733759397376,"CXSP_1091_173",3.90905105083498,"CXSP_1134_207",0.424860925481613,NA,41.64114224,-111.4920198,41.64113488,-111.4919739,NA,102.06593455424,41.64111223,-111.4920221,NA,-176.709622382603,41.64113488,-111.4919739,NA,102.06593455424,41.64114233,-111.4920147,NA,88.6523519198806,0,0,0,1,14,14,14,14
"209","CXSP",1008,"ABLA",NA,3.2,0,0,"0",1,1,1,1,"0","BO","BO","BO",0,0,0,0,"0","0","0","0",0,1,0,0,"0","0","0",NA,0,0,0,0,"0","0","0",NA,0,0,0,0,"0","0","0",NA,0,0,0,1,"0","0","0",NA,0,0,0,0,"0","0","0",NA,0,0,0,0,"0","0","0",NA,NA,NA,NA,NA,1,2,3,4,NA,NA,NA,NA,0,1,0,1,1,"CXSP1008",3446,1008,NA,"Point",2231.604,-16.903,0.0409778717830405,0,1,0,1,"CXSP_1008_209","CXSP_1137_211",3.62486389617449,"CXSP_1137_211",3.62486389617449,"CXSP_1137_211",3.62486389617449,"CXSP_1135_208",3.33733759397376,NA,41.64111223,-111.4920221,41.64109166,-111.4919883,NA,129.052213577651,41.64109166,-111.4919883,NA,129.052213577651,41.64109166,-111.4919883,NA,129.052213577651,41.64114224,-111.4920198,NA,3.29037608913289,0,1,0,1,9,9,8,9
"210","CXSP",1136,"ABLA",NA,2.4,0,1,"0",1,1,1,1,"0","0","0","0",0,0,1,0,"0","0","0","0",0,0,0,0,"0","0","0",NA,0,0,0,0,"0","0","0",NA,0,0,0,0,"0","0","0",NA,0,0,0,0,"0","0","0",NA,0,0,0,0,"0","0","0",NA,0,0,0,0,"0","0","0",NA,"1DB","1DB","1DB","1DB",1,2,3,4,NA,NA,NA,NA,0,0,0,0,0,"CXSP1136",3183,1136,NA,"Point",2232.385,-16.903,0.0420859496993349,0,0,0,0,"CXSP_1136_210","CXSP_1137_211",3.01731561118915,"CXSP_1008_209",1.77678579360379,"CXSP_1137_211",3.01731561118915,"CXSP_1008_209",1.77678579360379,NA,41.64109629,-111.492024,41.64109166,-111.4919883,NA,99.8089722013076,41.64111223,-111.4920221,NA,5.10944354389425,41.64109166,-111.4919883,NA,99.8089722013076,41.64111223,-111.4920221,NA,5.10944354389425,0,0,0,0,9,9,8,9
"211","CXSP",1137,"ABLA",2.7,15,0,1,"0",1,1,1,1,"BO","BO","BO","BO",0,1,1,1,"0","0","0","0",2,2,2,2,"4-4","4-2","4–3","4-1",2,2,2,2,"1-0","1-0","1–0","1-1",0,0,0,0,"0","0","0",NA,2,2,2,2,"3-7","3-8","3–7","3-8",2,2,2,2,"4-0","4-0","4–0","4-0",1,1,0,1,"0","0","0",NA,NA,NA,NA,NA,1,2,3,4,NA,NA,NA,NA,1,1,1,1,0,"CXSP1137",3184,1137,NA,"Point",2236.016,-16.903,0.039983382347765,1,1,1,1,"CXSP_1137_211","CXSP_1141_214",4.57282386494018,"CXSP_1008_209",3.62486389617449,"CXSP_1091_173",4.946062389294,"CXSP_1146_219",2.37129073972175,NA,41.64109166,-111.4919883,41.64108909,-111.4919335,NA,93.5774114536671,41.64111223,-111.4920221,NA,-50.9477639635168,41.64113488,-111.4919739,NA,14.032414183593,41.64109844,-111.4919613,NA,71.4917764718425,9,9,8,9,3,2,0,4
"212","CXSP",1139,"ABLA",1.5,8.6,0,2,"0",1,1,1,1,"0","0","BO","0",1,1,1,1,"0","0","0","0",0,0,0,0,"0","0","0",NA,0,0,0,0,"0","0","0",NA,0,0,0,0,"0","0","0",NA,0,0,0,0,"0","0","0",NA,0,0,0,0,"0","0","0",NA,0,0,0,0,"0","0","0",NA,"1DB","1DB","1DB","1DB",1,2,3,4,NA,NA,NA,NA,0,0,0,0,0,"CXSP1139",3186,1139,NA,"Point",2234.396,-16.903,0.0373148779075315,0,0,0,0,"CXSP_1139_212","CXSP_1141_214",2.68936853046676,"CXSP_1084_166",2.56245678948805,"CXSP_1137_211",2.7072507566101,"CXSP_1146_219",0.550400283757467,NA,41.64110325,-111.4919597,41.64108909,-111.4919335,NA,125.772040511188,41.64111841,-111.4919365,NA,48.9406001436752,41.64109166,-111.4919883,NA,-118.37921320184,41.64109844,-111.4919613,NA,-165.989373809766,0,0,0,0,3,2,0,4
"213","CXSP",1140,"ABLA",1.8,15,0,1,"0",1,1,1,1,"0","0","0","0",1,1,1,1,"0","0","0","0",0,0,0,0,"0","0","0",NA,0,0,0,0,"0","0","0",NA,0,0,0,0,"0","0","0",NA,0,0,0,0,"0","0","0",NA,0,0,0,1,"0","0","0",NA,0,0,0,0,"0","0","0",NA,NA,NA,NA,NA,1,2,3,4,NA,NA,NA,NA,0,0,0,1,1,"CXSP1140",3187,1140,NA,"Point",2234.757,-16.903,0.0365311567350272,0,0,0,1,"CXSP_1140_213","CXSP_1141_214",2.37033340240905,"CXSP_1084_166",1.80734025699333,"CXSP_1137_211",3.51797602954646,"CXSP_1147_220",1.11575398653801,NA,41.6411061,-111.4919507,41.64108909,-111.4919335,NA,142.819187133944,41.64111841,-111.4919365,NA,40.8698046684161,41.64109166,-111.4919883,NA,-117.110840745404,41.64109636,-111.4919474,NA,165.740058007078,0,0,0,1,3,2,0,4
"214","CXSP",1141,"ABLA",2.9,19.4,1.9,0,"0",1,1,1,1,"BR, BO","BR, BO","BR, BO","BR, BO",0,0,1,1,"0","0","0","0",0,0,0,0,"0","0","0",NA,1,1,0,2,"0","0","0",NA,0,0,0,0,"0","0","0",NA,1,0,0,1,"0","0","0",NA,1,1,0,1,"0","0","0",NA,0,0,0,0,"0","0","0",NA,NA,NA,NA,NA,1,2,3,4,NA,NA,NA,NA,1,1,0,1,0,"CXSP1141",3188,1141,NA,"Point",2229.777,-16.903,0.0366610444451778,1,1,0,1,"CXSP_1141_214","CXSP_1082_164",4.22947974547257,"CXSP_1084_166",3.26480344690892,"CXSP_1137_211",4.57282386494018,"CXSP_1142_215",0.235189815975065,NA,41.64108909,-111.4919335,41.6411225,-111.4919091,NA,28.7156115433093,41.64111841,-111.4919365,NA,-4.38902745914811,41.64109166,-111.4919883,NA,-86.422552133797,41.64109116,-111.4919329,NA,12.2669086501503,3,2,0,4,1,2,0,3
"215","CXSP",1142,"ABLA",1.2,8.9,0,0,"0",1,1,1,1,"0","0","0","BO",1,0,1,1,"0","0","0","0",0,0,0,1,"0","0","0",NA,0,0,0,1,"0","0","0",NA,0,0,0,1,"0","0","0",NA,0,0,0,0,"0","0","0",NA,0,0,0,1,"0","0","0",NA,0,0,0,0,"0","0","0",NA,NA,NA,NA,NA,1,2,3,4,NA,NA,NA,NA,0,0,0,1,1,"CXSP1142",3189,1142,NA,"Point",2233.423,-16.903,0.0364700676607548,0,0,0,1,"CXSP_1142_215","CXSP_1141_214",0.235189815975065,"CXSP_1141_214",0.235189815975065,"CXSP_1137_211",4.61421690996244,"CXSP_1141_214",0.235189815975065,NA,41.64109116,-111.4919329,41.64108909,-111.4919335,NA,-167.733090951172,41.64108909,-111.4919335,NA,-167.733090951172,41.64109166,-111.4919883,NA,-89.3106586893916,41.64108909,-111.4919335,NA,-167.733090951172,0,0,0,4,3,2,0,4
"216","CXSP",1143,"ABLA",1.3,10.2,0,0,"0",1,1,1,1,"0","0","0","BO",1,1,1,1,"0","0","0","0",0,0,0,0,"0","0","0",NA,0,0,0,1,"0","0","0",NA,0,0,0,0,"0","0","0",NA,0,0,0,0,"0","0","0",NA,0,0,0,1,"0","0","0",NA,0,0,0,1,"0","0","0",NA,NA,NA,NA,NA,1,2,3,4,NA,NA,NA,NA,0,0,0,1,1,"CXSP1143",3190,1143,NA,"Point",2232.385,-16.903,0.0361763561831217,0,0,0,1,"CXSP_1143_216","CXSP_1141_214",0.500233863624188,"CXSP_1141_214",0.500233863624188,"CXSP_1137_211",5.00556281309202,"CXSP_1144_217",0.129154555178292,NA,41.64109121,-111.4919282,41.64108909,-111.4919335,NA,-118.068215038557,41.64108909,-111.4919335,NA,-118.068215038557,41.64109166,-111.4919883,NA,-89.4280972088074,41.64109039,-111.4919271,NA,134.820706295363,0,0,0,3,3,2,0,4
"217","CXSP",1144,"ABLA",1.7,10.9,0,3,"0",1,1,1,1,"0","0","0","BO",1,0,1,1,"0","0","0","0",0,0,0,0,"0","0","0",NA,0,0,0,1,"0","0","0",NA,0,0,0,1,"0","0","0",NA,0,0,0,1,"0","0","0",NA,0,0,0,1,"0","0","0",NA,0,0,0,0,"0","0","0",NA,NA,NA,NA,NA,1,2,3,4,NA,NA,NA,NA,0,0,0,1,1,"CXSP1144",3191,1144,NA,"Point",2232.206,-16.903,0.0361702525136849,0,0,0,1,"CXSP_1144_217","CXSP_1141_214",0.552207484783514,"CXSP_1141_214",0.552207484783514,"CXSP_1137_211",5.09887484373405,"CXSP_1143_216",0.129154555178292,NA,41.64109039,-111.4919271,41.64108909,-111.4919335,NA,-105.151471185779,41.64108909,-111.4919335,NA,-105.151471185779,41.64109166,-111.4919883,NA,-88.415360278118,41.64109121,-111.4919282,NA,-45.1792929737282,0,0,0,4,3,2,0,4
"218","CXSP",1145,"ABLA",1.2,9.7,0,0,"0",1,1,1,1,"0","0","0","BO",1,0,1,1,"0","0","0","0",0,0,0,0,"0","0","0",NA,0,0,0,1,"0","0","0",NA,0,0,0,0,"0","0","0",NA,0,0,0,0,"0","0","0",NA,0,0,0,1,"0","0","0",NA,0,0,0,0,"0","0","0",NA,NA,NA,NA,NA,1,2,3,4,NA,NA,NA,NA,0,0,0,1,1,"CXSP1145",3192,1145,NA,"Point",2232.596,-16.903,0.036713298784933,0,0,0,1,"CXSP_1145_218","CXSP_1141_214",0.405681888885858,"CXSP_1141_214",0.405681888885858,"CXSP_1137_211",4.83665979602093,"CXSP_1141_214",0.405681888885858,NA,41.6410861,-111.4919307,41.64108909,-111.4919335,NA,-35.0867835473733,41.64108909,-111.4919335,NA,-35.0867835473733,41.64109166,-111.4919883,NA,-82.6674208476453,41.64108909,-111.4919335,NA,-35.0867835473733,0,0,0,2,3,2,0,4
"219","CXSP",1146,"ABLA",1.6,9.2,0,0,"0",1,1,1,1,"0","0","0","BO",0,0,1,1,"0","0","0","0",0,0,0,0,"0","0","0",NA,0,0,0,1,"0","0","0",NA,0,0,0,0,"0","0","0",NA,0,0,0,1,"0","0","0",NA,0,0,0,2,"0","0","0",NA,0,0,0,1,"0","0","0",NA,NA,NA,NA,NA,1,2,3,4,NA,NA,NA,NA,0,0,0,1,1,"CXSP1146",3193,1146,NA,"Point",2230.591,-16.903,0.0377506482632896,0,0,0,1,"CXSP_1146_219","CXSP_1137_211",2.37129073972175,"CXSP_1137_211",2.37129073972175,"CXSP_1137_211",2.37129073972175,"CXSP_1147_220",1.18044360897718,NA,41.64109844,-111.4919613,41.64109166,-111.4919883,NA,-108.508205587673,41.64109166,-111.4919883,NA,-108.508205587673,41.64109166,-111.4919883,NA,-108.508205587673,41.64109636,-111.4919474,NA,101.281530518939,0,0,0,5,9,9,8,9
"220","CXSP",1147,"ABLA",NA,6,0,9,"0",1,1,1,1,"0","0","0","BO",0,0,1,1,"0","0","0","0",0,0,0,1,"0","0","0",NA,0,0,0,0,"0","0","0",NA,0,0,0,0,"0","0","0",NA,0,0,0,1,"0","0","0",NA,0,0,0,2,"0","0","0",NA,0,0,0,0,"0","0","0",NA,"3DB","3DB","3DB","3DB",1,2,3,4,NA,NA,NA,NA,0,0,0,1,1,"CXSP1147",3194,1147,NA,"Point",2231.02,-16.903,0.037002360352351,0,0,0,1,"CXSP_1147_220","CXSP_1141_214",1.41124161827729,"CXSP_1141_214",1.41124161827729,"CXSP_1137_211",3.44601508116779,"CXSP_1140_213",1.11575398653801,NA,41.64109636,-111.4919474,41.64108909,-111.4919335,NA,124.885629564367,41.64108909,-111.4919335,NA,124.885629564367,41.64109166,-111.4919883,NA,-98.7095170551004,41.6411061,-111.4919507,NA,-14.2599398001961,0,0,0,4,3,2,0,4
"221","CXSP",1149,"ABLA",NA,2.2,0,0,"0",1,1,1,1,"0","0","0","0",0,0,0,0,"0","0","0","0",0,0,0,0,"0","0","0",NA,0,0,0,0,"0","0","0",NA,0,0,0,0,"0","0","0",NA,0,0,0,0,"0","0","0",NA,0,0,0,0,"0","0","0",NA,0,0,0,0,"0","0","0",NA,NA,NA,NA,NA,1,2,3,4,NA,NA,NA,NA,0,0,0,0,0,"CXSP1149",3196,1149,NA,"Point",2234.464,-16.903,0.0319550080351538,0,0,0,0,"CXSP_1149_221","CXSP_1082_164",6.1263344433061,"CXSP_1082_164",6.1263344433061,"CXSP_1088_170",9.3112274913401,"CXSP_1082_164",6.1263344433061,NA,41.64108856,-111.4918511,41.6411225,-111.4919091,NA,-52.0425425617526,41.6411225,-111.4919091,NA,-52.0425425617526,41.64113922,-111.4919402,NA,-52.8391627816556,41.6411225,-111.4919091,NA,-52.0425425617526,0,0,0,0,1,2,0,3
"222","CXSP",831,"ABLA",26.1,98.8,10.2,1,"0",1,1,1,1,"0","0","BO","BO",2,2,2,2,"0","0","0","0",0,0,2,2,"0","0","0",NA,0,0,2,2,"0","0","0",NA,0,0,0,2,"0","0","0",NA,0,0,2,2,"0","0","0",NA,0,0,2,2,"0","0","0",NA,0,0,0,0,"0","0","0",NA,"1DB","1DB","1DB/ woolies likely missed last time/ after 1075","1DB/ woolies likely missed last time/ after 1075",1,2,3,4,NA,NA,NA,NA,0,0,1,1,1,"CXSP831",5341,831,NA,"Point",2233.066,-16.903,0.0162075510642138,0,0,1,1,"CXSP_831_222","CXSP_1071_153",0.811544391432807,"CXSP_1071_153",0.811544391432807,"CXSP_1071_153",0.811544391432807,"CXSP_1071_153",0.811544391432807,NA,41.6412772286667,-111.4917960475,41.64128203,-111.4917887,NA,48.9398089687859,41.64128203,-111.4917887,NA,48.9398089687859,41.64128203,-111.4917887,NA,48.9398089687859,41.64128203,-111.4917887,NA,48.9398089687859,0,0,8,10,6,7,4,10
"223","CXSP",1128,"ABLA",4.6,31.6,0,0,"0",NA,NA,1,1,NA,NA,"BO","BO",NA,NA,0,1,NA,NA,"0","0",NA,NA,0,0,NA,NA,"0",NA,NA,NA,0,0,NA,NA,"0",NA,NA,NA,0,0,NA,NA,"0",NA,NA,NA,0,0,NA,NA,"0",NA,NA,NA,0,1,NA,NA,"0",NA,NA,NA,0,0,NA,NA,"0",NA,NA,NA,NA,NA,NA,NA,3,4,NA,NA,NA,NA,NA,NA,0,1,NA,"CXSP1128",3175,1128,NA,"Point",2232.644,-16.903,0.0449286143075866,NA,NA,0,1,"CXSP_1128_223","CXSP_1123_198",3.23471270557979,"CXSP_1129_202",1.56653927611406,"CXSP_1123_198",3.23471270557979,"CXSP_1129_202",1.56653927611406,NA,41.6411389,-111.4920958,41.64112894,-111.4921323,NA,-109.989885292613,41.64112534,-111.4920906,NA,163.951478881261,41.64112894,-111.4921323,NA,-109.989885292613,41.64112534,-111.4920906,NA,163.951478881261,NA,NA,0,1,17,17,17,17
"224","CXSP",1128,"ABLA",4.6,31.6,0,0,"0",NA,NA,1,1,NA,NA,"BO","BO",NA,NA,0,1,NA,NA,"0","0",NA,NA,0,0,NA,NA,"0",NA,NA,NA,0,0,NA,NA,"0",NA,NA,NA,0,0,NA,NA,"0",NA,NA,NA,0,0,NA,NA,"0",NA,NA,NA,0,1,NA,NA,"0",NA,NA,NA,0,0,NA,NA,"0",NA,NA,NA,NA,NA,NA,NA,3,4,NA,NA,NA,NA,NA,NA,0,1,NA,"CXSP1128",5339,1128,NA,"Point",2232.508,-16.903,0.0430158791877863,NA,NA,0,1,"CXSP_1128_224","CXSP_1123_198",5.16157103034985,"CXSP_1129_202",2.54624440119226,"CXSP_1123_198",5.16157103034985,"CXSP_1128_223",1.92702156510826,NA,41.6411445645,-111.492073928667,41.64112894,-111.4921323,NA,-109.638166738873,41.64112534,-111.4920906,NA,-146.955577190143,41.64112894,-111.4921323,NA,-109.638166738873,41.6411389,-111.4920958,NA,-109.047787020158,NA,NA,0,1,17,17,17,17
