source,Site ID_Visit1,Tag #_Visit1,Species_Visit1,DBH_Visit1,Height_Visit1,Canopy Height_Visit1,Dead / Alive_Visit1,Inf Location_Visit1,Gouting_Visit1,Broom (#)_Visit1,Beetle_Visit1,Rot_Visit1,NL_Visit1,NLW_Visit1,NM_Visit1,NMW_Visit1,NH_Visit1,NHW_Visit1,SL_Visit1,SLW_Visit1,SM_Visit1,SMW_Visit1,SH_Visit1,SHW_Visit1,Notes_Visit1,Visit_Visit1,tag_ID,Latitude.focal,Longitude.focal,Site ID_Visit2,Tag #_Visit2,Species_Visit2,DBH_Visit2,Height_Visit2,Canopy Height_Visit2,Dead / Alive_Visit2,Inf Location_Visit2,Gouting_Visit2,Broom (#)_Visit2,Beetle_Visit2,Rot_Visit2,NL_Visit2,NLW_Visit2,NM_Visit2,NMW_Visit2,NH_Visit2,NHW_Visit2,SL_Visit2,SLW_Visit2,SM_Visit2,SMW_Visit2,SH_Visit2,SHW_Visit2,Notes_Visit2,Visit_Visit2,ChangeInVariable,Number,Tag #,Description,GeometryType,Elevation,GeoidOffset,distance,unique_ID,TARGET,DISTANCE,TARGET2,DISTANCE2,geometry.x,Latitude.target,Longitude.target,geometry.y,bearings1,Latitude.target2,Longitude.target2,geometry,bearings2,infestation_sum_Visit1_focal,infestation_sum_Visit2_focal,inf_sum_Visit1_target,inf_sum_Visit2_target
1,EMIG,4,psmeg,15.3,70.8,5.3,1,0,NA,3,-,-,NA,-,NA,-,NA,-,NA,-,NA,-,NA,-,NA,1,PSMEG4,42.37387184,-111.5535297,NA,NA,NA,NA,NA,NA,NA,NA,NA,NA,NA,NA,NA,NA,NA,NA,NA,NA,NA,NA,NA,NA,NA,NA,NA,NA,NA,NA,NA,NA,NA,NA,NA,NA,NA,NA,NA,NA,NA,NA,NA,NA,NA,NA,NA,NA,NA,NA,0,NA,NA,NA
1,EMIG,8,psmeg,10.6,50.5,13.6,1,0,NA,0,-,-,NA,-,NA,-,NA,-,NA,-,NA,-,NA,-,NA,1,PSMEG8,42.37408423,-111.5534564,NA,NA,NA,NA,NA,NA,NA,NA,NA,NA,NA,NA,NA,NA,NA,NA,NA,NA,NA,NA,NA,NA,NA,NA,NA,NA,NA,NA,NA,NA,NA,NA,NA,NA,NA,NA,NA,NA,NA,NA,NA,NA,NA,NA,NA,NA,NA,NA,0,NA,NA,NA
1,EMIG,5,psmeg,17.4,80.9,0,1,0,NA,0,-,-,NA,-,NA,-,NA,-,NA,-,NA,-,NA,-,10 DB,1,PSMEG5,42.37406686,-111.5537048,NA,NA,NA,NA,NA,NA,NA,NA,NA,NA,NA,NA,NA,NA,NA,NA,NA,NA,NA,NA,NA,NA,NA,NA,NA,NA,NA,NA,NA,NA,NA,NA,NA,NA,NA,NA,NA,NA,NA,NA,NA,NA,NA,NA,NA,NA,NA,NA,0,NA,NA,NA
1,EMIG,1,pico,4.1,25.3,0.4,1,0,NA,0,NA,NA,NA,NA,NA,NA,NA,NA,NA,NA,NA,NA,NA,NA,NA,1,PICO1,42.37421403,-111.5532909,NA,NA,NA,NA,NA,NA,NA,NA,NA,NA,NA,NA,NA,NA,NA,NA,NA,NA,NA,NA,NA,NA,NA,NA,NA,NA,NA,NA,NA,NA,NA,NA,NA,NA,NA,NA,NA,NA,NA,NA,NA,NA,NA,NA,NA,NA,NA,NA,0,NA,NA,NA
1,EMIG,2,pico,5.9,28.1,2.7,1,0,NA,0,NA,NA,NA,NA,NA,NA,NA,NA,NA,NA,NA,NA,NA,NA,NA,1,PICO2,42.374214,-111.5533051,NA,NA,NA,NA,NA,NA,NA,NA,NA,NA,NA,NA,NA,NA,NA,NA,NA,NA,NA,NA,NA,NA,NA,NA,NA,NA,NA,NA,NA,NA,NA,NA,NA,NA,NA,NA,NA,NA,NA,NA,NA,NA,NA,NA,NA,NA,NA,NA,0,NA,NA,NA
1,EMIG,3,pico,3.2,19.9,4.6,1,0,NA,0,NA,NA,NA,NA,NA,NA,NA,NA,NA,NA,NA,NA,NA,NA,NA,1,PICO3,42.37421649,-111.5533233,NA,NA,NA,NA,NA,NA,NA,NA,NA,NA,NA,NA,NA,NA,NA,NA,NA,NA,NA,NA,NA,NA,NA,NA,NA,NA,NA,NA,NA,NA,NA,NA,NA,NA,NA,NA,NA,NA,NA,NA,NA,NA,NA,NA,NA,NA,NA,NA,0,NA,NA,NA
1,EMIG,4,pico,5.1,25.1,4.5,1,0,NA,0,NA,NA,NA,NA,NA,NA,NA,NA,NA,NA,NA,NA,NA,NA,NA,1,PICO4,42.37422078,-111.5533263,NA,NA,NA,NA,NA,NA,NA,NA,NA,NA,NA,NA,NA,NA,NA,NA,NA,NA,NA,NA,NA,NA,NA,NA,NA,NA,NA,NA,NA,NA,NA,NA,NA,NA,NA,NA,NA,NA,NA,NA,NA,NA,NA,NA,NA,NA,NA,NA,0,NA,NA,NA
1,EMIG,5,pico,3.1,23.5,7.6,1,0,NA,0,NA,NA,NA,NA,NA,NA,NA,NA,NA,NA,NA,NA,NA,NA,NA,1,PICO5,42.37421552,-111.5533355,NA,NA,NA,NA,NA,NA,NA,NA,NA,NA,NA,NA,NA,NA,NA,NA,NA,NA,NA,NA,NA,NA,NA,NA,NA,NA,NA,NA,NA,NA,NA,NA,NA,NA,NA,NA,NA,NA,NA,NA,NA,NA,NA,NA,NA,NA,NA,NA,0,NA,NA,NA
1,EMIG,6,pico,2.2,14.7,2.8,1,0,NA,0,NA,NA,NA,NA,NA,NA,NA,NA,NA,NA,NA,NA,NA,NA,NA,1,PICO6,42.37421077,-111.5533347,NA,NA,NA,NA,NA,NA,NA,NA,NA,NA,NA,NA,NA,NA,NA,NA,NA,NA,NA,NA,NA,NA,NA,NA,NA,NA,NA,NA,NA,NA,NA,NA,NA,NA,NA,NA,NA,NA,NA,NA,NA,NA,NA,NA,NA,NA,NA,NA,0,NA,NA,NA
1,EMIG,7,pico,1.6,NA,NA,1,0,NA,0,NA,NA,NA,NA,NA,NA,NA,NA,NA,NA,NA,NA,NA,NA,NA,1,PICO7,42.37413993,-111.5533617,NA,NA,NA,NA,NA,NA,NA,NA,NA,NA,NA,NA,NA,NA,NA,NA,NA,NA,NA,NA,NA,NA,NA,NA,NA,NA,NA,NA,NA,NA,NA,NA,NA,NA,NA,NA,NA,NA,NA,NA,NA,NA,NA,NA,NA,NA,NA,NA,0,NA,NA,NA
1,EMIG,8,pico,15.9,106.4,49.6,1,0,NA,0,NA,NA,NA,NA,NA,NA,NA,NA,NA,NA,NA,NA,NA,NA,NA,1,PICO8,42.37410671,-111.5533189,NA,NA,NA,NA,NA,NA,NA,NA,NA,NA,NA,NA,NA,NA,NA,NA,NA,NA,NA,NA,NA,NA,NA,NA,NA,NA,NA,NA,NA,NA,NA,NA,NA,NA,NA,NA,NA,NA,NA,NA,NA,NA,NA,NA,NA,NA,NA,NA,0,NA,NA,NA
1,EMIG,9,pico,1,NA,NA,1,0,NA,0,NA,NA,NA,NA,NA,NA,NA,NA,NA,NA,NA,NA,NA,NA,NA,1,PICO9,42.37409463,-111.5533315,NA,NA,NA,NA,NA,NA,NA,NA,NA,NA,NA,NA,NA,NA,NA,NA,NA,NA,NA,NA,NA,NA,NA,NA,NA,NA,NA,NA,NA,NA,NA,NA,NA,NA,NA,NA,NA,NA,NA,NA,NA,NA,NA,NA,NA,NA,NA,NA,0,NA,NA,NA
1,EMIG,10,pico,1.2,NA,NA,1,0,NA,0,NA,NA,NA,NA,NA,NA,NA,NA,NA,NA,NA,NA,NA,NA,NA,1,PICO10,42.37409277,-111.5533108,NA,NA,NA,NA,NA,NA,NA,NA,NA,NA,NA,NA,NA,NA,NA,NA,NA,NA,NA,NA,NA,NA,NA,NA,NA,NA,NA,NA,NA,NA,NA,NA,NA,NA,NA,NA,NA,NA,NA,NA,NA,NA,NA,NA,NA,NA,NA,NA,0,NA,NA,NA
1,EMIG,1,potr,3.2,14.5,10.1,1,0,NA,0,NA,NA,NA,NA,NA,NA,NA,NA,NA,NA,NA,NA,NA,NA,NA,1,POTR1,42.37410732,-111.5533296,NA,NA,NA,NA,NA,NA,NA,NA,NA,NA,NA,NA,NA,NA,NA,NA,NA,NA,NA,NA,NA,NA,NA,NA,NA,NA,NA,NA,NA,NA,NA,NA,NA,NA,NA,NA,NA,NA,NA,NA,NA,NA,NA,NA,NA,NA,NA,NA,0,NA,NA,NA
1,EMIG,11,pico,3.4,30.7,7.4,1,0,NA,0,NA,NA,NA,NA,NA,NA,NA,NA,NA,NA,NA,NA,NA,NA,NA,1,PICO11,42.374104,-111.5533434,NA,NA,NA,NA,NA,NA,NA,NA,NA,NA,NA,NA,NA,NA,NA,NA,NA,NA,NA,NA,NA,NA,NA,NA,NA,NA,NA,NA,NA,NA,NA,NA,NA,NA,NA,NA,NA,NA,NA,NA,NA,NA,NA,NA,NA,NA,NA,NA,0,NA,NA,NA
1,EMIG,2,potr,2.8,20.7,9.3,1,0,NA,0,NA,NA,NA,NA,NA,NA,NA,NA,NA,NA,NA,NA,NA,NA,NA,1,POTR2,42.37403489,-111.5533573,NA,NA,NA,NA,NA,NA,NA,NA,NA,NA,NA,NA,NA,NA,NA,NA,NA,NA,NA,NA,NA,NA,NA,NA,NA,NA,NA,NA,NA,NA,NA,NA,NA,NA,NA,NA,NA,NA,NA,NA,NA,NA,NA,NA,NA,NA,NA,NA,0,NA,NA,NA
1,EMIG,3,potr,3.2,30.1,14.4,1,0,NA,0,NA,NA,NA,NA,NA,NA,NA,NA,NA,NA,NA,NA,NA,NA,NA,1,POTR3,42.37405225,-111.5533105,NA,NA,NA,NA,NA,NA,NA,NA,NA,NA,NA,NA,NA,NA,NA,NA,NA,NA,NA,NA,NA,NA,NA,NA,NA,NA,NA,NA,NA,NA,NA,NA,NA,NA,NA,NA,NA,NA,NA,NA,NA,NA,NA,NA,NA,NA,NA,NA,0,NA,NA,NA
1,EMIG,4,potr,2.4,25.3,15.8,1,0,NA,0,NA,NA,NA,NA,NA,NA,NA,NA,NA,NA,NA,NA,NA,NA,NA,1,POTR4,42.37406716,-111.5533152,NA,NA,NA,NA,NA,NA,NA,NA,NA,NA,NA,NA,NA,NA,NA,NA,NA,NA,NA,NA,NA,NA,NA,NA,NA,NA,NA,NA,NA,NA,NA,NA,NA,NA,NA,NA,NA,NA,NA,NA,NA,NA,NA,NA,NA,NA,NA,NA,0,NA,NA,NA
1,EMIG,1,psmeg,14.9,86.5,10.8,1,0,NA,0,NA,NA,NA,NA,NA,NA,NA,NA,NA,NA,NA,NA,NA,NA,NA,1,PSMEG1,42.37406919,-111.5532892,NA,NA,NA,NA,NA,NA,NA,NA,NA,NA,NA,NA,NA,NA,NA,NA,NA,NA,NA,NA,NA,NA,NA,NA,NA,NA,NA,NA,NA,NA,NA,NA,NA,NA,NA,NA,NA,NA,NA,NA,NA,NA,NA,NA,NA,NA,NA,NA,0,NA,NA,NA
1,EMIG,12,pico,18.2,95.8,50.4,1,0,NA,0,NA,NA,NA,NA,NA,NA,NA,NA,NA,NA,NA,NA,NA,NA,NA,1,PICO12,42.37408627,-111.553291,NA,NA,NA,NA,NA,NA,NA,NA,NA,NA,NA,NA,NA,NA,NA,NA,NA,NA,NA,NA,NA,NA,NA,NA,NA,NA,NA,NA,NA,NA,NA,NA,NA,NA,NA,NA,NA,NA,NA,NA,NA,NA,NA,NA,NA,NA,NA,NA,0,NA,NA,NA
1,EMIG,13,pico,18.7,93.8,33.9,1,0,NA,0,NA,NA,NA,NA,NA,NA,NA,NA,NA,NA,NA,NA,NA,NA,NA,1,PICO13,42.37406583,-111.5532952,NA,NA,NA,NA,NA,NA,NA,NA,NA,NA,NA,NA,NA,NA,NA,NA,NA,NA,NA,NA,NA,NA,NA,NA,NA,NA,NA,NA,NA,NA,NA,NA,NA,NA,NA,NA,NA,NA,NA,NA,NA,NA,NA,NA,NA,NA,NA,NA,0,NA,NA,NA
1,EMIG,5,potr,2.8,28.9,12.8,1,0,NA,0,NA,NA,NA,NA,NA,NA,NA,NA,NA,NA,NA,NA,NA,NA,NA,1,POTR5,42.37405513,-111.5532695,NA,NA,NA,NA,NA,NA,NA,NA,NA,NA,NA,NA,NA,NA,NA,NA,NA,NA,NA,NA,NA,NA,NA,NA,NA,NA,NA,NA,NA,NA,NA,NA,NA,NA,NA,NA,NA,NA,NA,NA,NA,NA,NA,NA,NA,NA,NA,NA,0,NA,NA,NA
1,EMIG,6,potr,3.6,30.2,19.8,1,0,NA,0,NA,NA,NA,NA,NA,NA,NA,NA,NA,NA,NA,NA,NA,NA,NA,1,POTR6,42.37404703,-111.5532802,NA,NA,NA,NA,NA,NA,NA,NA,NA,NA,NA,NA,NA,NA,NA,NA,NA,NA,NA,NA,NA,NA,NA,NA,NA,NA,NA,NA,NA,NA,NA,NA,NA,NA,NA,NA,NA,NA,NA,NA,NA,NA,NA,NA,NA,NA,NA,NA,0,NA,NA,NA
1,EMIG,7,potr,5.1,33.3,16.7,1,0,NA,0,NA,NA,NA,NA,NA,NA,NA,NA,NA,NA,NA,NA,NA,NA,NA,1,POTR7,42.37404429,-111.5532741,NA,NA,NA,NA,NA,NA,NA,NA,NA,NA,NA,NA,NA,NA,NA,NA,NA,NA,NA,NA,NA,NA,NA,NA,NA,NA,NA,NA,NA,NA,NA,NA,NA,NA,NA,NA,NA,NA,NA,NA,NA,NA,NA,NA,NA,NA,NA,NA,0,NA,NA,NA
1,EMIG,8,potr,2.2,NA,NA,0,0,NA,0,NA,NA,NA,NA,NA,NA,NA,NA,NA,NA,NA,NA,NA,NA,Bent,1,POTR8,42.37406184,-111.5532585,NA,NA,NA,NA,NA,NA,NA,NA,NA,NA,NA,NA,NA,NA,NA,NA,NA,NA,NA,NA,NA,NA,NA,NA,NA,NA,NA,NA,NA,NA,NA,NA,NA,NA,NA,NA,NA,NA,NA,NA,NA,NA,NA,NA,NA,NA,NA,NA,0,NA,NA,NA
1,EMIG,9,potr,3.9,27.2,13.2,1,0,NA,0,NA,NA,NA,NA,NA,NA,NA,NA,NA,NA,NA,NA,NA,NA,NA,1,POTR9,42.37406642,-111.5532271,NA,NA,NA,NA,NA,NA,NA,NA,NA,NA,NA,NA,NA,NA,NA,NA,NA,NA,NA,NA,NA,NA,NA,NA,NA,NA,NA,NA,NA,NA,NA,NA,NA,NA,NA,NA,NA,NA,NA,NA,NA,NA,NA,NA,NA,NA,NA,NA,0,NA,NA,NA
1,EMIG,10,potr,0,NA,NA,1,0,NA,0,NA,NA,NA,NA,NA,NA,NA,NA,NA,NA,NA,NA,NA,NA,7 trees,1,POTR10,42.3740946,-111.5532066,NA,NA,NA,NA,NA,NA,NA,NA,NA,NA,NA,NA,NA,NA,NA,NA,NA,NA,NA,NA,NA,NA,NA,NA,NA,NA,NA,NA,NA,NA,NA,NA,NA,NA,NA,NA,NA,NA,NA,NA,NA,NA,NA,NA,NA,NA,NA,NA,0,NA,NA,NA
1,EMIG,11,potr,4.2,32.8,14.1,1,0,NA,0,NA,NA,NA,NA,NA,NA,NA,NA,NA,NA,NA,NA,NA,NA,NA,1,POTR11,42.37407879,-111.5531749,NA,NA,NA,NA,NA,NA,NA,NA,NA,NA,NA,NA,NA,NA,NA,NA,NA,NA,NA,NA,NA,NA,NA,NA,NA,NA,NA,NA,NA,NA,NA,NA,NA,NA,NA,NA,NA,NA,NA,NA,NA,NA,NA,NA,NA,NA,NA,NA,0,NA,NA,NA
1,EMIG,12,potr,3.6,29.7,13.8,1,0,NA,0,NA,NA,NA,NA,NA,NA,NA,NA,NA,NA,NA,NA,NA,NA,NA,1,POTR12,42.37406442,-111.5531861,NA,NA,NA,NA,NA,NA,NA,NA,NA,NA,NA,NA,NA,NA,NA,NA,NA,NA,NA,NA,NA,NA,NA,NA,NA,NA,NA,NA,NA,NA,NA,NA,NA,NA,NA,NA,NA,NA,NA,NA,NA,NA,NA,NA,NA,NA,NA,NA,0,NA,NA,NA
1,EMIG,13,potr,5.9,40.7,15.7,1,0,NA,0,NA,NA,NA,NA,NA,NA,NA,NA,NA,NA,NA,NA,NA,NA,NA,1,POTR13,42.37407091,-111.5531568,NA,NA,NA,NA,NA,NA,NA,NA,NA,NA,NA,NA,NA,NA,NA,NA,NA,NA,NA,NA,NA,NA,NA,NA,NA,NA,NA,NA,NA,NA,NA,NA,NA,NA,NA,NA,NA,NA,NA,NA,NA,NA,NA,NA,NA,NA,NA,NA,0,NA,NA,NA
1,EMIG,14,potr,3.7,32,13.8,1,0,NA,0,NA,NA,NA,NA,NA,NA,NA,NA,NA,NA,NA,NA,NA,NA,NA,1,POTR14,42.37405991,-111.5531526,NA,NA,NA,NA,NA,NA,NA,NA,NA,NA,NA,NA,NA,NA,NA,NA,NA,NA,NA,NA,NA,NA,NA,NA,NA,NA,NA,NA,NA,NA,NA,NA,NA,NA,NA,NA,NA,NA,NA,NA,NA,NA,NA,NA,NA,NA,NA,NA,0,NA,NA,NA
1,EMIG,15,potr,4.3,33.9,16.8,1,0,NA,0,NA,NA,NA,NA,NA,NA,NA,NA,NA,NA,NA,NA,NA,NA,NA,1,POTR15,42.37403901,-111.5531511,NA,NA,NA,NA,NA,NA,NA,NA,NA,NA,NA,NA,NA,NA,NA,NA,NA,NA,NA,NA,NA,NA,NA,NA,NA,NA,NA,NA,NA,NA,NA,NA,NA,NA,NA,NA,NA,NA,NA,NA,NA,NA,NA,NA,NA,NA,NA,NA,0,NA,NA,NA
1,EMIG,16,potr,2.7,20.5,11.9,1,0,NA,0,NA,NA,NA,NA,NA,NA,NA,NA,NA,NA,NA,NA,NA,NA,NA,1,POTR16,42.37403896,-111.5531662,NA,NA,NA,NA,NA,NA,NA,NA,NA,NA,NA,NA,NA,NA,NA,NA,NA,NA,NA,NA,NA,NA,NA,NA,NA,NA,NA,NA,NA,NA,NA,NA,NA,NA,NA,NA,NA,NA,NA,NA,NA,NA,NA,NA,NA,NA,NA,NA,0,NA,NA,NA
1,EMIG,17,potr,5,27.2,12.3,1,0,NA,0,NA,NA,NA,NA,NA,NA,NA,NA,NA,NA,NA,NA,NA,NA,NA,1,POTR17,42.37404846,-111.5531812,NA,NA,NA,NA,NA,NA,NA,NA,NA,NA,NA,NA,NA,NA,NA,NA,NA,NA,NA,NA,NA,NA,NA,NA,NA,NA,NA,NA,NA,NA,NA,NA,NA,NA,NA,NA,NA,NA,NA,NA,NA,NA,NA,NA,NA,NA,NA,NA,0,NA,NA,NA
1,EMIG,18,potr,2.6,19.9,12.2,1,0,NA,0,NA,NA,NA,NA,NA,NA,NA,NA,NA,NA,NA,NA,NA,NA,NA,1,POTR18,42.37400696,-111.5531925,NA,NA,NA,NA,NA,NA,NA,NA,NA,NA,NA,NA,NA,NA,NA,NA,NA,NA,NA,NA,NA,NA,NA,NA,NA,NA,NA,NA,NA,NA,NA,NA,NA,NA,NA,NA,NA,NA,NA,NA,NA,NA,NA,NA,NA,NA,NA,NA,0,NA,NA,NA
1,EMIG,19,potr,4.4,36.6,15,1,0,NA,0,NA,NA,NA,NA,NA,NA,NA,NA,NA,NA,NA,NA,NA,NA,NA,1,POTR19,42.37400631,-111.5532028,NA,NA,NA,NA,NA,NA,NA,NA,NA,NA,NA,NA,NA,NA,NA,NA,NA,NA,NA,NA,NA,NA,NA,NA,NA,NA,NA,NA,NA,NA,NA,NA,NA,NA,NA,NA,NA,NA,NA,NA,NA,NA,NA,NA,NA,NA,NA,NA,0,NA,NA,NA
1,EMIG,20,potr,4.5,37.3,19.5,1,0,NA,0,NA,NA,NA,NA,NA,NA,NA,NA,NA,NA,NA,NA,NA,NA,NA,1,POTR20,42.37398563,-111.5531768,NA,NA,NA,NA,NA,NA,NA,NA,NA,NA,NA,NA,NA,NA,NA,NA,NA,NA,NA,NA,NA,NA,NA,NA,NA,NA,NA,NA,NA,NA,NA,NA,NA,NA,NA,NA,NA,NA,NA,NA,NA,NA,NA,NA,NA,NA,NA,NA,0,NA,NA,NA
1,EMIG,21,potr,4.9,38.8,19.8,1,0,NA,0,NA,NA,NA,NA,NA,NA,NA,NA,NA,NA,NA,NA,NA,NA,NA,1,POTR21,42.3739811,-111.5531752,NA,NA,NA,NA,NA,NA,NA,NA,NA,NA,NA,NA,NA,NA,NA,NA,NA,NA,NA,NA,NA,NA,NA,NA,NA,NA,NA,NA,NA,NA,NA,NA,NA,NA,NA,NA,NA,NA,NA,NA,NA,NA,NA,NA,NA,NA,NA,NA,0,NA,NA,NA
1,EMIG,22,potr,2.8,26.1,17.1,1,0,NA,0,NA,NA,NA,NA,NA,NA,NA,NA,NA,NA,NA,NA,NA,NA,NA,1,POTR22,42.37398295,-111.5531766,NA,NA,NA,NA,NA,NA,NA,NA,NA,NA,NA,NA,NA,NA,NA,NA,NA,NA,NA,NA,NA,NA,NA,NA,NA,NA,NA,NA,NA,NA,NA,NA,NA,NA,NA,NA,NA,NA,NA,NA,NA,NA,NA,NA,NA,NA,NA,NA,0,NA,NA,NA
1,EMIG,23,potr,4.2,31.5,18.4,1,0,NA,0,NA,NA,NA,NA,NA,NA,NA,NA,NA,NA,NA,NA,NA,NA,NA,1,POTR23,42.37396627,-111.553157,NA,NA,NA,NA,NA,NA,NA,NA,NA,NA,NA,NA,NA,NA,NA,NA,NA,NA,NA,NA,NA,NA,NA,NA,NA,NA,NA,NA,NA,NA,NA,NA,NA,NA,NA,NA,NA,NA,NA,NA,NA,NA,NA,NA,NA,NA,NA,NA,0,NA,NA,NA
1,EMIG,24,potr,3.6,32.1,18.6,1,0,NA,0,NA,NA,NA,NA,NA,NA,NA,NA,NA,NA,NA,NA,NA,NA,NA,1,POTR24,42.37396229,-111.553163,NA,NA,NA,NA,NA,NA,NA,NA,NA,NA,NA,NA,NA,NA,NA,NA,NA,NA,NA,NA,NA,NA,NA,NA,NA,NA,NA,NA,NA,NA,NA,NA,NA,NA,NA,NA,NA,NA,NA,NA,NA,NA,NA,NA,NA,NA,NA,NA,0,NA,NA,NA
1,EMIG,25,potr,4.4,34.4,19.8,1,0,NA,0,NA,NA,NA,NA,NA,NA,NA,NA,NA,NA,NA,NA,NA,NA,NA,1,POTR25,42.37396132,-111.5531325,NA,NA,NA,NA,NA,NA,NA,NA,NA,NA,NA,NA,NA,NA,NA,NA,NA,NA,NA,NA,NA,NA,NA,NA,NA,NA,NA,NA,NA,NA,NA,NA,NA,NA,NA,NA,NA,NA,NA,NA,NA,NA,NA,NA,NA,NA,NA,NA,0,NA,NA,NA
1,EMIG,26,potr,3.9,24.1,15.5,1,0,NA,0,NA,NA,NA,NA,NA,NA,NA,NA,NA,NA,NA,NA,NA,NA,NA,1,POTR26,42.37395539,-111.5531333,NA,NA,NA,NA,NA,NA,NA,NA,NA,NA,NA,NA,NA,NA,NA,NA,NA,NA,NA,NA,NA,NA,NA,NA,NA,NA,NA,NA,NA,NA,NA,NA,NA,NA,NA,NA,NA,NA,NA,NA,NA,NA,NA,NA,NA,NA,NA,NA,0,NA,NA,NA
1,EMIG,27,potr,2.7,21.2,12.9,1,0,NA,0,NA,NA,NA,NA,NA,NA,NA,NA,NA,NA,NA,NA,NA,NA,NA,1,POTR27,42.3739493,-111.5531553,NA,NA,NA,NA,NA,NA,NA,NA,NA,NA,NA,NA,NA,NA,NA,NA,NA,NA,NA,NA,NA,NA,NA,NA,NA,NA,NA,NA,NA,NA,NA,NA,NA,NA,NA,NA,NA,NA,NA,NA,NA,NA,NA,NA,NA,NA,NA,NA,0,NA,NA,NA
1,EMIG,28,potr,3.9,25,15.7,1,0,NA,0,NA,NA,NA,NA,NA,NA,NA,NA,NA,NA,NA,NA,NA,NA,NA,1,POTR28,42.37394678,-111.553168,NA,NA,NA,NA,NA,NA,NA,NA,NA,NA,NA,NA,NA,NA,NA,NA,NA,NA,NA,NA,NA,NA,NA,NA,NA,NA,NA,NA,NA,NA,NA,NA,NA,NA,NA,NA,NA,NA,NA,NA,NA,NA,NA,NA,NA,NA,NA,NA,0,NA,NA,NA
1,EMIG,29,potr,0,NA,NA,1,0,NA,0,NA,NA,NA,NA,NA,NA,NA,NA,NA,NA,NA,NA,NA,NA,1 tree,1,POTR29,42.37394522,-111.5531742,NA,NA,NA,NA,NA,NA,NA,NA,NA,NA,NA,NA,NA,NA,NA,NA,NA,NA,NA,NA,NA,NA,NA,NA,NA,NA,NA,NA,NA,NA,NA,NA,NA,NA,NA,NA,NA,NA,NA,NA,NA,NA,NA,NA,NA,NA,NA,NA,0,NA,NA,NA
1,EMIG,30,potr,5.2,39,19.2,1,0,NA,0,NA,NA,NA,NA,NA,NA,NA,NA,NA,NA,NA,NA,NA,NA,NA,1,POTR30,42.37394652,-111.5531765,NA,NA,NA,NA,NA,NA,NA,NA,NA,NA,NA,NA,NA,NA,NA,NA,NA,NA,NA,NA,NA,NA,NA,NA,NA,NA,NA,NA,NA,NA,NA,NA,NA,NA,NA,NA,NA,NA,NA,NA,NA,NA,NA,NA,NA,NA,NA,NA,0,NA,NA,NA
1,EMIG,31,potr,4,26.2,12.2,1,0,NA,0,NA,NA,NA,NA,NA,NA,NA,NA,NA,NA,NA,NA,NA,NA,NA,1,POTR31,42.37394513,-111.5531825,NA,NA,NA,NA,NA,NA,NA,NA,NA,NA,NA,NA,NA,NA,NA,NA,NA,NA,NA,NA,NA,NA,NA,NA,NA,NA,NA,NA,NA,NA,NA,NA,NA,NA,NA,NA,NA,NA,NA,NA,NA,NA,NA,NA,NA,NA,NA,NA,0,NA,NA,NA
1,EMIG,32,potr,6,40.9,17.8,1,0,NA,0,NA,NA,NA,NA,NA,NA,NA,NA,NA,NA,NA,NA,NA,NA,NA,1,POTR32,42.37396174,-111.5531909,NA,NA,NA,NA,NA,NA,NA,NA,NA,NA,NA,NA,NA,NA,NA,NA,NA,NA,NA,NA,NA,NA,NA,NA,NA,NA,NA,NA,NA,NA,NA,NA,NA,NA,NA,NA,NA,NA,NA,NA,NA,NA,NA,NA,NA,NA,NA,NA,0,NA,NA,NA
1,EMIG,33,potr,2.1,11.9,9.9,1,0,NA,0,NA,NA,NA,NA,NA,NA,NA,NA,NA,NA,NA,NA,NA,NA,NA,1,POTR33,42.37399113,-111.5532288,NA,NA,NA,NA,NA,NA,NA,NA,NA,NA,NA,NA,NA,NA,NA,NA,NA,NA,NA,NA,NA,NA,NA,NA,NA,NA,NA,NA,NA,NA,NA,NA,NA,NA,NA,NA,NA,NA,NA,NA,NA,NA,NA,NA,NA,NA,NA,NA,0,NA,NA,NA
1,EMIG,34,potr,2.6,18.3,10.4,1,0,NA,0,NA,NA,NA,NA,NA,NA,NA,NA,NA,NA,NA,NA,NA,NA,NA,1,POTR34,42.37400832,-111.5532475,NA,NA,NA,NA,NA,NA,NA,NA,NA,NA,NA,NA,NA,NA,NA,NA,NA,NA,NA,NA,NA,NA,NA,NA,NA,NA,NA,NA,NA,NA,NA,NA,NA,NA,NA,NA,NA,NA,NA,NA,NA,NA,NA,NA,NA,NA,NA,NA,0,NA,NA,NA
1,EMIG,35,potr,5.7,42,14.5,1,0,NA,0,NA,NA,NA,NA,NA,NA,NA,NA,NA,NA,NA,NA,NA,NA,NA,1,POTR35,42.37401631,-111.553257,NA,NA,NA,NA,NA,NA,NA,NA,NA,NA,NA,NA,NA,NA,NA,NA,NA,NA,NA,NA,NA,NA,NA,NA,NA,NA,NA,NA,NA,NA,NA,NA,NA,NA,NA,NA,NA,NA,NA,NA,NA,NA,NA,NA,NA,NA,NA,NA,0,NA,NA,NA
1,EMIG,36,potr,2.7,19.2,13.9,1,0,NA,0,NA,NA,NA,NA,NA,NA,NA,NA,NA,NA,NA,NA,NA,NA,NA,1,POTR36,42.37402578,-111.5532549,NA,NA,NA,NA,NA,NA,NA,NA,NA,NA,NA,NA,NA,NA,NA,NA,NA,NA,NA,NA,NA,NA,NA,NA,NA,NA,NA,NA,NA,NA,NA,NA,NA,NA,NA,NA,NA,NA,NA,NA,NA,NA,NA,NA,NA,NA,NA,NA,0,NA,NA,NA
1,EMIG,40,potr,2.4,18.4,11.3,1,0,NA,0,NA,NA,NA,NA,NA,NA,NA,NA,NA,NA,NA,NA,NA,NA,NA,1,POTR40,42.3740244,-111.5532814,NA,NA,NA,NA,NA,NA,NA,NA,NA,NA,NA,NA,NA,NA,NA,NA,NA,NA,NA,NA,NA,NA,NA,NA,NA,NA,NA,NA,NA,NA,NA,NA,NA,NA,NA,NA,NA,NA,NA,NA,NA,NA,NA,NA,NA,NA,NA,NA,0,NA,NA,NA
1,EMIG,14,pico,3.9,19.9,1.3,1,0,NA,0,NA,NA,NA,NA,NA,NA,NA,NA,NA,NA,NA,NA,NA,NA,NA,1,PICO14,42.37400128,-111.5533263,NA,NA,NA,NA,NA,NA,NA,NA,NA,NA,NA,NA,NA,NA,NA,NA,NA,NA,NA,NA,NA,NA,NA,NA,NA,NA,NA,NA,NA,NA,NA,NA,NA,NA,NA,NA,NA,NA,NA,NA,NA,NA,NA,NA,NA,NA,NA,NA,0,NA,NA,NA
1,EMIG,15,pico,2.9,19,4.5,1,0,NA,0,NA,NA,NA,NA,NA,NA,NA,NA,NA,NA,NA,NA,NA,NA,NA,1,PICO15,42.37399662,-111.5533147,NA,NA,NA,NA,NA,NA,NA,NA,NA,NA,NA,NA,NA,NA,NA,NA,NA,NA,NA,NA,NA,NA,NA,NA,NA,NA,NA,NA,NA,NA,NA,NA,NA,NA,NA,NA,NA,NA,NA,NA,NA,NA,NA,NA,NA,NA,NA,NA,0,NA,NA,NA
1,EMIG,16,pico,2.2,18.7,1.6,1,0,NA,0,NA,NA,NA,NA,NA,NA,NA,NA,NA,NA,NA,NA,NA,NA,NA,1,PICO16,42.37399077,-111.5533137,NA,NA,NA,NA,NA,NA,NA,NA,NA,NA,NA,NA,NA,NA,NA,NA,NA,NA,NA,NA,NA,NA,NA,NA,NA,NA,NA,NA,NA,NA,NA,NA,NA,NA,NA,NA,NA,NA,NA,NA,NA,NA,NA,NA,NA,NA,NA,NA,0,NA,NA,NA
1,EMIG,17,pico,5.2,25.1,5.1,1,0,NA,0,NA,NA,NA,NA,NA,NA,NA,NA,NA,NA,NA,NA,NA,NA,NA,1,PICO17,42.37398868,-111.5533075,NA,NA,NA,NA,NA,NA,NA,NA,NA,NA,NA,NA,NA,NA,NA,NA,NA,NA,NA,NA,NA,NA,NA,NA,NA,NA,NA,NA,NA,NA,NA,NA,NA,NA,NA,NA,NA,NA,NA,NA,NA,NA,NA,NA,NA,NA,NA,NA,0,NA,NA,NA
1,EMIG,18,pico,2.1,17.1,2,1,0,NA,0,NA,NA,NA,NA,NA,NA,NA,NA,NA,NA,NA,NA,NA,NA,NA,1,PICO18,42.37398804,-111.5533198,NA,NA,NA,NA,NA,NA,NA,NA,NA,NA,NA,NA,NA,NA,NA,NA,NA,NA,NA,NA,NA,NA,NA,NA,NA,NA,NA,NA,NA,NA,NA,NA,NA,NA,NA,NA,NA,NA,NA,NA,NA,NA,NA,NA,NA,NA,NA,NA,0,NA,NA,NA
1,EMIG,19,pico,0,NA,NA,1,0,NA,0,NA,NA,NA,NA,NA,NA,NA,NA,NA,NA,NA,NA,NA,NA,1 tree,1,PICO19,42.37399243,-111.5533272,NA,NA,NA,NA,NA,NA,NA,NA,NA,NA,NA,NA,NA,NA,NA,NA,NA,NA,NA,NA,NA,NA,NA,NA,NA,NA,NA,NA,NA,NA,NA,NA,NA,NA,NA,NA,NA,NA,NA,NA,NA,NA,NA,NA,NA,NA,NA,NA,0,NA,NA,NA
1,EMIG,41,potr,0,NA,NA,1,0,NA,0,NA,NA,NA,NA,NA,NA,NA,NA,NA,NA,NA,NA,NA,NA,6 trees,1,POTR41,42.37393048,-111.553353,NA,NA,NA,NA,NA,NA,NA,NA,NA,NA,NA,NA,NA,NA,NA,NA,NA,NA,NA,NA,NA,NA,NA,NA,NA,NA,NA,NA,NA,NA,NA,NA,NA,NA,NA,NA,NA,NA,NA,NA,NA,NA,NA,NA,NA,NA,NA,NA,0,NA,NA,NA
1,EMIG,42,potr,3.6,23.9,13.2,1,0,NA,0,NA,NA,NA,NA,NA,NA,NA,NA,NA,NA,NA,NA,NA,NA,NA,1,POTR42,42.37392661,-111.5533236,NA,NA,NA,NA,NA,NA,NA,NA,NA,NA,NA,NA,NA,NA,NA,NA,NA,NA,NA,NA,NA,NA,NA,NA,NA,NA,NA,NA,NA,NA,NA,NA,NA,NA,NA,NA,NA,NA,NA,NA,NA,NA,NA,NA,NA,NA,NA,NA,0,NA,NA,NA
1,EMIG,43,potr,2,14.4,7.4,1,0,NA,0,NA,NA,NA,NA,NA,NA,NA,NA,NA,NA,NA,NA,NA,NA,NA,1,POTR43,42.3739065,-111.55334,NA,NA,NA,NA,NA,NA,NA,NA,NA,NA,NA,NA,NA,NA,NA,NA,NA,NA,NA,NA,NA,NA,NA,NA,NA,NA,NA,NA,NA,NA,NA,NA,NA,NA,NA,NA,NA,NA,NA,NA,NA,NA,NA,NA,NA,NA,NA,NA,0,NA,NA,NA
1,EMIG,44,potr,0,NA,NA,1,0,NA,0,NA,NA,NA,NA,NA,NA,NA,NA,NA,NA,NA,NA,NA,NA,3 trees,1,POTR44,42.37393642,-111.5532804,NA,NA,NA,NA,NA,NA,NA,NA,NA,NA,NA,NA,NA,NA,NA,NA,NA,NA,NA,NA,NA,NA,NA,NA,NA,NA,NA,NA,NA,NA,NA,NA,NA,NA,NA,NA,NA,NA,NA,NA,NA,NA,NA,NA,NA,NA,NA,NA,0,NA,NA,NA
1,EMIG,46,potr,0,NA,NA,1,0,NA,0,NA,NA,NA,NA,NA,NA,NA,NA,NA,NA,NA,NA,NA,NA,2 trees,1,POTR46,42.37394677,-111.553278,NA,NA,NA,NA,NA,NA,NA,NA,NA,NA,NA,NA,NA,NA,NA,NA,NA,NA,NA,NA,NA,NA,NA,NA,NA,NA,NA,NA,NA,NA,NA,NA,NA,NA,NA,NA,NA,NA,NA,NA,NA,NA,NA,NA,NA,NA,NA,NA,0,NA,NA,NA
1,EMIG,47,potr,4.8,37.8,15,1,0,NA,0,NA,NA,NA,NA,NA,NA,NA,NA,NA,NA,NA,NA,NA,NA,NA,1,POTR47,42.37390587,-111.5531774,NA,NA,NA,NA,NA,NA,NA,NA,NA,NA,NA,NA,NA,NA,NA,NA,NA,NA,NA,NA,NA,NA,NA,NA,NA,NA,NA,NA,NA,NA,NA,NA,NA,NA,NA,NA,NA,NA,NA,NA,NA,NA,NA,NA,NA,NA,NA,NA,0,NA,NA,NA
1,EMIG,48,potr,0,NA,NA,1,0,NA,0,NA,NA,NA,NA,NA,NA,NA,NA,NA,NA,NA,NA,NA,NA,1 tree,1,POTR48,42.37391208,-111.55316,NA,NA,NA,NA,NA,NA,NA,NA,NA,NA,NA,NA,NA,NA,NA,NA,NA,NA,NA,NA,NA,NA,NA,NA,NA,NA,NA,NA,NA,NA,NA,NA,NA,NA,NA,NA,NA,NA,NA,NA,NA,NA,NA,NA,NA,NA,NA,NA,0,NA,NA,NA
1,EMIG,49,potr,1.8,NA,NA,1,0,NA,0,NA,NA,NA,NA,NA,NA,NA,NA,NA,NA,NA,NA,NA,NA,NA,1,POTR49,42.3738591,-111.5532489,NA,NA,NA,NA,NA,NA,NA,NA,NA,NA,NA,NA,NA,NA,NA,NA,NA,NA,NA,NA,NA,NA,NA,NA,NA,NA,NA,NA,NA,NA,NA,NA,NA,NA,NA,NA,NA,NA,NA,NA,NA,NA,NA,NA,NA,NA,NA,NA,0,NA,NA,NA
1,EMIG,50,potr,0,NA,NA,1,0,NA,0,NA,NA,NA,NA,NA,NA,NA,NA,NA,NA,NA,NA,NA,NA,3 trees,1,POTR50,42.37385173,-111.5532778,NA,NA,NA,NA,NA,NA,NA,NA,NA,NA,NA,NA,NA,NA,NA,NA,NA,NA,NA,NA,NA,NA,NA,NA,NA,NA,NA,NA,NA,NA,NA,NA,NA,NA,NA,NA,NA,NA,NA,NA,NA,NA,NA,NA,NA,NA,NA,NA,0,NA,NA,NA
1,EMIG,51,potr,2.7,17.3,9.6,1,0,NA,0,NA,NA,NA,NA,NA,NA,NA,NA,NA,NA,NA,NA,NA,NA,NA,1,POTR51,42.37387608,-111.5532885,NA,NA,NA,NA,NA,NA,NA,NA,NA,NA,NA,NA,NA,NA,NA,NA,NA,NA,NA,NA,NA,NA,NA,NA,NA,NA,NA,NA,NA,NA,NA,NA,NA,NA,NA,NA,NA,NA,NA,NA,NA,NA,NA,NA,NA,NA,NA,NA,0,NA,NA,NA
1,EMIG,52,potr,0,NA,NA,1,0,NA,0,NA,NA,NA,NA,NA,NA,NA,NA,NA,NA,NA,NA,NA,NA,1 tree,1,POTR52,42.37384485,-111.5532411,NA,NA,NA,NA,NA,NA,NA,NA,NA,NA,NA,NA,NA,NA,NA,NA,NA,NA,NA,NA,NA,NA,NA,NA,NA,NA,NA,NA,NA,NA,NA,NA,NA,NA,NA,NA,NA,NA,NA,NA,NA,NA,NA,NA,NA,NA,NA,NA,0,NA,NA,NA
1,EMIG,53,potr,3.6,20,9.7,1,0,NA,0,NA,NA,NA,NA,NA,NA,NA,NA,NA,NA,NA,NA,NA,NA,NA,1,POTR53,42.37384987,-111.553229,NA,NA,NA,NA,NA,NA,NA,NA,NA,NA,NA,NA,NA,NA,NA,NA,NA,NA,NA,NA,NA,NA,NA,NA,NA,NA,NA,NA,NA,NA,NA,NA,NA,NA,NA,NA,NA,NA,NA,NA,NA,NA,NA,NA,NA,NA,NA,NA,0,NA,NA,NA
1,EMIG,54,potr,2,13.4,8,1,0,NA,0,NA,NA,NA,NA,NA,NA,NA,NA,NA,NA,NA,NA,NA,NA,NA,1,POTR54,42.37381706,-111.5532179,NA,NA,NA,NA,NA,NA,NA,NA,NA,NA,NA,NA,NA,NA,NA,NA,NA,NA,NA,NA,NA,NA,NA,NA,NA,NA,NA,NA,NA,NA,NA,NA,NA,NA,NA,NA,NA,NA,NA,NA,NA,NA,NA,NA,NA,NA,NA,NA,0,NA,NA,NA
1,EMIG,25,pico,2.3,15.1,2.5,1,0,NA,0,NA,NA,NA,NA,NA,NA,NA,NA,NA,NA,NA,NA,NA,NA,NA,1,PICO25,42.37385781,-111.5533652,NA,NA,NA,NA,NA,NA,NA,NA,NA,NA,NA,NA,NA,NA,NA,NA,NA,NA,NA,NA,NA,NA,NA,NA,NA,NA,NA,NA,NA,NA,NA,NA,NA,NA,NA,NA,NA,NA,NA,NA,NA,NA,NA,NA,NA,NA,NA,NA,0,NA,NA,NA
1,EMIG,26,pico,0,NA,NA,1,0,NA,0,NA,NA,NA,NA,NA,NA,NA,NA,NA,NA,NA,NA,NA,NA,1 tree,1,PICO26,42.37385677,-111.553347,NA,NA,NA,NA,NA,NA,NA,NA,NA,NA,NA,NA,NA,NA,NA,NA,NA,NA,NA,NA,NA,NA,NA,NA,NA,NA,NA,NA,NA,NA,NA,NA,NA,NA,NA,NA,NA,NA,NA,NA,NA,NA,NA,NA,NA,NA,NA,NA,0,NA,NA,NA
1,EMIG,27,pico,0,NA,NA,1,0,NA,0,NA,NA,NA,NA,NA,NA,NA,NA,NA,NA,NA,NA,NA,NA,1 tree,1,PICO27,42.373865,-111.553359,NA,NA,NA,NA,NA,NA,NA,NA,NA,NA,NA,NA,NA,NA,NA,NA,NA,NA,NA,NA,NA,NA,NA,NA,NA,NA,NA,NA,NA,NA,NA,NA,NA,NA,NA,NA,NA,NA,NA,NA,NA,NA,NA,NA,NA,NA,NA,NA,0,NA,NA,NA
1,EMIG,55,potr,0,NA,NA,1,0,NA,0,NA,NA,NA,NA,NA,NA,NA,NA,NA,NA,NA,NA,NA,NA,1 tree,1,POTR55,42.37387094,-111.5533421,NA,NA,NA,NA,NA,NA,NA,NA,NA,NA,NA,NA,NA,NA,NA,NA,NA,NA,NA,NA,NA,NA,NA,NA,NA,NA,NA,NA,NA,NA,NA,NA,NA,NA,NA,NA,NA,NA,NA,NA,NA,NA,NA,NA,NA,NA,NA,NA,0,NA,NA,NA
1,EMIG,56,potr,0,NA,NA,1,0,NA,0,NA,NA,NA,NA,NA,NA,NA,NA,NA,NA,NA,NA,NA,NA,3 trees,1,POTR56,42.37387309,-111.5533682,NA,NA,NA,NA,NA,NA,NA,NA,NA,NA,NA,NA,NA,NA,NA,NA,NA,NA,NA,NA,NA,NA,NA,NA,NA,NA,NA,NA,NA,NA,NA,NA,NA,NA,NA,NA,NA,NA,NA,NA,NA,NA,NA,NA,NA,NA,NA,NA,0,NA,NA,NA
1,EMIG,19,pico,6.4,31.1,17.1,1,0,NA,0,NA,NA,NA,NA,NA,NA,NA,NA,NA,NA,NA,NA,NA,NA,NA,1,PICO19,42.37399243,-111.5533272,NA,NA,NA,NA,NA,NA,NA,NA,NA,NA,NA,NA,NA,NA,NA,NA,NA,NA,NA,NA,NA,NA,NA,NA,NA,NA,NA,NA,NA,NA,NA,NA,NA,NA,NA,NA,NA,NA,NA,NA,NA,NA,NA,NA,NA,NA,NA,NA,0,NA,NA,NA
1,EMIG,20,pico,2.5,14.4,2.5,1,0,NA,0,NA,NA,NA,NA,NA,NA,NA,NA,NA,NA,NA,NA,NA,NA,NA,1,PICO20,42.37378173,-111.5534585,NA,NA,NA,NA,NA,NA,NA,NA,NA,NA,NA,NA,NA,NA,NA,NA,NA,NA,NA,NA,NA,NA,NA,NA,NA,NA,NA,NA,NA,NA,NA,NA,NA,NA,NA,NA,NA,NA,NA,NA,NA,NA,NA,NA,NA,NA,NA,NA,0,NA,NA,NA
1,EMIG,58,potr,0,NA,NA,1,0,NA,0,NA,NA,NA,NA,NA,NA,NA,NA,NA,NA,NA,NA,NA,NA,1 tree,1,POTR58,42.37378091,-111.5534608,NA,NA,NA,NA,NA,NA,NA,NA,NA,NA,NA,NA,NA,NA,NA,NA,NA,NA,NA,NA,NA,NA,NA,NA,NA,NA,NA,NA,NA,NA,NA,NA,NA,NA,NA,NA,NA,NA,NA,NA,NA,NA,NA,NA,NA,NA,NA,NA,0,NA,NA,NA
1,EMIG,21,pico,3.3,17.9,3.2,1,0,NA,0,NA,NA,NA,NA,NA,NA,NA,NA,NA,NA,NA,NA,NA,NA,NA,1,PICO21,42.37380651,-111.5534745,NA,NA,NA,NA,NA,NA,NA,NA,NA,NA,NA,NA,NA,NA,NA,NA,NA,NA,NA,NA,NA,NA,NA,NA,NA,NA,NA,NA,NA,NA,NA,NA,NA,NA,NA,NA,NA,NA,NA,NA,NA,NA,NA,NA,NA,NA,NA,NA,0,NA,NA,NA
1,EMIG,59,potr,0,NA,NA,1,0,NA,0,NA,NA,NA,NA,NA,NA,NA,NA,NA,NA,NA,NA,NA,NA,1 tree,1,POTR59,42.37384119,-111.5534812,NA,NA,NA,NA,NA,NA,NA,NA,NA,NA,NA,NA,NA,NA,NA,NA,NA,NA,NA,NA,NA,NA,NA,NA,NA,NA,NA,NA,NA,NA,NA,NA,NA,NA,NA,NA,NA,NA,NA,NA,NA,NA,NA,NA,NA,NA,NA,NA,0,NA,NA,NA
1,EMIG,60,potr,0,NA,NA,1,0,NA,0,NA,NA,NA,NA,NA,NA,NA,NA,NA,NA,NA,NA,NA,NA,1 tree,1,POTR60,42.37386208,-111.5534429,NA,NA,NA,NA,NA,NA,NA,NA,NA,NA,NA,NA,NA,NA,NA,NA,NA,NA,NA,NA,NA,NA,NA,NA,NA,NA,NA,NA,NA,NA,NA,NA,NA,NA,NA,NA,NA,NA,NA,NA,NA,NA,NA,NA,NA,NA,NA,NA,0,NA,NA,NA
1,EMIG,61,potr,9,63.4,48.9,1,0,NA,0,NA,NA,NA,NA,NA,NA,NA,NA,NA,NA,NA,NA,NA,NA,NA,1,POTR61,42.37386528,-111.5534238,NA,NA,NA,NA,NA,NA,NA,NA,NA,NA,NA,NA,NA,NA,NA,NA,NA,NA,NA,NA,NA,NA,NA,NA,NA,NA,NA,NA,NA,NA,NA,NA,NA,NA,NA,NA,NA,NA,NA,NA,NA,NA,NA,NA,NA,NA,NA,NA,0,NA,NA,NA
1,EMIG,22,pico,0,NA,NA,1,0,NA,0,NA,NA,NA,NA,NA,NA,NA,NA,NA,NA,NA,NA,NA,NA,1 tree,1,PICO22,42.37387172,-111.5534156,NA,NA,NA,NA,NA,NA,NA,NA,NA,NA,NA,NA,NA,NA,NA,NA,NA,NA,NA,NA,NA,NA,NA,NA,NA,NA,NA,NA,NA,NA,NA,NA,NA,NA,NA,NA,NA,NA,NA,NA,NA,NA,NA,NA,NA,NA,NA,NA,0,NA,NA,NA
1,EMIG,23,pico,0,NA,NA,1,0,NA,0,NA,NA,NA,NA,NA,NA,NA,NA,NA,NA,NA,NA,NA,NA,1 tree,1,PICO23,42.37389998,-111.5534006,NA,NA,NA,NA,NA,NA,NA,NA,NA,NA,NA,NA,NA,NA,NA,NA,NA,NA,NA,NA,NA,NA,NA,NA,NA,NA,NA,NA,NA,NA,NA,NA,NA,NA,NA,NA,NA,NA,NA,NA,NA,NA,NA,NA,NA,NA,NA,NA,0,NA,NA,NA
1,EMIG,62,potr,2.3,14,NA,1,0,NA,0,NA,NA,NA,NA,NA,NA,NA,NA,NA,NA,NA,NA,NA,NA,NA,1,POTR62,42.37391024,-111.5534008,NA,NA,NA,NA,NA,NA,NA,NA,NA,NA,NA,NA,NA,NA,NA,NA,NA,NA,NA,NA,NA,NA,NA,NA,NA,NA,NA,NA,NA,NA,NA,NA,NA,NA,NA,NA,NA,NA,NA,NA,NA,NA,NA,NA,NA,NA,NA,NA,0,NA,NA,NA
1,EMIG,63,potr,0,NA,NA,1,0,NA,0,NA,NA,NA,NA,NA,NA,NA,NA,NA,NA,NA,NA,NA,NA,NA,1,POTR63,42.37393312,-111.5534687,NA,NA,NA,NA,NA,NA,NA,NA,NA,NA,NA,NA,NA,NA,NA,NA,NA,NA,NA,NA,NA,NA,NA,NA,NA,NA,NA,NA,NA,NA,NA,NA,NA,NA,NA,NA,NA,NA,NA,NA,NA,NA,NA,NA,NA,NA,NA,NA,0,NA,NA,NA
1,EMIG,64,potr,14,69.7,41.8,1,0,NA,0,NA,NA,NA,NA,NA,NA,NA,NA,NA,NA,NA,NA,NA,NA,NA,1,POTR64,42.37389863,-111.5535223,NA,NA,NA,NA,NA,NA,NA,NA,NA,NA,NA,NA,NA,NA,NA,NA,NA,NA,NA,NA,NA,NA,NA,NA,NA,NA,NA,NA,NA,NA,NA,NA,NA,NA,NA,NA,NA,NA,NA,NA,NA,NA,NA,NA,NA,NA,NA,NA,0,NA,NA,NA
1,EMIG,65,potr,0,NA,NA,1,0,NA,0,NA,NA,NA,NA,NA,NA,NA,NA,NA,NA,NA,NA,NA,NA,1 tree,1,POTR65,42.37392778,-111.5535582,NA,NA,NA,NA,NA,NA,NA,NA,NA,NA,NA,NA,NA,NA,NA,NA,NA,NA,NA,NA,NA,NA,NA,NA,NA,NA,NA,NA,NA,NA,NA,NA,NA,NA,NA,NA,NA,NA,NA,NA,NA,NA,NA,NA,NA,NA,NA,NA,0,NA,NA,NA
1,EMIG,66,potr,0,NA,NA,1,0,NA,0,NA,NA,NA,NA,NA,NA,NA,NA,NA,NA,NA,NA,NA,NA,3 trees,1,POTR66,42.37394031,-111.5535919,NA,NA,NA,NA,NA,NA,NA,NA,NA,NA,NA,NA,NA,NA,NA,NA,NA,NA,NA,NA,NA,NA,NA,NA,NA,NA,NA,NA,NA,NA,NA,NA,NA,NA,NA,NA,NA,NA,NA,NA,NA,NA,NA,NA,NA,NA,NA,NA,0,NA,NA,NA
1,EMIG,67,potr,0,NA,NA,1,0,NA,0,NA,NA,NA,NA,NA,NA,NA,NA,NA,NA,NA,NA,NA,NA,3 trees,1,POTR67,42.37396734,-111.5535847,NA,NA,NA,NA,NA,NA,NA,NA,NA,NA,NA,NA,NA,NA,NA,NA,NA,NA,NA,NA,NA,NA,NA,NA,NA,NA,NA,NA,NA,NA,NA,NA,NA,NA,NA,NA,NA,NA,NA,NA,NA,NA,NA,NA,NA,NA,NA,NA,0,NA,NA,NA
1,EMIG,68,potr,0,NA,NA,1,0,NA,0,NA,NA,NA,NA,NA,NA,NA,NA,NA,NA,NA,NA,NA,NA,1 tree,1,POTR68,42.37397789,-111.5535925,NA,NA,NA,NA,NA,NA,NA,NA,NA,NA,NA,NA,NA,NA,NA,NA,NA,NA,NA,NA,NA,NA,NA,NA,NA,NA,NA,NA,NA,NA,NA,NA,NA,NA,NA,NA,NA,NA,NA,NA,NA,NA,NA,NA,NA,NA,NA,NA,0,NA,NA,NA
1,EMIG,69,potr,3.6,20,10.5,1,0,NA,0,NA,NA,NA,NA,NA,NA,NA,NA,NA,NA,NA,NA,NA,NA,NA,1,POTR69,42.37396868,-111.5535487,NA,NA,NA,NA,NA,NA,NA,NA,NA,NA,NA,NA,NA,NA,NA,NA,NA,NA,NA,NA,NA,NA,NA,NA,NA,NA,NA,NA,NA,NA,NA,NA,NA,NA,NA,NA,NA,NA,NA,NA,NA,NA,NA,NA,NA,NA,NA,NA,0,NA,NA,NA
1,EMIG,70,potr,0,NA,NA,1,0,NA,0,NA,NA,NA,NA,NA,NA,NA,NA,NA,NA,NA,NA,NA,NA,1 tree,1,POTR70,42.37396384,-111.5535126,NA,NA,NA,NA,NA,NA,NA,NA,NA,NA,NA,NA,NA,NA,NA,NA,NA,NA,NA,NA,NA,NA,NA,NA,NA,NA,NA,NA,NA,NA,NA,NA,NA,NA,NA,NA,NA,NA,NA,NA,NA,NA,NA,NA,NA,NA,NA,NA,0,NA,NA,NA
1,EMIG,71,potr,0,NA,NA,1,0,NA,0,NA,NA,NA,NA,NA,NA,NA,NA,NA,NA,NA,NA,NA,NA,1 tree,1,POTR71,42.37397261,-111.5534844,NA,NA,NA,NA,NA,NA,NA,NA,NA,NA,NA,NA,NA,NA,NA,NA,NA,NA,NA,NA,NA,NA,NA,NA,NA,NA,NA,NA,NA,NA,NA,NA,NA,NA,NA,NA,NA,NA,NA,NA,NA,NA,NA,NA,NA,NA,NA,NA,0,NA,NA,NA
1,EMIG,72,potr,3.4,24.7,10.2,1,0,NA,0,NA,NA,NA,NA,NA,NA,NA,NA,NA,NA,NA,NA,NA,NA,NA,1,POTR72,42.37396403,-111.5534637,NA,NA,NA,NA,NA,NA,NA,NA,NA,NA,NA,NA,NA,NA,NA,NA,NA,NA,NA,NA,NA,NA,NA,NA,NA,NA,NA,NA,NA,NA,NA,NA,NA,NA,NA,NA,NA,NA,NA,NA,NA,NA,NA,NA,NA,NA,NA,NA,0,NA,NA,NA
1,EMIG,28,pico,3.4,24.1,2.8,1,0,NA,0,NA,NA,NA,NA,NA,NA,NA,NA,NA,NA,NA,NA,NA,NA,NA,1,PICO28,42.37388411,-111.5533758,NA,NA,NA,NA,NA,NA,NA,NA,NA,NA,NA,NA,NA,NA,NA,NA,NA,NA,NA,NA,NA,NA,NA,NA,NA,NA,NA,NA,NA,NA,NA,NA,NA,NA,NA,NA,NA,NA,NA,NA,NA,NA,NA,NA,NA,NA,NA,NA,0,NA,NA,NA
1,EMIG,73,potr,0,NA,NA,1,0,NA,0,NA,NA,NA,NA,NA,NA,NA,NA,NA,NA,NA,NA,NA,NA,1 tree,1,POTR73,42.37400156,-111.5535175,NA,NA,NA,NA,NA,NA,NA,NA,NA,NA,NA,NA,NA,NA,NA,NA,NA,NA,NA,NA,NA,NA,NA,NA,NA,NA,NA,NA,NA,NA,NA,NA,NA,NA,NA,NA,NA,NA,NA,NA,NA,NA,NA,NA,NA,NA,NA,NA,0,NA,NA,NA
1,EMIG,74,potr,2.7,24.8,9.7,1,0,NA,0,NA,NA,NA,NA,NA,NA,NA,NA,NA,NA,NA,NA,NA,NA,NA,1,POTR74,42.37408226,-111.5535648,NA,NA,NA,NA,NA,NA,NA,NA,NA,NA,NA,NA,NA,NA,NA,NA,NA,NA,NA,NA,NA,NA,NA,NA,NA,NA,NA,NA,NA,NA,NA,NA,NA,NA,NA,NA,NA,NA,NA,NA,NA,NA,NA,NA,NA,NA,NA,NA,0,NA,NA,NA
1,EMIG,75,potr,0,NA,NA,1,0,NA,0,NA,NA,NA,NA,NA,NA,NA,NA,NA,NA,NA,NA,NA,NA,1 tree,1,POTR75,42.37407568,-111.5535635,NA,NA,NA,NA,NA,NA,NA,NA,NA,NA,NA,NA,NA,NA,NA,NA,NA,NA,NA,NA,NA,NA,NA,NA,NA,NA,NA,NA,NA,NA,NA,NA,NA,NA,NA,NA,NA,NA,NA,NA,NA,NA,NA,NA,NA,NA,NA,NA,0,NA,NA,NA
1,EMIG,76,potr,12.5,60.1,48.1,1,0,NA,0,NA,NA,NA,NA,NA,NA,NA,NA,NA,NA,NA,NA,NA,NA,NA,1,POTR76,42.37402856,-111.5534347,NA,NA,NA,NA,NA,NA,NA,NA,NA,NA,NA,NA,NA,NA,NA,NA,NA,NA,NA,NA,NA,NA,NA,NA,NA,NA,NA,NA,NA,NA,NA,NA,NA,NA,NA,NA,NA,NA,NA,NA,NA,NA,NA,NA,NA,NA,NA,NA,0,NA,NA,NA
1,EMIG,77,potr,0,NA,NA,1,0,NA,0,NA,NA,NA,NA,NA,NA,NA,NA,NA,NA,NA,NA,NA,NA,2 trees,1,POTR77,42.37404972,-111.5534046,NA,NA,NA,NA,NA,NA,NA,NA,NA,NA,NA,NA,NA,NA,NA,NA,NA,NA,NA,NA,NA,NA,NA,NA,NA,NA,NA,NA,NA,NA,NA,NA,NA,NA,NA,NA,NA,NA,NA,NA,NA,NA,NA,NA,NA,NA,NA,NA,0,NA,NA,NA
1,EMIG,78,potr,0,NA,NA,1,0,NA,0,NA,NA,NA,NA,NA,NA,NA,NA,NA,NA,NA,NA,NA,NA,1 tree,1,POTR78,42.3740994,-111.5534429,NA,NA,NA,NA,NA,NA,NA,NA,NA,NA,NA,NA,NA,NA,NA,NA,NA,NA,NA,NA,NA,NA,NA,NA,NA,NA,NA,NA,NA,NA,NA,NA,NA,NA,NA,NA,NA,NA,NA,NA,NA,NA,NA,NA,NA,NA,NA,NA,0,NA,NA,NA
1,EMIG,29,pico,4,26.3,4.9,1,0,NA,0,NA,NA,NA,NA,NA,NA,NA,NA,NA,NA,NA,NA,NA,NA,NA,1,PICO29,42.37410198,-111.5534078,NA,NA,NA,NA,NA,NA,NA,NA,NA,NA,NA,NA,NA,NA,NA,NA,NA,NA,NA,NA,NA,NA,NA,NA,NA,NA,NA,NA,NA,NA,NA,NA,NA,NA,NA,NA,NA,NA,NA,NA,NA,NA,NA,NA,NA,NA,NA,NA,0,NA,NA,NA
1,EMIG,79,potr,0,NA,NA,1,0,NA,0,NA,NA,NA,NA,NA,NA,NA,NA,NA,NA,NA,NA,NA,NA,1 tree,1,POTR79,42.37412111,-111.5534032,NA,NA,NA,NA,NA,NA,NA,NA,NA,NA,NA,NA,NA,NA,NA,NA,NA,NA,NA,NA,NA,NA,NA,NA,NA,NA,NA,NA,NA,NA,NA,NA,NA,NA,NA,NA,NA,NA,NA,NA,NA,NA,NA,NA,NA,NA,NA,NA,0,NA,NA,NA
1,EMIG,80,potr,0,NA,NA,1,0,NA,0,NA,NA,NA,NA,NA,NA,NA,NA,NA,NA,NA,NA,NA,NA,7 trees,1,POTR80,42.37413499,-111.5533811,NA,NA,NA,NA,NA,NA,NA,NA,NA,NA,NA,NA,NA,NA,NA,NA,NA,NA,NA,NA,NA,NA,NA,NA,NA,NA,NA,NA,NA,NA,NA,NA,NA,NA,NA,NA,NA,NA,NA,NA,NA,NA,NA,NA,NA,NA,NA,NA,0,NA,NA,NA
1,EMIG,30,pico,0,NA,NA,1,0,NA,0,NA,NA,NA,NA,NA,NA,NA,NA,NA,NA,NA,NA,NA,NA,1 tree,1,PICO30,42.37415795,-111.5534617,NA,NA,NA,NA,NA,NA,NA,NA,NA,NA,NA,NA,NA,NA,NA,NA,NA,NA,NA,NA,NA,NA,NA,NA,NA,NA,NA,NA,NA,NA,NA,NA,NA,NA,NA,NA,NA,NA,NA,NA,NA,NA,NA,NA,NA,NA,NA,NA,0,NA,NA,NA
1,EMIG,81,potr,0,NA,NA,1,0,NA,0,NA,NA,NA,NA,NA,NA,NA,NA,NA,NA,NA,NA,NA,NA,33 trees,1,POTR81,42.37413494,-111.5534762,NA,NA,NA,NA,NA,NA,NA,NA,NA,NA,NA,NA,NA,NA,NA,NA,NA,NA,NA,NA,NA,NA,NA,NA,NA,NA,NA,NA,NA,NA,NA,NA,NA,NA,NA,NA,NA,NA,NA,NA,NA,NA,NA,NA,NA,NA,NA,NA,0,NA,NA,NA
1,EMIG,82,potr,0,NA,NA,1,0,NA,0,NA,NA,NA,NA,NA,NA,NA,NA,NA,NA,NA,NA,NA,NA,1 tree,1,POTR82,42.37415406,-111.5535567,NA,NA,NA,NA,NA,NA,NA,NA,NA,NA,NA,NA,NA,NA,NA,NA,NA,NA,NA,NA,NA,NA,NA,NA,NA,NA,NA,NA,NA,NA,NA,NA,NA,NA,NA,NA,NA,NA,NA,NA,NA,NA,NA,NA,NA,NA,NA,NA,0,NA,NA,NA
1,EMIG,83,potr,0,NA,NA,1,0,NA,0,NA,NA,NA,NA,NA,NA,NA,NA,NA,NA,NA,NA,NA,NA,2 trees,1,POTR83,42.37417775,-111.5535542,NA,NA,NA,NA,NA,NA,NA,NA,NA,NA,NA,NA,NA,NA,NA,NA,NA,NA,NA,NA,NA,NA,NA,NA,NA,NA,NA,NA,NA,NA,NA,NA,NA,NA,NA,NA,NA,NA,NA,NA,NA,NA,NA,NA,NA,NA,NA,NA,0,NA,NA,NA
1,EMIG,84,potr,0,NA,NA,1,0,NA,0,NA,NA,NA,NA,NA,NA,NA,NA,NA,NA,NA,NA,NA,NA,1 tree,1,POTR84,42.37418164,-111.553514,NA,NA,NA,NA,NA,NA,NA,NA,NA,NA,NA,NA,NA,NA,NA,NA,NA,NA,NA,NA,NA,NA,NA,NA,NA,NA,NA,NA,NA,NA,NA,NA,NA,NA,NA,NA,NA,NA,NA,NA,NA,NA,NA,NA,NA,NA,NA,NA,0,NA,NA,NA
1,EMIG,85,potr,0,NA,NA,1,0,NA,0,NA,NA,NA,NA,NA,NA,NA,NA,NA,NA,NA,NA,NA,NA,1 tree,1,POTR85,42.37419848,-111.5535051,NA,NA,NA,NA,NA,NA,NA,NA,NA,NA,NA,NA,NA,NA,NA,NA,NA,NA,NA,NA,NA,NA,NA,NA,NA,NA,NA,NA,NA,NA,NA,NA,NA,NA,NA,NA,NA,NA,NA,NA,NA,NA,NA,NA,NA,NA,NA,NA,0,NA,NA,NA
1,EMIG,86,potr,6,40,13.3,1,0,NA,0,NA,NA,NA,NA,NA,NA,NA,NA,NA,NA,NA,NA,NA,NA,NA,1,POTR86,42.37419117,-111.5534621,NA,NA,NA,NA,NA,NA,NA,NA,NA,NA,NA,NA,NA,NA,NA,NA,NA,NA,NA,NA,NA,NA,NA,NA,NA,NA,NA,NA,NA,NA,NA,NA,NA,NA,NA,NA,NA,NA,NA,NA,NA,NA,NA,NA,NA,NA,NA,NA,0,NA,NA,NA
1,EMIG,31,pico,0,NA,NA,1,0,NA,0,NA,NA,NA,NA,NA,NA,NA,NA,NA,NA,NA,NA,NA,NA,NA,1,PICO31,42.37417983,-111.5533881,NA,NA,NA,NA,NA,NA,NA,NA,NA,NA,NA,NA,NA,NA,NA,NA,NA,NA,NA,NA,NA,NA,NA,NA,NA,NA,NA,NA,NA,NA,NA,NA,NA,NA,NA,NA,NA,NA,NA,NA,NA,NA,NA,NA,NA,NA,NA,NA,0,NA,NA,NA
1,EMIG,32,pico,2.6,19.1,7.4,1,0,NA,0,NA,NA,NA,NA,NA,NA,NA,NA,NA,NA,NA,NA,NA,NA,1 tree,1,PICO32,42.37418158,-111.5533923,NA,NA,NA,NA,NA,NA,NA,NA,NA,NA,NA,NA,NA,NA,NA,NA,NA,NA,NA,NA,NA,NA,NA,NA,NA,NA,NA,NA,NA,NA,NA,NA,NA,NA,NA,NA,NA,NA,NA,NA,NA,NA,NA,NA,NA,NA,NA,NA,0,NA,NA,NA
1,EMIG,33,pico,4.1,19.3,3.3,1,0,NA,0,NA,NA,NA,NA,NA,NA,NA,NA,NA,NA,NA,NA,NA,NA,NA,1,PICO33,42.37420197,-111.553383,NA,NA,NA,NA,NA,NA,NA,NA,NA,NA,NA,NA,NA,NA,NA,NA,NA,NA,NA,NA,NA,NA,NA,NA,NA,NA,NA,NA,NA,NA,NA,NA,NA,NA,NA,NA,NA,NA,NA,NA,NA,NA,NA,NA,NA,NA,NA,NA,0,NA,NA,NA
1,EMIG,87,potr,0,NA,NA,1,0,NA,0,NA,NA,NA,NA,NA,NA,NA,NA,NA,NA,NA,NA,NA,NA,2 trees,1,POTR87,42.37420418,-111.5533695,NA,NA,NA,NA,NA,NA,NA,NA,NA,NA,NA,NA,NA,NA,NA,NA,NA,NA,NA,NA,NA,NA,NA,NA,NA,NA,NA,NA,NA,NA,NA,NA,NA,NA,NA,NA,NA,NA,NA,NA,NA,NA,NA,NA,NA,NA,NA,NA,0,NA,NA,NA
1,EMIG,34,pico,4.4,24,1.1,1,0,NA,0,NA,NA,NA,NA,NA,NA,NA,NA,NA,NA,NA,NA,NA,NA,NA,1,PICO34,42.37423927,-111.5533897,NA,NA,NA,NA,NA,NA,NA,NA,NA,NA,NA,NA,NA,NA,NA,NA,NA,NA,NA,NA,NA,NA,NA,NA,NA,NA,NA,NA,NA,NA,NA,NA,NA,NA,NA,NA,NA,NA,NA,NA,NA,NA,NA,NA,NA,NA,NA,NA,0,NA,NA,NA
1,EMIG,35,pico,20,78.3,26.8,1,0,NA,0,NA,NA,NA,NA,NA,NA,NA,NA,NA,NA,NA,NA,NA,NA,NA,1,PICO35,42.37421716,-111.5535964,NA,NA,NA,NA,NA,NA,NA,NA,NA,NA,NA,NA,NA,NA,NA,NA,NA,NA,NA,NA,NA,NA,NA,NA,NA,NA,NA,NA,NA,NA,NA,NA,NA,NA,NA,NA,NA,NA,NA,NA,NA,NA,NA,NA,NA,NA,NA,NA,0,NA,NA,NA
1,EMIG,88,potr,12.3,52.1,36.3,1,0,NA,0,NA,NA,NA,NA,NA,NA,NA,NA,NA,NA,NA,NA,NA,NA,NA,1,POTR88,42.37405816,-111.5536389,NA,NA,NA,NA,NA,NA,NA,NA,NA,NA,NA,NA,NA,NA,NA,NA,NA,NA,NA,NA,NA,NA,NA,NA,NA,NA,NA,NA,NA,NA,NA,NA,NA,NA,NA,NA,NA,NA,NA,NA,NA,NA,NA,NA,NA,NA,NA,NA,0,NA,NA,NA
1,EMIG,89,potr,8.9,43.6,NA,0,0,NA,0,NA,NA,NA,NA,NA,NA,NA,NA,NA,NA,NA,NA,NA,NA,NA,1,POTR89,42.37404271,-111.553634,NA,NA,NA,NA,NA,NA,NA,NA,NA,NA,NA,NA,NA,NA,NA,NA,NA,NA,NA,NA,NA,NA,NA,NA,NA,NA,NA,NA,NA,NA,NA,NA,NA,NA,NA,NA,NA,NA,NA,NA,NA,NA,NA,NA,NA,NA,NA,NA,0,NA,NA,NA
1,EMIG,90,potr,6,27.9,NA,0,0,NA,0,NA,NA,NA,NA,NA,NA,NA,NA,NA,NA,NA,NA,NA,NA,NA,1,POTR90,42.37399855,-111.5536279,NA,NA,NA,NA,NA,NA,NA,NA,NA,NA,NA,NA,NA,NA,NA,NA,NA,NA,NA,NA,NA,NA,NA,NA,NA,NA,NA,NA,NA,NA,NA,NA,NA,NA,NA,NA,NA,NA,NA,NA,NA,NA,NA,NA,NA,NA,NA,NA,0,NA,NA,NA
1,EMIG,91,potr,5.2,18.7,14.3,1,0,NA,0,NA,NA,NA,NA,NA,NA,NA,NA,NA,NA,NA,NA,NA,NA,NA,1,POTR91,42.37399325,-111.5536218,NA,NA,NA,NA,NA,NA,NA,NA,NA,NA,NA,NA,NA,NA,NA,NA,NA,NA,NA,NA,NA,NA,NA,NA,NA,NA,NA,NA,NA,NA,NA,NA,NA,NA,NA,NA,NA,NA,NA,NA,NA,NA,NA,NA,NA,NA,NA,NA,0,NA,NA,NA
1,EMIG,92,potr,0,NA,NA,1,0,NA,0,NA,NA,NA,NA,NA,NA,NA,NA,NA,NA,NA,NA,NA,NA,9 trees,1,POTR92,42.37397044,-111.5536732,NA,NA,NA,NA,NA,NA,NA,NA,NA,NA,NA,NA,NA,NA,NA,NA,NA,NA,NA,NA,NA,NA,NA,NA,NA,NA,NA,NA,NA,NA,NA,NA,NA,NA,NA,NA,NA,NA,NA,NA,NA,NA,NA,NA,NA,NA,NA,NA,0,NA,NA,NA
1,EMIG,93,potr,3.5,18.1,10.5,1,0,NA,0,NA,NA,NA,NA,NA,NA,NA,NA,NA,NA,NA,NA,NA,NA,NA,1,POTR93,42.37396238,-111.5536331,NA,NA,NA,NA,NA,NA,NA,NA,NA,NA,NA,NA,NA,NA,NA,NA,NA,NA,NA,NA,NA,NA,NA,NA,NA,NA,NA,NA,NA,NA,NA,NA,NA,NA,NA,NA,NA,NA,NA,NA,NA,NA,NA,NA,NA,NA,NA,NA,0,NA,NA,NA
1,EMIG,94,potr,5.1,30.9,15.4,1,0,NA,0,NA,NA,NA,NA,NA,NA,NA,NA,NA,NA,NA,NA,NA,NA,NA,1,POTR94,42.37392835,-111.5536359,NA,NA,NA,NA,NA,NA,NA,NA,NA,NA,NA,NA,NA,NA,NA,NA,NA,NA,NA,NA,NA,NA,NA,NA,NA,NA,NA,NA,NA,NA,NA,NA,NA,NA,NA,NA,NA,NA,NA,NA,NA,NA,NA,NA,NA,NA,NA,NA,0,NA,NA,NA
1,EMIG,95,potr,0,NA,NA,1,0,NA,0,NA,NA,NA,NA,NA,NA,NA,NA,NA,NA,NA,NA,NA,NA,1 tree,1,POTR95,42.37393303,-111.5536403,NA,NA,NA,NA,NA,NA,NA,NA,NA,NA,NA,NA,NA,NA,NA,NA,NA,NA,NA,NA,NA,NA,NA,NA,NA,NA,NA,NA,NA,NA,NA,NA,NA,NA,NA,NA,NA,NA,NA,NA,NA,NA,NA,NA,NA,NA,NA,NA,0,NA,NA,NA
1,EMIG,96,potr,2.3,9.8,7.4,1,0,NA,0,NA,NA,NA,NA,NA,NA,NA,NA,NA,NA,NA,NA,NA,NA,NA,1,POTR96,42.37387184,-111.5536712,NA,NA,NA,NA,NA,NA,NA,NA,NA,NA,NA,NA,NA,NA,NA,NA,NA,NA,NA,NA,NA,NA,NA,NA,NA,NA,NA,NA,NA,NA,NA,NA,NA,NA,NA,NA,NA,NA,NA,NA,NA,NA,NA,NA,NA,NA,NA,NA,0,NA,NA,NA
1,EMIG,36,pico,2.2,NA,NA,1,0,NA,0,NA,NA,NA,NA,NA,NA,NA,NA,NA,NA,NA,NA,NA,NA,2 trees,1,PICO36,42.37390721,-111.5536828,NA,NA,NA,NA,NA,NA,NA,NA,NA,NA,NA,NA,NA,NA,NA,NA,NA,NA,NA,NA,NA,NA,NA,NA,NA,NA,NA,NA,NA,NA,NA,NA,NA,NA,NA,NA,NA,NA,NA,NA,NA,NA,NA,NA,NA,NA,NA,NA,0,NA,NA,NA
1,EMIG,97,potr,8.8,66.7,43.8,1,0,NA,0,NA,NA,NA,NA,NA,NA,NA,NA,NA,NA,NA,NA,NA,NA,NA,1,POTR97,42.37389984,-111.5536854,NA,NA,NA,NA,NA,NA,NA,NA,NA,NA,NA,NA,NA,NA,NA,NA,NA,NA,NA,NA,NA,NA,NA,NA,NA,NA,NA,NA,NA,NA,NA,NA,NA,NA,NA,NA,NA,NA,NA,NA,NA,NA,NA,NA,NA,NA,NA,NA,0,NA,NA,NA
1,EMIG,98,potr,7,35.4,32.6,1,0,NA,0,NA,NA,NA,NA,NA,NA,NA,NA,NA,NA,NA,NA,NA,NA,NA,1,POTR98,42.37389054,-111.5537093,NA,NA,NA,NA,NA,NA,NA,NA,NA,NA,NA,NA,NA,NA,NA,NA,NA,NA,NA,NA,NA,NA,NA,NA,NA,NA,NA,NA,NA,NA,NA,NA,NA,NA,NA,NA,NA,NA,NA,NA,NA,NA,NA,NA,NA,NA,NA,NA,0,NA,NA,NA
1,EMIG,99,potr,8,48.7,NA,0,0,NA,0,NA,NA,NA,NA,NA,NA,NA,NA,NA,NA,NA,NA,NA,NA,NA,1,POTR99,42.37388787,-111.5536841,NA,NA,NA,NA,NA,NA,NA,NA,NA,NA,NA,NA,NA,NA,NA,NA,NA,NA,NA,NA,NA,NA,NA,NA,NA,NA,NA,NA,NA,NA,NA,NA,NA,NA,NA,NA,NA,NA,NA,NA,NA,NA,NA,NA,NA,NA,NA,NA,0,NA,NA,NA
1,EMIG,100,potr,0,NA,NA,1,0,NA,0,NA,NA,NA,NA,NA,NA,NA,NA,NA,NA,NA,NA,NA,NA,1 tree,1,POTR100,42.37387346,-111.5536153,NA,NA,NA,NA,NA,NA,NA,NA,NA,NA,NA,NA,NA,NA,NA,NA,NA,NA,NA,NA,NA,NA,NA,NA,NA,NA,NA,NA,NA,NA,NA,NA,NA,NA,NA,NA,NA,NA,NA,NA,NA,NA,NA,NA,NA,NA,NA,NA,0,NA,NA,NA
1,EMIG,101,potr,0,NA,NA,1,0,NA,0,NA,NA,NA,NA,NA,NA,NA,NA,NA,NA,NA,NA,NA,NA,11 trees,1,POTR101,42.37384507,-111.553631,NA,NA,NA,NA,NA,NA,NA,NA,NA,NA,NA,NA,NA,NA,NA,NA,NA,NA,NA,NA,NA,NA,NA,NA,NA,NA,NA,NA,NA,NA,NA,NA,NA,NA,NA,NA,NA,NA,NA,NA,NA,NA,NA,NA,NA,NA,NA,NA,0,NA,NA,NA
1,EMIG,102,potr,2.3,12.4,8.6,1,0,NA,0,NA,NA,NA,NA,NA,NA,NA,NA,NA,NA,NA,NA,NA,NA,1 tree,1,POTR102,42.373837,-111.5536376,NA,NA,NA,NA,NA,NA,NA,NA,NA,NA,NA,NA,NA,NA,NA,NA,NA,NA,NA,NA,NA,NA,NA,NA,NA,NA,NA,NA,NA,NA,NA,NA,NA,NA,NA,NA,NA,NA,NA,NA,NA,NA,NA,NA,NA,NA,NA,NA,0,NA,NA,NA
1,EMIG,103,potr,0,NA,NA,1,0,NA,0,NA,NA,NA,NA,NA,NA,NA,NA,NA,NA,NA,NA,NA,NA,NA,1,POTR103,42.373824,-111.553663,NA,NA,NA,NA,NA,NA,NA,NA,NA,NA,NA,NA,NA,NA,NA,NA,NA,NA,NA,NA,NA,NA,NA,NA,NA,NA,NA,NA,NA,NA,NA,NA,NA,NA,NA,NA,NA,NA,NA,NA,NA,NA,NA,NA,NA,NA,NA,NA,0,NA,NA,NA
1,EMIG,104,potr,2.4,15,8,1,0,NA,0,NA,NA,NA,NA,NA,NA,NA,NA,NA,NA,NA,NA,NA,NA,NA,1,POTR104,42.37384452,-111.5537098,NA,NA,NA,NA,NA,NA,NA,NA,NA,NA,NA,NA,NA,NA,NA,NA,NA,NA,NA,NA,NA,NA,NA,NA,NA,NA,NA,NA,NA,NA,NA,NA,NA,NA,NA,NA,NA,NA,NA,NA,NA,NA,NA,NA,NA,NA,NA,NA,0,NA,NA,NA
1,EMIG,105,potr,0,NA,NA,1,0,NA,0,NA,NA,NA,NA,NA,NA,NA,NA,NA,NA,NA,NA,NA,NA,1 tree,1,POTR105,42.3737976,-111.5536683,NA,NA,NA,NA,NA,NA,NA,NA,NA,NA,NA,NA,NA,NA,NA,NA,NA,NA,NA,NA,NA,NA,NA,NA,NA,NA,NA,NA,NA,NA,NA,NA,NA,NA,NA,NA,NA,NA,NA,NA,NA,NA,NA,NA,NA,NA,NA,NA,0,NA,NA,NA
1,EMIG,106,potr,0,NA,NA,1,0,NA,0,NA,NA,NA,NA,NA,NA,NA,NA,NA,NA,NA,NA,NA,NA,3 trees,1,POTR106,42.37378094,-111.5536495,NA,NA,NA,NA,NA,NA,NA,NA,NA,NA,NA,NA,NA,NA,NA,NA,NA,NA,NA,NA,NA,NA,NA,NA,NA,NA,NA,NA,NA,NA,NA,NA,NA,NA,NA,NA,NA,NA,NA,NA,NA,NA,NA,NA,NA,NA,NA,NA,0,NA,NA,NA
1,EMIG,37,pico,10.5,30.5,9.3,1,0,NA,0,NA,NA,NA,NA,NA,NA,NA,NA,NA,NA,NA,NA,NA,NA,NA,1,PICO37,42.37380083,-111.5537107,NA,NA,NA,NA,NA,NA,NA,NA,NA,NA,NA,NA,NA,NA,NA,NA,NA,NA,NA,NA,NA,NA,NA,NA,NA,NA,NA,NA,NA,NA,NA,NA,NA,NA,NA,NA,NA,NA,NA,NA,NA,NA,NA,NA,NA,NA,NA,NA,0,NA,NA,NA
1,EMIG,2,psmeg,14.9,92.1,NA,1,0,NA,0,NA,NA,NA,NA,NA,NA,NA,NA,NA,NA,NA,NA,NA,NA,NA,1,PSMEG2,42.37421975,-111.553766,NA,NA,NA,NA,NA,NA,NA,NA,NA,NA,NA,NA,NA,NA,NA,NA,NA,NA,NA,NA,NA,NA,NA,NA,NA,NA,NA,NA,NA,NA,NA,NA,NA,NA,NA,NA,NA,NA,NA,NA,NA,NA,NA,NA,NA,NA,NA,NA,0,NA,NA,NA
1,EMIG,3,psmeg,21.3,83.7,7.2,1,0,NA,0,NA,NA,NA,NA,NA,NA,NA,NA,NA,NA,NA,NA,NA,NA,NA,1,PSMEG3,42.37410719,-111.5535772,NA,NA,NA,NA,NA,NA,NA,NA,NA,NA,NA,NA,NA,NA,NA,NA,NA,NA,NA,NA,NA,NA,NA,NA,NA,NA,NA,NA,NA,NA,NA,NA,NA,NA,NA,NA,NA,NA,NA,NA,NA,NA,NA,NA,NA,NA,NA,NA,0,NA,NA,NA
1,EMIG,6,psmeg,19.7,NA,NA,1,0,NA,0,NA,NA,NA,NA,NA,NA,NA,NA,NA,NA,NA,NA,NA,NA,NA,1,PSMEG6,42.37395831,-111.5535183,NA,NA,NA,NA,NA,NA,NA,NA,NA,NA,NA,NA,NA,NA,NA,NA,NA,NA,NA,NA,NA,NA,NA,NA,NA,NA,NA,NA,NA,NA,NA,NA,NA,NA,NA,NA,NA,NA,NA,NA,NA,NA,NA,NA,NA,NA,NA,NA,0,NA,NA,NA
1,EMIG,7,psmeg,10.3,45.5,10.5,1,0,NA,0,NA,NA,NA,NA,NA,NA,NA,NA,NA,NA,NA,NA,NA,NA,NA,1,PSMEG7,42.37386976,-111.5532676,NA,NA,NA,NA,NA,NA,NA,NA,NA,NA,NA,NA,NA,NA,NA,NA,NA,NA,NA,NA,NA,NA,NA,NA,NA,NA,NA,NA,NA,NA,NA,NA,NA,NA,NA,NA,NA,NA,NA,NA,NA,NA,NA,NA,NA,NA,NA,NA,0,NA,NA,NA
1,EMIG,38,pico,15.9,82.4,15.1,1,0,NA,0,NA,NA,NA,NA,NA,NA,NA,NA,NA,NA,NA,NA,NA,NA,NA,1,PICO38,42.37388613,-111.5535144,NA,NA,NA,NA,NA,NA,NA,NA,NA,NA,NA,NA,NA,NA,NA,NA,NA,NA,NA,NA,NA,NA,NA,NA,NA,NA,NA,NA,NA,NA,NA,NA,NA,NA,NA,NA,NA,NA,NA,NA,NA,NA,NA,NA,NA,NA,NA,NA,0,NA,NA,NA
2,EMIG,251,ABLA,2.7,14.2,0,1,0,NA,0,-,-,0,-,0,-,0,-,0,-,0,-,0,-,NA,1,EMIG251,42.37419739999999,-111.5533454,EMIG,251,ABLA,2.7,14.2,0,1,0,NA,0,-,-,0,-,0,-,0,-,0,-,0,-,0,-,NA,2,0,2169,251,NA,Point,2219.046,NA,0.1879189233311126,EMIG_251_218,EMIG_726_498,5.685975137421337,EMIG_697_471,5.560204797109829,NA,42.37423023,-111.5533984,NA,-50.12437734168491,42.37422593,-111.5534009,NA,-55.26700087820391,0,0,1,0
2,EMIG,252,ABLA,2,9.3,0,1,0,NA,0,-,-,0,-,0,-,0,-,0,-,0,-,0,-,NA,1,EMIG252,42.37420205000001,-111.5533495,EMIG,252,ABLA,2,9.3,0,1,0,NA,0,-,-,0,-,0,-,0,-,0,-,0,-,0,-,NA,2,0,2170,252,NA,Point,2219.034,NA,0.1873738435348946,EMIG_252_219,EMIG_726_498,5.099055749341376,EMIG_697_471,4.993999715799852,NA,42.37423023,-111.5533984,NA,-52.14548885724682,42.37422593,-111.5534009,NA,-57.92969202074631,0,0,1,0
2,EMIG,253,ABLA,1.5,10.6,0,1,0,NA,2,-,-,0,-,0,-,0,-,0,-,0,-,0,-,NA,1,EMIG253,42.37413892999999,-111.5533077,EMIG,253,ABLA,1.5,10.6,0,1,0,NA,2,-,-,0,-,0,-,0,-,0,-,0,-,0,-,NA,2,0,2171,253,NA,Point,2219.905,NA,0.1938255545588274,EMIG_253_220,EMIG_271_239,6.589721014592908,EMIG_273_241,6.50436096849144,NA,42.37407974,-111.5533135,NA,-175.8443606132854,42.37409018000001,-111.5533515,NA,-146.3288790648739,0,0,1,0
2,EMIG,254,ABLA,1.3,10.2,0,1,0,NA,1,-,-,0,-,0,-,0,-,0,-,0,-,0,-,NA,1,EMIG254,42.37413146,-111.5533213,EMIG,254,ABLA,1.3,10.2,0,1,0,NA,1,-,-,0,-,0,-,0,-,0,-,0,-,0,-,NA,2,0,2172,254,NA,Point,2217.095,NA,0.1932831335575991,EMIG_254_221,EMIG_271_239,5.7787297099945,EMIG_273_241,5.214656528259372,NA,42.37407974,-111.5533135,NA,173.619476980427,42.37409018000001,-111.5533515,NA,-151.5220751100275,0,0,1,0
2,EMIG,255,ABLA,3.3,16.3,0,1,0,NA,1,-,-,0,-,0,-,0,-,0,-,0,-,0,-,NA,1,EMIG255,42.37413118,-111.5533174,EMIG,255,ABLA,3.3,16.3,0,1,0,NA,1,-,-,0,-,0,-,0,-,0,-,0,-,0,-,NA,2,0,2173,255,NA,Point,2216.48,NA,0.1935747210200908,EMIG_255_222,EMIG_271_239,5.720862299234097,EMIG_273_241,5.348689737504468,NA,42.37407974,-111.5533135,NA,176.7824340711405,42.37409018000001,-111.5533515,NA,-148.3381835348265,0,0,1,0
2,EMIG,256,ABLA,1.9,10.3,0,1,0,NA,1,-,-,0,-,0,-,0,-,0,-,0,-,0,-,NA,1,EMIG256,42.37412832,-111.5533304,EMIG,256,ABLA,1.9,10.3,0,1,0,NA,1,-,-,0,-,0,-,0,-,0,-,0,-,0,-,NA,2,0,2174,256,NA,Point,2215.2,NA,0.1928189673634799,EMIG_256_223,EMIG_271_239,5.57083846101212,EMIG_273_241,4.577487193946566,NA,42.37407974,-111.5533135,NA,165.5361219527516,42.37409018000001,-111.5533515,NA,-157.6963712740975,0,0,1,0
2,EMIG,257,ABLA,1.7,9.9,1,1,0,NA,0,-,-,0,-,0,-,0,-,0,-,0,-,0,-,NA,1,EMIG257,42.37412445,-111.5533377,EMIG,257,ABLA,1.7,9.9,1,1,0,NA,0,-,-,0,-,0,-,0,-,0,-,0,-,0,-,NA,2,0,2175,257,NA,Point,2212.825,NA,0.1925257665505997,EMIG_257_224,EMIG_271_239,5.349453550641648,EMIG_273_241,3.971307399811575,NA,42.37407974,-111.5533135,NA,158.1326024467992,42.37409018000001,-111.5533515,NA,-163.3753456772209,0,0,1,0
2,EMIG,258,ABLA,0,3.9,0,1,0,NA,1,-,-,0,-,0,-,0,-,0,-,0,-,0,-,1 DB,1,EMIG258,42.37412937000001,-111.5533379,EMIG,258,ABLA,NA,3.9,0,1,0,NA,1,-,-,0,-,0,-,0,-,0,-,0,-,0,-,1 DB,2,0,2176,258,NA,Point,2215.127,NA,0.1922302149355463,EMIG_258_225,EMIG_271_239,5.865610246028173,EMIG_273_241,4.493368078338616,NA,42.37407974,-111.5533135,NA,159.9712455477028,42.37409018000001,-111.5533515,NA,-165.5700866395699,0,0,1,0
2,EMIG,259,ABLA,11.1,38.2,5.2,1,0,NA,2,-,-,0,-,0,-,0,-,0,-,0,-,0,-,2 DB,1,EMIG259,42.37412686,-111.5533369,EMIG,259,ABLA,11.1,38.2,5.2,1,0,NA,2,-,-,0,-,0,-,0,-,0,-,0,-,0,-,2 DB,2,0,2177,259,NA,Point,2213.767,NA,0.1924441125402211,EMIG_259_226,EMIG_271_239,5.575589542002109,EMIG_273_241,4.246591009041175,NA,42.37407974,-111.5533135,NA,159.7852296992896,42.37409018000001,-111.5533515,NA,-163.5567968026268,0,0,1,0
2,EMIG,260,ABLA,1.3,9.4,2.1,1,0,NA,0,-,-,0,-,0,-,0,-,0,-,0,-,0,-,NA,1,EMIG260,42.37411494,-111.5533037,EMIG,260,ABLA,1.3,9.4,2.1,1,0,NA,0,-,-,0,-,0,-,0,-,0,-,0,-,0,-,NA,2,0,2178,260,NA,Point,2216.988,NA,0.1954648831250077,EMIG_260_227,EMIG_271_239,3.990984353189257,EMIG_273_241,4.800732704080108,NA,42.37407974,-111.5533135,NA,-168.3360413877638,42.37409018000001,-111.5533515,NA,-124.9379029529341,0,0,1,0
2,EMIG,261,ABLA,1.9,10.1,2.4,1,0,NA,0,-,-,0,-,0,-,0,-,0,-,0,-,0,-,NA,1,EMIG261,42.37411616000001,-111.5533048,EMIG,261,ABLA,1.9,10.1,2.4,1,0,NA,0,-,-,0,-,0,-,0,-,0,-,0,-,0,-,NA,2,0,2179,261,NA,Point,2215.511,NA,0.1953177245985409,EMIG_261_228,EMIG_271_239,4.106985504294777,EMIG_273_241,4.80683139133667,NA,42.37407974,-111.5533135,NA,-169.9557183746568,42.37409018000001,-111.5533515,NA,-126.880212082521,0,0,1,0
2,EMIG,274,ABLA,1.1,7.1,0,1,0,NA,1,-,-,0,-,0,-,0,-,0,-,0,-,0,-,NA,1,EMIG274,42.37411508,-111.553318,EMIG,274,ABLA,1.1,7.1,0,1,0,NA,1,-,-,0,-,0,-,0,-,0,-,0,-,0,-,NA,2,0,2192,274,NA,Point,2213.77,NA,0.1944495635502066,EMIG_274_229,EMIG_271_239,3.941568334781648,EMIG_273_241,3.905368653398991,NA,42.37407974,-111.5533135,NA,174.6063703050686,42.37409018000001,-111.5533515,NA,-135.0696898942666,0,0,1,0
2,EMIG,262,ABLA,3.7,29.6,0,1,0,NA,1,-,-,0,-,0,-,0,-,0,-,0,-,0,-,NA,1,EMIG262,42.37411665999999,-111.5533067,EMIG,262,ABLA,3.7,29.6,0,1,0,NA,1,-,-,0,-,0,-,0,-,0,-,0,-,0,-,NA,2,0,2180,262,NA,Point,2206.267,NA,0.1951552249093414,EMIG_262_230,EMIG_271_239,4.137611074745035,EMIG_273_241,4.717049647725489,NA,42.37407974,-111.5533135,NA,-172.223403982181,42.37409018000001,-111.5533515,NA,-128.5602165684731,0,0,1,0
2,EMIG,263,ABLA,4.2,21.4,10.4,1,0,NA,0,-,-,0,-,0,-,0,-,0,-,0,-,0,-,NA,1,EMIG263,42.37411398999999,-111.5533105,EMIG,263,ABLA,4.2,21.4,10.4,1,0,NA,0,-,-,0,-,0,-,0,-,0,-,0,-,0,-,NA,2,0,2181,263,NA,Point,2208.956,NA,0.1950400214405035,EMIG_263_231,EMIG_271_239,3.811096736959772,EMIG_273_241,4.28775872502326,NA,42.37407974,-111.5533135,NA,-176.2840330891226,42.37409018000001,-111.5533515,NA,-128.0683515716722,0,0,1,0
2,EMIG,264,ABLA,0,5.8,0,1,0,NA,0,-,-,0,-,0,-,0,-,0,-,0,-,0,-,Rot in area,1,EMIG264,42.37411054999999,-111.5532983,EMIG,264,ABLA,NA,5.8,0,1,0,NA,0,-,-,0,-,0,-,0,-,0,-,0,-,0,-,Rot in area,2,0,2182,264,NA,Point,2212.83,NA,0.1960962057869987,EMIG_264_232,EMIG_271_239,3.642821301367317,EMIG_273_241,4.929643074859308,NA,42.37407974,-111.5533135,NA,-159.9072143684819,42.37409018000001,-111.5533515,NA,-117.3115574682545,0,0,1,0
2,EMIG,265,ABLA,0,8.1,0,1,0,NA,0,-,-,0,-,0,-,0,-,0,-,0,-,0,-,Rot in area,1,EMIG265,42.37410129,-111.5533082,EMIG,265,ABLA,NA,8.1,0,1,0,NA,0,-,-,0,-,0,-,0,-,0,-,0,-,0,-,Rot in area,2,0,2183,265,NA,Point,2211.864,NA,0.1959321869755386,EMIG_265_233,EMIG_271_239,2.43235155025205,EMIG_273_241,3.772425933563867,NA,42.37407974,-111.5533135,NA,-169.6651743681639,42.37409018000001,-111.5533515,NA,-109.0877306716121,0,0,1,0
2,EMIG,266,ABLA,1.7,10.6,0,1,0,NA,0,-,-,0,-,0,-,0,-,0,-,0,-,0,-,Rot in area,1,EMIG266,42.37410134,-111.5533074,EMIG,266,ABLA,1.7,10.6,0,1,0,NA,0,-,-,0,-,0,-,0,-,0,-,0,-,0,-,Rot in area,2,0,2184,266,NA,Point,2211.635,NA,0.195985447143837,EMIG_266_234,EMIG_271_239,2.450460582264823,EMIG_273_241,3.836521003415476,NA,42.37407974,-111.5533135,NA,-168.1732176228824,42.37409018000001,-111.5533515,NA,-108.8444106189907,0,0,1,0
2,EMIG,267,ABLA,1.1,8.6,0,1,0,NA,0,-,-,0,-,0,-,0,-,0,-,0,-,0,-,Rot in area,1,EMIG267,42.37408236000001,-111.5532901,EMIG,267,ABLA,1.1,8.6,0,1,0,NA,0,-,-,0,-,0,-,0,-,0,-,0,-,0,-,Rot in area,2,0,2185,267,NA,Point,2219.949,NA,0.1982990444973634,EMIG_267_235,EMIG_271_239,1.948431185143322,EMIG_292_259,2.796065894100416,NA,42.37407974,-111.5533135,NA,-98.58698801628995,42.374065,-111.5532655,NA,133.5834290024707,0,0,1,0
2,EMIG,268,ABLA,1.1,8.8,0,1,0,NA,0,-,-,0,-,0,-,0,-,0,-,0,-,0,-,Rot in area,1,EMIG268,42.37408545999999,-111.5533001,EMIG,268,ABLA,1.1,8.8,0,1,0,NA,0,-,-,0,-,0,-,0,-,0,-,0,-,0,-,Rot in area,2,0,2186,268,NA,Point,2217.24,NA,0.1974188277967237,EMIG_268_236,EMIG_271_239,1.273024298900483,EMIG_292_259,3.643697566778081,NA,42.37407974,-111.5533135,NA,-119.9288570112987,42.374065,-111.5532655,NA,128.5723977982135,0,0,1,0
2,EMIG,269,ABLA,5.9,31.7,0,1,0,NA,1,-,-,0,-,0,-,0,-,0,-,0,-,0,-,Rot in area,1,EMIG269,42.37409358999999,-111.5532803,EMIG,269,ABLA,5.9,31.7,0,1,0,NA,1,-,-,0,-,0,-,0,-,0,-,0,-,0,-,Rot in area,2,0,2187,269,NA,Point,2211.732,NA,0.1983357597967081,EMIG_269_237,EMIG_271_239,3.136377558260785,EMIG_292_259,3.400428933152455,NA,42.37407974,-111.5533135,NA,-119.3628818361499,42.374065,-111.5532655,NA,159.0013992118707,0,0,1,0
2,EMIG,270,ABLA,0,5.7,0,1,0,NA,0,-,-,0,-,0,-,0,-,0,-,0,-,0,-,Rot in area,1,EMIG270,42.37408080000001,-111.5532995,EMIG,270,ABLA,NA,5.7,0,1,0,NA,0,-,-,0,-,0,-,0,-,0,-,0,-,0,-,Rot in area,2,0,2188,270,NA,Point,2213.043,NA,0.1977331021136018,EMIG_270_238,EMIG_271_239,1.158654421582514,EMIG_292_259,3.303658621384829,NA,42.37407974,-111.5533135,NA,-95.83041382093744,42.374065,-111.5532655,NA,122.0765706415759,0,0,1,0
2,EMIG,271,ABLA,2.9,17.5,0,1,1,NA,0,-,-,0,-,1,-,0,-,0,-,0,-,0,-,NA,1,EMIG271,42.37407974,-111.5533135,EMIG,271,ABLA,2.9,17.5,0,1,0,NA,0,-,-,0,-,0,-,0,-,0,-,0,-,0,-,NA,2,-1,2189,271,NA,Point,2213.657,NA,0.1968186645974744,EMIG_271_239,EMIG_292_259,4.277496587115246,EMIG_273_241,3.336510707930746,NA,42.374065,-111.5532655,NA,112.4968977423251,42.37409018000001,-111.5533515,NA,-69.66900069884608,1,0,2,1
2,EMIG,272,ABLA,0,3.4,0,1,0,NA,0,-,-,0,-,0,-,0,-,0,-,0,-,0,-,NA,1,EMIG272,42.37408775999999,-111.5533318,EMIG,272,ABLA,NA,3.4,0,1,0,NA,0,-,-,0,-,0,-,0,-,0,-,0,-,0,-,NA,2,0,2190,272,NA,Point,2211.897,NA,0.1950712240136165,EMIG_272_240,EMIG_271_239,1.750191071486908,EMIG_273_241,1.644066561587514,NA,42.37407974,-111.5533135,NA,120.5852643297846,42.37409018000001,-111.5533515,NA,-80.59308647341895,0,0,1,0
2,EMIG,273,ABLA,0,6.7,0,1,0,NA,0,-,-,0,-,0,-,0,-,0,-,0,-,0,-,NA,1,EMIG273,42.37409018000001,-111.5533515,EMIG,273,ABLA,NA,6.7,0,1,1,NA,0,-,-,0,-,0,-,0,-,1,-,0,-,0,-,NA,2,1,2191,273,NA,Point,2211.467,NA,0.1935571019039951,EMIG_273_241,EMIG_271_239,3.336510707930746,EMIG_292_259,7.612668061714833,NA,42.37407974,-111.5533135,NA,110.330973690358,42.374065,-111.5532655,NA,111.5477761435872,0,1,1,0
2,EMIG,275,ABLA,4.5,27.6,0,1,0,NA,0,-,-,0,-,0,-,0,-,0,-,0,-,0,-,NA,1,EMIG275,42.37409327000001,-111.5533639,EMIG,275,ABLA,4.5,27.6,0,1,0,NA,0,-,-,0,-,0,-,0,-,0,-,0,-,0,-,NA,2,0,2193,275,NA,Point,2211.404,NA,0.1925121021925156,EMIG_275_242,EMIG_271_239,4.413170356681063,EMIG_273_241,1.077041443419731,NA,42.37407974,-111.5533135,NA,109.902801779445,42.37409018000001,-111.5533515,NA,108.5763099902986,0,0,1,0
2,EMIG,276,ABLA,1.4,10.9,0,1,0,NA,0,-,-,0,-,0,-,0,-,0,-,0,-,0,-,NA,1,EMIG276,42.37409601,-111.5533249,EMIG,276,ABLA,1.4,10.9,0,1,0,NA,0,-,-,0,-,0,-,0,-,0,-,0,-,0,-,NA,2,0,2194,276,NA,Point,2209.687,NA,0.1950690428798771,EMIG_276_243,EMIG_271_239,2.035872756213095,EMIG_273_241,2.28372740867233,NA,42.37407974,-111.5533135,NA,152.5465144606661,42.37409018000001,-111.5533515,NA,-106.4671157297016,0,0,1,0
2,EMIG,277,ABLA,3,19.5,5.7,1,0,NA,0,-,-,0,-,0,-,0,-,0,-,0,-,0,-,NA,1,EMIG277,42.3740853,-111.5533298,EMIG,277,ABLA,3,19.5,5.7,1,0,NA,0,-,-,0,-,0,-,0,-,0,-,0,-,0,-,NA,2,0,2195,277,NA,Point,2205.541,NA,0.1953555219519755,EMIG_277_244,EMIG_271_239,1.477223161943877,EMIG_273_241,1.866988907981425,NA,42.37407974,-111.5533135,NA,114.7039939694601,42.37409018000001,-111.5533515,NA,-73.12781996650368,0,0,1,0
2,EMIG,278,ABLA,0,7.1,0,1,0,NA,0,-,-,0,-,0,-,0,-,0,-,0,-,0,-,NA,1,EMIG278,42.37407787999999,-111.5533285,EMIG,278,ABLA,NA,7.1,0,1,0,NA,0,-,-,0,-,0,-,0,-,0,-,0,-,0,-,NA,2,0,2196,278,NA,Point,2207.688,NA,0.1958846677581361,EMIG_278_245,EMIG_271_239,1.252144038831032,EMIG_273_241,2.334799364886056,NA,42.37407974,-111.5533135,NA,80.50606858281331,42.37409018000001,-111.5533515,NA,-54.19937604782081,0,0,1,0
2,EMIG,279,ABLA,1.9,12.1,2.21,1,0,NA,0,-,-,0,-,0,-,0,-,0,-,0,-,0,-,NA,1,EMIG279,42.37406361999999,-111.5533288,EMIG,279,ABLA,1.9,12.1,2.21,1,0,NA,0,-,-,0,-,0,-,0,-,0,-,0,-,0,-,NA,2,0,2197,279,NA,Point,2210.986,NA,0.1967137967535477,EMIG_279_246,EMIG_271_239,2.188776281006304,EMIG_273_241,3.49152537062017,NA,42.37407974,-111.5533135,NA,35.13633994533897,42.37409018000001,-111.5533515,NA,-32.36315197803994,0,0,1,0
2,EMIG,280,ABLA,2.6,14.7,4.4,1,0,NA,1,-,-,0,-,0,-,0,-,0,-,0,-,0,-,1 DB,1,EMIG280,42.37406706,-111.5533296,EMIG,280,ABLA,2.6,14.7,4.4,1,0,NA,1,-,-,0,-,0,-,0,-,0,-,0,-,0,-,1 DB,2,0,2198,280,NA,Point,2210.097,NA,0.1964525062506599,EMIG_280_247,EMIG_271_239,1.9337785791877251,EMIG_273_241,3.137157575347206,NA,42.37407974,-111.5533135,NA,43.27309013388778,42.37409018000001,-111.5533515,NA,-35.0823256225946,0,0,1,0
2,EMIG,281,ABLA,6.3,26.5,0,1,0,NA,0,-,-,0,-,0,-,0,-,0,-,0,-,0,-,NA,1,EMIG281,42.37408858999999,-111.5532652,EMIG,281,ABLA,6.3,26.5,0,1,0,NA,0,-,-,0,-,0,-,0,-,0,-,0,-,0,-,NA,2,0,2199,281,NA,Point,2210.052,NA,0.1996849034398982,EMIG_281_248,EMIG_292_259,2.619525425136334,EMIG_292_259,2.619525425136334,NA,42.374065,-111.5532655,NA,-179.4597419854961,42.374065,-111.5532655,NA,-179.4597419854961,0,0,2,1
2,EMIG,282,ABLA,3.8,26,6.2,1,0,NA,0,-,-,0,-,0,-,0,-,0,-,0,-,0,-,NA,1,EMIG282,42.37405922,-111.5532883,EMIG,282,ABLA,3.8,26,6.2,1,0,NA,0,-,-,0,-,0,-,0,-,0,-,0,-,0,-,NA,2,0,2200,282,NA,Point,2211.433,NA,0.1997847018690142,EMIG_282_249,EMIG_292_259,1.983874661047245,EMIG_292_259,1.983874661047245,NA,42.374065,-111.5532655,NA,71.12460689042194,42.374065,-111.5532655,NA,71.12460689042194,0,0,2,1
2,EMIG,283,ABLA,2.9,19.8,5.4,1,0,NA,0,-,-,0,-,0,-,0,-,0,-,0,-,0,-,NA,1,EMIG283,42.37405657999999,-111.5532988,EMIG,283,ABLA,2.9,19.8,5.4,1,0,NA,0,-,-,0,-,0,-,0,-,0,-,0,-,0,-,NA,2,0,2201,283,NA,Point,2210.844,NA,0.1992126905794391,EMIG_283_250,EMIG_271_239,2.842227624639484,EMIG_292_259,2.896717492997054,NA,42.37407974,-111.5533135,NA,-25.20294047782973,42.374065,-111.5532655,NA,71.16999584970148,0,0,1,0
2,EMIG,284,ABLA,0,0.9,0,1,0,NA,2,-,-,0,-,0,-,0,-,0,-,0,-,0,-,"5 Dead, 2 DB",1,EMIG284,42.37405381,-111.5532987,EMIG,284,ABLA,NA,0.9,0,1,0,NA,2,-,-,0,-,0,-,0,-,0,-,0,-,0,-,"5 Dead, 2 DB",2,0,2202,284,NA,Point,2211.337,NA,0.1993849098381207,EMIG_284_251,EMIG_292_259,3.002605039002971,EMIG_292_259,3.002605039002971,NA,42.374065,-111.5532655,NA,65.55521421354977,42.374065,-111.5532655,NA,65.55521421354977,0,0,2,1
2,EMIG,285,ABLA,1,7.6,2.7,1,0,NA,0,-,-,0,-,0,-,0,-,0,-,0,-,0,-,NA,1,EMIG285,42.37405826,-111.5533059,EMIG,285,ABLA,1,7.6,2.7,1,0,NA,0,-,-,0,-,0,-,0,-,0,-,0,-,0,-,NA,2,0,2203,285,NA,Point,2210.544,NA,0.1986202572810139,EMIG_285_252,EMIG_271_239,2.465830548928317,EMIG_292_259,3.409405592358214,NA,42.37407974,-111.5533135,NA,-14.70014309771289,42.374065,-111.5532655,NA,77.31966389903107,0,0,1,0
2,EMIG,286,ABLA,1.9,12.3,0,1,0,NA,0,-,-,0,-,0,-,0,-,0,-,0,-,0,-,NA,1,EMIG286,42.3740486,-111.5533389,EMIG,286,ABLA,1.9,12.3,0,1,0,NA,0,-,-,0,-,0,-,0,-,0,-,0,-,0,-,NA,2,0,2204,286,NA,Point,2211.367,NA,0.1969237143539025,EMIG_286_253,EMIG_271_239,4.040966352765248,EMIG_273_241,4.732111072168638,NA,42.37407974,-111.5533135,NA,31.16562672468902,42.37409018000001,-111.5533515,NA,-12.66348455459432,0,0,1,0
2,EMIG,287,ABLA,1.4,8.9,0,1,0,NA,0,-,-,0,-,0,-,0,-,0,-,0,-,0,-,NA,1,EMIG287,42.37404478,-111.5533219,EMIG,287,ABLA,1.4,8.9,0,1,0,NA,0,-,-,0,-,0,-,0,-,0,-,0,-,0,-,NA,2,0,2205,287,NA,Point,2212.563,NA,0.1983256117205751,EMIG_287_254,EMIG_271_239,3.943047495559822,EMIG_292_259,5.157884168856237,NA,42.37407974,-111.5533135,NA,10.10172746048452,42.374065,-111.5532655,NA,64.19583410967104,0,0,1,0
2,EMIG,288,ABLA,1.6,10,0,1,0,NA,0,-,-,0,-,0,-,0,-,0,-,0,-,0,-,NA,1,EMIG288,42.37402575999999,-111.553307,EMIG,288,ABLA,1.6,10,0,1,0,NA,0,-,-,0,-,0,-,0,-,0,-,0,-,0,-,NA,2,0,2206,288,NA,Point,2212.857,NA,0.2005076639370556,EMIG_288_255,EMIG_454_269,5.52747912511232,EMIG_292_259,5.53710741684544,NA,42.37401705000001,-111.5533731,NA,-100.0769561537701,42.374065,-111.5532655,NA,38.10292272372178,0,0,1,0
2,EMIG,289,ABLA,1.3,8.5,0,1,0,NA,0,-,-,0,-,0,-,0,-,0,-,0,-,0,-,NA,1,EMIG289,42.37404125999999,-111.5533188,EMIG,289,ABLA,1.3,8.5,0,1,0,NA,0,-,-,0,-,0,-,0,-,0,-,0,-,0,-,NA,2,0,2207,289,NA,Point,2208.746,NA,0.198752552621072,EMIG_289_256,EMIG_271_239,4.295003457564662,EMIG_292_259,5.119220031978641,NA,42.37407974,-111.5533135,NA,5.831206098915016,42.374065,-111.5532655,NA,59.00688145727973,0,0,1,0
2,EMIG,290,ABLA,2.4,15,0,1,0,NA,0,-,-,0,-,0,-,0,-,0,-,0,-,0,-,NA,1,EMIG290,42.37405362,-111.5532989,EMIG,290,ABLA,2.4,15,0,1,0,NA,0,-,-,0,-,0,-,0,-,0,-,0,-,0,-,NA,2,0,2208,290,NA,Point,2211.012,NA,0.1993824027957033,EMIG_290_257,EMIG_292_259,3.026351385075233,EMIG_292_259,3.026351385075233,NA,42.374065,-111.5532655,NA,65.32060251540224,42.374065,-111.5532655,NA,65.32060251540224,0,0,2,1
2,EMIG,291,ABLA,1.2,8.6,0,1,0,NA,0,-,-,0,-,0,-,0,-,0,-,0,-,0,-,NA,1,EMIG291,42.37405561,-111.5532979,EMIG,291,ABLA,1.2,8.6,0,1,0,NA,0,-,-,0,-,0,-,0,-,0,-,0,-,0,-,NA,2,0,2209,291,NA,Point,2209.109,NA,0.1993329296791838,EMIG_291_258,EMIG_292_259,2.86411426482174,EMIG_292_259,2.86411426482174,NA,42.374065,-111.5532655,NA,68.6513962972867,42.374065,-111.5532655,NA,68.6513962972867,0,0,2,1
2,EMIG,292,ABLA,2.7,17.1,0,1,1,NA,1,-,-,1,-,1,-,0,-,0,-,0,-,0,-,"1 DB, Obstructed Low, WOB",1,EMIG292,42.374065,-111.5532655,EMIG,292,ABLA,2.7,17.1,0,1,1,NA,1,-,-,1,-,0,-,0,-,0,-,0,-,0,-,"1 DB, Obstructed Low, WOB",2,0,2210,292,NA,Point,2210.291,NA,0.2010326204995492,EMIG_292_259,EMIG_271_239,4.277496587115246,EMIG_273_241,7.612668061714833,NA,42.37407974,-111.5533135,NA,-67.50306990720361,42.37409018000001,-111.5533515,NA,-68.45216589514605,2,1,1,0
2,EMIG,293,ABLA,2.2,13.9,0,1,0,NA,0,-,-,0,-,0,-,0,-,0,-,0,-,0,-,NA,1,EMIG293,42.37404905999999,-111.5532587,EMIG,293,ABLA,2.2,13.9,0,1,0,NA,0,-,-,0,-,0,-,0,-,0,-,0,-,0,-,NA,2,0,2212,293,NA,Point,2212.324,NA,0.2024444635759499,EMIG_293_260,EMIG_292_259,1.856396885512762,EMIG_292_259,1.856396885512762,NA,42.374065,-111.5532655,NA,-17.55290450719258,42.374065,-111.5532655,NA,-17.55290450719258,0,0,2,1
2,EMIG,294,ABLA,4.6,25,0,1,0,NA,0,-,-,0,-,0,-,0,-,0,-,0,-,0,-,NA,1,EMIG294,42.37404399,-111.5532697,EMIG,294,ABLA,4.6,25,0,1,0,NA,0,-,-,0,-,0,-,0,-,0,-,0,-,0,-,NA,2,0,2213,294,NA,Point,2212.211,NA,0.2019811451021367,EMIG_294_261,EMIG_292_259,2.358417197835699,EMIG_292_259,2.358417197835699,NA,42.374065,-111.5532655,NA,8.4312763116797,42.374065,-111.5532655,NA,8.4312763116797,0,0,2,1
2,EMIG,295,ABLA,0,5.8,0,1,0,NA,0,-,-,0,-,0,-,0,-,0,-,0,-,0,-,NA,1,EMIG295,42.37402149999999,-111.5533182,EMIG,295,ABLA,NA,5.8,0,1,0,NA,0,-,-,0,-,0,-,0,-,0,-,0,-,0,-,NA,2,0,2214,295,NA,Point,2211.002,NA,0.2000015365381616,EMIG_295_262,EMIG_454_269,4.547008547857299,EMIG_456_270,5.592839782118234,NA,42.37401705000001,-111.5533731,NA,-96.23863322637763,42.37399479999999,-111.5533758,NA,-122.0118992383492,0,0,1,0
2,EMIG,296,ABLA,0,4.8,0,1,0,NA,0,-,-,0,-,0,-,0,-,0,-,0,-,0,-,NA,1,EMIG296,42.37400499,-111.5532936,EMIG,296,ABLA,NA,4.8,0,1,0,NA,0,-,-,0,-,0,-,0,-,0,-,0,-,0,-,NA,2,0,2215,296,NA,Point,2210.108,NA,0.2027010971819764,EMIG_296_263,EMIG_454_269,6.68105401147325,EMIG_456_270,6.861706417566857,NA,42.37401705000001,-111.5533731,NA,-78.4374638720352,42.37399479999999,-111.5533758,NA,-99.49132623651599,0,0,1,0
2,EMIG,297,ABLA,2.2,13,0,1,0,NA,0,-,-,0,-,0,-,0,-,0,-,0,-,0,-,NA,1,EMIG297,42.37400008,-111.5532987,EMIG,297,ABLA,2.2,13,0,1,0,NA,0,-,-,0,-,0,-,0,-,0,-,0,-,0,-,NA,2,0,2216,297,NA,Point,2210.493,NA,0.202656906599569,EMIG_297_264,EMIG_456_270,6.374891975285029,EMIG_456_270,6.374891975285029,NA,42.37399479999999,-111.5533758,NA,-95.2768054249226,42.37399479999999,-111.5533758,NA,-95.2768054249226,0,0,2,2
2,EMIG,298,ABLA,2.4,13.5,0,1,0,NA,0,-,-,0,-,0,-,0,-,0,-,0,-,0,-,NA,1,EMIG298,42.37399095999999,-111.5533101,EMIG,298,ABLA,2.4,13.5,0,1,0,NA,0,-,-,0,-,0,-,0,-,0,-,0,-,0,-,NA,2,0,2217,298,NA,Point,2211.361,NA,0.2024502133513819,EMIG_298_265,EMIG_456_270,5.426058256449524,EMIG_456_270,5.426058256449524,NA,42.37399479999999,-111.5533758,NA,-85.4929239275314,42.37399479999999,-111.5533758,NA,-85.4929239275314,0,0,2,2
2,EMIG,451,ABLA,3.3,17.8,0,1,0,NA,1,-,-,0,-,0,-,0,-,0,-,0,-,0,-,WOB,1,EMIG451,42.37398455,-111.5533292,EMIG,451,ABLA,3.3,17.8,0,1,0,NA,1,-,-,0,-,0,-,0,-,0,-,0,-,0,-,WOB,2,0,2219,451,NA,Point,2211.446,NA,0.2015611642533576,EMIG_451_266,EMIG_459_273,3.890981181416142,EMIG_456_270,4.001973778671917,NA,42.37397591000001,-111.553375,NA,-104.2742751322057,42.37399479999999,-111.5533758,NA,-73.47717723346807,0,0,1,0
2,EMIG,452,ABLA,0,9.2,0,1,0,NA,0,-,-,0,-,0,-,0,-,0,-,0,-,0,-,NA,1,EMIG452,42.37397726999999,-111.5533307,EMIG,452,ABLA,NA,9.2,0,1,0,NA,0,-,-,0,-,0,-,0,-,0,-,0,-,0,-,NA,2,0,2220,452,NA,Point,2211.963,NA,0.2019222994469086,EMIG_452_267,EMIG_459_273,3.650478393871064,EMIG_456_270,4.192482624011921,NA,42.37397591000001,-111.553375,NA,-92.37087322226307,42.37399479999999,-111.5533758,NA,-62.33593253690976,0,0,1,0
2,EMIG,453,ABLA,4.2,24.2,0,1,0,NA,0,-,-,0,-,0,-,0,-,0,-,0,-,0,-,NA,1,EMIG453,42.37398587000001,-111.5533353,EMIG,453,ABLA,4.2,24.2,0,1,0,NA,0,-,-,0,-,0,-,0,-,0,-,0,-,0,-,NA,2,0,2221,453,NA,Point,2212.016,NA,0.2010657633296999,EMIG_453_268,EMIG_459_273,3.450653020447408,EMIG_456_270,3.478797468104656,NA,42.37397591000001,-111.553375,NA,-108.6933922513694,42.37399479999999,-111.5533758,NA,-73.4390657012647,0,0,1,0
2,EMIG,454,ABLA,5.5,34.1,0,1,1,NA,4,-,-,0,-,0,-,1,-,0,-,0,-,0,-,2 DB,1,EMIG454,42.37401705000001,-111.5533731,EMIG,454,ABLA,5.5,34.1,0,1,0,NA,4,-,-,0,-,0,-,0,-,0,-,0,-,0,-,2 DB,2,-1,2222,454,NA,Point,2212.78,NA,0.1965408414120599,EMIG_454_269,EMIG_456_270,2.480597530191471,EMIG_456_270,2.480597530191471,NA,42.37399479999999,-111.5533758,NA,-174.858532359063,42.37399479999999,-111.5533758,NA,-174.858532359063,1,0,2,2
2,EMIG,456,ABLA,3.8,14.9,0,1,1,NA,0,-,-,0,-,0,-,1,-,0,-,1,-,0,-,NA,1,EMIG456,42.37399479999999,-111.5533758,EMIG,456,ABLA,3.8,14.9,0,1,1,NA,0,-,-,0,-,1,-,0,-,1,-,0,-,0,-,NA,2,0,2223,456,NA,Point,2212.186,NA,0.1977695023449621,EMIG_456_270,EMIG_459_273,2.098559780853094,EMIG_273_241,10.7782110887814,NA,42.37397591000001,-111.553375,NA,178.2013910952627,42.37409018000001,-111.5533515,NA,10.69748547936885,2,2,1,0
2,EMIG,457,ABLA,2.3,13.5,0,1,0,NA,1,-,-,0,-,0,-,0,-,0,-,0,-,0,-,1 DB,1,EMIG457,42.37398801,-111.553378,EMIG,457,ABLA,2.3,13.5,0,1,0,NA,1,-,-,0,-,0,-,0,-,0,-,0,-,0,-,1 DB,2,0,2224,457,NA,Point,2211.083,NA,0.1980568590303032,EMIG_457_271,EMIG_456_270,0.7754072691244084,EMIG_456_270,0.7754072691244084,NA,42.37399479999999,-111.5533758,NA,13.50892116659569,42.37399479999999,-111.5533758,NA,13.50892116659569,0,0,2,2
2,EMIG,458,ABLA,1.4,10.3,0,1,0,NA,0,-,-,0,-,0,-,0,-,0,-,0,-,0,-,NA,1,EMIG458,42.373986,-111.5533883,EMIG,458,ABLA,1.4,10.3,0,1,0,NA,0,-,-,0,-,0,-,0,-,0,-,0,-,0,-,NA,2,0,2225,458,NA,Point,2209.666,NA,0.1974964927765177,EMIG_458_272,EMIG_456_270,1.419149039126322,EMIG_456_270,1.419149039126322,NA,42.37399479999999,-111.5533758,NA,46.48524030294094,42.37399479999999,-111.5533758,NA,46.48524030294094,0,0,2,2
2,EMIG,459,ABLA,1.1,9.5,0,1,1,NA,0,-,-,0,-,0,-,0,-,1,-,0,-,0,-,NA,1,EMIG459,42.37397591000001,-111.553375,EMIG,459,ABLA,1.1,9.5,0,1,0,NA,0,-,-,0,-,0,-,0,-,0,-,0,-,0,-,NA,2,-1,2226,459,NA,Point,2211.25,NA,0.1990375988374814,EMIG_459_273,EMIG_456_270,2.098559780853094,EMIG_456_270,2.098559780853094,NA,42.37399479999999,-111.5533758,NA,-1.798608365563676,42.37399479999999,-111.5533758,NA,-1.798608365563676,1,0,2,2
2,EMIG,460,ABLA,0,5.8,0,1,0,NA,0,-,-,0,-,0,-,0,-,0,-,0,-,0,-,NA,1,EMIG460,42.37398622999999,-111.5533967,EMIG,460,ABLA,NA,5.8,0,1,0,NA,0,-,-,0,-,0,-,0,-,0,-,0,-,0,-,NA,2,0,2228,460,NA,Point,2212.213,NA,0.1969201412226097,EMIG_460_274,EMIG_456_270,1.966358346063078,EMIG_456_270,1.966358346063078,NA,42.37399479999999,-111.5533758,NA,61.05679934381047,42.37399479999999,-111.5533758,NA,61.05679934381047,0,0,2,2
2,EMIG,461,ABLA,1.3,9.7,0,1,0,NA,1,-,-,0,-,0,-,0,-,0,-,0,-,0,-,1 DB,1,EMIG461,42.37396946999999,-111.5533764,EMIG,461,ABLA,1.3,9.7,0,1,0,NA,1,-,-,0,-,0,-,0,-,0,-,0,-,0,-,1 DB,2,0,2229,461,NA,Point,2211.438,NA,0.199361605953139,EMIG_461_275,EMIG_459_273,0.7243212443646163,EMIG_456_270,2.813050527439368,NA,42.37397591000001,-111.553375,NA,9.156803541766553,42.37399479999999,-111.5533758,NA,1.006219399192961,0,0,1,0
2,EMIG,462,ABLA,1.2,8.4,0,1,0,NA,0,-,-,0,-,0,-,0,-,0,-,0,-,0,-,NA,1,EMIG462,42.37396774999999,-111.5533793,EMIG,462,ABLA,1.2,8.4,0,1,0,NA,0,-,-,0,-,0,-,0,-,0,-,0,-,0,-,NA,2,0,2230,462,NA,Point,2210.981,NA,0.1992802360451071,EMIG_462_276,EMIG_459_273,0.9727876592844089,EMIG_456_270,3.017395377210799,NA,42.37397591000001,-111.553375,NA,21.34209233971842,42.37399479999999,-111.5533758,NA,5.48018030814122,0,0,1,0
2,EMIG,463,ABLA,1,7.3,0,1,0,NA,0,-,-,0,-,0,-,0,-,0,-,0,-,0,-,NA,1,EMIG463,42.37395208,-111.553385,EMIG,463,ABLA,1,7.3,0,1,0,NA,0,-,-,0,-,0,-,0,-,0,-,0,-,0,-,NA,2,0,2231,463,NA,Point,2212.828,NA,0.1999278984792455,EMIG_463_277,EMIG_459_273,2.771190661859597,EMIG_456_270,4.803680093397599,NA,42.37397591000001,-111.553375,NA,17.28371383597143,42.37399479999999,-111.5533758,NA,9.072495497261507,0,0,1,0
2,EMIG,464,ABLA,1.2,7.9,0,1,0,NA,0,-,-,0,-,0,-,0,-,0,-,0,-,0,-,NA,1,EMIG464,42.37393792,-111.5533825,EMIG,464,ABLA,1.2,7.9,0,1,0,NA,0,-,-,0,-,0,-,0,-,0,-,0,-,0,-,NA,2,0,NA,464,NA,Point,2212.559,NA,0.2010292139330561,EMIG_464_278,EMIG_459_273,4.263325971575236,EMIG_456_270,6.339939793967796,NA,42.37397591000001,-111.553375,NA,8.327982075568071,42.37399479999999,-111.5533758,NA,4.991554420500245,0,0,1,0
2,EMIG,465,ABLA,1.2,8.5,0,1,0,NA,0,-,-,0,-,0,-,0,-,0,-,0,-,0,-,NA,1,EMIG465,42.37393792,-111.5533825,EMIG,465,ABLA,1.2,8.5,0,1,0,NA,0,-,-,0,-,0,-,0,-,0,-,0,-,0,-,NA,2,0,2232,465,NA,Point,2212.559,NA,0.2010292139330561,EMIG_465_279,EMIG_459_273,4.263325971575236,EMIG_456_270,6.339939793967796,NA,42.37397591000001,-111.553375,NA,8.327982075568071,42.37399479999999,-111.5533758,NA,4.991554420500245,0,0,1,0
2,EMIG,466,ABLA,0,5.3,0,1,0,NA,2,-,-,0,-,0,-,0,-,0,-,0,-,0,-,WOB,1,EMIG466,42.37393735,-111.5533835,EMIG,466,ABLA,NA,5.3,0,1,0,NA,2,-,-,0,-,0,-,0,-,0,-,0,-,0,-,WOB,2,0,2233,466,NA,Point,2212.295,NA,0.2010011608090636,EMIG_466_280,EMIG_459_273,4.338478285553422,EMIG_456_270,6.410612307277797,NA,42.37397591000001,-111.553375,NA,9.282819490340257,42.37399479999999,-111.5533758,NA,5.675423705274057,0,0,1,0
2,EMIG,467,ABLA,5.6,33.4,0,1,1,NA,1,NA,-,0,-,0,-,0,-,0,-,1,NA,0,-,NA,1,EMIG467,42.37394494,-111.5532556,EMIG,467,ABLA,5.6,33.4,0,1,0,NA,1,NA,-,0,-,0,-,0,-,0,-,0,-,0,-,NA,2,-1,2234,467,NA,Point,2208.628,NA,0.2090393275997189,EMIG_467_281,EMIG_470_285,2.771334421995736,EMIG_476_291,3.252590070469275,NA,42.37394345,-111.553222,NA,93.4225689027058,42.37392390999998,-111.5532281,NA,135.8842666894101,1,0,2,0
2,EMIG,468,ABLA,2.5,16.3,0,1,0,NA,0,-,-,0,-,0,-,0,-,0,-,0,-,0,-,NA,1,EMIG468,42.37394024999999,-111.5532494,EMIG,468,ABLA,2.5,16.3,0,1,0,NA,0,-,-,0,-,0,-,0,-,0,-,0,-,0,-,NA,2,0,2235,468,NA,Point,2212.262,NA,0.209755147311441,EMIG_468_282,EMIG_467_281,0.7292316577647745,EMIG_476_291,2.523372312906626,NA,42.37394494,-111.5532556,NA,-44.42732484002822,42.37392390999998,-111.5532281,NA,135.9743187878007,0,0,1,0
2,EMIG,299,ABLA,0,4.8,0,1,0,NA,0,-,-,0,-,0,-,0,-,0,-,0,-,0,-,NA,1,EMIG299,42.37400024000001,-111.5533261,EMIG,299,ABLA,NA,4.8,0,1,0,NA,0,-,-,0,-,0,-,0,-,0,-,0,-,0,-,NA,2,0,2218,299,NA,Point,2207.288,NA,0.2007829663679473,EMIG_299_283,EMIG_456_270,4.136295194349342,EMIG_456_270,4.136295194349342,NA,42.37399479999999,-111.5533758,NA,-98.39731431616366,42.37399479999999,-111.5533758,NA,-98.39731431616366,0,0,2,2
2,EMIG,469,ABLA,0,6.5,0,1,0,NA,1,-,-,0,-,0,-,0,-,0,-,0,-,0,-,1 DB,1,EMIG469,42.37394345,-111.553222,EMIG,469,ABLA,NA,6.5,0,1,0,NA,1,-,-,0,-,0,-,0,-,0,-,0,-,0,-,1 DB,2,0,NA,469,NA,Point,2211.724,NA,0.2114060175986105,EMIG_469_284,EMIG_467_281,2.771334421995736,EMIG_476_291,2.227069797315618,NA,42.37394494,-111.5532556,NA,-86.57740845201987,42.37392390999998,-111.5532281,NA,-166.966986994795,0,0,1,0
2,EMIG,470,ABLA,1.8,7.5,0,1,1,NA,1,-,-,0,-,1,-,0,-,0,-,0,-,1,-,1 DB,1,EMIG470,42.37394345,-111.553222,EMIG,470,ABLA,1.8,7.5,0,1,0,NA,1,-,-,0,-,0,-,0,-,0,-,0,-,0,-,1 DB,2,-1,NA,470,NA,Point,2211.724,NA,0.2114060175986105,EMIG_470_285,EMIG_467_281,2.771334421995736,EMIG_476_291,2.227069797315618,NA,42.37394494,-111.5532556,NA,-86.57740845201987,42.37392390999998,-111.5532281,NA,-166.966986994795,2,0,1,0
2,EMIG,471,ABLA,1.9,8.5,0,1,1,NA,2,-,-,0,-,0,-,0,-,0,-,1,-,0,-,2 DB,1,EMIG471,42.37394345,-111.553222,EMIG,471,ABLA,1.9,8.5,0,1,0,NA,2,-,-,0,-,0,-,0,-,0,-,0,-,0,-,2 DB,2,-1,2236,471,NA,Point,2211.724,NA,0.2114060175986105,EMIG_471_286,EMIG_467_281,2.771334421995736,EMIG_476_291,2.227069797315618,NA,42.37394494,-111.5532556,NA,-86.57740845201987,42.37392390999998,-111.5532281,NA,-166.966986994795,1,0,1,0
2,EMIG,472,ABLA,1.3,8.2,0,1,0,NA,0,-,-,0,-,0,-,0,-,0,-,0,-,0,-,NA,1,EMIG472,42.37394038,-111.5532438,EMIG,472,ABLA,1.3,8.2,0,1,0,NA,0,-,-,0,-,0,-,0,-,0,-,0,-,0,-,NA,2,0,2237,472,NA,Point,2210.15,NA,0.2101247887405819,EMIG_472_287,EMIG_467_281,1.095558759491193,EMIG_476_291,2.239518455146551,NA,42.37394494,-111.5532556,NA,-62.47258272076992,42.37392390999998,-111.5532281,NA,144.7467909560577,0,0,1,0
2,EMIG,473,ABLA,3.8,22.4,0,1,0,NA,0,-,-,0,-,0,-,0,-,0,-,0,-,0,-,NA,1,EMIG473,42.37394063,-111.5532418,EMIG,473,ABLA,3.8,22.4,0,1,0,NA,0,-,-,0,-,0,-,0,-,0,-,0,-,0,-,NA,2,0,2238,473,NA,Point,2209.374,NA,0.2102440029540443,EMIG_473_288,EMIG_467_281,1.23287439716892,EMIG_476_291,2.172362390530095,NA,42.37394494,-111.5532556,NA,-67.15865881143088,42.37392390999998,-111.5532281,NA,148.7191436450926,0,0,1,0
2,EMIG,474,ABLA,0,6.5,0,1,0,NA,0,-,-,0,-,0,-,0,-,0,-,0,-,0,-,NA,1,EMIG474,42.37392988,-111.5532366,EMIG,474,ABLA,NA,6.5,0,1,0,NA,0,-,-,0,-,0,-,0,-,0,-,0,-,0,-,NA,2,0,2239,474,NA,Point,2209.26,NA,0.2112769780386567,EMIG_474_289,EMIG_470_285,1.927536676642958,EMIG_476_291,0.9639521314565792,NA,42.37394345,-111.553222,NA,38.58144687666275,42.37392390999998,-111.5532281,NA,133.4477155156073,0,0,2,0
2,EMIG,475,ABLA,1.5,10.1,0,1,0,NA,0,-,-,0,-,0,-,0,-,0,-,0,-,0,-,NA,1,EMIG475,42.37391955,-111.5532263,EMIG,475,ABLA,1.5,10.1,0,1,0,NA,0,-,-,0,-,0,-,0,-,0,-,0,-,0,-,NA,2,0,2240,475,NA,Point,2209.146,NA,0.2126286098605946,EMIG_475_290,EMIG_470_285,2.677341538969805,EMIG_477_292,0.08994155185124529,NA,42.37394345,-111.553222,NA,7.59863355911181,42.37392035999999,-111.5532263,NA,0,0,0,2,0
2,EMIG,476,ABLA,3.1,18.9,2,1,0,NA,2,-,-,0,-,0,-,0,-,0,-,0,-,0,-,2 DB,1,EMIG476,42.37392390999998,-111.5532281,EMIG,476,ABLA,3.1,18.9,2,1,1,NA,2,-,-,0,-,1,-,0,-,0,-,0,-,0,-,2 DB,2,1,2241,476,NA,Point,2208.762,NA,0.21222950770790391,EMIG_476_291,EMIG_470_285,2.227069797315618,EMIG_477_292,0.4211264890850919,NA,42.37394345,-111.553222,NA,13.03300889401021,42.37392035999999,-111.5532263,NA,159.3956748098466,0,1,2,0
2,EMIG,477,ABLA,9.7,36.7,5.9,1,0,NA,4,-,-,0,-,0,-,0,-,0,-,0,-,0,-,3 DB,1,EMIG477,42.37392035999999,-111.5532263,EMIG,477,ABLA,9.7,36.7,5.9,1,1,NA,4,-,-,1,-,0,-,0,-,0,-,1,-,0,-,3 DB,2,1,2242,477,NA,Point,2202.34,NA,0.2125769303707656,EMIG_477_292,EMIG_470_285,2.588217117062683,EMIG_476_291,0.4211264890850919,NA,42.37394345,-111.553222,NA,7.861916589364599,42.37392390999998,-111.5532281,NA,-20.60432397701421,0,2,2,0
2,EMIG,478,ABLA,3.1,10.9,1.8,1,0,NA,0,-,-,0,-,0,-,0,-,0,-,0,-,0,-,NA,1,EMIG478,42.37391293,-111.5532203,EMIG,478,ABLA,3.1,10.9,1.8,1,0,NA,0,-,-,0,-,0,-,0,-,0,-,0,-,0,-,NA,2,0,2243,478,NA,Point,2202.226,NA,0.2134549451521525,EMIG_478_293,EMIG_470_285,3.391798000996756,EMIG_477_292,0.9616089308779907,NA,42.37394345,-111.553222,NA,-2.365044234541413,42.37392035999999,-111.5532263,NA,-30.91199967393609,0,0,2,0
2,EMIG,479,ABLA,1.3,8,0,1,0,NA,0,-,-,0,-,0,-,0,-,0,-,0,-,0,-,NA,1,EMIG479,42.37390645999999,-111.5532152,EMIG,479,ABLA,1.3,8,0,1,0,NA,0,-,-,0,-,0,-,0,-,0,-,0,-,0,-,NA,2,0,2244,479,NA,Point,2203.714,NA,0.2142117284519793,EMIG_479_294,EMIG_470_285,4.145312500717193,EMIG_477_292,1.793716899146269,NA,42.37394345,-111.553222,NA,-7.762075868057461,42.37392035999999,-111.5532263,NA,-30.63048419820209,0,0,2,0
2,EMIG,480,ABLA,0,3.2,0,1,0,NA,0,-,-,0,-,0,-,0,-,0,-,0,-,0,-,NA,1,EMIG480,42.37390416000001,-111.5532033,EMIG,480,ABLA,NA,3.2,0,1,0,NA,0,-,-,0,-,0,-,0,-,0,-,0,-,0,-,NA,2,0,2245,480,NA,Point,2205.502,NA,0.215158217622734,EMIG_480_295,EMIG_485_301,3.665242028416194,EMIG_477_292,2.611847595110336,NA,42.37388908,-111.5531637,NA,117.184044088373,42.37392035999999,-111.5532263,NA,-46.47114084930868,0,0,4,3
2,EMIG,481,ABLA,2.1,12.8,0,1,0,NA,0,-,-,0,-,0,-,0,-,0,-,0,-,0,-,NA,1,EMIG481,42.37388964000001,-111.5532255,EMIG,481,ABLA,2.1,12.8,0,1,0,NA,0,-,-,0,-,0,-,0,-,0,-,0,-,0,-,NA,2,0,2246,481,NA,Point,2209.009,NA,0.214608019157492,EMIG_481_296,EMIG_485_301,5.088568546456238,EMIG_484_300,0.7850101407830394,NA,42.37388908,-111.5531637,NA,90.70014546888494,42.37388753,-111.5532346,NA,-107.3649795144149,0,0,4,3
2,EMIG,482,ABLA,1.7,9.4,0.8,1,0,NA,3,-,-,0,-,0,-,0,-,0,-,0,-,0,-,1 DB,1,EMIG482,42.37388218,-111.5532471,EMIG,482,ABLA,1.7,9.4,0.8,1,0,NA,3,-,-,0,-,0,-,0,-,0,-,0,-,0,-,1 DB,2,0,2247,482,NA,Point,2211.226,NA,0.2136592195676272,EMIG_482_297,EMIG_485_301,6.909197103343178,EMIG_484_300,1.188311751080021,NA,42.37388908,-111.5531637,NA,83.63328326373488,42.37388753,-111.5532346,NA,60.00542296292989,0,0,4,3
2,EMIG,483,ABLA,0,5.7,0,1,0,NA,0,-,-,0,-,0,-,0,-,0,-,0,-,0,-,NA,1,EMIG483,42.37389403,-111.553239,EMIG,483,ABLA,NA,5.7,0,1,0,NA,0,-,-,0,-,0,-,0,-,0,-,0,-,0,-,NA,2,0,2248,483,NA,Point,2210.5,NA,0.2134229121155351,EMIG_483_298,EMIG_470_285,5.663232891188236,EMIG_484_300,0.8075668475674481,NA,42.37394345,-111.553222,NA,14.30886847659237,42.37388753,-111.5532346,NA,153.3467874424765,0,0,2,0
2,EMIG,7429,ABLA,4.9,35.4,2,1,0,NA,1,-,-,0,-,0,-,0,-,0,-,0,-,0,-,1 DB,1,EMIG7429,42.37389604999999,-111.5532359,EMIG,7429,ABLA,4.9,35.4,2,1,0,NA,1,-,-,0,-,0,-,0,-,0,-,0,-,0,-,1 DB,2,0,2291,7429,NA,Point,2211.499,NA,0.2134982682037076,EMIG_7429_299,EMIG_470_285,5.386230849862145,EMIG_484_300,0.9520873011125046,NA,42.37394345,-111.553222,NA,12.26732852327154,42.37388753,-111.5532346,NA,173.5451968552043,0,0,2,0
2,EMIG,484,ABLA,1.7,NA,0,1,0,NA,3,-,-,0,-,0,-,0,-,0,-,0,-,0,-,"Bent, WOB",1,EMIG484,42.37388753,-111.5532346,EMIG,484,ABLA,1.7,NA,0,1,1,NA,3,-,-,0,-,1,-,0,-,0,-,0,-,0,-,"Bent, WOB",2,1,2249,484,NA,Point,2208.278,NA,0.2141392423604047,EMIG_484_300,EMIG_485_301,5.839957057765898,EMIG_477_292,3.708907260950911,NA,42.37388908,-111.5531637,NA,88.31115783016661,42.37392035999999,-111.5532263,NA,10.61738751941991,0,1,4,3
2,EMIG,485,ABLA,4.4,21.3,0,1,1,NA,0,-,-,0,-,1,-,1,-,0,-,1,-,1,-,NA,1,EMIG485,42.37388908,-111.5531637,EMIG,485,ABLA,4.4,21.3,0,1,1,NA,0,-,-,0,-,1,-,0,-,0,-,1,-,1,-,NA,2,0,2250,485,NA,Point,2209.794,NA,0.2187843363281393,EMIG_485_301,EMIG_491_307,1.948501343754671,EMIG_488_304,2.295971494171785,NA,42.37387225,-111.553157,NA,163.5543370814464,42.37388564999999,-111.5531362,NA,99.54854871954157,4,3,1,0
2,EMIG,486,ABLA,1.8,6.9,0,1,0,NA,0,-,-,0,-,0,-,0,-,0,-,0,-,0,-,Broken top,1,EMIG486,42.37388692999999,-111.5531346,EMIG,486,ABLA,1.8,6.9,0,1,0,NA,0,-,-,0,-,0,-,0,-,0,-,0,-,0,-,Broken top,2,0,NA,486,NA,Point,2213.058,NA,0.2208831867997233,EMIG_486_302,EMIG_496_312,2.168778705480838,EMIG_488_304,0.1937898118427185,NA,42.37386742999999,-111.5531331,NA,176.7355612829286,42.37388564999999,-111.5531362,NA,-137.1741078995643,0,0,1,2
2,EMIG,487,ABLA,3.8,22.7,0,1,1,NA,0,-,-,0,-,1,-,0,-,1,-,2,-,1,-,NA,1,EMIG487,42.37388692999999,-111.5531346,EMIG,487,ABLA,3.8,22.7,0,1,1,NA,0,-,-,0,-,1,-,1,-,1,-,1,-,0,-,NA,2,0,2251,487,NA,Point,2213.058,NA,0.2208831867997233,EMIG_487_303,EMIG_496_312,2.168778705480838,EMIG_488_304,0.1937898118427185,NA,42.37386742999999,-111.5531331,NA,176.7355612829286,42.37388564999999,-111.5531362,NA,-137.1741078995643,5,4,1,2
2,EMIG,488,ABLA,2.2,13.4,0,1,0,NA,0,-,-,0,-,0,-,0,-,0,-,0,-,0,-,NA,1,EMIG488,42.37388564999999,-111.5531362,EMIG,488,ABLA,2.2,13.4,0,1,1,NA,0,-,-,1,-,0,-,0,-,0,-,0,-,0,-,NA,2,1,2252,488,NA,Point,2210.539,NA,0.2208561485950337,EMIG_488_304,EMIG_487_303,0.1937898118427185,EMIG_487_303,0.1937898118427185,NA,42.37388692999999,-111.5531346,NA,42.82589102209047,42.37388692999999,-111.5531346,NA,42.82589102209047,0,1,5,4
2,EMIG,489,ABLA,2.3,12.2,0,1,0,NA,0,-,-,0,-,0,-,0,-,0,-,0,-,0,-,NA,1,EMIG489,42.37387251999999,-111.5531202,EMIG,489,ABLA,2.3,12.2,0,1,0,NA,0,-,-,0,-,0,-,0,-,0,-,0,-,0,-,NA,2,0,2253,489,NA,Point,2209.782,NA,0.2227685138334522,EMIG_489_305,EMIG_496_312,1.203116704659634,EMIG_496_312,1.203116704659634,NA,42.37386742999999,-111.5531331,NA,-118.0193701775766,42.37386742999999,-111.5531331,NA,-118.0193701775766,0,0,1,2
2,EMIG,490,ABLA,1.7,9.4,0,1,1,NA,0,-,-,0,-,0,-,0,-,0,-,1,-,0,-,NA,1,EMIG490,42.37386982,-111.5531523,EMIG,490,ABLA,1.7,9.4,0,1,1,NA,0,-,-,0,-,0,-,0,-,1,-,0,-,0,-,NA,2,0,2254,490,NA,Point,2209.356,NA,0.2207827244703868,EMIG_490_306,EMIG_492_308,0.3748021612506784,EMIG_494_310,1.496510569775148,NA,42.37387033,-111.5531568,NA,-81.30974380843168,42.37385832999998,-111.5531618,NA,-148.4891924204171,1,1,1,0
2,EMIG,491,ABLA,1.6,9.4,0,1,1,NA,1,-,-,0,-,0,-,0,-,1,-,0,-,0,-,WOB,1,EMIG491,42.37387225,-111.553157,EMIG,491,ABLA,1.6,9.4,0,1,0,NA,1,-,-,0,-,0,-,0,-,0,-,0,-,0,-,WOB,2,-1,2255,491,NA,Point,2208.449,NA,0.2203114829381735,EMIG_491_307,EMIG_492_308,0.2138297607304139,EMIG_490_306,0.4717498895770392,NA,42.37387033,-111.5531568,NA,175.5833852265028,42.37386982,-111.5531523,NA,124.8873968723737,1,0,1,0
2,EMIG,492,ABLA,0,8.3,0,1,1,NA,0,-,-,0,-,1,-,0,-,0,-,0,-,0,-,NA,1,EMIG492,42.37387033,-111.5531568,EMIG,492,ABLA,NA,8.3,0,1,0,NA,0,-,-,0,-,0,-,0,-,0,-,0,-,0,-,NA,2,-1,2256,492,NA,Point,2209.251,NA,0.2204483077640766,EMIG_492_308,EMIG_491_307,0.2138297607304139,EMIG_490_306,0.3748021612506784,NA,42.37387225,-111.553157,NA,-4.416614638704089,42.37386982,-111.5531523,NA,98.69025315872338,1,0,1,0
2,EMIG,493,ABLA,2.8,19.5,3.1,1,0,NA,0,-,-,0,-,0,-,0,-,0,-,0,-,0,-,NA,1,EMIG493,42.37385948999999,-111.5531655,EMIG,493,ABLA,2.8,19.5,3.1,1,1,NA,0,-,-,0,-,1,-,0,-,1,-,0,-,0,-,NA,2,1,2257,493,NA,Point,2209.481,NA,0.2205668977754052,EMIG_493_309,EMIG_495_311,0.223485009586168,EMIG_495_311,0.223485009586168,NA,42.37386133,-111.5531666,NA,-23.90657077143883,42.37386133,-111.5531666,NA,-23.90657077143883,0,2,1,3
2,EMIG,494,ABLA,1.8,12.6,1.3,1,1,NA,0,-,-,0,-,1,-,1,-,0,-,0,-,0,-,NA,1,EMIG494,42.37385832999998,-111.5531618,EMIG,494,ABLA,1.8,12.6,1.3,1,1,NA,0,-,-,0,-,1,-,0,-,0,-,1,-,0,-,NA,2,0,2258,494,NA,Point,2209.461,NA,0.2208890046484412,EMIG_494_310,EMIG_495_311,0.5168648989103609,EMIG_493_309,0.3307444896056433,NA,42.37386133,-111.5531666,NA,-49.87217398716671,42.37385948999999,-111.5531655,NA,-67.08033014752529,2,2,1,3
2,EMIG,495,ABLA,2.4,15.1,1.4,1,1,NA,0,-,-,0,-,1,-,0,-,0,-,0,-,0,-,NA,1,EMIG495,42.37386133,-111.5531666,EMIG,495,ABLA,2.4,15.1,1.4,1,1,NA,0,-,-,1,-,1,-,0,-,0,-,1,-,0,-,NA,2,0,2259,495,NA,Point,2211.659,NA,0.2203741531912115,EMIG_495_311,EMIG_494_310,0.5168648989103609,EMIG_493_309,0.223485009586168,NA,42.37385832999998,-111.5531618,NA,130.1278227777993,42.37385948999999,-111.5531655,NA,156.0934284871992,1,3,2,2
2,EMIG,496,ABLA,2.6,13.7,0,1,1,NA,0,-,-,0,-,1,-,0,-,0,-,0,-,0,-,Rot in area,1,EMIG496,42.37386742999999,-111.5531331,EMIG,496,ABLA,2.6,13.7,0,1,1,NA,0,-,-,1,-,0,-,0,-,0,-,1,-,0,-,Rot in area,2,0,NA,496,NA,Point,2208.861,NA,0.2222246732727914,EMIG_496_312,EMIG_490_306,1.602918354595745,EMIG_490_306,1.602918354595745,NA,42.37386982,-111.5531523,NA,-80.47008355693418,42.37386982,-111.5531523,NA,-80.47008355693418,1,2,1,1
2,EMIG,497,ABLA,2.5,14.1,0,1,1,NA,0,-,-,1,-,0,-,1,-,0,-,1,-,0,-,Rot in area,1,EMIG497,42.37386742999999,-111.5531331,EMIG,497,ABLA,2.5,14.1,0,1,1,NA,0,-,-,1,-,0,-,1,-,1,-,1,3-1,1,-,Rot in area,2,0,2261,497,NA,Point,2208.861,NA,0.2222246732727914,EMIG_497_313,EMIG_490_306,1.602918354595745,EMIG_490_306,1.602918354595745,NA,42.37386982,-111.5531523,NA,-80.47008355693418,42.37386982,-111.5531523,NA,-80.47008355693418,3,5,1,1
2,EMIG,498,ABLA,1.1,7.5,0,1,0,NA,0,-,-,0,-,0,-,0,-,0,-,0,-,0,-,NA,1,EMIG498,42.37385784000001,-111.5531346,EMIG,498,ABLA,1.1,7.5,0,1,0,NA,0,-,-,0,-,0,-,0,-,0,-,0,-,0,-,NA,2,0,2262,498,NA,Point,2207.734,NA,0.2227392708287119,EMIG_498_314,EMIG_541_318,0.7910309588004253,EMIG_541_318,0.7910309588004253,NA,42.37385073,-111.553134,NA,176.4195461254377,42.37385073,-111.553134,NA,176.4195461254377,0,0,2,1
2,EMIG,499,ABLA,1.3,10,1.2,1,0,NA,0,-,-,0,-,0,-,0,-,0,-,0,-,0,-,NA,1,EMIG499,42.37385020999999,-111.5531276,EMIG,499,ABLA,1.3,10,1.2,1,0,NA,0,-,-,0,-,0,-,0,-,0,-,0,-,0,-,NA,2,0,2263,499,NA,Point,2209.391,NA,0.2236994877788423,EMIG_499_315,EMIG_541_318,0.5300865700888117,EMIG_541_318,0.5300865700888117,NA,42.37385073,-111.553134,NA,-83.746584903315,42.37385073,-111.553134,NA,-83.746584903315,0,0,2,1
2,EMIG,500,ABLA,2,11.5,0,1,0,NA,0,-,-,0,-,0,-,0,-,0,-,0,-,0,-,NA,1,EMIG500,42.3738475,-111.5531235,EMIG,500,ABLA,2,11.5,0,1,0,NA,0,-,-,0,-,0,-,0,-,0,-,0,-,0,-,NA,2,0,2264,500,NA,Point,2208.747,NA,0.2241486329979742,EMIG_500_316,EMIG_541_318,0.9359443565360569,EMIG_541_318,0.9359443565360569,NA,42.37385073,-111.553134,NA,-67.46782892098975,42.37385073,-111.553134,NA,-67.46782892098975,0,0,2,1
2,EMIG,540,ABLA,0,6.5,0,1,0,NA,0,-,-,0,-,0,-,0,-,0,-,0,-,0,-,NA,1,EMIG540,42.37385469,-111.5531397,EMIG,540,ABLA,NA,6.5,0,1,0,NA,0,-,-,0,-,0,-,0,-,0,-,0,-,0,-,NA,2,0,2265,540,NA,Point,2207.354,NA,0.2226009138209563,EMIG_540_317,EMIG_541_318,0.6431099232934101,EMIG_541_318,0.6431099232934101,NA,42.37385073,-111.553134,NA,133.1358936494173,42.37385073,-111.553134,NA,133.1358936494173,0,0,2,1
2,EMIG,541,ABLA,2.1,12.1,2.3,1,1,NA,0,-,-,0,-,1,-,0,-,0,-,0,-,1,-,NA,1,EMIG541,42.37385073,-111.553134,EMIG,541,ABLA,2.1,12.1,2.3,1,1,NA,0,-,-,0,-,0,-,0,-,0,-,0,-,1,-,NA,2,0,2266,541,NA,Point,2208.621,NA,0.2232378216031936,EMIG_541_318,EMIG_496_312,1.855830399194087,EMIG_544_321,1.848238970947355,NA,42.37386742999999,-111.5531331,NA,2.288322361203559,42.37384882,-111.5531563,NA,-96.58916613346766,2,1,1,2
2,EMIG,542,ABLA,1.5,10.2,4.7,1,0,NA,0,-,-,0,-,0,-,0,-,0,-,0,-,0,-,NA,1,EMIG542,42.3738448,-111.5531467,EMIG,542,ABLA,1.5,10.2,4.7,1,0,NA,0,-,-,0,-,0,-,0,-,0,-,0,-,0,-,NA,2,0,2267,542,NA,Point,2207.061,NA,0.222774642736015,EMIG_542_319,EMIG_541_318,1.23568461135753,EMIG_544_321,0.9077346814026138,NA,42.37385073,-111.553134,NA,57.80032657162088,42.37384882,-111.5531563,NA,-60.54446907244882,0,0,2,1
2,EMIG,543,ABLA,1.4,9.8,3.6,1,0,NA,0,-,-,0,-,0,-,0,-,0,-,0,-,0,-,NA,1,EMIG543,42.3738426,-111.5531508,EMIG,543,ABLA,1.4,9.8,3.6,1,0,NA,0,-,-,0,-,0,-,0,-,0,-,0,-,0,-,NA,2,0,2268,543,NA,Point,2208.413,NA,0.2226449924029687,EMIG_543_320,EMIG_541_318,1.651722672512469,EMIG_544_321,0.8258763617264208,NA,42.37385073,-111.553134,NA,56.86944310957947,42.37384882,-111.5531563,NA,-33.25084543643736,0,0,2,1
2,EMIG,544,ABLA,4.6,20.1,1.7,1,0,NA,0,-,-,0,-,0,-,0,-,0,-,0,-,0,-,NA,1,EMIG544,42.37384882,-111.5531563,EMIG,544,ABLA,4.6,20.1,1.7,1,1,NA,0,-,-,0,-,0,-,0,-,0,-,0,-,1,-,NA,2,1,2269,544,NA,Point,2207.676,NA,0.2218735920005624,EMIG_544_321,EMIG_494_310,1.148978672247193,EMIG_494_310,1.148978672247193,NA,42.37385832999998,-111.5531618,NA,-23.2109428646645,42.37385832999998,-111.5531618,NA,-23.2109428646645,0,1,2,2
2,EMIG,545,ABLA,1.3,8.1,4,1,0,NA,0,-,-,0,-,0,-,0,-,0,-,0,-,0,-,split at bottom,1,EMIG545,42.37385132999999,-111.5531655,EMIG,545,ABLA,1.3,8.1,4,1,0,NA,0,-,-,0,-,0,-,0,-,0,-,0,-,0,-,split at bottom,2,0,2270,545,NA,Point,2208.136,NA,0.2210976088963797,EMIG_545_322,EMIG_494_310,0.834837668867269,EMIG_544_321,0.8071133208101774,NA,42.37385832999998,-111.5531618,NA,21.40146814554954,42.37384882,-111.5531563,NA,110.2009794254723,0,0,2,2
2,EMIG,546,ABLA,1.2,8.6,3.9,1,0,NA,0,-,-,0,-,0,-,0,-,0,-,0,-,0,-,NA,1,EMIG546,42.37383668999999,-111.5531419,EMIG,546,ABLA,1.2,8.6,3.9,1,0,NA,0,-,-,0,-,0,-,0,-,0,-,0,-,0,-,NA,2,0,2271,546,NA,Point,2209.124,NA,0.2236226051816745,EMIG_546_323,EMIG_541_318,1.689231266404283,EMIG_541_318,1.689231266404283,NA,42.37385073,-111.553134,NA,22.64661543948473,42.37385073,-111.553134,NA,22.64661543948473,0,0,2,1
2,EMIG,547,ABLA,1.1,8.4,1.6,1,0,NA,0,-,-,0,-,0,-,0,-,0,-,0,-,0,-,NA,1,EMIG547,42.37382853,-111.5531293,EMIG,547,ABLA,1.1,8.4,1.6,1,0,NA,0,-,-,0,-,0,-,0,-,0,-,0,-,0,-,NA,2,0,2272,547,NA,Point,2209.412,NA,0.2249932040432181,EMIG_547_324,EMIG_541_318,2.495252835081726,EMIG_541_318,2.495252835081726,NA,42.37385073,-111.553134,NA,-8.921487778652372,42.37385073,-111.553134,NA,-8.921487778652372,0,0,2,1
2,EMIG,548,ABLA,0,6.7,0,1,0,NA,0,-,-,0,-,0,-,0,-,0,-,0,-,0,-,1 Dead,1,EMIG548,42.37383242999999,-111.5531418,EMIG,548,ABLA,NA,6.7,0,1,0,NA,0,-,-,0,-,0,-,0,-,0,-,0,-,0,-,1 Dead,2,0,2273,548,NA,Point,2208.966,NA,0.223907591110159,EMIG_548_325,EMIG_541_318,2.13107850406949,EMIG_541_318,2.13107850406949,NA,42.37385073,-111.553134,NA,17.53866142502045,42.37385073,-111.553134,NA,17.53866142502045,0,0,2,1
2,EMIG,549,ABLA,1.9,10.9,0,1,0,NA,0,-,-,0,-,0,-,0,-,0,-,0,-,0,-,NA,1,EMIG549,42.37383835,-111.5531522,EMIG,549,ABLA,1.9,10.9,0,1,0,NA,0,-,-,0,-,0,-,0,-,0,-,0,-,0,-,NA,2,0,2274,549,NA,Point,2207.415,NA,0.2228294867995985,EMIG_549_326,EMIG_541_318,2.033492474018882,EMIG_544_321,1.210594099860447,NA,42.37385073,-111.553134,NA,47.46732553005362,42.37384882,-111.5531563,NA,-16.19118494857311,0,0,2,1
2,EMIG,550,ABLA,2.4,10.4,0,1,0,NA,0,-,-,0,-,0,-,0,-,0,-,0,-,0,-,NA,1,EMIG550,42.37383581,-111.5531504,EMIG,550,ABLA,2.4,10.4,0,1,0,NA,0,-,-,0,-,0,-,0,-,0,-,0,-,0,-,NA,2,0,2275,550,NA,Point,2208.348,NA,0.223115235180519,EMIG_550_327,EMIG_541_318,2.137258340409233,EMIG_544_321,1.524101729572393,NA,42.37385073,-111.553134,NA,39.1811339818562,42.37384882,-111.5531563,NA,-18.58569954622035,0,0,2,1
2,EMIG,551,ABLA,1.4,8.7,0,1,0,NA,0,-,-,0,-,0,-,0,-,0,-,0,-,0,-,NA,1,EMIG551,42.37382723,-111.553149,EMIG,551,ABLA,1.4,8.7,0,1,0,NA,0,-,-,0,-,0,-,0,-,0,-,0,-,0,-,NA,2,0,2276,551,NA,Point,2209.02,NA,0.2237709438165959,EMIG_551_328,EMIG_541_318,2.88691339612887,EMIG_554_330,1.901219755915954,NA,42.37385073,-111.553134,NA,25.32750596343834,42.37381015999999,-111.5531508,NA,-175.52926550429,0,0,2,1
2,EMIG,553,ABLA,2,11.9,0,1,0,NA,0,-,-,0,-,0,-,0,-,0,-,0,-,0,-,NA,1,EMIG553,42.37383301,-111.5531746,EMIG,553,ABLA,2,11.9,0,1,0,NA,0,-,-,0,-,0,-,0,-,0,-,0,-,0,-,NA,2,0,2278,553,NA,Point,2208.352,NA,0.2216960956224968,EMIG_553_329,EMIG_494_310,3.002532063475495,EMIG_544_321,2.313440957419498,NA,42.37385832999998,-111.5531618,NA,20.54800412317656,42.37384882,-111.5531563,NA,40.63817039666192,0,0,2,2
2,EMIG,554,ABLA,0,6.4,0,1,0,NA,1,-,-,0,-,0,-,0,-,0,-,0,-,0,-,WOB,1,EMIG554,42.37381015999999,-111.5531508,EMIG,554,ABLA,NA,6.4,0,1,1,NA,1,-,-,0,-,1,-,0,-,0,-,0,-,0,-,WOB,2,1,2279,554,NA,Point,2209.067,NA,0.2247797159169026,EMIG_554_330,EMIG_541_318,4.71242109747473,EMIG_544_321,4.316583814843279,NA,42.37385073,-111.553134,NA,17.06891179139208,42.37384882,-111.5531563,NA,-6.021711700870279,0,1,2,1
2,EMIG,555,ABLA,0,5.1,0,1,0,NA,0,-,-,0,-,0,-,0,-,0,-,0,-,0,-,NA,1,EMIG555,42.37380628,-111.553162,EMIG,555,ABLA,NA,5.1,0,1,0,NA,0,-,-,0,-,0,-,0,-,0,-,0,-,0,-,NA,2,0,2280,555,NA,Point,2206.887,NA,0.2243009900571791,EMIG_555_331,EMIG_541_318,5.447522225423882,EMIG_554_330,1.017813203339966,NA,42.37385073,-111.553134,NA,25.0360645688921,42.37381015999999,-111.5531508,NA,64.95746189703803,0,0,2,1
2,EMIG,556,ABLA,0,3.6,0,1,0,NA,0,-,-,0,-,0,-,0,-,0,-,0,-,0,-,NA,1,EMIG556,42.37383687000001,-111.5531816,EMIG,556,ABLA,NA,3.6,0,1,0,NA,0,-,-,0,-,0,-,0,-,0,-,0,-,0,-,NA,2,0,2281,556,NA,Point,2207.854,NA,0.220978555002229,EMIG_556_332,EMIG_494_310,2.887167545170227,EMIG_559_335,2.302263539955641,NA,42.37385832999998,-111.5531618,NA,34.37698022337154,42.37385745,-111.5531782,NA,6.983890498466761,0,0,2,2
2,EMIG,557,ABLA,1.5,10.8,1,1,0,NA,0,-,-,0,-,0,-,0,-,0,-,0,-,0,-,NA,1,EMIG557,42.37384949,-111.5531773,EMIG,557,ABLA,1.5,10.8,1,1,0,NA,0,-,-,0,-,0,-,0,-,0,-,0,-,0,-,NA,2,0,2282,557,NA,Point,2205.923,NA,0.2204334942751528,EMIG_557_333,EMIG_495_311,1.582573478579747,EMIG_559_335,0.8869707193915434,NA,42.37386133,-111.5531666,NA,33.82555186782036,42.37385745,-111.5531782,NA,-4.792226038392903,0,0,1,3
2,EMIG,558,ABLA,1.4,10,0,1,0,NA,0,-,-,0,-,0,-,0,-,0,-,0,-,0,-,NA,1,EMIG558,42.37385097,-111.5531771,EMIG,558,ABLA,1.4,10,0,1,0,NA,0,-,-,0,-,0,-,0,-,0,-,0,-,0,-,NA,2,0,2284,558,NA,Point,2207.16,NA,0.2203498962207562,EMIG_558_334,EMIG_495_311,1.438990597377809,EMIG_559_335,0.725209742652458,NA,42.37386133,-111.5531666,NA,36.9248687984941,42.37385745,-111.5531782,NA,-7.174010613636753,0,0,1,3
2,EMIG,559,ABLA,2.8,17.2,0,1,0,NA,0,-,-,0,-,0,-,0,-,0,-,0,-,0,-,NA,1,EMIG559,42.37385745,-111.5531782,EMIG,559,ABLA,2.8,17.2,0,1,1,NA,0,-,-,1,-,0,-,0,-,0,-,0,-,0,-,NA,2,1,2285,559,NA,Point,2207.238,NA,0.2198534877159311,EMIG_559_335,EMIG_495_311,1.047742611698022,EMIG_495_311,1.047742611698022,NA,42.37386133,-111.5531666,NA,65.71979480452893,42.37386133,-111.5531666,NA,65.71979480452893,0,1,1,3
2,EMIG,560,ABLA,1,7.4,0,1,0,NA,0,-,-,0,-,0,-,0,-,0,-,0,-,0,-,NA,1,EMIG560,42.37385384000001,-111.5531665,EMIG,560,ABLA,1,7.4,0,1,0,NA,0,-,-,0,-,0,-,0,-,0,-,0,-,0,-,NA,2,0,2286,560,NA,Point,2209.94,NA,0.2208675087066587,EMIG_560_336,EMIG_494_310,0.6311177665515736,EMIG_494_310,0.6311177665515736,NA,42.37385832999998,-111.5531618,NA,37.81717416175847,42.37385832999998,-111.5531618,NA,37.81717416175847,0,0,2,2
2,EMIG,561,ABLA,2.5,17,0,1,0,NA,0,-,-,0,-,0,-,0,-,0,-,0,-,0,-,NA,1,EMIG561,42.37384666,-111.5531696,EMIG,561,ABLA,2.5,17,0,1,0,NA,0,-,-,0,-,0,-,0,-,0,-,0,-,0,-,NA,2,0,2287,561,NA,Point,2209.782,NA,0.2211300492966263,EMIG_561_337,EMIG_494_310,1.446229839343546,EMIG_544_321,1.120990372786245,NA,42.37385832999998,-111.5531618,NA,26.36259690197957,42.37384882,-111.5531563,NA,77.64563080723502,0,0,2,2
2,EMIG,562,ABLA,3.4,21.8,3.7,1,0,NA,0,-,-,0,-,0,-,0,-,0,-,0,-,0,-,NA,1,EMIG562,42.37385597999999,-111.5531712,EMIG,562,ABLA,3.4,21.8,3.7,1,0,NA,0,-,-,0,-,0,-,0,-,0,-,0,-,0,-,NA,2,0,2288,562,NA,Point,2209.445,NA,0.2204151992816378,EMIG_562_338,EMIG_495_311,0.7045167150890682,EMIG_559_335,0.5990009226916295,NA,42.37386133,-111.5531666,NA,32.51891120963958,42.37385745,-111.5531782,NA,-74.18696098606208,0,0,1,3
2,EMIG,563,ABLA,3.1,19.7,3.1,1,0,NA,0,-,-,0,-,0,-,0,-,0,-,0,-,0,-,NA,1,EMIG563,42.37385332999999,-111.5531696,EMIG,563,ABLA,3.1,19.7,3.1,1,0,NA,0,-,-,0,-,0,-,0,-,0,-,0,-,0,-,NA,2,0,2289,563,NA,Point,2209.959,NA,0.2206943805312679,EMIG_563_339,EMIG_494_310,0.8489173369839477,EMIG_493_309,0.7627625967090618,NA,42.37385832999998,-111.5531618,NA,49.15587808536505,42.37385948999999,-111.5531655,NA,26.26715395292435,0,0,2,2
2,EMIG,564,ABLA,0,5.4,0,1,0,NA,0,-,-,0,-,0,-,0,-,0,-,0,-,0,-,NA,1,EMIG564,42.37387687,-111.5532486,EMIG,564,ABLA,NA,5.4,0,1,0,NA,0,-,-,0,-,0,-,0,-,0,-,0,-,0,-,NA,2,0,2290,564,NA,Point,2209.044,NA,0.2139092112729957,EMIG_564_340,EMIG_495_311,6.968345114939711,EMIG_484_300,1.652186991638501,NA,42.37386133,-111.5531666,NA,104.3370637525793,42.37388753,-111.5532346,NA,44.23953406752754,0,0,1,3
2,EMIG,565,ABLA,1.6,8.5,3.1,1,0,NA,0,-,-,0,-,0,-,0,-,0,-,0,-,0,-,NA,1,EMIG565,42.37388886,-111.5532767,EMIG,565,ABLA,1.6,8.5,3.1,1,0,NA,0,-,-,0,-,0,-,0,-,0,-,0,-,0,-,NA,2,0,2292,565,NA,Point,2211.049,NA,0.211260027946571,EMIG_565_341,EMIG_467_281,6.464850782249303,EMIG_484_300,3.469370288818756,NA,42.37394494,-111.5532556,NA,15.58805120530394,42.37388753,-111.5532346,NA,92.43965095464205,0,0,1,0
2,EMIG,566,ABLA,1.9,8.9,1.4,1,0,NA,0,-,-,0,-,0,-,0,-,0,-,0,-,0,-,NA,1,EMIG566,42.37388587,-111.5532809,EMIG,566,ABLA,1.9,8.9,1.4,1,0,NA,0,-,-,0,-,0,-,0,-,0,-,0,-,0,-,NA,2,0,2293,566,NA,Point,2210.164,NA,0.2111803725157663,EMIG_566_342,EMIG_467_281,6.881890488171139,EMIG_484_300,3.816478747347937,NA,42.37394494,-111.5532556,NA,17.61878326280601,42.37388753,-111.5532346,NA,87.23169038993885,0,0,1,0
2,EMIG,567,ABLA,3.8,15.5,5.1,1,0,NA,0,-,-,0,-,0,-,0,-,0,-,0,-,0,-,NA,1,EMIG567,42.37388855999999,-111.5532939,EMIG,567,ABLA,3.8,15.5,5.1,1,0,NA,0,-,-,0,-,0,-,0,-,0,-,0,-,0,-,NA,2,0,2294,567,NA,Point,2210.594,NA,0.2101447610425056,EMIG_567_343,EMIG_467_281,7.009705998544088,EMIG_484_300,4.883695253812205,NA,42.37394494,-111.5532556,NA,26.73443212896772,42.37388753,-111.5532346,NA,91.34189919741921,0,0,1,0
2,EMIG,568,ABLA,1.6,9.2,0,1,0,NA,0,-,-,0,-,0,-,0,-,0,-,0,-,0,-,NA,1,EMIG568,42.37389581999999,-111.5532846,EMIG,568,ABLA,1.6,9.2,0,1,0,NA,0,-,-,0,-,0,-,0,-,0,-,0,-,0,-,NA,2,0,2295,568,NA,Point,2211.975,NA,0.2102784509261505,EMIG_568_344,EMIG_467_281,5.953955221347379,EMIG_484_300,4.218318566879414,NA,42.37394494,-111.5532556,NA,23.64200224816276,42.37388753,-111.5532346,NA,102.6043705010263,0,0,1,0
2,EMIG,569,ABLA,2.4,7.2,0,1,0,NA,0,-,-,0,-,0,-,0,-,0,-,0,-,0,-,NA,1,EMIG569,42.37389232,-111.5532936,EMIG,569,ABLA,2.4,7.2,0,1,0,NA,0,-,-,0,-,0,-,0,-,0,-,0,-,0,-,NA,2,0,2296,569,NA,Point,2210.536,NA,0.2099151753822549,EMIG_569_345,EMIG_467_281,6.627792152596327,EMIG_484_300,4.886687255685702,NA,42.37394494,-111.5532556,NA,28.16752386297957,42.37388753,-111.5532346,NA,96.24854362745093,0,0,1,0
2,EMIG,570,ABLA,2.3,10.9,1,1,0,NA,0,-,-,0,-,0,-,0,-,0,-,0,-,0,-,NA,1,EMIG570,42.37387811999999,-111.5532841,EMIG,570,ABLA,2.3,10.9,1,1,0,NA,0,-,-,0,-,0,-,0,-,0,-,0,-,0,-,NA,2,0,2297,570,NA,Point,2211.154,NA,0.2114841772994755,EMIG_570_346,EMIG_467_281,7.781827345150126,EMIG_484_300,4.207302756496976,NA,42.37394494,-111.5532556,NA,17.54981736942934,42.37388753,-111.5532346,NA,75.62018797748837,0,0,1,0
2,EMIG,571,ABLA,0,3.9,0,1,0,NA,0,-,-,0,-,0,-,0,-,0,-,0,-,0,-,NA,1,EMIG571,42.37388374999998,-111.5532977,EMIG,571,ABLA,NA,3.9,0,1,0,NA,0,-,-,0,-,0,-,0,-,0,-,0,-,0,-,NA,2,0,2298,571,NA,Point,2210.543,NA,0.2102146222986262,EMIG_571_347,EMIG_467_281,7.627554067409046,EMIG_484_300,5.212149556464941,NA,42.37394494,-111.5532556,NA,27.02854493114829,42.37388753,-111.5532346,NA,85.38102694427404,0,0,1,0
2,EMIG,572,ABLA,1.3,5.7,0,1,0,NA,0,-,-,0,-,0,-,0,-,0,-,0,-,0,-,Bent,1,EMIG572,42.37388571,-111.55329,EMIG,572,ABLA,1.3,5.7,0,1,0,NA,0,-,-,0,-,0,-,0,-,0,-,0,-,0,-,Bent,2,0,2299,572,NA,Point,2210.531,NA,0.2105909869984681,EMIG_572_348,EMIG_467_281,7.160759698664699,EMIG_484_300,4.565731400118323,NA,42.37394494,-111.5532556,NA,23.29870676338483,42.37388753,-111.5532346,NA,87.46309547458404,0,0,1,0
2,EMIG,573,ABLA,1.1,6.8,1.7,1,0,NA,0,-,-,0,-,0,-,0,-,0,-,0,-,0,-,NA,1,EMIG573,42.37388452999999,-111.5532981,EMIG,573,ABLA,1.1,6.8,1.7,1,0,NA,0,-,-,0,-,0,-,0,-,0,-,0,-,0,-,NA,2,0,2300,573,NA,Point,2210.47,NA,0.2101363360296302,EMIG_573_349,EMIG_467_281,7.565681131036282,EMIG_484_300,5.23875694828835,NA,42.37394494,-111.5532556,NA,27.5487872471603,42.37388753,-111.5532346,NA,86.35425202948622,0,0,1,0
2,EMIG,574,ABLA,2.6,11.4,2.1,1,0,NA,0,-,-,0,-,0,-,0,-,0,-,0,-,0,-,NA,1,EMIG574,42.37387996999999,-111.5533015,EMIG,574,ABLA,2.6,11.4,2.1,1,0,NA,0,-,-,0,-,0,-,0,-,0,-,0,-,0,-,NA,2,0,2301,574,NA,Point,2212.208,NA,0.2102173802737051,EMIG_574_350,EMIG_594_367,7.331212710555249,EMIG_484_300,5.5716890946581374,NA,42.37381995,-111.5533386,NA,-155.3766164870906,42.37388753,-111.5532346,NA,81.3345534266248,0,0,1,1
2,EMIG,575,ABLA,1.9,9.7,0,1,0,NA,0,-,-,0,-,0,-,0,-,0,-,0,-,0,-,NA,1,EMIG575,42.37388156,-111.553297,EMIG,575,ABLA,1.9,9.7,0,1,0,NA,0,-,-,0,-,0,-,0,-,0,-,0,-,0,-,NA,2,0,2302,575,NA,Point,2211.167,NA,0.2104066860003744,EMIG_575_351,EMIG_594_367,7.650609632272126,EMIG_484_300,5.180179505094698,NA,42.37381995,-111.5533386,NA,-153.4047503852483,42.37388753,-111.5532346,NA,82.64773293849724,0,0,1,1
2,EMIG,576,ABLA,0,6.2,0,1,0,NA,0,-,-,0,-,0,-,0,-,0,-,0,-,0,-,NA,1,EMIG576,42.37387226,-111.5533074,EMIG,576,ABLA,NA,6.2,0,1,0,NA,0,-,-,0,-,0,-,0,-,0,-,0,-,0,-,NA,2,0,2303,576,NA,Point,2211.227,NA,0.2103480658217515,EMIG_576_352,EMIG_594_367,6.351124036346084,EMIG_581_356,5.168308460040549,NA,42.37381995,-111.5533386,NA,-156.1424957371508,42.37382595,-111.5533011,NA,174.2400104172624,0,0,1,1
2,EMIG,577,ABLA,1.1,7.2,1.8,1,0,NA,0,-,-,0,-,0,-,0,-,0,-,0,-,0,-,NA,1,EMIG577,42.37387681,-111.5533176,EMIG,577,ABLA,1.1,7.2,1.8,1,0,NA,0,-,-,0,-,0,-,0,-,0,-,0,-,0,-,NA,2,0,2304,577,NA,Point,2210.525,NA,0.2093748649007575,EMIG_577_353,EMIG_594_367,6.546137900952861,EMIG_581_356,5.808537450817146,NA,42.37381995,-111.5533386,NA,-164.6850389785979,42.37382595,-111.5533011,NA,166.4744125416796,0,0,1,1
2,EMIG,578,ABLA,1,6.5,0,1,0,NA,0,-,-,0,-,0,-,0,-,0,-,0,-,0,-,NA,1,EMIG578,42.37385598999999,-111.5533183,EMIG,578,ABLA,1,6.5,0,1,0,NA,0,-,-,0,-,0,-,0,-,0,-,0,-,0,-,NA,2,0,2305,578,NA,Point,2211.744,NA,0.2107393421567078,EMIG_578_354,EMIG_594_367,4.336843635700155,EMIG_581_356,3.623771876374069,NA,42.37381995,-111.5533386,NA,-157.3322089152662,42.37382595,-111.5533011,NA,156.9963735155854,0,0,1,1
2,EMIG,580,ABLA,0,5.4,0,1,0,NA,0,-,-,0,-,0,-,0,-,0,-,0,-,0,-,NA,1,EMIG580,42.37383665999999,-111.5533033,EMIG,580,ABLA,NA,5.4,0,1,0,NA,0,-,-,0,-,0,-,0,-,0,-,0,-,0,-,NA,2,0,2307,580,NA,Point,2210.237,NA,0.2130320862324412,EMIG_580_355,EMIG_594_367,3.448141677603871,EMIG_581_356,1.202942420571632,NA,42.37381995,-111.5533386,NA,-122.5546915905045,42.37382595,-111.5533011,NA,171.3397471687087,0,0,1,1
2,EMIG,581,ABLA,3.8,11.7,2.3,1,0,NA,1,-,-,0,-,0,-,0,-,0,-,0,-,0,-,NA,1,EMIG581,42.37382595,-111.5533011,EMIG,581,ABLA,3.8,11.7,2.3,1,1,NA,1,-,-,0,-,1,-,0,-,0,-,0,-,0,-,NA,2,1,2308,581,NA,Point,2210.005,NA,0.2139097490518227,EMIG_581_356,EMIG_594_367,3.158559990777865,EMIG_593_366,2.33877808760931,NA,42.37381995,-111.5533386,NA,-102.176820522479,42.37382413,-111.5533294,NA,-94.95702884801396,0,1,1,1
2,EMIG,582,ABLA,0,4.8,0,1,0,NA,0,-,-,0,-,0,-,0,-,0,-,0,-,0,-,NA,1,EMIG582,42.37382415,-111.55329330000001,EMIG,582,ABLA,NA,4.8,0,1,0,NA,0,-,-,0,-,0,-,0,-,0,-,0,-,0,-,NA,2,0,2309,582,NA,Point,2209.204,NA,0.2145369674895906,EMIG_582_357,EMIG_594_367,3.758739789465328,EMIG_581_356,0.6725830090167784,NA,42.37381995,-111.5533386,NA,-97.12729471805538,42.37382595,-111.5533011,NA,-72.71241475047256,0,0,1,1
2,EMIG,583,ABLA,1.7,9.4,0,1,0,NA,0,-,-,0,-,0,-,0,-,0,-,0,-,0,-,NA,1,EMIG583,42.3738212,-111.5532891,EMIG,583,ABLA,1.7,9.4,0,1,0,NA,0,-,-,0,-,0,-,0,-,0,-,0,-,0,-,NA,2,0,2310,583,NA,Point,2209.445,NA,0.2150109509028017,EMIG_583_358,EMIG_594_367,4.077858205226197,EMIG_581_356,1.119968473845658,NA,42.37381995,-111.5533386,NA,-91.95054537148866,42.37382595,-111.5533011,NA,-61.90483477086647,0,0,1,1
2,EMIG,584,ABLA,0,4.5,0,1,0,NA,0,-,-,0,-,0,-,0,-,0,-,0,-,0,-,NA,1,EMIG584,42.373812,-111.5532564,EMIG,584,ABLA,NA,4.5,0,1,0,NA,0,-,-,0,-,0,-,0,-,0,-,0,-,0,-,NA,2,0,2311,584,NA,Point,2208.891,NA,0.2177562115268466,EMIG_584_359,EMIG_594_367,6.825121525033511,EMIG_581_356,3.992988648234812,NA,42.37381995,-111.5533386,NA,-82.5685303535307,42.37382595,-111.5533011,NA,-67.17433038249908,0,0,1,1
2,EMIG,585,ABLA,0,5,0,1,0,NA,0,-,-,0,-,0,-,0,-,0,-,0,-,0,-,NA,1,EMIG585,42.37380646999999,-111.5532821,EMIG,585,ABLA,NA,5,0,1,0,NA,0,-,-,0,-,0,-,0,-,0,-,0,-,0,-,NA,2,0,2312,585,NA,Point,2209.339,NA,0.2164777601804076,EMIG_585_360,EMIG_594_367,4.88670999603029,EMIG_581_356,2.669432574606807,NA,42.37381995,-111.5533386,NA,-72.16351747293507,42.37382595,-111.5533011,NA,-35.87483047602601,0,0,1,1
2,EMIG,586,ABLA,1.7,8.7,2.6,1,0,NA,0,-,-,0,-,0,-,0,-,0,-,0,-,0,-,NA,1,EMIG586,42.37382183,-111.5532972,EMIG,586,ABLA,1.7,8.7,2.6,1,0,NA,0,-,-,0,-,0,-,0,-,0,-,0,-,0,-,NA,2,0,2313,586,NA,Point,2209.991,NA,0.2144450348857954,EMIG_586_361,EMIG_594_367,3.414982479778118,EMIG_581_356,0.5589215996437221,NA,42.37381995,-111.5533386,NA,-93.50458398568122,42.37382595,-111.5533011,NA,-35.0645177373131,0,0,1,1
2,EMIG,587,ABLA,0,6.9,0,1,0,NA,0,-,-,0,-,0,-,0,-,0,-,0,-,0,-,1 Dead,1,EMIG587,42.37381509999999,-111.5533051,EMIG,587,ABLA,NA,6.9,0,1,0,NA,0,-,-,0,-,0,-,0,-,0,-,0,-,0,-,1 Dead,2,0,2314,587,NA,Point,2210.484,NA,0.2144017800219128,EMIG_587_362,EMIG_594_367,2.810247491891265,EMIG_581_356,1.248974489385819,NA,42.37381995,-111.5533386,NA,-78.9518318755969,42.37382595,-111.5533011,NA,15.28869166597205,0,0,1,1
2,EMIG,588,ABLA,0,1.7,0,1,0,NA,0,-,-,0,-,0,-,0,-,0,-,0,-,0,-,NA,1,EMIG588,42.37380498,-111.5532995,EMIG,588,ABLA,NA,1.7,0,1,0,NA,0,-,-,0,-,0,-,0,-,0,-,0,-,0,-,NA,2,0,2315,588,NA,Point,2210.642,NA,0.215463757956698,EMIG_588_363,EMIG_594_367,3.623055028405117,EMIG_581_356,2.332210209049716,NA,42.37381995,-111.5533386,NA,-62.69036692300387,42.37382595,-111.5533011,NA,-3.238033188465557,0,0,1,1
2,EMIG,591,ABLA,0,2.3,0,1,0,NA,0,-,-,0,-,0,-,0,-,0,-,0,-,0,-,NA,1,EMIG591,42.37380049000001,-111.5533272,EMIG,591,ABLA,NA,2.3,0,1,0,NA,0,-,-,0,-,0,-,0,-,0,-,0,-,0,-,NA,2,0,2318,591,NA,Point,2209.566,NA,0.2140083524885189,EMIG_591_364,EMIG_594_367,2.355865588138208,EMIG_594_367,2.355865588138208,NA,42.37381995,-111.5533386,NA,-23.47877862185117,42.37381995,-111.5533386,NA,-23.47877862185117,0,0,1,1
2,EMIG,592,ABLA,11.7,80.1,27.8,1,0,NA,0,-,-,0,-,0,-,0,-,0,-,0,-,0,-,NA,1,EMIG592,42.37381634,-111.5533326,EMIG,592,ABLA,11.7,80.1,27.8,1,0,NA,0,-,-,0,-,0,-,0,-,0,-,0,-,0,-,NA,2,0,2319,592,NA,Point,2209.903,NA,0.2125533708491225,EMIG_592_365,EMIG_594_367,0.6361734679908075,EMIG_594_367,0.6361734679908075,NA,42.37381995,-111.5533386,NA,-50.94276239966528,42.37381995,-111.5533386,NA,-50.94276239966528,0,0,1,1
2,EMIG,593,ABLA,2.1,14.2,0,1,0,NA,0,-,-,0,-,0,-,0,-,0,-,0,-,0,-,NA,1,EMIG593,42.37382413,-111.5533294,EMIG,593,ABLA,2.1,14.2,0,1,1,NA,0,-,-,0,-,0,-,1,-,0,-,0,-,0,-,NA,2,1,2320,593,NA,Point,2209.711,NA,0.2122154889111024,EMIG_593_366,EMIG_594_367,0.888359712647875,EMIG_594_367,0.888359712647875,NA,42.37381995,-111.5533386,NA,-121.4981924506359,42.37381995,-111.5533386,NA,-121.4981924506359,0,1,1,1
2,EMIG,594,ABLA,3.2,12.2,1.6,1,1,NA,1,-,-,0,-,1,-,0,-,0,-,0,-,0,-,1 DB,1,EMIG594,42.37381995,-111.5533386,EMIG,594,ABLA,3.2,12.2,1.6,1,1,NA,1,-,-,0,-,1,-,0,-,0,-,0,-,0,-,1 DB,2,0,2321,594,NA,Point,2209.002,NA,0.2119177164973496,EMIG_594_367,EMIG_601_384,7.610344547340302,EMIG_593_366,0.888359712647875,NA,42.37385479,-111.5534182,NA,-59.44704930154391,42.37382413,-111.5533294,NA,58.5018013488868,1,1,1,1
2,EMIG,595,ABLA,0,1.3,0,1,0,NA,0,-,-,0,-,0,-,0,-,0,-,0,-,0,-,NA,1,EMIG595,42.37383968999999,-111.5533271,EMIG,595,ABLA,NA,1.3,0,1,0,NA,0,-,-,0,-,0,-,0,-,0,-,0,-,0,-,NA,2,0,2322,595,NA,Point,2210.066,NA,0.2112866377099306,EMIG_595_368,EMIG_594_367,2.387667427424631,EMIG_593_366,1.738112571569701,NA,42.37381995,-111.5533386,NA,-156.6372494289732,42.37382413,-111.5533294,NA,-173.7452394362277,0,0,1,1
2,EMIG,597,ABLA,1.4,11.2,0,1,0,NA,4,-,-,0,-,0,-,0,-,0,-,0,-,0,-,"1 DB, WOB",1,EMIG597,42.37385879999999,-111.5533344,EMIG,597,ABLA,1.4,11.2,0,1,0,NA,4,-,-,0,-,0,-,0,-,0,-,0,-,0,-,"1 DB, WOB",2,0,2324,597,NA,Point,2211.345,NA,0.2095033490260921,EMIG_597_369,EMIG_594_367,4.327700754909494,EMIG_426_381,3.837753677716716,NA,42.37381995,-111.5533386,NA,-175.4169654690965,42.37383381000001,-111.5533666,NA,-136.3063339981634,0,0,1,1
2,EMIG,598,ABLA,3.1,19.9,0,1,0,NA,0,-,-,0,-,0,-,0,-,0,-,0,-,0,-,Rot in area,1,EMIG598,42.37385757,-111.5533349,EMIG,598,ABLA,3.1,19.9,0,1,0,NA,0,-,-,0,-,0,-,0,-,0,-,0,-,0,-,Rot in area,2,0,2325,598,NA,Point,2212.02,NA,0.2095550716334007,EMIG_598_370,EMIG_594_367,4.188378490567434,EMIG_426_381,3.711125916176338,NA,42.37381995,-111.5533386,NA,-175.8290277687206,42.37383381000001,-111.5533666,NA,-135.3091903259681,0,0,1,1
2,EMIG,599,ABLA,0,7.4,0,1,0,NA,4,-,-,0,-,0,-,0,-,0,-,0,-,0,-,WOB,1,EMIG599,42.3738541,-111.5533472,EMIG,599,ABLA,NA,7.4,0,1,0,NA,4,-,-,0,-,0,-,0,-,0,-,0,-,0,-,WOB,2,0,2326,599,NA,Point,2210.151,NA,0.2089979572164649,EMIG_599_371,EMIG_594_367,3.85752135517875,EMIG_426_381,2.761733798906749,NA,42.37381995,-111.5533386,NA,169.4231246882357,42.37383381000001,-111.5533666,NA,-144.6650248075775,0,0,1,1
2,EMIG,600,ABLA,1.6,9.2,0,1,0,NA,0,-,-,0,-,0,-,0,-,0,-,0,-,0,-,NA,1,EMIG600,42.37385268,-111.5533534,EMIG,600,ABLA,1.6,9.2,0,1,0,NA,0,-,-,0,-,0,-,0,-,0,-,0,-,0,-,NA,2,0,2327,600,NA,Point,2209.614,NA,0.2086959918413001,EMIG_600_372,EMIG_594_367,3.833143820878157,EMIG_426_381,2.360388506575627,NA,42.37381995,-111.5533386,NA,161.4644123486835,42.37383381000001,-111.5533666,NA,-152.5850089961959,0,0,1,1
2,EMIG,219,ABLA,1.1,7.9,0,1,0,NA,0,-,-,0,-,0,-,0,-,0,-,0,-,0,-,NA,1,EMIG219,42.37386468,-111.5533638,EMIG,219,ABLA,1.1,7.9,0,1,0,NA,0,-,-,0,-,0,-,0,-,0,-,0,-,0,-,NA,2,0,2332,219,NA,Point,2212.036,NA,0.2071987973651797,EMIG_219_373,EMIG_601_384,4.611590007784297,EMIG_426_381,3.435515907862609,NA,42.37385479,-111.5534182,NA,-103.7764008858928,42.37383381000001,-111.5533666,NA,-176.1523967856075,0,0,1,1
2,EMIG,236,ABLA,1,7.8,0,1,0,NA,0,-,-,0,-,0,-,0,-,0,-,0,-,0,-,Rot in area,1,EMIG236,42.37385789,-111.5533728,EMIG,236,ABLA,1,7.8,0,1,0,NA,0,-,-,0,-,0,-,0,-,0,-,0,-,0,-,Rot in area,2,0,2333,236,NA,Point,2210.942,NA,0.2070873724465618,EMIG_236_374,EMIG_601_384,3.753742945645788,EMIG_426_381,2.722109110652255,NA,42.37385479,-111.5534182,NA,-95.26143781464897,42.37383381000001,-111.5533666,NA,169.1915659198433,0,0,1,1
2,EMIG,350,ABLA,1.4,9,0,1,0,NA,0,-,-,0,-,0,-,0,-,0,-,0,-,0,-,NA,1,EMIG350,42.3738519,-111.5533869,EMIG,350,ABLA,1.4,9,0,1,0,NA,0,-,-,0,-,0,-,0,-,0,-,0,-,0,-,NA,2,0,2335,350,NA,Point,2210.194,NA,0.2065990688601408,EMIG_350_375,EMIG_601_384,2.596932297361072,EMIG_601_384,2.596932297361072,NA,42.37385479,-111.5534182,NA,-82.90181462597498,42.37385479,-111.5534182,NA,-82.90181462597498,0,0,1,1
2,EMIG,351,ABLA,1.6,8.2,0,1,0,NA,1,-,-,0,-,0,-,0,-,0,-,0,-,0,-,1 DB,1,EMIG351,42.37384607999999,-111.5534041,EMIG,351,ABLA,1.6,8.2,0,1,0,NA,1,-,-,0,-,0,-,0,-,0,-,0,-,0,-,1 DB,2,0,2336,351,NA,Point,2210.655,NA,0.2059089833780709,EMIG_351_376,EMIG_601_384,1.510980551770361,EMIG_601_384,1.510980551770361,NA,42.37385479,-111.5534182,NA,-50.20216804591692,42.37385479,-111.5534182,NA,-50.20216804591692,0,0,1,1
2,EMIG,193,ABLA,0,5.1,0,1,0,NA,0,-,-,0,-,0,-,0,-,0,-,0,-,0,-,NA,1,EMIG193,42.37391161000001,-111.5533806,EMIG,193,ABLA,NA,5.1,0,1,0,NA,0,-,-,0,-,0,-,0,-,0,-,0,-,0,-,NA,2,0,2331,193,NA,Point,2211.573,NA,0.2029131530537192,EMIG_193_377,EMIG_601_384,7.027798351265191,EMIG_601_384,7.027798351265191,NA,42.37385479,-111.5534182,NA,-153.864367084172,42.37385479,-111.5534182,NA,-153.864367084172,0,0,1,1
2,EMIG,167,ABLA,1.2,7.5,0,1,0,NA,1,-,-,0,-,0,-,0,-,0,-,0,-,0,-,NA,1,EMIG167,42.37390721,-111.5533817,EMIG,167,ABLA,1.2,7.5,0,1,0,NA,1,-,-,0,-,0,-,0,-,0,-,0,-,0,-,NA,2,0,2330,167,NA,Point,2211.511,NA,0.2031381124445488,EMIG_167_378,EMIG_601_384,6.550656039452879,EMIG_601_384,6.550656039452879,NA,42.37385479,-111.5534182,NA,-152.6930490474477,42.37385479,-111.5534182,NA,-152.6930490474477,0,0,1,1
2,EMIG,153,ABLA,0,5.7,0,1,0,NA,0,-,-,0,-,0,-,0,-,0,-,0,-,0,-,NA,1,EMIG153,42.37389725000001,-111.5533545,EMIG,153,ABLA,NA,5.7,0,1,0,NA,0,-,-,0,-,0,-,0,-,0,-,0,-,0,-,NA,2,0,2329,153,NA,Point,2211.127,NA,0.2055862975596943,EMIG_153_379,EMIG_601_384,7.052275943289323,EMIG_601_384,7.052275943289323,NA,42.37385479,-111.5534182,NA,-131.9543001639778,42.37385479,-111.5534182,NA,-131.9543001639778,0,0,1,1
2,EMIG,135,ABLA,13.8,59.3,0,1,0,NA,0,-,-,0,-,0,-,0,-,0,-,0,-,0,-,NA,1,EMIG135,42.37388914999999,-111.5533553,EMIG,135,ABLA,13.8,59.3,0,1,0,NA,0,-,-,0,-,0,-,0,-,0,-,0,-,0,-,NA,2,0,2328,135,NA,Point,2211.068,NA,0.2060808847588437,EMIG_135_380,EMIG_601_384,6.432419604013734,EMIG_426_381,6.214927323022573,NA,42.37385479,-111.5534182,NA,-126.3798310886626,42.37383381000001,-111.5533666,NA,-171.390544286236,0,0,1,1
2,EMIG,426,ABLA,0,7.8,0,1,0,NA,2,-,-,0,-,0,-,0,-,0,-,0,-,0,-,NA,1,EMIG426,42.37383381000001,-111.5533666,EMIG,426,ABLA,NA,7.8,0,1,1,NA,2,-,-,0,-,1,-,0,-,0,-,0,-,0,-,NA,2,1,2337,426,NA,Point,2212.198,NA,0.209160070913396,EMIG_426_381,EMIG_594_367,2.771835004712573,EMIG_594_367,2.771835004712573,NA,42.37381995,-111.5533386,NA,123.7263977530451,42.37381995,-111.5533386,NA,123.7263977530451,0,1,1,1
2,EMIG,525,ABLA,13.7,67.7,8.6,1,0,NA,0,-,-,0,-,0,-,0,-,0,-,0,-,0,-,NA,1,EMIG525,42.37382718999999,-111.5533724,EMIG,525,ABLA,13.7,67.7,8.6,1,0,NA,0,-,-,0,-,0,-,0,-,0,-,0,-,0,-,NA,2,0,2339,525,NA,Point,2208.603,NA,0.2092545319032711,EMIG_525_382,EMIG_594_367,2.89665655480902,EMIG_426_381,0.8765711409209688,NA,42.37381995,-111.5533386,NA,106.1130971543578,42.37383381000001,-111.5533666,NA,33.00918392650277,0,0,1,1
2,EMIG,5109,ABLA,11.6,66.2,16.4,1,0,NA,0,-,-,0,-,0,-,0,-,0,-,0,-,0,-,NA,1,EMIG5109,42.37383602999999,-111.5534017,EMIG,5109,ABLA,11.6,66.2,16.4,1,0,NA,0,-,-,0,-,0,-,0,-,0,-,0,-,0,-,NA,2,0,2340,5109,NA,Point,2211.601,NA,0.2067696783204191,EMIG_5109_383,EMIG_601_384,2.486922545234449,EMIG_601_384,2.486922545234449,NA,42.37385479,-111.5534182,NA,-33.1105737339424,42.37385479,-111.5534182,NA,-33.1105737339424,0,0,1,1
2,EMIG,601,ABLA,4.6,12.6,8,1,1,NA,0,-,-,0,-,0,-,1,-,0,-,0,-,0,-,NA,1,EMIG601,42.37385479,-111.5534182,EMIG,601,ABLA,4.6,12.6,8,1,1,NA,0,-,-,0,-,0,-,1,-,0,-,0,-,0,-,NA,2,0,2341,601,NA,Point,2209.876,NA,0.2043992580595556,EMIG_601_384,EMIG_605_388,5.119706484830417,EMIG_426_381,4.845190546524788,NA,42.37382052000001,-111.5534598,NA,-138.0103823761942,42.37383381000001,-111.5533666,NA,118.7380463461226,1,1,1,1
2,EMIG,602,ABLA,1.9,19.3,0,1,0,NA,1,-,-,0,-,0,-,0,-,0,-,0,-,0,-,1 DB,1,EMIG602,42.37378614,-111.5534522,EMIG,602,ABLA,1.9,19.3,0,1,0,NA,1,-,-,0,-,0,-,0,-,0,-,0,-,0,-,1 DB,2,0,2342,602,NA,Point,2210.879,NA,0.2072041348396279,EMIG_602_385,EMIG_605_388,3.868461497861278,EMIG_605_388,3.868461497861278,NA,42.37382052000001,-111.5534598,NA,-9.30862192142585,42.37382052000001,-111.5534598,NA,-9.30862192142585,0,0,1,1
2,EMIG,603,ABLA,3,15.7,0,1,0,NA,0,-,-,0,-,0,-,0,-,0,-,0,-,0,-,NA,1,EMIG603,42.37380308,-111.5534528,EMIG,603,ABLA,3,15.7,0,1,0,NA,0,-,-,0,-,0,-,0,-,0,-,0,-,0,-,NA,2,0,2343,603,NA,Point,2210.01,NA,0.205927539584899,EMIG_603_386,EMIG_605_388,2.020461981017277,EMIG_605_388,2.020461981017277,NA,42.37382052000001,-111.5534598,NA,-16.57367172493899,42.37382052000001,-111.5534598,NA,-16.57367172493899,0,0,1,1
2,EMIG,604,ABLA,1.2,7.7,0,1,0,NA,1,-,-,0,-,0,-,0,-,0,-,0,-,0,-,1 DB,1,EMIG604,42.37381642999998,-111.5534381,EMIG,604,ABLA,1.2,7.7,0,1,0,NA,1,-,-,0,-,0,-,0,-,0,-,0,-,0,-,1 DB,2,0,2344,604,NA,Point,2210.388,NA,0.2058753316324009,EMIG_604_387,EMIG_605_388,1.843448753283018,EMIG_605_388,1.843448753283018,NA,42.37382052000001,-111.5534598,NA,-75.73785998295128,42.37382052000001,-111.5534598,NA,-75.73785998295128,0,0,1,1
2,EMIG,605,ABLA,9,45.2,2.6,1,1,NA,0,-,-,0,-,0,-,0,-,0,-,1,-,0,-,NA,1,EMIG605,42.37382052000001,-111.5534598,EMIG,605,ABLA,9,45.2,2.6,1,1,NA,0,-,-,0,-,1,-,0,-,0,-,0,-,0,-,NA,2,0,2345,605,NA,Point,2211.08,NA,0.2042250204923327,EMIG_605_388,EMIG_601_384,5.119706484830417,EMIG_601_384,5.119706484830417,NA,42.37385479,-111.5534182,NA,41.98958958685661,42.37385479,-111.5534182,NA,41.98958958685661,1,1,1,1
2,EMIG,606,ABLA,1.8,11.8,0,1,0,NA,3,-,-,0,-,0,-,0,-,0,-,0,-,0,-,1 DB,1,EMIG606,42.37381227000002,-111.5534825,EMIG,606,ABLA,1.8,11.8,0,1,0,NA,3,-,-,0,-,0,-,0,-,0,-,0,-,0,-,1 DB,2,0,2346,606,NA,Point,2210.455,NA,0.2034168746663094,EMIG_606_389,EMIG_605_388,2.08139755050169,EMIG_605_388,2.08139755050169,NA,42.37382052000001,-111.5534598,NA,63.88824991362042,42.37382052000001,-111.5534598,NA,63.88824991362042,0,0,1,1
2,EMIG,607,ABLA,1.7,10.1,0,1,0,NA,0,-,-,0,-,0,-,0,-,0,-,0,-,0,-,NA,1,EMIG607,42.37380978,-111.5534865,EMIG,607,ABLA,1.7,10.1,0,1,0,NA,0,-,-,0,-,0,-,0,-,0,-,0,-,0,-,NA,2,0,2347,607,NA,Point,2211.361,NA,0.2033523844274257,EMIG_607_390,EMIG_605_388,2.500941484566888,EMIG_605_388,2.500941484566888,NA,42.37382052000001,-111.5534598,NA,61.52052545785102,42.37382052000001,-111.5534598,NA,61.52052545785102,0,0,1,1
2,EMIG,609,ABLA,2.8,13.5,0,1,0,NA,0,-,-,0,-,0,-,0,-,0,-,0,-,0,-,NA,1,EMIG609,42.37384221,-111.5534365,EMIG,609,ABLA,2.8,13.5,0,1,0,NA,0,-,-,0,-,0,-,0,-,0,-,0,-,0,-,NA,2,0,2349,609,NA,Point,2211.309,NA,0.2041291426521091,EMIG_609_391,EMIG_601_384,2.054600606915788,EMIG_601_384,2.054600606915788,NA,42.37385479,-111.5534182,NA,47.16617707340723,42.37385479,-111.5534182,NA,47.16617707340723,0,0,1,1
2,EMIG,610,ABLA,1.4,8,0,1,0,NA,0,-,-,0,-,0,-,0,-,0,-,0,-,0,-,NA,1,EMIG610,42.37383532999999,-111.5534229,EMIG,610,ABLA,1.4,8,0,1,0,NA,0,-,-,0,-,0,-,0,-,0,-,0,-,0,-,NA,2,0,2350,610,NA,Point,2211.81,NA,0.2054772285649628,EMIG_610_392,EMIG_601_384,2.195194138800473,EMIG_601_384,2.195194138800473,NA,42.37385479,-111.5534182,NA,10.15308050251439,42.37385479,-111.5534182,NA,10.15308050251439,0,0,1,1
2,EMIG,611,ABLA,1.7,11.2,0,1,0,NA,1,-,-,0,-,0,-,0,-,0,-,0,-,0,-,WOB,1,EMIG611,42.37384365,-111.5534226,EMIG,611,ABLA,1.7,11.2,0,1,0,NA,1,-,-,0,-,0,-,0,-,0,-,0,-,0,-,WOB,2,0,2351,611,NA,Point,2213.139,NA,0.2049058601412512,EMIG_611_393,EMIG_601_384,1.288930273619139,EMIG_601_384,1.288930273619139,NA,42.37385479,-111.5534182,NA,16.32344748614833,42.37385479,-111.5534182,NA,16.32344748614833,0,0,1,1
2,EMIG,613,ABLA,12.8,72.8,0,1,0,NA,2,-,-,0,-,0,-,0,-,0,-,0,-,0,-,2 DB,1,EMIG613,42.37388686,-111.553453,EMIG,613,ABLA,12.8,72.8,0,1,0,NA,2,-,-,0,-,0,-,0,-,0,-,0,-,0,-,2 DB,2,0,2353,613,NA,Point,2211.852,NA,0.1999320880539564,EMIG_613_394,EMIG_601_384,4.570579566171102,EMIG_601_384,4.570579566171102,NA,42.37385479,-111.5534182,NA,141.1798481749967,42.37385479,-111.5534182,NA,141.1798481749967,0,0,1,1
2,EMIG,614,ABLA,0,5.8,0,1,0,NA,3,-,-,0,-,0,-,0,-,0,-,0,-,0,-,"1 DB, WOB",1,EMIG614,42.37387799,-111.5534563,EMIG,614,ABLA,NA,5.8,0,1,0,NA,3,-,-,0,-,0,-,0,-,0,-,0,-,0,-,"1 DB, WOB",2,0,2354,614,NA,Point,2211.528,NA,0.2003433805570897,EMIG_614_395,EMIG_601_384,4.059115121063998,EMIG_601_384,4.059115121063998,NA,42.37385479,-111.5534182,NA,129.3937676779697,42.37385479,-111.5534182,NA,129.3937676779697,0,0,1,1
2,EMIG,615,ABLA,1.8,10.7,0,1,0,NA,0,-,-,0,-,0,-,0,-,0,-,0,-,0,-,NA,1,EMIG615,42.37389522,-111.553481,EMIG,615,ABLA,1.8,10.7,0,1,0,NA,0,-,-,0,-,0,-,0,-,0,-,0,-,0,-,NA,2,0,2355,615,NA,Point,2213.297,NA,0.197560165921627,EMIG_615_396,EMIG_601_384,6.847493502458898,EMIG_601_384,6.847493502458898,NA,42.37385479,-111.5534182,NA,130.9661167083411,42.37385479,-111.5534182,NA,130.9661167083411,0,0,1,1
2,EMIG,616,ABLA,2.6,17.3,2.3,1,0,NA,0,-,-,0,-,0,-,0,-,0,-,0,-,0,-,NA,1,EMIG616,42.37389816999999,-111.5535007,EMIG,616,ABLA,2.6,17.3,2.3,1,0,NA,0,-,-,0,-,0,-,0,-,0,-,0,-,0,-,NA,2,0,2356,616,NA,Point,2214.024,NA,0.1960996306890112,EMIG_616_397,EMIG_601_384,8.327070656008845,EMIG_601_384,8.327070656008845,NA,42.37385479,-111.5534182,NA,125.3422092693303,42.37385479,-111.5534182,NA,125.3422092693303,0,0,1,1
2,EMIG,617,ABLA,0,4.9,0,1,0,NA,0,-,-,0,-,0,-,0,-,0,-,0,-,0,-,"1 Dead, Rot in area",1,EMIG617,42.37389770000001,-111.55349030000001,EMIG,617,ABLA,NA,4.9,0,1,0,NA,0,-,-,0,-,0,-,0,-,0,-,0,-,0,-,"1 Dead, Rot in area",2,0,2357,617,NA,Point,2213.516,NA,0.196793808065464,EMIG_617_398,EMIG_601_384,7.611892980336632,EMIG_601_384,7.611892980336632,NA,42.37385479,-111.5534182,NA,128.7520898238416,42.37385479,-111.5534182,NA,128.7520898238416,0,0,1,1
2,EMIG,618,ABLA,1.3,7.7,0,1,0,NA,0,-,-,0,-,0,-,0,-,0,-,0,-,0,-,NA,1,EMIG618,42.37390465,-111.5534881,EMIG,618,ABLA,1.3,7.7,0,1,0,NA,0,-,-,0,-,0,-,0,-,0,-,0,-,0,-,NA,2,0,2358,618,NA,Point,2213.062,NA,0.1964463296992607,EMIG_618_399,EMIG_601_384,7.985786707239171,EMIG_601_384,7.985786707239171,NA,42.37385479,-111.5534182,NA,133.8904496430924,42.37385479,-111.5534182,NA,133.8904496430924,0,0,1,1
2,EMIG,619,ABLA,2.5,22.9,0.7,1,0,NA,0,-,-,0,-,0,-,0,-,0,-,0,-,0,-,NA,1,EMIG619,42.37390462999998,-111.5535151,EMIG,619,ABLA,2.5,22.9,0.7,1,0,NA,0,-,-,0,-,0,-,0,-,0,-,0,-,0,-,NA,2,0,2359,619,NA,Point,2211.96,NA,0.1947296358494881,EMIG_619_400,EMIG_601_384,9.709633459098866,EMIG_601_384,9.709633459098866,NA,42.37385479,-111.5534182,NA,124.7479697208276,42.37385479,-111.5534182,NA,124.7479697208276,0,0,1,1
2,EMIG,620,ABLA,1.7,11.1,3.7,1,0,NA,0,-,-,0,-,0,-,0,-,0,-,0,-,0,-,NA,1,EMIG620,42.37389112,-111.5535262,EMIG,620,ABLA,1.7,11.1,3.7,1,0,NA,0,-,-,0,-,0,-,0,-,0,-,0,-,0,-,NA,2,0,2360,620,NA,Point,2212.215,NA,0.1949873629842254,EMIG_620_401,EMIG_605_388,9.557335957662922,EMIG_605_388,9.557335957662922,NA,42.37382052000001,-111.5534598,NA,145.109232331965,42.37382052000001,-111.5534598,NA,145.109232331965,0,0,1,1
2,EMIG,621,ABLA,1.1,8.8,0,1,0,NA,0,-,-,0,-,0,-,0,-,0,-,0,-,0,-,NA,1,EMIG621,42.37388246,-111.553518,EMIG,621,ABLA,1.1,8.8,0,1,0,NA,0,-,-,0,-,0,-,0,-,0,-,0,-,0,-,NA,2,0,2361,621,NA,Point,2210.465,NA,0.1961222924386916,EMIG_621_402,EMIG_605_388,8.382407586772533,EMIG_605_388,8.382407586772533,NA,42.37382052000001,-111.5534598,NA,145.1347065908466,42.37382052000001,-111.5534598,NA,145.1347065908466,0,0,1,1
2,EMIG,622,ABLA,0,7.3,0,1,0,NA,0,-,-,0,-,0,-,0,-,0,-,0,-,0,-,NA,1,EMIG622,42.37388857000001,-111.5535235,EMIG,622,ABLA,NA,7.3,0,1,0,NA,0,-,-,0,-,0,-,0,-,0,-,0,-,0,-,NA,2,0,2362,622,NA,Point,2211.167,NA,0.1953394725191986,EMIG_622_403,EMIG_605_388,9.197948598305302,EMIG_605_388,9.197948598305302,NA,42.37382052000001,-111.5534598,NA,145.2361512386025,42.37382052000001,-111.5534598,NA,145.2361512386025,0,0,1,1
2,EMIG,623,ABLA,1.6,11.2,1.2,1,0,NA,0,-,-,0,-,0,-,0,-,0,-,0,-,0,-,NA,1,EMIG623,42.37389583999999,-111.5535544,EMIG,623,ABLA,1.6,11.2,1.2,1,0,NA,0,-,-,0,-,0,-,0,-,0,-,0,-,0,-,NA,2,0,2363,623,NA,Point,2209.871,NA,0.1928774548517063,EMIG_623_404,EMIG_605_388,11.42853981080132,EMIG_813_579,7.818503857359573,NA,42.37382052000001,-111.5534598,NA,137.0378330919674,42.37389837999999,-111.5536493,NA,-87.93267376463484,0,0,1,1
2,EMIG,624,ABLA,4.3,22,0,1,0,NA,0,-,-,0,-,0,-,0,-,0,-,0,-,0,-,NA,1,EMIG624,42.37389388,-111.5535395,EMIG,624,ABLA,4.3,22,0,1,0,NA,0,-,-,0,-,0,-,0,-,0,-,0,-,0,-,NA,2,0,2364,624,NA,Point,2218.977,NA,0.1939532682720072,EMIG_624_405,EMIG_605_388,10.46009587678389,EMIG_813_579,9.053977793364105,NA,42.37382052000001,-111.5534598,NA,141.1463991078627,42.37389837999999,-111.5536493,NA,-86.83628848561416,0,0,1,1
2,EMIG,625,ABLA,2.6,15.1,0,1,0,NA,1,-,-,0,-,0,-,0,-,0,-,0,-,0,-,1 DB,1,EMIG625,42.37387541,-111.5535428,EMIG,625,ABLA,2.6,15.1,0,1,0,NA,1,-,-,0,-,0,-,0,-,0,-,0,-,0,-,1 DB,2,0,2365,625,NA,Point,2214.034,NA,0.1950760986523042,EMIG_625_406,EMIG_605_388,9.156800999822977,EMIG_813_579,9.131902346222873,NA,42.37382052000001,-111.5534598,NA,131.7296978491709,42.37389837999999,-111.5536493,NA,-73.78137313055473,0,0,1,1
2,EMIG,627,ABLA,1.8,9.1,1.8,1,0,NA,0,-,-,0,-,0,-,0,-,0,-,0,-,0,-,Rot in area,1,EMIG627,42.37392503,-111.5534767,EMIG,627,ABLA,1.8,9.1,1.8,1,0,NA,0,-,-,0,-,0,-,0,-,0,-,0,-,0,-,Rot in area,2,0,2367,627,NA,Point,2213.881,NA,0.1957611269873478,EMIG_627_407,EMIG_601_384,9.166724465689594,EMIG_601_384,9.166724465689594,NA,42.37385479,-111.5534182,NA,148.3026584235672,42.37385479,-111.5534182,NA,148.3026584235672,0,0,1,1
2,EMIG,628,ABLA,0,5.4,0,1,0,NA,1,-,-,0,-,0,-,0,-,0,-,0,-,0,-,NA,1,EMIG628,42.37393770999999,-111.5535166,EMIG,628,ABLA,NA,5.4,0,1,0,NA,1,-,-,0,-,0,-,0,-,0,-,0,-,0,-,NA,2,0,2368,628,NA,Point,2214.582,NA,0.1923178512589521,EMIG_628_408,EMIG_601_384,12.26421272594905,EMIG_813_579,11.76609256513222,NA,42.37385479,-111.5534182,NA,138.6553002443916,42.37389837999999,-111.5536493,NA,-111.7874412008978,0,0,1,1
2,EMIG,629,ABLA,1.2,8.2,0,1,0,NA,4,-,-,0,-,0,-,0,-,0,-,0,-,0,-,"3 DB, WOB",1,EMIG629,42.37391280999999,-111.5535635,EMIG,629,ABLA,1.2,8.2,0,1,0,NA,4,-,-,0,-,0,-,0,-,0,-,0,-,0,-,"3 DB, WOB",2,0,2369,629,NA,Point,2215.05,NA,0.1910897856263718,EMIG_629_409,EMIG_605_388,13.33842962225402,EMIG_813_579,7.243619006194821,NA,42.37382052000001,-111.5534598,NA,140.2005650180039,42.37389837999999,-111.5536493,NA,-102.7795249450969,0,0,1,1
2,EMIG,630,ABLA,0,5,0,1,0,NA,1,-,-,0,-,0,-,0,-,0,-,0,-,0,-,WOB,1,EMIG630,42.37390658999999,-111.5535691,EMIG,630,ABLA,NA,5,0,1,0,NA,1,-,-,0,-,0,-,0,-,0,-,0,-,0,-,WOB,2,0,2370,630,NA,Point,2214.531,NA,0.1911834719045379,EMIG_630_410,EMIG_605_388,13.1271057662607,EMIG_813_579,6.665750418802123,NA,42.37382052000001,-111.5534598,NA,136.7227063338136,42.37389837999999,-111.5536493,NA,-97.86056666114446,0,0,1,1
2,EMIG,631,ABLA,1.8,9.8,0,1,0,NA,0,-,-,0,-,0,-,0,-,0,-,0,-,0,-,1 DB,1,EMIG631,42.37393224,-111.5534615,EMIG,631,ABLA,1.8,9.8,0,1,0,NA,0,-,-,0,-,0,-,0,-,0,-,0,-,0,-,1 DB,2,0,2371,631,NA,Point,2211.657,NA,0.1962482880135086,EMIG_631_411,EMIG_459_273,8.615896475355608,EMIG_601_384,9.309609943688558,NA,42.37397591000001,-111.553375,NA,55.7499532730203,42.37385479,-111.5534182,NA,157.484051981181,0,0,1,0
2,EMIG,632,ABLA,0,2,0,1,0,NA,0,-,-,0,-,0,-,0,-,0,-,0,-,0,-,Rot in area,1,EMIG632,42.37391607999999,-111.5534876,EMIG,632,ABLA,NA,2,0,1,0,NA,0,-,-,0,-,0,-,0,-,0,-,0,-,0,-,Rot in area,2,0,2372,632,NA,Point,2213.813,NA,0.1956806238726004,EMIG_632_412,EMIG_601_384,8.886212848563956,EMIG_601_384,8.886212848563956,NA,42.37385479,-111.5534182,NA,139.9833637263924,42.37385479,-111.5534182,NA,139.9833637263924,0,0,1,1
2,EMIG,633,ABLA,0,4.3,0,1,0,NA,0,-,-,0,-,0,-,0,-,0,-,0,-,0,-,Rot in area,1,EMIG633,42.37390148999999,-111.5534343,EMIG,633,ABLA,NA,4.3,0,1,0,NA,0,-,-,0,-,0,-,0,-,0,-,0,-,0,-,Rot in area,2,0,2373,633,NA,Point,2211.061,NA,0.2001167689065961,EMIG_633_413,EMIG_601_384,5.352263881500017,EMIG_601_384,5.352263881500017,NA,42.37385479,-111.5534182,NA,165.6606621495851,42.37385479,-111.5534182,NA,165.6606621495851,0,0,1,1
2,EMIG,634,ABLA,1.1,8.8,0,1,0,NA,0,-,-,0,-,0,-,0,-,0,-,0,-,0,-,NA,1,EMIG634,42.37392948000001,-111.5534324,EMIG,634,ABLA,1.1,8.8,0,1,0,NA,0,-,-,0,-,0,-,0,-,0,-,0,-,0,-,NA,2,0,2374,634,NA,Point,2210.972,NA,0.1983263385251915,EMIG_634_414,EMIG_459_273,6.993845934232752,EMIG_601_384,8.37550000439407,NA,42.37397591000001,-111.553375,NA,42.51047381418005,42.37385479,-111.5534182,NA,171.975910203072,0,0,1,0
2,EMIG,635,ABLA,3.6,18.8,0,1,0,NA,0,-,-,0,-,0,-,0,-,0,-,0,-,0,-,NA,1,EMIG635,42.37394094999999,-111.5533922,EMIG,635,ABLA,3.6,18.8,0,1,0,NA,0,-,-,0,-,0,-,0,-,0,-,0,-,0,-,NA,2,0,2375,635,NA,Point,2212.482,NA,0.200188903202083,EMIG_635_415,EMIG_459_273,4.132158964245098,EMIG_456_270,6.130008376112161,NA,42.37397591000001,-111.553375,NA,20.04200978534648,42.37399479999999,-111.5533758,NA,12.72493465201511,0,0,1,0
2,EMIG,636,ABLA,1.4,7.9,0,1,0,NA,0,-,-,0,-,0,-,0,-,0,-,0,-,0,-,NA,1,EMIG636,42.37395275,-111.5533834,EMIG,636,ABLA,1.4,7.9,0,1,0,NA,0,-,-,0,-,0,-,0,-,0,-,0,-,0,-,NA,2,0,2376,636,NA,Point,2214.563,NA,0.1999897198651534,EMIG_636_416,EMIG_459_273,2.663034691668762,EMIG_456_270,4.710929488567535,NA,42.37397591000001,-111.553375,NA,15.0524269166055,42.37399479999999,-111.5533758,NA,7.632889627776167,0,0,1,0
2,EMIG,637,ABLA,6.6,36.5,0,1,0,NA,2,-,-,0,-,0,-,0,-,0,-,0,-,0,-,"WOB, 1 DB",1,EMIG637,42.37395948,-111.5533821,EMIG,637,ABLA,6.6,36.5,0,1,0,NA,2,-,-,0,-,0,-,0,-,0,-,0,-,0,-,"WOB, 1 DB",2,0,2377,637,NA,Point,2215.215,NA,0.1996340989562193,EMIG_637_417,EMIG_459_273,1.915735324616228,EMIG_456_270,3.956047927919984,NA,42.37397591000001,-111.553375,NA,17.76649533811242,42.37399479999999,-111.5533758,NA,7.53403967285469,0,0,1,0
2,EMIG,638,ABLA,12.5,77.9,14.3,1,0,NA,0,-,-,0,-,0,-,0,-,0,-,0,-,0,-,injury on south side,1,EMIG638,42.37394294999999,-111.5534598,EMIG,638,ABLA,12.5,77.9,14.3,1,0,NA,0,-,-,0,-,0,-,0,-,0,-,0,-,0,-,injury on south side,2,0,2378,638,NA,Point,2220.999,NA,0.1956291609411628,EMIG_638_418,EMIG_459_273,7.882930630011572,EMIG_456_270,8.998779395204695,NA,42.37397591000001,-111.553375,NA,62.33668997439955,42.37399479999999,-111.5533758,NA,50.22347176553268,0,0,1,0
2,EMIG,639,ABLA,2,11.2,1.5,1,0,NA,0,-,-,0,-,0,-,0,-,0,-,0,-,0,-,Rot in area,1,EMIG639,42.37397667,-111.5533852,EMIG,639,ABLA,2,11.2,1.5,1,0,NA,0,-,-,0,-,0,-,0,-,0,-,0,-,0,-,Rot in area,2,0,2379,639,NA,Point,2213.7,NA,0.1983072987090752,EMIG_639_419,EMIG_459_273,0.8440263997101376,EMIG_456_270,2.156776743745908,NA,42.37397591000001,-111.553375,NA,95.73827764505312,42.37399479999999,-111.5533758,NA,21.02876154418338,0,0,1,0
2,EMIG,640,ABLA,3.3,18,0,1,0,NA,0,-,-,0,-,0,-,0,-,0,-,0,-,0,-,NA,1,EMIG640,42.37399056,-111.553403,EMIG,640,ABLA,3.3,18,0,1,0,NA,0,-,-,0,-,0,-,0,-,0,-,0,-,0,-,NA,2,0,2380,640,NA,Point,2211.242,NA,0.1962190941161207,EMIG_640_420,EMIG_456_270,2.288412055697605,EMIG_456_270,2.288412055697605,NA,42.37399479999999,-111.5533758,NA,78.12749504254987,42.37399479999999,-111.5533758,NA,78.12749504254987,0,0,2,2
2,EMIG,641,ABLA,0,4,0,1,0,NA,0,-,-,0,-,0,-,0,-,0,-,0,-,0,-,NA,1,EMIG641,42.37399442,-111.5534082,EMIG,641,ABLA,NA,4,0,1,0,NA,0,-,-,0,-,0,-,0,-,0,-,0,-,0,-,NA,2,0,2381,641,NA,Point,2212.017,NA,0.1956219946920897,EMIG_641_421,EMIG_456_270,2.667923309260381,EMIG_456_270,2.667923309260381,NA,42.37399479999999,-111.5533758,NA,89.09378427796909,42.37399479999999,-111.5533758,NA,89.09378427796909,0,0,2,2
2,EMIG,642,ABLA,1.7,10.4,0,1,0,NA,0,-,-,0,-,0,-,0,-,0,-,0,-,0,-,NA,1,EMIG642,42.37398377,-111.5534228,EMIG,642,ABLA,1.7,10.4,0,1,0,NA,0,-,-,0,-,0,-,0,-,0,-,0,-,0,-,NA,2,0,2382,642,NA,Point,2213.174,NA,0.1953414767697355,EMIG_642_422,EMIG_459_273,4.03113261871136,EMIG_456_270,4.058847424029174,NA,42.37397591000001,-111.553375,NA,102.5039059800895,42.37399479999999,-111.5533758,NA,72.43720502504262,0,0,1,0
2,EMIG,643,ABLA,1,6.9,0,1,0,NA,0,-,-,0,-,0,-,0,-,0,-,0,-,0,-,NA,1,EMIG643,42.37399079999999,-111.5534412,EMIG,643,ABLA,1,6.9,0,1,0,NA,0,-,-,0,-,0,-,0,-,0,-,0,-,0,-,NA,2,0,2383,643,NA,Point,2212.893,NA,0.1936594674277202,EMIG_643_423,EMIG_456_270,5.402866615906093,EMIG_456_270,5.402866615906093,NA,42.37399479999999,-111.5533758,NA,85.28451726478939,42.37399479999999,-111.5533758,NA,85.28451726478939,0,0,2,2
2,EMIG,644,ABLA,2.9,13,0,1,0,NA,0,-,-,0,-,0,-,0,-,0,-,0,-,0,-,NA,1,EMIG644,42.37396447999999,-111.5534448,EMIG,644,ABLA,2.9,13,0,1,0,NA,0,-,-,0,-,0,-,0,-,0,-,0,-,0,-,NA,2,0,2384,644,NA,Point,2212.319,NA,0.1951615153903807,EMIG_644_424,EMIG_459_273,5.885325054296527,EMIG_456_270,6.60365064314065,NA,42.37397591000001,-111.553375,NA,77.54626330778414,42.37399479999999,-111.5533758,NA,59.34785391927977,0,0,1,0
2,EMIG,645,ABLA,2.3,9.7,0,1,0,NA,0,-,-,0,-,0,-,0,-,0,-,0,-,0,-,NA,1,EMIG645,42.37395172,-111.5534506,EMIG,645,ABLA,2.3,9.7,0,1,0,NA,0,-,-,0,-,0,-,0,-,0,-,0,-,0,-,NA,2,0,2385,645,NA,Point,2213.809,NA,0.195636276819359,EMIG_645_425,EMIG_459_273,6.779208032706815,EMIG_456_270,7.79805697815308,NA,42.37397591000001,-111.553375,NA,66.65812493319505,42.37399479999999,-111.5533758,NA,52.16208127324505,0,0,1,0
2,EMIG,646,ABLA,0,7.6,0,1,0,NA,0,-,-,0,-,0,-,0,-,0,-,0,-,0,-,NA,1,EMIG646,42.37394812000001,-111.553465,EMIG,646,ABLA,NA,7.6,0,1,0,NA,0,-,-,0,-,0,-,0,-,0,-,0,-,0,-,NA,2,0,2386,646,NA,Point,2212.65,NA,0.1949399769573784,EMIG_646_426,EMIG_459_273,8.02681270073013,EMIG_456_270,8.989020936434153,NA,42.37397591000001,-111.553375,NA,67.3914181065234,42.37399479999999,-111.5533758,NA,54.7864252402148,0,0,1,0
2,EMIG,647,ABLA,2.9,16.8,0,1,0,NA,0,-,-,0,-,0,-,0,-,0,-,0,-,0,-,NA,1,EMIG647,42.37394994,-111.553445,EMIG,647,ABLA,2.9,16.8,0,1,0,NA,0,-,-,0,-,0,-,0,-,0,-,0,-,0,-,NA,2,0,2387,647,NA,Point,2213.344,NA,0.1961222660957007,EMIG_647_427,EMIG_459_273,6.44448648829375,EMIG_456_270,7.567914206312148,NA,42.37397591000001,-111.553375,NA,63.41882420033026,42.37399479999999,-111.5533758,NA,48.83717355840087,0,0,1,0
2,EMIG,648,ABLA,0,7.5,0,1,0,NA,0,-,-,0,-,0,-,0,-,0,-,0,-,0,-,Rot in area,1,EMIG648,42.37400186999999,-111.5535455,EMIG,648,ABLA,NA,7.5,0,1,0,NA,0,-,-,0,-,0,-,0,-,0,-,0,-,0,-,Rot in area,2,0,2388,648,NA,Point,2213.895,NA,0.1860557847366126,EMIG_648_428,EMIG_656_435,6.059936938216407,EMIG_656_435,6.059936938216407,NA,42.3740482,-111.5535844,NA,-31.90499553870398,42.3740482,-111.5535844,NA,-31.90499553870398,0,0,1,1
2,EMIG,649,ABLA,3,9.9,0,1,0,NA,0,-,-,0,-,0,-,0,-,0,-,0,-,0,-,NA,1,EMIG649,42.37400151999999,-111.5535329,EMIG,649,ABLA,3,9.9,0,1,0,NA,0,-,-,0,-,0,-,0,-,0,-,0,-,0,-,NA,2,0,2389,649,NA,Point,2216.95,NA,0.1869031445950609,EMIG_649_429,EMIG_656_435,6.696673858219463,EMIG_656_435,6.696673858219463,NA,42.3740482,-111.5535844,NA,-39.28453935445322,42.3740482,-111.5535844,NA,-39.28453935445322,0,0,1,1
2,EMIG,650,ABLA,2.2,11,0,1,0,NA,0,-,-,0,-,0,-,0,-,0,-,0,-,0,-,NA,1,EMIG650,42.37398424999999,-111.5535405,EMIG,650,ABLA,2.2,11,0,1,0,NA,0,-,-,0,-,0,-,0,-,0,-,0,-,0,-,NA,2,0,2390,650,NA,Point,2214.576,NA,0.1875755207350422,EMIG_650_430,EMIG_656_435,7.96789723578142,EMIG_656_435,7.96789723578142,NA,42.3740482,-111.5535844,NA,-26.97632866781245,42.3740482,-111.5535844,NA,-26.97632866781245,0,0,1,1
2,EMIG,651,ABLA,2.5,11.6,0,1,0,NA,0,-,-,0,-,0,-,0,-,0,-,0,-,0,-,NA,1,EMIG651,42.37398249999999,-111.5535351,EMIG,651,ABLA,2.5,11.6,0,1,0,NA,0,-,-,0,-,0,-,0,-,0,-,0,-,0,-,NA,2,0,2391,651,NA,Point,2215.404,NA,0.1880454316679399,EMIG_651_431,EMIG_656_435,8.348438463308783,EMIG_656_435,8.348438463308783,NA,42.3740482,-111.5535844,NA,-29.09114956803992,42.3740482,-111.5535844,NA,-29.09114956803992,0,0,1,1
2,EMIG,652,ABLA,1.9,9.2,0,1,0,NA,0,-,-,0,-,0,-,0,-,0,-,0,-,0,-,NA,1,EMIG652,42.37397936,-111.5535397,EMIG,652,ABLA,1.9,9.2,0,1,0,NA,0,-,-,0,-,0,-,0,-,0,-,0,-,0,-,NA,2,0,2392,652,NA,Point,2216.08,NA,0.1879607786599938,EMIG_652_432,EMIG_656_435,8.483751312212865,EMIG_797_564,8.435795923997555,NA,42.3740482,-111.5535844,NA,-25.70919510173439,42.37403112,-111.5536147,NA,-47.05402396262041,0,0,1,1
2,EMIG,654,ABLA,0,5,0,1,0,NA,0,-,-,0,-,0,-,0,-,0,-,0,-,0,-,Broken top,1,EMIG654,42.37399996999999,-111.5535759,EMIG,654,ABLA,NA,5,0,1,0,NA,0,-,-,0,-,0,-,0,-,0,-,0,-,0,-,Broken top,2,0,2394,654,NA,Point,2215.833,NA,0.1842064933990094,EMIG_654_433,EMIG_656_435,5.400941359425871,EMIG_797_564,4.708364308321411,NA,42.3740482,-111.5535844,NA,-7.445066535168287,42.37403112,-111.5536147,NA,-42.72478156764226,0,0,1,1
2,EMIG,655,ABLA,13,15.7,0,1,0,NA,0,-,-,0,-,0,-,0,-,0,-,0,-,0,-,NA,1,EMIG655,42.37400443999999,-111.5535601,EMIG,655,ABLA,13,15.7,0,1,0,NA,0,-,-,0,-,0,-,0,-,0,-,0,-,0,-,NA,2,0,2395,655,NA,Point,2217.298,NA,0.1849296891439409,EMIG_655_434,EMIG_656_435,5.254833614891293,EMIG_656_435,5.254833614891293,NA,42.3740482,-111.5535844,NA,-22.37911711446046,42.3740482,-111.5535844,NA,-22.37911711446046,0,0,1,1
2,EMIG,656,ABLA,7.9,36.5,0,1,1,NA,5,-,-,0,-,1,-,0,-,0,-,0,-,0,-,2 DB,1,EMIG656,42.3740482,-111.5535844,EMIG,656,ABLA,7.9,36.5,0,1,1,NA,5,-,-,0,-,1,-,0,-,0,-,0,-,0,-,2 DB,2,0,2396,656,NA,Point,2214.746,NA,0.1804029800710512,EMIG_656_435,EMIG_786_554,6.832008423535661,EMIG_797_564,3.133744647442081,NA,42.37408966999999,-111.5536457,NA,-47.6233008825584,42.37403112,-111.5536147,NA,-127.2432973678049,1,1,2,1
2,EMIG,657,ABLA,0,5.7,0,1,0,NA,0,-,-,0,-,0,-,0,-,0,-,0,-,0,-,NA,1,EMIG657,42.37404633000001,-111.5535675,EMIG,657,ABLA,NA,5.7,0,1,0,NA,0,-,-,0,-,0,-,0,-,0,-,0,-,0,-,NA,2,0,2397,657,NA,Point,2216.23,NA,0.1816419338345475,EMIG_657_436,EMIG_656_435,1.406834759517619,EMIG_656_435,1.406834759517619,NA,42.3740482,-111.5535844,NA,-81.51237113593952,42.3740482,-111.5535844,NA,-81.51237113593952,0,0,1,1
2,EMIG,658,ABLA,1.1,6.3,0,1,0,NA,0,-,-,0,-,0,-,0,-,0,-,0,-,0,-,NA,1,EMIG658,42.37404946,-111.5535651,EMIG,658,ABLA,1.1,6.3,0,1,0,NA,0,-,-,0,-,0,-,0,-,0,-,0,-,0,-,NA,2,0,2398,658,NA,Point,2216.482,NA,0.1815941254263783,EMIG_658_437,EMIG_656_435,1.595173213139618,EMIG_656_435,1.595173213139618,NA,42.3740482,-111.5535844,NA,-95.03174401287797,42.3740482,-111.5535844,NA,-95.03174401287797,0,0,1,1
2,EMIG,660,ABLA,9.5,44.5,3.9,1,0,NA,0,-,-,0,-,0,-,0,-,0,-,0,-,0,-,South obstructed,1,EMIG660,42.37402918999999,-111.5534965,EMIG,660,ABLA,9.5,44.5,3.9,1,0,NA,0,-,-,0,-,0,-,0,-,0,-,0,-,0,-,South obstructed,2,0,2400,660,NA,Point,2213.143,NA,0.1874754242497606,EMIG_660_438,EMIG_656_435,7.538622370558075,EMIG_656_435,7.538622370558075,NA,42.3740482,-111.5535844,NA,-73.7394780264274,42.3740482,-111.5535844,NA,-73.7394780264274,0,0,1,1
2,EMIG,661,ABLA,11.4,55.8,0,1,0,NA,2,-,-,0,-,0,-,0,-,0,-,0,-,0,-,1 DB,1,EMIG661,42.37402771999999,-111.553486,EMIG,661,ABLA,11.4,55.8,0,1,0,NA,2,-,-,0,-,0,-,0,-,0,-,0,-,0,-,1 DB,2,0,2401,661,NA,Point,2213.582,NA,0.1882705508665352,EMIG_661_439,EMIG_656_435,8.414674880636626,EMIG_656_435,8.414674880636626,NA,42.3740482,-111.5535844,NA,-74.32073828985551,42.3740482,-111.5535844,NA,-74.32073828985551,0,0,1,1
2,EMIG,662,ABLA,2.8,13.5,0,1,0,NA,1,-,-,0,-,0,-,0,-,0,-,0,-,0,-,"Rot in area, WOB",1,EMIG662,42.37405047000001,-111.5534417,EMIG,662,ABLA,2.8,13.5,0,1,0,NA,1,-,-,0,-,0,-,0,-,0,-,0,-,0,-,"Rot in area, WOB",2,0,2402,662,NA,Point,2212.304,NA,0.1897917832148534,EMIG_662_440,EMIG_454_269,6.75805525736432,EMIG_456_270,8.224968666251524,NA,42.37401705000001,-111.5533731,NA,123.3060165541383,42.37399479999999,-111.5533758,NA,138.725471092774,0,0,1,0
2,EMIG,663,ABLA,1.8,9.3,0,1,0,NA,0,-,-,0,-,0,-,0,-,0,-,0,-,0,-,NA,1,EMIG663,42.37404588999999,-111.5534177,EMIG,663,ABLA,1.8,9.3,0,1,0,NA,0,-,-,0,-,0,-,0,-,0,-,0,-,0,-,NA,2,0,2403,663,NA,Point,2216.909,NA,0.1917063891648144,EMIG_663_441,EMIG_454_269,4.872277181170412,EMIG_456_270,6.639540119531921,NA,42.37401705000001,-111.5533731,NA,131.0913885444905,42.37399479999999,-111.5533758,NA,148.6961091548017,0,0,1,0
2,EMIG,664,ABLA,0,6.8,0,1,0,NA,3,-,-,0,-,0,-,0,-,0,-,0,-,0,-,2 DB,1,EMIG664,42.37404191,-111.5534232,EMIG,664,ABLA,NA,6.8,0,1,0,NA,3,-,-,0,-,0,-,0,-,0,-,0,-,0,-,2 DB,2,0,2404,664,NA,Point,2214.181,NA,0.1915833639158454,EMIG_664_442,EMIG_454_269,4.963326914891748,EMIG_456_270,6.526407206314956,NA,42.37401705000001,-111.5533731,NA,123.7909742150941,42.37399479999999,-111.5533758,NA,143.2754719861694,0,0,1,0
2,EMIG,665,ABLA,10.5,52.8,0,1,0,NA,0,-,-,0,-,0,-,0,-,0,-,0,-,0,-,NA,1,EMIG665,42.37407388,-111.5534347,EMIG,665,ABLA,10.5,52.8,0,1,0,NA,0,-,-,0,-,0,-,0,-,0,-,0,-,0,-,NA,2,0,2405,665,NA,Point,2216.863,NA,0.188807834289279,EMIG_665_443,EMIG_454_269,8.095843239757789,EMIG_273_241,7.085174386670765,NA,42.37401705000001,-111.5533731,NA,141.2106642555091,42.37409018000001,-111.5533515,NA,75.19949295832991,0,0,1,0
2,EMIG,666,ABLA,3,14.8,0,1,0,NA,0,-,-,0,-,0,-,0,-,0,-,0,-,0,-,WOB,1,EMIG666,42.37403580999999,-111.5534144,EMIG,666,ABLA,3,14.8,0,1,0,NA,0,-,-,0,-,0,-,0,-,0,-,0,-,0,-,WOB,2,0,2406,666,NA,Point,2212.22,NA,0.1925632784486241,EMIG_666_444,EMIG_454_269,3.987688450878016,EMIG_456_270,5.553041992828041,NA,42.37401705000001,-111.5533731,NA,121.4920549666679,42.37399479999999,-111.5533758,NA,145.0886235571994,0,0,1,0
2,EMIG,667,ABLA,1.5,10.4,0,1,0,NA,0,-,-,0,-,0,-,0,-,0,-,0,-,0,-,NA,1,EMIG667,42.37409524,-111.5533888,EMIG,667,ABLA,1.5,10.4,0,1,0,NA,0,-,-,0,-,0,-,0,-,0,-,0,-,0,-,NA,2,0,2407,667,NA,Point,2213.194,NA,0.1906674123178964,EMIG_667_445,EMIG_271_239,6.434132871767017,EMIG_273_241,3.121990769645775,NA,42.37407974,-111.5533135,NA,105.5152840869765,42.37409018000001,-111.5533515,NA,100.3678588614616,0,0,1,0
2,EMIG,668,ABLA,4,20,0,1,0,NA,0,-,-,0,-,0,-,0,-,0,-,0,-,0,-,NA,1,EMIG668,42.37412764000001,-111.553425,EMIG,668,ABLA,4,20,0,1,0,NA,0,-,-,0,-,0,-,0,-,0,-,0,-,0,-,NA,2,0,2408,668,NA,Point,2214.021,NA,0.1862287855030983,EMIG_668_446,EMIG_704_478,4.795180857321666,EMIG_704_478,4.795180857321666,NA,42.37417061000001,-111.5534192,NA,5.715298157549541,42.37417061000001,-111.5534192,NA,5.715298157549541,0,0,3,3
2,EMIG,669,ABLA,2.1,10.2,0,1,0,NA,0,-,-,0,-,0,-,0,-,0,-,0,-,0,-,NA,1,EMIG669,42.37412122999999,-111.5534314,EMIG,669,ABLA,2.1,10.2,0,1,0,NA,0,-,-,0,-,0,-,0,-,0,-,0,-,0,-,NA,2,0,2409,669,NA,Point,2214.748,NA,0.1861638982023565,EMIG_669_447,EMIG_704_478,5.57434909820712,EMIG_704_478,5.57434909820712,NA,42.37417061000001,-111.5534192,NA,10.38101496978254,42.37417061000001,-111.5534192,NA,10.38101496978254,0,0,3,3
2,EMIG,671,ABLA,0,0.7,0,1,0,NA,0,-,-,0,-,0,-,0,-,0,-,0,-,0,-,NA,1,EMIG671,42.37409141,-111.5534354,EMIG,671,ABLA,NA,0.7,0,1,0,NA,0,-,-,0,-,0,-,0,-,0,-,0,-,0,-,NA,2,0,2411,671,NA,Point,2214.402,NA,0.1876840492318846,EMIG_671_448,EMIG_704_478,8.894855761830785,EMIG_273_241,6.909079307546329,NA,42.37417061000001,-111.5534192,NA,8.624077657455404,42.37409018000001,-111.5533515,NA,91.13266213563,0,0,3,3
2,EMIG,672,ABLA,2.1,11.5,0,1,0,NA,2,-,-,0,-,0,-,0,-,0,-,0,-,0,-,1 DB,1,EMIG672,42.37408363999999,-111.5534487,EMIG,672,ABLA,2.1,11.5,0,1,0,NA,2,-,-,0,-,0,-,0,-,0,-,0,-,0,-,1 DB,2,0,2412,672,NA,Point,2214.246,NA,0.1872488895560516,EMIG_672_449,EMIG_676_453,8.779095111068187,EMIG_273_241,8.035638171640178,NA,42.37410594,-111.553551,NA,-73.61720211715581,42.37409018000001,-111.5533515,NA,84.81497256071259,0,0,1,1
2,EMIG,673,ABLA,2.9,8.3,2.2,1,0,NA,3,-,-,0,-,0,-,0,-,0,-,0,-,0,-,NA,1,EMIG673,42.37408339,-111.5535715,EMIG,673,ABLA,2.9,8.3,2.2,1,0,NA,3,-,-,0,-,0,-,0,-,0,-,0,-,0,-,NA,2,0,2413,673,NA,Point,2218.666,NA,0.1789561290412304,EMIG_673_450,EMIG_676_453,3.019670240112055,EMIG_676_453,3.019670240112055,NA,42.37410594,-111.553551,NA,33.98273677723908,42.37410594,-111.553551,NA,33.98273677723908,0,0,1,1
2,EMIG,674,ABLA,0,1.8,0,1,0,NA,0,-,-,0,-,0,-,0,-,0,-,0,-,0,-,NA,1,EMIG674,42.37408753,-111.5535578,EMIG,674,ABLA,NA,1.8,0,1,0,NA,0,-,-,0,-,0,-,0,-,0,-,0,-,0,-,NA,2,0,2414,674,NA,Point,2220.712,NA,0.1796087039400001,EMIG_674_451,EMIG_676_453,2.119507552741829,EMIG_676_453,2.119507552741829,NA,42.37410594,-111.553551,NA,15.31632811294678,42.37410594,-111.553551,NA,15.31632811294678,0,0,1,1
2,EMIG,675,ABLA,1.8,13.8,0,1,0,NA,0,-,-,0,-,0,-,0,-,0,-,0,-,0,-,NA,1,EMIG675,42.3741015,-111.5535781,EMIG,675,ABLA,1.8,13.8,0,1,0,NA,0,-,-,0,-,0,-,0,-,0,-,0,-,0,-,NA,2,0,2415,675,NA,Point,2219.868,NA,0.1773512787966684,EMIG_675_452,EMIG_677_454,2.164410428004043,EMIG_677_454,2.164410428004043,NA,42.37411093999999,-111.5535551,NA,61.03386166129204,42.37411093999999,-111.5535551,NA,61.03386166129204,0,0,8,10
2,EMIG,676,ABLA,1.1,8.5,0,1,1,NA,0,-,-,0,-,0,-,1,-,0,-,0,-,0,-,Rot in area,1,EMIG676,42.37410594,-111.553551,EMIG,676,ABLA,1.1,8.5,0,1,1,NA,0,-,-,0,-,0,-,1,-,0,-,0,-,0,-,Rot in area,2,0,2416,676,NA,Point,2219.301,NA,0.1788986984341689,EMIG_676_453,EMIG_677_454,0.6497624357892607,EMIG_677_454,0.6497624357892607,NA,42.37411093999999,-111.5535551,NA,-31.30007552851016,42.37411093999999,-111.5535551,NA,-31.30007552851016,1,1,8,10
2,EMIG,677,ABLA,8,43,0,1,1,NA,0,-,-,1,-,2,-,2,1-2,0,-,1,-,2,-,NA,1,EMIG677,42.37411093999999,-111.5535551,EMIG,677,ABLA,8,43,0,1,1,NA,0,-,-,0,-,2,-,2,1-2,2,-,2,-,2,-,NA,2,0,2417,677,NA,Point,2220.625,NA,0.1783064667299509,EMIG_677_454,EMIG_676_453,0.6497624357892607,EMIG_676_453,0.6497624357892607,NA,42.37410594,-111.553551,NA,148.6999217082185,42.37410594,-111.553551,NA,148.6999217082185,8,10,1,1
2,EMIG,678,ABLA,5.8,24.5,0,1,1,NA,0,-,-,0,-,0,-,1,-,0,-,0,-,0,-,NA,1,EMIG678,42.37413222999999,-111.5535827,EMIG,678,ABLA,5.8,24.5,0,1,1,NA,0,-,-,0,-,0,-,1,-,2,-,0,-,0,-,NA,2,0,2418,678,NA,Point,2218.466,NA,0.1750994962803196,EMIG_678_455,EMIG_771_540,2.98380081036311,EMIG_767_536,3.086354813449982,NA,42.37412034,-111.5536152,NA,-116.2618056709526,42.37414938,-111.5536122,NA,-51.9017231326434,1,3,1,0
2,EMIG,680,ABLA,0,2.2,0,1,0,NA,0,-,-,0,-,0,-,0,-,0,-,0,-,0,-,NA,1,EMIG680,42.37415448,-111.5535805,EMIG,680,ABLA,NA,2.2,0,1,0,NA,0,-,-,0,-,0,-,0,-,0,-,0,-,0,-,NA,2,0,2420,680,NA,Point,2219.198,NA,0.1738721451635145,EMIG_680_456,EMIG_678_455,2.477247791425092,EMIG_678_455,2.477247791425092,NA,42.37413222999999,-111.5535827,NA,-175.8068859822926,42.37413222999999,-111.5535827,NA,-175.8068859822926,0,0,1,3
2,EMIG,681,ABLA,2.1,10.5,0,1,0,NA,1,-,-,0,-,0,-,0,-,0,-,0,-,0,-,WOB,1,EMIG681,42.37414773,-111.553394,EMIG,681,ABLA,2.1,10.5,0,1,0,NA,1,-,-,0,-,0,-,0,-,0,-,0,-,0,-,WOB,2,0,2421,681,NA,Point,2217.199,NA,0.1872284339389946,EMIG_681_457,EMIG_704_478,3.280128357058668,EMIG_704_478,3.280128357058668,NA,42.37417061000001,-111.5534192,NA,-39.23717660595009,42.37417061000001,-111.5534192,NA,-39.23717660595009,0,0,3,3
2,EMIG,682,ABLA,2.5,14,0,1,0,NA,0,-,-,0,-,0,-,0,-,0,-,0,-,0,-,NA,1,EMIG682,42.37415441,-111.5533907,EMIG,682,ABLA,2.5,14,0,1,0,NA,0,-,-,0,-,0,-,0,-,0,-,0,-,0,-,NA,2,0,2422,682,NA,Point,2215.613,NA,0.1870787307526887,EMIG_682_458,EMIG_704_478,2.956650731149897,EMIG_704_478,2.956650731149897,NA,42.37417061000001,-111.5534192,NA,-52.52597007846344,42.37417061000001,-111.5534192,NA,-52.52597007846344,0,0,3,3
2,EMIG,683,ABLA,0,5.7,0,1,0,NA,0,-,-,0,-,0,-,0,-,0,-,0,-,0,-,NA,1,EMIG683,42.37413806999999,-111.5533725,EMIG,683,ABLA,NA,5.7,0,1,0,NA,0,-,-,0,-,0,-,0,-,0,-,0,-,0,-,NA,2,0,2423,683,NA,Point,2217.565,NA,0.1892955548806621,EMIG_683_459,EMIG_704_478,5.276253288427577,EMIG_704_478,5.276253288427577,NA,42.37417061000001,-111.5534192,NA,-46.77966474133,42.37417061000001,-111.5534192,NA,-46.77966474133,0,0,3,3
2,EMIG,684,ABLA,0,6.4,0,1,0,NA,0,-,-,0,-,0,-,0,-,0,-,0,-,0,-,NA,1,EMIG684,42.37414385000001,-111.5533925,EMIG,684,ABLA,NA,6.4,0,1,0,NA,0,-,-,0,-,0,-,0,-,0,-,0,-,0,-,NA,2,0,2424,684,NA,Point,2214.022,NA,0.1875569490103905,EMIG_684_460,EMIG_704_478,3.696172809583174,EMIG_704_478,3.696172809583174,NA,42.37417061000001,-111.5534192,NA,-36.49455251637764,42.37417061000001,-111.5534192,NA,-36.49455251637764,0,0,3,3
2,EMIG,685,ABLA,10.6,51,0,1,0,NA,0,-,-,0,-,0,-,0,-,0,-,0,-,0,-,NA,1,EMIG685,42.37417395,-111.5534166,EMIG,685,ABLA,10.6,51,0,1,1,NA,0,-,-,0,-,0,-,0,-,2,-,0,-,0,-,NA,2,1,2425,685,NA,Point,2206.414,NA,0.1841397017048634,EMIG_685_461,EMIG_704_478,0.4282155679388682,EMIG_704_478,0.4282155679388682,NA,42.37417061000001,-111.5534192,NA,-150.0065733958418,42.37417061000001,-111.5534192,NA,-150.0065733958418,0,2,3,3
2,EMIG,686,ABLA,5.8,36.6,0,1,0,NA,0,-,-,0,-,0,-,0,-,0,-,0,-,0,-,NA,1,EMIG686,42.37416848,-111.5534079,EMIG,686,ABLA,5.8,36.6,0,1,0,NA,0,-,-,0,-,0,-,0,-,0,-,0,-,0,-,NA,2,0,2426,686,NA,Point,2210.756,NA,0.185064546835238,EMIG_686_462,EMIG_704_478,0.9599525968836579,EMIG_685_461,0.9391448581117189,NA,42.37417061000001,-111.5534192,NA,-75.73660248501348,42.37417395,-111.5534166,NA,-49.70369169085023,0,0,3,3
2,EMIG,687,ABLA,3.5,18.7,0,1,0,NA,0,-,-,0,-,0,-,0,-,0,-,0,-,0,-,NA,1,EMIG687,42.37416933999999,-111.5534096,EMIG,687,ABLA,3.5,18.7,0,1,0,NA,0,-,-,0,-,0,-,0,-,0,-,0,-,0,-,NA,2,0,2427,687,NA,Point,2211.988,NA,0.1848956569333267,EMIG_687_463,EMIG_704_478,0.8028762778090733,EMIG_685_461,0.7708350198537122,NA,42.37417061000001,-111.5534192,NA,-79.88392633279445,42.37417395,-111.5534166,NA,-48.3888613030827,0,0,3,3
2,EMIG,688,ABLA,0,2.5,0,1,0,NA,0,-,-,0,-,0,-,0,-,0,-,0,-,0,-,NA,1,EMIG688,42.37417490999999,-111.5533937,EMIG,688,ABLA,NA,2.5,0,1,0,NA,0,-,-,0,-,0,-,0,-,0,-,0,-,0,-,NA,2,0,2428,688,NA,Point,2213.666,NA,0.1857074475287275,EMIG_688_464,EMIG_704_478,2.153094582118194,EMIG_685_461,1.888431603962245,NA,42.37417061000001,-111.5534192,NA,-102.812344200532,42.37417395,-111.5534166,NA,-93.23592059174,0,0,3,3
2,EMIG,690,ABLA,0,6.3,0,1,0,NA,0,-,-,0,-,0,-,0,-,0,-,0,-,0,-,NA,1,EMIG690,42.37415869000001,-111.5533521,EMIG,690,ABLA,NA,6.3,0,1,0,NA,0,-,-,0,-,0,-,0,-,0,-,0,-,0,-,NA,2,0,2430,690,NA,Point,2216.958,NA,0.1895680042675195,EMIG_690_465,EMIG_704_478,5.680872315489925,EMIG_685_461,5.574245526849289,NA,42.37417061000001,-111.5534192,NA,-76.52682891451502,42.37417395,-111.5534166,NA,-72.30321954347119,0,0,3,3
2,EMIG,691,ABLA,12.7,61.5,7.4,1,0,NA,0,-,-,0,-,0,-,0,-,0,-,0,-,0,-,NA,1,EMIG691,42.37416514,-111.5533423,EMIG,691,ABLA,12.7,61.5,7.4,1,0,NA,0,-,-,0,-,0,-,0,-,0,-,0,-,0,-,NA,2,0,2431,691,NA,Point,2218.628,NA,0.1899052383303441,EMIG_691_466,EMIG_704_478,6.360458305959729,EMIG_685_461,6.195050871028252,NA,42.37417061000001,-111.5534192,NA,-84.52024349526242,42.37417395,-111.5534166,NA,-80.91443699109706,0,0,3,3
2,EMIG,692,ABLA,1.1,7.9,1.6,1,0,NA,0,-,-,0,-,0,-,0,-,0,-,0,-,0,-,NA,1,EMIG692,42.37417467,-111.5533602,EMIG,692,ABLA,1.1,7.9,1.6,1,0,NA,0,-,-,0,-,0,-,0,-,0,-,0,-,0,-,NA,2,0,2432,692,NA,Point,2216.359,NA,0.1881023206257292,EMIG_692_467,EMIG_704_478,4.878508534750069,EMIG_685_461,4.644256870402716,NA,42.37417061000001,-111.5534192,NA,-95.3021913578762,42.37417395,-111.5534166,NA,-90.98634162235035,0,0,3,3
2,EMIG,694,ABLA,2.5,10.3,2,1,0,NA,0,-,-,0,-,0,-,0,-,0,-,0,-,0,-,split at bottom,1,EMIG694,42.37420788999999,-111.5533498,EMIG,694,ABLA,2.5,10.3,2,1,0,NA,0,-,-,0,-,0,-,0,-,0,-,0,-,0,-,split at bottom,2,0,2434,694,NA,Point,2217.323,NA,0.1870390402424722,EMIG_694_468,EMIG_726_498,4.707907291999788,EMIG_697_471,4.659735065591028,NA,42.37423023,-111.5533984,NA,-58.20354432934015,42.37422593,-111.5534009,NA,-64.53982098601931,0,0,1,0
2,EMIG,695,ABLA,1.9,6.8,1.1,1,0,NA,0,-,-,0,-,0,-,0,-,0,-,0,-,0,-,Bent top,1,EMIG695,42.37421323,-111.5533549,EMIG,695,ABLA,1.9,6.8,1.1,1,0,NA,0,-,-,0,-,0,-,0,-,0,-,0,-,0,-,Bent top,2,0,2435,695,NA,Point,2216.358,NA,0.1863863964495327,EMIG_695_469,EMIG_726_498,4.048483542756279,EMIG_697_471,4.041327637099223,NA,42.37423023,-111.5533984,NA,-62.20792560793071,42.37422593,-111.5534009,NA,-69.57727933888657,0,0,1,0
2,EMIG,696,ABLA,1.7,6.9,1.1,1,0,NA,0,-,-,0,-,0,-,0,-,0,-,0,-,0,-,Bent,1,EMIG696,42.37421423000001,-111.5533524,EMIG,696,ABLA,1.7,6.9,1.1,1,0,NA,0,-,-,0,-,0,-,0,-,0,-,0,-,0,-,Bent,2,0,2436,696,NA,Point,2217.971,NA,0.1865133926657849,EMIG_696_470,EMIG_726_498,4.183308390350211,EMIG_697_471,4.199160355926342,NA,42.37423023,-111.5533984,NA,-64.86872786742336,42.37422593,-111.5534009,NA,-71.97783203702006,0,0,1,0
2,EMIG,697,ABLA,3,15.6,0,1,0,NA,2,-,-,0,-,0,-,0,-,0,-,0,-,0,-,WOB,1,EMIG697,42.37422593,-111.5534009,EMIG,697,ABLA,3,15.6,0,1,1,NA,2,-,-,0,-,0,-,1,-,0,-,0,-,0,-,WOB,2,1,2437,697,NA,Point,2212.983,NA,0.1823941839353045,EMIG_697_471,EMIG_726_498,0.5199441888343982,EMIG_700_474,1.166768251453867,NA,42.37423023,-111.5533984,NA,23.32041952177586,42.37421736,-111.5534091,NA,-144.6456855504217,0,1,1,0
2,EMIG,698,ABLA,1.5,10.2,2.9,1,0,NA,0,-,-,0,-,0,-,0,-,0,-,0,-,0,-,NA,1,EMIG698,42.37422527,-111.5534055,EMIG,698,ABLA,1.5,10.2,2.9,1,0,NA,0,-,-,0,-,0,-,0,-,0,-,0,-,0,-,NA,2,0,2438,698,NA,Point,2212.698,NA,0.182098721441225,EMIG_698_472,EMIG_726_498,0.8031451534998799,EMIG_697_471,0.3857558382709612,NA,42.37423023,-111.5533984,NA,46.70572596925555,42.37422593,-111.5534009,NA,79.04840863044572,0,0,1,0
2,EMIG,699,ABLA,4.1,20.5,2,1,0,NA,0,-,-,0,-,0,-,0,-,0,-,0,-,0,-,NA,1,EMIG699,42.37422239,-111.5534148,EMIG,699,ABLA,4.1,20.5,2,1,0,NA,0,-,-,0,-,0,-,0,-,0,-,0,-,0,-,NA,2,0,2439,699,NA,Point,2213.19,NA,0.1815859657411967,EMIG_699_473,EMIG_700_474,0.7295138537619614,EMIG_700_474,0.7295138537619614,NA,42.37421736,-111.5534091,NA,139.9616393252584,42.37421736,-111.5534091,NA,139.9616393252584,0,0,1,2
2,EMIG,700,ABLA,3.9,20.7,0,1,1,NA,0,-,-,0,-,1,-,0,-,0,-,0,-,0,-,NA,1,EMIG700,42.37421736,-111.5534091,EMIG,700,ABLA,3.9,20.7,0,1,1,NA,0,-,-,0,-,1,-,0,-,0,-,1,-,0,-,NA,2,0,2440,700,NA,Point,2212.386,NA,0.1822673709947036,EMIG_700_474,EMIG_726_498,1.678789953894983,EMIG_697_471,1.166768251453867,NA,42.37423023,-111.5533984,NA,31.65201296603589,42.37422593,-111.5534009,NA,35.35430892302369,1,2,1,0
2,EMIG,701,ABLA,2.1,7.4,0.6,1,0,NA,0,-,-,0,-,0,-,0,-,0,-,0,-,0,-,Broken top,1,EMIG701,42.37420329,-111.553413,EMIG,701,ABLA,2.1,7.4,0.6,1,0,NA,0,-,-,0,-,0,-,0,-,0,-,0,-,0,-,Broken top,2,0,2441,701,NA,Point,2211.701,NA,0.1827572826238119,EMIG_701_475,EMIG_700_474,1.594973908149342,EMIG_700_474,1.594973908149342,NA,42.37421736,-111.5534091,NA,11.61406687934265,42.37421736,-111.5534091,NA,11.61406687934265,0,0,1,2
2,EMIG,702,ABLA,2.3,13.7,2.1,1,0,NA,0,-,-,0,-,0,-,0,-,0,-,0,-,0,-,Rot in area,1,EMIG702,42.37420266000001,-111.5534144,EMIG,702,ABLA,2.3,13.7,2.1,1,0,NA,0,-,-,0,-,0,-,0,-,0,-,0,-,0,-,Rot in area,2,0,2442,702,NA,Point,2211.336,NA,0.1826920828265038,EMIG_702_476,EMIG_700_474,1.689593826271641,EMIG_700_474,1.689593826271641,NA,42.37421736,-111.5534091,NA,14.96715502922968,42.37421736,-111.5534091,NA,14.96715502922968,0,0,1,2
2,EMIG,703,ABLA,2,12.4,0,1,0,NA,0,-,-,0,-,0,-,0,-,0,-,0,-,0,-,NA,1,EMIG703,42.37416618,-111.553419,EMIG,703,ABLA,2,12.4,0,1,0,NA,0,-,-,0,-,0,-,0,-,0,-,0,-,0,-,NA,2,0,2443,703,NA,Point,2214.625,NA,0.1844117938059418,EMIG_703_477,EMIG_704_478,0.4921781245659989,EMIG_704_478,0.4921781245659989,NA,42.37417061000001,-111.5534192,NA,-1.917273830868821,42.37417061000001,-111.5534192,NA,-1.917273830868821,0,0,3,3
2,EMIG,704,ABLA,3,14.7,0,1,1,NA,0,-,-,0,-,2,1-0,1,-,0,-,0,-,0,-,NA,1,EMIG704,42.37417061000001,-111.5534192,EMIG,704,ABLA,3,14.7,0,1,1,NA,0,-,-,0,-,2,1-0,0,-,0,-,0,-,1,-,NA,2,0,2444,704,NA,Point,2214.709,NA,0.1841454427564168,EMIG_704_478,EMIG_700_474,5.257253598176472,EMIG_685_461,0.4282155679388682,NA,42.37421736,-111.5534091,NA,9.100920801730478,42.37417395,-111.5534166,NA,29.99342485183764,3,3,1,2
2,EMIG,705,ABLA,2,9.3,0,1,0,NA,0,-,-,0,-,0,-,0,-,0,-,0,-,0,-,NA,1,EMIG705,42.37422173,-111.5534425,EMIG,705,ABLA,2,9.3,0,1,1,NA,0,-,-,0,-,1,-,0,-,0,-,1,-,0,-,NA,2,1,2445,705,NA,Point,2213.553,NA,0.1796375957172642,EMIG_705_479,EMIG_720_492,0.6909550118650274,EMIG_720_492,0.6909550118650274,NA,42.37422080999999,-111.5534508,NA,-98.50219324977543,42.37422080999999,-111.5534508,NA,-98.50219324977543,0,2,3,1
2,EMIG,706,ABLA,0,3.3,0,1,0,NA,1,-,-,0,-,0,-,0,-,0,-,0,-,0,-,WOB,1,EMIG706,42.37420833,-111.5534432,EMIG,706,ABLA,NA,3.3,0,1,0,NA,1,-,-,0,-,0,-,0,-,0,-,0,-,0,-,WOB,2,0,2446,706,NA,Point,2213.83,NA,0.1803259144585064,EMIG_706_480,EMIG_720_492,1.520488231808721,EMIG_705_479,1.48903782474117,NA,42.37422080999999,-111.5534508,NA,-24.30107151056376,42.37422173,-111.5534425,NA,2.218175386179386,0,0,3,1
2,EMIG,707,ABLA,2.8,13.4,0,1,0,NA,0,-,-,0,-,0,-,0,-,0,-,0,-,0,-,NA,1,EMIG707,42.37418951999999,-111.5534812,EMIG,707,ABLA,2.8,13.4,0,1,0,NA,0,-,-,0,-,0,-,0,-,0,-,0,-,0,-,NA,2,0,2447,707,NA,Point,2214.303,NA,0.1786949221288093,EMIG_707_481,EMIG_708_482,1.998578907042368,EMIG_708_482,1.998578907042368,NA,42.37417573,-111.5534968,NA,-140.0101199157321,42.37417573,-111.5534968,NA,-140.0101199157321,0,0,2,4
2,EMIG,708,ABLA,2,10.5,0,1,1,NA,0,-,-,0,-,1,-,0,-,0,-,1,-,0,-,NA,1,EMIG708,42.37417573,-111.5534968,EMIG,708,ABLA,2,10.5,0,1,1,NA,0,-,-,1,4-1,2,2-1,0,-,1,-,0,-,0,-,NA,2,0,2448,708,NA,Point,2215.158,NA,0.1783968749190206,EMIG_708_482,EMIG_710_484,1.228253602543148,EMIG_710_484,1.228253602543148,NA,42.37417283999999,-111.5535112,NA,-105.1452723016832,42.37417283999999,-111.5535112,NA,-105.1452723016832,2,4,5,6
2,EMIG,709,ABLA,1.4,9.3,0,1,0,NA,0,-,-,0,-,0,-,0,-,0,-,0,-,0,-,NA,1,EMIG709,42.37416695,-111.5535005,EMIG,709,ABLA,1.4,9.3,0,1,0,NA,0,-,-,0,-,0,-,0,-,0,-,0,-,0,-,NA,2,0,2449,709,NA,Point,2215.11,NA,0.1786527607550484,EMIG_709_483,EMIG_708_482,1.021407496083543,EMIG_708_482,1.021407496083543,NA,42.37417573,-111.5534968,NA,17.35231805289888,42.37417573,-111.5534968,NA,17.35231805289888,0,0,2,4
2,EMIG,710,ABLA,2.6,12.4,0,1,1,NA,0,-,-,1,-,1,-,0,-,0,-,2,-,1,-,NA,1,EMIG710,42.37417283999999,-111.5535112,EMIG,710,ABLA,2.6,12.4,0,1,1,NA,0,-,-,0,-,2,-,0,-,1,-,2,-,1,-,NA,2,0,2450,710,NA,Point,2217.415,NA,0.1775604032793799,EMIG_710_484,EMIG_708_482,1.228253602543148,EMIG_708_482,1.228253602543148,NA,42.37417573,-111.5534968,NA,74.85471799315653,42.37417573,-111.5534968,NA,74.85471799315653,5,6,2,4
2,EMIG,711,ABLA,0,3.6,0,1,0,NA,0,-,-,0,-,0,-,0,-,0,-,0,-,0,-,NA,1,EMIG711,42.37418104999999,-111.5535105,EMIG,711,ABLA,NA,3.6,0,1,0,NA,0,-,-,0,-,0,-,0,-,0,-,0,-,0,-,NA,2,0,2451,711,NA,Point,2214.686,NA,0.1771284308621894,EMIG_711_485,EMIG_710_484,0.9134498158555693,EMIG_710_484,0.9134498158555693,NA,42.37417283999999,-111.5535112,NA,-176.3825933910786,42.37417283999999,-111.5535112,NA,-176.3825933910786,0,0,5,6
2,EMIG,713,ABLA,2.2,11,0,1,0,NA,0,-,-,0,-,0,-,0,-,0,-,0,-,0,-,NA,1,EMIG713,42.37420432,-111.5534945,EMIG,713,ABLA,2.2,11,0,1,0,NA,0,-,-,0,-,0,-,0,-,0,-,0,-,0,-,NA,2,0,2453,713,NA,Point,2217.841,NA,0.1769129897608668,EMIG_713_486,EMIG_715_488,0.39515769339205,EMIG_715_488,0.39515769339205,NA,42.37420752,-111.5534924,NA,25.94726196966461,42.37420752,-111.5534924,NA,25.94726196966461,0,0,3,1
2,EMIG,714,ABLA,1,7.4,0,1,0,NA,0,-,-,0,-,0,-,0,-,0,-,0,-,0,-,NA,1,EMIG714,42.37419649,-111.5534975,EMIG,714,ABLA,1,7.4,0,1,0,NA,0,-,-,0,-,0,-,0,-,0,-,0,-,0,-,NA,2,0,2454,714,NA,Point,2218.744,NA,0.1771480179131384,EMIG_714_487,EMIG_715_488,1.294739315914399,EMIG_715_488,1.294739315914399,NA,42.37420752,-111.5534924,NA,18.9237788740022,42.37420752,-111.5534924,NA,18.9237788740022,0,0,3,1
2,EMIG,715,ABLA,1.4,7.6,0,1,1,NA,0,-,-,0,-,2,-,0,-,0,-,1,-,0,-,NA,1,EMIG715,42.37420752,-111.5534924,EMIG,715,ABLA,1.4,7.6,0,1,1,NA,0,-,-,0,-,1,-,0,-,0,-,0,-,0,-,NA,2,0,NA,715,NA,Point,2216.81,NA,0.1768799770881856,EMIG_715_488,EMIG_718_490,1.993175775377609,EMIG_718_490,1.993175775377609,NA,42.37422237,-111.5534788,NA,34.17893942180202,42.37422237,-111.5534788,NA,34.17893942180202,3,1,1,2
2,EMIG,716,ABLA,1.5,8.7,0,1,1,NA,0,-,-,0,-,2,-,0,-,0,-,0,-,1,-,NA,1,EMIG716,42.37420752,-111.5534924,EMIG,716,ABLA,1.5,8.7,0,1,1,NA,0,-,-,0,-,1,-,0,-,0,-,1,-,0,-,NA,2,0,2455,716,NA,Point,2216.81,NA,0.1768799770881856,EMIG_716_489,EMIG_718_490,1.993175775377609,EMIG_718_490,1.993175775377609,NA,42.37422237,-111.5534788,NA,34.17893942180202,42.37422237,-111.5534788,NA,34.17893942180202,3,2,1,2
2,EMIG,718,ABLA,3.9,19.9,0,1,1,1,2,-,-,0,-,0,-,0,-,1,-,0,-,0,-,2 DB,1,EMIG718,42.37422237,-111.5534788,EMIG,718,ABLA,3.9,19.9,0,1,1,1,2,-,-,0,-,0,-,1,-,1,-,0,-,0,-,2 DB,2,0,2456,718,NA,Point,2216.348,NA,0.1770125816281964,EMIG_718_490,EMIG_715_488,1.993175775377609,EMIG_715_488,1.993175775377609,NA,42.37420752,-111.5534924,NA,-145.8210514122061,42.37420752,-111.5534924,NA,-145.8210514122061,1,2,3,1
2,EMIG,719,ABLA,5.6,30,0,1,0,NA,2,-,-,0,-,0,-,0,-,0,-,0,-,0,-,1 DB,1,EMIG719,42.37421508,-111.5534585,EMIG,719,ABLA,5.6,30,0,1,0,NA,2,-,-,0,-,0,-,0,-,0,-,0,-,0,-,1 DB,2,0,2457,719,NA,Point,2216.651,NA,0.1788622152509237,EMIG_719_491,EMIG_720_492,0.8981792448652728,EMIG_720_492,0.8981792448652728,NA,42.37422080999999,-111.5534508,NA,44.89664419380268,42.37422080999999,-111.5534508,NA,44.89664419380268,0,0,3,1
2,EMIG,720,ABLA,4.7,29.33,0,1,1,NA,1,-,-,0,-,1,-,0,-,0,-,2,-,0,-,1 DB,1,EMIG720,42.37422080999999,-111.5534508,EMIG,720,ABLA,4.7,29.33,0,1,1,NA,1,-,-,0,-,0,-,0,-,0,-,1,-,0,-,1 DB,2,0,2458,720,NA,Point,2214.516,NA,0.1790949827518802,EMIG_720_492,EMIG_724_496,1.932745888004511,EMIG_705_479,0.6909550118650274,NA,42.37423444,-111.5534362,NA,38.45814842927213,42.37422173,-111.5534425,NA,81.497801156273,3,1,6,7
2,EMIG,721,ABLA,2.4,13.2,0,1,0,NA,0,-,-,0,-,0,-,0,-,0,-,0,-,0,-,NA,1,EMIG721,42.37425536,-111.5534446,EMIG,721,ABLA,2.4,13.2,0,1,1,NA,0,-,-,0,-,0,-,0,-,0,-,1,-,0,-,NA,2,1,2459,721,NA,Point,2208.546,NA,0.1776748529780218,EMIG_721_493,EMIG_724_496,2.423701792081557,EMIG_724_496,2.423701792081557,NA,42.37423444,-111.5534362,NA,163.4204418239533,42.37423444,-111.5534362,NA,163.4204418239533,0,1,6,7
2,EMIG,722,ABLA,3.5,17.2,0,1,1,NA,0,-,-,0,-,0,-,1,-,0,-,0,-,0,-,NA,1,EMIG722,42.3742337,-111.5534193,EMIG,722,ABLA,3.5,17.2,0,1,0,NA,0,-,-,0,-,0,-,0,-,0,-,0,-,0,-,NA,2,-1,2460,722,NA,Point,2213.133,NA,0.1806534124198761,EMIG_722_494,EMIG_725_497,0.1410886445112291,EMIG_725_497,0.1410886445112291,NA,42.37423354,-111.553421,NA,-97.23403089748801,42.37423354,-111.553421,NA,-97.23403089748801,1,0,11,11
2,EMIG,723,ABLA,0,4.1,0,1,0,NA,0,-,-,0,-,0,-,0,-,0,-,0,-,0,-,NA,1,EMIG723,42.37423148999999,-111.5534329,EMIG,723,ABLA,NA,4.1,0,1,1,NA,0,-,-,0,-,0,-,0,-,0,-,1,-,0,-,NA,2,1,2461,723,NA,Point,2213.409,NA,0.1797947149832233,EMIG_723_495,EMIG_724_496,0.4255802427292429,EMIG_724_496,0.4255802427292429,NA,42.37423444,-111.5534362,NA,-39.67392321128251,42.37423444,-111.5534362,NA,-39.67392321128251,0,1,6,7
2,EMIG,724,ABLA,1,6.8,0,1,1,NA,1,-,-,2,-,0,-,0,-,2,-,2,1-0,0,-,WOB,1,EMIG724,42.37423444,-111.5534362,EMIG,724,ABLA,1,6.8,0,1,1,NA,1,-,-,2,-,1,-,0,-,2,-,2,1-0,0,-,WOB,2,0,2462,724,NA,Point,2214.508,NA,0.1793984801690345,EMIG_724_496,EMIG_725_497,1.255440862637876,EMIG_723_495,0.4255802427292429,NA,42.37423354,-111.553421,NA,94.56565928967873,42.37423148999999,-111.5534329,NA,140.3260745646158,6,7,11,11
2,EMIG,725,ABLA,4.3,21.8,3.9,1,1,NA,0,-,-,2,-,2,4-0,2,-,1,-,2,1-0,2,-,NA,1,EMIG725,42.37423354,-111.553421,EMIG,725,ABLA,4.3,21.8,3.9,1,1,NA,0,-,-,2,-,2,4-0,2,-,1,-,2,4-0,2,-,NA,2,0,2463,725,NA,Point,2214.258,NA,0.1805396643182533,EMIG_725_497,EMIG_722_494,0.1410886445112291,EMIG_723_495,1.005854547224684,NA,42.3742337,-111.5534193,NA,82.76596795676261,42.37423148999999,-111.5534329,NA,-103.0796222390254,11,11,1,0
2,EMIG,726,ABLA,1.2,9.5,0,1,1,NA,1,-,-,0,-,0,-,1,-,0,-,0,-,0,-,"Rot in area, 1 DB",1,EMIG726,42.37423023,-111.5533984,EMIG,726,ABLA,1.2,9.5,0,1,0,NA,1,-,-,0,-,0,-,0,-,0,-,0,-,0,-,"Rot in area, 1 DB",2,-1,2464,726,NA,Point,2215.317,NA,0.1823442275012864,EMIG_726_498,EMIG_700_474,1.678789953894983,EMIG_697_471,0.5199441888343982,NA,42.37421736,-111.5534091,NA,-148.347979822484,42.37422593,-111.5534009,NA,-156.6795787932987,1,0,1,2
2,EMIG,727,ABLA,0,5.8,0,1,0,NA,0,-,-,0,-,0,-,0,-,0,-,0,-,0,-,NA,1,EMIG727,42.37421797,-111.5535418,EMIG,727,ABLA,NA,5.8,0,1,0,NA,0,-,-,0,-,0,-,0,-,0,-,0,-,0,-,NA,2,0,2465,727,NA,Point,2218.594,NA,0.1727986541458282,EMIG_727_499,EMIG_715_488,4.229520539652183,EMIG_715_488,4.229520539652183,NA,42.37420752,-111.5534924,NA,105.9230990732318,42.37420752,-111.5534924,NA,105.9230990732318,0,0,3,1
2,EMIG,728,ABLA,3.9,22.9,0,1,0,NA,0,-,-,0,-,0,-,0,-,0,-,0,-,0,-,NA,1,EMIG728,42.37422668999999,-111.5535772,EMIG,728,ABLA,3.9,22.9,0,1,0,NA,0,-,-,0,-,0,-,0,-,0,-,0,-,0,-,NA,2,0,2466,728,NA,Point,2217.48,NA,0.1698072722870825,EMIG_728_500,EMIG_715_488,7.299092398141883,EMIG_746_517,6.607291875465696,NA,42.37420752,-111.5534924,NA,106.9553953957466,42.37417862,-111.5536245,NA,-143.8855324332871,0,0,3,1
2,EMIG,729,ABLA,1.5,11.2,0,1,0,NA,0,-,-,0,-,0,-,0,-,0,-,0,-,0,-,NA,1,EMIG729,42.37423069,-111.5535846,EMIG,729,ABLA,1.5,11.2,0,1,0,NA,0,-,-,0,-,0,-,0,-,0,-,0,-,0,-,NA,2,0,2467,729,NA,Point,2219.889,NA,0.1690569551890966,EMIG_729_501,EMIG_749_520,7.593385724026572,EMIG_746_517,6.649881455334029,NA,42.37420181000001,-111.5536682,NA,-114.9808392766982,42.37417862,-111.5536245,NA,-150.3958099444108,0,0,3,4
2,EMIG,730,ABLA,2.5,16,0,1,0,NA,0,-,-,0,-,0,-,0,-,0,-,0,-,0,-,NA,1,EMIG730,42.37422049,-111.5535826,EMIG,730,ABLA,2.5,16,0,1,0,NA,0,-,-,0,-,0,-,0,-,0,-,0,-,0,-,NA,2,0,2468,730,NA,Point,2219.983,NA,0.1697864732373515,EMIG_730_502,EMIG_749_520,7.346574544268164,EMIG_746_517,5.789282649022002,NA,42.37420181000001,-111.5536682,NA,-106.3996886995991,42.37417862,-111.5536245,NA,-143.4242950481676,0,0,3,4
2,EMIG,731,ABLA,0,6.4,0,1,0,NA,0,-,-,0,-,0,-,0,-,0,-,0,-,0,-,NA,1,EMIG731,42.37420971000001,-111.553579,EMIG,731,ABLA,NA,6.4,0,1,0,NA,0,-,-,0,-,0,-,0,-,0,-,0,-,0,-,NA,2,0,2469,731,NA,Point,2216.939,NA,0.170666278075161,EMIG_731_503,EMIG_769_538,6.415749914513191,EMIG_746_517,5.094238034539956,NA,42.37415873999998,-111.5536157,NA,-151.9028414399457,42.37417862,-111.5536245,NA,-132.6616528159716,0,0,4,7
2,EMIG,733,ABLA,1.4,10.8,0,1,0,NA,0,-,-,0,-,0,-,0,-,0,-,0,-,0,-,Rot in area,1,EMIG733,42.37422165,-111.5536065,EMIG,733,ABLA,1.4,10.8,0,1,0,NA,0,-,-,0,-,0,-,0,-,0,-,0,-,0,-,Rot in area,2,0,2471,733,NA,Point,2217.629,NA,0.1680466718242966,EMIG_733_504,EMIG_749_520,5.537052486604356,EMIG_746_517,5.002563258431625,NA,42.37420181000001,-111.5536682,NA,-113.4449099129494,42.37417862,-111.5536245,NA,-162.7677249921815,0,0,3,4
2,EMIG,734,ABLA,0,6.4,0,1,0,NA,0,-,-,0,-,0,-,0,-,0,-,0,-,0,-,Rot in area,1,EMIG734,42.37421237,-111.5536275,EMIG,734,ABLA,NA,6.4,0,1,0,NA,0,-,-,0,-,0,-,0,-,0,-,0,-,0,-,Rot in area,2,0,2472,734,NA,Point,2220.795,NA,0.1671324318474621,EMIG_734_505,EMIG_749_520,3.550174478303255,EMIG_749_520,3.550174478303255,NA,42.37420181000001,-111.5536682,NA,-109.2860963573109,42.37420181000001,-111.5536682,NA,-109.2860963573109,0,0,3,4
2,EMIG,735,ABLA,2.1,13.3,0,1,0,NA,0,-,-,0,-,0,-,0,-,0,-,0,-,0,-,NA,1,EMIG735,42.3742236,-111.5536281,EMIG,735,ABLA,2.1,13.3,0,1,0,NA,0,-,-,0,-,0,-,0,-,0,-,0,-,0,-,NA,2,0,2473,735,NA,Point,2219.916,NA,0.1664254928657291,EMIG_735_506,EMIG_749_520,4.093207992224681,EMIG_749_520,4.093207992224681,NA,42.37420181000001,-111.5536682,NA,-126.2358522027196,42.37420181000001,-111.5536682,NA,-126.2358522027196,0,0,3,4
2,EMIG,736,ABLA,1.2,7.3,1.5,1,0,NA,0,-,-,0,-,0,-,0,-,0,-,0,-,0,-,Rot in area,1,EMIG736,42.37420560999999,-111.5536177,EMIG,736,ABLA,1.2,7.3,1.5,1,0,NA,0,-,-,0,-,0,-,0,-,0,-,0,-,0,-,Rot in area,2,0,2474,736,NA,Point,2220.795,NA,0.1682149183602211,EMIG_736_507,EMIG_749_520,4.179158977081333,EMIG_746_517,3.048787487996822,NA,42.37420181000001,-111.5536682,NA,-95.79471506770645,42.37417862,-111.5536245,NA,-169.418463100219,0,0,3,4
2,EMIG,737,ABLA,1.6,11,0.4,1,0,NA,0,-,-,0,-,0,-,0,-,0,-,0,-,0,-,NA,1,EMIG737,42.37420083999999,-111.5536365,EMIG,737,ABLA,1.6,11,0.4,1,0,NA,0,-,-,0,-,0,-,0,-,0,-,0,-,0,-,NA,2,0,2475,737,NA,Point,2221.894,NA,0.1672008592957216,EMIG_737_508,EMIG_749_520,2.612169521468076,EMIG_751_522,2.575766742399715,NA,42.37420181000001,-111.5536682,NA,-87.63683791381803,42.37417886,-111.5536465,NA,-161.3586181923794,0,0,3,4
2,EMIG,738,ABLA,5.9,54.4,0,1,0,NA,0,-,-,0,-,0,-,0,-,0,-,0,-,0,-,NA,1,EMIG738,42.37420675999999,-111.5535905,EMIG,738,ABLA,5.9,54.4,0,1,0,NA,0,-,-,0,-,0,-,0,-,0,-,0,-,0,-,NA,2,0,2476,738,NA,Point,2223.858,NA,0.1700371393290352,EMIG_738_509,EMIG_769_538,5.721532116412624,EMIG_746_517,4.195176960905613,NA,42.37415873999998,-111.5536157,NA,-158.7383342622151,42.37417862,-111.5536245,NA,-138.1433156609648,0,0,4,7
2,EMIG,739,ABLA,5.7,66.6,0,1,0,NA,0,-,-,0,-,0,-,0,-,0,-,0,-,0,-,NA,1,EMIG739,42.37420179,-111.5535913,EMIG,739,ABLA,5.7,66.6,0,1,0,NA,0,-,-,0,-,0,-,0,-,0,-,0,-,0,-,NA,2,0,2477,739,NA,Point,2220.65,NA,0.1702749720065612,EMIG_739_510,EMIG_769_538,5.185203092930301,EMIG_746_517,3.753784144301881,NA,42.37415873999998,-111.5536157,NA,-157.2051144459403,42.37417862,-111.5536245,NA,-133.2655755397406,0,0,4,7
2,EMIG,740,ABLA,2.1,12.5,0,1,0,NA,0,-,-,0,-,0,-,0,-,0,-,0,-,0,-,NA,1,EMIG740,42.37419353,-111.5535884,EMIG,740,ABLA,2.1,12.5,0,1,0,NA,0,-,-,0,-,0,-,0,-,0,-,0,-,0,-,NA,2,0,2478,740,NA,Point,2220.487,NA,0.170966833015923,EMIG_740_511,EMIG_769_538,4.469363195366357,EMIG_746_517,3.402209607486339,NA,42.37415873999998,-111.5536157,NA,-149.807318148383,42.37417862,-111.5536245,NA,-119.1188009192372,0,0,4,7
2,EMIG,741,ABLA,1.3,9.3,0,1,0,NA,0,-,-,0,-,0,-,0,-,0,-,0,-,0,-,NA,1,EMIG741,42.37418462,-111.5535848,EMIG,741,ABLA,1.3,9.3,0,1,0,NA,0,-,-,0,-,0,-,0,-,0,-,0,-,0,-,NA,2,0,2479,741,NA,Point,2219.146,NA,0.1717485366043399,EMIG_741_512,EMIG_769_538,3.838025910761685,EMIG_746_517,3.335818517871376,NA,42.37415873999998,-111.5536157,NA,-138.4814480937813,42.37417862,-111.5536245,NA,-101.5206443083096,0,0,4,7
2,EMIG,742,ABLA,2,14.8,0,1,0,NA,0,-,-,0,-,0,-,0,-,0,-,0,-,0,-,NA,1,EMIG742,42.37415880999998,-111.5536108,EMIG,742,ABLA,2,14.8,0,1,0,NA,0,-,-,0,-,0,-,0,-,0,-,0,-,0,-,NA,2,0,2480,742,NA,Point,2217.413,NA,0.1715332000992937,EMIG_742_513,EMIG_769_538,0.4035055907364631,EMIG_769_538,0.4035055907364631,NA,42.37415873999998,-111.5536157,NA,-91.10375521449441,42.37415873999998,-111.5536157,NA,-91.10375521449441,0,0,4,7
2,EMIG,743,ABLA,1.6,10.3,0,1,0,NA,0,-,-,0,-,0,-,0,-,0,-,0,-,0,-,NA,1,EMIG743,42.37415926,-111.5536032,EMIG,743,ABLA,1.6,10.3,0,1,0,NA,0,-,-,0,-,0,-,0,-,0,-,0,-,0,-,NA,2,0,2481,743,NA,Point,2219.854,NA,0.1720245846441243,EMIG_743_514,EMIG_769_538,1.030778463250754,EMIG_769_538,1.030778463250754,NA,42.37415873999998,-111.5536157,NA,-93.21116675288464,42.37415873999998,-111.5536157,NA,-93.21116675288464,0,0,4,7
2,EMIG,744,ABLA,0,2.4,0,1,0,NA,0,-,-,0,-,0,-,0,-,0,-,0,-,0,-,NA,1,EMIG744,42.37417863,-111.5536095,EMIG,744,ABLA,NA,2.4,0,1,0,NA,0,-,-,0,-,0,-,0,-,0,-,0,-,0,-,NA,2,0,2482,744,NA,Point,2221.563,NA,0.1704063584266344,EMIG_744_515,EMIG_769_538,2.266788889180603,EMIG_746_517,1.234992114612331,NA,42.37415873999998,-111.5536157,NA,-166.9858147502187,42.37417862,-111.5536245,NA,-90.05151000288149,0,0,4,7
2,EMIG,745,ABLA,9.6,55.1,0,1,0,NA,12,-,-,0,-,0,-,0,-,0,-,0,-,0,-,11 DB,1,EMIG745,42.37417523000001,-111.5536237,EMIG,745,ABLA,9.6,55.1,0,1,0,NA,12,-,-,0,-,0,-,0,-,0,-,0,-,0,-,11 DB,2,0,2483,745,NA,Point,2220.671,NA,0.1696394267589384,EMIG_745_516,EMIG_769_538,1.945897215894121,EMIG_746_517,0.3821412573605115,NA,42.37415873999998,-111.5536157,NA,160.2152326071409,42.37417862,-111.5536245,NA,-9.925116472097717,0,0,4,7
2,EMIG,746,ABLA,1.2,6.7,1.5,1,0,NA,0,-,-,0,-,0,-,0,-,0,-,0,-,0,-,NA,1,EMIG746,42.37417862,-111.5536245,EMIG,746,ABLA,1.2,6.7,1.5,1,1,NA,0,-,-,1,-,0,NA,0,NA,0,NA,0,NA,0,NA,NA,2,1,2484,746,NA,Point,2220.78,NA,0.1693768571187252,EMIG_746_517,EMIG_769_538,2.323315992176927,EMIG_751_522,1.81151706536352,NA,42.37415873999998,-111.5536157,NA,161.8291782990896,42.37417886,-111.5536465,NA,-89.15708001483054,0,1,4,7
2,EMIG,747,ABLA,0,5.4,0,1,0,NA,0,-,-,0,-,0,-,0,-,0,-,0,-,0,-,NA,1,EMIG747,42.37419403,-111.5536303,EMIG,747,ABLA,NA,5.4,0,1,0,NA,0,-,-,0,-,0,-,0,-,0,-,0,-,0,-,NA,2,0,2485,747,NA,Point,2222.391,NA,0.1680400137339678,EMIG_747_518,EMIG_749_520,3.237786300491459,EMIG_746_517,1.776494791174421,NA,42.37420181000001,-111.5536682,NA,-74.52528417480785,42.37417862,-111.5536245,NA,164.4068500379661,0,0,3,4
2,EMIG,748,ABLA,6.4,31.4,0,1,0,NA,0,-,-,0,-,0,-,0,-,0,-,0,-,0,-,NA,1,EMIG748,42.37422870999998,-111.5536622,EMIG,748,ABLA,6.4,31.4,0,1,0,NA,0,-,-,0,-,0,-,0,-,0,-,0,-,0,-,NA,2,0,2486,748,NA,Point,2223.234,NA,0.1637521448807956,EMIG_748_519,EMIG_749_520,3.027522312243297,EMIG_749_520,3.027522312243297,NA,42.37420181000001,-111.5536682,NA,-170.6091409128049,42.37420181000001,-111.5536682,NA,-170.6091409128049,0,0,3,4
2,EMIG,749,ABLA,12.4,31.3,0,1,1,NA,1,-,-,1,-,0,-,0,-,2,3-3,0,-,0,-,1 DB,1,EMIG749,42.37420181000001,-111.5536682,EMIG,749,ABLA,12.4,31.3,0,1,1,NA,1,-,-,1,-,1,-,0,-,2,3-2,0,-,0,-,1 DB,2,0,2487,749,NA,Point,2221.472,NA,0.1649605643284357,EMIG_749_520,EMIG_769_538,6.446360322041265,EMIG_751_522,3.112245531437883,NA,42.37415873999998,-111.5536157,NA,137.89208778843621,42.37417886,-111.5536465,NA,144.9660456310694,3,4,4,7
2,EMIG,750,ABLA,1.6,10.7,2.3,1,0,NA,0,-,-,0,-,0,-,0,-,0,-,0,-,0,-,NA,1,EMIG750,42.37417597,-111.5536366,EMIG,750,ABLA,1.6,10.7,2.3,1,0,NA,0,-,-,0,-,0,-,0,-,0,-,0,-,0,-,NA,2,0,2488,750,NA,Point,2220.938,NA,0.168711039216336,EMIG_750_521,EMIG_769_538,2.573196071834996,EMIG_751_522,0.8759894370649564,NA,42.37415873999998,-111.5536157,NA,138.0314144094586,42.37417886,-111.5536465,NA,-68.51044286724952,0,0,4,7
2,EMIG,751,ABLA,2.5,5.2,2.1,1,0,NA,0,-,-,0,-,0,-,0,-,0,-,0,-,0,-,Broken,1,EMIG751,42.37417886,-111.5536465,EMIG,751,ABLA,2.5,5.2,2.1,1,1,NA,0,-,-,0,-,0,-,0,-,0,-,0,-,1,-,Broken,2,1,2489,751,NA,Point,2220.672,NA,0.1678561371161866,EMIG_751_522,EMIG_749_520,3.112245531437883,EMIG_746_517,1.81151706536352,NA,42.37420181000001,-111.5536682,NA,-35.03393974378869,42.37417862,-111.5536245,NA,90.84290515783997,0,1,3,4
2,EMIG,752,ABLA,0,6,0,1,0,NA,1,-,-,0,-,0,-,0,-,0,-,0,-,0,-,1 DB,1,EMIG752,42.37416826,-111.5536479,EMIG,752,ABLA,NA,6,0,1,0,NA,1,-,-,0,-,0,-,0,-,0,-,0,-,0,-,1 DB,2,0,2490,752,NA,Point,2221.883,NA,0.1684181522141166,EMIG_752_523,EMIG_769_538,2.854094796053859,EMIG_751_522,1.182643572498671,NA,42.37415873999998,-111.5536157,NA,111.7388555863886,42.37417886,-111.5536465,NA,5.59318952705646,0,0,4,7
2,EMIG,753,ABLA,1.8,6.2,2.6,1,0,NA,0,-,-,0,-,0,-,0,-,0,-,0,-,0,-,NA,1,EMIG753,42.37416584,-111.5536485,EMIG,753,ABLA,1.8,6.2,2.6,1,0,NA,0,-,-,0,-,0,-,0,-,0,-,0,-,0,-,NA,2,0,NA,753,NA,Point,2220.469,NA,0.1685283079699827,EMIG_753_524,EMIG_769_538,2.813240614794363,EMIG_751_522,1.455074611696651,NA,42.37415873999998,-111.5536157,NA,106.2743924980576,42.37417886,-111.5536465,NA,6.497876787116253,0,0,4,7
2,EMIG,754,ABLA,0,5.7,0,1,0,NA,0,-,-,0,-,0,-,0,-,0,-,0,-,0,-,NA,1,EMIG754,42.37416584,-111.5536485,EMIG,754,ABLA,NA,5.7,0,1,0,NA,0,-,-,0,-,0,-,0,-,0,-,0,-,0,-,NA,2,0,2491,754,NA,Point,2220.469,NA,0.1685283079699827,EMIG_754_525,EMIG_769_538,2.813240614794363,EMIG_751_522,1.455074611696651,NA,42.37415873999998,-111.5536157,NA,106.2743924980576,42.37417886,-111.5536465,NA,6.497876787116253,0,0,4,7
2,EMIG,755,ABLA,2.5,10.7,4.5,1,0,NA,3,-,-,0,-,0,-,0,-,0,-,0,-,0,-,2 DB,1,EMIG755,42.37415544,-111.5536407,EMIG,755,ABLA,2.5,10.7,4.5,1,0,NA,3,-,-,0,-,0,-,0,-,0,-,0,-,0,-,2 DB,2,0,2492,755,NA,Point,2219.907,NA,0.1697089648646586,EMIG_755_526,EMIG_769_538,2.090682038133609,EMIG_769_538,2.090682038133609,NA,42.37415873999998,-111.5536157,NA,79.90576744543536,42.37415873999998,-111.5536157,NA,79.90576744543536,0,0,4,7
2,EMIG,756,ABLA,0,1.6,0,1,0,NA,0,-,-,0,-,0,-,0,-,0,-,0,-,0,-,NA,1,EMIG756,42.37414737,-111.5536398,EMIG,756,ABLA,NA,1.6,0,1,0,NA,0,-,-,0,-,0,-,0,-,0,-,0,-,0,-,NA,2,0,2493,756,NA,Point,2219.412,NA,0.1702779841676834,EMIG_756_527,EMIG_770_539,1.430774241398559,EMIG_770_539,1.430774241398559,NA,42.37413804999999,-111.5536278,NA,136.3278453197221,42.37413804999999,-111.5536278,NA,136.3278453197221,0,0,6,7
2,EMIG,759,ABLA,0,3.5,0,1,0,NA,2,-,-,0,-,0,-,0,-,0,-,0,-,0,-,"WOB, 1 DB",1,EMIG759,42.37413994,-111.5536626,EMIG,759,ABLA,NA,3.5,0,1,0,NA,2,-,-,0,-,0,-,0,-,0,-,0,-,0,-,"WOB, 1 DB",2,0,2496,759,NA,Point,2223.576,NA,0.1692145328339014,EMIG_759_528,EMIG_778_546,0.9107302624737305,EMIG_761_530,0.7994405451199258,NA,42.37413185999999,-111.5536645,NA,-170.1094928838029,42.37414623999999,-111.5536673,NA,-28.94984386424049,0,0,1,1
2,EMIG,760,ABLA,2.7,9.1,0,1,1,NA,0,-,-,1,-,2,2-1,1,-,1,-,2,-,0,-,NA,1,EMIG760,42.37413963,-111.5536744,EMIG,760,ABLA,2.7,9.1,0,1,1,NA,0,-,-,1,-,2,2-1,1,-,0,-,2,2-1,0,-,NA,2,0,2497,760,NA,Point,2223.544,NA,0.1684432820938264,EMIG_760_529,EMIG_778_546,1.186910563670309,EMIG_761_530,0.9383082015404127,NA,42.37413185999999,-111.5536645,NA,136.6276556173882,42.37414623999999,-111.5536673,NA,38.53530804238282,7,6,1,1
2,EMIG,761,ABLA,1.6,6.5,0,1,0,NA,1,-,-,0,-,0,-,0,-,0,-,0,-,0,-,1 DB,1,EMIG761,42.37414623999999,-111.5536673,EMIG,761,ABLA,1.6,6.5,0,1,1,NA,1,-,-,0,-,0,-,0,-,0,-,1,-,0,-,1 DB,2,1,2498,761,NA,Point,2222.59,NA,0.1684956369648931,EMIG_761_530,EMIG_760_529,0.9383082015404127,EMIG_760_529,0.9383082015404127,NA,42.37413963,-111.5536744,NA,-141.4646871724368,42.37413963,-111.5536744,NA,-141.4646871724368,0,1,7,6
2,EMIG,762,ABLA,0,5.1,0,1,0,NA,1,-,-,0,-,0,-,0,-,0,-,0,-,0,-,NA,1,EMIG762,42.37412599999999,-111.5536934,EMIG,762,ABLA,NA,5.1,0,1,1,NA,1,-,-,1,-,0,-,0,-,0,-,0,-,0,-,NA,2,1,2499,762,NA,Point,2221.97,NA,0.1680623733264122,EMIG_762_531,EMIG_760_529,2.176619735057577,EMIG_763_532,1.224812605047981,NA,42.37413963,-111.5536744,NA,45.94676514498433,42.37412226999999,-111.5536794,NA,109.7644430554029,0,1,7,6
2,EMIG,763,ABLA,7,46.8,0,1,0,NA,0,-,-,0,-,0,-,0,-,0,-,0,-,0,-,NA,1,EMIG763,42.37412226999999,-111.5536794,EMIG,763,ABLA,7,46.8,0,1,1,NA,0,-,-,0,-,0,-,0,-,1,-,0,-,0,-,NA,2,1,2500,763,NA,Point,2219.707,NA,0.1692361849627425,EMIG_763_532,EMIG_778_546,1.624460853392677,EMIG_762_531,1.224812605047981,NA,42.37413185999999,-111.5536645,NA,49.04104144286339,42.37412599999999,-111.5536934,NA,-70.2355475090336,0,1,1,1
2,EMIG,764,ABLA,1.1,7,0,1,0,NA,0,-,-,0,-,0,-,0,-,0,-,0,-,0,-,NA,1,EMIG764,42.37412570999999,-111.5536694,EMIG,764,ABLA,1.1,7,0,1,0,NA,0,-,-,0,-,0,-,0,-,0,-,0,-,0,-,NA,2,0,2501,764,NA,Point,2219.627,NA,0.1696776847633063,EMIG_764_533,EMIG_778_546,0.7931549188989232,EMIG_778_546,0.7931549188989232,NA,42.37413185999999,-111.5536645,NA,30.57333174730492,42.37413185999999,-111.5536645,NA,30.57333174730492,0,0,1,1
2,EMIG,765,ABLA,2.6,13.9,3.4,1,0,NA,0,-,-,0,-,0,-,0,-,0,-,0,-,0,-,NA,1,EMIG765,42.37411367,-111.5536538,EMIG,765,ABLA,2.6,13.9,3.4,1,0,NA,0,-,-,0,-,0,-,0,-,0,-,0,-,0,-,NA,2,0,2502,765,NA,Point,2219.512,NA,0.1715001588288303,EMIG_765_534,EMIG_773_542,1.888381967768233,EMIG_773_542,1.888381967768233,NA,42.37411697,-111.5536313,NA,78.81112944011852,42.37411697,-111.5536313,NA,78.81112944011852,0,0,1,1
2,EMIG,766,ABLA,0,4.3,0,1,0,NA,0,-,-,0,-,0,-,0,-,0,-,0,-,0,-,NA,1,EMIG766,42.37415114000001,-111.5535933,EMIG,766,ABLA,NA,4.3,0,1,0,NA,0,-,-,0,-,0,-,0,-,0,-,0,-,0,-,NA,2,0,2503,766,NA,Point,2219.156,NA,0.1732022564026437,EMIG_766_535,EMIG_767_536,1.568314008168516,EMIG_767_536,1.568314008168516,NA,42.37414938,-111.5536122,NA,-97.15826349147852,42.37414938,-111.5536122,NA,-97.15826349147852,0,0,2,3
2,EMIG,767,ABLA,2.1,11.5,0,1,1,NA,0,-,-,0,-,0,-,1,-,0,-,1,-,0,-,NA,1,EMIG767,42.37414938,-111.5536122,EMIG,767,ABLA,2.1,11.5,0,1,1,NA,0,-,-,0,-,0,-,1,-,0,-,1,-,1,-,NA,2,0,2504,767,NA,Point,2220.48,NA,0.1720235200064541,EMIG_767_536,EMIG_769_538,1.078533609664433,EMIG_769_538,1.078533609664433,NA,42.37415873999998,-111.5536157,NA,-15.49664980803091,42.37415873999998,-111.5536157,NA,-15.49664980803091,2,3,4,7
2,EMIG,768,ABLA,2.8,7.2,0,1,0,NA,0,-,-,0,-,0,-,0,-,0,-,0,-,0,-,NA,1,EMIG768,42.3741574,-111.5536039,EMIG,768,ABLA,2.8,7.2,0,1,0,NA,0,-,-,0,-,0,-,0,-,0,-,0,-,0,-,NA,2,0,2505,768,NA,Point,2221.446,NA,0.1720915220987945,EMIG_768_537,EMIG_769_538,0.9828549923840322,EMIG_769_538,0.9828549923840322,NA,42.37415873999998,-111.5536157,NA,-81.29263873495982,42.37415873999998,-111.5536157,NA,-81.29263873495982,0,0,4,7
2,EMIG,769,ABLA,4.5,18.5,5.7,1,1,NA,0,-,-,0,-,2,-,1,-,1,-,0,-,0,-,NA,1,EMIG769,42.37415873999998,-111.5536157,EMIG,769,ABLA,4.5,18.5,5.7,1,1,NA,0,-,-,1,-,2,-,1,-,1,-,1,-,1,-,NA,2,0,2506,769,NA,Point,2222.568,NA,0.1712032074145579,EMIG_769_538,EMIG_767_536,1.078533609664433,EMIG_767_536,1.078533609664433,NA,42.37414938,-111.5536122,NA,164.5033478330769,42.37414938,-111.5536122,NA,164.5033478330769,4,7,2,3
2,EMIG,770,ABLA,5,18.8,0,1,1,NA,0,-,-,1,-,2,3-2,0,-,1,-,1,-,1,-,NA,1,EMIG770,42.37413804999999,-111.5536278,EMIG,770,ABLA,5,18.8,0,1,1,NA,0,-,-,1,-,2,3-1,1,-,1,-,1,-,1,-,NA,2,0,2507,770,NA,Point,2219.738,NA,0.1716781412550747,EMIG_770_539,EMIG_767_536,1.797889459017198,EMIG_767_536,1.797889459017198,NA,42.37414938,-111.5536122,NA,45.59312150881762,42.37414938,-111.5536122,NA,45.59312150881762,6,7,2,3
2,EMIG,771,ABLA,0,6.3,0,1,1,NA,1,-,-,0,-,0,-,0,-,0,-,1,-,0,-,1 DB,1,EMIG771,42.37412034,-111.5536152,EMIG,771,ABLA,NA,6.3,0,1,0,NA,1,-,-,0,-,0,-,0,-,0,-,0,-,0,-,1 DB,2,-1,2508,771,NA,Point,2220.182,NA,0.173653234684387,EMIG_771_540,EMIG_772_541,0.594791212685707,EMIG_772_541,0.594791212685707,NA,42.3741167,-111.5536205,NA,-132.807363820228,42.3741167,-111.5536205,NA,-132.807363820228,1,0,3,3
2,EMIG,772,ABLA,3.4,17.8,5.7,1,1,NA,2,-,-,0,-,0,-,1,-,0,-,1,-,1,-,"WOB, 1 DB",1,EMIG772,42.3741167,-111.5536205,EMIG,772,ABLA,3.4,17.8,5.7,1,1,NA,2,-,-,0,-,0,-,1,-,0,-,1,-,1,-,"WOB, 1 DB",2,0,2509,772,NA,Point,2220.322,NA,0.173530141751328,EMIG_772_541,EMIG_771_540,0.594791212685707,EMIG_773_542,0.8897001110300531,NA,42.37412034,-111.5536152,NA,47.19263260773763,42.37411697,-111.5536313,NA,-88.06891594976143,3,3,1,0
2,EMIG,773,ABLA,3.2,16.8,3.9,1,1,NA,0,-,-,0,-,0,-,0,-,0,-,1,-,0,-,NA,1,EMIG773,42.37411697,-111.5536313,EMIG,773,ABLA,3.2,16.8,3.9,1,1,NA,0,-,-,0,-,0,-,0,-,0,-,1,-,0,-,NA,2,0,2510,773,NA,Point,2221.331,NA,0.1727888489559837,EMIG_773_542,EMIG_772_541,0.8897001110300531,EMIG_772_541,0.8897001110300531,NA,42.3741167,-111.5536205,NA,91.93107677137633,42.3741167,-111.5536205,NA,91.93107677137633,1,1,3,3
2,EMIG,774,ABLA,1.9,7.2,5.7,1,0,NA,0,-,-,0,-,0,-,0,-,0,-,0,-,0,-,Broken Top,1,EMIG774,42.37412598000001,-111.5536467,EMIG,774,ABLA,1.9,7.2,5.7,1,0,NA,0,-,-,0,-,0,-,0,-,0,-,0,-,0,-,Broken Top,2,0,2511,774,NA,Point,2222.015,NA,0.1711773346713572,EMIG_774_543,EMIG_778_546,1.604385385863124,EMIG_778_546,1.604385385863124,NA,42.37413185999999,-111.5536645,NA,-65.98643775630646,42.37413185999999,-111.5536645,NA,-65.98643775630646,0,0,1,1
2,EMIG,776,ABLA,1.4,8.4,2.9,1,0,NA,0,-,-,0,-,0,-,0,-,0,-,0,-,0,-,NA,1,EMIG776,42.37409855000001,-111.5536151,EMIG,776,ABLA,1.4,8.4,2.9,1,0,NA,0,-,-,0,-,0,-,0,-,0,-,0,-,0,-,NA,2,0,2513,776,NA,Point,2218.437,NA,0.1750623112073363,EMIG_776_544,EMIG_772_541,2.063814739848812,EMIG_772_541,2.063814739848812,NA,42.3741167,-111.5536205,NA,-12.44046592037366,42.3741167,-111.5536205,NA,-12.44046592037366,0,0,3,3
2,EMIG,777,ABLA,6.6,27.2,7.5,1,0,NA,0,-,-,0,-,0,-,0,-,0,-,0,-,0,-,NA,1,EMIG777,42.37412648999999,-111.5536456,EMIG,777,ABLA,6.6,27.2,7.5,1,0,NA,0,-,-,0,-,0,-,0,-,0,-,0,-,0,-,NA,2,0,2514,777,NA,Point,2220.988,NA,0.1712182256369857,EMIG_777_545,EMIG_773_542,1.5822822551737,EMIG_773_542,1.5822822551737,NA,42.37411697,-111.5536313,NA,131.9190350020313,42.37411697,-111.5536313,NA,131.9190350020313,0,0,1,1
2,EMIG,778,ABLA,2.8,14.5,5.4,1,1,NA,0,-,-,0,-,0,-,0,-,0,-,1,-,0,-,NA,1,EMIG778,42.37413185999999,-111.5536645,EMIG,778,ABLA,2.8,14.5,5.4,1,1,NA,0,-,-,0,-,0,-,0,-,0,-,1,-,0,-,NA,2,0,2515,778,NA,Point,2222.249,NA,0.1696068076488731,EMIG_778_546,EMIG_760_529,1.186910563670309,EMIG_760_529,1.186910563670309,NA,42.37413963,-111.5536744,NA,-43.37233771031898,42.37413963,-111.5536744,NA,-43.37233771031898,1,1,7,6
2,EMIG,779,ABLA,1.2,7.8,4.1,1,0,NA,1,-,-,0,-,0,-,0,-,0,-,0,-,0,-,1 DB,1,EMIG779,42.37411180000002,-111.5536852,EMIG,779,ABLA,1.2,7.8,4.1,1,0,NA,1,-,-,0,-,0,-,0,-,0,-,0,-,0,-,1 DB,2,0,2516,779,NA,Point,2220.415,NA,0.1695395838247299,EMIG_779_547,EMIG_778_546,2.80465688055339,EMIG_763_532,1.256830482101141,NA,42.37413185999999,-111.5536645,NA,37.42080355900598,42.37412226999999,-111.5536794,NA,22.33047617879466,0,0,1,1
2,EMIG,780,ABLA,0,4.8,0,1,0,NA,0,-,-,0,-,0,-,0,-,0,-,0,-,0,-,1 Dead,1,EMIG780,42.37410812000001,-111.5536806,EMIG,780,ABLA,NA,4.8,0,1,0,NA,0,-,-,0,-,0,-,0,-,0,-,0,-,0,-,1 Dead,2,0,2517,780,NA,Point,2221.186,NA,0.1700866256289307,EMIG_780_548,EMIG_778_546,2.950583799790849,EMIG_763_532,1.57430455912394,NA,42.37413185999999,-111.5536645,NA,26.69576803365699,42.37412226999999,-111.5536794,NA,3.598104410526032,0,0,1,1
2,EMIG,781,ABLA,0,NA,0,1,0,NA,2,-,-,0,-,0,-,0,-,0,-,0,-,0,-,1 DB,1,EMIG781,42.37411191999999,-111.5536899,EMIG,781,ABLA,NA,NA,0,1,0,NA,2,-,-,0,-,0,-,0,-,0,-,0,-,0,-,1 DB,2,0,2518,781,NA,Point,2220.529,NA,0.1692211221252002,EMIG_781_549,EMIG_778_546,3.04559655828178,EMIG_763_532,1.438101039619315,NA,42.37413185999999,-111.5536645,NA,43.36538346404491,42.37412226999999,-111.5536794,NA,36.95133106011085,0,0,1,1
2,EMIG,782,ABLA,1.3,8.1,1.9,1,0,NA,1,-,-,0,-,0,-,0,-,0,-,0,-,0,-,1 DB,1,EMIG782,42.37411723000002,-111.5536859,EMIG,782,ABLA,1.3,8.1,1.9,1,0,NA,1,-,-,0,-,0,-,0,-,0,-,0,-,0,-,1 DB,2,0,2519,782,NA,Point,2220.271,NA,0.1691354486303257,EMIG_782_550,EMIG_778_546,2.396533440741892,EMIG_763_532,0.7743338232266895,NA,42.37413185999999,-111.5536645,NA,47.32381180026166,42.37412226999999,-111.5536794,NA,43.71943857696223,0,0,1,1
2,EMIG,783,ABLA,2.1,10.5,1.2,1,0,NA,1,-,-,0,-,0,-,0,-,0,-,0,-,0,-,1 DB,1,EMIG783,42.37410225999999,-111.5536916,EMIG,783,ABLA,2.1,10.5,1.2,1,0,NA,1,-,-,0,-,0,-,0,-,0,-,0,-,0,-,1 DB,2,0,2520,783,NA,Point,2220.399,NA,0.1697503243959221,EMIG_783_551,EMIG_785_553,2.857546859397586,EMIG_784_552,1.19438733115699,NA,42.37407655999999,-111.5536898,NA,177.0271697564868,42.37409183999999,-111.5536952,NA,-165.6313805613716,0,0,1,0
2,EMIG,784,ABLA,1,7.5,3.1,1,0,NA,1,-,-,0,-,0,-,0,-,0,-,0,-,0,-,1 DB,1,EMIG784,42.37409183999999,-111.5536952,EMIG,784,ABLA,1,7.5,3.1,1,1,NA,1,-,-,0,-,0,-,0,-,0,-,1,-,0,-,1 DB,2,1,2521,784,NA,Point,2219.212,NA,0.1702114260930041,EMIG_784_552,EMIG_785_553,1.753959579162573,EMIG_845_607,3.514126297173694,NA,42.37407655999999,-111.5536898,NA,165.316327225356,42.37410941,-111.5537307,NA,-56.27722901059791,0,1,1,0
2,EMIG,785,ABLA,8.4,43.1,0,1,1,NA,1,-,-,0,-,0,-,0,-,0,-,0,-,1,-,1 DB,1,EMIG785,42.37407655999999,-111.5536898,EMIG,785,ABLA,8.4,43.1,0,1,0,NA,1,-,-,0,-,0,-,0,-,0,-,0,-,0,-,1 DB,2,-1,2522,785,NA,Point,2221.136,NA,0.1715951597786337,EMIG_785_553,EMIG_786_554,3.911830622554566,EMIG_784_552,1.753959579162573,NA,42.37408966999999,-111.5536457,NA,68.15276774975332,42.37409183999999,-111.5536952,NA,-14.68366913521517,1,0,2,1
2,EMIG,786,ABLA,7.2,27.8,0,1,1,NA,0,-,-,0,-,1,-,0,-,1,-,0,-,0,-,NA,1,EMIG786,42.37408966999999,-111.5536457,EMIG,786,ABLA,7.2,27.8,0,1,1,NA,0,-,-,0,-,0,-,0,-,1,-,0,-,0,-,NA,2,0,2523,786,NA,Point,2222.74,NA,0.1736115673408477,EMIG_786_554,EMIG_773_542,3.254964983387352,EMIG_789_557,3.174633631447922,NA,42.37411697,-111.5536313,NA,21.36090669876844,42.37406427000001,-111.553628,NA,152.6746408035634,2,1,1,1
2,EMIG,787,ABLA,1.5,9.5,0,1,0,NA,0,-,-,0,-,0,-,0,-,0,-,0,-,0,-,NA,1,EMIG787,42.37406191999999,-111.5536271,EMIG,787,ABLA,1.5,9.5,0,1,0,NA,0,-,-,0,-,0,-,0,-,0,-,0,-,0,-,NA,2,0,2524,787,NA,Point,2217.86,NA,0.1766805224614045,EMIG_787_555,EMIG_786_554,3.440895718975577,EMIG_789_557,0.2712586429572367,NA,42.37408966999999,-111.5536457,NA,-26.42693062469543,42.37406427000001,-111.553628,NA,-15.8529675139411,0,0,2,1
2,EMIG,788,ABLA,0,4.7,0,1,0,NA,1,-,-,0,-,0,-,0,-,0,-,0,-,0,-,NA,1,EMIG788,42.37406379,-111.5536258,EMIG,788,ABLA,NA,4.7,0,1,0,NA,1,-,-,0,-,0,-,0,-,0,-,0,-,0,-,NA,2,0,2525,788,NA,Point,2218.141,NA,0.1766410292237039,EMIG_788_556,EMIG_786_554,3.307948058589793,EMIG_789_557,0.1888113067210208,NA,42.37408966999999,-111.5536457,NA,-29.68949175401801,42.37406427000001,-111.553628,NA,-73.60333906184397,0,0,2,1
2,EMIG,789,ABLA,1.2,7.3,0,1,0,NA,0,-,-,0,-,0,-,0,-,0,-,0,-,0,-,NA,1,EMIG789,42.37406427000001,-111.553628,EMIG,789,ABLA,1.2,7.3,0,1,1,NA,0,-,-,0,-,0,-,0,-,0,-,1,-,0,-,NA,2,1,2526,789,NA,Point,2219.528,NA,0.1764644437862293,EMIG_789_557,EMIG_786_554,3.174633631447922,EMIG_786_554,3.174633631447922,NA,42.37408966999999,-111.5536457,NA,-27.32534726719932,42.37408966999999,-111.5536457,NA,-27.32534726719932,0,1,2,1
2,EMIG,790,ABLA,4.9,20.8,0,1,0,NA,2,-,-,0,-,0,-,0,-,0,-,0,-,0,-,2 DB,1,EMIG790,42.37407219000001,-111.5536325,EMIG,790,ABLA,4.9,20.8,0,1,0,NA,2,-,-,0,-,0,-,0,-,0,-,0,-,0,-,2 DB,2,0,2527,790,NA,Point,2219.907,NA,0.1756407705507187,EMIG_790_558,EMIG_786_554,2.224511529847286,EMIG_789_557,0.9542868857741869,NA,42.37408966999999,-111.5536457,NA,-29.24558887784528,42.37406427000001,-111.553628,NA,157.1545897312752,0,0,2,1
2,EMIG,791,ABLA,0,4.2,0,1,0,NA,0,-,-,0,-,0,-,0,-,0,-,0,-,0,-,NA,1,EMIG791,42.37406789,-111.5536433,EMIG,791,ABLA,NA,4.2,0,1,0,NA,0,-,-,0,-,0,-,0,-,0,-,0,-,0,-,NA,2,0,2528,791,NA,Point,2224.125,NA,0.1752181787058476,EMIG_791_559,EMIG_786_554,2.426487585150718,EMIG_789_557,1.322271109157371,NA,42.37408966999999,-111.5536457,NA,-4.671005096824863,42.37406427000001,-111.553628,NA,107.6975796423708,0,0,2,1
2,EMIG,792,ABLA,1.1,7.1,0,1,0,NA,1,-,-,0,-,0,-,0,-,0,-,0,-,0,-,1 DB,1,EMIG792,42.37404334,-111.5536528,EMIG,792,ABLA,1.1,7.1,0,1,0,NA,1,-,-,0,-,0,-,0,-,0,-,0,-,0,-,1 DB,2,0,2529,792,NA,Point,2221.676,NA,0.1762593752718773,EMIG_792_560,EMIG_785_553,4.784001317657792,EMIG_789_557,3.093600899150512,NA,42.37407655999999,-111.5536898,NA,-39.55152705554445,42.37406427000001,-111.553628,NA,41.30184300438265,0,0,1,0
2,EMIG,793,ABLA,2.2,12.3,0,1,0,NA,1,-,-,0,-,0,-,0,-,0,-,0,-,0,-,1 DB,1,EMIG793,42.37403933,-111.5536536,EMIG,793,ABLA,2.2,12.3,0,1,0,NA,1,-,-,0,-,0,-,0,-,0,-,0,-,0,-,1 DB,2,0,NA,793,NA,Point,2219.816,NA,0.1764818422338693,EMIG_793_561,EMIG_803_570,4.622429412050883,EMIG_801_568,2.780265472959417,NA,42.37400267,-111.5536802,NA,-151.7194447322643,42.37401459,-111.5536484,NA,171.1418077766557,0,0,7,6
2,EMIG,795,ABLA,0,2.9,0,1,0,NA,0,-,-,0,-,0,-,0,-,0,-,0,-,0,-,NA,1,EMIG795,42.37405303000001,-111.5536364,EMIG,795,ABLA,NA,2.9,0,1,0,NA,0,-,-,0,-,0,-,0,-,0,-,0,-,0,-,NA,2,0,2531,795,NA,Point,2220.3,NA,0.1766685914293113,EMIG_795_562,EMIG_786_554,4.139893504979488,EMIG_789_557,1.426886241659461,NA,42.37408966999999,-111.5536457,NA,-10.65853529682269,42.37406427000001,-111.553628,NA,28.99212126491446,0,0,2,1
2,EMIG,796,ABLA,1.1,7.2,0,1,0,NA,0,-,-,0,-,0,-,0,-,0,-,0,-,0,-,NA,1,EMIG796,42.37403355,-111.5536228,EMIG,796,ABLA,1.1,7.2,0,1,0,NA,0,-,-,0,-,0,-,0,-,0,-,0,-,0,-,NA,2,0,2532,796,NA,Point,2218.807,NA,0.1788739256828294,EMIG_796_563,EMIG_656_435,3.55553693211772,EMIG_797_564,0.7194143371209738,NA,42.3740482,-111.5535844,NA,62.77294820274942,42.37403112,-111.5536147,NA,112.0281154422319,0,0,1,1
2,EMIG,797,ABLA,1.3,8.4,0,1,0,NA,0,-,-,0,-,0,-,0,-,0,-,0,-,0,-,NA,1,EMIG797,42.37403112,-111.5536147,EMIG,797,ABLA,1.3,8.4,0,1,1,NA,0,-,-,0,-,1,-,0,-,0,-,0,-,0,-,NA,2,1,2533,797,NA,Point,2217.815,NA,0.1795657766609204,EMIG_797_564,EMIG_656_435,3.133744647442081,EMIG_656_435,3.133744647442081,NA,42.3740482,-111.5535844,NA,52.75668221097293,42.3740482,-111.5535844,NA,52.75668221097293,0,1,1,1
2,EMIG,798,ABLA,0,6.7,0,1,0,NA,0,-,-,0,-,0,-,0,-,0,-,0,-,0,-,NA,1,EMIG798,42.37403094999998,-111.5536104,EMIG,798,ABLA,NA,6.7,0,1,0,NA,0,-,-,0,-,0,-,0,-,0,-,0,-,0,-,NA,2,0,2534,798,NA,Point,2217.294,NA,0.1798571907410994,EMIG_798_565,EMIG_656_435,2.872499493416151,EMIG_797_564,0.3545346423633267,NA,42.3740482,-111.5535844,NA,48.17837217124432,42.37403112,-111.5536147,NA,-86.94793399551216,0,0,1,1
2,EMIG,799,ABLA,1.1,7.2,0,1,0,NA,0,-,-,0,-,0,-,0,-,0,-,0,-,0,-,NA,1,EMIG799,42.3740233,-111.5536328,EMIG,799,ABLA,1.1,7.2,0,1,0,NA,0,-,-,0,-,0,-,0,-,0,-,0,-,0,-,NA,2,0,2535,799,NA,Point,2217.462,NA,0.1789261607260184,EMIG_799_566,EMIG_803_570,4.525220556376834,EMIG_801_568,1.607808182736785,NA,42.37400267,-111.5536802,NA,-120.4120122844136,42.37401459,-111.5536484,NA,-126.9797489907807,0,0,7,6
2,EMIG,800,ABLA,0,4.7,0,1,0,NA,0,-,-,0,-,0,-,0,-,0,-,0,-,0,-,NA,1,EMIG800,42.37402805000001,-111.5536478,EMIG,800,ABLA,NA,4.7,0,1,0,NA,0,-,-,0,-,0,-,0,-,0,-,0,-,0,-,NA,2,0,2536,800,NA,Point,2214.465,NA,0.1776311596753057,EMIG_800_567,EMIG_803_570,3.880477461242159,EMIG_801_568,1.49540055887575,NA,42.37400267,-111.5536802,NA,-136.5723208501571,42.37401459,-111.5536484,NA,-178.1069187611782,0,0,7,6
2,EMIG,801,ABLA,1.2,9,0,1,0,NA,1,-,-,0,-,0,-,0,-,0,-,0,-,0,-,WOB,1,EMIG801,42.37401459,-111.5536484,EMIG,801,ABLA,1.2,9,0,1,1,NA,1,-,-,0,-,1,-,0,-,0,-,1,-,0,-,WOB,2,1,2537,801,NA,Point,2214.804,NA,0.1785230899407334,EMIG_801_568,EMIG_803_570,2.93373325772374,EMIG_803_570,2.93373325772374,NA,42.37400267,-111.5536802,NA,-116.8181503146119,42.37400267,-111.5536802,NA,-116.8181503146119,0,2,7,6
2,EMIG,802,ABLA,2.4,12.3,0,1,0,NA,0,-,-,0,-,0,-,0,-,0,-,0,-,0,-,NA,1,EMIG802,42.37401137,-111.5536683,EMIG,802,ABLA,2.4,12.3,0,1,0,NA,0,-,-,0,-,0,-,0,-,0,-,0,-,0,-,NA,2,0,2538,802,NA,Point,2215.081,NA,0.1774744834207274,EMIG_802_569,EMIG_803_570,1.375923748658781,EMIG_803_570,1.375923748658781,NA,42.37400267,-111.5536802,NA,-134.5958953982184,42.37400267,-111.5536802,NA,-134.5958953982184,0,0,7,6
2,EMIG,803,ABLA,11.1,63.5,0,1,1,NA,5,-,-,2,1-6,2,3-1,2,-,0,-,1,-,0,-,4 DB,1,EMIG803,42.37400267,-111.5536802,EMIG,803,ABLA,11.1,63.5,0,1,1,NA,5,-,-,2,1-7,2,3-0,1,-,0,-,1,-,0,-,4 DB,2,0,2539,803,NA,Point,2216.482,NA,0.1773301903060381,EMIG_803_570,EMIG_785_553,8.242652207908131,EMIG_804_571,1.363161180115226,NA,42.37407655999999,-111.5536898,NA,-5.502602777877054,42.37401251,-111.5536901,NA,-36.72292374011685,7,6,1,0
2,EMIG,804,ABLA,0,4.7,0,1,0,NA,1,-,-,0,-,0,-,0,-,0,-,0,-,0,-,1 DB,1,EMIG804,42.37401251,-111.5536901,EMIG,804,ABLA,NA,4.7,0,1,1,NA,1,-,-,0,-,0,-,0,-,0,-,1,-,0,-,1 DB,2,1,2540,804,NA,Point,2215.747,NA,0.176007014915459,EMIG_804_571,EMIG_803_570,1.363161180115226,EMIG_803_570,1.363161180115226,NA,42.37400267,-111.5536802,NA,143.2770695876067,42.37400267,-111.5536802,NA,143.2770695876067,0,1,7,6
2,EMIG,805,ABLA,0,7.2,0,1,0,NA,1,-,-,0,-,0,-,0,-,0,-,0,-,0,-,WOB,1,EMIG805,42.37399703999999,-111.5536605,EMIG,805,ABLA,NA,7.2,0,1,0,NA,1,-,-,0,-,0,-,0,-,0,-,0,-,0,-,WOB,2,0,2541,805,NA,Point,2217.254,NA,0.1789779602038395,EMIG_805_572,EMIG_803_570,1.738265453385434,EMIG_803_570,1.738265453385434,NA,42.37400267,-111.5536802,NA,-68.92192037140512,42.37400267,-111.5536802,NA,-68.92192037140512,0,0,7,6
2,EMIG,806,ABLA,2.6,12.1,2.9,1,0,NA,0,-,-,0,-,0,-,0,-,0,-,0,-,0,-,NA,1,EMIG806,42.37399309999999,-111.5536447,EMIG,806,ABLA,2.6,12.1,2.9,1,0,NA,0,-,-,0,-,0,-,0,-,0,-,0,-,0,-,NA,2,0,2542,806,NA,Point,2218.218,NA,0.180260286346808,EMIG_806_573,EMIG_803_570,3.10999960407355,EMIG_801_568,2.405593703814795,NA,42.37400267,-111.5536802,NA,-70.02037001188413,42.37401459,-111.5536484,NA,-7.275177559050793,0,0,7,6
2,EMIG,807,ABLA,0,2.7,0,1,0,NA,0,-,-,0,-,0,-,0,-,0,-,0,-,0,-,NA,1,EMIG807,42.37400726999999,-111.5536407,EMIG,807,ABLA,NA,2.7,0,1,0,NA,0,-,-,0,-,0,-,0,-,0,-,0,-,0,-,NA,2,0,2543,807,NA,Point,2219.069,NA,0.1795255410285666,EMIG_807_574,EMIG_803_570,3.292020377151351,EMIG_801_568,1.03080680686131,NA,42.37400267,-111.5536802,NA,-98.92587450139928,42.37401459,-111.5536484,NA,-37.95317687866436,0,0,7,6
2,EMIG,808,ABLA,1,NA,NA,1,0,NA,0,-,-,0,-,0,-,0,-,0,-,0,-,0,-,Bent,1,EMIG808,42.37398795999999,-111.5536387,EMIG,808,ABLA,1,NA,NA,1,0,NA,0,-,-,0,-,0,-,0,-,0,-,0,-,0,-,Bent,2,0,2544,808,NA,Point,2217.388,NA,0.181003448032529,EMIG_808_575,EMIG_803_570,3.787162497055955,EMIG_801_568,3.062918008974376,NA,42.37400267,-111.5536802,NA,-64.45023339532779,42.37401459,-111.5536484,NA,-15.11406766464124,0,0,7,6
2,EMIG,809,ABLA,0,4.6,0,1,0,NA,0,-,-,0,-,0,-,0,-,0,-,0,-,0,-,NA,1,EMIG809,42.37398914,-111.5536405,EMIG,809,ABLA,NA,4.6,0,1,0,NA,0,-,-,0,-,0,-,0,-,0,-,0,-,0,-,NA,2,0,2545,809,NA,Point,2217.276,NA,0.1808059319404382,EMIG_809_576,EMIG_803_570,3.597354264031014,EMIG_801_568,2.899828527233168,NA,42.37400267,-111.5536802,NA,-65.3150412809961,42.37401459,-111.5536484,NA,-12.96170026658246,0,0,7,6
2,EMIG,810,ABLA,1.1,6.4,0,1,0,NA,1,-,-,0,-,0,-,0,-,0,-,0,-,0,-,NA,1,EMIG810,42.37400168,-111.5536124,EMIG,810,ABLA,1.1,6.4,0,1,0,NA,1,-,-,0,-,0,-,0,-,0,-,0,-,0,-,NA,2,0,2546,810,NA,Point,2217.904,NA,0.1817308483809394,EMIG_810_577,EMIG_803_570,5.583260034116504,EMIG_797_564,3.274467136922659,NA,42.37400267,-111.5536802,NA,-88.87181009762266,42.37403112,-111.5536147,NA,-3.315323955824914,0,0,7,6
2,EMIG,812,ABLA,3.1,15.9,0,1,0,NA,0,-,-,0,-,0,-,0,-,0,-,0,-,0,-,NA,1,EMIG812,42.37390993,-111.5535967,EMIG,812,ABLA,3.1,15.9,0,1,0,NA,0,-,-,0,-,0,-,0,-,0,-,0,-,0,-,NA,2,0,2548,812,NA,Point,2216.246,NA,0.1892163115911968,EMIG_812_578,EMIG_803_570,12.38170991878614,EMIG_813_579,4.516632151645127,NA,42.37400267,-111.5536802,NA,-33.727164881309,42.37389837999999,-111.5536493,NA,-106.4961072879316,0,0,7,6
2,EMIG,813,ABLA,2.5,9.5,0,1,0,NA,0,-,-,0,-,0,-,0,-,0,-,0,-,0,-,NA,1,EMIG813,42.37389837999999,-111.5536493,EMIG,813,ABLA,2.5,9.5,0,1,1,NA,0,-,-,1,-,0,-,0,-,0,-,0,-,0,-,NA,2,1,NA,813,NA,Point,2215.98,NA,0.1868088103020902,EMIG_813_579,EMIG_803_570,11.85641856374296,EMIG_824_590,5.321610782186904,NA,42.37400267,-111.5536802,NA,-12.39058888182553,42.37386703999999,-111.5536982,NA,-130.8385495290566,0,1,7,6
2,EMIG,814,ABLA,0,5.8,0,1,0,NA,0,-,-,0,-,0,-,0,-,0,-,0,-,0,-,NA,1,EMIG814,42.37389837999999,-111.5536493,EMIG,814,ABLA,NA,5.8,0,1,1,NA,0,-,-,1,-,0,-,0,-,0,-,0,-,0,-,NA,2,1,NA,814,NA,Point,2215.98,NA,0.1868088103020902,EMIG_814_580,EMIG_803_570,11.85641856374296,EMIG_824_590,5.321610782186904,NA,42.37400267,-111.5536802,NA,-12.39058888182553,42.37386703999999,-111.5536982,NA,-130.8385495290566,0,1,7,6
2,EMIG,815,ABLA,1,6.4,0,1,0,NA,0,-,-,0,-,0,-,0,-,0,-,0,-,0,-,NA,1,EMIG815,42.37389837999999,-111.5536493,EMIG,815,ABLA,1,6.4,0,1,1,NA,0,-,-,1,-,0,-,0,-,0,-,0,-,0,-,NA,2,1,NA,815,NA,Point,2215.98,NA,0.1868088103020902,EMIG_815_581,EMIG_803_570,11.85641856374296,EMIG_824_590,5.321610782186904,NA,42.37400267,-111.5536802,NA,-12.39058888182553,42.37386703999999,-111.5536982,NA,-130.8385495290566,0,1,7,6
2,EMIG,816,ABLA,1.1,6.7,0,1,0,NA,0,-,-,0,-,0,-,0,-,0,-,0,-,0,-,NA,1,EMIG816,42.37389837999999,-111.5536493,EMIG,816,ABLA,1.1,6.7,0,1,1,NA,0,-,-,1,-,0,-,0,-,0,-,1,-,0,-,NA,2,1,2549,816,NA,Point,2215.98,NA,0.1868088103020902,EMIG_816_582,EMIG_803_570,11.85641856374296,EMIG_824_590,5.321610782186904,NA,42.37400267,-111.5536802,NA,-12.39058888182553,42.37386703999999,-111.5536982,NA,-130.8385495290566,0,2,7,6
2,EMIG,817,ABLA,3.3,14.2,0,1,0,NA,0,-,-,0,-,0,-,0,-,0,-,0,-,0,-,NA,1,EMIG817,42.37390589,-111.5536748,EMIG,817,ABLA,3.3,14.2,0,1,0,NA,0,-,-,0,-,0,-,0,-,0,-,0,-,0,-,NA,2,0,2550,817,NA,Point,2216.874,NA,0.1846915317088164,EMIG_817_583,EMIG_803_570,10.75554339694961,EMIG_813_579,2.259042405444277,NA,42.37400267,-111.5536802,NA,-2.36909108886011,42.37389837999999,-111.5536493,NA,111.6625705819762,0,0,7,6
2,EMIG,818,ABLA,1.5,9.4,0,1,0,NA,1,-,-,0,-,0,-,0,-,0,-,0,-,0,-,WOB,1,EMIG818,42.37390794000001,-111.5536904,EMIG,818,ABLA,1.5,9.4,0,1,0,NA,1,-,-,0,-,0,-,0,-,0,-,0,-,0,-,WOB,2,0,2551,818,NA,Point,2217.896,NA,0.1835878029725645,EMIG_818_584,EMIG_803_570,10.55219125746384,EMIG_821_587,1.867653058416955,NA,42.37400267,-111.5536802,NA,4.564714683322976,42.37391259,-111.5537122,NA,-73.95095996293054,0,0,7,6
2,EMIG,819,ABLA,3,14.3,0,1,0,NA,1,-,-,0,-,0,-,0,-,0,-,0,-,0,-,1 DB,1,EMIG819,42.37390058,-111.5536866,EMIG,819,ABLA,3,14.3,0,1,0,NA,1,-,-,0,-,0,-,0,-,0,-,0,-,0,-,1 DB,2,0,2552,819,NA,Point,2217.99,NA,0.1843692196005212,EMIG_819_585,EMIG_803_570,11.34820733728117,EMIG_821_587,2.494182801596535,NA,42.37400267,-111.5536802,NA,2.661371434555144,42.37391259,-111.5537122,NA,-57.67809929683987,0,0,7,6
2,EMIG,820,ABLA,0,1.6,0,1,0,NA,0,-,-,0,-,0,-,0,-,0,-,0,-,0,-,NA,1,EMIG820,42.37391597,-111.5536858,EMIG,820,ABLA,NA,1.6,0,1,0,NA,0,-,-,0,-,0,-,0,-,0,-,0,-,0,-,NA,2,0,2553,820,NA,Point,2217.751,NA,0.1832702201753422,EMIG_820_586,EMIG_803_570,9.638112133270093,EMIG_821_587,2.205758682241055,NA,42.37400267,-111.5536802,NA,2.741943055798441,42.37391259,-111.5537122,NA,-99.79657999666122,0,0,7,6
2,EMIG,821,ABLA,14.6,59.2,0,1,0,NA,3,-,-,0,-,0,-,0,-,0,-,0,-,0,-,3 DB,1,EMIG821,42.37391259,-111.5537122,EMIG,821,ABLA,14.6,59.2,0,1,1,NA,3,-,-,2,1-1,2,-,0,-,2,-,0,-,0,-,3 DB,2,1,2554,821,NA,Point,2215.975,NA,0.181915723905085,EMIG_821_587,EMIG_803_570,10.34355914617997,EMIG_824_590,5.187506451406166,NA,42.37400267,-111.5536802,NA,14.7566780868333,42.37386703999999,-111.5536982,NA,167.161710529298,0,6,7,6
2,EMIG,822,ABLA,2,10.6,2.2,1,0,NA,0,-,-,0,-,0,-,0,-,0,-,0,-,0,-,NA,1,EMIG822,42.37387314999999,-111.5537022,EMIG,822,ABLA,2,10.6,2.2,1,0,NA,0,-,-,0,-,0,-,0,-,0,-,0,-,0,-,NA,2,0,2555,822,NA,Point,2219.101,NA,0.1855016800886154,EMIG_822_588,EMIG_803_570,14.49538191590807,EMIG_824_590,0.7541563216461271,NA,42.37400267,-111.5536802,NA,7.178378827652963,42.37386703999999,-111.5536982,NA,154.1071028052525,0,0,7,6
2,EMIG,823,ABLA,1.6,9.2,0,1,0,NA,0,-,-,0,-,0,-,0,-,0,-,0,-,0,-,NA,1,EMIG823,42.37388407,-111.5536851,EMIG,823,ABLA,1.6,9.2,0,1,0,NA,0,-,-,0,-,0,-,0,-,0,-,0,-,0,-,NA,2,0,2556,823,NA,Point,2219.158,NA,0.1857008143117133,EMIG_823_589,EMIG_803_570,13.17539841173258,EMIG_824_590,2.176960636997789,NA,42.37400267,-111.5536802,NA,1.754675483868859,42.37386703999999,-111.5536982,NA,-150.3008888161188,0,0,7,6
2,EMIG,824,ABLA,2.9,14.9,0,1,0,NA,0,-,-,0,-,0,-,0,-,0,-,0,-,0,-,NA,1,EMIG824,42.37386703999999,-111.5536982,EMIG,824,ABLA,2.9,14.9,0,1,1,NA,0,-,-,0,-,1,-,0,-,0,-,0,-,1,-,NA,2,1,2557,824,NA,Point,2219.06,NA,0.1862068993930652,EMIG_824_590,EMIG_803_570,15.13295582232206,EMIG_821_587,5.187506451406166,NA,42.37400267,-111.5536802,NA,5.620073339272115,42.37391259,-111.5537122,NA,-12.83828003518082,0,2,7,6
2,EMIG,825,ABLA,0,7,0,1,0,NA,0,-,-,0,-,0,-,0,-,0,-,0,-,0,-,NA,1,EMIG825,42.37386703999999,-111.5536982,EMIG,825,ABLA,NA,7,0,1,1,NA,0,-,-,0,-,1,-,0,-,0,-,0,-,0,-,NA,2,1,NA,825,NA,Point,2219.06,NA,0.1862068993930652,EMIG_825_591,EMIG_803_570,15.13295582232206,EMIG_821_587,5.187506451406166,NA,42.37400267,-111.5536802,NA,5.620073339272115,42.37391259,-111.5537122,NA,-12.83828003518082,0,1,7,6
2,EMIG,826,ABLA,0,4.5,0,1,0,NA,1,-,-,0,-,0,-,0,-,0,-,0,-,0,-,"1 Dead, WOB",1,EMIG826,42.37380407,-111.5536936,EMIG,826,ABLA,NA,4.5,0,1,0,NA,1,-,-,0,-,0,-,0,-,0,-,0,-,0,-,"1 Dead, WOB",2,0,2558,826,NA,Point,2212.67,NA,0.1913509042573567,EMIG_826_592,EMIG_605_388,19.33598303745639,EMIG_824_590,7.002372689811204,NA,42.37382052000001,-111.5534598,NA,84.57934204434453,42.37386703999999,-111.5536982,NA,-3.100431305004706,0,0,1,1
2,EMIG,827,ABLA,0,3.9,0,1,0,NA,1,-,-,0,-,0,-,0,-,0,-,0,-,0,-,1 DB,1,EMIG827,42.37382454,-111.5537208,EMIG,827,ABLA,NA,3.9,0,1,0,NA,1,-,-,0,-,0,-,0,-,0,-,0,-,0,-,1 DB,2,0,2559,827,NA,Point,2215.161,NA,0.1881615773108491,EMIG_827_593,EMIG_803_570,20.05984211496043,EMIG_824_590,5.072745614455842,NA,42.37400267,-111.5536802,NA,9.592367759825928,42.37386703999999,-111.5536982,NA,21.51896828713132,0,0,7,6
2,EMIG,828,ABLA,0,3.7,0,1,0,NA,1,-,-,0,-,0,-,0,-,0,-,0,-,0,-,WOB,1,EMIG828,42.37388897,-111.5537139,EMIG,828,ABLA,NA,3.7,0,1,0,NA,1,-,-,0,-,0,-,0,-,0,-,0,-,0,-,WOB,2,0,2560,828,NA,Point,2216.985,NA,0.1835969650856073,EMIG_828_594,EMIG_803_570,12.92642402572648,EMIG_821_587,2.626472268748233,NA,42.37400267,-111.5536802,NA,12.39483711735789,42.37391259,-111.5537122,NA,3.054774076256735,0,0,7,6
2,EMIG,830,ABLA,0,5,0,1,0,NA,0,-,-,0,-,0,-,0,-,0,-,0,-,0,-,4 dead,1,EMIG830,42.3740456,-111.5537192,EMIG,830,ABLA,NA,5,0,1,1,NA,0,-,-,0,-,0,-,1,-,0,-,0,-,0,-,4 dead,2,1,2562,830,NA,Point,2218.261,NA,0.1718297025346883,EMIG_830_595,EMIG_785_553,4.204459925172474,EMIG_841_604,1.762880580936515,NA,42.37407655999999,-111.5536898,NA,35.15000044038045,42.37406147,-111.5537186,NA,1.605762861593807,0,1,1,0
2,EMIG,832,ABLA,0,3,0,1,0,NA,0,-,-,0,-,0,-,0,-,0,-,0,-,0,-,NA,1,EMIG832,42.37403332,-111.5536966,EMIG,832,ABLA,NA,3,0,1,0,NA,0,-,-,0,-,0,-,0,-,0,-,0,-,0,-,NA,2,0,2564,832,NA,Point,2223.161,NA,0.1741319290486633,EMIG_832_596,EMIG_803_570,3.661414440768229,EMIG_830_595,2.306856835181244,NA,42.37400267,-111.5536802,NA,158.3595218077869,42.3740456,-111.5537192,NA,-53.76564489038807,0,0,7,6
2,EMIG,833,ABLA,3,14.7,5,1,0,NA,1,-,-,0,-,0,-,0,-,0,-,0,-,0,-,NA,1,EMIG833,42.37404564,-111.5537108,EMIG,833,ABLA,3,14.7,5,1,0,NA,1,-,-,0,-,0,-,0,-,0,-,0,-,0,-,NA,2,0,2565,833,NA,Point,2219.115,NA,0.1723641047665322,EMIG_833_597,EMIG_785_553,3.844103244844512,EMIG_830_595,0.6916110318021345,NA,42.37407655999999,-111.5536898,NA,26.72940825725981,42.3740456,-111.5537192,NA,-90.36795598471845,0,0,1,0
2,EMIG,834,ABLA,0,1.6,0,1,0,NA,0,-,-,0,-,0,-,0,-,0,-,0,-,0,-,NA,1,EMIG834,42.37404043999999,-111.5537316,EMIG,834,ABLA,NA,1.6,0,1,0,NA,0,-,-,0,-,0,-,0,-,0,-,0,-,0,-,NA,2,0,2566,834,NA,Point,2218.126,NA,0.1714016402253666,EMIG_834_598,EMIG_785_553,5.284881195313382,EMIG_830_595,1.170717545185375,NA,42.37407655999999,-111.5536898,NA,40.63215130624843,42.3740456,-111.5537192,NA,60.69817684022446,0,0,1,0
2,EMIG,835,ABLA,1.4,8.8,1.9,1,0,NA,3,-,-,0,-,0,-,0,-,0,-,0,-,0,-,2 DB,1,EMIG835,42.37404692999999,-111.5537223,EMIG,835,ABLA,1.4,8.8,1.9,1,0,NA,3,-,-,0,-,0,-,0,-,0,-,0,-,0,-,2 DB,2,0,2567,835,NA,Point,2217.916,NA,0.1715386948584568,EMIG_835_599,EMIG_785_553,4.240833503126354,EMIG_830_595,0.29487855800130103,NA,42.37407655999999,-111.5536898,NA,39.12138944069495,42.3740456,-111.5537192,NA,120.0544302509006,0,0,1,0
2,EMIG,836,ABLA,2.8,17.8,1.1,1,0,NA,1,-,-,0,-,0,-,0,-,0,-,0,-,0,-,WOB,1,EMIG836,42.37404806,-111.5537182,EMIG,836,ABLA,2.8,17.8,1.1,1,0,NA,1,-,-,0,-,0,-,0,-,0,-,0,-,0,-,WOB,2,0,2568,836,NA,Point,2217.715,NA,0.171721839077311,EMIG_836_600,EMIG_785_553,3.934742154136992,EMIG_830_595,0.2852942829010331,NA,42.37407655999999,-111.5536898,NA,36.45980162019173,42.3740456,-111.5537192,NA,-163.2264668454751,0,0,1,0
2,EMIG,837,ABLA,0,3.3,0,1,0,NA,0,-,-,0,-,0,-,0,-,0,-,0,-,0,-,NA,1,EMIG837,42.3740627,-111.5536976,EMIG,837,ABLA,NA,3.3,0,1,0,NA,0,-,-,0,-,0,-,0,-,0,-,0,-,0,-,NA,2,0,2569,837,NA,Point,2219.798,NA,0.17203391944776741,EMIG_837_601,EMIG_785_553,1.66761435615125,EMIG_841_604,1.7343774205449,NA,42.37407655999999,-111.5536898,NA,22.64988882115978,42.37406147,-111.5537186,NA,-94.51656974682847,0,0,1,0
2,EMIG,838,ABLA,9.5,45.5,0,1,0,NA,12,-,-,0,-,0,-,0,-,0,-,0,-,0,-,"12 DB, Rot in area",1,EMIG838,42.3740662,-111.5537148,EMIG,838,ABLA,9.5,45.5,0,1,0,NA,12,-,-,0,-,0,-,0,-,0,-,0,-,0,-,"12 DB, Rot in area",2,0,2570,838,NA,Point,2218.449,NA,0.1706826885141387,EMIG_838_602,EMIG_785_553,2.357971488894874,EMIG_841_604,0.6113383872419059,NA,42.37407655999999,-111.5536898,NA,60.7998673521232,42.37406147,-111.5537186,NA,-149.2181469591511,0,0,1,0
2,EMIG,840,ABLA,1.3,7.8,4.7,1,0,NA,0,-,-,0,-,0,-,0,-,0,-,0,-,0,-,NA,1,EMIG840,42.37408698000001,-111.5537043,EMIG,840,ABLA,1.3,7.8,4.7,1,0,NA,0,-,-,0,-,0,-,0,-,0,-,0,-,0,-,NA,2,0,2571,840,NA,Point,2218.175,NA,0.1699447852024455,EMIG_840_603,EMIG_785_553,1.662507796735389,EMIG_784_552,0.9233449952791434,NA,42.37407655999999,-111.5536898,NA,134.1031396201709,42.37409183999999,-111.5536952,NA,54.23582449780525,0,0,1,0
2,EMIG,841,ABLA,1.6,7.5,3.6,1,0,NA,0,-,-,0,-,0,-,0,-,0,-,0,-,0,-,Rot in area,1,EMIG841,42.37406147,-111.5537186,EMIG,841,ABLA,1.6,7.5,3.6,1,1,NA,0,-,-,0,-,0,-,0,-,0,-,0,-,1,-,Rot in area,2,1,2572,841,NA,Point,2218.224,NA,0.1707644936571486,EMIG_841_604,EMIG_785_553,2.90346242899357,EMIG_830_595,1.762880580936515,NA,42.37407655999999,-111.5536898,NA,54.75340857314333,42.3740456,-111.5537192,NA,-178.3942367340254,0,1,1,0
2,EMIG,843,ABLA,0,5.2,0,1,0,NA,0,-,-,0,-,0,-,0,-,0,-,0,-,0,-,NA,1,EMIG843,42.37407932,-111.553738,EMIG,843,ABLA,NA,5.2,0,1,0,NA,0,-,-,0,-,0,-,0,-,0,-,0,-,0,-,NA,2,0,2574,843,NA,Point,2219.198,NA,0.1682828703092902,EMIG_843_605,EMIG_845_607,3.394790560168926,EMIG_841_604,2.545533171984002,NA,42.37410941,-111.5537307,NA,10.197673181362,42.37406147,-111.5537186,NA,141.135911722664,0,0,1,1
2,EMIG,844,ABLA,0,5.6,0,1,0,NA,1,-,-,0,-,0,-,0,-,0,-,0,-,0,-,1 DB,1,EMIG844,42.37408296,-111.5537366,EMIG,844,ABLA,NA,5.6,0,1,0,NA,1,-,-,0,-,0,-,0,-,0,-,0,-,0,-,1 DB,2,0,2575,844,NA,Point,2218.422,NA,0.1681228114394085,EMIG_844_606,EMIG_845_607,2.976881133285701,EMIG_841_604,2.8089824137021,NA,42.37410941,-111.5537307,NA,9.391453869640857,42.37406147,-111.5537186,NA,148.1571947967972,0,0,1,1
2,EMIG,845,ABLA,2.4,11.1,1,1,1,NA,0,-,-,0,-,1,-,0,-,0,-,0,-,0,-,NA,1,EMIG845,42.37410941,-111.5537307,EMIG,845,ABLA,2.4,11.1,1,1,1,NA,0,-,-,0,-,1,-,0,-,0,-,0,-,0,-,NA,2,0,2576,845,NA,Point,2218.968,NA,0.1667074599726138,EMIG_845_607,EMIG_785_553,4.964341642580879,EMIG_847_609,0.7626133122892282,NA,42.37407655999999,-111.5536898,NA,137.2874404367952,42.37411620999998,-111.5537294,NA,8.068094887788874,1,1,1,0
2,EMIG,846,ABLA,5.4,27.4,1.9,1,0,NA,0,-,-,0,-,0,-,0,-,0,-,0,-,0,-,NA,1,EMIG846,42.37411588,-111.5537153,EMIG,846,ABLA,5.4,27.4,1.9,1,0,NA,0,-,-,0,-,0,-,0,-,0,-,0,-,0,-,NA,2,0,2577,846,NA,Point,2218.506,NA,0.1672841949699422,EMIG_846_608,EMIG_845_607,1.457314926064576,EMIG_847_609,1.161471442117173,NA,42.37410941,-111.5537307,NA,-119.5364046962406,42.37411620999998,-111.5537294,NA,-88.19209074769857,0,0,1,1
2,EMIG,847,ABLA,1.1,6.6,0,1,0,NA,1,-,-,0,-,0,-,0,-,0,-,0,-,0,-,1 DB,1,EMIG847,42.37411620999998,-111.5537294,EMIG,847,ABLA,1.1,6.6,0,1,1,NA,1,-,-,0,-,1,-,0,-,0,-,0,-,0,-,1 DB,2,1,2578,847,NA,Point,2219.214,NA,0.166336053731091,EMIG_847_609,EMIG_845_607,0.7626133122892282,EMIG_845_607,0.7626133122892282,NA,42.37410941,-111.5537307,NA,-171.9319042360518,42.37410941,-111.5537307,NA,-171.9319042360518,0,1,1,1
2,EMIG,848,ABLA,0,4.3,0,1,0,NA,0,-,-,0,-,0,-,0,-,0,-,0,-,0,-,NA,1,EMIG848,42.37412401999999,-111.5537308,EMIG,848,ABLA,NA,4.3,0,1,0,NA,0,-,-,0,-,0,-,0,-,0,-,0,-,0,-,NA,2,0,2579,848,NA,Point,2218.831,NA,0.1657224594388771,EMIG_848_610,EMIG_845_607,1.622300120422363,EMIG_847_609,0.8748410560004585,NA,42.37410941,-111.5537307,NA,179.7092186813806,42.37411620999998,-111.5537294,NA,172.4288942133369,0,0,1,1
2,EMIG,849,ABLA,2.8,9.9,5.2,1,0,NA,0,-,-,0,-,0,-,0,-,0,-,0,-,0,-,NA,1,EMIG849,42.3741124,-111.5537168,EMIG,849,ABLA,2.8,9.9,5.2,1,0,NA,0,-,-,0,-,0,-,0,-,0,-,0,-,0,-,NA,2,0,2580,849,NA,Point,2220.608,NA,0.1674177490564811,EMIG_849_611,EMIG_845_607,1.191612782457388,EMIG_847_609,1.120341380337711,NA,42.37410941,-111.5537307,NA,-106.177821652447,42.37411620999998,-111.5537294,NA,-67.81392706499037,0,0,1,1
2,EMIG,850,ABLA,2.2,5.9,3.6,1,0,NA,0,-,-,0,-,0,-,0,-,0,-,0,-,0,-,NA,1,EMIG850,42.37414195000001,-111.5537104,EMIG,850,ABLA,2.2,5.9,3.6,1,0,NA,0,-,-,0,-,0,-,0,-,0,-,0,-,0,-,NA,2,0,2582,850,NA,Point,2220.549,NA,0.1658899264271761,EMIG_850_612,EMIG_760_529,2.975155538641032,EMIG_762_531,2.25737392358156,NA,42.37413963,-111.5536744,NA,94.96728922824437,42.37412599999999,-111.5536934,NA,141.6810668905296,0,0,7,6
2,EMIG,851,ABLA,5.5,22.1,2.2,1,0,NA,1,-,-,0,-,0,-,0,-,0,-,0,-,0,-,1 DB,1,EMIG851,42.37414195000001,-111.5537104,EMIG,851,ABLA,5.5,22.1,2.2,1,1,NA,1,-,-,1,-,0,-,0,-,0,-,0,-,0,-,1 DB,2,1,NA,851,NA,Point,2220.549,NA,0.1658899264271761,EMIG_851_613,EMIG_760_529,2.975155538641032,EMIG_762_531,2.25737392358156,NA,42.37413963,-111.5536744,NA,94.96728922824437,42.37412599999999,-111.5536934,NA,141.6810668905296,0,1,7,6
2,EMIG,852,ABLA,0,4.2,0,1,0,NA,0,-,-,0,-,0,-,0,-,0,-,0,-,0,-,NA,1,EMIG852,42.3741448,-111.5537286,EMIG,852,ABLA,NA,4.2,0,1,0,NA,0,-,-,0,-,0,-,0,-,0,-,0,-,0,-,NA,2,0,2583,852,NA,Point,2220.513,NA,0.1644943423910735,EMIG_852_614,EMIG_845_607,3.933470655843094,EMIG_851_613,1.531509714413537,NA,42.37410941,-111.5537307,NA,-177.4807040140201,42.37414195000001,-111.5537104,NA,101.9251266576075,0,0,1,1
2,EMIG,349,ABLA,3.6,10.7,1.7,1,0,NA,0,-,-,0,-,0,-,0,-,0,-,0,-,0,-,located near 350,1,EMIG349,42.37385666000001,-111.5533871,EMIG,349,ABLA,3.6,10.7,1.7,1,0,NA,0,-,-,0,NA,0,NA,0,NA,0,NA,0,NA,0,NA,located near 350,2,0,2334,349,NA,Point,2210.884,NA,0.2062547547588801,EMIG_349_615,EMIG_601_384,2.568967707913382,EMIG_601_384,2.568967707913382,NA,42.37385479,-111.5534182,NA,-94.63611272873109,42.37385479,-111.5534182,NA,-94.63611272873109,0,0,1,1
2,EMIG,579,ABLA,2,9.1,2.4,1,0,NA,0,-,-,0,-,0,-,0,-,0,-,0,-,0,-,NA,1,EMIG579,42.37385654,-111.5533023,EMIG,579,ABLA,2,9.1,2.4,1,0,NA,0,-,-,0,-,0,-,0,-,0,-,0,-,0,-,NA,2,0,2306,579,NA,Point,2212.766,NA,0.2117424406214524,EMIG_579_616,EMIG_594_367,5.043766722586398,EMIG_581_356,3.398118139662888,NA,42.37381995,-111.5533386,NA,-143.6616479309705,42.37382595,-111.5533011,NA,178.333897257464,0,0,1,1
