"","site","tag","species","dbh","height","canopy_ht","brooms","rot","Dead / Alive_v1","Dead / Alive_v2","Dead / Alive_v3","Dead / Alive_v4","Inf Location_v1","Inf Location_v2","Inf Location_v3","Inf Location_v4","Gouting_v1","Gouting_v2","Gouting_v3","Gouting_v4","Beetle_v1","Beetle_v2","Beetle_v3","Beetle_v4","NL_v1","NL_v2","NL_v3","NL_v4","NLW_v1","NLW_v2","NLW_v3","NLW_v4","NM_v1","NM_v2","NM_v3","NM_v4","NMW_v1","NMW_v2","NMW_v3","NMW_v4","NH_v1","NH_v2","NH_v3","NH_v4","NHW_v1","NHW_v2","NHW_v3","NHW_v4","SL_v1","SL_v2","SL_v3","SL_v4","SLW_v1","SLW_v2","SLW_v3","SLW_v4","SM_v1","SM_v2","SM_v3","SM_v4","SMW_v1","SMW_v2","SMW_v3","SMW_v4","SH_v1","SH_v2","SH_v3","SH_v4","SHW_v1","SHW_v2","SHW_v3","SHW_v4","Notes_v1","Notes_v2","Notes_v3","Notes_v4","Visit_v1","Visit_v2","Visit_v3","Visit_v4","WSB_v1","WSB_v2","WSB_v3","WSB_v4","infested_v1","infested_v2","infested_v3","infested_v4","new_infestation","tag_ID","Number","Tag #","Description","GeometryType","Elevation","GeoidOffset","distance","infestation_visit_1","infestation_visit_2","infestation_visit_3","infestation_visit_4","unique_ID","TARGET","DISTANCE","TARGET2","DISTANCE2","TARGET3","DISTANCE3","TARGET4","DISTANCE4","geometry.x","Latitude.focal","Longitude.focal","Latitude.target","Longitude.target","geometry.y","bearings1","Latitude.target2","Longitude.target2","geometry.x.x","bearings2","Latitude.target3","Longitude.target3","geometry.y.y","bearings3","Latitude.target4","Longitude.target4","geometry","bearings4","infestation_sum_Visit1_focal","infestation_sum_Visit2_focal","infestation_sum_Visit3_focal","infestation_sum_Visit4_focal","inf_sum_Visit1_target","inf_sum_Visit2_target","inf_sum_Visit3_target","inf_sum_Visit4_target"
"1","EMIG",251,"ABLA",2.7,14.2,0,0,"0",1,1,1,1,"0","0","BO","BO",NA,NA,0,1,"0","0","0","0",0,0,0,0,"0","0","0",NA,0,0,0,1,"0","0","0",NA,0,0,0,0,"0","0","0",NA,0,0,0,1,"0","0","0",NA,0,0,0,0,"0","0","0",NA,0,0,0,0,"0","0","0",NA,NA,NA,NA,NA,1,2,3,4,NA,NA,NA,NA,0,0,0,1,1,"EMIG251",2169,251,NA,"Point",2219.046,NA,0.187918923331113,0,0,0,1,"EMIG_251_225","EMIG_726_510",5.68597513742134,"EMIG_697_482",5.56020479710983,"EMIG_685_472",6.4143773683721,"EMIG_252_226",0.616885316498419,NA,42.3741974,-111.5533454,42.37423023,-111.5533984,NA,-50.1243773416849,42.37422593,-111.5534009,NA,-55.2670008782039,42.37417395,-111.5534166,NA,-113.950131744841,42.37420205,-111.5533495,NA,-33.1756424522348,0,0,0,2,1,0,0,0
"2","EMIG",252,"ABLA",2,9.3,0,0,"0",1,1,1,1,"0","0","0","0",NA,NA,0,0,"0","0","0","0",0,0,0,0,"0","0","0",NA,0,0,0,0,"0","0","0",NA,0,0,0,0,"0","0","0",NA,0,0,0,0,"0","0","0",NA,0,0,0,1,"0","0","0",NA,0,0,0,0,"0","0","0",NA,NA,NA,NA,NA,1,2,3,4,NA,NA,NA,NA,0,0,0,1,1,"EMIG252",2170,252,NA,"Point",2219.034,NA,0.187373843534895,0,0,0,1,"EMIG_252_226","EMIG_726_510",5.09905574934138,"EMIG_697_482",4.99399971579985,"EMIG_685_472",6.34476377473948,"EMIG_251_225",0.616885316498419,NA,42.37420205,-111.5533495,42.37423023,-111.5533984,NA,-52.1454888572468,42.37422593,-111.5534009,NA,-57.9296920207463,42.37417395,-111.5534166,NA,-119.457276493228,42.3741974,-111.5533454,NA,146.824354784489,0,0,0,1,1,0,0,0
"3","EMIG",253,"ABLA",1.5,10.6,0,2,"0",1,1,1,1,"0","0","0","0",NA,NA,0,1,"0","0","0","0",0,0,0,0,"0","0","0",NA,0,0,0,0,"0","0","0",NA,0,0,0,0,"0","0","0",NA,0,0,0,0,"0","0","0",NA,0,0,0,0,"0","0","0",NA,0,0,0,0,"0","0","0",NA,NA,NA,"bifur","bifur",1,2,3,4,NA,NA,NA,NA,0,0,0,0,0,"EMIG253",2171,253,NA,"Point",2219.905,NA,0.193825554558827,0,0,0,0,"EMIG_253_227","EMIG_271_246",6.58972101459291,"EMIG_273_248",6.50436096849144,"EMIG_685_472",9.77297285686155,"EMIG_255_229",1.17403449523329,NA,42.37413893,-111.5533077,42.37407974,-111.5533135,NA,-175.844360613285,42.37409018,-111.5533515,NA,-146.328879064874,42.37417395,-111.5534166,NA,-66.5535217242373,42.37413118,-111.5533174,NA,-137.137382279473,0,0,0,0,1,0,0,3
"4","EMIG",254,"ABLA",1.3,10.2,0,1,"0",1,1,1,1,"0","0","0","0",NA,NA,0,0,"0","0","0","0",0,0,0,0,"0","0","0",NA,0,0,0,0,"0","0","0",NA,0,0,0,0,"0","0","0",NA,0,0,0,0,"0","0","0",NA,0,0,0,0,"0","0","0",NA,0,0,0,0,"0","0","0",NA,NA,NA,NA,NA,1,2,3,4,NA,NA,NA,NA,0,0,0,0,0,"EMIG254",2172,254,NA,"Point",2217.095,NA,0.193283133557599,0,0,0,0,"EMIG_254_228","EMIG_271_246",5.7787297099945,"EMIG_273_248",5.21465652825937,"EMIG_685_472",9.15557937129823,"EMIG_255_229",0.322599756895314,NA,42.37413146,-111.5533213,42.37407974,-111.5533135,NA,173.619476980427,42.37409018,-111.5533515,NA,-151.522075110027,42.37417395,-111.5534166,NA,-58.9811782828793,42.37413118,-111.5533174,NA,95.5305270905073,0,0,0,0,1,0,0,3
"5","EMIG",255,"ABLA",3.3,16.3,0,1,"0",1,1,1,1,"0","0","0","BO",NA,NA,0,0,"0","0","0","0",0,0,0,0,"0","0","0",NA,0,0,0,1,"0","0","0",NA,0,0,0,0,"0","0","0",NA,0,0,0,1,"0","0","0",NA,0,0,0,0,"0","0","0",NA,0,0,0,1,"0","0","0",NA,NA,NA,"bifur w/253","bifur w/253",1,2,3,4,NA,NA,NA,NA,0,0,0,1,1,"EMIG255",2173,255,NA,"Point",2216.48,NA,0.193574721020091,0,0,0,1,"EMIG_255_229","EMIG_271_246",5.7208622992341,"EMIG_273_248",5.34868973750447,"EMIG_685_472",9.44780150109938,"EMIG_259_233",1.67561929835574,NA,42.37413118,-111.5533174,42.37407974,-111.5533135,NA,176.782434071141,42.37409018,-111.5533515,NA,-148.338183534826,42.37417395,-111.5534166,NA,-59.8230937141213,42.37412686,-111.5533369,NA,-106.635083648322,0,0,0,3,1,0,0,3
"6","EMIG",256,"ABLA",1.9,10.3,0,1,"0",1,1,1,1,"0","0","0","0",NA,NA,0,0,"0","0","0","0",0,0,0,0,"0","0","0",NA,0,0,0,0,"0","0","0",NA,0,0,0,0,"0","0","0",NA,0,0,0,0,"0","0","0",NA,0,0,0,0,"0","0","0",NA,0,0,0,0,"0","0","0",NA,NA,NA,NA,NA,1,2,3,4,NA,NA,NA,NA,0,0,0,0,0,"EMIG256",2174,256,NA,"Point",2215.2,NA,0.19281896736348,0,0,0,0,"EMIG_256_230","EMIG_271_246",5.57083846101212,"EMIG_273_248",4.57748719394657,"EMIG_685_472",8.72010240756484,"EMIG_259_233",0.559179580998525,NA,42.37412832,-111.5533304,42.37407974,-111.5533135,NA,165.536121952752,42.37409018,-111.5533515,NA,-157.696371274097,42.37417395,-111.5534166,NA,-54.4764134304792,42.37412686,-111.5533369,NA,-106.853114588665,0,0,0,0,1,0,0,3
"7","EMIG",257,"ABLA",1.7,9.9,1,0,"0",1,1,1,1,"0","0","0","BO",NA,NA,0,0,"0","0","0","0",0,0,0,0,"0","0","0",NA,0,0,0,1,"0","0","0",NA,0,0,0,0,"0","0","0",NA,0,0,0,0,"0","0","0",NA,0,0,0,0,"0","0","0",NA,0,0,0,0,"0","0","0",NA,NA,NA,NA,NA,1,2,3,4,NA,NA,NA,NA,0,0,0,1,1,"EMIG257",2175,257,NA,"Point",2212.825,NA,0.1925257665506,0,0,0,1,"EMIG_257_231","EMIG_271_246",5.34945355064165,"EMIG_273_248",3.97130739981157,"EMIG_685_472",8.50937750009404,"EMIG_259_233",0.275590651166794,NA,42.37412445,-111.5533377,42.37407974,-111.5533135,NA,158.132602446799,42.37409018,-111.5533515,NA,-163.375345677221,42.37417395,-111.5534166,NA,-49.7648316022892,42.37412686,-111.5533369,NA,13.8275497361912,0,0,0,1,1,0,0,3
"8","EMIG",258,"ABLA",NA,3.9,0,1,"0",1,1,1,1,"0","0","0","0",NA,NA,0,0,"0","0","0","0",0,0,0,0,"0","0","0",NA,0,0,0,0,"0","0","0",NA,0,0,0,0,"0","0","0",NA,0,0,0,0,"0","0","0",NA,0,0,0,0,"0","0","0",NA,0,0,0,0,"0","0","0",NA,"1 DB","1 DB","1 DB","1 DB",1,2,3,4,NA,NA,NA,NA,0,0,0,0,0,"EMIG258",2176,258,NA,"Point",2215.127,NA,0.192230214935546,0,0,0,0,"EMIG_258_232","EMIG_271_246",5.86561024602817,"EMIG_273_248",4.49336807833862,"EMIG_685_472",8.15406451957355,"EMIG_259_233",0.290614391845706,NA,42.37412937,-111.5533379,42.37407974,-111.5533135,NA,159.971245547703,42.37409018,-111.5533515,NA,-165.57008663957,42.37417395,-111.5534166,NA,-52.6217734689007,42.37412686,-111.5533369,NA,163.542375532116,0,0,0,0,1,0,0,3
"9","EMIG",259,"ABLA",11.1,38.2,5.2,2,"0",1,1,1,1,"0","0","0","BO",NA,NA,0,0,"0","0","0","0",0,0,0,1,"0","0","0",NA,0,0,0,1,"0","0","0",NA,0,0,0,1,"0","0","0",NA,0,0,0,0,"0","0","0",NA,0,0,0,1,"0","0","0",NA,0,0,0,0,"0","0","0",NA,"2 DB","2 DB","2 DB","2 DB",1,2,3,4,NA,NA,NA,NA,0,0,0,1,1,"EMIG259",2177,259,NA,"Point",2213.767,NA,0.192444112540221,0,0,0,1,"EMIG_259_233","EMIG_271_246",5.57558954200211,"EMIG_273_248",4.24659100904118,"EMIG_685_472",8.39043889018344,"EMIG_257_231",0.275590651166794,NA,42.37412686,-111.5533369,42.37407974,-111.5533135,NA,159.78522969929,42.37409018,-111.5533515,NA,-163.556796802627,42.37417395,-111.5534166,NA,-51.4506258418903,42.37412445,-111.5533377,NA,-166.172449724634,0,0,0,4,1,0,0,3
"10","EMIG",260,"ABLA",1.3,9.4,2.1,0,"0",1,1,1,1,"0","0","0","0",NA,NA,0,0,"0","0","0","0",0,0,0,0,"0","0","0",NA,0,0,0,0,"0","0","0",NA,0,0,0,0,"0","0","0",NA,0,0,0,0,"0","0","0",NA,0,0,0,0,"0","0","0",NA,0,0,0,0,"0","0","0",NA,NA,NA,NA,NA,1,2,3,4,NA,NA,NA,NA,0,0,0,0,0,"EMIG260",2178,260,NA,"Point",2216.988,NA,0.195464883125008,0,0,0,0,"EMIG_260_234","EMIG_271_246",3.99098435318926,"EMIG_273_248",4.80073270408011,"EMIG_685_472",11.372689215685,"EMIG_255_229",2.12698989612388,NA,42.37411494,-111.5533037,42.37407974,-111.5533135,NA,-168.336041387764,42.37409018,-111.5533515,NA,-124.937902952934,42.37417395,-111.5534166,NA,-54.8195448776897,42.37413118,-111.5533174,NA,-32.0262696525894,0,0,0,0,1,0,0,3
"11","EMIG",261,"ABLA",1.9,10.1,2.4,0,"0",1,1,1,1,"0","0","0","0",NA,NA,0,0,"0","0","0","0",0,0,0,0,"0","0","0",NA,0,0,0,0,"0","0","0",NA,0,0,0,0,"0","0","0",NA,0,0,0,0,"0","0","0",NA,0,0,0,0,"0","0","0",NA,0,0,0,0,"0","0","0",NA,NA,NA,NA,NA,1,2,3,4,NA,NA,NA,NA,0,0,0,0,0,"EMIG261",2179,261,NA,"Point",2215.511,NA,0.195317724598541,0,0,0,0,"EMIG_261_235","EMIG_271_246",4.10698550429478,"EMIG_273_248",4.80683139133667,"EMIG_685_472",11.2207683787273,"EMIG_255_229",1.9641181097405,NA,42.37411616,-111.5533048,42.37407974,-111.5533135,NA,-169.955718374657,42.37409018,-111.5533515,NA,-126.880212082521,42.37417395,-111.5534166,NA,-55.1184819402331,42.37413118,-111.5533174,NA,-31.8820793270064,0,0,0,0,1,0,0,3
"12","EMIG",274,"ABLA",1.1,7.1,0,1,"0",1,1,1,1,"0","0","0","0",NA,NA,0,0,"0","0","0","0",0,0,0,0,"0","0","0",NA,0,0,0,0,"0","0","0",NA,0,0,0,0,"0","0","0",NA,0,0,0,0,"0","0","0",NA,0,0,0,0,"0","0","0",NA,0,0,0,0,"0","0","0",NA,NA,NA,NA,NA,1,2,3,4,NA,NA,NA,NA,0,0,0,0,0,"EMIG274",2192,274,NA,"Point",2213.77,NA,0.194449563550207,0,0,0,0,"EMIG_274_236","EMIG_271_246",3.94156833478165,"EMIG_273_248",3.90536865339899,"EMIG_685_472",10.4227042545391,"EMIG_255_229",1.78840960979472,NA,42.37411508,-111.553318,42.37407974,-111.5533135,NA,174.606370305069,42.37409018,-111.5533515,NA,-135.069689894267,42.37417395,-111.5534166,NA,-51.1579336080312,42.37413118,-111.5533174,NA,1.58283337737644,0,0,0,0,1,0,0,3
"13","EMIG",262,"ABLA",3.7,29.6,0,1,"0",1,1,1,1,"0","0","0","0",NA,NA,0,0,"0","0","0","0",0,0,0,0,"0","0","0",NA,0,0,0,0,"0","0","0",NA,0,0,0,0,"0","0","0",NA,0,0,0,0,"0","0","0",NA,0,0,0,0,"0","0","0",NA,0,0,0,0,"0","0","0",NA,NA,NA,NA,NA,1,2,3,4,NA,NA,NA,NA,0,0,0,0,0,"EMIG262",2180,262,NA,"Point",2206.267,NA,0.195155224909341,0,0,0,0,"EMIG_262_237","EMIG_271_246",4.13761107474503,"EMIG_273_248",4.71704964772549,"EMIG_685_472",11.0607778043112,"EMIG_255_229",1.8372691940365,NA,42.37411666,-111.5533067,42.37407974,-111.5533135,NA,-172.223403982181,42.37409018,-111.5533515,NA,-128.560216568473,42.37417395,-111.5534166,NA,-54.8909933273765,42.37413118,-111.5533174,NA,-28.652422419859,0,0,0,0,1,0,0,3
"14","EMIG",263,"ABLA",4.2,21.4,10.4,0,"0",1,1,1,1,"0","0","0","0",NA,NA,0,0,"0","0","0","0",0,0,0,0,"0","0","0",NA,0,0,0,0,"0","0","0",NA,0,0,0,0,"0","0","0",NA,0,0,0,0,"0","0","0",NA,0,0,0,0,"0","0","0",NA,0,0,0,0,"0","0","0",NA,NA,NA,NA,NA,1,2,3,4,NA,NA,NA,NA,0,0,0,0,0,"EMIG263",2181,263,NA,"Point",2208.956,NA,0.195040021440504,0,0,0,0,"EMIG_263_238","EMIG_271_246",3.81109673695977,"EMIG_273_248",4.28775872502326,"EMIG_685_472",10.9834761138742,"EMIG_255_229",1.99150628973732,NA,42.37411399,-111.5533105,42.37407974,-111.5533135,NA,-176.284033089123,42.37409018,-111.5533515,NA,-128.068351571672,42.37417395,-111.5534166,NA,-52.6866059832862,42.37413118,-111.5533174,NA,-16.5743747664087,0,0,0,0,1,0,0,3
"15","EMIG",264,"ABLA",NA,5.8,0,0,"0",1,1,1,1,"0","0","0","0",NA,NA,0,0,"0","0","0","0",0,0,0,0,"0","0","0",NA,0,0,0,0,"0","0","0",NA,0,0,0,0,"0","0","0",NA,0,0,0,0,"0","0","0",NA,0,0,0,0,"0","0","0",NA,0,0,0,0,"0","0","0",NA,"Rot in area","Rot in area","Rot in area","Rot in area",1,2,3,4,NA,NA,NA,NA,0,0,0,0,0,"EMIG264",2182,264,NA,"Point",2212.83,NA,0.196096205786999,0,0,0,0,"EMIG_264_239","EMIG_271_246",3.64282130136732,"EMIG_273_248",4.92964307485931,"EMIG_685_472",12.0177716343069,"EMIG_255_229",2.77856034242654,NA,42.37411055,-111.5532983,42.37407974,-111.5533135,NA,-159.907214368482,42.37409018,-111.5533515,NA,-117.311557468255,42.37417395,-111.5534166,NA,-54.1412611395433,42.37413118,-111.5533174,NA,-34.4690599596762,0,0,0,0,1,0,0,3
"16","EMIG",265,"ABLA",NA,8.1,0,0,"0",1,1,1,1,"0","0","0","0",NA,NA,0,0,"0","0","0","0",0,0,0,0,"0","0","0",NA,0,0,0,0,"0","0","0",NA,0,0,0,0,"0","0","0",NA,0,0,0,0,"0","0","0",NA,0,0,0,0,"0","0","0",NA,0,0,0,0,"0","0","0",NA,"Rot in area","Rot in area","Rot in area","Rot in area",1,2,3,4,NA,NA,NA,NA,0,0,0,0,0,"EMIG265",2183,265,NA,"Point",2211.864,NA,0.195932186975539,0,0,0,0,"EMIG_265_240","EMIG_271_246",2.43235155025205,"EMIG_273_248",3.77242593356387,"EMIG_685_472",12.0311072188124,"EMIG_271_246",2.43235155025205,NA,42.37410129,-111.5533082,42.37407974,-111.5533135,NA,-169.665174368164,42.37409018,-111.5533515,NA,-109.087730671612,42.37417395,-111.5534166,NA,-47.8863795562589,42.37407974,-111.5533135,NA,-169.665174368164,0,0,0,0,1,0,0,3
"17","EMIG",266,"ABLA",1.7,10.6,0,0,"0",1,1,1,1,"0","0","0","0",NA,NA,0,0,"0","0","0","0",0,0,0,0,"0","0","0",NA,0,0,0,0,"0","0","0",NA,0,0,0,0,"0","0","0",NA,0,0,0,0,"0","0","0",NA,0,0,0,0,"0","0","0",NA,0,0,0,0,"0","0","0",NA,"Rot in area","Rot in area","Rot in area","Rot in area",1,2,3,4,NA,NA,NA,NA,0,0,0,0,0,"EMIG266",2184,266,NA,"Point",2211.635,NA,0.195985447143837,0,0,0,0,"EMIG_266_241","EMIG_271_246",2.45046058226482,"EMIG_273_248",3.83652100341548,"EMIG_685_472",12.0763413139813,"EMIG_271_246",2.45046058226482,NA,42.37410134,-111.5533074,42.37407974,-111.5533135,NA,-168.173217622882,42.37409018,-111.5533515,NA,-108.844410618991,42.37417395,-111.5534166,NA,-48.1154835022511,42.37407974,-111.5533135,NA,-168.173217622882,0,0,0,0,1,0,0,3
"18","EMIG",267,"ABLA",1.1,8.6,0,0,"0",1,1,1,1,"0","0","BO","0",NA,NA,0,0,"0","0","0","0",0,0,0,0,"0","0","0",NA,0,0,0,0,"0","0","0",NA,0,0,0,0,"0","0","0",NA,0,0,0,0,"0","0","0",NA,0,0,0,0,"0","0","0",NA,0,0,0,0,"0","0","0",NA,"Rot in area","Rot in area","Rot in area","Rot in area",1,2,3,4,NA,NA,NA,NA,0,0,0,0,0,"EMIG267",2185,267,NA,"Point",2219.949,NA,0.198299044497363,0,0,0,0,"EMIG_267_242","EMIG_271_246",1.94843118514332,"EMIG_292_266",2.79606589410042,"EMIG_685_472",14.5569390719848,"EMIG_271_246",1.94843118514332,NA,42.37408236,-111.5532901,42.37407974,-111.5533135,NA,-98.58698801629,42.374065,-111.5532655,NA,133.583429002471,42.37417395,-111.5534166,NA,-45.6819744087209,42.37407974,-111.5533135,NA,-98.58698801629,0,0,0,0,1,0,0,3
"19","EMIG",268,"ABLA",1.1,8.8,0,0,"0",1,1,1,1,"0","0","0","0",NA,NA,0,0,"0","0","0","0",0,0,0,0,"0","0","0",NA,0,0,0,0,"0","0","0",NA,0,0,0,0,"0","0","0",NA,0,0,0,0,"0","0","0",NA,0,0,0,0,"0","0","0",NA,0,0,0,0,"0","0","0",NA,"Rot in area","Rot in area","Rot in area","Rot in area",1,2,3,4,NA,NA,NA,NA,0,0,0,0,0,"EMIG268",2186,268,NA,"Point",2217.24,NA,0.197418827796724,0,0,0,0,"EMIG_268_243","EMIG_271_246",1.27302429890048,"EMIG_292_266",3.64369756677808,"EMIG_685_472",13.7313231851181,"EMIG_271_246",1.27302429890048,NA,42.37408546,-111.5533001,42.37407974,-111.5533135,NA,-119.928857011299,42.374065,-111.5532655,NA,128.572397798214,42.37417395,-111.5534166,NA,-44.3093447454083,42.37407974,-111.5533135,NA,-119.928857011299,0,0,0,0,1,0,0,3
"20","EMIG",269,"ABLA",5.9,31.7,0,1,"0",1,1,1,1,"0","0","0","0",NA,NA,0,0,"0","0","0","0",0,0,0,0,"0","0","0",NA,0,0,0,0,"0","0","0",NA,0,0,0,0,"0","0","0",NA,0,0,0,0,"0","0","0",NA,0,0,0,0,"0","0","0",NA,0,0,0,0,"0","0","0",NA,"Rot in area","Rot in area","Rot in area","Rot in area",1,2,3,4,NA,NA,NA,NA,0,0,0,0,0,"EMIG269",2187,269,NA,"Point",2211.732,NA,0.198335759796708,0,0,0,0,"EMIG_269_244","EMIG_271_246",3.13637755826079,"EMIG_292_266",3.40042893315246,"EMIG_685_472",14.3371559990749,"EMIG_271_246",3.13637755826079,NA,42.37409359,-111.5532803,42.37407974,-111.5533135,NA,-119.36288183615,42.374065,-111.5532655,NA,159.001399211871,42.37417395,-111.5534166,NA,-51.5101599631046,42.37407974,-111.5533135,NA,-119.36288183615,0,0,0,0,1,0,0,3
"21","EMIG",270,"ABLA",NA,5.7,0,0,"0",1,1,1,1,"0","0","0","0",NA,NA,0,0,"0","0","0","0",0,0,0,0,"0","0","0",NA,0,0,0,0,"0","0","0",NA,0,0,0,0,"0","0","0",NA,0,0,0,0,"0","0","0",NA,0,0,0,0,"0","0","0",NA,0,0,0,0,"0","0","0",NA,"Rot in area","Rot in area","Rot in area","Rot in area",1,2,3,4,NA,NA,NA,NA,0,0,0,0,0,"EMIG270",2188,270,NA,"Point",2213.043,NA,0.197733102113602,0,0,0,0,"EMIG_270_245","EMIG_271_246",1.15865442158251,"EMIG_292_266",3.30365862138483,"EMIG_685_472",14.1398615224433,"EMIG_271_246",1.15865442158251,NA,42.3740808,-111.5532995,42.37407974,-111.5533135,NA,-95.8304138209374,42.374065,-111.5532655,NA,122.076570641576,42.37417395,-111.5534166,NA,-42.9878452484026,42.37407974,-111.5533135,NA,-95.8304138209374,0,0,0,0,1,0,0,3
"22","EMIG",271,"ABLA",2.9,17.5,0,0,"0",1,1,1,1,"BO","0","BO","BO",NA,NA,0,0,"0","0","0","0",0,0,0,0,"0","0","0",NA,1,0,0,0,"0","0","0",NA,0,0,0,1,"0","0","0",NA,0,0,0,0,"0","0","0",NA,0,0,0,1,"0","0","0",NA,0,0,0,1,"0","0","0",NA,NA,NA,NA,NA,1,2,3,4,NA,NA,NA,NA,1,0,0,1,0,"EMIG271",2189,271,NA,"Point",2213.657,NA,0.196818664597474,1,0,0,1,"EMIG_271_246","EMIG_292_266",4.27749658711525,"EMIG_273_248",3.33651070793075,"EMIG_685_472",13.4717114079425,"EMIG_286_260",4.04096635276525,NA,42.37407974,-111.5533135,42.374065,-111.5532655,NA,112.496897742325,42.37409018,-111.5533515,NA,-69.6690006988461,42.37417395,-111.5534166,NA,-39.0574136938527,42.3740486,-111.5533389,NA,-148.834356156523,1,0,0,3,2,1,0,1
"23","EMIG",272,"ABLA",NA,3.4,0,0,"0",1,1,1,1,"0","0","0","0",NA,NA,0,0,"0","0","0","0",0,0,0,0,"0","0","0",NA,0,0,0,0,"0","0","0",NA,0,0,0,0,"0","0","0",NA,0,0,0,0,"0","0","0",NA,0,0,0,0,"0","0","0",NA,0,0,0,0,"0","0","0",NA,NA,NA,NA,NA,1,2,3,4,NA,NA,NA,NA,0,0,0,0,0,"EMIG272",2190,272,NA,"Point",2211.897,NA,0.195071224013617,0,0,0,0,"EMIG_272_247","EMIG_271_246",1.75019107148691,"EMIG_273_248",1.64406656158751,"EMIG_685_472",11.8464907575843,"EMIG_271_246",1.75019107148691,NA,42.37408776,-111.5533318,42.37407974,-111.5533135,NA,120.585264329785,42.37409018,-111.5533515,NA,-80.5930864734189,42.37417395,-111.5534166,NA,-36.1114363652989,42.37407974,-111.5533135,NA,120.585264329785,0,0,0,0,1,0,0,3
"24","EMIG",273,"ABLA",NA,6.7,0,0,"0",1,1,1,1,"0","BO","0","0",NA,NA,0,0,"0","0","0","0",0,0,0,0,"0","0","0",NA,0,0,0,0,"0","0","0",NA,0,0,0,0,"0","0","0",NA,0,1,0,0,"0","0","0",NA,0,0,0,0,"0","0","0",NA,0,0,0,0,"0","0","0",NA,NA,NA,NA,NA,1,2,3,4,NA,NA,NA,NA,0,1,0,0,1,"EMIG273",2191,273,NA,"Point",2211.467,NA,0.193557101903995,0,1,0,0,"EMIG_273_248","EMIG_271_246",3.33651070793075,"EMIG_292_266",7.61266806171483,"EMIG_685_472",10.7354751184567,"EMIG_275_249",1.07704144341973,NA,42.37409018,-111.5533515,42.37407974,-111.5533135,NA,110.330973690358,42.374065,-111.5532655,NA,111.547776143587,42.37417395,-111.5534166,NA,-29.9514888271669,42.37409327,-111.5533639,NA,-71.4236816524932,0,1,0,0,1,0,0,3
"25","EMIG",275,"ABLA",4.5,27.6,0,0,"0",1,1,1,1,"0","0","BO","BO",NA,NA,0,0,"0","0","0","0",0,0,0,1,"0","0","0",NA,0,0,0,1,"0","0","0",NA,0,0,0,1,"0","0","0",NA,0,0,0,0,"0","0","0",NA,0,0,0,0,"0","0","0",NA,0,0,0,0,"0","0","0",NA,NA,NA,NA,NA,1,2,3,4,NA,NA,NA,NA,0,0,0,1,1,"EMIG275",2193,275,NA,"Point",2211.404,NA,0.192512102192516,0,0,0,1,"EMIG_275_249","EMIG_271_246",4.41317035668106,"EMIG_273_248",1.07704144341973,"EMIG_685_472",9.95406104523853,"EMIG_257_231",4.07921110246366,NA,42.37409327,-111.5533639,42.37407974,-111.5533135,NA,109.902801779445,42.37409018,-111.5533515,NA,108.576309990299,42.37417395,-111.5534166,NA,-25.842334542349,42.37412445,-111.5533377,NA,31.9249684500682,0,0,0,3,1,0,0,3
"26","EMIG",276,"ABLA",1.4,10.9,0,0,"0",1,1,1,1,"0","0","0","0",NA,NA,0,0,"0","0","0","0",0,0,0,0,"0","0","0",NA,0,0,0,0,"0","0","0",NA,0,0,0,0,"0","0","0",NA,0,0,0,0,"0","0","0",NA,0,0,0,0,"0","0","0",NA,0,0,0,0,"0","0","0",NA,NA,NA,NA,NA,1,2,3,4,NA,NA,NA,NA,0,0,0,0,0,"EMIG276",2194,276,NA,"Point",2209.687,NA,0.195069042879877,0,0,0,0,"EMIG_276_250","EMIG_271_246",2.0358727562131,"EMIG_273_248",2.28372740867233,"EMIG_685_472",11.4847520662486,"EMIG_271_246",2.0358727562131,NA,42.37409601,-111.5533249,42.37407974,-111.5533135,NA,152.546514460666,42.37409018,-111.5533515,NA,-106.467115729702,42.37417395,-111.5534166,NA,-41.1008214610573,42.37407974,-111.5533135,NA,152.546514460666,0,0,0,0,1,0,0,3
"27","EMIG",277,"ABLA",3,19.5,5.7,0,"0",1,1,1,1,"0","0","0","0",NA,NA,0,0,"0","0","0","0",0,0,0,0,"0","0","0",NA,0,0,0,0,"0","0","0",NA,0,0,0,0,"0","0","0",NA,0,0,0,0,"0","0","0",NA,0,0,0,0,"0","0","0",NA,0,0,0,0,"0","0","0",NA,NA,NA,NA,NA,1,2,3,4,NA,NA,NA,NA,0,0,0,0,0,"EMIG277",2195,277,NA,"Point",2205.541,NA,0.195355521951976,0,0,0,0,"EMIG_277_251","EMIG_271_246",1.47722316194388,"EMIG_273_248",1.86698890798143,"EMIG_685_472",12.1642449425432,"EMIG_271_246",1.47722316194388,NA,42.3740853,-111.5533298,42.37407974,-111.5533135,NA,114.70399396946,42.37409018,-111.5533515,NA,-73.1278199665037,42.37417395,-111.5534166,NA,-35.9797498246745,42.37407974,-111.5533135,NA,114.70399396946,0,0,0,0,1,0,0,3
"28","EMIG",278,"ABLA",NA,7.1,0,0,"0",1,1,1,1,"0","0","0","0",NA,NA,0,0,"0","0","0","0",0,0,0,0,"0","0","0",NA,0,0,0,0,"0","0","0",NA,0,0,0,0,"0","0","0",NA,0,0,0,0,"0","0","0",NA,0,0,0,0,"0","0","0",NA,0,0,0,0,"0","0","0",NA,NA,NA,NA,NA,1,2,3,4,NA,NA,NA,NA,0,0,0,0,0,"EMIG278",2196,278,NA,"Point",2207.688,NA,0.195884667758136,0,0,0,0,"EMIG_278_252","EMIG_271_246",1.25214403883103,"EMIG_273_248",2.33479936488606,"EMIG_685_472",12.8999778279051,"EMIG_271_246",1.25214403883103,NA,42.37407788,-111.5533285,42.37407974,-111.5533135,NA,80.5060685828133,42.37409018,-111.5533515,NA,-54.1993760478208,42.37417395,-111.5534166,NA,-34.2142572109012,42.37407974,-111.5533135,NA,80.5060685828133,0,0,0,0,1,0,0,3
"29","EMIG",279,"ABLA",1.9,12.1,2.21,0,"0",1,1,1,1,"0","0","0","0",NA,NA,0,0,"0","0","0","0",0,0,0,0,"0","0","0",NA,0,0,0,0,"0","0","0",NA,0,0,0,0,"0","0","0",NA,0,0,0,0,"0","0","0",NA,0,0,0,0,"0","0","0",NA,0,0,0,0,"0","0","0",NA,NA,NA,NA,NA,1,2,3,4,NA,NA,NA,NA,0,0,0,0,0,"EMIG279",2197,279,NA,"Point",2210.986,NA,0.196713796753548,0,0,0,0,"EMIG_279_253","EMIG_271_246",2.1887762810063,"EMIG_273_248",3.49152537062017,"EMIG_685_472",14.224666717677,"EMIG_286_260",1.86361753601472,NA,42.37406362,-111.5533288,42.37407974,-111.5533135,NA,35.136339945339,42.37409018,-111.5533515,NA,-32.3631519780399,42.37417395,-111.5534166,NA,-30.5432694662882,42.3740486,-111.5533389,NA,-153.499290744684,0,0,0,0,1,0,0,3
"30","EMIG",280,"ABLA",2.6,14.7,4.4,1,"0",1,1,1,1,"0","0","0","0",NA,NA,0,0,"0","0","0","0",0,0,0,0,"0","0","0",NA,0,0,0,0,"0","0","0",NA,0,0,0,0,"0","0","0",NA,0,0,0,0,"0","0","0",NA,0,0,0,0,"0","0","0",NA,0,0,0,0,"0","0","0",NA,"1 DB","1 DB","1 DB","1 DB",1,2,3,4,NA,NA,NA,NA,0,0,0,0,0,"EMIG280",2198,280,NA,"Point",2210.097,NA,0.19645250625066,0,0,0,0,"EMIG_280_254","EMIG_271_246",1.93377857918773,"EMIG_273_248",3.13715757534721,"EMIG_685_472",13.8629015358758,"EMIG_271_246",1.93377857918773,NA,42.37406706,-111.5533296,42.37407974,-111.5533135,NA,43.2730901338878,42.37409018,-111.5533515,NA,-35.0823256225946,42.37417395,-111.5534166,NA,-31.1111073963763,42.37407974,-111.5533135,NA,43.2730901338878,0,0,0,0,1,0,0,3
"31","EMIG",281,"ABLA",6.3,26.5,0,0,"0",1,1,1,1,"0","0","0","0",NA,NA,0,0,"0","0","0","0",0,0,0,0,"0","0","0",NA,0,0,0,0,"0","0","0",NA,0,0,0,0,"0","0","0",NA,0,0,0,0,"0","0","0",NA,0,0,0,0,"0","0","0",NA,0,0,0,0,"0","0","0",NA,NA,NA,NA,NA,1,2,3,4,NA,NA,NA,NA,0,0,0,0,0,"EMIG281",2199,281,NA,"Point",2210.052,NA,0.199684903439898,0,0,0,0,"EMIG_281_255","EMIG_292_266",2.61952542513633,"EMIG_292_266",2.61952542513633,"EMIG_685_472",15.6594662651298,"EMIG_292_266",2.61952542513633,NA,42.37408859,-111.5532652,42.374065,-111.5532655,NA,-179.459741985496,42.374065,-111.5532655,NA,-179.459741985496,42.37417395,-111.5534166,NA,-52.7513064939976,42.374065,-111.5532655,NA,-179.459741985496,0,0,0,0,2,1,0,1
"32","EMIG",282,"ABLA",3.8,26,6.2,0,"0",1,1,1,1,"0","0","0","0",NA,NA,0,0,"0","0","0","0",0,0,0,0,"0","0","0",NA,0,0,0,0,"0","0","0",NA,0,0,0,0,"0","0","0",NA,0,0,0,0,"0","0","0",NA,0,0,0,0,"0","0","0",NA,0,0,0,0,"0","0","0",NA,NA,NA,NA,NA,1,2,3,4,NA,NA,NA,NA,0,0,0,0,0,"EMIG282",2200,282,NA,"Point",2211.433,NA,0.199784701869014,0,0,0,0,"EMIG_282_256","EMIG_292_266",1.98387466104725,"EMIG_292_266",1.98387466104725,"EMIG_477_300",16.2418887366088,"EMIG_292_266",1.98387466104725,NA,42.37405922,-111.5532883,42.374065,-111.5532655,NA,71.1246068904219,42.374065,-111.5532655,NA,71.1246068904219,42.37392036,-111.5532263,NA,161.682081784179,42.374065,-111.5532655,NA,71.1246068904219,0,0,0,0,2,1,0,1
"33","EMIG",283,"ABLA",2.9,19.8,5.4,0,"0",1,1,1,1,"0","0","0","0",NA,NA,0,0,"0","0","0","0",0,0,0,0,"0","0","0",NA,0,0,0,0,"0","0","0",NA,0,0,0,0,"0","0","0",NA,0,0,0,0,"0","0","0",NA,0,0,0,0,"0","0","0",NA,0,0,0,0,"0","0","0",NA,NA,NA,NA,NA,1,2,3,4,NA,NA,NA,NA,0,0,0,0,0,"EMIG283",2201,283,NA,"Point",2210.844,NA,0.199212690579439,0,0,0,0,"EMIG_283_257","EMIG_271_246",2.84222762463948,"EMIG_292_266",2.89671749299705,"EMIG_685_472",16.2455129742226,"EMIG_294_268",2.77391983047779,NA,42.37405658,-111.5532988,42.37407974,-111.5533135,NA,-25.2029404778297,42.374065,-111.5532655,NA,71.1699958497015,42.37417395,-111.5534166,NA,-36.6563506712568,42.37404399,-111.5532697,NA,120.263185842015,0,0,0,0,1,0,0,3
"34","EMIG",284,"ABLA",NA,0.9,0,2,"0",1,1,1,1,"0","0","0","0",NA,NA,0,0,"0","0","0","0",0,0,0,0,"0","0","0",NA,0,0,0,0,"0","0","0",NA,0,0,0,0,"0","0","0",NA,0,0,0,0,"0","0","0",NA,0,0,0,0,"0","0","0",NA,0,0,0,0,"0","0","0",NA,"5 Dead, 2 DB","5 Dead, 2 DB","5 Dead, 2 DB","5 Dead, 2 DB",1,2,3,4,NA,NA,NA,NA,0,0,0,0,0,"EMIG284",2202,284,NA,"Point",2211.337,NA,0.199384909838121,0,0,0,0,"EMIG_284_258","EMIG_292_266",3.00260503900297,"EMIG_292_266",3.00260503900297,"EMIG_477_300",15.9721626892938,"EMIG_294_268",2.62485723830931,NA,42.37405381,-111.5532987,42.374065,-111.5532655,NA,65.5552142135498,42.374065,-111.5532655,NA,65.5552142135498,42.37392036,-111.5532263,NA,158.08648478735,42.37404399,-111.5532697,NA,114.545383389269,0,0,0,0,2,1,0,1
"35","EMIG",285,"ABLA",1,7.6,2.7,0,"0",1,1,1,1,"0","0","0","0",NA,NA,0,0,"0","0","1","1",0,0,0,0,"0","0","0",NA,0,0,0,0,"0","0","0",NA,0,0,0,0,"0","0","0",NA,0,0,0,0,"0","0","0",NA,0,0,0,0,"0","0","0",NA,0,0,0,0,"0","0","0",NA,NA,NA,"beetle","beetle",1,2,3,4,NA,NA,NA,NA,0,0,0,0,0,"EMIG285",2203,285,NA,"Point",2210.544,NA,0.198620257281014,0,0,0,0,"EMIG_285_259","EMIG_271_246",2.46583054892832,"EMIG_292_266",3.40940559235821,"EMIG_685_472",15.7509271572865,"EMIG_271_246",2.46583054892832,NA,42.37405826,-111.5533059,42.37407974,-111.5533135,NA,-14.7001430977129,42.374065,-111.5532655,NA,77.3196638990311,42.37417395,-111.5534166,NA,-35.3554887621455,42.37407974,-111.5533135,NA,-14.7001430977129,0,0,0,0,1,0,0,3
"36","EMIG",286,"ABLA",1.9,12.3,0,0,"0",1,1,1,1,"0","0","0","BO",NA,NA,0,0,"0","0","0","0",0,0,0,1,"0","0","0",NA,0,0,0,0,"0","0","0",NA,0,0,0,0,"0","0","0",NA,0,0,0,1,"0","0","0",NA,0,0,0,0,"0","0","0",NA,0,0,0,0,"0","0","0",NA,NA,NA,NA,NA,1,2,3,4,NA,NA,NA,NA,0,0,0,1,1,"EMIG286",2204,286,NA,"Point",2211.367,NA,0.196923714353902,0,0,0,1,"EMIG_286_260","EMIG_271_246",4.04096635276525,"EMIG_273_248",4.73211107216864,"EMIG_685_472",15.3184893511225,"EMIG_295_269",3.45826982641608,NA,42.3740486,-111.5533389,42.37407974,-111.5533135,NA,31.165626724689,42.37409018,-111.5533515,NA,-12.6634845545943,42.37417395,-111.5534166,NA,-24.684210679973,42.3740215,-111.5533182,NA,150.474125563668,0,0,0,2,1,0,0,3
"37","EMIG",287,"ABLA",1.4,8.9,0,0,"0",1,1,1,1,"0","0","0","0",NA,NA,0,0,"0","0","0","0",0,0,0,0,"0","0","0",NA,0,0,0,0,"0","0","0",NA,0,0,0,0,"0","0","0",NA,0,0,0,0,"0","0","0",NA,0,0,0,0,"0","0","0",NA,0,0,0,0,"0","0","0",NA,NA,NA,NA,NA,1,2,3,4,NA,NA,NA,NA,0,0,0,0,0,"EMIG287",2205,287,NA,"Point",2212.563,NA,0.198325611720575,0,0,0,0,"EMIG_287_261","EMIG_271_246",3.94304749555982,"EMIG_292_266",5.15788416885624,"EMIG_477_300",15.9003254953874,"EMIG_286_260",1.46252092461633,NA,42.37404478,-111.5533219,42.37407974,-111.5533135,NA,10.1017274604845,42.374065,-111.5532655,NA,64.195834109671,42.37392036,-111.5532263,NA,150.32865670969,42.3740486,-111.5533389,NA,-73.140493148995,0,0,0,0,1,0,0,3
"38","EMIG",288,"ABLA",1.6,10,0,0,"0",1,1,1,1,"0","0","0","0",NA,NA,0,0,"0","0","1","1",0,0,0,0,"0","0","0",NA,0,0,0,0,"0","0","0",NA,0,0,0,0,"0","0","0",NA,0,0,0,0,"0","0","0",NA,0,0,0,0,"0","0","0",NA,0,0,0,0,"0","0","0",NA,NA,NA,"beetle","beetle",1,2,3,4,NA,NA,NA,NA,0,0,0,0,0,"EMIG288",2206,288,NA,"Point",2212.857,NA,0.200507663937056,0,0,0,0,"EMIG_288_262","EMIG_454_276",5.52747912511232,"EMIG_292_266",5.53710741684544,"EMIG_477_300",13.4580256819408,"EMIG_295_269",1.03637639063176,NA,42.37402576,-111.553307,42.37401705,-111.5533731,NA,-100.07695615377,42.374065,-111.5532655,NA,38.1029227237218,42.37392036,-111.5532263,NA,150.415669270961,42.3740215,-111.5533182,NA,-117.1565218878,0,0,0,0,1,0,0,0
"39","EMIG",289,"ABLA",1.3,8.5,0,0,"0",1,1,1,1,"0","0","0","0",NA,NA,0,0,"0","0","0","1",0,0,0,0,"0","0","0",NA,0,0,0,0,"0","0","0",NA,0,0,0,0,"0","0","0",NA,0,0,0,0,"0","0","0",NA,0,0,0,0,"0","0","0",NA,0,0,0,0,"0","0","0",NA,NA,NA,NA,"beetle",1,2,3,4,NA,NA,NA,NA,0,0,0,0,0,"EMIG289",2207,289,NA,"Point",2208.746,NA,0.198752552621072,0,0,0,0,"EMIG_289_263","EMIG_271_246",4.29500345756466,"EMIG_292_266",5.11922003197864,"EMIG_477_300",15.4343977010823,"EMIG_286_260",1.84470473869093,NA,42.37404126,-111.5533188,42.37407974,-111.5533135,NA,5.83120609891502,42.374065,-111.5532655,NA,59.0068814572797,42.37392036,-111.5532263,NA,150.433648390633,42.3740486,-111.5533389,NA,-63.7799833667066,0,0,0,0,1,0,0,3
"40","EMIG",290,"ABLA",2.4,15,0,0,"0",1,1,1,1,"0","0","0","0",NA,NA,0,0,"0","0","0","0",0,0,0,0,"0","0","0",NA,0,0,0,0,"0","0","0",NA,0,0,0,0,"0","0","0",NA,0,0,0,0,"0","0","0",NA,0,0,0,0,"0","0","0",NA,0,0,0,0,"0","0","0",NA,NA,NA,NA,NA,1,2,3,4,NA,NA,NA,NA,0,0,0,0,0,"EMIG290",2208,290,NA,"Point",2211.012,NA,0.199382402795703,0,0,0,0,"EMIG_290_264","EMIG_292_266",3.02635138507523,"EMIG_292_266",3.02635138507523,"EMIG_477_300",15.9587518439445,"EMIG_294_268",2.63120039911904,NA,42.37405362,-111.5532989,42.374065,-111.5532655,NA,65.3206025154022,42.374065,-111.5532655,NA,65.3206025154022,42.37392036,-111.5532263,NA,158.003368593501,42.37404399,-111.5532697,NA,113.978528015048,0,0,0,0,2,1,0,1
"41","EMIG",291,"ABLA",1.2,8.6,0,0,"0",1,1,NA,NA,"0","0",NA,NA,NA,NA,NA,NA,"0","0",NA,NA,0,0,NA,NA,"0","0",NA,NA,0,0,NA,NA,"0","0",NA,NA,0,0,NA,NA,"0","0",NA,NA,0,0,NA,NA,"0","0",NA,NA,0,0,NA,NA,"0","0",NA,NA,0,0,NA,NA,"0","0",NA,NA,NA,NA,NA,NA,1,2,NA,NA,NA,NA,NA,NA,0,0,NA,NA,NA,"EMIG291",2209,291,NA,"Point",2209.109,NA,0.199332929679184,0,0,NA,NA,"EMIG_291_265","EMIG_292_266",2.86411426482174,"EMIG_292_266",2.86411426482174,"EMIG_477_300",16.133580785918,"EMIG_294_268",2.656220490554,NA,42.37405561,-111.5532979,42.374065,-111.5532655,NA,68.6513962972867,42.374065,-111.5532655,NA,68.6513962972867,42.37392036,-111.5532263,NA,158.568408272712,42.37404399,-111.5532697,NA,119.06194725797,0,0,NA,NA,2,1,0,1
"42","EMIG",292,"ABLA",2.7,17.1,0,1,"0",1,1,1,1,"BO","BO","BO","BO",NA,NA,0,0,"0","0","0","1",1,1,0,0,"0","0","0",NA,1,0,0,0,"0","0","0",NA,0,0,0,0,"0","0","0",NA,0,0,0,0,"0","0","0",NA,0,0,0,1,"0","0","0",NA,0,0,0,0,"0","0","0",NA,"1 DB, Obstructed Low, WOB","1 DB, Obstructed Low, WOB","1 DB, Obstructed Low, WOB","1 DB, Obstructed Low, WOB",1,2,3,4,NA,NA,NA,NA,1,1,0,1,0,"EMIG292",2210,292,NA,"Point",2210.291,NA,0.201032620499549,1,1,0,1,"EMIG_292_266","EMIG_271_246",4.27749658711525,"EMIG_273_248",7.61266806171483,"EMIG_477_300",16.3817496275,"EMIG_294_268",2.3584171978357,NA,42.374065,-111.5532655,42.37407974,-111.5533135,NA,-67.5030699072036,42.37409018,-111.5533515,NA,-68.4521658951461,42.37392036,-111.5532263,NA,168.637514993854,42.37404399,-111.5532697,NA,-171.568720857655,2,1,0,1,1,0,0,3
"43","EMIG",293,"ABLA",2.2,13.9,0,0,"0",1,1,1,1,"0","0","0","0",NA,NA,0,0,"0","0","0","0",0,0,0,0,"0","0","0",NA,0,0,0,0,"0","0","0",NA,0,0,0,0,"0","0","0",NA,0,0,0,0,"0","0","0",NA,0,0,0,0,"0","0","0",NA,0,0,0,0,"0","0","0",NA,NA,NA,NA,NA,1,2,3,4,NA,NA,NA,NA,0,0,0,0,0,"EMIG293",2212,293,NA,"Point",2212.324,NA,0.20244446357595,0,0,0,0,"EMIG_293_267","EMIG_292_266",1.85639688551276,"EMIG_292_266",1.85639688551276,"EMIG_477_300",14.5375556968256,"EMIG_294_268",1.06637552915098,NA,42.37404906,-111.5532587,42.374065,-111.5532655,NA,-17.5529045071926,42.374065,-111.5532655,NA,-17.5529045071926,42.37392036,-111.5532263,NA,169.426503751301,42.37404399,-111.5532697,NA,-121.865434734015,0,0,0,0,2,1,0,1
"44","EMIG",294,"ABLA",4.6,25,0,0,"0",1,1,1,1,"0","0","0","BO",NA,NA,0,0,"0","0","0","0",0,0,0,1,"0","0","0",NA,0,0,0,1,"0","0","0",NA,0,0,0,0,"0","0","0",NA,0,0,0,0,"0","0","0",NA,0,0,0,1,"0","0","0",NA,0,0,0,0,"0","0","0",NA,NA,NA,NA,NA,1,2,3,4,NA,NA,NA,NA,0,0,0,1,1,"EMIG294",2213,294,NA,"Point",2212.211,NA,0.201981145102137,0,0,0,1,"EMIG_294_268","EMIG_292_266",2.3584171978357,"EMIG_292_266",2.3584171978357,"EMIG_477_300",14.1851735044719,"EMIG_292_266",2.3584171978357,NA,42.37404399,-111.5532697,42.374065,-111.5532655,NA,8.4312763116797,42.374065,-111.5532655,NA,8.4312763116797,42.37392036,-111.5532263,NA,165.409978165738,42.374065,-111.5532655,NA,8.4312763116797,0,0,0,3,2,1,0,1
"45","EMIG",295,"ABLA",NA,5.8,0,0,"0",1,1,1,1,"0","0","0","BO",NA,NA,0,0,"0","0","0","0",0,0,0,1,"0","0","0",NA,0,0,0,1,"0","0","0",NA,0,0,0,0,"0","0","0",NA,0,0,0,1,"0","0","0",NA,0,0,0,0,"0","0","0",NA,0,0,0,0,"0","0","0",NA,NA,NA,NA,NA,1,2,3,4,NA,NA,NA,NA,0,0,0,1,1,"EMIG295",2214,295,NA,"Point",2211.002,NA,0.200001536538162,0,0,0,1,"EMIG_295_269","EMIG_454_276",4.5470085478573,"EMIG_456_278",5.59283978211823,"EMIG_477_300",13.5415725296563,"EMIG_297_271",2.86960872907985,NA,42.3740215,-111.5533182,42.37401705,-111.5533731,NA,-96.2386332263776,42.3739948,-111.5533758,NA,-122.011899238349,42.37392036,-111.5532263,NA,146.030302715233,42.37400008,-111.5532987,NA,145.980037811099,0,0,0,3,1,0,0,0
"46","EMIG",296,"ABLA",NA,4.8,0,0,"0",1,1,1,1,"0","0","0","0",NA,NA,0,0,"0","0","0","0",0,0,0,0,"0","0","0",NA,0,0,0,0,"0","0","0",NA,0,0,0,0,"0","0","0",NA,0,0,0,0,"0","0","0",NA,0,0,0,0,"0","0","0",NA,0,0,0,0,"0","0","0",NA,NA,NA,NA,NA,1,2,3,4,NA,NA,NA,NA,0,0,0,0,0,"EMIG296",2215,296,NA,"Point",2210.108,NA,0.202701097181976,0,0,0,0,"EMIG_296_270","EMIG_454_276",6.68105401147325,"EMIG_456_278",6.86170641756686,"EMIG_477_300",10.9092030324932,"EMIG_297_271",0.688156243111347,NA,42.37400499,-111.5532936,42.37401705,-111.5533731,NA,-78.4374638720352,42.3739948,-111.5533758,NA,-99.491326236516,42.37392036,-111.5532263,NA,149.474522455463,42.37400008,-111.5532987,NA,-142.397570060704,0,0,0,0,1,0,0,0
"47","EMIG",297,"ABLA",2.2,13,0,0,"0",1,1,1,1,"0","0","0","0",NA,NA,0,0,"0","0","0","0",0,0,0,0,"0","0","0",NA,0,0,0,0,"0","0","0",NA,0,0,0,0,"0","0","0",NA,0,0,0,1,"0","0","0",NA,0,0,0,0,"0","0","0",NA,0,0,0,0,"0","0","0",NA,NA,NA,NA,NA,1,2,3,4,NA,NA,NA,NA,0,0,0,1,1,"EMIG297",2216,297,NA,"Point",2210.493,NA,0.202656906599569,0,0,0,1,"EMIG_297_271","EMIG_456_278",6.37489197528503,"EMIG_456_278",6.37489197528503,"EMIG_477_300",10.671965201765,"EMIG_295_269",2.86960872907985,NA,42.37400008,-111.5532987,42.3739948,-111.5533758,NA,-95.2768054249226,42.3739948,-111.5533758,NA,-95.2768054249226,42.37392036,-111.5532263,NA,146.043831698001,42.3740215,-111.5533182,NA,-34.0199490465373,0,0,0,1,2,2,0,4
"48","EMIG",298,"ABLA",2.4,13.5,0,0,"0",1,1,1,1,"0","0","0","0",NA,NA,0,0,"0","0","0","0",0,0,0,0,"0","0","0",NA,0,0,0,0,"0","0","0",NA,0,0,0,0,"0","0","0",NA,0,0,0,0,"0","0","0",NA,0,0,0,0,"0","0","0",NA,0,0,0,0,"0","0","0",NA,NA,NA,NA,NA,1,2,3,4,NA,NA,NA,NA,0,0,0,0,0,"EMIG298",2217,298,NA,"Point",2211.361,NA,0.202450213351382,0,0,0,0,"EMIG_298_272","EMIG_456_278",5.42605825644952,"EMIG_456_278",5.42605825644952,"EMIG_477_300",10.4431153432156,"EMIG_297_271",1.38075134105786,NA,42.37399096,-111.5533101,42.3739948,-111.5533758,NA,-85.4929239275314,42.3739948,-111.5533758,NA,-85.4929239275314,42.37392036,-111.5532263,NA,138.64855952587,42.37400008,-111.5532987,NA,42.8258378555471,0,0,0,0,2,2,0,4
"49","EMIG",451,"ABLA",3.3,17.8,0,1,"0",1,1,1,1,"0","0","0","0",NA,NA,0,0,"0","0","0","0",0,0,0,0,"0","0","0",NA,0,0,0,0,"0","0","0",NA,0,0,0,0,"0","0","0",NA,0,0,0,0,"0","0","0",NA,0,0,0,0,"0","0","0",NA,0,0,0,0,"0","0","0",NA,"WOB","WOB","WOB","WOB",1,2,3,4,NA,NA,NA,NA,0,0,0,0,0,"EMIG451",2219,451,NA,"Point",2211.446,NA,0.201561164253358,0,0,0,0,"EMIG_451_273","EMIG_459_281",3.89098118141614,"EMIG_456_278",4.00197377867192,"EMIG_477_300",11.0715202150708,"EMIG_453_275",0.52318219878856,NA,42.37398455,-111.5533292,42.37397591,-111.553375,NA,-104.274275132206,42.3739948,-111.5533758,NA,-73.4771772334681,42.37392036,-111.5532263,NA,130.074008820322,42.37398587,-111.5533353,NA,-73.7306205095285,0,0,0,0,1,0,0,0
"50","EMIG",452,"ABLA",NA,9.2,0,0,"0",1,1,1,1,"0","0","0","0",NA,NA,0,0,"0","0","0","0",0,0,0,0,"0","0","0",NA,0,0,0,0,"0","0","0",NA,0,0,0,0,"0","0","0",NA,0,0,0,0,"0","0","0",NA,0,0,0,0,"0","0","0",NA,0,0,0,0,"0","0","0",NA,NA,NA,NA,NA,1,2,3,4,NA,NA,NA,NA,0,0,0,0,0,"EMIG452",2220,452,NA,"Point",2211.963,NA,0.201922299446909,0,0,0,0,"EMIG_452_274","EMIG_459_281",3.65047839387106,"EMIG_456_278",4.19248262401192,"EMIG_477_300",10.6684815354182,"EMIG_453_275",1.02729682201307,NA,42.37397727,-111.5533307,42.37397591,-111.553375,NA,-92.3708732222631,42.3739948,-111.5533758,NA,-62.3359325369098,42.37392036,-111.5532263,NA,126.322259776125,42.37398587,-111.5533353,NA,-21.633519572305,0,0,0,0,1,0,0,0
"51","EMIG",453,"ABLA",4.2,24.2,0,0,"0",1,1,1,1,"0","0","0","BO",NA,NA,0,0,"0","0","0","0",0,0,0,0,"0","0","0",NA,0,0,0,0,"0","0","0",NA,0,0,0,0,"0","0","0",NA,0,0,0,0,"0","0","0",NA,0,0,0,1,"0","0","0",NA,0,0,0,0,"0","0","0",NA,NA,NA,NA,NA,1,2,3,4,NA,NA,NA,NA,0,0,0,1,1,"EMIG453",2221,453,NA,"Point",2212.016,NA,0.2010657633297,0,0,0,1,"EMIG_453_275","EMIG_459_281",3.45065302044741,"EMIG_456_278",3.47879746810466,"EMIG_477_300",11.5521239300477,"EMIG_297_271",3.40149417503367,NA,42.37398587,-111.5533353,42.37397591,-111.553375,NA,-108.693392251369,42.3739948,-111.5533758,NA,-73.4390657012647,42.37392036,-111.5532263,NA,129.026611437614,42.37400008,-111.5532987,NA,62.3626361484184,0,0,0,1,1,0,0,0
"52","EMIG",454,"ABLA",5.5,34.1,0,4,"0",1,1,1,1,"BO","0","BO","0",NA,NA,0,0,"0","0","0","0",0,0,0,0,"0","0","0",NA,0,0,0,0,"0","0","0",NA,1,0,0,0,"0","0","0",NA,0,0,0,0,"0","0","0",NA,0,0,0,0,"0","0","0",NA,0,0,0,0,"0","0","0",NA,"2 DB","2 DB","2 DB","2 DB",1,2,3,4,NA,NA,NA,NA,1,0,0,0,0,"EMIG454",2222,454,NA,"Point",2212.78,NA,0.19654084141206,1,0,0,0,"EMIG_454_276","EMIG_456_278",2.48059753019147,"EMIG_456_278",2.48059753019147,"EMIG_477_300",16.1664040412111,"EMIG_456_278",2.48059753019147,NA,42.37401705,-111.5533731,42.3739948,-111.5533758,NA,-174.858532359063,42.3739948,-111.5533758,NA,-174.858532359063,42.37392036,-111.5532263,NA,131.614440983152,42.3739948,-111.5533758,NA,-174.858532359063,1,0,0,0,2,2,0,4
"53","EMIG",455,"ABLA",NA,2.6,0,0,"0",1,1,1,1,"0","0","0","0",NA,NA,0,0,"0","0","0","0",0,0,0,0,"0","0","0",NA,0,0,0,0,"0","0","0",NA,0,0,0,0,"0","0","0",NA,0,0,0,0,"0","0","0",NA,0,0,0,0,"0","0","0",NA,0,0,0,0,"0","0","0",NA,"Cut top, Rot in area","Cut top, Rot in area","Cut top, Rot in area","Cut top, Rot in area",1,2,3,4,NA,NA,NA,NA,0,0,0,0,0,"EMIG455",5327,455,NA,"Point",2214.7,-16.993,0.198345446983366,0,0,0,0,"EMIG_455_277","EMIG_456_278",0.608263313001729,"EMIG_456_278",0.608263313001729,"EMIG_477_300",14.2562206876011,"EMIG_456_278",0.608263313001729,NA,42.37399038,-111.553371435833,42.3739948,-111.5533758,NA,-36.2083181794059,42.3739948,-111.5533758,NA,-36.2083181794059,42.37392036,-111.5532263,NA,123.050058633326,42.3739948,-111.5533758,NA,-36.2083181794059,0,0,0,0,2,2,0,4
"54","EMIG",456,"ABLA",3.8,14.9,0,0,"0",1,1,1,1,"BO","BO","BO","BO",NA,NA,0,0,"0","0","0","0",0,0,0,1,"0","0","0",NA,0,1,0,1,"0","0","0",NA,1,0,0,0,"0","0","0",NA,0,1,0,1,"0","0","0",NA,1,0,0,1,"0","0","0",NA,0,0,0,0,"0","0","0",NA,NA,NA,NA,NA,1,2,3,4,NA,NA,NA,NA,1,1,0,1,0,"EMIG456",2223,456,NA,"Point",2212.186,NA,0.197769502344962,1,1,0,1,"EMIG_456_278","EMIG_459_281",2.09855978085309,"EMIG_273_248",10.7782110887814,"EMIG_477_300",14.8266256447493,"EMIG_639_428",2.15677674374591,NA,42.3739948,-111.5533758,42.37397591,-111.553375,NA,178.201391095263,42.37409018,-111.5533515,NA,10.6974854793689,42.37392036,-111.5532263,NA,123.882547077922,42.37397667,-111.5533852,NA,-158.971232120527,2,2,0,4,1,0,0,0
"55","EMIG",457,"ABLA",2.3,13.5,0,1,"0",1,1,1,1,"0","0","0","0",NA,NA,0,0,"0","0","0","0",0,0,0,0,"0","0","0",NA,0,0,0,0,"0","0","0",NA,0,0,0,0,"0","0","0",NA,0,0,0,0,"0","0","0",NA,0,0,0,0,"0","0","0",NA,0,0,0,0,"0","0","0",NA,"1 DB","1 DB","1 DB","1 DB",1,2,3,4,NA,NA,NA,NA,0,0,0,0,0,"EMIG457",2224,457,NA,"Point",2211.083,NA,0.198056859030303,0,0,0,0,"EMIG_457_279","EMIG_456_278",0.775407269124408,"EMIG_456_278",0.775407269124408,"EMIG_477_300",14.5748128074077,"EMIG_456_278",0.775407269124408,NA,42.37398801,-111.553378,42.3739948,-111.5533758,NA,13.5089211665957,42.3739948,-111.5533758,NA,13.5089211665957,42.37392036,-111.5532263,NA,121.023808028565,42.3739948,-111.5533758,NA,13.5089211665957,0,0,0,0,2,2,0,4
"56","EMIG",458,"ABLA",1.4,10.3,0,0,"0",1,1,1,1,"0","0","0","0",NA,NA,0,0,"0","0","0","0",0,0,0,0,"0","0","0",NA,0,0,0,0,"0","0","0",NA,0,0,0,0,"0","0","0",NA,0,0,0,0,"0","0","0",NA,0,0,0,0,"0","0","0",NA,0,0,0,0,"0","0","0",NA,NA,NA,NA,NA,1,2,3,4,NA,NA,NA,NA,0,0,0,0,0,"EMIG458",2225,458,NA,"Point",2209.666,NA,0.197496492776518,0,0,0,0,"EMIG_458_280","EMIG_456_278",1.41914903912632,"EMIG_456_278",1.41914903912632,"EMIG_477_300",15.199497889424,"EMIG_639_428",1.06697048295762,NA,42.373986,-111.5533883,42.3739948,-111.5533758,NA,46.4852403029409,42.3739948,-111.5533758,NA,46.4852403029409,42.37392036,-111.5532263,NA,118.654576987226,42.37397667,-111.5533852,NA,166.159948466765,0,0,0,0,2,2,0,4
"57","EMIG",459,"ABLA",1.1,9.5,0,0,"0",1,1,1,1,"BO","0","0","0",NA,NA,0,0,"0","0","0","0",0,0,0,0,"0","0","0",NA,0,0,0,0,"0","0","0",NA,0,0,0,0,"0","0","0",NA,1,0,0,0,"0","0","0",NA,0,0,0,0,"0","0","0",NA,0,0,0,0,"0","0","0",NA,NA,NA,NA,NA,1,2,3,4,NA,NA,NA,NA,1,0,0,0,0,"EMIG459",2226,459,NA,"Point",2211.25,NA,0.199037598837481,1,0,0,0,"EMIG_459_281","EMIG_456_278",2.09855978085309,"EMIG_456_278",2.09855978085309,"EMIG_477_300",13.7089805409043,"EMIG_461_283",0.724321244364616,NA,42.37397591,-111.553375,42.3739948,-111.5533758,NA,-1.79860836556368,42.3739948,-111.5533758,NA,-1.79860836556368,42.37392036,-111.5532263,NA,116.739761857251,42.37396947,-111.5533764,NA,-170.84319551468,1,0,0,0,2,2,0,4
"58","EMIG",460,"ABLA",NA,5.8,0,0,"0",1,1,1,1,"0","0","0","0",NA,NA,0,0,"0","0","0","0",0,0,0,0,"0","0","0",NA,0,0,0,0,"0","0","0",NA,0,0,0,0,"0","0","0",NA,0,0,0,0,"0","0","0",NA,0,0,0,0,"0","0","0",NA,0,0,0,0,"0","0","0",NA,NA,NA,NA,NA,1,2,3,4,NA,NA,NA,NA,0,0,0,0,0,"EMIG460",2228,460,NA,"Point",2212.213,NA,0.19692014122261,0,0,0,0,"EMIG_460_282","EMIG_456_278",1.96635834606308,"EMIG_456_278",1.96635834606308,"EMIG_477_300",15.8216618478268,"EMIG_640_429",0.707258806508438,NA,42.37398623,-111.5533967,42.3739948,-111.5533758,NA,61.0567993438105,42.3739948,-111.5533758,NA,61.0567993438105,42.37392036,-111.5532263,NA,117.534672976747,42.37399056,-111.553403,NA,-47.1715240826825,0,0,0,0,2,2,0,4
"59","EMIG",461,"ABLA",1.3,9.7,0,1,"0",1,1,1,1,"0","0","0","BO",NA,NA,0,0,"0","0","0","0",0,0,0,1,"0","0","0",NA,0,0,0,0,"0","0","0",NA,0,0,0,0,"0","0","0",NA,0,0,0,0,"0","0","0",NA,0,0,0,0,"0","0","0",NA,0,0,0,0,"0","0","0",NA,"1 DB","1 DB","1 DB","1 DB",1,2,3,4,NA,NA,NA,NA,0,0,0,1,1,"EMIG461",2229,461,NA,"Point",2211.438,NA,0.199361605953139,0,0,0,1,"EMIG_461_283","EMIG_459_281",0.724321244364616,"EMIG_456_278",2.81305052743937,"EMIG_477_300",13.5078322310283,"EMIG_639_428",1.07894108172629,NA,42.37396947,-111.5533764,42.37397591,-111.553375,NA,9.15680354176655,42.3739948,-111.5533758,NA,1.00621939919296,42.37392036,-111.5532263,NA,113.809689210448,42.37397667,-111.5533852,NA,-42.1845023851685,0,0,0,1,1,0,0,0
"60","EMIG",462,"ABLA",1.2,8.4,0,0,"0",1,1,1,1,"0","0","0","0",NA,NA,0,0,"0","0","0","0",0,0,0,0,"0","0","0",NA,0,0,0,0,"0","0","0",NA,0,0,0,0,"0","0","0",NA,0,0,0,0,"0","0","0",NA,0,0,0,0,"0","0","0",NA,0,0,0,0,"0","0","0",NA,NA,NA,NA,NA,1,2,3,4,NA,NA,NA,NA,0,0,0,0,0,"EMIG462",2230,462,NA,"Point",2210.981,NA,0.199280236045107,0,0,0,0,"EMIG_462_284","EMIG_459_281",0.972787659284409,"EMIG_456_278",3.0173953772108,"EMIG_477_300",13.6518680617856,"EMIG_461_283",0.305753429260566,NA,42.37396775,-111.5533793,42.37397591,-111.553375,NA,21.3420923397184,42.3739948,-111.5533758,NA,5.48018030814122,42.37392036,-111.5532263,NA,112.671734895681,42.37396947,-111.5533764,NA,51.3439465068507,0,0,0,0,1,0,0,0
"61","EMIG",463,"ABLA",1,7.3,0,0,"0",1,1,1,1,"0","0","0","BO",NA,NA,0,0,"0","0","0","0",0,0,0,1,"0","0","0",NA,0,0,0,0,"0","0","0",NA,0,0,0,0,"0","0","0",NA,0,0,0,0,"0","0","0",NA,0,0,0,0,"0","0","0",NA,0,0,0,0,"0","0","0",NA,NA,NA,NA,NA,1,2,3,4,NA,NA,NA,NA,0,0,0,1,1,"EMIG463",2231,463,NA,"Point",2212.828,NA,0.199927898479245,0,0,0,1,"EMIG_463_285","EMIG_459_281",2.7711906618596,"EMIG_456_278",4.8036800933976,"EMIG_477_300",13.5326553498233,"EMIG_635_424",1.37068172896333,NA,42.37395208,-111.553385,42.37397591,-111.553375,NA,17.2837138359714,42.3739948,-111.5533758,NA,9.07249549726151,42.37392036,-111.5532263,NA,105.08608012459,42.37394095,-111.5533922,NA,-154.374682338573,0,0,0,1,1,0,0,0
"62","EMIG",464,"ABLA",1.2,7.9,0,0,"0",1,1,1,1,"0","0","0","BO",NA,NA,0,0,"0","0","0","0",0,0,0,0,"0","0","0",NA,0,0,0,1,"0","0","0",NA,0,0,0,0,"0","0","0",NA,0,0,0,0,"0","0","0",NA,0,0,0,0,"0","0","0",NA,0,0,0,0,"0","0","0",NA,NA,NA,NA,NA,1,2,3,4,NA,NA,NA,NA,0,0,0,1,1,"EMIG464",NA,464,NA,"Point",2212.559,NA,0.201029213933056,0,0,0,1,"EMIG_464_286","EMIG_459_281",4.26332597157524,"EMIG_456_278",6.3399397939678,"EMIG_477_300",13.0074035988212,"EMIG_635_424",0.866607542537104,NA,42.37393792,-111.5533825,42.37397591,-111.553375,NA,8.32798207556807,42.3739948,-111.5533758,NA,4.99155442050025,42.37392036,-111.5532263,NA,98.621231307258,42.37394095,-111.5533922,NA,-67.1552294359849,0,0,0,1,1,0,0,0
"63","EMIG",465,"ABLA",1.2,8.5,0,0,"0",1,1,1,1,"0","0","0","BO",NA,NA,0,0,"0","0","0","0",0,0,0,0,"0","0","0",NA,0,0,0,1,"0","0","0",NA,0,0,0,0,"0","0","0",NA,0,0,0,0,"0","0","0",NA,0,0,0,0,"0","0","0",NA,0,0,0,0,"0","0","0",NA,NA,NA,NA,NA,1,2,3,4,NA,NA,NA,NA,0,0,0,1,1,"EMIG465",2232,465,NA,"Point",2212.559,NA,0.201029213933056,0,0,0,1,"EMIG_465_287","EMIG_459_281",4.26332597157524,"EMIG_456_278",6.3399397939678,"EMIG_477_300",13.0074035988212,"EMIG_635_424",0.866607542537104,NA,42.37393792,-111.5533825,42.37397591,-111.553375,NA,8.32798207556807,42.3739948,-111.5533758,NA,4.99155442050025,42.37392036,-111.5532263,NA,98.621231307258,42.37394095,-111.5533922,NA,-67.1552294359849,0,0,0,1,1,0,0,0
"64","EMIG",466,"ABLA",NA,5.3,0,2,"0",1,1,1,1,"0","0","0","0",NA,NA,0,0,"0","0","0","0",0,0,0,0,"0","0","0",NA,0,0,0,0,"0","0","0",NA,0,0,0,0,"0","0","0",NA,0,0,0,0,"0","0","0",NA,0,0,0,0,"0","0","0",NA,0,0,0,0,"0","0","0",NA,"WOB","WOB","WOB","WOB",1,2,3,4,NA,NA,NA,NA,0,0,0,0,0,"EMIG466",2233,466,NA,"Point",2212.295,NA,0.201001160809064,0,0,0,0,"EMIG_466_288","EMIG_459_281",4.33847828555342,"EMIG_456_278",6.4106123072778,"EMIG_477_300",13.0795333546997,"EMIG_464_286",0.10384912320124,NA,42.37393735,-111.5533835,42.37397591,-111.553375,NA,9.28281949034026,42.3739948,-111.5533758,NA,5.67542370527406,42.37392036,-111.5532263,NA,98.2930414045587,42.37393792,-111.5533825,NA,52.4493106991714,0,0,0,0,1,0,0,0
"65","EMIG",467,"ABLA",5.6,33.4,0,1,"0",1,1,1,1,"BO","0","0","BO",NA,NA,0,0,NA,NA,NA,NA,0,0,0,0,"0","0","0",NA,0,0,0,1,"0","0","0",NA,0,0,0,0,"0","0","0",NA,0,0,0,1,"0","0","0",NA,1,0,0,1,NA,"0","0",NA,0,0,0,0,"0","0","0",NA,NA,NA,NA,NA,1,2,3,4,NA,NA,NA,NA,1,0,0,1,0,"EMIG467",2234,467,NA,"Point",2208.628,NA,0.209039327599719,1,0,0,1,"EMIG_467_289","EMIG_470_293",2.77133442199574,"EMIG_476_299",3.25259007046927,"EMIG_477_300",3.64263118226694,"EMIG_473_296",1.23287439716892,NA,42.37394494,-111.5532556,42.37394345,-111.553222,NA,93.4225689027058,42.37392391,-111.5532281,NA,135.88426668941,42.37392036,-111.5532263,NA,138.527723710929,42.37394063,-111.5532418,NA,112.841331887832,1,0,0,3,2,0,0,0
"66","EMIG",468,"ABLA",2.5,16.3,0,0,"0",1,1,1,1,"0","0","0","0",NA,NA,0,0,"0","0","0","0",0,0,0,0,"0","0","0",NA,0,0,0,0,"0","0","0",NA,0,0,0,0,"0","0","0",NA,0,0,0,0,"0","0","0",NA,0,0,0,0,"0","0","0",NA,0,0,0,0,"0","0","0",NA,NA,NA,NA,NA,1,2,3,4,NA,NA,NA,NA,0,0,0,0,0,"EMIG468",2235,468,NA,"Point",2212.262,NA,0.209755147311441,0,0,0,0,"EMIG_468_290","EMIG_467_289",0.729231657764774,"EMIG_476_299",2.52337231290663,"EMIG_477_300",2.91461165465088,"EMIG_473_296",0.627152470669747,NA,42.37394025,-111.5532494,42.37394494,-111.5532556,NA,-44.4273248400282,42.37392391,-111.5532281,NA,135.974318787801,42.37392036,-111.5532263,NA,139.266770600117,42.37394063,-111.5532418,NA,86.1422246008605,0,0,0,0,1,0,0,3
"67","EMIG",299,"ABLA",NA,4.8,0,0,"0",1,1,1,1,"0","0","0","0",NA,NA,0,0,"0","0","0","0",0,0,0,0,"0","0","0",NA,0,0,0,0,"0","0","0",NA,0,0,0,0,"0","0","0",NA,0,0,0,0,"0","0","0",NA,0,0,0,0,"0","0","0",NA,0,0,0,0,"0","0","0",NA,NA,NA,NA,NA,1,2,3,4,NA,NA,NA,NA,0,0,0,0,0,"EMIG299",2218,299,NA,"Point",2207.288,NA,0.200782966367947,0,0,0,0,"EMIG_299_291","EMIG_456_278",4.13629519434934,"EMIG_456_278",4.13629519434934,"EMIG_477_300",12.0908911275103,"EMIG_453_275",1.76629151606385,NA,42.37400024,-111.5533261,42.3739948,-111.5533758,NA,-98.3973143161637,42.3739948,-111.5533758,NA,-98.3973143161637,42.37392036,-111.5532263,NA,137.18841602102,42.37398587,-111.5533353,NA,-154.60576937139,0,0,0,0,2,2,0,4
"68","EMIG",469,"ABLA",NA,6.5,0,1,"0",1,1,1,1,"0","0","0","0",NA,NA,0,0,"0","0","0","0",0,0,0,0,"0","0","0",NA,0,0,0,0,"0","0","0",NA,0,0,0,0,"0","0","0",NA,0,0,0,0,"0","0","0",NA,0,0,0,0,"0","0","0",NA,0,0,0,0,"0","0","0",NA,"1 DB","1 DB","1 DB","1 DB",1,2,3,4,NA,NA,NA,NA,0,0,0,0,0,"EMIG469",NA,469,NA,"Point",2211.724,NA,0.21140601759861,0,0,0,0,"EMIG_469_292","EMIG_467_289",2.77133442199574,"EMIG_476_299",2.22706979731562,"EMIG_477_300",2.58821711706268,"EMIG_473_296",1.65999578602571,NA,42.37394345,-111.553222,42.37394494,-111.5532556,NA,-86.5774084520199,42.37392391,-111.5532281,NA,-166.966986994795,42.37392036,-111.5532263,NA,-172.13808051258,42.37394063,-111.5532418,NA,-100.873006878309,0,0,0,0,1,0,0,3
"69","EMIG",470,"ABLA",1.8,7.5,0,1,"0",1,1,1,1,"BO","0","0","0",NA,NA,0,0,"0","0","0","0",0,0,0,0,"0","0","0",NA,1,0,0,0,"0","0","0",NA,0,0,0,0,"0","0","0",NA,0,0,0,0,"0","0","0",NA,0,0,0,0,"0","0","0",NA,1,0,0,0,"0","0","0",NA,"1 DB","1 DB","1 DB","1 DB",1,2,3,4,NA,NA,NA,NA,1,0,0,0,0,"EMIG470",NA,470,NA,"Point",2211.724,NA,0.21140601759861,1,0,0,0,"EMIG_470_293","EMIG_467_289",2.77133442199574,"EMIG_476_299",2.22706979731562,"EMIG_477_300",2.58821711706268,"EMIG_473_296",1.65999578602571,NA,42.37394345,-111.553222,42.37394494,-111.5532556,NA,-86.5774084520199,42.37392391,-111.5532281,NA,-166.966986994795,42.37392036,-111.5532263,NA,-172.13808051258,42.37394063,-111.5532418,NA,-100.873006878309,2,0,0,0,1,0,0,3
"70","EMIG",471,"ABLA",1.9,8.5,0,2,"0",1,1,1,1,"BO","0","BO","0",NA,NA,0,0,"0","0","0","0",0,0,0,0,"0","0","0",NA,0,0,0,0,"0","0","0",NA,0,0,0,0,"0","0","0",NA,0,0,0,0,"0","0","0",NA,1,0,0,0,"0","0","0",NA,0,0,0,0,"0","0","0",NA,"2 DB","2 DB","2 DB","2 DB",1,2,3,4,NA,NA,NA,NA,1,0,0,0,0,"EMIG471",2236,471,NA,"Point",2211.724,NA,0.21140601759861,1,0,0,0,"EMIG_471_294","EMIG_467_289",2.77133442199574,"EMIG_476_299",2.22706979731562,"EMIG_477_300",2.58821711706268,"EMIG_473_296",1.65999578602571,NA,42.37394345,-111.553222,42.37394494,-111.5532556,NA,-86.5774084520199,42.37392391,-111.5532281,NA,-166.966986994795,42.37392036,-111.5532263,NA,-172.13808051258,42.37394063,-111.5532418,NA,-100.873006878309,1,0,0,0,1,0,0,3
"71","EMIG",472,"ABLA",1.3,8.2,0,0,"0",1,1,1,1,"0","0","0","0",NA,NA,0,0,"0","0","0","0",0,0,0,0,"0","0","0",NA,0,0,0,0,"0","0","0",NA,0,0,0,0,"0","0","0",NA,0,0,0,0,"0","0","0",NA,0,0,0,0,"0","0","0",NA,0,0,0,0,"0","0","0",NA,NA,NA,NA,NA,1,2,3,4,NA,NA,NA,NA,0,0,0,0,0,"EMIG472",2237,472,NA,"Point",2210.15,NA,0.210124788740582,0,0,0,0,"EMIG_472_295","EMIG_467_289",1.09555875949119,"EMIG_476_299",2.23951845514655,"EMIG_477_300",2.64909739254485,"EMIG_473_296",0.166989667860754,NA,42.37394038,-111.5532438,42.37394494,-111.5532556,NA,-62.4725827207699,42.37392391,-111.5532281,NA,144.746790956058,42.37392036,-111.5532263,NA,147.050852574131,42.37394063,-111.5532418,NA,80.4309402615232,0,0,0,0,1,0,0,3
"72","EMIG",473,"ABLA",3.8,22.4,0,0,"0",1,1,1,1,"0","0","0","BO",NA,NA,0,0,"0","0","0","0",0,0,0,2,"0","0","0",NA,0,0,0,1,"0","0","0",NA,0,0,0,0,"0","0","0",NA,0,0,0,1,"0","0","0",NA,0,0,0,1,"0","0","0",NA,0,0,0,0,"0","0","0",NA,NA,NA,NA,NA,1,2,3,4,NA,NA,NA,NA,0,0,0,1,1,"EMIG473",2238,473,NA,"Point",2209.374,NA,0.210244002954044,0,0,0,1,"EMIG_473_296","EMIG_467_289",1.23287439716892,"EMIG_476_299",2.1723623905301,"EMIG_477_300",2.58737523846542,"EMIG_467_289",1.23287439716892,NA,42.37394063,-111.5532418,42.37394494,-111.5532556,NA,-67.1586588114309,42.37392391,-111.5532281,NA,148.719143645093,42.37392036,-111.5532263,NA,150.447099095011,42.37394494,-111.5532556,NA,-67.1586588114309,0,0,0,5,1,0,0,3
"73","EMIG",474,"ABLA",NA,6.5,0,0,"0",1,1,1,1,"0","0","0","0",NA,NA,0,0,"0","0","0","0",0,0,0,0,"0","0","0",NA,0,0,0,0,"0","0","0",NA,0,0,0,0,"0","0","0",NA,0,0,0,0,"0","0","0",NA,0,0,0,0,"0","0","0",NA,0,0,0,0,"0","0","0",NA,NA,NA,NA,NA,1,2,3,4,NA,NA,NA,NA,0,0,0,0,0,"EMIG474",2239,474,NA,"Point",2209.26,NA,0.211276978038657,0,0,0,0,"EMIG_474_297","EMIG_470_293",1.92753667664296,"EMIG_476_299",0.963952131456579,"EMIG_477_300",1.35521124778528,"EMIG_473_296",1.26812544377148,NA,42.37392988,-111.5532366,42.37394345,-111.553222,NA,38.5814468766628,42.37392391,-111.5532281,NA,133.447715515607,42.37392036,-111.5532263,NA,141.262332410457,42.37394063,-111.5532418,NA,-19.7313384998313,0,0,0,0,2,0,0,0
"74","EMIG",475,"ABLA",1.5,10.1,0,0,"0",1,1,1,1,"0","0","0","0",NA,NA,0,0,"0","0","0","0",0,0,0,0,"0","0","0",NA,0,0,0,0,"0","0","0",NA,0,0,0,0,"0","0","0",NA,0,0,0,0,"0","0","0",NA,0,0,0,0,"0","0","0",NA,0,0,0,0,"0","0","0",NA,NA,NA,NA,NA,1,2,3,4,NA,NA,NA,NA,0,0,0,0,0,"EMIG475",2240,475,NA,"Point",2209.146,NA,0.212628609860595,0,0,0,0,"EMIG_475_298","EMIG_470_293",2.6773415389698,"EMIG_477_300",0.0899415518512453,"EMIG_477_300",0.0899415518512453,"EMIG_477_300",0.0899415518512453,NA,42.37391955,-111.5532263,42.37394345,-111.553222,NA,7.59863355911181,42.37392036,-111.5532263,NA,0,42.37392036,-111.5532263,NA,0,42.37392036,-111.5532263,NA,0,0,0,0,0,2,0,0,0
"75","EMIG",476,"ABLA",3.1,18.9,2,2,"0",1,1,1,1,"0","BO","0","0",NA,NA,0,0,"0","0","0","0",0,0,0,0,"0","0","0",NA,0,1,0,0,"0","0","0",NA,0,0,0,0,"0","0","0",NA,0,0,0,0,"0","0","0",NA,0,0,0,0,"0","0","0",NA,0,0,0,0,"0","0","0",NA,"2 DB","2 DB","2 DB","2 DB",1,2,3,4,NA,NA,NA,NA,0,1,0,0,1,"EMIG476",2241,476,NA,"Point",2208.762,NA,0.212229507707904,0,1,0,0,"EMIG_476_299","EMIG_470_293",2.22706979731562,"EMIG_477_300",0.421126489085092,"EMIG_477_300",0.421126489085092,"EMIG_477_300",0.421126489085092,NA,42.37392391,-111.5532281,42.37394345,-111.553222,NA,13.0330088940102,42.37392036,-111.5532263,NA,159.395674809847,42.37392036,-111.5532263,NA,159.395674809847,42.37392036,-111.5532263,NA,159.395674809847,0,1,0,0,2,0,0,0
"76","EMIG",477,"ABLA",9.7,36.7,5.9,4,"0",1,1,1,1,"0","BO","BO","BO",NA,NA,0,0,"0","0","0","0",0,1,2,2,"0","0","0",NA,0,0,0,1,"0","0","0",NA,0,0,0,0,"0","0","0",NA,0,0,0,1,"0","0","0",NA,0,1,0,1,"0","0","0",NA,0,0,0,0,"0","0","0",NA,"3 DB","3 DB","3 DB","3 DB",1,2,3,4,NA,NA,NA,NA,0,1,1,1,1,"EMIG477",2242,477,NA,"Point",2202.34,NA,0.212576930370766,0,1,1,1,"EMIG_477_300","EMIG_470_293",2.58821711706268,"EMIG_476_299",0.421126489085092,"EMIG_497_321",9.66562859821677,"EMIG_473_296",2.58737523846542,NA,42.37392036,-111.5532263,42.37394345,-111.553222,NA,7.8619165893646,42.37392391,-111.5532281,NA,-20.6043239770142,42.37386743,-111.5531331,NA,127.449400319936,42.37394063,-111.5532418,NA,-29.5528904585111,0,2,2,5,2,0,0,0
"77","EMIG",478,"ABLA",3.1,10.9,1.8,0,"0",1,1,1,1,"0","0","0","0",NA,NA,0,0,"0","0","0","0",0,0,0,0,"0","0","0",NA,0,0,0,0,"0","0","0",NA,0,0,0,0,"0","0","0",NA,0,0,0,0,"0","0","0",NA,0,0,0,0,"0","0","0",NA,0,0,0,0,"0","0","0",NA,NA,NA,NA,NA,1,2,3,4,NA,NA,NA,NA,0,0,0,0,0,"EMIG478",2243,478,NA,"Point",2202.226,NA,0.213454945152152,0,0,0,0,"EMIG_478_301","EMIG_470_293",3.39179800099676,"EMIG_477_300",0.961608930877991,"EMIG_477_300",0.961608930877991,"EMIG_477_300",0.961608930877991,NA,42.37391293,-111.5532203,42.37394345,-111.553222,NA,-2.36504423454141,42.37392036,-111.5532263,NA,-30.9119996739361,42.37392036,-111.5532263,NA,-30.9119996739361,42.37392036,-111.5532263,NA,-30.9119996739361,0,0,0,0,2,0,0,0
"78","EMIG",479,"ABLA",1.3,8,0,0,"0",1,1,1,1,"0","0","0","0",NA,NA,0,0,"0","0","0","0",0,0,0,0,"0","0","0",NA,0,0,0,0,"0","0","0",NA,0,0,0,0,"0","0","0",NA,0,0,0,0,"0","0","0",NA,0,0,0,0,"0","0","0",NA,0,0,0,0,"0","0","0",NA,NA,NA,NA,NA,1,2,3,4,NA,NA,NA,NA,0,0,0,0,0,"EMIG479",2244,479,NA,"Point",2203.714,NA,0.214211728451979,0,0,0,0,"EMIG_479_302","EMIG_470_293",4.14531250071719,"EMIG_477_300",1.79371689914627,"EMIG_477_300",1.79371689914627,"EMIG_477_300",1.79371689914627,NA,42.37390646,-111.5532152,42.37394345,-111.553222,NA,-7.76207586805746,42.37392036,-111.5532263,NA,-30.6304841982021,42.37392036,-111.5532263,NA,-30.6304841982021,42.37392036,-111.5532263,NA,-30.6304841982021,0,0,0,0,2,0,0,0
"79","EMIG",480,"ABLA",NA,3.2,0,0,"0",1,1,1,1,"0","0","0","0",NA,NA,0,0,"0","0","0","0",0,0,0,0,"0","0","0",NA,0,0,0,0,"0","0","0",NA,0,0,0,0,"0","0","0",NA,0,0,0,0,"0","0","0",NA,0,0,0,0,"0","0","0",NA,0,0,0,0,"0","0","0",NA,NA,NA,NA,NA,1,2,3,4,NA,NA,NA,NA,0,0,0,0,0,"EMIG480",2245,480,NA,"Point",2205.502,NA,0.215158217622734,0,0,0,0,"EMIG_480_303","EMIG_485_309",3.66524202841619,"EMIG_477_300",2.61184759511034,"EMIG_477_300",2.61184759511034,"EMIG_481_304",2.43727345398576,NA,42.37390416,-111.5532033,42.37388908,-111.5531637,NA,117.184044088373,42.37392036,-111.5532263,NA,-46.4711408493087,42.37392036,-111.5532263,NA,-46.4711408493087,42.37388964,-111.5532255,NA,-131.415279555536,0,0,0,0,4,3,0,3
"80","EMIG",481,"ABLA",2.1,12.8,0,0,"0",1,1,1,1,"0","0","0","BO",NA,NA,0,0,"0","0","0","0",0,0,0,0,"0","0","0",NA,0,0,0,0,"0","0","0",NA,0,0,0,1,"0","0","0",NA,0,0,0,0,"0","0","0",NA,0,0,0,0,"0","0","0",NA,0,0,0,0,"0","0","0",NA,NA,NA,NA,NA,1,2,3,4,NA,NA,NA,NA,0,0,0,1,1,"EMIG481",2246,481,NA,"Point",2209.009,NA,0.214608019157492,0,0,0,1,"EMIG_481_304","EMIG_485_309",5.08856854645624,"EMIG_484_308",0.785010140783039,"EMIG_477_300",3.41175247641654,"EMIG_7429_307",1.11345906508817,NA,42.37388964,-111.5532255,42.37388908,-111.5531637,NA,90.7001454688849,42.37388753,-111.5532346,NA,-107.364979514415,42.37392036,-111.5532263,NA,-1.10620751411639,42.37389605,-111.5532359,NA,-50.2653530009506,0,0,0,1,4,3,0,3
"81","EMIG",482,"ABLA",1.7,9.4,0.8,3,"0",1,1,1,1,"0","0","0","0",NA,NA,0,0,"0","0","0","0",0,0,0,0,"0","0","0",NA,0,0,0,0,"0","0","0",NA,0,0,0,0,"0","0","0",NA,0,0,0,0,"0","0","0",NA,0,0,0,0,"0","0","0",NA,0,0,0,0,"0","0","0",NA,"1 DB","1 DB","1 DB","1 DB",1,2,3,4,NA,NA,NA,NA,0,0,0,0,0,"EMIG482",2247,482,NA,"Point",2211.226,NA,0.213659219567627,0,0,0,0,"EMIG_482_305","EMIG_485_309",6.90919710334318,"EMIG_484_308",1.18831175108002,"EMIG_477_300",4.57229027423564,"EMIG_7429_307",1.79506705180983,NA,42.37388218,-111.5532471,42.37388908,-111.5531637,NA,83.6332832637349,42.37388753,-111.5532346,NA,60.0054229629299,42.37392036,-111.5532263,NA,21.9961965635155,42.37389605,-111.5532359,NA,30.9107952203151,0,0,0,0,4,3,0,3
"82","EMIG",483,"ABLA",NA,5.7,0,0,"0",1,1,1,1,"0","0","0","0",NA,NA,0,0,"0","0","0","0",0,0,0,0,"0","0","0",NA,0,0,0,0,"0","0","0",NA,0,0,0,0,"0","0","0",NA,0,0,0,0,"0","0","0",NA,0,0,0,0,"0","0","0",NA,0,0,0,0,"0","0","0",NA,NA,NA,NA,NA,1,2,3,4,NA,NA,NA,NA,0,0,0,0,0,"EMIG483",2248,483,NA,"Point",2210.5,NA,0.213422912115535,0,0,0,0,"EMIG_483_306","EMIG_470_293",5.66323289118824,"EMIG_484_308",0.807566847567448,"EMIG_477_300",3.10501300047236,"EMIG_7429_307",0.339784711818522,NA,42.37389403,-111.553239,42.37394345,-111.553222,NA,14.3088684765924,42.37388753,-111.5532346,NA,153.346787442477,42.37392036,-111.5532263,NA,19.6793297982353,42.37389605,-111.5532359,NA,48.690973923906,0,0,0,0,2,0,0,0
"83","EMIG",7429,"ABLA",4.9,35.4,2,1,"0",1,1,1,1,"0","0","BO","BO",NA,NA,0,0,"0","0","0","0",0,0,0,0,"0","0","0",NA,0,0,0,0,"0","0","0",NA,0,0,0,0,"0","0","0",NA,0,0,0,0,"0","0","0",NA,0,0,0,0,"0","0","0",NA,0,0,0,1,"0","0","0",NA,"1 DB","1 DB","1 DB","1 DB",1,2,3,4,NA,NA,NA,NA,0,0,0,1,1,"EMIG7429",2291,7429,NA,"Point",2211.499,NA,0.213498268203708,0,0,0,1,"EMIG_7429_307","EMIG_470_293",5.38623084986215,"EMIG_484_308",0.952087301112505,"EMIG_477_300",2.81269565650129,"EMIG_481_304",1.11345906508817,NA,42.37389605,-111.5532359,42.37394345,-111.553222,NA,12.2673285232715,42.37388753,-111.5532346,NA,173.545196855204,42.37392036,-111.5532263,NA,16.3205413925323,42.37388964,-111.5532255,NA,129.734639989805,0,0,0,1,2,0,0,0
"84","EMIG",484,"ABLA",1.7,NA,0,3,"0",1,1,1,1,"0","BO","0","0",NA,NA,0,0,"0","0","0","0",0,0,0,0,"0","0","0",NA,0,1,0,0,"0","0","0",NA,0,0,0,0,"0","0","0",NA,0,0,0,0,"0","0","0",NA,0,0,0,0,"0","0","0",NA,0,0,0,0,"0","0","0",NA,"Bent, WOB","Bent, WOB","Bent, WOB","Bent, WOB",1,2,3,4,NA,NA,NA,NA,0,1,0,0,1,"EMIG484",2249,484,NA,"Point",2208.278,NA,0.214139242360405,0,1,0,0,"EMIG_484_308","EMIG_485_309",5.8399570577659,"EMIG_477_300",3.70890726095091,"EMIG_477_300",3.70890726095091,"EMIG_481_304",0.785010140783039,NA,42.37388753,-111.5532346,42.37388908,-111.5531637,NA,88.3111578301666,42.37392036,-111.5532263,NA,10.6173875194199,42.37392036,-111.5532263,NA,10.6173875194199,42.37388964,-111.5532255,NA,72.6350143524965,0,1,0,0,4,3,0,3
"85","EMIG",485,"ABLA",4.4,21.3,0,0,"0",1,1,1,1,"BO","BO","BO","BO",NA,NA,0,0,"0","0","0","0",0,0,0,0,"0","0","0",NA,1,1,0,1,"0","0","0",NA,1,0,0,0,"0","0","0",NA,0,0,0,1,"0","0","0",NA,1,1,0,1,"0","0","0",NA,1,1,0,0,"0","0","0",NA,NA,NA,NA,NA,1,2,3,4,NA,NA,NA,NA,1,1,0,1,0,"EMIG485",2250,485,NA,"Point",2209.794,NA,0.218784336328139,1,1,0,1,"EMIG_485_309","EMIG_491_315",1.94850134375467,"EMIG_488_312",2.29597149417179,"EMIG_497_321",3.4823173111916,"EMIG_491_315",1.94850134375467,NA,42.37388908,-111.5531637,42.37387225,-111.553157,NA,163.554337081446,42.37388565,-111.5531362,NA,99.5485487195416,42.37386743,-111.5531331,NA,133.657254109559,42.37387225,-111.553157,NA,163.554337081446,4,3,0,3,1,0,0,2
"86","EMIG",486,"ABLA",1.8,6.9,0,0,"0",1,1,1,1,"0","0","0","BO",NA,NA,0,0,"0","0","0","0",0,0,0,0,"0","0","0",NA,0,0,0,1,"0","0","0",NA,0,0,0,0,"0","0","0",NA,0,0,0,1,"0","0","0",NA,0,0,0,0,"0","0","0",NA,0,0,0,0,"0","0","0",NA,"Broken top","Broken top","Broken top, bifur","Broken top, bifur",1,2,3,4,NA,NA,NA,NA,0,0,0,1,1,"EMIG486",NA,486,NA,"Point",2213.058,NA,0.220883186799723,0,0,0,1,"EMIG_486_310","EMIG_496_320",2.16877870548084,"EMIG_488_312",0.193789811842719,"EMIG_497_321",2.16877870548084,"EMIG_488_312",0.193789811842719,NA,42.37388693,-111.5531346,42.37386743,-111.5531331,NA,176.735561282929,42.37388565,-111.5531362,NA,-137.174107899564,42.37386743,-111.5531331,NA,176.735561282929,42.37388565,-111.5531362,NA,-137.174107899564,0,0,0,2,1,2,0,4
"87","EMIG",487,"ABLA",3.8,22.7,0,0,"0",1,1,1,1,"BO","BO","BO","BO",NA,NA,0,0,"0","0","0","0",0,0,0,1,"0","0","0",NA,1,1,0,2,"0","0","0",NA,0,1,0,0,"0","0","0",NA,1,1,0,1,"0","0","0",NA,2,1,0,2,"0","0","0",NA,1,0,0,1,"0","0","0",NA,NA,NA,"bifur","bifur",1,2,3,4,NA,NA,NA,NA,1,1,0,1,0,"EMIG487",2251,487,NA,"Point",2213.058,NA,0.220883186799723,1,1,0,1,"EMIG_487_311","EMIG_496_320",2.16877870548084,"EMIG_488_312",0.193789811842719,"EMIG_497_321",2.16877870548084,"EMIG_488_312",0.193789811842719,NA,42.37388693,-111.5531346,42.37386743,-111.5531331,NA,176.735561282929,42.37388565,-111.5531362,NA,-137.174107899564,42.37386743,-111.5531331,NA,176.735561282929,42.37388565,-111.5531362,NA,-137.174107899564,5,4,0,7,1,2,0,4
"88","EMIG",488,"ABLA",2.2,13.4,0,0,"0",1,1,1,1,"0","BO","BO","BO",NA,NA,0,0,"0","0","0","0",0,1,0,1,"0","0","0",NA,0,0,0,1,"0","0","0",NA,0,0,0,0,"0","0","0",NA,0,0,0,1,"0","0","0",NA,0,0,0,1,"0","0","0",NA,0,0,0,1,"0","0","0",NA,NA,NA,NA,NA,1,2,3,4,NA,NA,NA,NA,0,1,0,1,1,"EMIG488",2252,488,NA,"Point",2210.539,NA,0.220856148595034,0,1,0,1,"EMIG_488_312","EMIG_487_311",0.193789811842719,"EMIG_487_311",0.193789811842719,"EMIG_497_321",2.03916588572775,"EMIG_486_310",0.193789811842719,NA,42.37388565,-111.5531362,42.37388693,-111.5531346,NA,42.8258910220905,42.37388693,-111.5531346,NA,42.8258910220905,42.37386743,-111.5531331,NA,172.809697141662,42.37388693,-111.5531346,NA,42.8258910220905,0,1,0,5,5,4,0,7
"89","EMIG",489,"ABLA",2.3,12.2,0,0,"0",1,1,1,1,"0","0","BO","BO",NA,NA,0,0,"0","0","0","0",0,0,0,0,"0","0","0",NA,0,0,0,0,"0","0","0",NA,0,0,0,0,"0","0","0",NA,0,0,0,0,"0","0","0",NA,0,0,0,1,"0","0","0",NA,0,0,0,0,"0","0","0",NA,NA,NA,NA,NA,1,2,3,4,NA,NA,NA,NA,0,0,0,1,1,"EMIG489",2253,489,NA,"Point",2209.782,NA,0.222768513833452,0,0,0,1,"EMIG_489_313","EMIG_496_320",1.20311670465963,"EMIG_496_320",1.20311670465963,"EMIG_497_321",1.20311670465963,"EMIG_496_320",1.20311670465963,NA,42.37387252,-111.5531202,42.37386743,-111.5531331,NA,-118.019370177577,42.37386743,-111.5531331,NA,-118.019370177577,42.37386743,-111.5531331,NA,-118.019370177577,42.37386743,-111.5531331,NA,-118.019370177577,0,0,0,1,1,2,0,4
"90","EMIG",490,"ABLA",1.7,9.4,0,0,"0",1,1,1,1,"BO","BO","0","0",NA,NA,0,0,"0","0","0","0",0,0,0,0,"0","0","0",NA,0,0,0,0,"0","0","0",NA,0,0,0,0,"0","0","0",NA,0,1,0,0,"0","0","0",NA,1,0,0,0,"0","0","0",NA,0,0,0,0,"0","0","0",NA,NA,NA,"–11–","–11–",1,2,3,4,NA,NA,NA,NA,1,1,0,0,0,"EMIG490",2254,490,NA,"Point",2209.356,NA,0.220782724470387,1,1,0,0,"EMIG_490_314","EMIG_492_316",0.374802161250678,"EMIG_494_318",1.49651056977515,"EMIG_497_321",1.60291835459575,"EMIG_491_315",0.471749889577039,NA,42.37386982,-111.5531523,42.37387033,-111.5531568,NA,-81.3097438084317,42.37385833,-111.5531618,NA,-148.489192420417,42.37386743,-111.5531331,NA,99.5299035029278,42.37387225,-111.553157,NA,-55.1125999599882,1,1,0,0,1,0,0,0
"91","EMIG",491,"ABLA",1.6,9.4,0,1,"0",1,1,1,1,"BO","0","0","BO",NA,NA,0,0,"0","0","0","0",0,0,0,0,"0","0","0",NA,0,0,0,0,"0","0","0",NA,0,0,0,1,"0","0","0",NA,1,0,0,0,"0","0","0",NA,0,0,0,1,"0","0","0",NA,0,0,0,0,"0","0","0",NA,"WOB","WOB","WOB, –11–","WOB, –11–",1,2,3,4,NA,NA,NA,NA,1,0,0,1,0,"EMIG491",2255,491,NA,"Point",2208.449,NA,0.220311482938173,1,0,0,1,"EMIG_491_315","EMIG_492_316",0.213829760730414,"EMIG_490_314",0.471749889577039,"EMIG_497_321",2.03924937169055,"EMIG_495_319",1.44741010664662,NA,42.37387225,-111.553157,42.37387033,-111.5531568,NA,175.583385226503,42.37386982,-111.5531523,NA,124.887396872374,42.37386743,-111.5531331,NA,105.215674633164,42.37386133,-111.5531666,NA,-146.90165003138,1,0,0,2,1,0,0,0
"92","EMIG",492,"ABLA",NA,8.3,0,0,"0",1,1,1,1,"BO","0","0","0",NA,NA,0,0,"0","0","0","0",0,0,0,0,"0","0","0",NA,1,0,0,0,"0","0","0",NA,0,0,0,0,"0","0","0",NA,0,0,0,0,"0","0","0",NA,0,0,0,0,"0","0","0",NA,0,0,0,0,"0","0","0",NA,NA,NA,"trifur","trifur",1,2,3,4,NA,NA,NA,NA,1,0,0,0,0,"EMIG492",2256,492,NA,"Point",2209.251,NA,0.220448307764077,1,0,0,0,"EMIG_492_316","EMIG_491_315",0.213829760730414,"EMIG_490_314",0.374802161250678,"EMIG_497_321",1.97768789741735,"EMIG_491_315",0.213829760730414,NA,42.37387033,-111.5531568,42.37387225,-111.553157,NA,-4.41661463870409,42.37386982,-111.5531523,NA,98.6902531587234,42.37386743,-111.5531331,NA,99.3707799315817,42.37387225,-111.553157,NA,-4.41661463870409,1,0,0,0,1,0,0,2
"93","EMIG",493,"ABLA",2.8,19.5,3.1,0,"0",1,1,1,1,"0","BO","BO","BO",NA,NA,0,0,"0","0","0","0",0,0,0,2,"0","0","0",NA,0,1,0,0,"0","0","0",NA,0,0,0,0,"0","0","0",NA,0,1,0,1,"0","0","0",NA,0,0,0,0,"0","0","0",NA,0,0,0,0,"0","0","0",NA,NA,NA,NA,NA,1,2,3,4,NA,NA,NA,NA,0,1,0,1,1,"EMIG493",2257,493,NA,"Point",2209.481,NA,0.220566897775405,0,1,0,1,"EMIG_493_317","EMIG_495_319",0.223485009586168,"EMIG_495_319",0.223485009586168,"EMIG_497_321",2.8095140342139,"EMIG_495_319",0.223485009586168,NA,42.37385949,-111.5531655,42.37386133,-111.5531666,NA,-23.9065707714388,42.37386133,-111.5531666,NA,-23.9065707714388,42.37386743,-111.5531331,NA,71.7110925716997,42.37386133,-111.5531666,NA,-23.9065707714388,0,2,0,3,1,3,0,3
"94","EMIG",494,"ABLA",1.8,12.6,1.3,0,"0",1,1,1,1,"BO","BO","BO","BO",NA,NA,0,0,"0","0","0","0",0,0,0,0,"0","0","0",NA,1,1,0,1,"0","0","0",NA,1,0,0,0,"0","0","0",NA,0,0,0,1,"0","0","0",NA,0,1,0,0,"0","0","0",NA,0,0,0,0,"0","0","0",NA,NA,NA,NA,NA,1,2,3,4,NA,NA,NA,NA,1,1,0,1,0,"EMIG494",2258,494,NA,"Point",2209.461,NA,0.220889004648441,1,1,0,1,"EMIG_494_318","EMIG_495_319",0.516864898910361,"EMIG_493_317",0.330744489605643,"EMIG_497_321",2.56994344286728,"EMIG_493_317",0.330744489605643,NA,42.37385833,-111.5531618,42.37386133,-111.5531666,NA,-49.8721739871667,42.37385949,-111.5531655,NA,-67.0803301475253,42.37386743,-111.5531331,NA,66.8473776009657,42.37385949,-111.5531655,NA,-67.0803301475253,2,2,0,2,1,3,0,3
"95","EMIG",495,"ABLA",2.4,15.1,1.4,0,"0",1,1,1,1,"BO","BO","BO","BO",NA,NA,0,0,"0","0","0","0",0,1,0,1,"0","0","0",NA,1,1,0,1,"0","0","0",NA,0,0,0,0,"0","0","0",NA,0,0,0,1,"0","0","0",NA,0,1,0,0,"0","0","0",NA,0,0,0,0,"0","0","0",NA,NA,NA,NA,NA,1,2,3,4,NA,NA,NA,NA,1,1,0,1,0,"EMIG495",2259,495,NA,"Point",2211.659,NA,0.220374153191212,1,1,0,1,"EMIG_495_319","EMIG_494_318",0.516864898910361,"EMIG_493_317",0.223485009586168,"EMIG_497_321",2.84011293342758,"EMIG_493_317",0.223485009586168,NA,42.37386133,-111.5531666,42.37385833,-111.5531618,NA,130.127822777799,42.37385949,-111.5531655,NA,156.093428487199,42.37386743,-111.5531331,NA,76.2025720438047,42.37385949,-111.5531655,NA,156.093428487199,1,3,0,3,2,2,0,2
"96","EMIG",496,"ABLA",2.6,13.7,0,0,"0",1,1,1,1,"BO","BO","BO","BO",NA,NA,0,0,"0","0","0","0",0,1,0,0,"0","0","0",NA,1,0,0,1,"0","0","0",NA,0,0,0,1,"0","0","0",NA,0,0,0,0,"0","0","0",NA,0,1,0,1,"0","0","0",NA,0,0,0,1,"0","0","0",NA,"Rot in area","Rot in area","Rot in area, –11–","Rot in area, –11–",1,2,3,4,NA,NA,NA,NA,1,1,0,1,0,"EMIG496",NA,496,NA,"Point",2208.861,NA,0.222224673272791,1,1,0,1,"EMIG_496_320","EMIG_490_314",1.60291835459575,"EMIG_490_314",1.60291835459575,"EMIG_477_300",9.66562859821677,"EMIG_489_313",1.20311670465963,NA,42.37386743,-111.5531331,42.37386982,-111.5531523,NA,-80.4700835569342,42.37386982,-111.5531523,NA,-80.4700835569342,42.37392036,-111.5532263,NA,-52.5505368664469,42.37387252,-111.5531202,NA,61.980621128268,1,2,0,4,1,1,0,0
"97","EMIG",497,"ABLA",2.5,14.1,0,0,"0",1,1,1,1,"BO","BO","BO","BO",NA,NA,0,0,"0","0","0","0",1,1,0,0,"0","0","0",NA,0,0,0,0,"0","0","0",NA,1,1,0,0,"0","0","0",NA,0,1,0,1,"0","0","0",NA,1,1,2,1,"0","3-1","3–2","3-1",0,1,0,1,"0","0","0",NA,"Rot in area","Rot in area","Rot in area, bifur","Rot in area, bifur",1,2,3,4,NA,NA,NA,NA,1,1,1,1,0,"EMIG497",2261,497,NA,"Point",2208.861,NA,0.222224673272791,1,1,1,1,"EMIG_497_321","EMIG_490_314",1.60291835459575,"EMIG_490_314",1.60291835459575,"EMIG_477_300",9.66562859821677,"EMIG_489_313",1.20311670465963,NA,42.37386743,-111.5531331,42.37386982,-111.5531523,NA,-80.4700835569342,42.37386982,-111.5531523,NA,-80.4700835569342,42.37392036,-111.5532263,NA,-52.5505368664469,42.37387252,-111.5531202,NA,61.980621128268,3,5,2,3,1,1,0,0
"98","EMIG",498,"ABLA",1.1,7.5,0,0,"0",1,1,1,1,"0","0","0","0",NA,NA,0,0,"0","0","0","0",0,0,0,0,"0","0","0",NA,0,0,0,0,"0","0","0",NA,0,0,0,0,"0","0","0",NA,0,0,0,0,"0","0","0",NA,0,0,0,0,"0","0","0",NA,0,0,0,0,"0","0","0",NA,NA,NA,NA,NA,1,2,3,4,NA,NA,NA,NA,0,0,0,0,0,"EMIG498",2262,498,NA,"Point",2207.734,NA,0.222739270828712,0,0,0,0,"EMIG_498_322","EMIG_541_326",0.791030958800425,"EMIG_541_326",0.791030958800425,"EMIG_497_321",1.07200118643704,"EMIG_541_326",0.791030958800425,NA,42.37385784,-111.5531346,42.37385073,-111.553134,NA,176.419546125438,42.37385073,-111.553134,NA,176.419546125438,42.37386743,-111.5531331,NA,6.61544227446233,42.37385073,-111.553134,NA,176.419546125438,0,0,0,0,2,1,0,1
"99","EMIG",499,"ABLA",1.3,10,1.2,0,"0",1,1,1,1,"0","0","BO","0",NA,NA,0,0,"0","0","0","0",0,0,0,0,"0","0","0",NA,0,0,0,0,"0","0","0",NA,0,0,0,0,"0","0","0",NA,0,0,0,0,"0","0","0",NA,0,0,0,0,"0","0","0",NA,0,0,0,0,"0","0","0",NA,NA,NA,NA,NA,1,2,3,4,NA,NA,NA,NA,0,0,0,0,0,"EMIG499",2263,499,NA,"Point",2209.391,NA,0.223699487778842,0,0,0,0,"EMIG_499_323","EMIG_541_326",0.530086570088812,"EMIG_541_326",0.530086570088812,"EMIG_497_321",1.96498047243173,"EMIG_541_326",0.530086570088812,NA,42.37385021,-111.5531276,42.37385073,-111.553134,NA,-83.746584903315,42.37385073,-111.553134,NA,-83.746584903315,42.37386743,-111.5531331,NA,-13.3236481979728,42.37385073,-111.553134,NA,-83.746584903315,0,0,0,0,2,1,0,1
"100","EMIG",500,"ABLA",2,11.5,0,0,"0",1,1,1,1,"0","0","BO","0",NA,NA,0,0,"0","0","0","0",0,0,0,0,"0","0","0",NA,0,0,0,0,"0","0","0",NA,0,0,0,0,"0","0","0",NA,0,0,0,0,"0","0","0",NA,0,0,0,0,"0","0","0",NA,0,0,0,0,"0","0","0",NA,NA,NA,NA,NA,1,2,3,4,NA,NA,NA,NA,0,0,0,0,0,"EMIG500",2264,500,NA,"Point",2208.747,NA,0.224148632997974,0,0,0,0,"EMIG_500_324","EMIG_541_326",0.935944356536057,"EMIG_541_326",0.935944356536057,"EMIG_497_321",2.34992059341393,"EMIG_541_326",0.935944356536057,NA,42.3738475,-111.5531235,42.37385073,-111.553134,NA,-67.4678289209897,42.37385073,-111.553134,NA,-67.4678289209897,42.37386743,-111.5531331,NA,-19.6547217999669,42.37385073,-111.553134,NA,-67.4678289209897,0,0,0,0,2,1,0,1
"101","EMIG",540,"ABLA",NA,6.5,0,0,"0",1,1,1,1,"0","0","0","0",NA,NA,0,0,"0","0","0","0",0,0,0,0,"0","0","0",NA,0,0,0,0,"0","0","0",NA,0,0,0,0,"0","0","0",NA,0,0,0,0,"0","0","0",NA,0,0,0,0,"0","0","0",NA,0,0,0,0,"0","0","0",NA,NA,NA,NA,NA,1,2,3,4,NA,NA,NA,NA,0,0,0,0,0,"EMIG540",2265,540,NA,"Point",2207.354,NA,0.222600913820956,0,0,0,0,"EMIG_540_325","EMIG_541_326",0.64310992329341,"EMIG_541_326",0.64310992329341,"EMIG_497_321",1.51541352841251,"EMIG_541_326",0.64310992329341,NA,42.37385469,-111.5531397,42.37385073,-111.553134,NA,133.135893649417,42.37385073,-111.553134,NA,133.135893649417,42.37386743,-111.5531331,NA,21.0130950144479,42.37385073,-111.553134,NA,133.135893649417,0,0,0,0,2,1,0,1
"102","EMIG",541,"ABLA",2.1,12.1,2.3,0,"0",1,1,1,1,"BO","BO","BO","BO",NA,NA,0,0,"0","0","0","0",0,0,0,0,"0","0","0",NA,1,0,0,0,"0","0","0",NA,0,0,0,0,"0","0","0",NA,0,0,0,0,"0","0","0",NA,0,0,0,0,"0","0","0",NA,1,1,0,1,"0","0","0",NA,NA,NA,NA,NA,1,2,3,4,NA,NA,NA,NA,1,1,0,1,0,"EMIG541",2266,541,NA,"Point",2208.621,NA,0.223237821603194,1,1,0,1,"EMIG_541_326","EMIG_496_320",1.85583039919409,"EMIG_544_329",1.84823897094736,"EMIG_497_321",1.85583039919409,"EMIG_544_329",1.84823897094736,NA,42.37385073,-111.553134,42.37386743,-111.5531331,NA,2.28832236120356,42.37384882,-111.5531563,NA,-96.5891661334677,42.37386743,-111.5531331,NA,2.28832236120356,42.37384882,-111.5531563,NA,-96.5891661334677,2,1,0,1,1,2,0,4
"103","EMIG",542,"ABLA",1.5,10.2,4.7,0,"0",1,1,1,1,"0","0","0","0",NA,NA,0,0,"0","0","0","0",0,0,0,0,"0","0","0",NA,0,0,0,0,"0","0","0",NA,0,0,0,0,"0","0","0",NA,0,0,0,0,"0","0","0",NA,0,0,0,0,"0","0","0",NA,0,0,0,0,"0","0","0",NA,NA,NA,NA,NA,1,2,3,4,NA,NA,NA,NA,0,0,0,0,0,"EMIG542",2267,542,NA,"Point",2207.061,NA,0.222774642736015,0,0,0,0,"EMIG_542_327","EMIG_541_326",1.23568461135753,"EMIG_544_329",0.907734681402614,"EMIG_497_321",2.75100342065361,"EMIG_549_334",0.847349762012928,NA,42.3738448,-111.5531467,42.37385073,-111.553134,NA,57.8003265716209,42.37384882,-111.5531563,NA,-60.5444690724488,42.37386743,-111.5531331,NA,24.0181786397055,42.37383835,-111.5531522,NA,-147.696052323119,0,0,0,0,2,1,0,1
"104","EMIG",543,"ABLA",1.4,9.8,3.6,0,"0",1,1,1,1,"0","0","0","0",NA,NA,0,0,"0","0","0","0",0,0,0,0,"0","0","0",NA,0,0,0,0,"0","0","0",NA,0,0,0,0,"0","0","0",NA,0,0,0,0,"0","0","0",NA,0,0,0,0,"0","0","0",NA,0,0,0,0,"0","0","0",NA,NA,NA,NA,NA,1,2,3,4,NA,NA,NA,NA,0,0,0,0,0,"EMIG543",2268,543,NA,"Point",2208.413,NA,0.222644992402969,0,0,0,0,"EMIG_543_328","EMIG_541_326",1.65172267251247,"EMIG_544_329",0.825876361726421,"EMIG_497_321",3.11854144137313,"EMIG_549_334",0.485788679603659,NA,42.3738426,-111.5531508,42.37385073,-111.553134,NA,56.8694431095795,42.37384882,-111.5531563,NA,-33.2508454364374,42.37386743,-111.5531331,NA,27.8592345764435,42.37383835,-111.5531522,NA,-166.274115232314,0,0,0,0,2,1,0,1
"105","EMIG",544,"ABLA",4.6,20.1,1.7,0,"0",1,1,1,1,"0","BO","BO","BO",NA,NA,0,0,"0","0","0","0",0,0,0,1,"0","0","0",NA,0,0,0,0,"0","0","0",NA,0,0,0,0,"0","0","0",NA,0,0,0,0,"0","0","0",NA,0,0,0,1,"0","0","0",NA,0,1,0,0,"0","0","0",NA,NA,NA,NA,NA,1,2,3,4,NA,NA,NA,NA,0,1,0,1,1,"EMIG544",2269,544,NA,"Point",2207.676,NA,0.221873592000562,0,1,0,1,"EMIG_544_329","EMIG_494_318",1.14897867224719,"EMIG_494_318",1.14897867224719,"EMIG_497_321",2.81402730423139,"EMIG_561_345",1.12099037278624,NA,42.37384882,-111.5531563,42.37385833,-111.5531618,NA,-23.2109428646645,42.37385833,-111.5531618,NA,-23.2109428646645,42.37386743,-111.5531331,NA,42.7490539500753,42.37384666,-111.5531696,NA,-102.354360229027,0,1,0,2,2,2,0,2
"106","EMIG",545,"ABLA",1.3,8.1,4,0,"0",1,1,1,1,"0","0","0","0",NA,NA,0,0,"0","0","0","0",0,0,0,0,"0","0","0",NA,0,0,0,0,"0","0","0",NA,0,0,0,0,"0","0","0",NA,0,0,0,0,"0","0","0",NA,0,0,0,0,"0","0","0",NA,0,0,0,0,"0","0","0",NA,"split at bottom","split at bottom","split at bottom","split at bottom",1,2,3,4,NA,NA,NA,NA,0,0,0,0,0,"EMIG545",2270,545,NA,"Point",2208.136,NA,0.22109760889638,0,0,0,0,"EMIG_545_330","EMIG_494_318",0.834837668867269,"EMIG_544_329",0.807113320810177,"EMIG_497_321",3.21123540162549,"EMIG_561_345",0.618746282027877,NA,42.37385133,-111.5531655,42.37385833,-111.5531618,NA,21.4014681455495,42.37384882,-111.5531563,NA,110.200979425472,42.37386743,-111.5531331,NA,56.1714075201099,42.37384666,-111.5531696,NA,-146.936737321431,0,0,0,0,2,2,0,2
"107","EMIG",546,"ABLA",1.2,8.6,3.9,0,"0",1,1,1,1,"0","0","0","0",NA,NA,0,0,"0","0","0","0",0,0,0,0,"0","0","0",NA,0,0,0,0,"0","0","0",NA,0,0,0,0,"0","0","0",NA,0,0,0,0,"0","0","0",NA,0,0,0,0,"0","0","0",NA,0,0,0,0,"0","0","0",NA,NA,NA,NA,NA,1,2,3,4,NA,NA,NA,NA,0,0,0,0,0,"EMIG546",2271,546,NA,"Point",2209.124,NA,0.223622605181675,0,0,0,0,"EMIG_546_331","EMIG_541_326",1.68923126640428,"EMIG_541_326",1.68923126640428,"EMIG_497_321",3.48938656377317,"EMIG_550_335",0.70662111635441,NA,42.37383669,-111.5531419,42.37385073,-111.553134,NA,22.6466154394847,42.37385073,-111.553134,NA,22.6466154394847,42.37386743,-111.5531331,NA,11.9840143388945,42.37383581,-111.5531504,NA,-97.9485481744622,0,0,0,0,2,1,0,1
"108","EMIG",547,"ABLA",1.1,8.4,1.6,0,"0",1,1,1,1,"0","0","0","0",NA,NA,0,0,"0","0","0","0",0,0,0,0,"0","0","0",NA,0,0,0,0,"0","0","0",NA,0,0,0,0,"0","0","0",NA,0,0,0,0,"0","0","0",NA,0,0,0,0,"0","0","0",NA,0,0,0,0,"0","0","0",NA,NA,NA,NA,NA,1,2,3,4,NA,NA,NA,NA,0,0,0,0,0,"EMIG547",2272,547,NA,"Point",2209.412,NA,0.224993204043218,0,0,0,0,"EMIG_547_332","EMIG_541_326",2.49525283508173,"EMIG_541_326",2.49525283508173,"EMIG_497_321",4.33073118856078,"EMIG_551_336",1.62837535521268,NA,42.37382853,-111.5531293,42.37385073,-111.553134,NA,-8.92148777865237,42.37385073,-111.553134,NA,-8.92148777865237,42.37386743,-111.5531331,NA,-4.14284200821279,42.37382723,-111.553149,NA,-95.0857697072623,0,0,0,0,2,1,0,1
"109","EMIG",548,"ABLA",NA,6.7,0,0,"0",1,1,1,1,"0","0","0","0",NA,NA,0,0,"0","0","0","0",0,0,0,0,"0","0","0",NA,0,0,0,0,"0","0","0",NA,0,0,0,0,"0","0","0",NA,0,0,0,0,"0","0","0",NA,0,0,0,0,"0","0","0",NA,0,0,0,0,"0","0","0",NA,"1 Dead","1 Dead","1 Dead","1 Dead",1,2,3,4,NA,NA,NA,NA,0,0,0,0,0,"EMIG548",2273,548,NA,"Point",2208.966,NA,0.223907591110159,0,0,0,0,"EMIG_548_333","EMIG_541_326",2.13107850406949,"EMIG_541_326",2.13107850406949,"EMIG_497_321",3.95182280078612,"EMIG_550_335",0.801383722411412,NA,42.37383243,-111.5531418,42.37385073,-111.553134,NA,17.5386614250205,42.37385073,-111.553134,NA,17.5386614250205,42.37386743,-111.5531331,NA,10.4430307128914,42.37383581,-111.5531504,NA,-62.0740806231089,0,0,0,0,2,1,0,1
"110","EMIG",549,"ABLA",1.9,10.9,0,0,"0",1,1,1,1,"0","0","0","BO",NA,NA,0,0,"0","0","0","0",0,0,0,0,"0","0","0",NA,0,0,0,0,"0","0","0",NA,0,0,0,1,"0","0","0",NA,0,0,0,0,"0","0","0",NA,0,0,0,0,"0","0","0",NA,0,0,0,0,"0","0","0",NA,NA,NA,NA,NA,1,2,3,4,NA,NA,NA,NA,0,0,0,1,1,"EMIG549",2274,549,NA,"Point",2207.415,NA,0.222829486799598,0,0,0,1,"EMIG_549_334","EMIG_541_326",2.03349247401888,"EMIG_544_329",1.21059409986045,"EMIG_497_321",3.59158468829524,"EMIG_550_335",0.318604986025173,NA,42.37383835,-111.5531522,42.37385073,-111.553134,NA,47.4673255300536,42.37384882,-111.5531563,NA,-16.1911849485731,42.37386743,-111.5531331,NA,25.9665758559718,42.37383581,-111.5531504,NA,152.279931021534,0,0,0,1,2,1,0,1
"111","EMIG",550,"ABLA",2.4,10.4,0,0,"0",1,1,1,1,"0","0","BO","BO",NA,NA,0,1,"0","0","0","0",0,0,0,0,"0","0","0",NA,0,0,0,0,"0","0","0",NA,0,0,0,1,"0","0","0",NA,0,0,0,0,"0","0","0",NA,0,0,0,0,"0","0","0",NA,0,0,0,1,"0","0","0",NA,NA,NA,NA,NA,1,2,3,4,NA,NA,NA,NA,0,0,0,1,1,"EMIG550",2275,550,NA,"Point",2208.348,NA,0.223115235180519,0,0,0,1,"EMIG_550_335","EMIG_541_326",2.13725834040923,"EMIG_544_329",1.52410172957239,"EMIG_497_321",3.78897046091205,"EMIG_549_334",0.318604986025173,NA,42.37383581,-111.5531504,42.37385073,-111.553134,NA,39.1811339818562,42.37384882,-111.5531563,NA,-18.5856995462204,42.37386743,-111.5531331,NA,22.0814174384893,42.37383835,-111.5531522,NA,-27.7200677653289,0,0,0,2,2,1,0,1
"112","EMIG",551,"ABLA",1.4,8.7,0,0,"0",1,1,1,1,"0","0","0","BO",NA,NA,0,0,"0","0","0","0",0,0,0,0,"0","0","0",NA,0,0,0,1,"0","0","0",NA,0,0,0,0,"0","0","0",NA,0,0,0,0,"0","0","0",NA,0,0,0,1,"0","0","0",NA,0,0,0,0,"0","0","0",NA,NA,NA,NA,NA,1,2,3,4,NA,NA,NA,NA,0,0,0,1,1,"EMIG551",2276,551,NA,"Point",2209.02,NA,0.223770943816596,0,0,0,1,"EMIG_551_336","EMIG_541_326",2.88691339612887,"EMIG_554_338",1.90121975591595,"EMIG_497_321",4.65176768205614,"EMIG_550_335",0.959661765356989,NA,42.37382723,-111.553149,42.37385073,-111.553134,NA,25.3275059634383,42.37381016,-111.5531508,NA,-175.52926550429,42.37386743,-111.5531331,NA,16.3449352596077,42.37383581,-111.5531504,NA,-6.89854314205243,0,0,0,2,2,1,0,1
"113","EMIG",553,"ABLA",2,11.9,0,0,"0",1,1,1,1,"0","0","0","BO",NA,NA,0,0,"0","0","0","0",0,0,0,0,"0","0","0",NA,0,0,0,0,"0","0","0",NA,0,0,0,0,"0","0","0",NA,0,0,0,1,"0","0","0",NA,0,0,0,0,"0","0","0",NA,0,0,0,0,"0","0","0",NA,NA,NA,NA,NA,1,2,3,4,NA,NA,NA,NA,0,0,0,1,1,"EMIG553",2278,553,NA,"Point",2208.352,NA,0.221696095622497,0,0,0,1,"EMIG_553_337","EMIG_494_318",3.0025320634755,"EMIG_544_329",2.3134409574195,"EMIG_497_321",5.12660663449554,"EMIG_556_340",0.718238139991411,NA,42.37383301,-111.5531746,42.37385833,-111.5531618,NA,20.5480041231766,42.37384882,-111.5531563,NA,40.6381703966619,42.37386743,-111.5531331,NA,41.7966580037462,42.37383687,-111.5531816,NA,-53.3623383392231,0,0,0,1,2,2,0,2
"114","EMIG",554,"ABLA",NA,6.4,0,1,"0",1,1,1,1,"0","BO","0","BO",NA,NA,0,0,"0","0","0","0",0,0,0,1,"0","0","0",NA,0,1,0,0,"0","0","0",NA,0,0,0,0,"0","0","0",NA,0,0,0,0,"0","0","0",NA,0,0,0,0,"0","0","0",NA,0,0,0,0,"0","0","0",NA,"WOB","WOB","WOB","WOB",1,2,3,4,NA,NA,NA,NA,0,1,0,1,1,"EMIG554",2279,554,NA,"Point",2209.067,NA,0.224779715916903,0,1,0,1,"EMIG_554_338","EMIG_541_326",4.71242109747473,"EMIG_544_329",4.31658381484328,"EMIG_497_321",6.5240440264279,"EMIG_555_339",1.01781320333997,NA,42.37381016,-111.5531508,42.37385073,-111.553134,NA,17.0689117913921,42.37384882,-111.5531563,NA,-6.02171170087028,42.37386743,-111.5531331,NA,12.9072407100932,42.37380628,-111.553162,NA,-115.042530554557,0,1,0,1,2,1,0,1
"115","EMIG",555,"ABLA",NA,5.1,0,0,"0",1,1,1,1,"0","0","0","BO",NA,NA,0,0,"0","0","0","0",0,0,0,1,"0","0","0",NA,0,0,0,0,"0","0","0",NA,0,0,0,0,"0","0","0",NA,0,0,0,0,"0","0","0",NA,0,0,0,0,"0","0","0",NA,0,0,0,0,"0","0","0",NA,NA,NA,NA,NA,1,2,3,4,NA,NA,NA,NA,0,0,0,1,1,"EMIG555",2280,555,NA,"Point",2206.887,NA,0.224300990057179,0,0,0,1,"EMIG_555_339","EMIG_541_326",5.44752222542388,"EMIG_554_338",1.01781320333997,"EMIG_497_321",7.19487449250819,"EMIG_554_338",1.01781320333997,NA,42.37380628,-111.553162,42.37385073,-111.553134,NA,25.0360645688921,42.37381016,-111.5531508,NA,64.957461897038,42.37386743,-111.5531331,NA,19.3119754988287,42.37381016,-111.5531508,NA,64.957461897038,0,0,0,1,2,1,0,1
"116","EMIG",556,"ABLA",NA,3.6,0,0,"0",1,1,1,1,"0","0","0","0",NA,NA,0,0,"0","0","0","0",0,0,0,0,"0","0","0",NA,0,0,0,0,"0","0","0",NA,0,0,0,0,"0","0","0",NA,0,0,0,0,"0","0","0",NA,0,0,0,1,"0","0","0",NA,0,0,0,0,"0","0","0",NA,NA,NA,NA,NA,1,2,3,4,NA,NA,NA,NA,0,0,0,1,1,"EMIG556",2281,556,NA,"Point",2207.854,NA,0.220978555002229,0,0,0,1,"EMIG_556_340","EMIG_494_318",2.88716754517023,"EMIG_559_343",2.30226353995564,"EMIG_497_321",5.24024367790413,"EMIG_553_337",0.718238139991411,NA,42.37383687,-111.5531816,42.37385833,-111.5531618,NA,34.3769802233715,42.37385745,-111.5531782,NA,6.98389049846676,42.37386743,-111.5531331,NA,49.6424094356615,42.37383301,-111.5531746,NA,126.637656943021,0,0,0,1,2,2,0,2
"117","EMIG",557,"ABLA",1.5,10.8,1,0,"0",1,1,1,1,"0","0","0","0",NA,NA,0,0,"0","0","0","0",0,0,0,0,"0","0","0",NA,0,0,0,0,"0","0","0",NA,0,0,0,0,"0","0","0",NA,0,0,0,0,"0","0","0",NA,0,0,0,0,"0","0","0",NA,0,0,0,0,"0","0","0",NA,NA,NA,NA,NA,1,2,3,4,NA,NA,NA,NA,0,0,0,0,0,"EMIG557",2282,557,NA,"Point",2205.923,NA,0.220433494275153,0,0,0,0,"EMIG_557_341","EMIG_495_319",1.58257347857975,"EMIG_559_343",0.886970719391543,"EMIG_497_321",4.14867008569649,"EMIG_558_342",0.165160567040338,NA,42.37384949,-111.5531773,42.37386133,-111.5531666,NA,33.8255518678204,42.37385745,-111.5531782,NA,-4.7922260383929,42.37386743,-111.5531331,NA,61.3039225660793,42.37385097,-111.5531771,NA,5.72194126596292,0,0,0,0,1,3,0,3
"118","EMIG",558,"ABLA",1.4,10,0,0,"0",1,1,1,1,"0","0","0","BR",NA,NA,0,0,"0","0","0","0",0,0,0,0,"0","0","0",NA,0,0,0,0,"0","0","0",NA,0,0,0,1,"0","0","0",NA,0,0,0,0,"0","0","0",NA,0,0,0,1,"0","0","0",NA,0,0,0,0,"0","0","0",NA,NA,NA,NA,NA,1,2,3,4,NA,NA,NA,NA,0,0,0,1,1,"EMIG558",2284,558,NA,"Point",2207.16,NA,0.220349896220756,0,0,0,1,"EMIG_558_342","EMIG_495_319",1.43899059737781,"EMIG_559_343",0.725209742652458,"EMIG_497_321",4.05760506621194,"EMIG_559_343",0.725209742652458,NA,42.37385097,-111.5531771,42.37386133,-111.5531666,NA,36.9248687984941,42.37385745,-111.5531782,NA,-7.17401061363675,42.37386743,-111.5531331,NA,63.2281705511465,42.37385745,-111.5531782,NA,-7.17401061363675,0,0,0,2,1,3,0,3
"119","EMIG",559,"ABLA",2.8,17.2,0,0,"0",1,1,1,1,"0","BO","BO","BO",NA,NA,0,0,"0","0","0","0",0,1,0,0,"0","0","0",NA,0,0,0,1,"0","0","0",NA,0,0,0,0,"0","0","0",NA,0,0,0,0,"0","0","0",NA,0,0,0,1,"0","0","0",NA,0,0,0,0,"0","0","0",NA,NA,NA,NA,NA,1,2,3,4,NA,NA,NA,NA,0,1,0,1,1,"EMIG559",2285,559,NA,"Point",2207.238,NA,0.219853487715931,0,1,0,1,"EMIG_559_343","EMIG_495_319",1.04774261169802,"EMIG_495_319",1.04774261169802,"EMIG_497_321",3.87505995382604,"EMIG_562_346",0.59900092269163,NA,42.37385745,-111.5531782,42.37386133,-111.5531666,NA,65.7197948045289,42.37386133,-111.5531666,NA,65.7197948045289,42.37386743,-111.5531331,NA,73.3828707603785,42.37385598,-111.5531712,NA,105.81303429618,0,1,0,2,1,3,0,3
"120","EMIG",560,"ABLA",1,7.4,0,0,"0",1,1,1,1,"0","0","0","0",NA,NA,0,0,"0","0","0","0",0,0,0,0,"0","0","0",NA,0,0,0,0,"0","0","0",NA,0,0,0,0,"0","0","0",NA,0,0,0,0,"0","0","0",NA,0,0,0,0,"0","0","0",NA,0,0,0,0,"0","0","0",NA,NA,NA,NA,NA,1,2,3,4,NA,NA,NA,NA,0,0,0,0,0,"EMIG560",2286,560,NA,"Point",2209.94,NA,0.220867508706659,0,0,0,0,"EMIG_560_344","EMIG_494_318",0.631117766551574,"EMIG_494_318",0.631117766551574,"EMIG_497_321",3.1367571895541,"EMIG_562_346",0.454100815724738,NA,42.37385384,-111.5531665,42.37385833,-111.5531618,NA,37.8171741617585,42.37385833,-111.5531618,NA,37.8171741617585,42.37386743,-111.5531331,NA,61.2442725186759,42.37385598,-111.5531712,NA,-58.4472538553464,0,0,0,0,2,2,0,2
"121","EMIG",561,"ABLA",2.5,17,0,0,"0",1,1,1,1,"0","0","0","BO",NA,NA,0,0,"0","0","0","0",0,0,0,1,"0","0","0",NA,0,0,0,0,"0","0","0",NA,0,0,0,0,"0","0","0",NA,0,0,0,0,"0","0","0",NA,0,0,0,0,"0","0","0",NA,0,0,0,0,"0","0","0",NA,NA,NA,NA,NA,1,2,3,4,NA,NA,NA,NA,0,0,0,1,1,"EMIG561",2287,561,NA,"Point",2209.782,NA,0.221130049296626,0,0,0,1,"EMIG_561_345","EMIG_494_318",1.44622983934355,"EMIG_544_329",1.12099037278624,"EMIG_497_321",3.7881285990413,"EMIG_558_342",0.781243761741525,NA,42.37384666,-111.5531696,42.37385833,-111.5531618,NA,26.3625969019796,42.37384882,-111.5531563,NA,77.645630807235,42.37386743,-111.5531331,NA,52.4959377496913,42.37385097,-111.5531771,NA,-52.2233773423772,0,0,0,1,2,2,0,2
"122","EMIG",562,"ABLA",3.4,21.8,3.7,0,"0",1,1,1,1,"0","0","0","BO",NA,NA,0,0,"0","0","0","0",0,0,0,1,"0","0","0",NA,0,0,0,0,"0","0","0",NA,0,0,0,0,"0","0","0",NA,0,0,0,0,"0","0","0",NA,0,0,0,0,"0","0","0",NA,0,0,0,0,"0","0","0",NA,NA,NA,NA,NA,1,2,3,4,NA,NA,NA,NA,0,0,0,1,1,"EMIG562",2288,562,NA,"Point",2209.445,NA,0.220415199281638,0,0,0,1,"EMIG_562_346","EMIG_495_319",0.704516715089068,"EMIG_559_343",0.59900092269163,"EMIG_497_321",3.38475314384602,"EMIG_559_343",0.59900092269163,NA,42.37385598,-111.5531712,42.37386133,-111.5531666,NA,32.5189112096396,42.37385745,-111.5531782,NA,-74.1869609860621,42.37386743,-111.5531331,NA,67.937075196211,42.37385745,-111.5531782,NA,-74.1869609860621,0,0,0,1,1,3,0,3
"123","EMIG",563,"ABLA",3.1,19.7,3.1,0,"0",1,1,1,1,"0","0","0","0",NA,NA,0,0,"0","0","0","0",0,0,0,0,"0","0","0",NA,0,0,0,0,"0","0","0",NA,0,0,0,0,"0","0","0",NA,0,0,0,0,"0","0","0",NA,0,0,0,0,"0","0","0",NA,0,0,0,0,"0","0","0",NA,NA,NA,NA,NA,1,2,3,4,NA,NA,NA,NA,0,0,0,0,0,"EMIG563",2289,563,NA,"Point",2209.959,NA,0.220694380531268,0,0,0,0,"EMIG_563_347","EMIG_494_318",0.848917336983948,"EMIG_493_317",0.762762596709062,"EMIG_497_321",3.38854716869819,"EMIG_562_346",0.322395052417329,NA,42.37385333,-111.5531696,42.37385833,-111.5531618,NA,49.1558780853651,42.37385949,-111.5531655,NA,26.2671539529243,42.37386743,-111.5531331,NA,62.4810712906262,42.37385598,-111.5531712,NA,-24.1174037995159,0,0,0,0,2,2,0,2
"124","EMIG",564,"ABLA",NA,5.4,0,0,"0",1,1,1,1,"0","0","0","0",NA,NA,0,0,"0","0","0","0",0,0,0,0,"0","0","0",NA,0,0,0,0,"0","0","0",NA,0,0,0,0,"0","0","0",NA,0,0,0,0,"0","0","0",NA,0,0,0,0,"0","0","0",NA,0,0,0,0,"0","0","0",NA,NA,NA,NA,NA,1,2,3,4,NA,NA,NA,NA,0,0,0,0,0,"EMIG564",2290,564,NA,"Point",2209.044,NA,0.213909211272996,0,0,0,0,"EMIG_564_348","EMIG_495_319",6.96834511493971,"EMIG_484_308",1.6521869916385,"EMIG_477_300",5.16633864439911,"EMIG_481_304",2.37230683936983,NA,42.37387687,-111.5532486,42.37386133,-111.5531666,NA,104.337063752579,42.37388753,-111.5532346,NA,44.2395340675275,42.37392036,-111.5532263,NA,20.8169122527218,42.37388964,-111.5532255,NA,53.2934493190222,0,0,0,0,1,3,0,3
"125","EMIG",565,"ABLA",1.6,8.5,3.1,0,"0",1,1,1,1,"0","0","0","0",NA,NA,0,0,"0","0","0","0",0,0,0,0,"0","0","0",NA,0,0,0,0,"0","0","0",NA,0,0,0,0,"0","0","0",NA,0,0,0,0,"0","0","0",NA,0,0,0,0,"0","0","0",NA,0,0,0,0,"0","0","0",NA,NA,NA,NA,NA,1,2,3,4,NA,NA,NA,NA,0,0,0,0,0,"EMIG565",2292,565,NA,"Point",2211.049,NA,0.211260027946571,0,0,0,0,"EMIG_565_349","EMIG_467_289",6.4648507822493,"EMIG_484_308",3.46937028881876,"EMIG_477_300",5.42707924106634,"EMIG_566_350",0.479380234913349,NA,42.37388886,-111.5532767,42.37394494,-111.5532556,NA,15.5880512053039,42.37388753,-111.5532346,NA,92.439650954642,42.37392036,-111.5532263,NA,49.8721384683327,42.37388587,-111.5532809,NA,-133.83423907155,0,0,0,0,1,0,0,3
"126","EMIG",566,"ABLA",1.9,8.9,1.4,0,"0",1,1,1,1,"0","0","0","BO",NA,NA,0,0,"0","0","0","0",0,0,0,0,"0","0","0",NA,0,0,0,0,"0","0","0",NA,0,0,0,1,"0","0","0",NA,0,0,0,0,"0","0","0",NA,0,0,0,0,"0","0","0",NA,0,0,0,1,"0","0","0",NA,NA,NA,NA,NA,1,2,3,4,NA,NA,NA,NA,0,0,0,1,1,"EMIG566",2293,566,NA,"Point",2210.164,NA,0.211180372515766,0,0,0,1,"EMIG_566_350","EMIG_467_289",6.88189048817114,"EMIG_484_308",3.81647874734794,"EMIG_477_300",5.90553812410682,"EMIG_570_354",0.899979962564896,NA,42.37388587,-111.5532809,42.37394494,-111.5532556,NA,17.618783262806,42.37388753,-111.5532346,NA,87.2316903899388,42.37392036,-111.5532263,NA,49.5714799882957,42.37387812,-111.5532841,NA,-162.977533849479,0,0,0,2,1,0,0,3
"127","EMIG",567,"ABLA",3.8,15.5,5.1,0,"0",1,1,1,1,"0","0","0","BO",NA,NA,0,0,"0","0","0","0",0,0,0,0,"0","0","0",NA,0,0,0,0,"0","0","0",NA,0,0,0,0,"0","0","0",NA,0,0,0,1,"0","0","0",NA,0,0,0,0,"0","0","0",NA,0,0,0,0,"0","0","0",NA,NA,NA,NA,NA,1,2,3,4,NA,NA,NA,NA,0,0,0,1,1,"EMIG567",2294,567,NA,"Point",2210.594,NA,0.210144761042506,0,0,0,1,"EMIG_567_351","EMIG_467_289",7.00970599854409,"EMIG_484_308",4.88369525381221,"EMIG_477_300",6.59131766800344,"EMIG_569_353",0.418236457744116,NA,42.37388856,-111.5532939,42.37394494,-111.5532556,NA,26.7344321289677,42.37388753,-111.5532346,NA,91.3418991974192,42.37392036,-111.5532263,NA,57.6078622903577,42.37389232,-111.5532936,NA,3.38570786306967,0,0,0,1,1,0,0,3
"128","EMIG",568,"ABLA",1.6,9.2,0,0,"0",1,1,1,1,"0","0","0","BO",NA,NA,0,0,"0","0","0","0",0,0,0,0,"0","0","0",NA,0,0,0,0,"0","0","0",NA,0,0,0,0,"0","0","0",NA,0,0,0,1,"0","0","0",NA,0,0,0,0,"0","0","0",NA,0,0,0,0,"0","0","0",NA,NA,NA,NA,NA,1,2,3,4,NA,NA,NA,NA,0,0,0,1,1,"EMIG568",2295,568,NA,"Point",2211.975,NA,0.21027845092615,0,0,0,1,"EMIG_568_352","EMIG_467_289",5.95395522134738,"EMIG_484_308",4.21831856687941,"EMIG_477_300",5.51953449356711,"EMIG_569_353",0.83672974665744,NA,42.37389582,-111.5532846,42.37394494,-111.5532556,NA,23.6420022481628,42.37388753,-111.5532346,NA,102.604370501026,42.37392036,-111.5532263,NA,60.4170901273434,42.37389232,-111.5532936,NA,-117.67596002066,0,0,0,1,1,0,0,3
"129","EMIG",569,"ABLA",2.4,7.2,0,0,"0",1,1,1,1,"0","0","BO","BO",NA,NA,0,0,"0","0","0","0",0,0,0,0,"0","0","0",NA,0,0,0,0,"0","0","0",NA,0,0,0,0,"0","0","0",NA,0,0,0,0,"0","0","0",NA,0,0,0,1,"0","0","0",NA,0,0,0,0,"0","0","0",NA,NA,NA,NA,NA,1,2,3,4,NA,NA,NA,NA,0,0,0,1,1,"EMIG569",2296,569,NA,"Point",2210.536,NA,0.209915175382255,0,0,0,1,"EMIG_569_353","EMIG_467_289",6.62779215259633,"EMIG_484_308",4.8866872556857,"EMIG_477_300",6.35586183594333,"EMIG_567_351",0.418236457744116,NA,42.37389232,-111.5532936,42.37394494,-111.5532556,NA,28.1675238629796,42.37388753,-111.5532346,NA,96.2485436274509,42.37392036,-111.5532263,NA,60.6680826265769,42.37388856,-111.5532939,NA,-176.614291934741,0,0,0,1,1,0,0,3
"130","EMIG",570,"ABLA",2.3,10.9,1,0,"0",1,1,1,1,"0","0","BO","BO",NA,NA,0,0,"0","0","0","0",0,0,0,1,"0","0","0",NA,0,0,0,0,"0","0","0",NA,0,0,0,0,"0","0","0",NA,0,0,0,0,"0","0","0",NA,0,0,0,1,"0","0","0",NA,0,0,0,0,"0","0","0",NA,NA,NA,NA,NA,1,2,3,4,NA,NA,NA,NA,0,0,0,1,1,"EMIG570",2297,570,NA,"Point",2211.154,NA,0.211484177299475,0,0,0,1,"EMIG_570_354","EMIG_467_289",7.78182734515013,"EMIG_484_308",4.20730275649698,"EMIG_477_300",6.68172735040064,"EMIG_566_350",0.899979962564896,NA,42.37387812,-111.5532841,42.37394494,-111.5532556,NA,17.5498173694293,42.37388753,-111.5532346,NA,75.6201879774884,42.37392036,-111.5532263,NA,45.4157536531433,42.37388587,-111.5532809,NA,17.0224639938306,0,0,0,2,1,0,0,3
"131","EMIG",571,"ABLA",NA,3.9,0,0,"0",1,1,1,1,"0","0","0","BO",NA,NA,0,0,"0","0","0","0",0,0,0,1,"0","0","0",NA,0,0,0,0,"0","0","0",NA,0,0,0,0,"0","0","0",NA,0,0,0,0,"0","0","0",NA,0,0,0,0,"0","0","0",NA,0,0,0,0,"0","0","0",NA,NA,NA,NA,NA,1,2,3,4,NA,NA,NA,NA,0,0,0,1,1,"EMIG571",2298,571,NA,"Point",2210.543,NA,0.210214622298626,0,0,0,1,"EMIG_571_355","EMIG_467_289",7.62755406740905,"EMIG_484_308",5.21214955646494,"EMIG_477_300",7.14724428380181,"EMIG_567_351",0.618987170278604,NA,42.37388375,-111.5532977,42.37394494,-111.5532556,NA,27.0285449311483,42.37388753,-111.5532346,NA,85.381026944274,42.37392036,-111.5532263,NA,55.3354975621786,42.37388856,-111.5532939,NA,30.3611117414486,0,0,0,1,1,0,0,3
"132","EMIG",572,"ABLA",1.3,5.7,0,0,"0",1,1,1,1,"0","0","0","0",NA,NA,0,0,"0","0","0","0",0,0,0,0,"0","0","0",NA,0,0,0,0,"0","0","0",NA,0,0,0,0,"0","0","0",NA,0,0,0,0,"0","0","0",NA,0,0,0,0,"0","0","0",NA,0,0,0,0,"0","0","0",NA,"Bent","Bent","Bent","Bent",1,2,3,4,NA,NA,NA,NA,0,0,0,0,0,"EMIG572",2299,572,NA,"Point",2210.531,NA,0.210590986998468,0,0,0,0,"EMIG_572_356","EMIG_467_289",7.1607596986647,"EMIG_484_308",4.56573140011832,"EMIG_477_300",6.50455978468764,"EMIG_567_351",0.450835148060375,NA,42.37388571,-111.55329,42.37394494,-111.5532556,NA,23.2987067633848,42.37388753,-111.5532346,NA,87.463095474584,42.37392036,-111.5532263,NA,53.7358787793721,42.37388856,-111.5532939,NA,-45.4168207854614,0,0,0,0,1,0,0,3
"133","EMIG",573,"ABLA",1.1,6.8,1.7,0,"0",1,1,1,1,"0","0","0","0",NA,NA,0,0,"0","0","0","0",0,0,0,0,"0","0","0",NA,0,0,0,0,"0","0","0",NA,0,0,0,0,"0","0","0",NA,0,0,0,0,"0","0","0",NA,0,0,0,0,"0","0","0",NA,0,0,0,0,"0","0","0",NA,NA,NA,NA,NA,1,2,3,4,NA,NA,NA,NA,0,0,0,0,0,"EMIG573",2300,573,NA,"Point",2210.47,NA,0.21013633602963,0,0,0,0,"EMIG_573_357","EMIG_467_289",7.56568113103628,"EMIG_484_308",5.23875694828835,"EMIG_477_300",7.12563837827785,"EMIG_571_355",0.0926604467794599,NA,42.37388453,-111.5532981,42.37394494,-111.5532556,NA,27.5487872471603,42.37388753,-111.5532346,NA,86.3542520294862,42.37392036,-111.5532263,NA,56.0589321176432,42.37388375,-111.5532977,NA,159.180887066211,0,0,0,0,1,0,0,3
"134","EMIG",574,"ABLA",2.6,11.4,2.1,0,"0",1,1,1,1,"0","0","0","0",NA,NA,0,0,"0","0","0","0",0,0,0,0,"0","0","0",NA,0,0,0,0,"0","0","0",NA,0,0,0,0,"0","0","0",NA,0,0,0,0,"0","0","0",NA,0,0,0,0,"0","0","0",NA,0,0,0,0,"0","0","0",NA,NA,NA,NA,NA,1,2,3,4,NA,NA,NA,NA,0,0,0,0,0,"EMIG574",2301,574,NA,"Point",2212.208,NA,0.210217380273705,0,0,0,0,"EMIG_574_358","EMIG_594_376",7.33121271055525,"EMIG_484_308",5.57168909465814,"EMIG_477_300",7.64513400437549,"EMIG_571_355",0.523503672606338,NA,42.37387997,-111.5533015,42.37381995,-111.5533386,NA,-155.376616487091,42.37388753,-111.5532346,NA,81.3345534266248,42.37392036,-111.5532263,NA,54.0817643455372,42.37388375,-111.5532977,NA,36.7009607758011,0,0,0,0,1,1,0,3
"135","EMIG",575,"ABLA",1.9,9.7,0,0,"0",1,1,1,1,"0","0","0","0",NA,NA,0,0,"0","0","0","0",0,0,0,0,"0","0","0",NA,0,0,0,0,"0","0","0",NA,0,0,0,0,"0","0","0",NA,0,0,0,0,"0","0","0",NA,0,0,0,0,"0","0","0",NA,0,0,0,0,"0","0","0",NA,NA,NA,NA,NA,1,2,3,4,NA,NA,NA,NA,0,0,0,0,0,"EMIG575",2302,575,NA,"Point",2211.167,NA,0.210406686000374,0,0,0,0,"EMIG_575_359","EMIG_594_376",7.65060963227213,"EMIG_484_308",5.1801795050947,"EMIG_477_300",7.24189449713384,"EMIG_571_355",0.249911615905166,NA,42.37388156,-111.553297,42.37381995,-111.5533386,NA,-153.404750385248,42.37388753,-111.5532346,NA,82.6477329384972,42.37392036,-111.5532263,NA,53.493406266128,42.37388375,-111.5532977,NA,-13.333245002374,0,0,0,0,1,1,0,3
"136","EMIG",576,"ABLA",NA,6.2,0,0,"0",1,1,1,1,"0","0","0","0",NA,NA,0,0,"0","0","0","0",0,0,0,0,"0","0","0",NA,0,0,0,0,"0","0","0",NA,0,0,0,0,"0","0","0",NA,0,0,0,0,"0","0","0",NA,0,0,0,0,"0","0","0",NA,0,0,0,0,"0","0","0",NA,NA,NA,NA,NA,1,2,3,4,NA,NA,NA,NA,0,0,0,0,0,"EMIG576",2303,576,NA,"Point",2211.227,NA,0.210348065821752,0,0,0,0,"EMIG_576_360","EMIG_594_376",6.35112403634608,"EMIG_581_365",5.16830846004055,"EMIG_477_300",8.55051081850108,"EMIG_571_355",1.50518240670748,NA,42.37387226,-111.5533074,42.37381995,-111.5533386,NA,-156.142495737151,42.37382595,-111.5533011,NA,174.240010417262,42.37392036,-111.5532263,NA,51.3443531771501,42.37388375,-111.5532977,NA,32.0451877736237,0,0,0,0,1,1,0,3
"137","EMIG",577,"ABLA",1.1,7.2,1.8,0,"0",1,1,1,1,"0","0","0","0",NA,NA,0,0,"0","0","0","0",0,0,0,0,"0","0","0",NA,0,0,0,0,"0","0","0",NA,0,0,0,0,"0","0","0",NA,0,0,0,0,"0","0","0",NA,0,0,0,0,"0","0","0",NA,0,0,0,0,"0","0","0",NA,NA,NA,NA,NA,1,2,3,4,NA,NA,NA,NA,0,0,0,0,0,"EMIG577",2304,577,NA,"Point",2210.525,NA,0.209374864900757,0,0,0,0,"EMIG_577_361","EMIG_594_376",6.54613790095286,"EMIG_581_365",5.80853745081715,"EMIG_477_300",8.9381186202007,"EMIG_571_355",1.81060566597623,NA,42.37387681,-111.5533176,42.37381995,-111.5533386,NA,-164.685038978598,42.37382595,-111.5533011,NA,166.47441254168,42.37392036,-111.5532263,NA,57.24652107323,42.37388375,-111.5532977,NA,64.8107668236363,0,0,0,0,1,1,0,3
"138","EMIG",578,"ABLA",1,6.5,0,0,"0",1,1,1,1,"0","0","0","BO",NA,NA,0,0,"0","0","0","0",0,0,0,1,"0","0","0",NA,0,0,0,1,"0","0","0",NA,0,0,0,0,"0","0","0",NA,0,0,0,2,"0","0","0",NA,0,0,0,0,"0","0","0",NA,0,0,0,1,"0","0","0",NA,NA,NA,NA,NA,1,2,3,4,NA,NA,NA,NA,0,0,0,1,1,"EMIG578",2305,578,NA,"Point",2211.744,NA,0.210739342156708,0,0,0,1,"EMIG_578_362","EMIG_594_376",4.33684363570015,"EMIG_581_365",3.62377187637407,"EMIG_477_300",10.4145659258575,"EMIG_597_378",1.3617918650086,NA,42.37385599,-111.5533183,42.37381995,-111.5533386,NA,-157.332208915266,42.37382595,-111.5533011,NA,156.996373515585,42.37392036,-111.5532263,NA,46.6615785120073,42.3738588,-111.5533344,NA,-76.7544799264361,0,0,0,5,1,1,0,3
"139","EMIG",7411,"ABLA",NA,7.5,0,1,"0",1,1,1,1,"0","0","0","0",NA,NA,0,0,"0","0","0","0",0,0,0,0,"0","0","0",NA,0,0,0,0,"0","0","0",NA,0,0,0,0,"0","0","0",NA,0,0,0,0,"0","0","0",NA,0,0,0,0,"0","0","0",NA,0,0,0,0,"0","0","0",NA,NA,NA,NA,NA,1,2,3,4,NA,NA,NA,NA,0,0,0,0,0,"EMIG7411",5326,7411,NA,"Point",2210.631,-16.993,0.21167363407971,0,0,0,0,"EMIG_7411_363","EMIG_594_376",4.04413146394555,"EMIG_581_365",2.75544058606113,"EMIG_477_300",10.458850397996,"EMIG_578_362",0.946373316534026,NA,42.3738497826667,-111.5533104235,42.37381995,-111.5533386,NA,-144.995779085024,42.37382595,-111.5533011,NA,163.824023562782,42.37392036,-111.5532263,NA,41.4700566790139,42.37385599,-111.5533183,NA,-43.2548627710182,0,0,0,0,1,1,0,3
"140","EMIG",580,"ABLA",NA,5.4,0,0,"0",1,1,1,1,"0","0","0","0",NA,NA,0,0,"0","0","0","0",0,0,0,0,"0","0","0",NA,0,0,0,0,"0","0","0",NA,0,0,0,0,"0","0","0",NA,0,0,0,0,"0","0","0",NA,0,0,0,0,"0","0","0",NA,0,0,0,0,"0","0","0",NA,NA,NA,NA,NA,1,2,3,4,NA,NA,NA,NA,0,0,0,0,0,"EMIG580",2307,580,NA,"Point",2210.237,NA,0.213032086232441,0,0,0,0,"EMIG_580_364","EMIG_594_376",3.44814167760387,"EMIG_581_365",1.20294242057163,"EMIG_477_300",11.2502847034702,"EMIG_581_365",1.20294242057163,NA,42.37383666,-111.5533033,42.37381995,-111.5533386,NA,-122.554691590505,42.37382595,-111.5533011,NA,171.339747168709,42.37392036,-111.5532263,NA,34.298895886098,42.37382595,-111.5533011,NA,171.339747168709,0,0,0,0,1,1,0,3
"141","EMIG",581,"ABLA",3.8,11.7,2.3,1,"0",1,1,1,1,"0","BO","BO","BO",NA,NA,0,0,"0","0","0","0",0,0,0,1,"0","0","0",NA,0,1,0,0,"0","0","0",NA,0,0,0,0,"0","0","0",NA,0,0,0,0,"0","0","0",NA,0,0,0,1,"0","0","0",NA,0,0,0,0,"0","0","0",NA,NA,NA,NA,NA,1,2,3,4,NA,NA,NA,NA,0,1,0,1,1,"EMIG581",2308,581,NA,"Point",2210.005,NA,0.213909749051823,0,1,0,1,"EMIG_581_365","EMIG_594_376",3.15855999077786,"EMIG_593_375",2.33877808760931,"EMIG_477_300",12.1583141305452,"EMIG_586_370",0.558921599643722,NA,42.37382595,-111.5533011,42.37381995,-111.5533386,NA,-102.176820522479,42.37382413,-111.5533294,NA,-94.957028848014,42.37392036,-111.5532263,NA,30.4327824430496,42.37382183,-111.5532972,NA,144.935479634224,0,1,0,2,1,1,0,3
"142","EMIG",582,"ABLA",NA,4.8,0,0,"0",1,1,1,1,"0","0","0","0",NA,NA,0,0,"0","0","0","0",0,0,0,0,"0","0","0",NA,0,0,0,0,"0","0","0",NA,0,0,0,0,"0","0","0",NA,0,0,0,0,"0","0","0",NA,0,0,0,0,"0","0","0",NA,0,0,0,0,"0","0","0",NA,NA,NA,NA,NA,1,2,3,4,NA,NA,NA,NA,0,0,0,0,0,"EMIG582",2309,582,NA,"Point",2209.204,NA,0.214536967489591,0,0,0,0,"EMIG_582_366","EMIG_594_376",3.75873978946533,"EMIG_581_365",0.672583009016778,"EMIG_477_300",12.0232081120656,"EMIG_586_370",0.411664994928243,NA,42.37382415,-111.5532933,42.37381995,-111.5533386,NA,-97.1272947180554,42.37382595,-111.5533011,NA,-72.7124147504726,42.37392036,-111.5532263,NA,27.3100784369952,42.37382183,-111.5532972,NA,-128.73921746042,0,0,0,0,1,1,0,3
"143","EMIG",583,"ABLA",1.7,9.4,0,0,"0",1,1,1,1,"0","0","BO","BR, BO",NA,NA,0,0,"0","0","0","0",0,0,0,1,"0","0","0",NA,0,0,0,2,"0","0","0",NA,0,0,0,2,"0","0","0",NA,0,0,0,1,"0","0","0",NA,0,0,0,1,"0","0","0",NA,0,0,0,1,"0","0","0",NA,NA,NA,NA,NA,1,2,3,4,NA,NA,NA,NA,0,0,0,1,1,"EMIG583",2310,583,NA,"Point",2209.445,NA,0.215010950902802,0,0,0,1,"EMIG_583_367","EMIG_594_376",4.0778582052262,"EMIG_581_365",1.11996847384566,"EMIG_477_300",12.1642146792234,"EMIG_586_370",0.670558140660302,NA,42.3738212,-111.5532891,42.37381995,-111.5533386,NA,-91.9505453714887,42.37382595,-111.5533011,NA,-61.9048347708665,42.37392036,-111.5532263,NA,25.1544516485797,42.37382183,-111.5532972,NA,-84.0118424439374,0,0,0,8,1,1,0,3
"144","EMIG",584,"ABLA",NA,4.5,0,0,"0",1,1,1,1,"0","0","0","0",NA,NA,0,0,"0","0","0","0",0,0,0,0,"0","0","0",NA,0,0,0,0,"0","0","0",NA,0,0,0,0,"0","0","0",NA,0,0,0,0,"0","0","0",NA,0,0,0,0,"0","0","0",NA,0,0,0,0,"0","0","0",NA,NA,NA,NA,NA,1,2,3,4,NA,NA,NA,NA,0,0,0,0,0,"EMIG584",2311,584,NA,"Point",2208.891,NA,0.217756211526847,0,0,0,0,"EMIG_584_368","EMIG_594_376",6.82512152503351,"EMIG_581_365",3.99298864823481,"EMIG_497_321",11.8717889447705,"EMIG_585_369",2.20326078350141,NA,42.373812,-111.5532564,42.37381995,-111.5533386,NA,-82.5685303535307,42.37382595,-111.5533011,NA,-67.1743303824991,42.37386743,-111.5531331,NA,58.7718459745005,42.37380647,-111.5532821,NA,-106.182531781026,0,0,0,0,1,1,0,3
"145","EMIG",585,"ABLA",NA,5,0,0,"0",1,1,1,1,"0","0","0","BO",NA,NA,0,0,"0","0","0","0",0,0,0,1,"0","0","0",NA,0,0,0,0,"0","0","0",NA,0,0,0,0,"0","0","0",NA,0,0,0,1,"0","0","0",NA,0,0,0,0,"0","0","0",NA,0,0,0,1,"0","0","0",NA,NA,NA,NA,NA,1,2,3,4,NA,NA,NA,NA,0,0,0,1,1,"EMIG585",2312,585,NA,"Point",2209.339,NA,0.216477760180408,0,0,0,1,"EMIG_585_369","EMIG_594_376",4.88670999603029,"EMIG_581_365",2.66943257460681,"EMIG_477_300",13.4548740058218,"EMIG_583_367",1.73417388378887,NA,42.37380647,-111.5532821,42.37381995,-111.5533386,NA,-72.1635174729351,42.37382595,-111.5533011,NA,-35.874830476026,42.37392036,-111.5532263,NA,19.9653345457114,42.3738212,-111.5532891,NA,-19.410771874749,0,0,0,3,1,1,0,3
"146","EMIG",586,"ABLA",1.7,8.7,2.6,0,"0",1,1,1,1,"0","0","0","BO",NA,NA,0,0,"0","0","0","0",0,0,0,1,"0","0","0",NA,0,0,0,2,"0","0","0",NA,0,0,0,2,"0","0","0",NA,0,0,0,0,"0","0","0",NA,0,0,0,0,"0","0","0",NA,0,0,0,1,"0","0","0",NA,NA,NA,NA,NA,1,2,3,4,NA,NA,NA,NA,0,0,0,1,1,"EMIG586",2313,586,NA,"Point",2209.991,NA,0.214445034885795,0,0,0,1,"EMIG_586_370","EMIG_594_376",3.41498247977812,"EMIG_581_365",0.558921599643722,"EMIG_477_300",12.4005528356615,"EMIG_581_365",0.558921599643722,NA,42.37382183,-111.5532972,42.37381995,-111.5533386,NA,-93.5045839856812,42.37382595,-111.5533011,NA,-35.0645177373131,42.37392036,-111.5532263,NA,28.0822437219064,42.37382595,-111.5533011,NA,-35.0645177373131,0,0,0,6,1,1,0,3
"147","EMIG",587,"ABLA",NA,6.9,0,0,"0",1,1,1,1,"0","0","0","BO",NA,NA,0,0,"0","0","0","0",0,0,0,1,"0","0","0",NA,0,0,0,1,"0","0","0",NA,0,0,0,2,"0","0","0",NA,0,0,0,0,"0","0","0",NA,0,0,0,0,"0","0","0",NA,0,0,0,1,"0","0","0",NA,"1 Dead","1 Dead","1 Dead","1 Dead",1,2,3,4,NA,NA,NA,NA,0,0,0,1,1,"EMIG587",2314,587,NA,"Point",2210.484,NA,0.214401780021913,0,0,0,1,"EMIG_587_371","EMIG_594_376",2.81024749189126,"EMIG_581_365",1.24897448938582,"EMIG_477_300",13.3678968415341,"EMIG_586_370",0.990710924325084,NA,42.3738151,-111.5533051,42.37381995,-111.5533386,NA,-78.9518318755969,42.37382595,-111.5533011,NA,15.2886916659721,42.37392036,-111.5532263,NA,29.0341327014551,42.37382183,-111.5532972,NA,41.0358519106683,0,0,0,5,1,1,0,3
"148","EMIG",588,"ABLA",NA,1.7,0,0,"0",1,1,1,1,"0","0","0","0",NA,NA,0,0,"0","0","0","0",0,0,0,0,"0","0","0",NA,0,0,0,0,"0","0","0",NA,0,0,0,0,"0","0","0",NA,0,0,0,0,"0","0","0",NA,0,0,0,0,"0","0","0",NA,0,0,0,0,"0","0","0",NA,NA,NA,NA,NA,1,2,3,4,NA,NA,NA,NA,0,0,0,0,0,"EMIG588",2315,588,NA,"Point",2210.642,NA,0.215463757956698,0,0,0,0,"EMIG_588_372","EMIG_594_376",3.62305502840512,"EMIG_581_365",2.33221020904972,"EMIG_477_300",14.1584315674688,"EMIG_587_371",1.21462571614746,NA,42.37380498,-111.5532995,42.37381995,-111.5533386,NA,-62.6903669230039,42.37382595,-111.5533011,NA,-3.23803318846556,42.37392036,-111.5532263,NA,25.1929186461167,42.3738151,-111.5533051,NA,-22.3086152671375,0,0,0,0,1,1,0,3
"149","EMIG",591,"ABLA",NA,2.3,0,0,"0",1,1,1,1,"0","0","0","0",NA,NA,0,0,"0","0","0","0",0,0,0,0,"0","0","0",NA,0,0,0,0,"0","0","0",NA,0,0,0,0,"0","0","0",NA,0,0,0,0,"0","0","0",NA,0,0,0,0,"0","0","0",NA,0,0,0,0,"0","0","0",NA,NA,NA,NA,NA,1,2,3,4,NA,NA,NA,NA,0,0,0,0,0,"EMIG591",2318,591,NA,"Point",2209.566,NA,0.214008352488519,0,0,0,0,"EMIG_591_373","EMIG_594_376",2.35586558813821,"EMIG_594_376",2.35586558813821,"EMIG_477_300",15.6899863257124,"EMIG_594_376",2.35586558813821,NA,42.37380049,-111.5533272,42.37381995,-111.5533386,NA,-23.4787786218512,42.37381995,-111.5533386,NA,-23.4787786218512,42.37392036,-111.5532263,NA,31.9697966893492,42.37381995,-111.5533386,NA,-23.4787786218512,0,0,0,0,1,1,0,3
"150","EMIG",592,"ABLA",11.7,80.1,27.8,0,"0",1,1,NA,NA,"0","0",NA,NA,NA,NA,NA,NA,"0","0",NA,NA,0,0,NA,NA,"0","0",NA,NA,0,0,NA,NA,"0","0",NA,NA,0,0,NA,NA,"0","0",NA,NA,0,0,NA,NA,"0","0",NA,NA,0,0,NA,NA,"0","0",NA,NA,0,0,NA,NA,"0","0",NA,NA,NA,NA,NA,NA,1,2,NA,NA,NA,NA,NA,NA,0,0,NA,NA,NA,"EMIG592",2319,592,NA,"Point",2209.903,NA,0.212553370849123,0,0,NA,NA,"EMIG_592_374","EMIG_594_376",0.636173467990808,"EMIG_594_376",0.636173467990808,"EMIG_477_300",14.4916036215838,"EMIG_594_376",0.636173467990808,NA,42.37381634,-111.5533326,42.37381995,-111.5533386,NA,-50.9427623996653,42.37381995,-111.5533386,NA,-50.9427623996653,42.37392036,-111.5532263,NA,37.1523575863955,42.37381995,-111.5533386,NA,-50.9427623996653,0,0,NA,NA,1,1,0,3
"151","EMIG",593,"ABLA",2.1,14.2,0,0,"0",1,1,1,1,"0","BO","0","BO",NA,NA,0,0,"0","0","0","0",0,0,0,0,"0","0","0",NA,0,0,0,1,"0","0","0",NA,0,1,0,0,"0","0","0",NA,0,0,0,0,"0","0","0",NA,0,0,0,0,"0","0","0",NA,0,0,0,0,"0","0","0",NA,NA,NA,NA,NA,1,2,3,4,NA,NA,NA,NA,0,1,0,1,1,"EMIG593",2320,593,NA,"Point",2209.711,NA,0.212215488911102,0,1,0,1,"EMIG_593_375","EMIG_594_376",0.888359712647875,"EMIG_594_376",0.888359712647875,"EMIG_477_300",13.6466353188921,"EMIG_594_376",0.888359712647875,NA,42.37382413,-111.5533294,42.37381995,-111.5533386,NA,-121.498192450636,42.37381995,-111.5533386,NA,-121.498192450636,42.37392036,-111.5532263,NA,38.4641362923274,42.37381995,-111.5533386,NA,-121.498192450636,0,1,0,1,1,1,0,3
"152","EMIG",594,"ABLA",3.2,12.2,1.6,1,"0",1,1,1,1,"BO","BO","0","BO",NA,NA,0,0,"0","0","0","0",0,0,0,0,"0","0","0",NA,1,1,0,1,"0","0","0",NA,0,0,0,0,"0","0","0",NA,0,0,0,0,"0","0","0",NA,0,0,0,1,"0","0","0",NA,0,0,0,1,"0","0","0",NA,"1 DB","1 DB","1 DB","1 DB",1,2,3,4,NA,NA,NA,NA,1,1,0,1,0,"EMIG594",2321,594,NA,"Point",2209.002,NA,0.21191771649735,1,1,0,1,"EMIG_594_376","EMIG_601_393",7.6103445473403,"EMIG_593_375",0.888359712647875,"EMIG_477_300",14.4844190780041,"EMIG_593_375",0.888359712647875,NA,42.37381995,-111.5533386,42.37385479,-111.5534182,NA,-59.4470493015439,42.37382413,-111.5533294,NA,58.5018013488868,42.37392036,-111.5532263,NA,39.6682723029584,42.37382413,-111.5533294,NA,58.5018013488868,1,1,0,3,1,1,0,2
"153","EMIG",595,"ABLA",NA,1.3,0,0,"0",1,1,1,1,"0","0","0","0",NA,NA,0,0,"0","0","0","0",0,0,0,0,"0","0","0",NA,0,0,0,0,"0","0","0",NA,0,0,0,0,"0","0","0",NA,0,0,0,0,"0","0","0",NA,0,0,0,0,"0","0","0",NA,0,0,0,0,"0","0","0",NA,NA,NA,NA,NA,1,2,3,4,NA,NA,NA,NA,0,0,0,0,0,"EMIG595",2322,595,NA,"Point",2210.066,NA,0.211286637709931,0,0,0,0,"EMIG_595_377","EMIG_594_376",2.38766742742463,"EMIG_593_375",1.7381125715697,"EMIG_477_300",12.2112022351382,"EMIG_593_375",1.7381125715697,NA,42.37383969,-111.5533271,42.37381995,-111.5533386,NA,-156.637249428973,42.37382413,-111.5533294,NA,-173.745239436228,42.37392036,-111.5532263,NA,42.8152357439174,42.37382413,-111.5533294,NA,-173.745239436228,0,0,0,0,1,1,0,3
"154","EMIG",597,"ABLA",1.4,11.2,0,4,"0",1,1,1,1,"0","0","0","BO",NA,NA,0,0,"0","0","0","0",0,0,0,0,"0","0","0",NA,0,0,0,1,"0","0","0",NA,0,0,0,0,"0","0","0",NA,0,0,0,0,"0","0","0",NA,0,0,0,0,"0","0","0",NA,0,0,0,0,"0","0","0",NA,"1 DB, WOB","1 DB, WOB","1 DB, WOB","1 DB, WOB",1,2,3,4,NA,NA,NA,NA,0,0,0,1,1,"EMIG597",2324,597,NA,"Point",2211.345,NA,0.209503349026092,0,0,0,1,"EMIG_597_378","EMIG_594_376",4.32770075490949,"EMIG_426_390",3.83775367771672,"EMIG_477_300",11.2222391441247,"EMIG_578_362",1.3617918650086,NA,42.3738588,-111.5533344,42.37381995,-111.5533386,NA,-175.416965469097,42.37383381,-111.5533666,NA,-136.306333998163,42.37392036,-111.5532263,NA,52.4749154026174,42.37385599,-111.5533183,NA,103.245509222721,0,0,0,1,1,1,0,3
"155","EMIG",598,"ABLA",3.1,19.9,0,0,"0",1,1,1,1,"0","0","0","0",NA,NA,0,0,"0","0","0","0",0,0,0,0,"0","0","0",NA,0,0,0,0,"0","0","0",NA,0,0,0,0,"0","0","0",NA,0,0,0,0,"0","0","0",NA,0,0,0,0,"0","0","0",NA,0,0,0,0,"0","0","0",NA,"Rot in area","Rot in area","Rot in area","Rot in area",1,2,3,4,NA,NA,NA,NA,0,0,0,0,0,"EMIG598",2325,598,NA,"Point",2212.02,NA,0.209555071633401,0,0,0,0,"EMIG_598_379","EMIG_594_376",4.18837849056743,"EMIG_426_390",3.71112591617634,"EMIG_477_300",11.3383841983413,"EMIG_597_378",0.142647167621797,NA,42.37385757,-111.5533349,42.37381995,-111.5533386,NA,-175.829027768721,42.37383381,-111.5533666,NA,-135.309190325968,42.37392036,-111.5532263,NA,52.054261937906,42.3738588,-111.5533344,NA,16.7735810410203,0,0,0,0,1,1,0,3
"156","EMIG",599,"ABLA",NA,7.4,0,4,"0",1,1,1,1,"0","0","0","0",NA,NA,0,0,"0","0","0","0",0,0,0,0,"0","0","0",NA,0,0,0,0,"0","0","0",NA,0,0,0,0,"0","0","0",NA,0,0,0,0,"0","0","0",NA,0,0,0,0,"0","0","0",NA,0,0,0,0,"0","0","0",NA,"WOB","WOB","WOB","WOB",1,2,3,4,NA,NA,NA,NA,0,0,0,0,0,"EMIG599",2326,599,NA,"Point",2210.151,NA,0.208997957216465,0,0,0,0,"EMIG_599_380","EMIG_594_376",3.85752135517875,"EMIG_426_390",2.76173379890675,"EMIG_477_300",12.3780293049638,"EMIG_600_381",0.534262913272505,NA,42.3738541,-111.5533472,42.37381995,-111.5533386,NA,169.423124688236,42.37383381,-111.5533666,NA,-144.665024807578,42.37392036,-111.5532263,NA,53.5304311460602,42.37385268,-111.5533534,NA,-107.165139991093,0,0,0,0,1,1,0,3
"157","EMIG",600,"ABLA",1.6,9.2,0,0,"0",1,1,1,1,"0","0","BO","BO",NA,NA,0,0,"0","0","0","0",0,0,0,0,"0","0","0",NA,0,0,0,0,"0","0","0",NA,0,0,0,1,"0","0","0",NA,0,0,0,0,"0","0","0",NA,0,0,0,0,"0","0","0",NA,0,0,0,0,"0","0","0",NA,NA,NA,NA,NA,1,2,3,4,NA,NA,NA,NA,0,0,0,1,1,"EMIG600",2327,600,NA,"Point",2209.614,NA,0.2086959918413,0,0,0,1,"EMIG_600_381","EMIG_594_376",3.83314382087816,"EMIG_426_390",2.36038850657563,"EMIG_477_300",12.8834642109345,"EMIG_236_383",1.69880235403782,NA,42.37385268,-111.5533534,42.37381995,-111.5533386,NA,161.464412348684,42.37383381,-111.5533666,NA,-152.585008996196,42.37392036,-111.5532263,NA,54.3159245160031,42.37385789,-111.5533728,NA,-70.0901162321026,0,0,0,1,1,1,0,3
"158","EMIG",219,"ABLA",1.1,7.9,0,0,"0",1,1,1,1,"0","0","0","0",NA,NA,0,0,"0","0","0","0",0,0,0,0,"0","0","0",NA,0,0,0,0,"0","0","0",NA,0,0,0,0,"0","0","0",NA,0,0,0,0,"0","0","0",NA,0,0,0,0,"0","0","0",NA,0,0,0,0,"0","0","0",NA,NA,NA,NA,NA,1,2,3,4,NA,NA,NA,NA,0,0,0,0,0,"EMIG219",2332,219,NA,"Point",2212.036,NA,0.20719879736518,0,0,0,0,"EMIG_219_382","EMIG_601_393",4.6115900077843,"EMIG_426_390",3.43551590786261,"EMIG_477_300",12.899063151602,"EMIG_236_383",1.05713122228498,NA,42.37386468,-111.5533638,42.37385479,-111.5534182,NA,-103.776400885893,42.37383381,-111.5533666,NA,-176.152396785607,42.37392036,-111.5532263,NA,61.3596123302665,42.37385789,-111.5533728,NA,-135.496530578492,0,0,0,0,1,1,0,2
"159","EMIG",236,"ABLA",1,7.8,0,0,"0",1,1,1,1,"0","0","0","BO",NA,NA,0,0,"0","0","0","0",0,0,0,0,"0","0","0",NA,0,0,0,0,"0","0","0",NA,0,0,0,0,"0","0","0",NA,0,0,0,0,"0","0","0",NA,0,0,0,1,"0","0","0",NA,0,0,0,0,"0","0","0",NA,"Rot in area","Rot in area","Rot in area","Rot in area",1,2,3,4,NA,NA,NA,NA,0,0,0,1,1,"EMIG236",2333,236,NA,"Point",2210.942,NA,0.207087372446562,0,0,0,1,"EMIG_236_383","EMIG_601_393",3.75374294564579,"EMIG_426_390",2.72210911065226,"EMIG_477_300",13.9141525826904,"EMIG_350_384",1.33793622270427,NA,42.37385789,-111.5533728,42.37385479,-111.5534182,NA,-95.261437814649,42.37383381,-111.5533666,NA,169.191565919843,42.37392036,-111.5532263,NA,60.097248236702,42.3738519,-111.5533869,NA,-119.810056361434,0,0,0,1,1,1,0,2
"160","EMIG",350,"ABLA",1.4,9,0,0,"0",1,1,1,1,"0","0","0","BO",NA,NA,0,0,"0","0","0","0",0,0,0,0,"0","0","0",NA,0,0,0,0,"0","0","0",NA,0,0,0,0,"0","0","0",NA,0,0,0,0,"0","0","0",NA,0,0,0,1,"0","0","0",NA,0,0,0,1,"0","0","0",NA,NA,NA,NA,NA,1,2,3,4,NA,NA,NA,NA,0,0,0,1,1,"EMIG350",2335,350,NA,"Point",2210.194,NA,0.206599068860141,0,0,0,1,"EMIG_350_384","EMIG_601_393",2.59693229736107,"EMIG_601_393",2.59693229736107,"EMIG_477_300",15.2520872080404,"EMIG_236_383",1.33793622270427,NA,42.3738519,-111.5533869,42.37385479,-111.5534182,NA,-82.901814625975,42.37385479,-111.5534182,NA,-82.901814625975,42.37392036,-111.5532263,NA,60.1053701098614,42.37385789,-111.5533728,NA,60.1899341356545,0,0,0,2,1,1,0,2
"161","EMIG",351,"ABLA",1.6,8.2,0,1,"0",1,1,1,1,"0","0","0","0",NA,NA,0,0,"0","0","0","0",0,0,0,0,"0","0","0",NA,0,0,0,0,"0","0","0",NA,0,0,0,0,"0","0","0",NA,0,0,0,0,"0","0","0",NA,0,0,0,0,"0","0","0",NA,0,0,0,0,"0","0","0",NA,"1 DB","1 DB","1 DB","1 DB",1,2,3,4,NA,NA,NA,NA,0,0,0,0,0,"EMIG351",2336,351,NA,"Point",2210.655,NA,0.205908983378071,0,0,0,0,"EMIG_351_385","EMIG_601_393",1.51098055177036,"EMIG_601_393",1.51098055177036,"EMIG_477_300",16.8025167592068,"EMIG_5109_392",1.1333009421996,NA,42.37384608,-111.5534041,42.37385479,-111.5534182,NA,-50.2021680459169,42.37385479,-111.5534182,NA,-50.2021680459169,42.37392036,-111.5532263,NA,60.6016823105081,42.37383603,-111.5534017,NA,169.958718498836,0,0,0,0,1,1,0,2
"162","EMIG",193,"ABLA",NA,5.1,0,0,"0",1,1,1,1,"0","0","0","0",NA,NA,0,0,"0","0","0","0",0,0,0,0,"0","0","0",NA,0,0,0,0,"0","0","0",NA,0,0,0,0,"0","0","0",NA,0,0,0,0,"0","0","0",NA,0,0,0,0,"0","0","0",NA,0,0,0,0,"0","0","0",NA,NA,NA,NA,NA,1,2,3,4,NA,NA,NA,NA,0,0,0,0,0,"EMIG193",2331,193,NA,"Point",2211.573,NA,0.202913153053719,0,0,0,0,"EMIG_193_386","EMIG_601_393",7.02779835126519,"EMIG_601_393",7.02779835126519,"EMIG_477_300",12.7410986846554,"EMIG_153_388",2.67586257270222,NA,42.37391161,-111.5533806,42.37385479,-111.5534182,NA,-153.864367084172,42.37385479,-111.5534182,NA,-153.864367084172,42.37392036,-111.5532263,NA,85.6265301589039,42.37389725,-111.5533545,NA,126.576085503879,0,0,0,0,1,1,0,2
"163","EMIG",167,"ABLA",1.2,7.5,0,1,"0",1,1,1,1,"0","0","0","0",NA,NA,0,0,"0","0","0","0",0,0,0,0,"0","0","0",NA,0,0,0,0,"0","0","0",NA,0,0,0,0,"0","0","0",NA,0,0,0,0,"0","0","0",NA,0,0,0,0,"0","0","0",NA,0,0,0,0,"0","0","0",NA,NA,NA,NA,NA,1,2,3,4,NA,NA,NA,NA,0,0,0,0,0,"EMIG167",2330,167,NA,"Point",2211.511,NA,0.203138112444549,0,0,0,0,"EMIG_167_387","EMIG_601_393",6.55065603945288,"EMIG_601_393",6.55065603945288,"EMIG_477_300",12.8776164762581,"EMIG_153_388",2.49766041169507,NA,42.37390721,-111.5533817,42.37385479,-111.5534182,NA,-152.693049047448,42.37385479,-111.5534182,NA,-152.693049047448,42.37392036,-111.5532263,NA,83.4893136738898,42.37389725,-111.5533545,NA,116.282249235441,0,0,0,0,1,1,0,2
"164","EMIG",153,"ABLA",NA,5.7,0,0,"0",1,1,1,1,"0","0","0","BO",NA,NA,0,0,"0","0","0","0",0,0,0,1,"0","0","0",NA,0,0,0,1,"0","0","0",NA,0,0,0,1,"0","0","0",NA,0,0,0,0,"0","0","0",NA,0,0,0,0,"0","0","0",NA,0,0,0,0,"0","0","0",NA,NA,NA,NA,NA,1,2,3,4,NA,NA,NA,NA,0,0,0,1,1,"EMIG153",2329,153,NA,"Point",2211.127,NA,0.205586297559694,0,0,0,1,"EMIG_153_388","EMIG_601_393",7.05227594328932,"EMIG_601_393",7.05227594328932,"EMIG_477_300",10.8625593426718,"EMIG_135_389",0.901824087722855,NA,42.37389725,-111.5533545,42.37385479,-111.5534182,NA,-131.954300163978,42.37385479,-111.5534182,NA,-131.954300163978,42.37392036,-111.5532263,NA,76.3355591147699,42.37388915,-111.5533553,NA,-175.811559003133,0,0,0,3,1,1,0,2
"165","EMIG",135,"ABLA",13.8,59.3,0,0,"0",1,1,1,1,"0","0","0","BO",NA,NA,0,0,"0","0","0","0",0,0,0,1,"0","0","0",NA,0,0,0,0,"0","0","0",NA,0,0,0,0,"0","0","0",NA,0,0,0,0,"0","0","0",NA,0,0,0,0,"0","0","0",NA,0,0,0,0,"0","0","0",NA,NA,NA,NA,NA,1,2,3,4,NA,NA,NA,NA,0,0,0,1,1,"EMIG135",2328,135,NA,"Point",2211.068,NA,0.206080884758844,0,0,0,1,"EMIG_135_389","EMIG_601_393",6.43241960401373,"EMIG_426_390",6.21492732302257,"EMIG_477_300",11.1720611881336,"EMIG_153_388",0.901824087722855,NA,42.37388915,-111.5533553,42.37385479,-111.5534182,NA,-126.379831088663,42.37383381,-111.5533666,NA,-171.390544286236,42.37392036,-111.5532263,NA,71.9289297838896,42.37389725,-111.5533545,NA,4.1884404576942,0,0,0,1,1,1,0,2
"166","EMIG",426,"ABLA",NA,7.8,0,2,"0",1,1,1,1,"0","BO","0","0",NA,NA,0,0,"0","0","0","0",0,0,0,0,"0","0","0",NA,0,1,0,1,"0","0","0",NA,0,0,0,0,"0","0","0",NA,0,0,0,0,"0","0","0",NA,0,0,0,0,"0","0","0",NA,0,0,0,0,"0","0","0",NA,NA,NA,NA,NA,1,2,3,4,NA,NA,NA,NA,0,1,0,1,1,"EMIG426",2337,426,NA,"Point",2212.198,NA,0.209160070913396,0,1,0,1,"EMIG_426_390","EMIG_594_376",2.77183500471257,"EMIG_594_376",2.77183500471257,"EMIG_477_300",15.0264342768871,"EMIG_600_381",2.36038850657563,NA,42.37383381,-111.5533666,42.37381995,-111.5533386,NA,123.726397753045,42.37381995,-111.5533386,NA,123.726397753045,42.37392036,-111.5532263,NA,50.2403645025104,42.37385268,-111.5533534,NA,27.4149821074635,0,1,0,1,1,1,0,3
"167","EMIG",525,"ABLA",13.7,67.7,8.6,0,"0",1,1,1,1,"0","0","BO","0",NA,NA,0,0,"0","0","0","0",0,0,0,0,"0","0","0",NA,0,0,0,0,"0","0","0",NA,0,0,0,0,"0","0","0",NA,0,0,0,0,"0","0","0",NA,0,0,0,0,"0","0","0",NA,0,0,0,0,"0","0","0",NA,NA,NA,NA,NA,1,2,3,4,NA,NA,NA,NA,0,0,0,0,0,"EMIG525",2339,525,NA,"Point",2208.603,NA,0.209254531903271,0,0,0,0,"EMIG_525_391","EMIG_594_376",2.89665655480902,"EMIG_426_390",0.876571140920969,"EMIG_477_300",15.8657875723491,"EMIG_426_390",0.876571140920969,NA,42.37382719,-111.5533724,42.37381995,-111.5533386,NA,106.113097154358,42.37383381,-111.5533666,NA,33.0091839265028,42.37392036,-111.5532263,NA,49.3025969799119,42.37383381,-111.5533666,NA,33.0091839265028,0,0,0,0,1,1,0,3
"168","EMIG",5109,"ABLA",11.6,66.2,16.4,0,"0",1,1,1,1,"0","0","0","BO",NA,NA,0,0,"0","0","0","0",0,0,0,1,"0","0","0",NA,0,0,0,0,"0","0","0",NA,0,0,0,0,"0","0","0",NA,0,0,0,1,"0","0","0",NA,0,0,0,0,"0","0","0",NA,0,0,0,0,"0","0","0",NA,NA,NA,NA,NA,1,2,3,4,NA,NA,NA,NA,0,0,0,1,1,"EMIG5109",2340,5109,NA,"Point",2211.601,NA,0.206769678320419,0,0,0,1,"EMIG_5109_392","EMIG_601_393",2.48692254523445,"EMIG_601_393",2.48692254523445,"EMIG_477_300",17.2113982365282,"EMIG_610_401",1.74719405978511,NA,42.37383603,-111.5534017,42.37385479,-111.5534182,NA,-33.1105737339424,42.37385479,-111.5534182,NA,-33.1105737339424,42.37392036,-111.5532263,NA,57.0399600947691,42.37383533,-111.5534229,NA,-92.5497466204155,0,0,0,2,1,1,0,2
"169","EMIG",601,"ABLA",4.6,12.6,8,0,"0",1,1,1,1,"BO","BO","0","BO",NA,NA,0,0,"0","0","0","0",0,0,0,1,"0","0","0",NA,0,0,0,0,"0","0","0",NA,1,1,0,0,"0","0","0",NA,0,0,0,1,"0","0","0",NA,0,0,0,0,"0","0","0",NA,0,0,0,0,"0","0","0",NA,NA,NA,NA,NA,1,2,3,4,NA,NA,NA,NA,1,1,0,1,0,"EMIG601",2341,601,NA,"Point",2209.876,NA,0.204399258059556,1,1,0,1,"EMIG_601_393","EMIG_605_397",5.11970648483042,"EMIG_426_390",4.84519054652479,"EMIG_477_300",17.3966068209984,"EMIG_609_400",2.05460060691579,NA,42.37385479,-111.5534182,42.37382052,-111.5534598,NA,-138.010382376194,42.37383381,-111.5533666,NA,118.738046346123,42.37392036,-111.5532263,NA,65.2587647736502,42.37384221,-111.5534365,NA,-132.833810593028,1,1,0,2,1,1,0,2
"170","EMIG",602,"ABLA",1.9,19.3,0,1,"0",1,1,1,1,"0","0","0","0",NA,NA,NA,NA,"0","0","0","0",0,0,0,0,"0","0","0",NA,0,0,0,0,"0","0","0",NA,0,0,0,0,"0","0","0",NA,0,0,0,0,"0","0","0",NA,0,0,0,0,"0","0","0",NA,0,0,0,0,"0","0","0",NA,"1 DB","1 DB","1 DB","1 DB",1,2,3,4,NA,NA,NA,NA,0,0,0,0,0,"EMIG602",2342,602,NA,"Point",2210.879,NA,0.207204134839628,0,0,0,0,"EMIG_602_394","EMIG_605_397",3.86846149786128,"EMIG_605_397",3.86846149786128,"EMIG_477_300",23.8336758993697,"EMIG_604_396",3.55808143666759,NA,42.37378614,-111.5534522,42.37382052,-111.5534598,NA,-9.30862192142585,42.37382052,-111.5534598,NA,-9.30862192142585,42.37392036,-111.5532263,NA,51.2943255250249,42.37381643,-111.5534381,NA,19.0425956203844,0,0,0,0,1,1,0,2
"171","EMIG",603,"ABLA",3,15.7,0,0,"0",1,1,1,1,"0","0","0","0",NA,NA,NA,NA,"0","0","0","0",0,0,0,0,"0","0","0",NA,0,0,0,0,"0","0","0",NA,0,0,0,0,"0","0","0",NA,0,0,0,0,"0","0","0",NA,0,0,0,0,"0","0","0",NA,0,0,0,0,"0","0","0",NA,NA,NA,NA,NA,1,2,3,4,NA,NA,NA,NA,0,0,0,0,0,"EMIG603",2343,603,NA,"Point",2210.01,NA,0.205927539584899,0,0,0,0,"EMIG_603_395","EMIG_605_397",2.02046198101728,"EMIG_605_397",2.02046198101728,"EMIG_477_300",22.7454320582628,"EMIG_604_396",1.91369908094575,NA,42.37380308,-111.5534528,42.37382052,-111.5534598,NA,-16.573671724939,42.37382052,-111.5534598,NA,-16.573671724939,42.37392036,-111.5532263,NA,55.0724508237991,42.37381643,-111.5534381,NA,39.2303280135156,0,0,0,0,1,1,0,2
"172","EMIG",604,"ABLA",1.2,7.7,0,1,"0",1,1,1,1,"0","0","0","BR, BO",NA,NA,NA,NA,"0","0","0","0",0,0,0,0,"0","0","0",NA,0,0,0,0,"0","0","0",NA,0,0,0,0,"0","0","0",NA,0,0,0,0,"0","0","0",NA,0,0,0,1,"0","0","0",NA,0,0,0,0,"0","0","0",NA,"1 DB","1 DB","1 DB","1 DB",1,2,3,4,NA,NA,NA,NA,0,0,0,1,1,"EMIG604",2344,604,NA,"Point",2210.388,NA,0.205875331632401,0,0,0,1,"EMIG_604_396","EMIG_605_397",1.84344875328302,"EMIG_605_397",1.84344875328302,"EMIG_477_300",20.91094669822,"EMIG_605_397",1.84344875328302,NA,42.37381643,-111.5534381,42.37382052,-111.5534598,NA,-75.7378599829513,42.37382052,-111.5534598,NA,-75.7378599829513,42.37392036,-111.5532263,NA,56.5040243559135,42.37382052,-111.5534598,NA,-75.7378599829513,0,0,0,1,1,1,0,2
"173","EMIG",605,"ABLA",9,45.2,2.6,0,"0",1,1,1,1,"BR","BR","BR","BR, BO",NA,NA,0,0,"0","0","0","0",0,0,0,1,"0","0","0",NA,0,1,0,0,"0","0","0",NA,0,0,0,0,"0","0","0",NA,0,0,0,0,"0","0","0",NA,1,0,0,1,"0","0","0",NA,0,0,0,0,"0","0","0",NA,NA,NA,NA,NA,1,2,3,4,NA,NA,NA,NA,1,1,0,1,0,"EMIG605",2345,605,NA,"Point",2211.08,NA,0.204225020492333,1,1,0,1,"EMIG_605_397","EMIG_601_393",5.11970648483042,"EMIG_601_393",5.11970648483042,"EMIG_477_300",22.192229511857,"EMIG_604_396",1.84344875328302,NA,42.37382052,-111.5534598,42.37385479,-111.5534182,NA,41.9895895868566,42.37385479,-111.5534182,NA,41.9895895868566,42.37392036,-111.5532263,NA,60.0296862158471,42.37381643,-111.5534381,NA,104.262125392011,1,1,0,2,1,1,0,2
"174","EMIG",606,"ABLA",1.8,11.8,0,3,"0",1,1,1,1,"0","0","0","0",NA,NA,0,0,"0","0","0","0",0,0,0,0,"0","0","0",NA,0,0,0,0,"0","0","0",NA,0,0,0,0,"0","0","0",NA,0,0,0,0,"0","0","0",NA,0,0,0,0,"0","0","0",NA,0,0,0,0,"0","0","0",NA,"1 DB","1 DB","1 DB","1 DB",1,2,3,4,NA,NA,NA,NA,0,0,0,0,0,"EMIG606",2346,606,NA,"Point",2210.455,NA,0.203416874666309,0,0,0,0,"EMIG_606_398","EMIG_605_397",2.08139755050169,"EMIG_605_397",2.08139755050169,"EMIG_821_599",21.9487600933292,"EMIG_605_397",2.08139755050169,NA,42.37381227,-111.5534825,42.37382052,-111.5534598,NA,63.8882499136204,42.37382052,-111.5534598,NA,63.8882499136204,42.37391259,-111.5537122,NA,-59.5011640373088,42.37382052,-111.5534598,NA,63.8882499136204,0,0,0,0,1,1,0,2
"175","EMIG",607,"ABLA",1.7,10.1,0,0,"0",1,1,1,1,"0","0","0","0",NA,NA,0,0,"0","0","0","0",0,0,0,0,"0","0","0",NA,0,0,0,0,"0","0","0",NA,0,0,0,0,"0","0","0",NA,0,0,0,0,"0","0","0",NA,0,0,0,0,"0","0","0",NA,0,0,0,0,"0","0","0",NA,NA,NA,NA,NA,1,2,3,4,NA,NA,NA,NA,0,0,0,0,0,"EMIG607",2347,607,NA,"Point",2211.361,NA,0.203352384427426,0,0,0,0,"EMIG_607_399","EMIG_605_397",2.50094148456689,"EMIG_605_397",2.50094148456689,"EMIG_821_599",21.8090844543884,"EMIG_605_397",2.50094148456689,NA,42.37380978,-111.5534865,42.37382052,-111.5534598,NA,61.520525457851,42.37382052,-111.5534598,NA,61.520525457851,42.37391259,-111.5537122,NA,-58.4361223920702,42.37382052,-111.5534598,NA,61.520525457851,0,0,0,0,1,1,0,2
"176","EMIG",609,"ABLA",2.8,13.5,0,0,"0",1,1,1,1,"0","0","0","BO",NA,NA,0,0,"0","0","0","0",0,0,0,1,"0","0","0",NA,0,0,0,0,"0","0","0",NA,0,0,0,0,"0","0","0",NA,0,0,0,0,"0","0","0",NA,0,0,0,0,"0","0","0",NA,0,0,0,0,"0","0","0",NA,NA,NA,NA,NA,1,2,3,4,NA,NA,NA,NA,0,0,0,1,1,"EMIG609",2349,609,NA,"Point",2211.309,NA,0.204129142652109,0,0,0,1,"EMIG_609_400","EMIG_601_393",2.05460060691579,"EMIG_601_393",2.05460060691579,"EMIG_477_300",19.3601370723509,"EMIG_610_401",1.35551308891405,NA,42.37384221,-111.5534365,42.37385479,-111.5534182,NA,47.1661770734072,42.37385479,-111.5534182,NA,47.1661770734072,42.37392036,-111.5532263,NA,63.3700812667277,42.37383533,-111.5534229,NA,124.304143292728,0,0,0,1,1,1,0,2
"177","EMIG",610,"ABLA",1.4,8,0,0,"0",1,1,1,1,"0","0","0","BO",NA,NA,0,0,"0","0","0","0",0,0,0,0,"0","0","0",NA,0,0,0,1,"0","0","0",NA,0,0,0,0,"0","0","0",NA,0,0,0,0,"0","0","0",NA,0,0,0,0,"0","0","0",NA,0,0,0,0,"0","0","0",NA,NA,NA,NA,NA,1,2,3,4,NA,NA,NA,NA,0,0,0,1,1,"EMIG610",2350,610,NA,"Point",2211.81,NA,0.205477228564963,0,0,0,1,"EMIG_610_401","EMIG_601_393",2.19519413880047,"EMIG_601_393",2.19519413880047,"EMIG_477_300",18.7391000631998,"EMIG_609_400",1.35551308891405,NA,42.37383533,-111.5534229,42.37385479,-111.5534182,NA,10.1530805025144,42.37385479,-111.5534182,NA,10.1530805025144,42.37392036,-111.5532263,NA,59.7450802647701,42.37384221,-111.5534365,NA,-55.6958475413457,0,0,0,1,1,1,0,2
"178","EMIG",611,"ABLA",1.7,11.2,0,1,"0",1,1,1,1,"0","0","0","0",NA,NA,0,0,"0","0","0","0",0,0,0,0,"0","0","0",NA,0,0,0,0,"0","0","0",NA,0,0,0,0,"0","0","0",NA,0,0,0,0,"0","0","0",NA,0,0,0,0,"0","0","0",NA,0,0,0,0,"0","0","0",NA,"WOB","WOB","WOB","WOB",1,2,3,4,NA,NA,NA,NA,0,0,0,0,0,"EMIG611",2351,611,NA,"Point",2213.139,NA,0.204905860141251,0,0,0,0,"EMIG_611_402","EMIG_601_393",1.28893027361914,"EMIG_601_393",1.28893027361914,"EMIG_477_300",18.2691845142903,"EMIG_610_401",0.924174221717095,NA,42.37384365,-111.5534226,42.37385479,-111.5534182,NA,16.3234474861483,42.37385479,-111.5534182,NA,16.3234474861483,42.37392036,-111.5532263,NA,62.2095255494135,42.37383533,-111.5534229,NA,-178.468500514088,0,0,0,0,1,1,0,2
"179","EMIG",613,"ABLA",12.8,72.8,0,2,"0",1,1,1,1,"0","0","0","0",NA,NA,0,0,"0","0","0","0",0,0,0,0,"0","0","0",NA,0,0,0,0,"0","0","0",NA,0,0,0,0,"0","0","0",NA,0,0,0,0,"0","0","0",NA,0,0,0,0,"0","0","0",NA,0,0,0,0,"0","0","0",NA,"2 DB","2 DB","2 DB","2 DB",1,2,3,4,NA,NA,NA,NA,0,0,0,0,0,"EMIG613",2353,613,NA,"Point",2211.852,NA,0.199932088053956,0,0,0,0,"EMIG_613_403","EMIG_601_393",4.5705795661711,"EMIG_601_393",4.5705795661711,"EMIG_477_300",19.031978900637,"EMIG_601_393",4.5705795661711,NA,42.37388686,-111.553453,42.37385479,-111.5534182,NA,141.179848174997,42.37385479,-111.5534182,NA,141.179848174997,42.37392036,-111.5532263,NA,78.7288967451745,42.37385479,-111.5534182,NA,141.179848174997,0,0,0,0,1,1,0,2
"180","EMIG",614,"ABLA",NA,5.8,0,3,"0",1,1,1,1,"0","0","0","0",NA,NA,0,0,"0","0","0","0",0,0,0,0,"0","0","0",NA,0,0,0,0,"0","0","0",NA,0,0,0,0,"0","0","0",NA,0,0,0,0,"0","0","0",NA,0,0,0,0,"0","0","0",NA,0,0,0,0,"0","0","0",NA,"1 DB, WOB","1 DB, WOB","1 DB, WOB","1 DB, WOB",1,2,3,4,NA,NA,NA,NA,0,0,0,0,0,"EMIG614",2354,614,NA,"Point",2211.528,NA,0.20034338055709,0,0,0,0,"EMIG_614_404","EMIG_601_393",4.059115121064,"EMIG_601_393",4.059115121064,"EMIG_477_300",19.5123046004,"EMIG_601_393",4.059115121064,NA,42.37387799,-111.5534563,42.37385479,-111.5534182,NA,129.39376767797,42.37385479,-111.5534182,NA,129.39376767797,42.37392036,-111.5532263,NA,76.047530906347,42.37385479,-111.5534182,NA,129.39376767797,0,0,0,0,1,1,0,2
"181","EMIG",615,"ABLA",1.8,10.7,0,0,"0",1,1,1,1,"0","0","0","0",NA,NA,0,0,"0","0","0","0",0,0,0,0,"0","0","0",NA,0,0,0,0,"0","0","0",NA,0,0,0,0,"0","0","0",NA,0,0,0,0,"0","0","0",NA,0,0,0,0,"0","0","0",NA,0,0,0,0,"0","0","0",NA,NA,NA,NA,NA,1,2,3,4,NA,NA,NA,NA,0,0,0,0,0,"EMIG615",2355,615,NA,"Point",2213.297,NA,0.197560165921627,0,0,0,0,"EMIG_615_405","EMIG_601_393",6.8474935024589,"EMIG_601_393",6.8474935024589,"EMIG_821_599",19.1328850839719,"EMIG_631_420",4.413066946977,NA,42.37389522,-111.553481,42.37385479,-111.5534182,NA,130.966116708341,42.37385479,-111.5534182,NA,130.966116708341,42.37391259,-111.5537122,NA,-84.2142251406622,42.37393224,-111.5534615,NA,21.3340523332791,0,0,0,0,1,1,0,2
"182","EMIG",616,"ABLA",2.6,17.3,2.3,0,"0",1,1,1,1,"0","0","0","0",NA,NA,0,0,"0","0","0","0",0,0,0,0,"0","0","0",NA,0,0,0,0,"0","0","0",NA,0,0,0,0,"0","0","0",NA,0,0,0,0,"0","0","0",NA,0,0,0,0,"0","0","0",NA,0,0,0,0,"0","0","0",NA,NA,NA,NA,NA,1,2,3,4,NA,NA,NA,NA,0,0,0,0,0,"EMIG616",2356,616,NA,"Point",2214.024,NA,0.196099630689011,0,0,0,0,"EMIG_616_406","EMIG_601_393",8.32707065600884,"EMIG_601_393",8.32707065600884,"EMIG_821_599",17.4869172817073,"EMIG_623_413",4.42885301425204,NA,42.37389817,-111.5535007,42.37385479,-111.5534182,NA,125.34220926933,42.37385479,-111.5534182,NA,125.34220926933,42.37391259,-111.5537122,NA,-84.7463077013165,42.37389584,-111.5535544,NA,-93.3489419902886,0,0,0,0,1,1,0,2
"183","EMIG",617,"ABLA",NA,4.9,0,0,"0",1,1,1,1,"0","0","0","0",NA,NA,0,0,"0","0","0","0",0,0,0,0,"0","0","0",NA,0,0,0,0,"0","0","0",NA,0,0,0,0,"0","0","0",NA,0,0,0,0,"0","0","0",NA,0,0,0,0,"0","0","0",NA,0,0,0,0,"0","0","0",NA,"1 Dead, Rot in area","1 Dead, Rot in area","1 Dead, Rot in area","1 Dead, Rot in area",1,2,3,4,NA,NA,NA,NA,0,0,0,0,0,"EMIG617",2357,617,NA,"Point",2213.516,NA,0.196793808065464,0,0,0,0,"EMIG_617_407","EMIG_601_393",7.61189298033663,"EMIG_601_393",7.61189298033663,"EMIG_821_599",18.3443825041393,"EMIG_631_420",4.50909912554003,NA,42.3738977,-111.5534903,42.37385479,-111.5534182,NA,128.752089823842,42.37385479,-111.5534182,NA,128.752089823842,42.37391259,-111.5537122,NA,-84.8288679473827,42.37393224,-111.5534615,NA,31.7267278437202,0,0,0,0,1,1,0,2
"184","EMIG",618,"ABLA",1.3,7.7,0,0,"0",1,1,1,1,"0","0","0","0",NA,NA,0,0,"0","0","0","0",0,0,0,0,"0","0","0",NA,0,0,0,0,"0","0","0",NA,0,0,0,0,"0","0","0",NA,0,0,0,0,"0","0","0",NA,0,0,0,0,"0","0","0",NA,0,0,0,0,"0","0","0",NA,NA,NA,NA,NA,1,2,3,4,NA,NA,NA,NA,0,0,0,0,0,"EMIG618",2358,618,NA,"Point",2213.062,NA,0.196446329699261,0,0,0,0,"EMIG_618_408","EMIG_601_393",7.98578670723917,"EMIG_601_393",7.98578670723917,"EMIG_821_599",18.4719059383839,"EMIG_631_420",3.76587246987501,NA,42.37390465,-111.5534881,42.37385479,-111.5534182,NA,133.890449643092,42.37385479,-111.5534182,NA,133.890449643092,42.37391259,-111.5537122,NA,-87.2642033332595,42.37393224,-111.5534615,NA,35.5599569249093,0,0,0,0,1,1,0,2
"185","EMIG",619,"ABLA",2.5,22.9,0.7,0,"0",1,1,1,1,"0","0","0","0",NA,NA,0,0,"0","0","0","0",0,0,0,0,"0","0","0",NA,0,0,0,0,"0","0","0",NA,0,0,0,0,"0","0","0",NA,0,0,0,0,"0","0","0",NA,0,0,0,0,"0","0","0",NA,0,0,0,0,"0","0","0",NA,NA,NA,"bent","bent",1,2,3,4,NA,NA,NA,NA,0,0,0,0,0,"EMIG619",2359,619,NA,"Point",2211.96,NA,0.194729635849488,0,0,0,0,"EMIG_619_409","EMIG_601_393",9.70963345909887,"EMIG_601_393",9.70963345909887,"EMIG_821_599",16.2519120347157,"EMIG_623_413",3.37969583219169,NA,42.37390463,-111.5535151,42.37385479,-111.5534182,NA,124.747969720828,42.37385479,-111.5534182,NA,124.747969720828,42.37391259,-111.5537122,NA,-86.8823296983341,42.37389584,-111.5535544,NA,-106.785693823955,0,0,0,0,1,1,0,2
"186","EMIG",620,"ABLA",1.7,11.1,3.7,0,"0",1,1,1,1,"0","0","0","0",NA,NA,0,0,"0","0","0","0",0,0,0,0,"0","0","0",NA,0,0,0,0,"0","0","0",NA,0,0,0,0,"0","0","0",NA,0,0,0,0,"0","0","0",NA,0,0,0,0,"0","0","0",NA,0,0,0,0,"0","0","0",NA,NA,NA,NA,NA,1,2,3,4,NA,NA,NA,NA,0,0,0,0,0,"EMIG620",2360,620,NA,"Point",2212.215,NA,0.194987362984225,0,0,0,0,"EMIG_620_410","EMIG_605_397",9.55733595766292,"EMIG_605_397",9.55733595766292,"EMIG_821_599",15.4984179040406,"EMIG_623_413",2.38021335217146,NA,42.37389112,-111.5535262,42.37382052,-111.5534598,NA,145.109232331965,42.37382052,-111.5534598,NA,145.109232331965,42.37391259,-111.5537122,NA,-81.1514220576424,42.37389584,-111.5535544,NA,-77.2796818882406,0,0,0,0,1,1,0,2
"187","EMIG",621,"ABLA",1.1,8.8,0,0,"0",1,1,1,1,"0","0","0","0",NA,NA,0,0,"0","0","0","0",0,0,0,0,"0","0","0",NA,0,0,0,0,"0","0","0",NA,0,0,0,0,"0","0","0",NA,0,0,0,0,"0","0","0",NA,0,0,0,0,"0","0","0",NA,0,0,0,0,"0","0","0",NA,NA,NA,NA,NA,1,2,3,4,NA,NA,NA,NA,0,0,0,0,0,"EMIG621",2361,621,NA,"Point",2210.465,NA,0.196122292438692,0,0,0,0,"EMIG_621_411","EMIG_605_397",8.38240758677253,"EMIG_605_397",8.38240758677253,"EMIG_821_599",16.3353683088676,"EMIG_623_413",3.34497801498827,NA,42.37388246,-111.553518,42.37382052,-111.5534598,NA,145.134706590847,42.37382052,-111.5534598,NA,145.134706590847,42.37391259,-111.5537122,NA,-78.1817119053569,42.37389584,-111.5535544,NA,-63.6304599798128,0,0,0,0,1,1,0,2
"188","EMIG",622,"ABLA",NA,7.3,0,0,"0",1,1,1,1,"0","0","0","0",NA,NA,0,0,"0","0","0","0",0,0,0,0,"0","0","0",NA,0,0,0,0,"0","0","0",NA,0,0,0,0,"0","0","0",NA,0,0,0,0,"0","0","0",NA,0,0,0,0,"0","0","0",NA,0,0,0,0,"0","0","0",NA,NA,NA,NA,NA,1,2,3,4,NA,NA,NA,NA,0,0,0,0,0,"EMIG622",2362,622,NA,"Point",2211.167,NA,0.195339472519199,0,0,0,0,"EMIG_622_412","EMIG_605_397",9.1979485983053,"EMIG_605_397",9.1979485983053,"EMIG_821_599",15.7635398694571,"EMIG_623_413",2.66909598616808,NA,42.37388857,-111.5535235,42.37382052,-111.5534598,NA,145.236151238603,42.37382052,-111.5534598,NA,145.236151238603,42.37391259,-111.5537122,NA,-80.2587576494895,42.37389584,-111.5535544,NA,-72.395509232281,0,0,0,0,1,1,0,2
"189","EMIG",623,"ABLA",1.6,11.2,1.2,0,"0",1,1,1,1,"0","0","0","BO",NA,NA,0,0,"0","0","0","0",0,0,0,0,"0","0","0",NA,0,0,0,0,"0","0","0",NA,0,0,0,0,"0","0","0",NA,0,0,0,0,"0","0","0",NA,0,0,0,0,"0","0","0",NA,0,0,0,1,"0","0","0",NA,NA,NA,NA,NA,1,2,3,4,NA,NA,NA,NA,0,0,0,1,1,"EMIG623",2363,623,NA,"Point",2209.871,NA,0.192877454851706,0,0,0,1,"EMIG_623_413","EMIG_605_397",11.4285398108013,"EMIG_813_591",7.81850385735957,"EMIG_821_599",13.1246209976189,"EMIG_813_591",7.81850385735957,NA,42.37389584,-111.5535544,42.37382052,-111.5534598,NA,137.037833091967,42.37389838,-111.5536493,NA,-87.9326737646348,42.37391259,-111.5537122,NA,-81.8530831088359,42.37389838,-111.5536493,NA,-87.9326737646348,0,0,0,1,1,1,0,2
"190","EMIG",624,"ABLA",4.3,22,0,0,"0",1,1,1,1,"0","0","0","0",NA,NA,0,0,"0","0","0","0",0,0,0,0,"0","0","0",NA,0,0,0,0,"0","0","0",NA,0,0,0,0,"0","0","0",NA,0,0,0,0,"0","0","0",NA,0,0,0,0,"0","0","0",NA,0,0,0,0,"0","0","0",NA,NA,NA,NA,NA,1,2,3,4,NA,NA,NA,NA,0,0,0,0,0,"EMIG624",2364,624,NA,"Point",2218.977,NA,0.193953268272007,0,0,0,0,"EMIG_624_414","EMIG_605_397",10.4600958767839,"EMIG_813_591",9.0539777933641,"EMIG_821_599",14.3699061375262,"EMIG_623_413",1.24591939158737,NA,42.37389388,-111.5535395,42.37382052,-111.5534598,NA,141.146399107863,42.37389838,-111.5536493,NA,-86.8362884856142,42.37391259,-111.5537122,NA,-81.6872335792268,42.37389584,-111.5535544,NA,-79.9399979454986,0,0,0,0,1,1,0,2
"191","EMIG",625,"ABLA",2.6,15.1,0,1,"0",1,1,1,1,"0","0","0","0",NA,NA,0,0,"0","0","0","0",0,0,0,0,"0","0","0",NA,0,0,0,0,"0","0","0",NA,0,0,0,0,"0","0","0",NA,0,0,0,0,"0","0","0",NA,0,0,0,0,"0","0","0",NA,0,0,0,0,"0","0","0",NA,"1 DB","1 DB","1 DB","1 DB",1,2,3,4,NA,NA,NA,NA,0,0,0,0,0,"EMIG625",2365,625,NA,"Point",2214.034,NA,0.195076098652304,0,0,0,0,"EMIG_625_415","EMIG_605_397",9.15680099982298,"EMIG_813_591",9.13190234622287,"EMIG_821_599",14.5454214142777,"EMIG_623_413",2.46137319022856,NA,42.37387541,-111.5535428,42.37382052,-111.5534598,NA,131.729697849171,42.37389838,-111.5536493,NA,-73.7813731305547,42.37391259,-111.5537122,NA,-73.5110122759028,42.37389584,-111.5535544,NA,-22.8314155088191,0,0,0,0,1,1,0,2
"192","EMIG",627,"ABLA",1.8,9.1,1.8,0,"0",1,1,1,1,"0","0","0","0",NA,NA,0,0,"0","0","0","0",0,0,0,0,"0","0","0",NA,0,0,0,0,"0","0","0",NA,0,0,0,0,"0","0","0",NA,0,0,0,0,"0","0","0",NA,0,0,0,0,"0","0","0",NA,0,0,0,0,"0","0","0",NA,"Rot in area","Rot in area","Rot in area","Rot in area",1,2,3,4,NA,NA,NA,NA,0,0,0,0,0,"EMIG627",2367,627,NA,"Point",2213.881,NA,0.195761126987348,0,0,0,0,"EMIG_627_416","EMIG_601_393",9.16672446568959,"EMIG_601_393",9.16672446568959,"EMIG_803_582",18.8426456314934,"EMIG_631_420",1.48563308704552,NA,42.37392503,-111.5534767,42.37385479,-111.5534182,NA,148.302658423567,42.37385479,-111.5534182,NA,148.302658423567,42.37400267,-111.5536802,NA,-62.7721317157249,42.37393224,-111.5534615,NA,57.3919757382958,0,0,0,0,1,1,0,2
"193","EMIG",628,"ABLA",NA,5.4,0,1,"0",1,1,1,1,"0","0","0","0",NA,NA,0,0,"0","0","0","0",0,0,0,0,"0","0","0",NA,0,0,0,0,"0","0","0",NA,0,0,0,0,"0","0","0",NA,0,0,0,0,"0","0","0",NA,0,0,0,0,"0","0","0",NA,0,0,0,0,"0","0","0",NA,NA,NA,NA,NA,1,2,3,4,NA,NA,NA,NA,0,0,0,0,0,"EMIG628",2368,628,NA,"Point",2214.582,NA,0.192317851258952,0,0,0,0,"EMIG_628_417","EMIG_601_393",12.2642127259491,"EMIG_813_591",11.7660925651322,"EMIG_803_582",15.2794348312952,"EMIG_631_420",4.57703293356977,NA,42.37393771,-111.5535166,42.37385479,-111.5534182,NA,138.655300244392,42.37389838,-111.5536493,NA,-111.787441200898,42.37400267,-111.5536802,NA,-61.8306521001215,42.37393224,-111.5534615,NA,97.6257610111692,0,0,0,0,1,1,0,2
"194","EMIG",629,"ABLA",1.2,8.2,0,4,"0",1,1,1,1,"0","0","0","0",NA,NA,0,0,"0","0","0","0",0,0,0,0,"0","0","0",NA,0,0,0,0,"0","0","0",NA,0,0,0,0,"0","0","0",NA,0,0,0,0,"0","0","0",NA,0,0,0,0,"0","0","0",NA,0,0,0,0,"0","0","0",NA,"3 DB, WOB","3 DB, WOB","3 DB, WOB","3 DB, WOB",1,2,3,4,NA,NA,NA,NA,0,0,0,0,0,"EMIG629",2369,629,NA,"Point",2215.05,NA,0.191089785626372,0,0,0,0,"EMIG_629_418","EMIG_605_397",13.338429622254,"EMIG_813_591",7.24361900619482,"EMIG_821_599",12.242959588125,"EMIG_623_413",2.02781938495826,NA,42.37391281,-111.5535635,42.37382052,-111.5534598,NA,140.200565018004,42.37389838,-111.5536493,NA,-102.779524945097,42.37391259,-111.5537122,NA,-90.1142731353847,42.37389584,-111.5535544,NA,158.316664854425,0,0,0,0,1,1,0,2
"195","EMIG",630,"ABLA",NA,5,0,1,"0",1,1,1,1,"0","0","0","0",NA,NA,0,0,"0","0","0","0",0,0,0,0,"0","0","0",NA,0,0,0,0,"0","0","0",NA,0,0,0,0,"0","0","0",NA,0,0,0,0,"0","0","0",NA,0,0,0,0,"0","0","0",NA,0,0,0,0,"0","0","0",NA,"WOB","WOB","WOB","WOB",1,2,3,4,NA,NA,NA,NA,0,0,0,0,0,"EMIG630",2370,630,NA,"Point",2214.531,NA,0.191183471904538,0,0,0,0,"EMIG_630_419","EMIG_605_397",13.1271057662607,"EMIG_813_591",6.66575041880212,"EMIG_821_599",11.8006921658444,"EMIG_623_413",1.6999012388521,NA,42.37390659,-111.5535691,42.37382052,-111.5534598,NA,136.722706333814,42.37389838,-111.5536493,NA,-97.8605666611445,42.37391259,-111.5537122,NA,-86.7634730470275,42.37389584,-111.5535544,NA,134.603684121033,0,0,0,0,1,1,0,2
"196","EMIG",631,"ABLA",1.8,9.8,0,0,"0",1,1,1,1,"0","0","0","BO",NA,NA,0,0,"0","0","0","0",0,0,0,0,"0","0","0",NA,0,0,0,1,"0","0","0",NA,0,0,0,0,"0","0","0",NA,0,0,0,0,"0","0","0",NA,0,0,0,0,"0","0","0",NA,0,0,0,0,"0","0","0",NA,"1 DB","1 DB","1 DB","1 DB",1,2,3,4,NA,NA,NA,NA,0,0,0,1,1,"EMIG631",2371,631,NA,"Point",2211.657,NA,0.196248288013509,0,0,0,1,"EMIG_631_420","EMIG_459_281",8.61589647535561,"EMIG_601_393",9.30960994368856,"EMIG_477_300",19.4096241042318,"EMIG_645_434",2.34181953788298,NA,42.37393224,-111.5534615,42.37397591,-111.553375,NA,55.7499532730203,42.37385479,-111.5534182,NA,157.484051981181,42.37392036,-111.5532263,NA,93.8969369651944,42.37395172,-111.5534506,NA,22.5332369914789,0,0,0,1,1,0,0,0
"197","EMIG",632,"ABLA",NA,2,0,0,"0",1,1,1,1,"0","0","0","0",NA,NA,0,0,"0","0","0","0",0,0,0,0,"0","0","0",NA,0,0,0,0,"0","0","0",NA,0,0,0,0,"0","0","0",NA,0,0,0,0,"0","0","0",NA,0,0,0,0,"0","0","0",NA,0,0,0,0,"0","0","0",NA,"Rot in area","Rot in area","Rot in area","Rot in area",1,2,3,4,NA,NA,NA,NA,0,0,0,0,0,"EMIG632",2372,632,NA,"Point",2213.813,NA,0.1956806238726,0,0,0,0,"EMIG_632_421","EMIG_601_393",8.88621284856396,"EMIG_601_393",8.88621284856396,"EMIG_821_599",18.4960787456715,"EMIG_631_420",2.79956771807329,NA,42.37391608,-111.5534876,42.37385479,-111.5534182,NA,139.983363726392,42.37385479,-111.5534182,NA,139.983363726392,42.37391259,-111.5537122,NA,-91.2004612989878,42.37393224,-111.5534615,NA,50.1371203780123,0,0,0,0,1,1,0,2
"198","EMIG",633,"ABLA",NA,4.3,0,0,"0",1,1,1,1,"0","0","0","0",NA,NA,0,0,"0","0","0","0",0,0,0,0,"0","0","0",NA,0,0,0,0,"0","0","0",NA,0,0,0,0,"0","0","0",NA,0,0,0,0,"0","0","0",NA,0,0,0,0,"0","0","0",NA,0,0,0,0,"0","0","0",NA,"Rot in area","Rot in area","Rot in area","Rot in area",1,2,3,4,NA,NA,NA,NA,0,0,0,0,0,"EMIG633",2373,633,NA,"Point",2211.061,NA,0.200116768906596,0,0,0,0,"EMIG_633_422","EMIG_601_393",5.35226388150002,"EMIG_601_393",5.35226388150002,"EMIG_477_300",17.2529950471472,"EMIG_631_420",4.08333669345004,NA,42.37390149,-111.5534343,42.37385479,-111.5534182,NA,165.660662149585,42.37385479,-111.5534182,NA,165.660662149585,42.37392036,-111.5532263,NA,83.0243745180057,42.37393224,-111.5534615,NA,-33.2599723077817,0,0,0,0,1,1,0,2
"199","EMIG",634,"ABLA",1.1,8.8,0,0,"0",1,1,1,1,"0","0","0","0",NA,NA,0,0,"0","0","0","0",0,0,0,0,"0","0","0",NA,0,0,0,0,"0","0","0",NA,0,0,0,0,"0","0","0",NA,0,0,0,0,"0","0","0",NA,0,0,0,0,"0","0","0",NA,0,0,0,0,"0","0","0",NA,NA,NA,NA,NA,1,2,3,4,NA,NA,NA,NA,0,0,0,0,0,"EMIG634",2374,634,NA,"Point",2210.972,NA,0.198326338525191,0,0,0,0,"EMIG_634_423","EMIG_459_281",6.99384593423275,"EMIG_601_393",8.37550000439407,"EMIG_477_300",16.9990432361779,"EMIG_631_420",2.41541428021843,NA,42.37392948,-111.5534324,42.37397591,-111.553375,NA,42.5104738141801,42.37385479,-111.5534182,NA,171.975910203072,42.37392036,-111.5532263,NA,93.4152046532163,42.37393224,-111.5534615,NA,-82.7106597112887,0,0,0,0,1,0,0,0
"200","EMIG",635,"ABLA",3.6,18.8,0,0,"0",1,1,1,1,"0","0","0","BO",NA,NA,0,0,"0","0","0","0",0,0,0,0,"0","0","0",NA,0,0,0,1,"0","0","0",NA,0,0,0,0,"0","0","0",NA,0,0,0,0,"0","0","0",NA,0,0,0,0,"0","0","0",NA,0,0,0,0,"0","0","0",NA,NA,NA,NA,NA,1,2,3,4,NA,NA,NA,NA,0,0,0,1,1,"EMIG635",2375,635,NA,"Point",2212.482,NA,0.200188903202083,0,0,0,1,"EMIG_635_424","EMIG_459_281",4.1321589642451,"EMIG_456_278",6.13000837611216,"EMIG_477_300",13.8490818466858,"EMIG_464_286",0.866607542537104,NA,42.37394095,-111.5533922,42.37397591,-111.553375,NA,20.0420097853465,42.3739948,-111.5533758,NA,12.7249346520151,42.37392036,-111.5532263,NA,99.50218512844,42.37393792,-111.5533825,NA,112.844764026541,0,0,0,1,1,0,0,0
"201","EMIG",636,"ABLA",1.4,7.9,0,0,"0",1,1,1,1,"0","0","0","0",NA,NA,0,0,"0","0","0","0",0,0,0,0,"0","0","0",NA,0,0,0,0,"0","0","0",NA,0,0,0,0,"0","0","0",NA,0,0,0,0,"0","0","0",NA,0,0,0,0,"0","0","0",NA,0,0,0,0,"0","0","0",NA,NA,NA,NA,NA,1,2,3,4,NA,NA,NA,NA,0,0,0,0,0,"EMIG636",2376,636,NA,"Point",2214.563,NA,0.199989719865153,0,0,0,0,"EMIG_636_425","EMIG_459_281",2.66303469166876,"EMIG_456_278",4.71092948856754,"EMIG_477_300",13.4252449728924,"EMIG_463_285",0.151288925269154,NA,42.37395275,-111.5533834,42.37397591,-111.553375,NA,15.0524269166055,42.3739948,-111.5533758,NA,7.63288962777617,42.37392036,-111.5532263,NA,105.538973472977,42.37395208,-111.553385,NA,-119.455569468849,0,0,0,0,1,0,0,0
"202","EMIG",637,"ABLA",6.6,36.5,0,2,"0",1,1,1,1,"0","0","0","0",NA,NA,0,0,"0","0","0","0",0,0,0,0,"0","0","0",NA,0,0,0,0,"0","0","0",NA,0,0,0,0,"0","0","0",NA,0,0,0,0,"0","0","0",NA,0,0,0,0,"0","0","0",NA,0,0,0,0,"0","0","0",NA,"WOB, 1 DB","WOB, 1 DB","WOB, 1 DB","WOB, 1 DB",1,2,3,4,NA,NA,NA,NA,0,0,0,0,0,"EMIG637",2377,637,NA,"Point",2215.215,NA,0.199634098956219,0,0,0,0,"EMIG_637_426","EMIG_459_281",1.91573532461623,"EMIG_456_278",3.95604792791998,"EMIG_477_300",13.5430274809287,"EMIG_463_285",0.855675613963989,NA,42.37395948,-111.5533821,42.37397591,-111.553375,NA,17.7664953381124,42.3739948,-111.5533758,NA,7.53403967285469,42.37392036,-111.5532263,NA,108.707868148015,42.37395208,-111.553385,NA,-163.79720990117,0,0,0,0,1,0,0,0
"203","EMIG",638,"ABLA",12.5,77.9,14.3,0,"0",1,1,1,1,"0","0","0","0",NA,NA,0,0,"0","0","0","0",0,0,0,0,"0","0","0",NA,0,0,0,0,"0","0","0",NA,0,0,0,0,"0","0","0",NA,0,0,0,0,"0","0","0",NA,0,0,0,0,"0","0","0",NA,0,0,0,0,"0","0","0",NA,"injury on south side","injury on south side","injury on south side","injury on south side",1,2,3,4,NA,NA,NA,NA,0,0,0,0,0,"EMIG638",2378,638,NA,"Point",2220.999,NA,0.195629160941163,0,0,0,0,"EMIG_638_427","EMIG_459_281",7.88293063001157,"EMIG_456_278",8.99877939520469,"EMIG_803_582",19.3198887272271,"EMIG_631_420",1.19743555705984,NA,42.37394295,-111.5534598,42.37397591,-111.553375,NA,62.3366899743995,42.3739948,-111.5533758,NA,50.2234717655327,42.37400267,-111.5536802,NA,-69.925883827925,42.37393224,-111.5534615,NA,-173.287445993459,0,0,0,0,1,0,0,0
"204","EMIG",639,"ABLA",2,11.2,1.5,0,"0",1,1,1,1,"0","0","0","BO",NA,NA,0,0,"0","0","0","0",0,0,0,1,"0","0","0",NA,0,0,0,0,"0","0","0",NA,0,0,0,0,"0","0","0",NA,0,0,0,1,"0","0","0",NA,0,0,0,0,"0","0","0",NA,0,0,0,0,"0","0","0",NA,"Rot in area","Rot in area","Rot in area","Rot in area",1,2,3,4,NA,NA,NA,NA,0,0,0,1,1,"EMIG639",2379,639,NA,"Point",2213.7,NA,0.198307298709075,0,0,0,1,"EMIG_639_428","EMIG_459_281",0.844026399710138,"EMIG_456_278",2.15677674374591,"EMIG_477_300",14.5000948202683,"EMIG_461_283",1.07894108172629,NA,42.37397667,-111.5533852,42.37397591,-111.553375,NA,95.7382776450531,42.3739948,-111.5533758,NA,21.0287615441834,42.37392036,-111.5532263,NA,115.544397909623,42.37396947,-111.5533764,NA,137.815491683923,0,0,0,2,1,0,0,0
"205","EMIG",640,"ABLA",3.3,18,0,0,"0",1,1,1,1,"0","0","BO","BO",NA,NA,0,0,"0","0","0","0",0,0,0,0,"0","0","0",NA,0,0,0,0,"0","0","0",NA,0,0,0,0,"0","0","0",NA,0,0,0,1,"0","0","0",NA,0,0,0,0,"0","0","0",NA,0,0,0,0,"0","0","0",NA,NA,NA,NA,NA,1,2,3,4,NA,NA,NA,NA,0,0,0,1,1,"EMIG640",2380,640,NA,"Point",2211.242,NA,0.196219094116121,0,0,0,1,"EMIG_640_429","EMIG_456_278",2.2884120556976,"EMIG_456_278",2.2884120556976,"EMIG_477_300",16.5049280795695,"EMIG_639_428",2.12757072539233,NA,42.37399056,-111.553403,42.3739948,-111.5533758,NA,78.1274950425499,42.3739948,-111.5533758,NA,78.1274950425499,42.37392036,-111.5532263,NA,118.182288206412,42.37397667,-111.5533852,NA,136.462676805753,0,0,0,1,2,2,0,4
"206","EMIG",641,"ABLA",NA,4,0,0,"0",1,1,1,1,"0","0","0","0",NA,NA,0,0,"0","0","0","0",0,0,0,0,"0","0","0",NA,0,0,0,0,"0","0","0",NA,0,0,0,0,"0","0","0",NA,0,0,0,0,"0","0","0",NA,0,0,0,0,"0","0","0",NA,0,0,0,0,"0","0","0",NA,NA,NA,NA,NA,1,2,3,4,NA,NA,NA,NA,0,0,0,0,0,"EMIG641",2381,641,NA,"Point",2212.017,NA,0.19562199469209,0,0,0,0,"EMIG_641_430","EMIG_456_278",2.66792330926038,"EMIG_456_278",2.66792330926038,"EMIG_477_300",17.0856303178685,"EMIG_640_429",0.605808209678408,NA,42.37399442,-111.5534082,42.3739948,-111.5533758,NA,89.0937842779691,42.3739948,-111.5533758,NA,89.0937842779691,42.37392036,-111.5532263,NA,118.771164300568,42.37399056,-111.553403,NA,135.03201103905,0,0,0,0,2,2,0,4
"207","EMIG",642,"ABLA",1.7,10.4,0,0,"0",1,1,1,1,"0","0","0","0",NA,NA,0,0,"0","0","0","0",0,0,0,0,"0","0","0",NA,0,0,0,0,"0","0","0",NA,0,0,0,0,"0","0","0",NA,0,0,0,0,"0","0","0",NA,0,0,0,0,"0","0","0",NA,0,0,0,0,"0","0","0",NA,NA,NA,NA,NA,1,2,3,4,NA,NA,NA,NA,0,0,0,0,0,"EMIG642",2382,642,NA,"Point",2213.174,NA,0.195341476769736,0,0,0,0,"EMIG_642_431","EMIG_459_281",4.03113261871136,"EMIG_456_278",4.05884742402917,"EMIG_477_300",17.6441938343508,"EMIG_640_429",1.79610116701361,NA,42.37398377,-111.5534228,42.37397591,-111.553375,NA,102.503905980089,42.3739948,-111.5533758,NA,72.4372050250426,42.37392036,-111.5532263,NA,113.518965172867,42.37399056,-111.553403,NA,65.1797457453282,0,0,0,0,1,0,0,0
"208","EMIG",643,"ABLA",1,6.9,0,0,"0",1,1,1,1,"0","0","0","0",NA,NA,0,0,"0","0","0","0",0,0,0,0,"0","0","0",NA,0,0,0,0,"0","0","0",NA,0,0,0,0,"0","0","0",NA,0,0,0,0,"0","0","0",NA,0,0,0,0,"0","0","0",NA,0,0,0,0,"0","0","0",NA,NA,NA,NA,NA,1,2,3,4,NA,NA,NA,NA,0,0,0,0,0,"EMIG643",2383,643,NA,"Point",2212.893,NA,0.19365946742772,0,0,0,0,"EMIG_643_432","EMIG_456_278",5.40286661590609,"EMIG_456_278",5.40286661590609,"EMIG_677_464",16.3065369932135,"EMIG_644_433",2.93753697460902,NA,42.3739908,-111.5534412,42.3739948,-111.5533758,NA,85.2845172647894,42.3739948,-111.5533758,NA,85.2845172647894,42.37411094,-111.5535551,NA,-35.1058776567214,42.37396448,-111.5534448,NA,-174.208971596802,0,0,0,0,2,2,0,4
"209","EMIG",644,"ABLA",2.9,13,0,0,"0",1,1,1,1,"0","0","BO","BO",NA,NA,0,0,"0","0","0","0",0,0,0,0,"0","0","0",NA,0,0,0,1,"0","0","0",NA,0,0,0,0,"0","0","0",NA,0,0,0,0,"0","0","0",NA,0,0,0,0,"0","0","0",NA,0,0,0,0,"0","0","0",NA,NA,NA,NA,NA,1,2,3,4,NA,NA,NA,NA,0,0,0,1,1,"EMIG644",2384,644,NA,"Point",2212.319,NA,0.195161515390381,0,0,0,1,"EMIG_644_433","EMIG_459_281",5.88532505429653,"EMIG_456_278",6.60365064314065,"EMIG_677_464",18.6265406750895,"EMIG_645_434",1.49516572557108,NA,42.37396448,-111.5534448,42.37397591,-111.553375,NA,77.5462633077841,42.3739948,-111.5533758,NA,59.3478539192798,42.37411094,-111.5535551,NA,-29.1794823558431,42.37395172,-111.5534506,NA,-161.37433242267,0,0,0,1,1,0,0,0
"210","EMIG",645,"ABLA",2.3,9.7,0,0,"0",1,1,1,1,"0","0","0","BO",NA,NA,0,0,"0","0","0","0",0,0,0,0,"0","0","0",NA,0,0,0,1,"0","0","0",NA,0,0,0,0,"0","0","0",NA,0,0,0,1,"0","0","0",NA,0,0,0,1,"0","0","0",NA,0,0,0,0,"0","0","0",NA,NA,NA,NA,NA,1,2,3,4,NA,NA,NA,NA,0,0,0,1,1,"EMIG645",2385,645,NA,"Point",2213.809,NA,0.195636276819359,0,0,0,1,"EMIG_645_434","EMIG_459_281",6.77920803270681,"EMIG_456_278",7.79805697815308,"EMIG_477_300",18.7927431920835,"EMIG_647_436",0.50164367481306,NA,42.37395172,-111.5534506,42.37397591,-111.553375,NA,66.6581249331951,42.3739948,-111.5533758,NA,52.1620812732451,42.37392036,-111.5532263,NA,100.678195168294,42.37394994,-111.553445,NA,113.203834702809,0,0,0,3,1,0,0,0
"211","EMIG",646,"ABLA",NA,7.6,0,0,"0",1,1,1,1,"0","0","0","0",NA,NA,0,0,"0","0","0","0",0,0,0,0,"0","0","0",NA,0,0,0,0,"0","0","0",NA,0,0,0,0,"0","0","0",NA,0,0,0,0,"0","0","0",NA,0,0,0,0,"0","0","0",NA,0,0,0,0,"0","0","0",NA,NA,NA,NA,NA,1,2,3,4,NA,NA,NA,NA,0,0,0,0,0,"EMIG646",2386,646,NA,"Point",2212.65,NA,0.194939976957378,0,0,0,0,"EMIG_646_435","EMIG_459_281",8.02681270073013,"EMIG_456_278",8.98902093643415,"EMIG_803_582",18.7248331911207,"EMIG_645_434",1.25117172674024,NA,42.37394812,-111.553465,42.37397591,-111.553375,NA,67.3914181065234,42.3739948,-111.5533758,NA,54.7864252402148,42.37400267,-111.5536802,NA,-71.1262021452011,42.37395172,-111.5534506,NA,71.3677465560731,0,0,0,0,1,0,0,0
"212","EMIG",647,"ABLA",2.9,16.8,0,0,"0",1,1,1,1,"0","0","0","BO",NA,NA,0,0,"0","0","0","0",0,0,0,0,"0","0","0",NA,0,0,0,0,"0","0","0",NA,0,0,0,0,"0","0","0",NA,0,0,0,1,"0","0","0",NA,0,0,0,1,"0","0","0",NA,0,0,0,0,"0","0","0",NA,NA,NA,NA,NA,1,2,3,4,NA,NA,NA,NA,0,0,0,1,1,"EMIG647",2387,647,NA,"Point",2213.344,NA,0.196122266095701,0,0,0,1,"EMIG_647_436","EMIG_459_281",6.44448648829375,"EMIG_456_278",7.56791420631215,"EMIG_477_300",18.3033624507141,"EMIG_645_434",0.50164367481306,NA,42.37394994,-111.553445,42.37397591,-111.553375,NA,63.4188242003303,42.3739948,-111.5533758,NA,48.8371735584009,42.37392036,-111.5532263,NA,100.337632307671,42.37395172,-111.5534506,NA,-66.7961615229783,0,0,0,2,1,0,0,0
"213","EMIG",648,"ABLA",NA,7.5,0,0,"0",1,1,1,1,"0","0","0","0",NA,NA,0,0,"0","0","0","0",0,0,0,0,"0","0","0",NA,0,0,0,0,"0","0","0",NA,0,0,0,0,"0","0","0",NA,0,0,0,0,"0","0","0",NA,0,0,0,0,"0","0","0",NA,0,0,0,0,"0","0","0",NA,"Rot in area","Rot in area","Rot in area","Rot in area",1,2,3,4,NA,NA,NA,NA,0,0,0,0,0,"EMIG648",2388,648,NA,"Point",2213.895,NA,0.186055784736613,0,0,0,0,"EMIG_648_437","EMIG_656_444",6.05993693821641,"EMIG_656_444",6.05993693821641,"EMIG_803_582",11.0906114805485,"EMIG_649_438",1.03812357447827,NA,42.37400187,-111.5535455,42.3740482,-111.5535844,NA,-31.904995538704,42.3740482,-111.5535844,NA,-31.904995538704,42.37400267,-111.5536802,NA,-89.5410344330681,42.37400152,-111.5535329,NA,92.1454462778997,0,0,0,0,1,1,0,0
"214","EMIG",649,"ABLA",3,9.9,0,0,"0",1,1,1,1,"0","0","0","BO",NA,NA,0,0,"0","0","0","0",0,0,0,1,"0","0","0",NA,0,0,0,1,"0","0","0",NA,0,0,0,0,"0","0","0",NA,0,0,0,0,"0","0","0",NA,0,0,0,0,"0","0","0",NA,0,0,0,0,"0","0","0",NA,NA,NA,NA,NA,1,2,3,4,NA,NA,NA,NA,0,0,0,1,1,"EMIG649",2389,649,NA,"Point",2216.95,NA,0.186903144595061,0,0,0,1,"EMIG_649_438","EMIG_656_444",6.69667385821946,"EMIG_656_444",6.69667385821946,"EMIG_803_582",12.1283238555867,"EMIG_650_439",2.01714973875074,NA,42.37400152,-111.5535329,42.3740482,-111.5535844,NA,-39.2845393544532,42.3740482,-111.5535844,NA,-39.2845393544532,42.37400267,-111.5536802,NA,-89.3966923573106,42.37398425,-111.5535405,NA,-161.928382693573,0,0,0,2,1,1,0,0
"215","EMIG",650,"ABLA",2.2,11,0,0,"0",1,1,1,1,"0","0","0","BO",NA,NA,0,0,"0","0","0","0",0,0,0,0,"0","0","0",NA,0,0,0,1,"0","0","0",NA,0,0,0,0,"0","0","0",NA,0,0,0,0,"0","0","0",NA,0,0,0,1,"0","0","0",NA,0,0,0,0,"0","0","0",NA,NA,NA,NA,NA,1,2,3,4,NA,NA,NA,NA,0,0,0,1,1,"EMIG650",2390,650,NA,"Point",2214.576,NA,0.187575520735042,0,0,0,1,"EMIG_650_439","EMIG_656_444",7.96789723578142,"EMIG_656_444",7.96789723578142,"EMIG_803_582",11.682363791251,"EMIG_651_440",0.485208460991534,NA,42.37398425,-111.5535405,42.3740482,-111.5535844,NA,-26.9763286678124,42.3740482,-111.5535844,NA,-26.9763286678124,42.37400267,-111.5536802,NA,-79.9166923063537,42.3739825,-111.5535351,NA,113.608430985405,0,0,0,2,1,1,0,0
"216","EMIG",651,"ABLA",2.5,11.6,0,0,"0",1,1,1,1,"0","0","0","BO",NA,NA,0,0,"0","0","0","0",0,0,0,1,"0","0","0",NA,0,0,0,1,"0","0","0",NA,0,0,0,0,"0","0","0",NA,0,0,0,0,"0","0","0",NA,0,0,0,0,"0","0","0",NA,0,0,0,0,"0","0","0",NA,NA,NA,NA,NA,1,2,3,4,NA,NA,NA,NA,0,0,0,1,1,"EMIG651",2391,651,NA,"Point",2215.404,NA,0.18804543166794,0,0,0,1,"EMIG_651_440","EMIG_656_444",8.34843846330878,"EMIG_656_444",8.34843846330878,"EMIG_803_582",12.1546459154517,"EMIG_650_439",0.485208460991534,NA,42.3739825,-111.5535351,42.3740482,-111.5535844,NA,-29.0911495680399,42.3740482,-111.5535844,NA,-29.0911495680399,42.37400267,-111.5536802,NA,-79.3817639201392,42.37398425,-111.5535405,NA,-66.391565375173,0,0,0,2,1,1,0,0
"217","EMIG",652,"ABLA",1.9,9.2,0,0,"0",1,1,1,1,"0","0","0","0",NA,NA,0,0,"0","0","0","0",0,0,0,0,"0","0","0",NA,0,0,0,0,"0","0","0",NA,0,0,0,0,"0","0","0",NA,0,0,0,0,"0","0","0",NA,0,0,0,0,"0","0","0",NA,0,0,0,0,"0","0","0",NA,NA,NA,NA,NA,1,2,3,4,NA,NA,NA,NA,0,0,0,0,0,"EMIG652",2392,652,NA,"Point",2216.08,NA,0.187960778659994,0,0,0,0,"EMIG_652_441","EMIG_656_444",8.48375131221287,"EMIG_797_576",8.43579592399755,"EMIG_803_582",11.8538237688116,"EMIG_651_440",0.514784715975195,NA,42.37397936,-111.5535397,42.3740482,-111.5535844,NA,-25.7091951017344,42.37403112,-111.5536147,NA,-47.0540239626204,42.37400267,-111.5536802,NA,-77.3876368538171,42.3739825,-111.5535351,NA,47.3671906911491,0,0,0,0,1,1,0,0
"218","EMIG",654,"ABLA",NA,5,0,0,"0",1,1,1,1,"0","0","0","0",NA,NA,0,0,"0","0","0","0",0,0,0,0,"0","0","0",NA,0,0,0,0,"0","0","0",NA,0,0,0,0,"0","0","0",NA,0,0,0,0,"0","0","0",NA,0,0,0,0,"0","0","0",NA,0,0,0,0,"0","0","0",NA,"Broken top","Broken top","Broken top","Broken top",1,2,3,4,NA,NA,NA,NA,0,0,0,0,0,"EMIG654",2394,654,NA,"Point",2215.833,NA,0.184206493399009,0,0,0,0,"EMIG_654_442","EMIG_656_444",5.40094135942587,"EMIG_797_576",4.70836430832141,"EMIG_803_582",8.59256440485535,"EMIG_650_439",3.39730943368632,NA,42.37399997,-111.5535759,42.3740482,-111.5535844,NA,-7.44506653516829,42.37403112,-111.5536147,NA,-42.7247815676423,42.37400267,-111.5536802,NA,-88.0004384689314,42.37398425,-111.5535405,NA,120.917165321564,0,0,0,0,1,1,0,0
"219","EMIG",655,"ABLA",13,15.7,0,0,"0",1,1,1,1,"0","0","0","0",NA,NA,0,0,"0","0","0","0",0,0,0,0,"0","0","0",NA,0,0,0,0,"0","0","0",NA,0,0,0,0,"0","0","0",NA,0,0,0,0,"0","0","0",NA,0,0,0,0,"0","0","0",NA,0,0,0,0,"0","0","0",NA,NA,NA,NA,NA,1,2,3,4,NA,NA,NA,NA,0,0,0,0,0,"EMIG655",2395,655,NA,"Point",2217.298,NA,0.184929689143941,0,0,0,0,"EMIG_655_443","EMIG_656_444",5.25483361489129,"EMIG_656_444",5.25483361489129,"EMIG_803_582",9.8901466859582,"EMIG_649_438",2.26280760606098,NA,42.37400444,-111.5535601,42.3740482,-111.5535844,NA,-22.3791171144605,42.3740482,-111.5535844,NA,-22.3791171144605,42.37400267,-111.5536802,NA,-91.1386275671227,42.37400152,-111.5535329,NA,98.2381592683069,0,0,0,0,1,1,0,0
"220","EMIG",656,"ABLA",7.9,36.5,0,5,"0",1,1,1,1,"BO","BO","0","0",NA,NA,0,0,"0","0","0","0",0,0,0,0,"0","0","0",NA,1,1,0,0,"0","0","0",NA,0,0,0,0,"0","0","0",NA,0,0,0,0,"0","0","0",NA,0,0,0,0,"0","0","0",NA,0,0,0,0,"0","0","0",NA,"2 DB","2 DB","2 DB","2 DB",1,2,3,4,NA,NA,NA,NA,1,1,0,0,0,"EMIG656",2396,656,NA,"Point",2214.746,NA,0.180402980071051,1,1,0,0,"EMIG_656_444","EMIG_786_566",6.83200842353566,"EMIG_797_576",3.13374464744208,"EMIG_677_464",7.37243169035236,"EMIG_657_445",1.40683475951762,NA,42.3740482,-111.5535844,42.37408967,-111.5536457,NA,-47.6233008825584,42.37403112,-111.5536147,NA,-127.243297367805,42.37411094,-111.5535551,NA,19.0996813898322,42.37404633,-111.5535675,NA,98.4876174740042,1,1,0,0,2,1,0,7
"221","EMIG",657,"ABLA",NA,5.7,0,0,"0",1,1,1,1,"0","0","0","BO",NA,NA,0,0,"0","0","0","0",0,0,0,0,"0","0","0",NA,0,0,0,1,"0","0","0",NA,0,0,0,0,"0","0","0",NA,0,0,0,0,"0","0","0",NA,0,0,0,0,"0","0","0",NA,0,0,0,0,"0","0","0",NA,NA,NA,NA,NA,1,2,3,4,NA,NA,NA,NA,0,0,0,1,1,"EMIG657",2397,657,NA,"Point",2216.23,NA,0.181641933834547,0,0,0,1,"EMIG_657_445","EMIG_656_444",1.40683475951762,"EMIG_656_444",1.40683475951762,"EMIG_677_464",7.24650462139313,"EMIG_797_576",4.23724982028707,NA,42.37404633,-111.5535675,42.3740482,-111.5535844,NA,-81.5123711359395,42.3740482,-111.5535844,NA,-81.5123711359395,42.37411094,-111.5535551,NA,8.09909007261973,42.37403112,-111.5536147,NA,-113.489709427826,0,0,0,1,1,1,0,0
"222","EMIG",658,"ABLA",1.1,6.3,0,0,"0",1,1,1,1,"0","0","BO","0",NA,NA,0,0,"0","0","0","0",0,0,0,0,"0","0","0",NA,0,0,0,0,"0","0","0",NA,0,0,0,0,"0","0","0",NA,0,0,0,0,"0","0","0",NA,0,0,0,0,"0","0","0",NA,0,0,0,0,"0","0","0",NA,NA,NA,NA,NA,1,2,3,4,NA,NA,NA,NA,0,0,0,0,0,"EMIG658",2398,658,NA,"Point",2216.482,NA,0.181594125426378,0,0,0,0,"EMIG_658_446","EMIG_656_444",1.59517321313962,"EMIG_656_444",1.59517321313962,"EMIG_677_464",6.87614464048087,"EMIG_657_445",0.399797126155615,NA,42.37404946,-111.5535651,42.3740482,-111.5535844,NA,-95.031744012878,42.3740482,-111.5535844,NA,-95.031744012878,42.37411094,-111.5535551,NA,6.8769217699703,42.37404633,-111.5535675,NA,-150.379801711424,0,0,0,0,1,1,0,0
"223","EMIG",660,"ABLA",9.5,44.5,3.9,0,"0",1,1,1,1,"0","0","0","0",NA,NA,0,0,"0","0","0","0",0,0,0,0,"0","0","0",NA,0,0,0,0,"0","0","0",NA,0,0,0,0,"0","0","0",NA,0,0,0,0,"0","0","0",NA,0,0,0,0,"0","0","0",NA,0,0,0,0,"0","0","0",NA,"South obstructed","South obstructed","South obstructed","South obstructed",1,2,3,4,NA,NA,NA,NA,0,0,0,0,0,"EMIG660",2400,660,NA,"Point",2213.143,NA,0.187475424249761,0,0,0,0,"EMIG_660_447","EMIG_656_444",7.53862237055808,"EMIG_656_444",7.53862237055808,"EMIG_677_464",10.2799629979278,"EMIG_649_438",4.29202402487464,NA,42.37402919,-111.5534965,42.3740482,-111.5535844,NA,-73.7394780264274,42.3740482,-111.5535844,NA,-73.7394780264274,42.37411094,-111.5535551,NA,-27.9908815961124,42.37400152,-111.5535329,NA,-135.712939709173,0,0,0,0,1,1,0,0
"224","EMIG",661,"ABLA",11.4,55.8,0,2,"0",1,1,1,1,"0","0","0","0",NA,NA,0,1,"0","0","0","0",0,0,0,0,"0","0","0",NA,0,0,0,0,"0","0","0",NA,0,0,0,0,"0","0","0",NA,0,0,0,0,"0","0","0",NA,0,0,0,0,"0","0","0",NA,0,0,0,0,"0","0","0",NA,"1 DB","1 DB","1 DB","1 DB",1,2,3,4,NA,NA,NA,NA,0,0,0,0,0,"EMIG661",2401,661,NA,"Point",2213.582,NA,0.188270550866535,0,0,0,0,"EMIG_661_448","EMIG_656_444",8.41467488063663,"EMIG_656_444",8.41467488063663,"EMIG_677_464",10.8515844328963,"EMIG_662_449",4.43672469203595,NA,42.37402772,-111.553486,42.3740482,-111.5535844,NA,-74.3207382898555,42.3740482,-111.5535844,NA,-74.3207382898555,42.37411094,-111.5535551,NA,-31.6193646916374,42.37405047,-111.5534417,NA,55.2937054565641,0,0,0,0,1,1,0,0
"225","EMIG",662,"ABLA",2.8,13.5,0,1,"0",1,1,1,1,"0","0","0","BO",NA,NA,0,0,"0","0","0","0",0,0,0,0,"0","0","0",NA,0,0,0,0,"0","0","0",NA,0,0,0,0,"0","0","0",NA,0,0,0,1,"0","0","0",NA,0,0,0,0,"0","0","0",NA,0,0,0,0,"0","0","0",NA,"Rot in area, WOB","Rot in area, WOB","Rot in area, WOB","Rot in area, WOB",1,2,3,4,NA,NA,NA,NA,0,0,0,1,1,"EMIG662",2402,662,NA,"Point",2212.304,NA,0.189791783214853,0,0,0,1,"EMIG_662_449","EMIG_454_276",6.75805525736432,"EMIG_456_278",8.22496866625152,"EMIG_677_464",11.5002626842025,"EMIG_664_451",1.79539764481895,NA,42.37405047,-111.5534417,42.37401705,-111.5533731,NA,123.306016554138,42.3739948,-111.5533758,NA,138.725471092774,42.37411094,-111.5535551,NA,-54.2775744682129,42.37404191,-111.5534232,NA,121.965292691752,0,0,0,1,1,0,0,0
"226","EMIG",663,"ABLA",1.8,9.3,0,0,"0",1,1,1,1,"0","0","0","0",NA,NA,0,0,"0","0","0","0",0,0,0,0,"0","0","0",NA,0,0,0,0,"0","0","0",NA,0,0,0,0,"0","0","0",NA,0,0,0,0,"0","0","0",NA,0,0,0,0,"0","0","0",NA,0,0,0,0,"0","0","0",NA,NA,NA,NA,NA,1,2,3,4,NA,NA,NA,NA,0,0,0,0,0,"EMIG663",2403,663,NA,"Point",2216.909,NA,0.191706389164814,0,0,0,0,"EMIG_663_450","EMIG_454_276",4.87227718117041,"EMIG_456_278",6.63954011953192,"EMIG_677_464",13.4218676332544,"EMIG_664_451",0.632742206209088,NA,42.37404589,-111.5534177,42.37401705,-111.5533731,NA,131.091388544491,42.3739948,-111.5533758,NA,148.696109154802,42.37411094,-111.5535551,NA,-57.441626018195,42.37404191,-111.5534232,NA,-134.302303528198,0,0,0,0,1,0,0,0
"227","EMIG",664,"ABLA",NA,6.8,0,3,"0",1,1,1,1,"0","0","0","BO",NA,NA,0,0,"0","0","0","0",0,0,0,0,"0","0","0",NA,0,0,0,0,"0","0","0",NA,0,0,0,0,"0","0","0",NA,0,0,0,1,"0","0","0",NA,0,0,0,0,"0","0","0",NA,0,0,0,0,"0","0","0",NA,"2 DB","2 DB","2 DB","2 DB",1,2,3,4,NA,NA,NA,NA,0,0,0,1,1,"EMIG664",2404,664,NA,"Point",2214.181,NA,0.191583363915845,0,0,0,1,"EMIG_664_451","EMIG_454_276",4.96332691489175,"EMIG_456_278",6.52640720631496,"EMIG_677_464",13.2923222600844,"EMIG_666_453",0.991831642747942,NA,42.37404191,-111.5534232,42.37401705,-111.5533731,NA,123.790974215094,42.3739948,-111.5533758,NA,143.275471986169,42.37411094,-111.5535551,NA,-54.7846819827342,42.37403581,-111.5534144,NA,133.071924240102,0,0,0,1,1,0,0,0
"228","EMIG",665,"ABLA",10.5,52.8,0,0,"0",1,1,1,1,"0","0","0","0",NA,NA,0,0,"0","0","0","0",0,0,0,0,"0","0","0",NA,0,0,0,0,"0","0","0",NA,0,0,0,0,"0","0","0",NA,0,0,0,0,"0","0","0",NA,0,0,0,0,"0","0","0",NA,0,0,0,0,"0","0","0",NA,NA,NA,NA,NA,1,2,3,4,NA,NA,NA,NA,0,0,0,0,0,"EMIG665",2405,665,NA,"Point",2216.863,NA,0.188807834289279,0,0,0,0,"EMIG_665_452","EMIG_454_276",8.09584323975779,"EMIG_273_248",7.08517438667077,"EMIG_677_464",10.7330917666982,"EMIG_662_449",2.66254606248731,NA,42.37407388,-111.5534347,42.37401705,-111.5533731,NA,141.210664255509,42.37409018,-111.5533515,NA,75.1994929583299,42.37411094,-111.5535551,NA,-67.4553027131996,42.37405047,-111.5534417,NA,-167.498894818805,0,0,0,0,1,0,0,0
"229","EMIG",666,"ABLA",3,14.8,0,0,"0",1,1,1,1,"0","0","0","BO",NA,NA,0,0,"0","0","0","0",0,0,0,0,"0","0","0",NA,0,0,0,1,"0","0","0",NA,0,0,0,0,"0","0","0",NA,0,0,0,1,"0","0","0",NA,0,0,0,0,"0","0","0",NA,0,0,0,0,"0","0","0",NA,"WOB","WOB","WOB","WOB",1,2,3,4,NA,NA,NA,NA,0,0,0,1,1,"EMIG666",2406,666,NA,"Point",2212.22,NA,0.192563278448624,0,0,0,1,"EMIG_666_453","EMIG_454_276",3.98768845087802,"EMIG_456_278",5.55304199282804,"EMIG_677_464",14.2754876742309,"EMIG_664_451",0.991831642747942,NA,42.37403581,-111.5534144,42.37401705,-111.5533731,NA,121.492054966668,42.3739948,-111.5533758,NA,145.088623557199,42.37411094,-111.5535551,NA,-54.2405159803988,42.37404191,-111.5534232,NA,-46.9280698289823,0,0,0,2,1,0,0,0
"230","EMIG",612,"ABLA",NA,4.8,0,0,"0",1,1,1,1,"0","0","0","0",NA,NA,0,0,"0","0","0","0",0,0,0,0,"0","0","0",NA,0,0,0,0,"0","0","0",NA,0,0,0,0,"0","0","0",NA,0,0,0,0,"0","0","0",NA,0,0,0,0,"0","0","0",NA,0,0,0,0,"0","0","0",NA,NA,NA,NA,NA,1,2,3,4,NA,NA,NA,NA,0,0,0,0,0,"EMIG612",5325,612,NA,"Point",2218.147,-16.993,0.193634571475858,0,0,0,0,"EMIG_612_454","EMIG_454_276",3.09518175581215,"EMIG_456_278",4.27756904945426,"EMIG_677_464",15.3841188524248,"EMIG_666_453",1.35738554775943,NA,42.3740241486667,-111.553409454,42.37401705,-111.5533731,NA,104.753610149299,42.3739948,-111.5533758,NA,139.627123682095,42.37411094,-111.5535551,NA,-51.2120321994342,42.37403581,-111.5534144,NA,-17.4577425799994,0,0,0,0,1,0,0,0
"231","EMIG",667,"ABLA",1.5,10.4,0,0,"0",1,1,1,1,"0","0","0","0",NA,NA,0,0,"0","0","0","0",0,0,0,0,"0","0","0",NA,0,0,0,0,"0","0","0",NA,0,0,0,0,"0","0","0",NA,0,0,0,0,"0","0","0",NA,0,0,0,0,"0","0","0",NA,0,0,0,0,"0","0","0",NA,NA,NA,NA,NA,1,2,3,4,NA,NA,NA,NA,0,0,0,0,0,"EMIG667",2407,667,NA,"Point",2213.194,NA,0.190667412317896,0,0,0,0,"EMIG_667_455","EMIG_271_246",6.43413287176702,"EMIG_273_248",3.12199076964577,"EMIG_685_472",9.03461602247078,"EMIG_275_249",2.06172600997889,NA,42.37409524,-111.5533888,42.37407974,-111.5533135,NA,105.515284086976,42.37409018,-111.5533515,NA,100.367858861462,42.37417395,-111.5534166,NA,-14.6753863853092,42.37409327,-111.5533639,NA,96.0904709489439,0,0,0,0,1,0,0,3
"232","EMIG",668,"ABLA",4,20,0,0,"0",1,1,1,1,"0","0","0","0",NA,NA,0,0,"0","0","0","0",0,0,0,0,"0","0","0",NA,0,0,0,0,"0","0","0",NA,0,0,0,0,"0","0","0",NA,0,0,0,0,"0","0","0",NA,0,0,0,0,"0","0","0",NA,0,0,0,0,"0","0","0",NA,NA,NA,NA,NA,1,2,3,4,NA,NA,NA,NA,0,0,0,0,0,"EMIG668",2408,668,NA,"Point",2214.021,NA,0.186228785503098,0,0,0,0,"EMIG_668_456","EMIG_704_489",4.79518085732167,"EMIG_704_489",4.79518085732167,"EMIG_685_472",5.18851340202002,"EMIG_681_468",3.38978936739536,NA,42.37412764,-111.553425,42.37417061,-111.5534192,NA,5.71529815754954,42.37417061,-111.5534192,NA,5.71529815754954,42.37417395,-111.5534166,NA,7.6599554066427,42.37414773,-111.553394,NA,48.8459319193208,0,0,0,0,3,3,0,2
"233","EMIG",669,"ABLA",2.1,10.2,0,0,"0",1,1,1,1,"0","0","0","0",NA,NA,0,0,"0","0","0","0",0,0,0,0,"0","0","0",NA,0,0,0,0,"0","0","0",NA,0,0,0,0,"0","0","0",NA,0,0,0,0,"0","0","0",NA,0,0,0,0,"0","0","0",NA,0,0,0,0,"0","0","0",NA,NA,NA,NA,NA,1,2,3,4,NA,NA,NA,NA,0,0,0,0,0,"EMIG669",2409,669,NA,"Point",2214.748,NA,0.186163898202356,0,0,0,0,"EMIG_669_457","EMIG_704_489",5.57434909820712,"EMIG_704_489",5.57434909820712,"EMIG_685_472",5.97944942556751,"EMIG_681_468",4.2591389190769,NA,42.37412123,-111.5534314,42.37417061,-111.5534192,NA,10.3810149697825,42.37417061,-111.5534192,NA,10.3810149697825,42.37417395,-111.5534166,NA,11.7584129686365,42.37414773,-111.553394,NA,46.3005783365637,0,0,0,0,3,3,0,2
"234","EMIG",671,"ABLA",NA,0.7,0,0,"0",1,1,1,1,"0","0","0","0",NA,NA,0,0,"0","0","0","0",0,0,0,0,"0","0","0",NA,0,0,0,0,"0","0","0",NA,0,0,0,0,"0","0","0",NA,0,0,0,0,"0","0","0",NA,0,0,0,0,"0","0","0",NA,0,0,0,0,"0","0","0",NA,NA,NA,NA,NA,1,2,3,4,NA,NA,NA,NA,0,0,0,0,0,"EMIG671",2411,671,NA,"Point",2214.402,NA,0.187684049231885,0,0,0,0,"EMIG_671_458","EMIG_704_489",8.89485576183078,"EMIG_273_248",6.90907930754633,"EMIG_685_472",9.29494165653791,"EMIG_662_449",4.5754312740558,NA,42.37409141,-111.5534354,42.37417061,-111.5534192,NA,8.6240776574554,42.37409018,-111.5533515,NA,91.13266213563,42.37417395,-111.5534166,NA,9.58593683800813,42.37405047,-111.5534417,NA,-173.490622912592,0,0,0,0,3,3,0,2
"235","EMIG",672,"ABLA",2.1,11.5,0,2,"0",1,1,1,1,"0","0","0","0",NA,NA,0,0,"0","0","0","0",0,0,0,0,"0","0","0",NA,0,0,0,0,"0","0","0",NA,0,0,0,0,"0","0","0",NA,0,0,0,0,"0","0","0",NA,0,0,0,0,"0","0","0",NA,0,0,0,0,"0","0","0",NA,"1 DB","1 DB","1 DB","1 DB",1,2,3,4,NA,NA,NA,NA,0,0,0,0,0,"EMIG672",2412,672,NA,"Point",2214.246,NA,0.187248889556052,0,0,0,0,"EMIG_672_459","EMIG_676_463",8.77909511106819,"EMIG_273_248",8.03563817164018,"EMIG_677_464",9.26987548653376,"EMIG_662_449",3.7279807891366,NA,42.37408364,-111.5534487,42.37410594,-111.553551,NA,-73.6172021171558,42.37409018,-111.5533515,NA,84.8149725607126,42.37411094,-111.5535551,NA,-70.9124281094094,42.37405047,-111.5534417,NA,171.106638861555,0,0,0,0,1,1,0,1
"236","EMIG",673,"ABLA",2.9,8.3,2.2,3,"0",1,1,1,1,"0","0","0","0",NA,NA,0,0,"0","0","0","0",0,0,0,0,"0","0","0",NA,0,0,0,0,"0","0","0",NA,0,0,0,0,"0","0","0",NA,0,0,0,0,"0","0","0",NA,0,0,0,0,"0","0","0",NA,0,0,0,0,"0","0","0",NA,NA,NA,NA,NA,1,2,3,4,NA,NA,NA,NA,0,0,0,0,0,"EMIG673",2413,673,NA,"Point",2218.666,NA,0.17895612904123,0,0,0,0,"EMIG_673_460","EMIG_676_463",3.01967024011206,"EMIG_676_463",3.01967024011206,"EMIG_677_464",3.34386536736453,"EMIG_676_463",3.01967024011206,NA,42.37408339,-111.5535715,42.37410594,-111.553551,NA,33.9827367772391,42.37410594,-111.553551,NA,33.9827367772391,42.37411094,-111.5535551,NA,23.8160651963333,42.37410594,-111.553551,NA,33.9827367772391,0,0,0,0,1,1,0,1
"237","EMIG",674,"ABLA",NA,1.8,0,0,"0",1,1,1,1,"0","0","0","0",NA,NA,0,0,"0","0","0","0",0,0,0,0,"0","0","0",NA,0,0,0,0,"0","0","0",NA,0,0,0,0,"0","0","0",NA,0,0,0,0,"0","0","0",NA,0,0,0,0,"0","0","0",NA,0,0,0,0,"0","0","0",NA,NA,NA,NA,NA,1,2,3,4,NA,NA,NA,NA,0,0,0,0,0,"EMIG674",2414,674,NA,"Point",2220.712,NA,0.17960870394,0,0,0,0,"EMIG_674_461","EMIG_676_463",2.11950755274183,"EMIG_676_463",2.11950755274183,"EMIG_677_464",2.60891005980274,"EMIG_676_463",2.11950755274183,NA,42.37408753,-111.5535578,42.37410594,-111.553551,NA,15.3163281129468,42.37410594,-111.553551,NA,15.3163281129468,42.37411094,-111.5535551,NA,4.88795756301151,42.37410594,-111.553551,NA,15.3163281129468,0,0,0,0,1,1,0,1
"238","EMIG",675,"ABLA",1.8,13.8,0,0,"0",1,1,1,1,"0","0","BO","0",NA,NA,0,0,"0","0","0","0",0,0,0,0,"0","0","0",NA,0,0,0,0,"0","0","0",NA,0,0,0,0,"0","0","0",NA,0,0,0,0,"0","0","0",NA,0,0,0,0,"0","0","0",NA,0,0,0,0,"0","0","0",NA,NA,NA,NA,NA,1,2,3,4,NA,NA,NA,NA,0,0,0,0,0,"EMIG675",2415,675,NA,"Point",2219.868,NA,0.177351278796668,0,0,0,0,"EMIG_675_462","EMIG_677_464",2.16441042800404,"EMIG_677_464",2.16441042800404,"EMIG_677_464",2.16441042800404,"EMIG_677_464",2.16441042800404,NA,42.3741015,-111.5535781,42.37411094,-111.5535551,NA,61.033861661292,42.37411094,-111.5535551,NA,61.033861661292,42.37411094,-111.5535551,NA,61.033861661292,42.37411094,-111.5535551,NA,61.033861661292,0,0,0,0,8,10,10,12
"239","EMIG",676,"ABLA",1.1,8.5,0,0,"0",1,1,1,1,"BO","BO","BO","BO",NA,NA,0,0,"0","0","0","0",0,0,0,0,"0","0","0",NA,0,0,0,0,"0","0","0",NA,1,1,0,0,"0","0","0",NA,0,0,0,0,"0","0","0",NA,0,0,0,1,"0","0","0",NA,0,0,0,0,"0","0","0",NA,"Rot in area","Rot in area","Rot in area","Rot in area",1,2,3,4,NA,NA,NA,NA,1,1,0,1,0,"EMIG676",2416,676,NA,"Point",2219.301,NA,0.178898698434169,1,1,0,1,"EMIG_676_463","EMIG_677_464",0.649762435789261,"EMIG_677_464",0.649762435789261,"EMIG_677_464",0.649762435789261,"EMIG_677_464",0.649762435789261,NA,42.37410594,-111.553551,42.37411094,-111.5535551,NA,-31.3000755285102,42.37411094,-111.5535551,NA,-31.3000755285102,42.37411094,-111.5535551,NA,-31.3000755285102,42.37411094,-111.5535551,NA,-31.3000755285102,1,1,0,1,8,10,10,12
"240","EMIG",677,"ABLA",8,43,0,0,"0",1,1,1,1,"BO","BO","BO","BO",NA,NA,0,0,"0","0","0","0",1,0,0,2,"0","0","0",NA,2,2,2,2,"0","0","0",NA,2,2,2,2,"1-2","1-2","1–1","1-1",0,2,2,2,"0","0","0",NA,1,2,2,2,"0","0","0","1-1",2,2,2,2,"0","0","0",NA,NA,NA,NA,NA,1,2,3,4,NA,NA,NA,NA,1,1,1,1,0,"EMIG677",2417,677,NA,"Point",2220.625,NA,0.178306466729951,1,1,1,1,"EMIG_677_464","EMIG_676_463",0.649762435789261,"EMIG_676_463",0.649762435789261,"EMIG_678_465",3.2790744038484,"EMIG_676_463",0.649762435789261,NA,42.37411094,-111.5535551,42.37410594,-111.553551,NA,148.699921708219,42.37410594,-111.553551,NA,148.699921708219,42.37413223,-111.5535827,NA,-43.8677577590885,42.37410594,-111.553551,NA,148.699921708219,8,10,10,12,1,1,0,1
"241","EMIG",678,"ABLA",5.8,24.5,0,0,"0",1,1,1,1,"BO","BO","BO","BO",NA,NA,0,1,"0","0","0","0",0,0,0,0,"0","0","0",NA,0,0,0,0,"0","0","0",NA,1,1,0,0,"0","0","0",NA,0,2,2,0,"0","0","0",NA,0,0,0,1,"0","0","0",NA,0,0,0,0,"0","0","0",NA,NA,NA,NA,NA,1,2,3,4,NA,NA,NA,NA,1,1,1,1,0,"EMIG678",2418,678,NA,"Point",2218.466,NA,0.17509949628032,1,1,1,1,"EMIG_678_465","EMIG_771_552",2.98380081036311,"EMIG_767_548",3.08635481344998,"EMIG_677_464",3.2790744038484,"EMIG_767_548",3.08635481344998,NA,42.37413223,-111.5535827,42.37412034,-111.5536152,NA,-116.261805670953,42.37414938,-111.5536122,NA,-51.9017231326434,42.37411094,-111.5535551,NA,136.132223639373,42.37414938,-111.5536122,NA,-51.9017231326434,1,3,2,1,1,0,0,0
"242","EMIG",680,"ABLA",NA,2.2,0,0,"0",1,1,1,1,"0","0","0","0",NA,NA,0,0,"0","0","0","0",0,0,0,0,"0","0","0",NA,0,0,0,0,"0","0","0",NA,0,0,0,0,"0","0","0",NA,0,0,0,0,"0","0","0",NA,0,0,0,0,"0","0","0",NA,0,0,0,0,"0","0","0",NA,NA,NA,NA,NA,1,2,3,4,NA,NA,NA,NA,0,0,0,0,0,"EMIG680",2420,680,NA,"Point",2219.198,NA,0.173872145163515,0,0,0,0,"EMIG_680_466","EMIG_678_465",2.47724779142509,"EMIG_678_465",2.47724779142509,"EMIG_678_465",2.47724779142509,"EMIG_768_549",1.95368046213943,NA,42.37415448,-111.5535805,42.37413223,-111.5535827,NA,-175.806885982293,42.37413223,-111.5535827,NA,-175.806885982293,42.37413223,-111.5535827,NA,-175.806885982293,42.3741574,-111.5536039,NA,-80.4469563453575,0,0,0,0,1,3,2,1
"243","EMIG",7481,"ABLA",NA,5.5,0,2,"0",1,1,1,1,"0","0","0","0",NA,NA,0,0,"0","0","0","0",0,0,0,0,"0","0","0",NA,0,0,0,0,"0","0","0",NA,0,0,0,0,"0","0","0",NA,0,0,0,0,"0","0","0",NA,0,0,0,0,"0","0","0",NA,0,0,0,0,"0","0","0",NA,"Rot in area","Rot in area","Rot in area","Rot in area",1,2,3,4,NA,NA,NA,NA,0,0,0,0,0,"EMIG7481",5328,7481,NA,"Point",2216.088,-16.993,0.177664463356956,0,0,0,0,"EMIG_7481_467","EMIG_677_464",0.852241298232731,"EMIG_677_464",0.852241298232731,"EMIG_677_464",0.852241298232731,"EMIG_677_464",0.852241298232731,NA,42.3741100768333,-111.5535653855,42.37411094,-111.5535551,NA,83.5427129056781,42.37411094,-111.5535551,NA,83.5427129056781,42.37411094,-111.5535551,NA,83.5427129056781,42.37411094,-111.5535551,NA,83.5427129056781,0,0,0,0,8,10,10,12
"244","EMIG",681,"ABLA",2.1,10.5,0,1,"0",1,1,1,1,"0","0","0","BO",NA,NA,0,0,"0","0","0","0",0,0,0,0,"0","0","0",NA,0,0,0,0,"0","0","0",NA,0,0,0,0,"0","0","0",NA,0,0,0,0,"0","0","0",NA,0,0,0,1,"0","0","0",NA,0,0,0,0,"0","0","0",NA,"WOB","WOB","WOB","WOB",1,2,3,4,NA,NA,NA,NA,0,0,0,1,1,"EMIG681",2421,681,NA,"Point",2217.199,NA,0.187228433938995,0,0,0,1,"EMIG_681_468","EMIG_704_489",3.28012835705867,"EMIG_704_489",3.28012835705867,"EMIG_685_472",3.45525324794967,"EMIG_683_470",2.06978250352364,NA,42.37414773,-111.553394,42.37417061,-111.5534192,NA,-39.2371766059501,42.37417061,-111.5534192,NA,-39.2371766059501,42.37417395,-111.5534166,NA,-32.5829027094055,42.37413807,-111.5533725,NA,121.214010161805,0,0,0,1,3,3,0,2
"245","EMIG",682,"ABLA",2.5,14,0,0,"0",1,1,1,1,"0","0","BO","0",NA,NA,0,0,"0","0","0","0",0,0,0,0,"0","0","0",NA,0,0,0,0,"0","0","0",NA,0,0,0,0,"0","0","0",NA,0,0,0,0,"0","0","0",NA,0,0,0,0,"0","0","0",NA,0,0,0,0,"0","0","0",NA,NA,NA,NA,NA,1,2,3,4,NA,NA,NA,NA,0,0,0,0,0,"EMIG682",2422,682,NA,"Point",2215.613,NA,0.187078730752689,0,0,0,0,"EMIG_682_469","EMIG_704_489",2.9566507311499,"EMIG_704_489",2.9566507311499,"EMIG_685_472",3.04217285014299,"EMIG_681_468",0.789935782179303,NA,42.37415441,-111.5533907,42.37417061,-111.5534192,NA,-52.5259700784634,42.37417061,-111.5534192,NA,-52.5259700784634,42.37417395,-111.5534166,NA,-44.5034813517373,42.37414773,-111.553394,NA,-159.882296951585,0,0,0,0,3,3,0,2
"246","EMIG",683,"ABLA",NA,5.7,0,0,"0",1,1,1,1,"0","0","0","BO",NA,NA,0,0,"0","0","0","0",0,0,0,0,"0","0","0",NA,0,0,0,0,"0","0","0",NA,0,0,0,1,"0","0","0",NA,0,0,0,0,"0","0","0",NA,0,0,0,0,"0","0","0",NA,0,0,0,0,"0","0","0",NA,NA,NA,NA,NA,1,2,3,4,NA,NA,NA,NA,0,0,0,1,1,"EMIG683",2423,683,NA,"Point",2217.565,NA,0.189295554880662,0,0,0,1,"EMIG_683_470","EMIG_704_489",5.27625328842758,"EMIG_704_489",5.27625328842758,"EMIG_685_472",5.39037484906247,"EMIG_681_468",2.06978250352364,NA,42.37413807,-111.5533725,42.37417061,-111.5534192,NA,-46.77966474133,42.37417061,-111.5534192,NA,-46.77966474133,42.37417395,-111.5534166,NA,-42.3443620563923,42.37414773,-111.553394,NA,-58.7859753478599,0,0,0,1,3,3,0,2
"247","EMIG",684,"ABLA",NA,6.4,0,0,"0",1,1,1,1,"0","0","0","0",NA,NA,0,0,"0","0","0","0",0,0,0,0,"0","0","0",NA,0,0,0,0,"0","0","0",NA,0,0,0,0,"0","0","0",NA,0,0,0,0,"0","0","0",NA,0,0,0,0,"0","0","0",NA,0,0,0,0,"0","0","0",NA,NA,NA,NA,NA,1,2,3,4,NA,NA,NA,NA,0,0,0,0,0,"EMIG684",2424,684,NA,"Point",2214.022,NA,0.18755694901039,0,0,0,0,"EMIG_684_471","EMIG_704_489",3.69617280958317,"EMIG_704_489",3.69617280958317,"EMIG_685_472",3.88689044846833,"EMIG_681_468",0.448182491005657,NA,42.37414385,-111.5533925,42.37417061,-111.5534192,NA,-36.4945525163776,42.37417061,-111.5534192,NA,-36.4945525163776,42.37417395,-111.5534166,NA,-30.6964955938455,42.37414773,-111.553394,NA,-15.9951302345827,0,0,0,0,3,3,0,2
"248","EMIG",685,"ABLA",10.6,51,0,0,"0",1,1,1,1,"0","BO","BO","BO",NA,NA,0,0,"0","0","0","0",0,0,0,1,"0","0","0",NA,0,0,0,0,"0","0","0",NA,0,0,0,0,"0","0","0",NA,0,2,2,2,"0","0","0",NA,0,0,0,0,"0","0","0",NA,0,0,0,0,"0","0","0",NA,NA,NA,NA,NA,1,2,3,4,NA,NA,NA,NA,0,1,1,1,1,"EMIG685",2425,685,NA,"Point",2206.414,NA,0.184139701704863,0,1,1,1,"EMIG_685_472","EMIG_704_489",0.428215567938868,"EMIG_704_489",0.428215567938868,"EMIG_708_493",6.60604624247539,"EMIG_704_489",0.428215567938868,NA,42.37417395,-111.5534166,42.37417061,-111.5534192,NA,-150.006573395842,42.37417061,-111.5534192,NA,-150.006573395842,42.37417573,-111.5534968,NA,-88.2854582136312,42.37417061,-111.5534192,NA,-150.006573395842,0,2,2,3,3,3,0,2
"249","EMIG",686,"ABLA",5.8,36.6,0,0,"0",1,1,1,1,"0","0","0","0",NA,NA,0,0,"0","0","0","0",0,0,0,0,"0","0","0",NA,0,0,0,0,"0","0","0",NA,0,0,0,0,"0","0","0",NA,0,0,0,0,"0","0","0",NA,0,0,0,0,"0","0","0",NA,0,0,0,0,"0","0","0",NA,NA,NA,NA,NA,1,2,3,4,NA,NA,NA,NA,0,0,0,0,0,"EMIG686",2426,686,NA,"Point",2210.756,NA,0.185064546835238,0,0,0,0,"EMIG_686_473","EMIG_704_489",0.959952596883658,"EMIG_685_472",0.939144858111719,"EMIG_685_472",0.939144858111719,"EMIG_685_472",0.939144858111719,NA,42.37416848,-111.5534079,42.37417061,-111.5534192,NA,-75.7366024850135,42.37417395,-111.5534166,NA,-49.7036916908502,42.37417395,-111.5534166,NA,-49.7036916908502,42.37417395,-111.5534166,NA,-49.7036916908502,0,0,0,0,3,3,0,2
"250","EMIG",687,"ABLA",3.5,18.7,0,0,"0",1,1,1,1,"0","0","0","0",NA,NA,0,0,"0","0","0","0",0,0,0,0,"0","0","0",NA,0,0,0,0,"0","0","0",NA,0,0,0,0,"0","0","0",NA,0,0,0,0,"0","0","0",NA,0,0,0,0,"0","0","0",NA,0,0,0,0,"0","0","0",NA,NA,NA,NA,NA,1,2,3,4,NA,NA,NA,NA,0,0,0,0,0,"EMIG687",2427,687,NA,"Point",2211.988,NA,0.184895656933327,0,0,0,0,"EMIG_687_474","EMIG_704_489",0.802876277809073,"EMIG_685_472",0.770835019853712,"EMIG_685_472",0.770835019853712,"EMIG_685_472",0.770835019853712,NA,42.37416934,-111.5534096,42.37417061,-111.5534192,NA,-79.8839263327944,42.37417395,-111.5534166,NA,-48.3888613030827,42.37417395,-111.5534166,NA,-48.3888613030827,42.37417395,-111.5534166,NA,-48.3888613030827,0,0,0,0,3,3,0,2
"251","EMIG",688,"ABLA",NA,2.5,0,0,"0",1,1,1,1,"0","0","0","0",NA,NA,0,0,"0","0","0","0",0,0,0,0,"0","0","0",NA,0,0,0,0,"0","0","0",NA,0,0,0,0,"0","0","0",NA,0,0,0,0,"0","0","0",NA,0,0,0,0,"0","0","0",NA,0,0,0,0,"0","0","0",NA,NA,NA,NA,NA,1,2,3,4,NA,NA,NA,NA,0,0,0,0,0,"EMIG688",2428,688,NA,"Point",2213.666,NA,0.185707447528728,0,0,0,0,"EMIG_688_475","EMIG_704_489",2.15309458211819,"EMIG_685_472",1.88843160396225,"EMIG_685_472",1.88843160396225,"EMIG_685_472",1.88843160396225,NA,42.37417491,-111.5533937,42.37417061,-111.5534192,NA,-102.812344200532,42.37417395,-111.5534166,NA,-93.23592059174,42.37417395,-111.5534166,NA,-93.23592059174,42.37417395,-111.5534166,NA,-93.23592059174,0,0,0,0,3,3,0,2
"252","EMIG",690,"ABLA",NA,6.3,0,0,"0",1,1,1,1,"0","0","0","0",NA,NA,0,0,"0","0","0","0",0,0,0,0,"0","0","0",NA,0,0,0,0,"0","0","0",NA,0,0,0,0,"0","0","0",NA,0,0,0,0,"0","0","0",NA,0,0,0,0,"0","0","0",NA,0,0,0,0,"0","0","0",NA,NA,NA,NA,NA,1,2,3,4,NA,NA,NA,NA,0,0,0,0,0,"EMIG690",2430,690,NA,"Point",2216.958,NA,0.189568004267519,0,0,0,0,"EMIG_690_476","EMIG_704_489",5.68087231548992,"EMIG_685_472",5.57424552684929,"EMIG_685_472",5.57424552684929,"EMIG_683_470",2.83961183962952,NA,42.37415869,-111.5533521,42.37417061,-111.5534192,NA,-76.526828914515,42.37417395,-111.5534166,NA,-72.3032195434712,42.37417395,-111.5534166,NA,-72.3032195434712,42.37413807,-111.5533725,NA,-143.737494997409,0,0,0,0,3,3,0,2
"253","EMIG",691,"ABLA",12.7,61.5,7.4,0,"0",1,1,1,1,"0","0","0","0",NA,NA,0,0,"0","0","0","0",0,0,0,0,"0","0","0",NA,0,0,0,0,"0","0","0",NA,0,0,0,0,"0","0","0",NA,0,0,0,0,"0","0","0",NA,0,0,0,0,"0","0","0",NA,0,0,0,0,"0","0","0",NA,NA,NA,NA,NA,1,2,3,4,NA,NA,NA,NA,0,0,0,0,0,"EMIG691",2431,691,NA,"Point",2218.628,NA,0.189905238330344,0,0,0,0,"EMIG_691_477","EMIG_704_489",6.36045830595973,"EMIG_685_472",6.19505087102825,"EMIG_685_472",6.19505087102825,"EMIG_251_225",3.59119813419582,NA,42.37416514,-111.5533423,42.37417061,-111.5534192,NA,-84.5202434952624,42.37417395,-111.5534166,NA,-80.9144369910971,42.37417395,-111.5534166,NA,-80.9144369910971,42.3741974,-111.5533454,NA,-4.07552782344642,0,0,0,0,3,3,0,2
"254","EMIG",692,"ABLA",1.1,7.9,1.6,0,"0",1,1,1,1,"0","0","0","0",NA,NA,0,0,"0","0","0","0",0,0,0,0,"0","0","0",NA,0,0,0,0,"0","0","0",NA,0,0,0,0,"0","0","0",NA,0,0,0,0,"0","0","0",NA,0,0,0,0,"0","0","0",NA,0,0,0,0,"0","0","0",NA,NA,NA,NA,NA,1,2,3,4,NA,NA,NA,NA,0,0,0,0,0,"EMIG692",2432,692,NA,"Point",2216.359,NA,0.188102320625729,0,0,0,0,"EMIG_692_478","EMIG_704_489",4.87850853475007,"EMIG_685_472",4.64425687040272,"EMIG_685_472",4.64425687040272,"EMIG_251_225",2.80266882725069,NA,42.37417467,-111.5533602,42.37417061,-111.5534192,NA,-95.3021913578762,42.37417395,-111.5534166,NA,-90.9863416223504,42.37417395,-111.5534166,NA,-90.9863416223504,42.3741974,-111.5533454,NA,25.7708488858505,0,0,0,0,3,3,0,2
"255","EMIG",694,"ABLA",2.5,10.3,2,0,"0",1,1,1,1,"0","0","0","BO",NA,NA,0,0,"0","0","0","0",0,0,0,0,"0","0","0",NA,0,0,0,0,"0","0","0",NA,0,0,0,0,"0","0","0",NA,0,0,0,0,"0","0","0",NA,0,0,0,0,"0","0","0",NA,0,0,0,1,"0","0","0",NA,"split at bottom","split at bottom","split at bottom","split at bottom",1,2,3,4,NA,NA,NA,NA,0,0,0,1,1,"EMIG694",2434,694,NA,"Point",2217.323,NA,0.187039040242472,0,0,0,1,"EMIG_694_479","EMIG_726_510",4.70790729199979,"EMIG_697_482",4.65973506559103,"EMIG_725_509",6.51736509491034,"EMIG_252_226",0.648937754653488,NA,42.37420789,-111.5533498,42.37423023,-111.5533984,NA,-58.2035443293401,42.37422593,-111.5534009,NA,-64.5398209860193,42.37423354,-111.553421,NA,-64.0867565166414,42.37420205,-111.5533495,NA,177.818685048624,0,0,0,1,1,0,0,0
"256","EMIG",695,"ABLA",1.9,6.8,1.1,0,"0",1,1,1,1,"0","0","0","0",NA,NA,0,0,"0","0","0","0",0,0,0,0,"0","0","0",NA,0,0,0,0,"0","0","0",NA,0,0,0,0,"0","0","0",NA,0,0,0,0,"0","0","0",NA,0,0,0,0,"0","0","0",NA,0,0,0,0,"0","0","0",NA,"Bent top","Bent top","Bent top","Bent top",1,2,3,4,NA,NA,NA,NA,0,0,0,0,0,"EMIG695",2435,695,NA,"Point",2216.358,NA,0.186386396449533,0,0,0,0,"EMIG_695_480","EMIG_726_510",4.04848354275628,"EMIG_697_482",4.04132763709922,"EMIG_725_509",5.89095840731813,"EMIG_694_479",0.726567830196275,NA,42.37421323,-111.5533549,42.37423023,-111.5533984,NA,-62.2079256079307,42.37422593,-111.5534009,NA,-69.5772793388866,42.37423354,-111.553421,NA,-67.4912491969944,42.37420789,-111.5533498,NA,144.695730817039,0,0,0,0,1,0,0,0
"257","EMIG",696,"ABLA",1.7,6.9,1.1,0,"0",1,1,1,1,"0","0","0","0",NA,NA,0,0,"0","0","0","0",0,0,0,0,"0","0","0",NA,0,0,0,0,"0","0","0",NA,0,0,0,0,"0","0","0",NA,0,0,0,0,"0","0","0",NA,0,0,0,0,"0","0","0",NA,0,0,0,0,"0","0","0",NA,"Bent","Bent","Bent","Bent",1,2,3,4,NA,NA,NA,NA,0,0,0,0,0,"EMIG696",2436,696,NA,"Point",2217.971,NA,0.186513392665785,0,0,0,0,"EMIG_696_481","EMIG_726_510",4.18330839035021,"EMIG_697_482",4.19916035592634,"EMIG_725_509",6.0413250840497,"EMIG_694_479",0.735813541647069,NA,42.37421423,-111.5533524,42.37423023,-111.5533984,NA,-64.8687278674234,42.37422593,-111.5534009,NA,-71.9778320370201,42.37423354,-111.553421,NA,-69.211686799245,42.37420789,-111.5533498,NA,163.086775336234,0,0,0,0,1,0,0,0
"258","EMIG",697,"ABLA",3,15.6,0,2,"0",1,1,1,1,"0","BO","0","0",NA,NA,0,0,"0","0","0","0",0,0,0,0,"0","0","0",NA,0,0,0,0,"0","0","0",NA,0,1,0,0,"0","0","0",NA,0,0,0,0,"0","0","0",NA,0,0,0,0,"0","0","0",NA,0,0,0,0,"0","0","0",NA,"WOB","WOB","WOB","WOB",1,2,3,4,NA,NA,NA,NA,0,1,0,0,1,"EMIG697",2437,697,NA,"Point",2212.983,NA,0.182394183935304,0,1,0,0,"EMIG_697_482","EMIG_726_510",0.519944188834398,"EMIG_700_485",1.16676825145387,"EMIG_725_509",1.85814107161924,"EMIG_700_485",1.16676825145387,NA,42.37422593,-111.5534009,42.37423023,-111.5533984,NA,23.3204195217759,42.37421736,-111.5534091,NA,-144.645685550422,42.37423354,-111.553421,NA,-62.9505603205092,42.37421736,-111.5534091,NA,-144.645685550422,0,1,0,0,1,0,0,0
"259","EMIG",698,"ABLA",1.5,10.2,2.9,0,"0",1,1,1,1,"0","0","0","0",NA,NA,0,0,"0","0","0","0",0,0,0,0,"0","0","0",NA,0,0,0,0,"0","0","0",NA,0,0,0,0,"0","0","0",NA,0,0,0,0,"0","0","0",NA,0,0,0,0,"0","0","0",NA,0,0,0,0,"0","0","0",NA,NA,NA,NA,NA,1,2,3,4,NA,NA,NA,NA,0,0,0,0,0,"EMIG698",2438,698,NA,"Point",2212.698,NA,0.182098721441225,0,0,0,0,"EMIG_698_483","EMIG_726_510",0.80314515349988,"EMIG_697_482",0.385755838270961,"EMIG_725_509",1.57220772598242,"EMIG_699_484",0.829791973849821,NA,42.37422527,-111.5534055,42.37423023,-111.5533984,NA,46.7057259692556,42.37422593,-111.5534009,NA,79.0484086304457,42.37423354,-111.553421,NA,-54.2621014642505,42.37422239,-111.5534148,NA,-112.667851775122,0,0,0,0,1,0,0,0
"260","EMIG",699,"ABLA",4.1,20.5,2,0,"0",1,1,1,1,"0","0","0","BO",NA,NA,0,0,"0","0","0","0",0,0,0,0,"0","0","0",NA,0,0,0,0,"0","0","0",NA,0,0,0,0,"0","0","0",NA,0,0,0,1,"0","0","0",NA,0,0,0,1,"0","0","0",NA,0,0,0,1,"0","0","0",NA,NA,NA,NA,NA,1,2,3,4,NA,NA,NA,NA,0,0,0,1,1,"EMIG699",2439,699,NA,"Point",2213.19,NA,0.181585965741197,0,0,0,1,"EMIG_699_484","EMIG_700_485",0.729513853761961,"EMIG_700_485",0.729513853761961,"EMIG_725_509",1.33918828731671,"EMIG_700_485",0.729513853761961,NA,42.37422239,-111.5534148,42.37421736,-111.5534091,NA,139.961639325258,42.37421736,-111.5534091,NA,139.961639325258,42.37423354,-111.553421,NA,-22.406375191777,42.37421736,-111.5534091,NA,139.961639325258,0,0,0,3,1,2,0,2
"261","EMIG",700,"ABLA",3.9,20.7,0,0,"0",1,1,1,1,"BO","BO","BO","BR, BO",NA,NA,0,0,"0","0","0","0",0,0,0,1,"0","0","0",NA,1,1,0,1,"0","0","0",NA,0,0,0,0,"0","0","0",NA,0,0,0,0,"0","0","0",NA,0,1,0,0,"0","0","0",NA,0,0,0,0,"0","0","0",NA,NA,NA,NA,NA,1,2,3,4,NA,NA,NA,NA,1,1,0,1,0,"EMIG700",2440,700,NA,"Point",2212.386,NA,0.182267370994704,1,1,0,1,"EMIG_700_485","EMIG_726_510",1.67878995389498,"EMIG_697_482",1.16676825145387,"EMIG_725_509",2.04639612110673,"EMIG_699_484",0.729513853761961,NA,42.37421736,-111.5534091,42.37423023,-111.5533984,NA,31.6520129660359,42.37422593,-111.5534009,NA,35.3543089230237,42.37423354,-111.553421,NA,-28.605293181911,42.37422239,-111.5534148,NA,-40.0383568331123,1,2,0,2,1,0,0,0
"262","EMIG",701,"ABLA",2.1,7.4,0.6,0,"0",1,1,1,1,"0","0","0","0",NA,NA,0,0,"0","0","0","0",0,0,0,0,"0","0","0",NA,0,0,0,0,"0","0","0",NA,0,0,0,0,"0","0","0",NA,0,0,0,0,"0","0","0",NA,0,0,0,0,"0","0","0",NA,0,0,0,0,"0","0","0",NA,"Broken top","Broken top","Broken top","Broken top",1,2,3,4,NA,NA,NA,NA,0,0,0,0,0,"EMIG701",2441,701,NA,"Point",2211.701,NA,0.182757282623812,0,0,0,0,"EMIG_701_486","EMIG_700_485",1.59497390814934,"EMIG_700_485",1.59497390814934,"EMIG_685_472",3.27133824291379,"EMIG_700_485",1.59497390814934,NA,42.37420329,-111.553413,42.37421736,-111.5534091,NA,11.6140668793426,42.37421736,-111.5534091,NA,11.6140668793426,42.37417395,-111.5534166,NA,-174.801614854658,42.37421736,-111.5534091,NA,11.6140668793426,0,0,0,0,1,2,0,2
"263","EMIG",702,"ABLA",2.3,13.7,2.1,0,"0",1,1,1,1,"0","0","0","0",NA,NA,0,0,"0","0","0","0",0,0,0,0,"0","0","0",NA,0,0,0,0,"0","0","0",NA,0,0,0,0,"0","0","0",NA,0,0,0,0,"0","0","0",NA,0,0,0,0,"0","0","0",NA,0,0,0,0,"0","0","0",NA,"Rot in area","Rot in area","Rot in area","Rot in area",1,2,3,4,NA,NA,NA,NA,0,0,0,0,0,"EMIG702",2442,702,NA,"Point",2211.336,NA,0.182692082826504,0,0,0,0,"EMIG_702_487","EMIG_700_485",1.68959382627164,"EMIG_700_485",1.68959382627164,"EMIG_685_472",3.19307018139659,"EMIG_700_485",1.68959382627164,NA,42.37420266,-111.5534144,42.37421736,-111.5534091,NA,14.9671550292297,42.37421736,-111.5534091,NA,14.9671550292297,42.37417395,-111.5534166,NA,-176.748057778245,42.37421736,-111.5534091,NA,14.9671550292297,0,0,0,0,1,2,0,2
"264","EMIG",703,"ABLA",2,12.4,0,0,"0",1,1,1,1,"0","0","0","0",NA,NA,0,0,"0","0","0","0",0,0,0,0,"0","0","0",NA,0,0,0,0,"0","0","0",NA,0,0,0,0,"0","0","0",NA,0,0,0,0,"0","0","0",NA,0,0,0,0,"0","0","0",NA,0,0,0,0,"0","0","0",NA,NA,NA,NA,NA,1,2,3,4,NA,NA,NA,NA,0,0,0,0,0,"EMIG703",2443,703,NA,"Point",2214.625,NA,0.184411793805942,0,0,0,0,"EMIG_703_488","EMIG_704_489",0.492178124565999,"EMIG_704_489",0.492178124565999,"EMIG_685_472",0.885111291448378,"EMIG_704_489",0.492178124565999,NA,42.37416618,-111.553419,42.37417061,-111.5534192,NA,-1.91727383086882,42.37417061,-111.5534192,NA,-1.91727383086882,42.37417395,-111.5534166,NA,12.8998320453686,42.37417061,-111.5534192,NA,-1.91727383086882,0,0,0,0,3,3,0,2
"265","EMIG",704,"ABLA",3,14.7,0,0,"0",1,1,1,1,"BO","BO","BO","BO",NA,NA,0,0,"0","0","0","0",0,0,0,0,"0","0","0",NA,2,2,0,1,"1-0","1-0","0",NA,1,0,0,0,"0","0","0",NA,0,0,0,0,"0","0","0",NA,0,0,0,1,"0","0","0",NA,0,1,0,0,"0","0","0",NA,NA,NA,NA,NA,1,2,3,4,NA,NA,NA,NA,1,1,0,1,0,"EMIG704",2444,704,NA,"Point",2214.709,NA,0.184145442756417,1,1,0,1,"EMIG_704_489","EMIG_700_485",5.25725359817647,"EMIG_685_472",0.428215567938868,"EMIG_685_472",0.428215567938868,"EMIG_685_472",0.428215567938868,NA,42.37417061,-111.5534192,42.37421736,-111.5534091,NA,9.10092080173048,42.37417395,-111.5534166,NA,29.9934248518376,42.37417395,-111.5534166,NA,29.9934248518376,42.37417395,-111.5534166,NA,29.9934248518376,3,3,0,2,1,2,0,2
"266","EMIG",705,"ABLA",2,9.3,0,0,"0",1,1,1,1,"0","BO","0","BO",NA,NA,0,0,"0","0","0","0",0,0,0,0,"0","0","0",NA,0,1,0,0,"0","0","0",NA,0,0,0,0,"0","0","0",NA,0,0,0,1,"0","0","0",NA,0,1,0,0,"0","0","0",NA,0,0,0,0,"0","0","0",NA,NA,NA,NA,NA,1,2,3,4,NA,NA,NA,NA,0,1,0,1,1,"EMIG705",2445,705,NA,"Point",2213.553,NA,0.179637595717264,0,1,0,1,"EMIG_705_490","EMIG_720_504",0.690955011865027,"EMIG_720_504",0.690955011865027,"EMIG_724_508",1.50360498431439,"EMIG_720_504",0.690955011865027,NA,42.37422173,-111.5534425,42.37422081,-111.5534508,NA,-98.5021932497754,42.37422081,-111.5534508,NA,-98.5021932497754,42.37423444,-111.5534362,NA,20.179858887203,42.37422081,-111.5534508,NA,-98.5021932497754,0,2,0,1,3,1,0,2
"267","EMIG",706,"ABLA",NA,3.3,0,1,"0",1,1,1,1,"0","0","BO","BO",NA,NA,0,0,"0","0","0","0",0,0,0,1,"0","0","0",NA,0,0,0,1,"0","0","0",NA,0,0,0,0,"0","0","0",NA,0,0,0,0,"0","0","0",NA,0,0,0,1,"0","0","0",NA,0,0,0,0,"0","0","0",NA,"WOB","WOB","WOB","WOB",1,2,3,4,NA,NA,NA,NA,0,0,0,1,1,"EMIG706",2446,706,NA,"Point",2213.83,NA,0.180325914458506,0,0,0,1,"EMIG_706_491","EMIG_720_504",1.52048823180872,"EMIG_705_490",1.48903782474117,"EMIG_724_508",2.95595565911776,"EMIG_705_490",1.48903782474117,NA,42.37420833,-111.5534432,42.37422081,-111.5534508,NA,-24.3010715105638,42.37422173,-111.5534425,NA,2.21817538617939,42.37423444,-111.5534362,NA,11.2430941278759,42.37422173,-111.5534425,NA,2.21817538617939,0,0,0,3,3,1,0,2
"268","EMIG",707,"ABLA",2.8,13.4,0,0,"0",1,1,1,1,"0","0","0","0",NA,NA,0,0,"0","0","0","0",0,0,0,0,"0","0","0",NA,0,0,0,0,"0","0","0",NA,0,0,0,0,"0","0","0",NA,0,0,0,0,"0","0","0",NA,0,0,0,0,"0","0","0",NA,0,0,0,0,"0","0","0",NA,NA,NA,NA,NA,1,2,3,4,NA,NA,NA,NA,0,0,0,0,0,"EMIG707",2447,707,NA,"Point",2214.303,NA,0.178694922128809,0,0,0,0,"EMIG_707_492","EMIG_708_493",1.99857890704237,"EMIG_708_493",1.99857890704237,"EMIG_708_493",1.99857890704237,"EMIG_708_493",1.99857890704237,NA,42.37418952,-111.5534812,42.37417573,-111.5534968,NA,-140.010119915732,42.37417573,-111.5534968,NA,-140.010119915732,42.37417573,-111.5534968,NA,-140.010119915732,42.37417573,-111.5534968,NA,-140.010119915732,0,0,0,0,2,4,4,4
"269","EMIG",708,"ABLA",2,10.5,0,0,"0",1,1,1,1,"BO","BR, BO","BR, BO","BR, BO",NA,NA,0,0,"0","0","0","0",0,1,0,1,"0","4-1","0",NA,1,2,2,2,"0","2-1","2–1","2-0",0,0,0,0,"0","0","0",NA,0,1,0,0,"0","0","0",NA,1,0,2,1,"0","0","0",NA,0,0,0,0,"0","0","0",NA,NA,NA,NA,NA,1,2,3,4,NA,NA,NA,NA,1,1,1,1,0,"EMIG708",2448,708,NA,"Point",2215.158,NA,0.178396874919021,1,1,1,1,"EMIG_708_493","EMIG_710_495",1.22825360254315,"EMIG_710_495",1.22825360254315,"EMIG_710_495",1.22825360254315,"EMIG_709_494",1.02140749608354,NA,42.37417573,-111.5534968,42.37417284,-111.5535112,NA,-105.145272301683,42.37417284,-111.5535112,NA,-105.145272301683,42.37417284,-111.5535112,NA,-105.145272301683,42.37416695,-111.5535005,NA,-162.647679453414,2,4,4,4,5,6,4,6
"270","EMIG",709,"ABLA",1.4,9.3,0,0,"0",1,1,1,1,"0","0","BO","BO",NA,NA,0,0,"0","0","0","0",0,0,0,1,"0","0","0",NA,0,0,0,0,"0","0","0",NA,0,0,0,1,"0","0","0",NA,0,0,0,0,"0","0","0",NA,0,0,0,0,"0","0","0",NA,0,0,0,1,"0","0","0",NA,NA,NA,NA,NA,1,2,3,4,NA,NA,NA,NA,0,0,0,1,1,"EMIG709",2449,709,NA,"Point",2215.11,NA,0.178652760755048,0,0,0,1,"EMIG_709_494","EMIG_708_493",1.02140749608354,"EMIG_708_493",1.02140749608354,"EMIG_708_493",1.02140749608354,"EMIG_708_493",1.02140749608354,NA,42.37416695,-111.5535005,42.37417573,-111.5534968,NA,17.3523180528989,42.37417573,-111.5534968,NA,17.3523180528989,42.37417573,-111.5534968,NA,17.3523180528989,42.37417573,-111.5534968,NA,17.3523180528989,0,0,0,3,2,4,4,4
"271","EMIG",710,"ABLA",2.6,12.4,0,0,"0",1,1,1,1,"BO","BO","BO","BO",NA,NA,0,0,"0","0","0","0",1,0,0,1,"0","0","0",NA,1,2,2,2,"0","0","0",NA,0,0,0,1,"0","0","0",NA,0,1,0,0,"0","0","0",NA,2,2,2,2,"0","0","0",NA,1,1,0,0,"0","0","0",NA,NA,NA,NA,NA,1,2,3,4,NA,NA,NA,NA,1,1,1,1,0,"EMIG710",2450,710,NA,"Point",2217.415,NA,0.17756040327938,1,1,1,1,"EMIG_710_495","EMIG_708_493",1.22825360254315,"EMIG_708_493",1.22825360254315,"EMIG_708_493",1.22825360254315,"EMIG_709_494",1.0971934217887,NA,42.37417284,-111.5535112,42.37417573,-111.5534968,NA,74.8547179931565,42.37417573,-111.5534968,NA,74.8547179931565,42.37417573,-111.5534968,NA,74.8547179931565,42.37416695,-111.5535005,NA,126.589945075181,5,6,4,6,2,4,4,4
"272","EMIG",711,"ABLA",NA,3.6,0,0,"0",1,1,1,1,"0","0","0","0",NA,NA,0,0,"0","0","0","0",0,0,0,0,"0","0","0",NA,0,0,0,0,"0","0","0",NA,0,0,0,0,"0","0","0",NA,0,0,0,0,"0","0","0",NA,0,0,0,0,"0","0","0",NA,0,0,0,0,"0","0","0",NA,NA,NA,NA,NA,1,2,3,4,NA,NA,NA,NA,0,0,0,0,0,"EMIG711",2451,711,NA,"Point",2214.686,NA,0.177128430862189,0,0,0,0,"EMIG_711_496","EMIG_710_495",0.913449815855569,"EMIG_710_495",0.913449815855569,"EMIG_710_495",0.913449815855569,"EMIG_710_495",0.913449815855569,NA,42.37418105,-111.5535105,42.37417284,-111.5535112,NA,-176.382593391079,42.37417284,-111.5535112,NA,-176.382593391079,42.37417284,-111.5535112,NA,-176.382593391079,42.37417284,-111.5535112,NA,-176.382593391079,0,0,0,0,5,6,4,6
"273","EMIG",712,"ABLA",1.3,NA,0,0,"0",1,NA,NA,NA,"0",NA,NA,NA,NA,NA,NA,NA,"0",NA,NA,NA,0,NA,NA,NA,"0",NA,NA,NA,0,NA,NA,NA,"0",NA,NA,NA,0,NA,NA,NA,"0",NA,NA,NA,0,NA,NA,NA,"0",NA,NA,NA,0,NA,NA,NA,"0",NA,NA,NA,0,NA,NA,NA,"0",NA,NA,NA,"Bent",NA,NA,NA,1,NA,NA,NA,NA,NA,NA,NA,0,NA,NA,NA,NA,"EMIG712",2452,712,NA,"Point",2222.011,NA,0.17401695470374,0,NA,NA,NA,"EMIG_712_497","EMIG_769_550",4.26666964998442,"EMIG_769_550",4.26666964998442,"EMIG_769_550",4.26666964998442,"EMIG_768_549",3.39195518310743,NA,42.37416884,-111.5535657,42.37415874,-111.5536157,NA,-105.239213176739,42.37415874,-111.5536157,NA,-105.239213176739,42.37415874,-111.5536157,NA,-105.239213176739,42.3741574,-111.5536039,NA,-111.99337292545,0,NA,NA,NA,4,7,2,7
"274","EMIG",713,"ABLA",2.2,11,0,0,"0",1,1,1,1,"0","0","0","0",NA,NA,0,0,"0","0","0","0",0,0,0,0,"0","0","0",NA,0,0,0,0,"0","0","0",NA,0,0,0,0,"0","0","0",NA,0,0,0,0,"0","0","0",NA,0,0,0,0,"0","0","0",NA,0,0,0,0,"0","0","0",NA,NA,NA,NA,NA,1,2,3,4,NA,NA,NA,NA,0,0,0,0,0,"EMIG713",2453,713,NA,"Point",2217.841,NA,0.176912989760867,0,0,0,0,"EMIG_713_498","EMIG_715_500",0.39515769339205,"EMIG_715_500",0.39515769339205,"EMIG_708_493",3.18024669669639,"EMIG_715_500",0.39515769339205,NA,42.37420432,-111.5534945,42.37420752,-111.5534924,NA,25.9472619696646,42.37420752,-111.5534924,NA,25.9472619696646,42.37417573,-111.5534968,NA,-176.58634685326,42.37420752,-111.5534924,NA,25.9472619696646,0,0,0,0,3,1,0,1
"275","EMIG",714,"ABLA",1,7.4,0,0,"0",1,1,1,1,"0","0","0","0",NA,NA,0,0,"0","0","0","0",0,0,0,0,"0","0","0",NA,0,0,0,0,"0","0","0",NA,0,0,0,0,"0","0","0",NA,0,0,0,0,"0","0","0",NA,0,0,0,0,"0","0","0",NA,0,0,0,0,"0","0","0",NA,NA,NA,NA,NA,1,2,3,4,NA,NA,NA,NA,0,0,0,0,0,"EMIG714",2454,714,NA,"Point",2218.744,NA,0.177148017913138,0,0,0,0,"EMIG_714_499","EMIG_715_500",1.2947393159144,"EMIG_715_500",1.2947393159144,"EMIG_708_493",2.30588916783557,"EMIG_715_500",1.2947393159144,NA,42.37419649,-111.5534975,42.37420752,-111.5534924,NA,18.9237788740022,42.37420752,-111.5534924,NA,18.9237788740022,42.37417573,-111.5534968,NA,178.567811322322,42.37420752,-111.5534924,NA,18.9237788740022,0,0,0,0,3,1,0,1
"276","EMIG",715,"ABLA",1.4,7.6,0,0,"0",1,1,1,1,"BO","BO","BO","BO",NA,NA,0,0,"0","0","0","0",0,0,0,0,"0","0","0",NA,2,1,0,1,"0","0","0",NA,0,0,0,0,"0","0","0",NA,0,0,0,0,"0","0","0",NA,1,0,0,0,"0","0","0",NA,0,0,0,0,"0","0","0",NA,NA,NA,"–11–","–11–",1,2,3,4,NA,NA,NA,NA,1,1,0,1,0,"EMIG715",NA,715,NA,"Point",2216.81,NA,0.176879977088186,1,1,0,1,"EMIG_715_500","EMIG_718_502",1.99317577537761,"EMIG_718_502",1.99317577537761,"EMIG_708_493",3.54846881524984,"EMIG_718_502",1.99317577537761,NA,42.37420752,-111.5534924,42.37422237,-111.5534788,NA,34.178939421802,42.37422237,-111.5534788,NA,34.178939421802,42.37417573,-111.5534968,NA,-174.140448418318,42.37422237,-111.5534788,NA,34.178939421802,3,1,0,1,1,2,0,2
"277","EMIG",716,"ABLA",1.5,8.7,0,0,"0",1,1,1,1,"BO","BO","BO","BO",NA,NA,0,0,"0","0","0","0",0,0,0,0,"0","0","0",NA,2,1,0,1,"0","0","0",NA,0,0,0,0,"0","0","0",NA,0,0,0,0,"0","0","0",NA,0,1,0,0,"0","0","0",NA,1,0,0,0,"0","0","0",NA,NA,NA,"bifur","bifur",1,2,3,4,NA,NA,NA,NA,1,1,0,1,0,"EMIG716",2455,716,NA,"Point",2216.81,NA,0.176879977088186,1,1,0,1,"EMIG_716_501","EMIG_718_502",1.99317577537761,"EMIG_718_502",1.99317577537761,"EMIG_708_493",3.54846881524984,"EMIG_718_502",1.99317577537761,NA,42.37420752,-111.5534924,42.37422237,-111.5534788,NA,34.178939421802,42.37422237,-111.5534788,NA,34.178939421802,42.37417573,-111.5534968,NA,-174.140448418318,42.37422237,-111.5534788,NA,34.178939421802,3,2,0,1,1,2,0,2
"278","EMIG",718,"ABLA",3.9,19.9,0,2,"0",1,1,1,1,"BO","BO","BO","BO",1,1,0,0,"0","0","0","0",0,0,0,0,"0","0","0",NA,0,0,0,1,"0","0","0",NA,0,1,0,0,"0","0","0",NA,1,1,0,1,"0","0","0",NA,0,0,0,0,"0","0","0",NA,0,0,0,0,"0","0","0",NA,"2 DB","2 DB","2 DB","2 DB",1,2,3,4,NA,NA,NA,NA,1,1,0,1,0,"EMIG718",2456,718,NA,"Point",2216.348,NA,0.177012581628196,1,1,0,1,"EMIG_718_502","EMIG_715_500",1.99317577537761,"EMIG_715_500",1.99317577537761,"EMIG_724_508",3.75471861363999,"EMIG_715_500",1.99317577537761,NA,42.37422237,-111.5534788,42.37420752,-111.5534924,NA,-145.821051412206,42.37420752,-111.5534924,NA,-145.821051412206,42.37423444,-111.5534362,NA,69.087089831311,42.37420752,-111.5534924,NA,-145.821051412206,1,2,0,2,3,1,0,1
"279","EMIG",719,"ABLA",5.6,30,0,2,"0",1,1,1,1,"0","0","0","0",NA,NA,0,0,"0","0","0","0",0,0,0,0,"0","0","0",NA,0,0,0,0,"0","0","0",NA,0,0,0,0,"0","0","0",NA,0,0,0,0,"0","0","0",NA,0,0,0,0,"0","0","0",NA,0,0,0,0,"0","0","0",NA,"1 DB","1 DB","1 DB","1 DB",1,2,3,4,NA,NA,NA,NA,0,0,0,0,0,"EMIG719",2457,719,NA,"Point",2216.651,NA,0.178862215250924,0,0,0,0,"EMIG_719_503","EMIG_720_504",0.898179244865273,"EMIG_720_504",0.898179244865273,"EMIG_724_508",2.82705484250625,"EMIG_720_504",0.898179244865273,NA,42.37421508,-111.5534585,42.37422081,-111.5534508,NA,44.8966441938027,42.37422081,-111.5534508,NA,44.8966441938027,42.37423444,-111.5534362,NA,40.4998391187274,42.37422081,-111.5534508,NA,44.8966441938027,0,0,0,0,3,1,0,2
"280","EMIG",720,"ABLA",4.7,29.33,0,1,"0",1,1,1,1,"BO","BO","BO","BO",NA,NA,0,0,"0","0","0","0",0,0,0,0,"0","0","0",NA,1,0,0,1,"0","0","0",NA,0,0,0,0,"0","0","0",NA,0,0,0,0,"0","0","0",NA,2,1,0,1,"0","0","0",NA,0,0,0,0,"0","0","0",NA,"1 DB","1 DB","1 DB","1 DB",1,2,3,4,NA,NA,NA,NA,1,1,0,1,0,"EMIG720",2458,720,NA,"Point",2214.516,NA,0.17909498275188,1,1,0,1,"EMIG_720_504","EMIG_724_508",1.93274588800451,"EMIG_705_490",0.690955011865027,"EMIG_724_508",1.93274588800451,"EMIG_705_490",0.690955011865027,NA,42.37422081,-111.5534508,42.37423444,-111.5534362,NA,38.4581484292721,42.37422173,-111.5534425,NA,81.497801156273,42.37423444,-111.5534362,NA,38.4581484292721,42.37422173,-111.5534425,NA,81.497801156273,3,1,0,2,6,7,6,8
"281","EMIG",721,"ABLA",2.4,13.2,0,0,"0",1,1,1,1,"0","BO","BO","BO",NA,NA,0,0,"0","0","0","0",0,0,0,0,"0","0","0",NA,0,0,0,0,"0","0","0",NA,0,0,0,0,"0","0","0",NA,0,0,0,1,"0","0","0",NA,0,1,0,1,"0","0","0",NA,0,0,0,1,"0","0","0",NA,NA,NA,NA,NA,1,2,3,4,NA,NA,NA,NA,0,1,0,1,1,"EMIG721",2459,721,NA,"Point",2208.546,NA,0.177674852978022,0,1,0,1,"EMIG_721_505","EMIG_724_508",2.42370179208156,"EMIG_724_508",2.42370179208156,"EMIG_724_508",2.42370179208156,"EMIG_724_508",2.42370179208156,NA,42.37425536,-111.5534446,42.37423444,-111.5534362,NA,163.420441823953,42.37423444,-111.5534362,NA,163.420441823953,42.37423444,-111.5534362,NA,163.420441823953,42.37423444,-111.5534362,NA,163.420441823953,0,1,0,3,6,7,6,8
"282","EMIG",722,"ABLA",3.5,17.2,0,0,"0",1,1,1,1,"BO","0","BO","BO",NA,NA,0,0,"0","0","0","0",0,0,0,0,"0","0","0",NA,0,0,0,1,"0","0","0",NA,1,0,0,1,"0","0","0",NA,0,0,0,0,"0","0","0",NA,0,0,0,1,"0","0","0",NA,0,0,0,0,"0","0","0",NA,NA,NA,NA,NA,1,2,3,4,NA,NA,NA,NA,1,0,0,1,0,"EMIG722",2460,722,NA,"Point",2213.133,NA,0.180653412419876,1,0,0,1,"EMIG_722_506","EMIG_725_509",0.141088644511229,"EMIG_725_509",0.141088644511229,"EMIG_725_509",0.141088644511229,"EMIG_725_509",0.141088644511229,NA,42.3742337,-111.5534193,42.37423354,-111.553421,NA,-97.234030897488,42.37423354,-111.553421,NA,-97.234030897488,42.37423354,-111.553421,NA,-97.234030897488,42.37423354,-111.553421,NA,-97.234030897488,1,0,0,3,11,11,10,11
"283","EMIG",723,"ABLA",NA,4.1,0,0,"0",1,1,1,1,"0","BO","0","0",NA,NA,0,0,"0","0","0","0",0,0,0,0,"0","0","0",NA,0,0,0,0,"0","0","0",NA,0,0,0,0,"0","0","0",NA,0,0,0,0,"0","0","0",NA,0,1,0,1,"0","0","0",NA,0,0,0,0,"0","0","0",NA,NA,NA,NA,NA,1,2,3,4,NA,NA,NA,NA,0,1,0,1,1,"EMIG723",2461,723,NA,"Point",2213.409,NA,0.179794714983223,0,1,0,1,"EMIG_723_507","EMIG_724_508",0.425580242729243,"EMIG_724_508",0.425580242729243,"EMIG_724_508",0.425580242729243,"EMIG_724_508",0.425580242729243,NA,42.37423149,-111.5534329,42.37423444,-111.5534362,NA,-39.6739232112825,42.37423444,-111.5534362,NA,-39.6739232112825,42.37423444,-111.5534362,NA,-39.6739232112825,42.37423444,-111.5534362,NA,-39.6739232112825,0,1,0,1,6,7,6,8
"284","EMIG",724,"ABLA",1,6.8,0,1,"0",1,1,1,1,"BR, BO","BR, BO","BO","BO",NA,NA,0,0,"0","0","0","0",2,2,2,2,"0","0","0",NA,0,1,0,1,"0","0","0",NA,0,0,0,0,"0","0","0",NA,2,2,2,2,"0","0","2–2","2-2",2,2,2,2,"1-0","1-0","1–0","1-0",0,0,0,1,"0","0","0",NA,"WOB","WOB","WOB","WOB",1,2,3,4,NA,NA,NA,NA,1,1,1,1,0,"EMIG724",2462,724,NA,"Point",2214.508,NA,0.179398480169035,1,1,1,1,"EMIG_724_508","EMIG_725_509",1.25544086263788,"EMIG_723_507",0.425580242729243,"EMIG_725_509",1.25544086263788,"EMIG_723_507",0.425580242729243,NA,42.37423444,-111.5534362,42.37423354,-111.553421,NA,94.5656592896787,42.37423149,-111.5534329,NA,140.326074564616,42.37423354,-111.553421,NA,94.5656592896787,42.37423149,-111.5534329,NA,140.326074564616,6,7,6,8,11,11,10,11
"285","EMIG",725,"ABLA",4.3,21.8,3.9,0,"0",1,1,1,1,"BO","BO","BO","BO",NA,NA,NA,NA,"0","0","0","0",2,2,2,2,"0","0","0",NA,2,2,2,2,"4-0","4-0","4–0","4-0",2,2,2,2,"0","0","0",NA,1,1,0,1,"0","0","0",NA,2,2,2,2,"1-0","4-0","4–0","4-0",2,2,2,2,"0","0","0",NA,NA,NA,NA,NA,1,2,3,4,NA,NA,NA,NA,1,1,1,1,0,"EMIG725",2463,725,NA,"Point",2214.258,NA,0.180539664318253,1,1,1,1,"EMIG_725_509","EMIG_722_506",0.141088644511229,"EMIG_723_507",1.00585454722468,"EMIG_724_508",1.25544086263788,"EMIG_722_506",0.141088644511229,NA,42.37423354,-111.553421,42.3742337,-111.5534193,NA,82.7659679567626,42.37423149,-111.5534329,NA,-103.079622239025,42.37423444,-111.5534362,NA,-85.4343304659737,42.3742337,-111.5534193,NA,82.7659679567626,11,11,10,11,1,0,0,3
"286","EMIG",726,"ABLA",1.2,9.5,0,1,"0",1,1,1,1,"BO","0","0","0",NA,NA,0,0,"0","0","0","0",0,0,0,0,"0","0","0",NA,0,0,0,0,"0","0","0",NA,1,0,0,0,"0","0","0",NA,0,0,0,0,"0","0","0",NA,0,0,0,0,"0","0","0",NA,0,0,0,0,"0","0","0",NA,"Rot in area, 1 DB","Rot in area, 1 DB","Rot in area, 1 DB","Rot in area, 1 DB",1,2,3,4,NA,NA,NA,NA,1,0,0,0,0,"EMIG726",2464,726,NA,"Point",2215.317,NA,0.182344227501286,1,0,0,0,"EMIG_726_510","EMIG_700_485",1.67878995389498,"EMIG_697_482",0.519944188834398,"EMIG_725_509",1.89667087798018,"EMIG_699_484",1.60656212550154,NA,42.37423023,-111.5533984,42.37421736,-111.5534091,NA,-148.347979822484,42.37422593,-111.5534009,NA,-156.679578793299,42.37423354,-111.553421,NA,-78.826465081327,42.37422239,-111.5534148,NA,-122.810922767964,1,0,0,0,1,2,0,2
"287","EMIG",727,"ABLA",NA,5.8,0,0,"0",1,1,1,1,"0","0","0","0",NA,NA,0,0,"0","0","0","0",0,0,0,0,"0","0","0",NA,0,0,0,0,"0","0","0",NA,0,0,0,0,"0","0","0",NA,0,0,0,0,"0","0","0",NA,0,0,0,0,"0","0","0",NA,0,0,0,0,"0","0","0",NA,NA,NA,NA,NA,1,2,3,4,NA,NA,NA,NA,0,0,0,0,0,"EMIG727",2465,727,NA,"Point",2218.594,NA,0.172798654145828,0,0,0,0,"EMIG_727_511","EMIG_715_500",4.22952053965218,"EMIG_715_500",4.22952053965218,"EMIG_710_495",5.60885861832135,"EMIG_715_500",4.22952053965218,NA,42.37421797,-111.5535418,42.37420752,-111.5534924,NA,105.923099073232,42.37420752,-111.5534924,NA,105.923099073232,42.37417284,-111.5535112,NA,153.30896008452,42.37420752,-111.5534924,NA,105.923099073232,0,0,0,0,3,1,0,1
"288","EMIG",728,"ABLA",3.9,22.9,0,0,"0",1,1,1,1,"0","0","0","0",NA,NA,0,0,"0","0","0","0",0,0,0,0,"0","0","0",NA,0,0,0,0,"0","0","0",NA,0,0,0,0,"0","0","0",NA,0,0,0,0,"0","0","0",NA,0,0,0,0,"0","0","0",NA,0,0,0,0,"0","0","0",NA,NA,NA,NA,NA,1,2,3,4,NA,NA,NA,NA,0,0,0,0,0,"EMIG728",2466,728,NA,"Point",2217.48,NA,0.169807272287083,0,0,0,0,"EMIG_728_512","EMIG_715_500",7.29909239814188,"EMIG_746_529",6.6072918754657,"EMIG_749_532",7.9853907052792,"EMIG_736_519",4.07401628245451,NA,42.37422669,-111.5535772,42.37420752,-111.5534924,NA,106.955395395747,42.37417862,-111.5536245,NA,-143.885532433287,42.37420181,-111.5536682,NA,-110.240558661727,42.37420561,-111.5536177,NA,-125.067685897359,0,0,0,0,3,1,0,1
"289","EMIG",729,"ABLA",1.5,11.2,0,0,"0",1,1,1,1,"0","0","0","0",NA,NA,0,0,"0","0","0","0",0,0,0,0,"0","0","0",NA,0,0,0,0,"0","0","0",NA,0,0,0,0,"0","0","0",NA,0,0,0,0,"0","0","0",NA,0,0,0,0,"0","0","0",NA,0,0,0,0,"0","0","0",NA,NA,NA,NA,NA,1,2,3,4,NA,NA,NA,NA,0,0,0,0,0,"EMIG729",2467,729,NA,"Point",2219.889,NA,0.169056955189097,0,0,0,0,"EMIG_729_513","EMIG_749_532",7.59338572402657,"EMIG_746_529",6.64988145533403,"EMIG_749_532",7.59338572402657,"EMIG_736_519",3.89643632376948,NA,42.37423069,-111.5535846,42.37420181,-111.5536682,NA,-114.980839276698,42.37417862,-111.5536245,NA,-150.395809944411,42.37420181,-111.5536682,NA,-114.980839276698,42.37420561,-111.5536177,NA,-135.620165926735,0,0,0,0,3,4,2,5
"290","EMIG",730,"ABLA",2.5,16,0,0,"0",1,1,1,1,"0","0","0","0",NA,NA,0,0,"0","0","0","0",0,0,0,0,"0","0","0",NA,0,0,0,0,"0","0","0",NA,0,0,0,0,"0","0","0",NA,0,0,0,0,"0","0","0",NA,0,0,0,0,"0","0","0",NA,0,0,0,0,"0","0","0",NA,NA,NA,NA,NA,1,2,3,4,NA,NA,NA,NA,0,0,0,0,0,"EMIG730",2468,730,NA,"Point",2219.983,NA,0.169786473237351,0,0,0,0,"EMIG_730_514","EMIG_749_532",7.34657454426816,"EMIG_746_529",5.789282649022,"EMIG_749_532",7.34657454426816,"EMIG_736_519",3.32886794065019,NA,42.37422049,-111.5535826,42.37420181,-111.5536682,NA,-106.399688699599,42.37417862,-111.5536245,NA,-143.424295048168,42.37420181,-111.5536682,NA,-106.399688699599,42.37420561,-111.5536177,NA,-119.758325747849,0,0,0,0,3,4,2,5
"291","EMIG",731,"ABLA",NA,6.4,0,0,"0",1,1,1,1,"0","0","0","0",NA,NA,0,0,"0","0","0","0",0,0,0,0,"0","0","0",NA,0,0,0,0,"0","0","0",NA,0,0,0,0,"0","0","0",NA,0,0,0,0,"0","0","0",NA,0,0,0,0,"0","0","0",NA,0,0,0,0,"0","0","0",NA,NA,NA,NA,NA,1,2,3,4,NA,NA,NA,NA,0,0,0,0,0,"EMIG731",2469,731,NA,"Point",2216.939,NA,0.170666278075161,0,0,0,0,"EMIG_731_515","EMIG_769_550",6.41574991451319,"EMIG_746_529",5.09423803453996,"EMIG_769_550",6.41574991451319,"EMIG_736_519",3.21863664900355,NA,42.37420971,-111.553579,42.37415874,-111.5536157,NA,-151.902841439946,42.37417862,-111.5536245,NA,-132.661652815972,42.37415874,-111.5536157,NA,-151.902841439946,42.37420561,-111.5536177,NA,-98.1314521064145,0,0,0,0,4,7,2,7
"292","EMIG",733,"ABLA",1.4,10.8,0,0,"0",1,1,1,1,"0","0","0","0",NA,NA,0,0,"0","0","0","0",0,0,0,0,"0","0","0",NA,0,0,0,0,"0","0","0",NA,0,0,0,0,"0","0","0",NA,0,0,0,0,"0","0","0",NA,0,0,0,0,"0","0","0",NA,0,0,0,0,"0","0","0",NA,"Rot in area","Rot in area","Rot in area","Rot in area",1,2,3,4,NA,NA,NA,NA,0,0,0,0,0,"EMIG733",2471,733,NA,"Point",2217.629,NA,0.168046671824297,0,0,0,0,"EMIG_733_516","EMIG_749_532",5.53705248660436,"EMIG_746_529",5.00256325843162,"EMIG_749_532",5.53705248660436,"EMIG_736_519",2.00561954768744,NA,42.37422165,-111.5536065,42.37420181,-111.5536682,NA,-113.444909912949,42.37417862,-111.5536245,NA,-162.767724992182,42.37420181,-111.5536682,NA,-113.444909912949,42.37420561,-111.5536177,NA,-152.627637194756,0,0,0,0,3,4,2,5
"293","EMIG",734,"ABLA",NA,6.4,0,0,"0",1,1,1,1,"0","0","0","0",NA,NA,0,0,"0","0","0","0",0,0,0,0,"0","0","0",NA,0,0,0,0,"0","0","0",NA,0,0,0,0,"0","0","0",NA,0,0,0,0,"0","0","0",NA,0,0,0,0,"0","0","0",NA,0,0,0,0,"0","0","0",NA,"Rot in area","Rot in area","Rot in area","Rot in area",1,2,3,4,NA,NA,NA,NA,0,0,0,0,0,"EMIG734",2472,734,NA,"Point",2220.795,NA,0.167132431847462,0,0,0,0,"EMIG_734_517","EMIG_749_532",3.55017447830325,"EMIG_749_532",3.55017447830325,"EMIG_749_532",3.55017447830325,"EMIG_736_519",1.10202532604126,NA,42.37421237,-111.5536275,42.37420181,-111.5536682,NA,-109.286096357311,42.37420181,-111.5536682,NA,-109.286096357311,42.37420181,-111.5536682,NA,-109.286096357311,42.37420561,-111.5536177,NA,132.932067374015,0,0,0,0,3,4,2,5
"294","EMIG",735,"ABLA",2.1,13.3,0,0,"0",1,1,1,1,"0","0","0","0",NA,NA,0,0,"0","0","0","0",0,0,0,0,"0","0","0",NA,0,0,0,0,"0","0","0",NA,0,0,0,0,"0","0","0",NA,0,0,0,0,"0","0","0",NA,0,0,0,0,"0","0","0",NA,0,0,0,0,"0","0","0",NA,NA,NA,NA,NA,1,2,3,4,NA,NA,NA,NA,0,0,0,0,0,"EMIG735",2473,735,NA,"Point",2219.916,NA,0.166425492865729,0,0,0,0,"EMIG_735_518","EMIG_749_532",4.09320799222468,"EMIG_749_532",4.09320799222468,"EMIG_749_532",4.09320799222468,"EMIG_736_519",2.17337326712036,NA,42.3742236,-111.5536281,42.37420181,-111.5536682,NA,-126.23585220272,42.37420181,-111.5536682,NA,-126.23585220272,42.37420181,-111.5536682,NA,-126.23585220272,42.37420561,-111.5536177,NA,156.797772227299,0,0,0,0,3,4,2,5
"295","EMIG",736,"ABLA",1.2,7.3,1.5,0,"0",1,1,1,1,"0","0","0","BO",NA,NA,0,0,"0","0","0","0",0,0,0,0,"0","0","0",NA,0,0,0,1,"0","0","0",NA,0,0,0,0,"0","0","0",NA,0,0,0,0,"0","0","0",NA,0,0,0,0,"0","0","0",NA,0,0,0,0,"0","0","0",NA,"Rot in area","Rot in area","Rot in area","Rot in area",1,2,3,4,NA,NA,NA,NA,0,0,0,1,1,"EMIG736",2474,736,NA,"Point",2220.795,NA,0.168214918360221,0,0,0,1,"EMIG_736_519","EMIG_749_532",4.17915897708133,"EMIG_746_529",3.04878748799682,"EMIG_749_532",4.17915897708133,"EMIG_737_520",1.63596825561069,NA,42.37420561,-111.5536177,42.37420181,-111.5536682,NA,-95.7947150677064,42.37417862,-111.5536245,NA,-169.418463100219,42.37420181,-111.5536682,NA,-95.7947150677064,42.37420084,-111.5536365,NA,-108.890266807995,0,0,0,1,3,4,2,5
"296","EMIG",737,"ABLA",1.6,11,0.4,0,"0",1,1,1,1,"0","0","0","BO",NA,NA,0,0,"0","0","0","0",0,0,0,0,"0","0","0",NA,0,0,0,0,"0","0","0",NA,0,0,0,0,"0","0","0",NA,0,0,0,1,"0","0","0",NA,0,0,0,0,"0","0","0",NA,0,0,0,0,"0","0","0",NA,NA,NA,NA,NA,1,2,3,4,NA,NA,NA,NA,0,0,0,1,1,"EMIG737",2475,737,NA,"Point",2221.894,NA,0.167200859295722,0,0,0,1,"EMIG_737_520","EMIG_749_532",2.61216952146808,"EMIG_751_534",2.57576674239971,"EMIG_749_532",2.61216952146808,"EMIG_736_519",1.63596825561069,NA,42.37420084,-111.5536365,42.37420181,-111.5536682,NA,-87.636837913818,42.37417886,-111.5536465,NA,-161.358618192379,42.37420181,-111.5536682,NA,-87.636837913818,42.37420561,-111.5536177,NA,71.109720521372,0,0,0,1,3,4,2,5
"297","EMIG",738,"ABLA",5.9,54.4,0,0,"0",1,1,1,1,"0","0","0","0",NA,NA,0,0,"0","0","0","0",0,0,0,0,"0","0","0",NA,0,0,0,0,"0","0","0",NA,0,0,0,0,"0","0","0",NA,0,0,0,0,"0","0","0",NA,0,0,0,0,"0","0","0",NA,0,0,0,0,"0","0","0",NA,NA,NA,NA,NA,1,2,3,4,NA,NA,NA,NA,0,0,0,0,0,"EMIG738",2476,738,NA,"Point",2223.858,NA,0.170037139329035,0,0,0,0,"EMIG_738_521","EMIG_769_550",5.72153211641262,"EMIG_746_529",4.19517696090561,"EMIG_769_550",5.72153211641262,"EMIG_736_519",2.24308814231025,NA,42.37420676,-111.5535905,42.37415874,-111.5536157,NA,-158.738334262215,42.37417862,-111.5536245,NA,-138.143315660965,42.37415874,-111.5536157,NA,-158.738334262215,42.37420561,-111.5536177,NA,-93.2634966185828,0,0,0,0,4,7,2,7
"298","EMIG",739,"ABLA",5.7,66.6,0,0,"0",1,1,1,1,"0","0","0","0",NA,NA,0,0,"0","0","0","0",0,0,0,0,"0","0","0",NA,0,0,0,0,"0","0","0",NA,0,0,0,0,"0","0","0",NA,0,0,0,0,"0","0","0",NA,0,0,0,0,"0","0","0",NA,0,0,0,0,"0","0","0",NA,NA,NA,NA,NA,1,2,3,4,NA,NA,NA,NA,0,0,0,0,0,"EMIG739",2477,739,NA,"Point",2220.65,NA,0.170274972006561,0,0,0,0,"EMIG_739_522","EMIG_769_550",5.1852030929303,"EMIG_746_529",3.75378414430188,"EMIG_769_550",5.1852030929303,"EMIG_736_519",2.21458534273141,NA,42.37420179,-111.5535913,42.37415874,-111.5536157,NA,-157.20511444594,42.37417862,-111.5536245,NA,-133.265575539741,42.37415874,-111.5536157,NA,-157.20511444594,42.37420561,-111.5536177,NA,-78.9576591677131,0,0,0,0,4,7,2,7
"299","EMIG",740,"ABLA",2.1,12.5,0,0,"0",1,1,1,1,"0","0","0","0",NA,NA,0,0,"0","0","0","0",0,0,0,0,"0","0","0",NA,0,0,0,0,"0","0","0",NA,0,0,0,0,"0","0","0",NA,0,0,0,0,"0","0","0",NA,0,0,0,0,"0","0","0",NA,0,0,0,0,"0","0","0",NA,NA,NA,NA,NA,1,2,3,4,NA,NA,NA,NA,0,0,0,0,0,"EMIG740",2478,740,NA,"Point",2220.487,NA,0.170966833015923,0,0,0,0,"EMIG_740_523","EMIG_769_550",4.46936319536636,"EMIG_746_529",3.40220960748634,"EMIG_769_550",4.46936319536636,"EMIG_736_519",2.76019050431142,NA,42.37419353,-111.5535884,42.37415874,-111.5536157,NA,-149.807318148383,42.37417862,-111.5536245,NA,-119.118800919237,42.37415874,-111.5536157,NA,-149.807318148383,42.37420561,-111.5536177,NA,-60.9244005228466,0,0,0,0,4,7,2,7
"300","EMIG",741,"ABLA",1.3,9.3,0,0,"0",1,1,1,1,"0","0","0","0",NA,NA,0,0,"0","0","0","0",0,0,0,0,"0","0","0",NA,0,0,0,0,"0","0","0",NA,0,0,0,0,"0","0","0",NA,0,0,0,0,"0","0","0",NA,0,0,0,0,"0","0","0",NA,0,0,0,0,"0","0","0",NA,NA,NA,NA,NA,1,2,3,4,NA,NA,NA,NA,0,0,0,0,0,"EMIG741",2479,741,NA,"Point",2219.146,NA,0.17174853660434,0,0,0,0,"EMIG_741_524","EMIG_769_550",3.83802591076169,"EMIG_746_529",3.33581851787138,"EMIG_769_550",3.83802591076169,"EMIG_745_528",3.36819028602062,NA,42.37418462,-111.5535848,42.37415874,-111.5536157,NA,-138.481448093781,42.37417862,-111.5536245,NA,-101.52064430831,42.37415874,-111.5536157,NA,-138.481448093781,42.37417523,-111.5536237,NA,-108.032682620244,0,0,0,0,4,7,2,7
"301","EMIG",742,"ABLA",2,14.8,0,0,"0",1,1,1,1,"0","0","0","0",NA,NA,0,0,"0","0","0","0",0,0,0,0,"0","0","0",NA,0,0,0,0,"0","0","0",NA,0,0,0,0,"0","0","0",NA,0,0,0,0,"0","0","0",NA,0,0,0,0,"0","0","0",NA,0,0,0,0,"0","0","0",NA,NA,NA,NA,NA,1,2,3,4,NA,NA,NA,NA,0,0,0,0,0,"EMIG742",2480,742,NA,"Point",2217.413,NA,0.171533200099294,0,0,0,0,"EMIG_742_525","EMIG_769_550",0.403505590736463,"EMIG_769_550",0.403505590736463,"EMIG_769_550",0.403505590736463,"EMIG_769_550",0.403505590736463,NA,42.37415881,-111.5536108,42.37415874,-111.5536157,NA,-91.1037552144944,42.37415874,-111.5536157,NA,-91.1037552144944,42.37415874,-111.5536157,NA,-91.1037552144944,42.37415874,-111.5536157,NA,-91.1037552144944,0,0,0,0,4,7,2,7
"302","EMIG",743,"ABLA",1.6,10.3,0,0,"0",1,1,1,1,"0","0","0","0",NA,NA,0,0,"0","0","0","0",0,0,0,0,"0","0","0",NA,0,0,0,0,"0","0","0",NA,0,0,0,0,"0","0","0",NA,0,0,0,0,"0","0","0",NA,0,0,0,0,"0","0","0",NA,0,0,0,0,"0","0","0",NA,NA,NA,NA,NA,1,2,3,4,NA,NA,NA,NA,0,0,0,0,0,"EMIG743",2481,743,NA,"Point",2219.854,NA,0.172024584644124,0,0,0,0,"EMIG_743_526","EMIG_769_550",1.03077846325075,"EMIG_769_550",1.03077846325075,"EMIG_769_550",1.03077846325075,"EMIG_768_549",0.21442298935279,NA,42.37415926,-111.5536032,42.37415874,-111.5536157,NA,-93.2111667528846,42.37415874,-111.5536157,NA,-93.2111667528846,42.37415874,-111.5536157,NA,-93.2111667528846,42.3741574,-111.5536039,NA,-164.408220197531,0,0,0,0,4,7,2,7
"303","EMIG",744,"ABLA",NA,2.4,0,0,"0",1,1,1,1,"0","0","0","0",NA,NA,0,0,"0","0","0","0",0,0,0,0,"0","0","0",NA,0,0,0,0,"0","0","0",NA,0,0,0,0,"0","0","0",NA,0,0,0,0,"0","0","0",NA,0,0,0,0,"0","0","0",NA,0,0,0,0,"0","0","0",NA,NA,NA,NA,NA,1,2,3,4,NA,NA,NA,NA,0,0,0,0,0,"EMIG744",2482,744,NA,"Point",2221.563,NA,0.170406358426634,0,0,0,0,"EMIG_744_527","EMIG_769_550",2.2667888891806,"EMIG_746_529",1.23499211461233,"EMIG_769_550",2.2667888891806,"EMIG_745_528",1.22857031970707,NA,42.37417863,-111.5536095,42.37415874,-111.5536157,NA,-166.985814750219,42.37417862,-111.5536245,NA,-90.0515100028815,42.37415874,-111.5536157,NA,-166.985814750219,42.37417523,-111.5536237,NA,-107.896233894064,0,0,0,0,4,7,2,7
"304","EMIG",745,"ABLA",9.6,55.1,0,12,"0",1,1,1,1,"0","0","0","BO",NA,NA,0,0,"0","0","0","0",0,0,0,1,"0","0","0",NA,0,0,0,0,"0","0","0",NA,0,0,0,0,"0","0","0",NA,0,0,0,1,"0","0","0",NA,0,0,0,0,"0","0","0",NA,0,0,0,0,"0","0","0",NA,"11 DB","11 DB","11 DB","11 DB",1,2,3,4,NA,NA,NA,NA,0,0,0,1,1,"EMIG745",2483,745,NA,"Point",2220.671,NA,0.169639426758938,0,0,0,1,"EMIG_745_528","EMIG_769_550",1.94589721589412,"EMIG_746_529",0.382141257360512,"EMIG_769_550",1.94589721589412,"EMIG_751_534",1.91997363336998,NA,42.37417523,-111.5536237,42.37415874,-111.5536157,NA,160.215232607141,42.37417862,-111.5536245,NA,-9.92511647209772,42.37415874,-111.5536157,NA,160.215232607141,42.37417886,-111.5536465,NA,-77.8813952845835,0,0,0,2,4,7,2,7
"305","EMIG",746,"ABLA",1.2,6.7,1.5,0,"0",1,1,1,1,"0","BO","0","0",NA,NA,0,0,"0","0","0","0",0,1,0,0,"0","0","0",NA,0,0,0,0,"0",NA,"0",NA,0,0,0,0,"0",NA,"0",NA,0,0,0,0,"0",NA,"0",NA,0,0,0,0,"0",NA,"0",NA,0,0,0,0,"0",NA,"0",NA,NA,NA,NA,NA,1,2,3,4,NA,NA,NA,NA,0,1,0,0,1,"EMIG746",2484,746,NA,"Point",2220.78,NA,0.169376857118725,0,1,0,0,"EMIG_746_529","EMIG_769_550",2.32331599217693,"EMIG_751_534",1.81151706536352,"EMIG_769_550",2.32331599217693,"EMIG_745_528",0.382141257360512,NA,42.37417862,-111.5536245,42.37415874,-111.5536157,NA,161.82917829909,42.37417886,-111.5536465,NA,-89.1570800148305,42.37415874,-111.5536157,NA,161.82917829909,42.37417523,-111.5536237,NA,170.074882988727,0,1,0,0,4,7,2,7
"306","EMIG",747,"ABLA",NA,5.4,0,0,"0",1,1,1,1,"0","0","0","0",NA,NA,0,0,"0","0","0","0",0,0,0,0,"0","0","0",NA,0,0,0,0,"0","0","0",NA,0,0,0,0,"0","0","0",NA,0,0,0,0,"0","0","0",NA,0,0,0,0,"0","0","0",NA,0,0,0,0,"0","0","0",NA,NA,NA,NA,NA,1,2,3,4,NA,NA,NA,NA,0,0,0,0,0,"EMIG747",2485,747,NA,"Point",2222.391,NA,0.168040013733968,0,0,0,0,"EMIG_747_530","EMIG_749_532",3.23778630049146,"EMIG_746_529",1.77649479117442,"EMIG_749_532",3.23778630049146,"EMIG_737_520",0.912345143167186,NA,42.37419403,-111.5536303,42.37420181,-111.5536682,NA,-74.5252841748079,42.37417862,-111.5536245,NA,164.406850037966,42.37420181,-111.5536682,NA,-74.5252841748079,42.37420084,-111.5536365,NA,-34.0216746291031,0,0,0,0,3,4,2,5
"307","EMIG",748,"ABLA",6.4,31.4,0,0,"0",1,1,1,1,"0","0","0","BO",NA,NA,0,0,"0","0","0","0",0,0,0,1,"0","0","0",NA,0,0,0,0,"0","0","0",NA,0,0,0,0,"0","0","0",NA,0,0,0,0,"0","0","0",NA,0,0,0,0,"0","0","0",NA,0,0,0,0,"0","0","0",NA,NA,NA,NA,NA,1,2,3,4,NA,NA,NA,NA,0,0,0,1,1,"EMIG748",2486,748,NA,"Point",2223.234,NA,0.163752144880796,0,0,0,1,"EMIG_748_531","EMIG_749_532",3.0275223122433,"EMIG_749_532",3.0275223122433,"EMIG_749_532",3.0275223122433,"EMIG_749_532",3.0275223122433,NA,42.37422871,-111.5536622,42.37420181,-111.5536682,NA,-170.609140912805,42.37420181,-111.5536682,NA,-170.609140912805,42.37420181,-111.5536682,NA,-170.609140912805,42.37420181,-111.5536682,NA,-170.609140912805,0,0,0,1,3,4,2,5
"308","EMIG",749,"ABLA",12.4,31.3,0,1,"0",1,1,1,1,"BO","BO","BO","BO",NA,NA,0,0,"0","0","0","0",1,1,0,2,"0","0","0","4-1",0,1,0,2,"0","0","4–1","4-1",0,0,0,1,"0","0","0","2",2,2,2,0,"3-3","3-2","3–3","2",0,0,0,0,"0","0","0",NA,0,0,0,0,"0","0","0",NA,"1 DB","1 DB","1 DB","1 DB",1,2,3,4,NA,NA,NA,NA,1,1,1,1,0,"EMIG749",2487,749,NA,"Point",2221.472,NA,0.164960564328436,1,1,1,1,"EMIG_749_532","EMIG_769_550",6.44636032204127,"EMIG_751_534",3.11224553143788,"EMIG_769_550",6.44636032204127,"EMIG_737_520",2.61216952146808,NA,42.37420181,-111.5536682,42.37415874,-111.5536157,NA,137.892087788436,42.37417886,-111.5536465,NA,144.966045631069,42.37415874,-111.5536157,NA,137.892087788436,42.37420084,-111.5536365,NA,92.3631407213389,3,4,2,5,4,7,2,7
"309","EMIG",750,"ABLA",1.6,10.7,2.3,0,"0",1,1,1,1,"0","0","0","0",NA,NA,0,0,"0","0","0","0",0,0,0,0,"0","0","0",NA,0,0,0,0,"0","0","0",NA,0,0,0,0,"0","0","0",NA,0,0,0,0,"0","0","0",NA,0,0,0,0,"0","0","0",NA,0,0,0,0,"0","0","0",NA,NA,NA,NA,NA,1,2,3,4,NA,NA,NA,NA,0,0,0,0,0,"EMIG750",2488,750,NA,"Point",2220.938,NA,0.168711039216336,0,0,0,0,"EMIG_750_533","EMIG_769_550",2.573196071835,"EMIG_751_534",0.875989437064956,"EMIG_769_550",2.573196071835,"EMIG_751_534",0.875989437064956,NA,42.37417597,-111.5536366,42.37415874,-111.5536157,NA,138.031414409459,42.37417886,-111.5536465,NA,-68.5104428672495,42.37415874,-111.5536157,NA,138.031414409459,42.37417886,-111.5536465,NA,-68.5104428672495,0,0,0,0,4,7,2,7
"310","EMIG",751,"ABLA",2.5,5.2,2.1,0,"0",1,1,1,1,"0","BO","BO","BO",NA,NA,0,0,"0","0","0","0",0,0,0,1,"0","0","0",NA,0,0,0,0,"0","0","0",NA,0,0,0,0,"0","0","0",NA,0,0,0,0,"0","0","0",NA,0,0,0,1,"0","0","0",NA,0,1,0,1,"0","0","0",NA,"Broken","Broken","Broken","Broken",1,2,3,4,NA,NA,NA,NA,0,1,0,1,1,"EMIG751",2489,751,NA,"Point",2220.672,NA,0.167856137116187,0,1,0,1,"EMIG_751_534","EMIG_749_532",3.11224553143788,"EMIG_746_529",1.81151706536352,"EMIG_749_532",3.11224553143788,"EMIG_753_536",1.45507461169665,NA,42.37417886,-111.5536465,42.37420181,-111.5536682,NA,-35.0339397437887,42.37417862,-111.5536245,NA,90.84290515784,42.37420181,-111.5536682,NA,-35.0339397437887,42.37416584,-111.5536485,NA,-173.502121864945,0,1,0,3,3,4,2,5
"311","EMIG",752,"ABLA",NA,6,0,1,"0",1,1,1,1,"0","0","0","0",NA,NA,0,0,"0","0","0","0",0,0,0,0,"0","0","0",NA,0,0,0,0,"0","0","0",NA,0,0,0,0,"0","0","0",NA,0,0,0,0,"0","0","0",NA,0,0,0,0,"0","0","0",NA,0,0,0,0,"0","0","0",NA,"1 DB","1 DB","1 DB","1 DB",1,2,3,4,NA,NA,NA,NA,0,0,0,0,0,"EMIG752",2490,752,NA,"Point",2221.883,NA,0.168418152214117,0,0,0,0,"EMIG_752_535","EMIG_769_550",2.85409479605386,"EMIG_751_534",1.18264357249867,"EMIG_769_550",2.85409479605386,"EMIG_753_536",0.273217304877986,NA,42.37416826,-111.5536479,42.37415874,-111.5536157,NA,111.738855586389,42.37417886,-111.5536465,NA,5.59318952705646,42.37415874,-111.5536157,NA,111.738855586389,42.37416584,-111.5536485,NA,-169.583215672517,0,0,0,0,4,7,2,7
"312","EMIG",753,"ABLA",1.8,6.2,2.6,0,"0",1,1,1,1,"0","0","BO","BO",NA,NA,0,0,"0","0","0","0",0,0,0,0,"0","0","0",NA,0,0,0,0,"0","0","0",NA,0,0,0,0,"0","0","0",NA,0,0,0,1,"0","0","0",NA,0,0,0,0,"0","0","0",NA,0,0,0,0,"0","0","0",NA,NA,NA,NA,NA,1,2,3,4,NA,NA,NA,NA,0,0,0,1,1,"EMIG753",NA,753,NA,"Point",2220.469,NA,0.168528307969983,0,0,0,1,"EMIG_753_536","EMIG_769_550",2.81324061479436,"EMIG_751_534",1.45507461169665,"EMIG_769_550",2.81324061479436,"EMIG_755_538",1.32135934894596,NA,42.37416584,-111.5536485,42.37415874,-111.5536157,NA,106.274392498058,42.37417886,-111.5536465,NA,6.49787678711625,42.37415874,-111.5536157,NA,106.274392498058,42.37415544,-111.5536407,NA,150.921233738618,0,0,0,1,4,7,2,7
"313","EMIG",754,"ABLA",NA,5.7,0,0,"0",1,1,1,1,"0","0","BO","BO",NA,NA,0,0,"0","0","0","0",0,0,0,0,"0","0","0",NA,0,0,0,0,"0","0","0",NA,0,0,0,0,"0","0","0",NA,0,0,0,1,"0","0","0",NA,0,0,0,0,"0","0","0",NA,0,0,0,0,"0","0","0",NA,NA,NA,NA,NA,1,2,3,4,NA,NA,NA,NA,0,0,0,1,1,"EMIG754",2491,754,NA,"Point",2220.469,NA,0.168528307969983,0,0,0,1,"EMIG_754_537","EMIG_769_550",2.81324061479436,"EMIG_751_534",1.45507461169665,"EMIG_769_550",2.81324061479436,"EMIG_755_538",1.32135934894596,NA,42.37416584,-111.5536485,42.37415874,-111.5536157,NA,106.274392498058,42.37417886,-111.5536465,NA,6.49787678711625,42.37415874,-111.5536157,NA,106.274392498058,42.37415544,-111.5536407,NA,150.921233738618,0,0,0,1,4,7,2,7
"314","EMIG",755,"ABLA",2.5,10.7,4.5,3,"0",1,1,1,1,"0","0","0","BO",NA,NA,0,0,"0","0","0","0",0,0,0,0,"0","0","0",NA,0,0,0,0,"0","0","0",NA,0,0,0,0,"0","0","0",NA,0,0,0,1,"0","0","0",NA,0,0,0,0,"0","0","0",NA,0,0,0,0,"0","0","0",NA,"2 DB","2 DB","2 DB","2 DB",1,2,3,4,NA,NA,NA,NA,0,0,0,1,1,"EMIG755",2492,755,NA,"Point",2219.907,NA,0.169708964864659,0,0,0,1,"EMIG_755_538","EMIG_769_550",2.09068203813361,"EMIG_769_550",2.09068203813361,"EMIG_769_550",2.09068203813361,"EMIG_753_536",1.32135934894596,NA,42.37415544,-111.5536407,42.37415874,-111.5536157,NA,79.9057674454354,42.37415874,-111.5536157,NA,79.9057674454354,42.37415874,-111.5536157,NA,79.9057674454354,42.37416584,-111.5536485,NA,-29.0787610044215,0,0,0,1,4,7,2,7
"315","EMIG",756,"ABLA",NA,1.6,0,0,"0",1,1,1,1,"0","0","0","0",NA,NA,0,0,"0","0","0","0",0,0,0,0,"0","0","0",NA,0,0,0,0,"0","0","0",NA,0,0,0,0,"0","0","0",NA,0,0,0,0,"0","0","0",NA,0,0,0,0,"0","0","0",NA,0,0,0,0,"0","0","0",NA,NA,NA,NA,NA,1,2,3,4,NA,NA,NA,NA,0,0,0,0,0,"EMIG756",2493,756,NA,"Point",2219.412,NA,0.170277984167683,0,0,0,0,"EMIG_756_539","EMIG_770_551",1.43077424139856,"EMIG_770_551",1.43077424139856,"EMIG_770_551",1.43077424139856,"EMIG_755_538",0.899142938686427,NA,42.37414737,-111.5536398,42.37413805,-111.5536278,NA,136.327845319722,42.37413805,-111.5536278,NA,136.327845319722,42.37413805,-111.5536278,NA,136.327845319722,42.37415544,-111.5536407,NA,-4.72717999349467,0,0,0,0,6,7,2,8
"316","EMIG",759,"ABLA",NA,3.5,0,2,"0",1,1,1,1,"0","0","0","0",NA,NA,0,0,"0","0","0","0",0,0,0,0,"0","0","0",NA,0,0,0,0,"0","0","0",NA,0,0,0,0,"0","0","0",NA,0,0,0,0,"0","0","0",NA,0,0,0,0,"0","0","0",NA,0,0,0,0,"0","0","0",NA,"WOB, 1 DB","WOB, 1 DB","WOB, 1 DB","WOB, 1 DB",1,2,3,4,NA,NA,NA,NA,0,0,0,0,0,"EMIG759",2496,759,NA,"Point",2223.576,NA,0.169214532833901,0,0,0,0,"EMIG_759_540","EMIG_778_558",0.91073026247373,"EMIG_761_542",0.799440545119926,"EMIG_760_541",0.972136952422749,"EMIG_761_542",0.799440545119926,NA,42.37413994,-111.5536626,42.37413186,-111.5536645,NA,-170.109492883803,42.37414624,-111.5536673,NA,-28.9498438642405,42.37413963,-111.5536744,NA,-92.0291876470547,42.37414624,-111.5536673,NA,-28.9498438642405,0,0,0,0,1,1,0,1
"317","EMIG",760,"ABLA",2.7,9.1,0,0,"0",1,1,1,1,"BO","BO","BO","BO",NA,NA,0,0,"0","0","0","0",1,1,0,1,"0","0","0",NA,2,2,2,1,"2-1","2-1","0",NA,1,1,0,1,"0","0","0",NA,1,0,0,0,"0","0","0",NA,2,2,0,2,"0","2-1","2–1",NA,0,0,0,0,"0","0","0",NA,NA,NA,NA,NA,1,2,3,4,NA,NA,NA,NA,1,1,1,1,0,"EMIG760",2497,760,NA,"Point",2223.544,NA,0.168443282093826,1,1,1,1,"EMIG_760_541","EMIG_778_558",1.18691056367031,"EMIG_761_542",0.938308201540413,"EMIG_770_551",3.84071883831392,"EMIG_761_542",0.938308201540413,NA,42.37413963,-111.5536744,42.37413186,-111.5536645,NA,136.627655617388,42.37414624,-111.5536673,NA,38.5353080423828,42.37413805,-111.5536278,NA,92.6181296187913,42.37414624,-111.5536673,NA,38.5353080423828,7,6,2,5,1,1,0,1
"318","EMIG",761,"ABLA",1.6,6.5,0,1,"0",1,1,1,1,"0","BO","BO","BO",NA,NA,0,0,"0","0","0","0",0,0,0,0,"0","0","0",NA,0,0,0,1,"0","0","0",NA,0,0,0,0,"0","0","0",NA,0,0,0,1,"0","0","0",NA,0,1,0,2,"0","0","0",NA,0,0,0,1,"0","0","0",NA,"1 DB","1 DB","1 DB","1 DB",1,2,3,4,NA,NA,NA,NA,0,1,0,1,1,"EMIG761",2498,761,NA,"Point",2222.59,NA,0.168495636964893,0,1,0,1,"EMIG_761_542","EMIG_760_541",0.938308201540413,"EMIG_760_541",0.938308201540413,"EMIG_760_541",0.938308201540413,"EMIG_760_541",0.938308201540413,NA,42.37414624,-111.5536673,42.37413963,-111.5536744,NA,-141.464687172437,42.37413963,-111.5536744,NA,-141.464687172437,42.37413963,-111.5536744,NA,-141.464687172437,42.37413963,-111.5536744,NA,-141.464687172437,0,1,0,5,7,6,2,5
"319","EMIG",762,"ABLA",NA,5.1,0,1,"0",1,1,1,1,"0","BO","0","BO",NA,NA,0,0,"0","0","0","0",0,1,0,0,"0","0","0",NA,0,0,0,0,"0","0","0",NA,0,0,0,0,"0","0","0",NA,0,0,0,1,"0","0","0",NA,0,0,0,1,"0","0","0",NA,0,0,0,0,"0","0","0",NA,NA,NA,NA,NA,1,2,3,4,NA,NA,NA,NA,0,1,0,1,1,"EMIG762",2499,762,NA,"Point",2221.97,NA,0.168062373326412,0,1,0,1,"EMIG_762_543","EMIG_760_541",2.17661973505758,"EMIG_763_544",1.22481260504798,"EMIG_760_541",2.17661973505758,"EMIG_782_562",1.15308758146025,NA,42.374126,-111.5536934,42.37413963,-111.5536744,NA,45.9467651449843,42.37412227,-111.5536794,NA,109.764443055403,42.37413963,-111.5536744,NA,45.9467651449843,42.37411723,-111.5536859,NA,147.621113645821,0,1,0,2,7,6,2,5
"320","EMIG",763,"ABLA",7,46.8,0,0,"0",1,1,1,1,"0","BO","BO","BO",NA,NA,0,0,"0","0","0","0",0,0,0,0,"0","0","0",NA,0,0,0,0,"0","0","0",NA,0,0,0,0,"0","0","0",NA,0,1,0,1,"0","0","0",NA,0,0,0,1,"0","0","0",NA,0,0,0,0,"0","0","0",NA,NA,NA,NA,NA,1,2,3,4,NA,NA,NA,NA,0,1,0,1,1,"EMIG763",2500,763,NA,"Point",2219.707,NA,0.169236184962743,0,1,0,1,"EMIG_763_544","EMIG_778_558",1.62446085339268,"EMIG_762_543",1.22481260504798,"EMIG_760_541",1.97110359412355,"EMIG_782_562",0.77433382322669,NA,42.37412227,-111.5536794,42.37413186,-111.5536645,NA,49.0410414428634,42.374126,-111.5536934,NA,-70.2355475090336,42.37413963,-111.5536744,NA,12.0549423216384,42.37411723,-111.5536859,NA,-136.280557042241,0,1,0,2,1,1,0,1
"321","EMIG",764,"ABLA",1.1,7,0,0,"0",1,1,1,1,"0","0","BO","BO",NA,NA,0,0,"0","0","0","0",0,0,0,0,"0","0","0",NA,0,0,0,1,"0","0","0",NA,0,0,0,0,"0","0","0",NA,0,0,0,0,"0","0","0",NA,0,0,0,0,"0","0","0",NA,0,0,0,0,"0","0","0",NA,NA,NA,NA,NA,1,2,3,4,NA,NA,NA,NA,0,0,0,1,1,"EMIG764",2501,764,NA,"Point",2219.627,NA,0.169677684763306,0,0,0,1,"EMIG_764_545","EMIG_778_558",0.793154918898923,"EMIG_778_558",0.793154918898923,"EMIG_760_541",1.599543519793,"EMIG_778_558",0.793154918898923,NA,42.37412571,-111.5536694,42.37413186,-111.5536645,NA,30.5733317473049,42.37413186,-111.5536645,NA,30.5733317473049,42.37413963,-111.5536744,NA,-14.9136792561389,42.37413186,-111.5536645,NA,30.5733317473049,0,0,0,1,1,1,0,1
"322","EMIG",765,"ABLA",2.6,13.9,3.4,0,"0",1,1,1,1,"0","0","0","0",NA,NA,0,0,"0","0","0","0",0,0,0,0,"0","0","0",NA,0,0,0,0,"0","0","0",NA,0,0,0,0,"0","0","0",NA,0,0,0,0,"0","0","0",NA,0,0,0,0,"0","0","0",NA,0,0,0,0,"0","0","0",NA,NA,NA,NA,NA,1,2,3,4,NA,NA,NA,NA,0,0,0,0,0,"EMIG765",2502,765,NA,"Point",2219.512,NA,0.17150015882883,0,0,0,0,"EMIG_765_546","EMIG_773_554",1.88838196776823,"EMIG_773_554",1.88838196776823,"EMIG_760_541",3.34452177566505,"EMIG_777_557",1.57550226521424,NA,42.37411367,-111.5536538,42.37411697,-111.5536313,NA,78.8111294401185,42.37411697,-111.5536313,NA,78.8111294401185,42.37413963,-111.5536744,NA,-30.4718327606847,42.37412649,-111.5536456,NA,25.3734742371105,0,0,0,0,1,1,0,2
"323","EMIG",766,"ABLA",NA,4.3,0,0,"0",1,1,1,1,"0","0","0","0",NA,NA,0,0,"0","0","0","0",0,0,0,0,"0","0","0",NA,0,0,0,0,"0","0","0",NA,0,0,0,0,"0","0","0",NA,0,0,0,0,"0","0","0",NA,0,0,0,0,"0","0","0",NA,0,0,0,0,"0","0","0",NA,NA,NA,NA,NA,1,2,3,4,NA,NA,NA,NA,0,0,0,0,0,"EMIG766",2503,766,NA,"Point",2219.156,NA,0.173202256402644,0,0,0,0,"EMIG_766_547","EMIG_767_548",1.56831400816852,"EMIG_767_548",1.56831400816852,"EMIG_769_550",2.02816087347388,"EMIG_768_549",1.1157164238723,NA,42.37415114,-111.5535933,42.37414938,-111.5536122,NA,-97.1582634914785,42.37414938,-111.5536122,NA,-97.1582634914785,42.37415874,-111.5536157,NA,-65.4120568341623,42.3741574,-111.5536039,NA,-51.4636287924809,0,0,0,0,2,3,0,3
"324","EMIG",767,"ABLA",2.1,11.5,0,0,"0",1,1,1,1,"BO","BO","BO","BR, BO",NA,NA,1,0,"0","0","0","0",0,0,0,0,"0","0","0",NA,0,0,0,1,"0","0","0",NA,1,1,0,1,"0","0","0",NA,0,0,0,0,"0","0","0",NA,1,1,0,1,"0","0","0",NA,0,1,0,0,"0","0","0",NA,NA,NA,NA,NA,1,2,3,4,NA,NA,NA,NA,1,1,0,1,0,"EMIG767",2504,767,NA,"Point",2220.48,NA,0.172023520006454,1,1,0,1,"EMIG_767_548","EMIG_769_550",1.07853360966443,"EMIG_769_550",1.07853360966443,"EMIG_769_550",1.07853360966443,"EMIG_769_550",1.07853360966443,NA,42.37414938,-111.5536122,42.37415874,-111.5536157,NA,-15.4966498080309,42.37415874,-111.5536157,NA,-15.4966498080309,42.37415874,-111.5536157,NA,-15.4966498080309,42.37415874,-111.5536157,NA,-15.4966498080309,2,3,0,3,4,7,2,7
"325","EMIG",768,"ABLA",2.8,7.2,0,0,"0",1,1,1,1,"0","0","0","BO",NA,NA,0,0,"0","0","0","0",0,0,0,1,"0","0","0",NA,0,0,0,1,"0","0","0",NA,0,0,0,1,"0","0","0",NA,0,0,0,0,"0","0","0",NA,0,0,0,0,"0","0","0",NA,0,0,0,0,"0","0","0",NA,NA,NA,NA,NA,1,2,3,4,NA,NA,NA,NA,0,0,0,1,1,"EMIG768",2505,768,NA,"Point",2221.446,NA,0.172091522098794,0,0,0,1,"EMIG_768_549","EMIG_769_550",0.982854992384032,"EMIG_769_550",0.982854992384032,"EMIG_769_550",0.982854992384032,"EMIG_769_550",0.982854992384032,NA,42.3741574,-111.5536039,42.37415874,-111.5536157,NA,-81.2926387349598,42.37415874,-111.5536157,NA,-81.2926387349598,42.37415874,-111.5536157,NA,-81.2926387349598,42.37415874,-111.5536157,NA,-81.2926387349598,0,0,0,3,4,7,2,7
"326","EMIG",769,"ABLA",4.5,18.5,5.7,0,"0",1,1,1,1,"BO","BO","BO","BO",NA,NA,0,0,"0","0","0","0",0,1,0,1,"0","0","0",NA,2,2,2,2,"0","0","0",NA,1,1,0,1,"0","0","0",NA,1,1,0,2,"0","0","0",NA,0,1,0,1,"0","0","0",NA,0,1,0,0,"0","0","0",NA,NA,NA,NA,NA,1,2,3,4,NA,NA,NA,NA,1,1,1,1,0,"EMIG769",2506,769,NA,"Point",2222.568,NA,0.171203207414558,1,1,1,1,"EMIG_769_550","EMIG_767_548",1.07853360966443,"EMIG_767_548",1.07853360966443,"EMIG_770_551",2.50409608479615,"EMIG_768_549",0.982854992384032,NA,42.37415874,-111.5536157,42.37414938,-111.5536122,NA,164.503347833077,42.37414938,-111.5536122,NA,164.503347833077,42.37413805,-111.5536278,NA,-156.556843503487,42.3741574,-111.5536039,NA,98.7073533122029,4,7,2,7,2,3,0,3
"327","EMIG",770,"ABLA",5,18.8,0,0,"0",1,1,1,1,"BO","BO","BO","BO",NA,NA,0,0,"0","0","0","0",1,1,0,2,"0","0","0",NA,2,2,2,2,"3-2","3-1","3–1","3-1",0,1,0,1,"0","0","0",NA,1,1,0,1,"0","0","0",NA,1,1,0,1,"0","0","0",NA,1,1,0,1,"0","0","0",NA,NA,NA,NA,NA,1,2,3,4,NA,NA,NA,NA,1,1,1,1,0,"EMIG770",2507,770,NA,"Point",2219.738,NA,0.171678141255075,1,1,1,1,"EMIG_770_551","EMIG_767_548",1.7978894590172,"EMIG_767_548",1.7978894590172,"EMIG_769_550",2.50409608479615,"EMIG_767_548",1.7978894590172,NA,42.37413805,-111.5536278,42.37414938,-111.5536122,NA,45.5931215088176,42.37414938,-111.5536122,NA,45.5931215088176,42.37415874,-111.5536157,NA,23.4431483414866,42.37414938,-111.5536122,NA,45.5931215088176,6,7,2,8,2,3,0,3
"328","EMIG",771,"ABLA",NA,6.3,0,1,"0",1,1,1,1,"BO","0","0","0",NA,NA,1,1,"0","0","0","0",0,0,0,0,"0","0","0",NA,0,0,0,0,"0","0","0",NA,0,0,0,0,"0","0","0",NA,0,0,0,0,"0","0","0",NA,1,0,0,0,"0","0","0",NA,0,0,0,0,"0","0","0",NA,"1 DB","1 DB","1 DB","1 DB",1,2,3,4,NA,NA,NA,NA,1,0,0,0,0,"EMIG771",2508,771,NA,"Point",2220.182,NA,0.173653234684387,1,0,0,0,"EMIG_771_552","EMIG_772_553",0.594791212685707,"EMIG_772_553",0.594791212685707,"EMIG_770_551",2.2233551366759,"EMIG_772_553",0.594791212685707,NA,42.37412034,-111.5536152,42.3741167,-111.5536205,NA,-132.807363820228,42.3741167,-111.5536205,NA,-132.807363820228,42.37413805,-111.5536278,NA,-27.8131247394634,42.3741167,-111.5536205,NA,-132.807363820228,1,0,0,0,3,3,0,1
"329","EMIG",772,"ABLA",3.4,17.8,5.7,2,"0",1,1,1,1,"BO","BO","BO","BO",NA,NA,0,0,"0","0","0","0",0,0,0,0,"0","0","0",NA,0,0,0,0,"0","0","0",NA,1,1,0,0,"0","0","0",NA,0,0,0,1,"0","0","0",NA,1,1,0,0,"0","0","0",NA,1,1,0,0,"0","0","0",NA,"WOB, 1 DB","WOB, 1 DB","WOB, 1 DB","WOB, 1 DB",1,2,3,4,NA,NA,NA,NA,1,1,0,1,0,"EMIG772",2509,772,NA,"Point",2220.322,NA,0.173530141751328,1,1,0,1,"EMIG_772_553","EMIG_771_552",0.594791212685707,"EMIG_773_554",0.889700111030053,"EMIG_770_551",2.4456837502468,"EMIG_773_554",0.889700111030053,NA,42.3741167,-111.5536205,42.37412034,-111.5536152,NA,47.1926326077376,42.37411697,-111.5536313,NA,-88.0689159497614,42.37413805,-111.5536278,NA,-14.22622982093,42.37411697,-111.5536313,NA,-88.0689159497614,3,3,0,1,1,0,0,0
"330","EMIG",773,"ABLA",3.2,16.8,3.9,0,"0",1,1,1,1,"BO","BO","BO","BO",NA,NA,0,0,"0","0","0","0",0,0,0,0,"0","0","0",NA,0,0,0,1,"0","0","0",NA,0,0,0,0,"0","0","0",NA,0,0,0,1,"0","0","0",NA,1,1,0,0,"0","0","0",NA,0,0,0,0,"0","0","0",NA,NA,NA,NA,NA,1,2,3,4,NA,NA,NA,NA,1,1,0,1,0,"EMIG773",2510,773,NA,"Point",2221.331,NA,0.172788848955984,1,1,0,1,"EMIG_773_554","EMIG_772_553",0.889700111030053,"EMIG_772_553",0.889700111030053,"EMIG_770_551",2.35837265442271,"EMIG_772_553",0.889700111030053,NA,42.37411697,-111.5536313,42.3741167,-111.5536205,NA,91.9310767713763,42.3741167,-111.5536205,NA,91.9310767713763,42.37413805,-111.5536278,NA,7.01839658601498,42.3741167,-111.5536205,NA,91.9310767713763,1,1,0,2,3,3,0,1
"331","EMIG",774,"ABLA",1.9,7.2,5.7,0,"0",1,1,1,1,"0","0","0","0",NA,NA,0,0,"0","0","0","0",0,0,0,0,"0","0","0",NA,0,0,0,0,"0","0","0",NA,0,0,0,0,"0","0","0",NA,0,0,0,0,"0","0","0",NA,0,0,0,0,"0","0","0",NA,0,0,0,0,"0","0","0",NA,"Broken Top","Broken Top","Broken Top","Broken Top",1,2,3,4,NA,NA,NA,NA,0,0,0,0,0,"EMIG774",2511,774,NA,"Point",2222.015,NA,0.171177334671357,0,0,0,0,"EMIG_774_555","EMIG_778_558",1.60438538586312,"EMIG_778_558",1.60438538586312,"EMIG_770_551",2.05369468757284,"EMIG_777_557",0.106813697311082,NA,42.37412598,-111.5536467,42.37413186,-111.5536645,NA,-65.9864377563065,42.37413186,-111.5536645,NA,-65.9864377563065,42.37413805,-111.5536278,NA,49.2621078337191,42.37412649,-111.5536456,NA,57.9827722249647,0,0,0,0,1,1,0,1
"332","EMIG",776,"ABLA",1.4,8.4,2.9,0,"0",1,1,1,1,"0","0","BO","0",NA,NA,0,0,"0","0","0","0",0,0,0,0,"0","0","0",NA,0,0,0,0,"0","0","0",NA,0,0,0,0,"0","0","0",NA,0,0,0,0,"0","0","0",NA,0,0,0,0,"0","0","0",NA,0,0,0,0,"0","0","0",NA,NA,NA,NA,NA,1,2,3,4,NA,NA,NA,NA,0,0,0,0,0,"EMIG776",2513,776,NA,"Point",2218.437,NA,0.175062311207336,0,0,0,0,"EMIG_776_556","EMIG_772_553",2.06381473984881,"EMIG_772_553",2.06381473984881,"EMIG_770_551",4.50895485842419,"EMIG_772_553",2.06381473984881,NA,42.37409855,-111.5536151,42.3741167,-111.5536205,NA,-12.4404659203737,42.3741167,-111.5536205,NA,-12.4404659203737,42.37413805,-111.5536278,NA,-13.408962144473,42.3741167,-111.5536205,NA,-12.4404659203737,0,0,0,0,3,3,0,1
"333","EMIG",777,"ABLA",6.6,27.2,7.5,0,"0",1,1,1,1,"0","0","0","BO",NA,NA,0,0,"0","0","0","0",0,0,0,1,"0","0","0",NA,0,0,0,1,"0","0","0",NA,0,0,0,0,"0","0","0",NA,0,0,0,1,"0","0","0",NA,0,0,0,1,"0","0","0",NA,0,0,0,0,"0","0","0",NA,NA,NA,NA,NA,1,2,3,4,NA,NA,NA,NA,0,0,0,1,1,"EMIG777",2514,777,NA,"Point",2220.988,NA,0.171218225636986,0,0,0,1,"EMIG_777_557","EMIG_773_554",1.5822822551737,"EMIG_773_554",1.5822822551737,"EMIG_770_551",1.94818314745167,"EMIG_773_554",1.5822822551737,NA,42.37412649,-111.5536456,42.37411697,-111.5536313,NA,131.919035002031,42.37411697,-111.5536313,NA,131.919035002031,42.37413805,-111.5536278,NA,48.785816217272,42.37411697,-111.5536313,NA,131.919035002031,0,0,0,4,1,1,0,2
"334","EMIG",778,"ABLA",2.8,14.5,5.4,0,"0",1,1,1,1,"BO","BO","BO","BO",NA,NA,0,0,"0","0","0","0",0,0,0,0,"0","0","0",NA,0,0,0,0,"0","0","0",NA,0,0,0,0,"0","0","0",NA,0,0,0,0,"0","0","0",NA,1,1,0,1,"0","0","0",NA,0,0,0,0,"0","0","0",NA,NA,NA,NA,NA,1,2,3,4,NA,NA,NA,NA,1,1,0,1,0,"EMIG778",2515,778,NA,"Point",2222.249,NA,0.169606807648873,1,1,0,1,"EMIG_778_558","EMIG_760_541",1.18691056367031,"EMIG_760_541",1.18691056367031,"EMIG_760_541",1.18691056367031,"EMIG_764_545",0.793154918898923,NA,42.37413186,-111.5536645,42.37413963,-111.5536744,NA,-43.372337710319,42.37413963,-111.5536744,NA,-43.372337710319,42.37413963,-111.5536744,NA,-43.372337710319,42.37412571,-111.5536694,NA,-149.426664950248,1,1,0,1,7,6,2,5
"335","EMIG",779,"ABLA",1.2,7.8,4.1,1,"0",1,1,1,1,"0","0","BO","BO",NA,NA,0,0,"0","0","0","0",0,0,0,0,"0","0","0",NA,0,0,0,0,"0","0","0",NA,0,0,0,1,"0","0","0",NA,0,0,0,0,"0","0","0",NA,0,0,0,0,"0","0","0",NA,0,0,0,0,"0","0","0",NA,"1 DB","1 DB","1 DB","1 DB",1,2,3,4,NA,NA,NA,NA,0,0,0,1,1,"EMIG779",2516,779,NA,"Point",2220.415,NA,0.16953958382473,0,0,0,1,"EMIG_779_559","EMIG_778_558",2.80465688055339,"EMIG_763_544",1.25683048210114,"EMIG_760_541",3.21560128333911,"EMIG_781_561",0.387193792559234,NA,42.3741118,-111.5536852,42.37413186,-111.5536645,NA,37.420803559006,42.37412227,-111.5536794,NA,22.3304761787947,42.37413963,-111.5536744,NA,16.0529217576928,42.37411192,-111.5536899,NA,-88.0278638826317,0,0,0,1,1,1,0,1
"336","EMIG",780,"ABLA",NA,4.8,0,0,"0",1,1,1,1,"0","0","0","0",NA,NA,0,0,"0","0","0","0",0,0,0,0,"0","0","0",NA,0,0,0,0,"0","0","0",NA,0,0,0,0,"0","0","0",NA,0,0,0,0,"0","0","0",NA,0,0,0,0,"0","0","0",NA,0,0,0,0,"0","0","0",NA,"1 Dead","1 Dead","1 Dead","1 Dead",1,2,3,4,NA,NA,NA,NA,0,0,0,0,0,"EMIG780",2517,780,NA,"Point",2221.186,NA,0.170086625628931,0,0,0,0,"EMIG_780_560","EMIG_778_558",2.95058379979085,"EMIG_763_544",1.57430455912394,"EMIG_760_541",3.53587869747243,"EMIG_779_559",0.557144835975596,NA,42.37410812,-111.5536806,42.37413186,-111.5536645,NA,26.695768033657,42.37412227,-111.5536794,NA,3.59810441052603,42.37413963,-111.5536744,NA,8.30061414328821,42.3741118,-111.5536852,NA,-42.8257875870424,0,0,0,0,1,1,0,1
"337","EMIG",781,"ABLA",NA,6.1,0,2,"0",1,1,1,1,"0","0","0","BO",NA,NA,0,0,"0","0","0","0",0,0,0,1,"0","0","0",NA,0,0,0,0,"0","0","0",NA,0,0,0,0,"0","0","0",NA,0,0,0,0,"0","0","0",NA,0,0,0,0,"0","0","0",NA,0,0,0,1,"0","0","0",NA,"1 DB","1 DB","1 DB","1 DB",1,2,3,4,NA,NA,NA,NA,0,0,0,1,1,"EMIG781",2518,781,NA,"Point",2220.529,NA,0.1692211221252,0,0,0,1,"EMIG_781_561","EMIG_778_558",3.04559655828178,"EMIG_763_544",1.43810103961932,"EMIG_760_541",3.33104063764873,"EMIG_779_559",0.387193792559234,NA,42.37411192,-111.5536899,42.37413186,-111.5536645,NA,43.3653834640449,42.37412227,-111.5536794,NA,36.9513310601109,42.37413963,-111.5536744,NA,22.5265278877168,42.3741118,-111.5536852,NA,91.9721329497156,0,0,0,2,1,1,0,1
"338","EMIG",782,"ABLA",1.3,8.1,1.9,1,"0",1,1,1,1,"0","0","BO","BO",NA,NA,0,0,"0","0","0","0",0,0,0,0,"0","0","0",NA,0,0,0,1,"0","0","0",NA,0,0,0,0,"0","0","0",NA,0,0,0,0,"0","0","0",NA,0,0,0,0,"0","0","0",NA,0,0,0,0,"0","0","0",NA,"1 DB","1 DB","1 DB","1 DB",1,2,3,4,NA,NA,NA,NA,0,0,0,1,1,"EMIG782",2519,782,NA,"Point",2220.271,NA,0.169135448630326,0,0,0,1,"EMIG_782_562","EMIG_778_558",2.39653344074189,"EMIG_763_544",0.77433382322669,"EMIG_760_541",2.66139216904511,"EMIG_779_559",0.605689760936488,NA,42.37411723,-111.5536859,42.37413186,-111.5536645,NA,47.3238118002617,42.37412227,-111.5536794,NA,43.7194385769622,42.37413963,-111.5536744,NA,20.840274802159,42.3741118,-111.5536852,NA,174.539892501765,0,0,0,1,1,1,0,1
"339","EMIG",783,"ABLA",2.1,10.5,1.2,1,"0",1,1,1,1,"0","0","BO","BO",NA,NA,0,0,"0","0","0","0",0,0,0,0,"0","0","0",NA,0,0,0,1,"0","0","0",NA,0,0,0,1,"0","0","0",NA,0,0,0,0,"0","0","0",NA,0,0,0,0,"0","0","0",NA,0,0,0,0,"0","0","0",NA,"1 DB","1 DB","1 DB","1 DB",1,2,3,4,NA,NA,NA,NA,0,0,0,1,1,"EMIG783",2520,783,NA,"Point",2220.399,NA,0.169750324395922,0,0,0,1,"EMIG_783_563","EMIG_785_565",2.85754685939759,"EMIG_784_564",1.19438733115699,"EMIG_760_541",4.38451547678125,"EMIG_781_561",1.08172973305356,NA,42.37410226,-111.5536916,42.37407656,-111.5536898,NA,177.027169756487,42.37409184,-111.5536952,NA,-165.631380561372,42.37413963,-111.5536744,NA,18.843429185143,42.37411192,-111.5536899,NA,7.43438986449297,0,0,0,2,1,0,0,1
"340","EMIG",784,"ABLA",1,7.5,3.1,1,"0",1,1,1,1,"0","BO","0","0",NA,NA,0,0,"0","0","0","0",0,0,0,0,"0","0","0",NA,0,0,0,0,"0","0","0",NA,0,0,0,0,"0","0","0",NA,0,0,0,0,"0","0","0",NA,0,1,0,0,"0","0","0",NA,0,0,0,0,"0","0","0",NA,"1 DB","1 DB","1 DB","1 DB",1,2,3,4,NA,NA,NA,NA,0,1,0,0,1,"EMIG784",2521,784,NA,"Point",2219.212,NA,0.170211426093004,0,1,0,0,"EMIG_784_564","EMIG_785_565",1.75395957916257,"EMIG_845_619",3.51412629717369,"EMIG_760_541",5.57604072263142,"EMIG_840_615",0.923344995279143,NA,42.37409184,-111.5536952,42.37407656,-111.5536898,NA,165.316327225356,42.37410941,-111.5537307,NA,-56.2772290105979,42.37413963,-111.5536744,NA,17.8858525325646,42.37408698,-111.5537043,NA,-125.764169369083,0,1,0,0,1,0,0,1
"341","EMIG",785,"ABLA",8.4,43.1,0,1,"0",1,1,1,1,"BO","0","BO","BO",NA,NA,0,0,"0","0","0","0",0,0,0,1,"0","0","0",NA,0,0,0,0,"0","0","0",NA,0,0,0,0,"0","0","0",NA,0,0,0,0,"0","0","0",NA,0,0,0,0,"0","0","0",NA,1,0,0,0,"0","0","0",NA,"1 DB","1 DB","1 DB","1 DB",1,2,3,4,NA,NA,NA,NA,1,0,0,1,0,"EMIG785",2522,785,NA,"Point",2221.136,NA,0.171595159778634,1,0,0,1,"EMIG_785_565","EMIG_786_566",3.91183062255457,"EMIG_784_564",1.75395957916257,"EMIG_760_541",7.11708008413408,"EMIG_840_615",1.66250779673539,NA,42.37407656,-111.5536898,42.37408967,-111.5536457,NA,68.1527677497533,42.37409184,-111.5536952,NA,-14.6836691352152,42.37413963,-111.5536744,NA,10.2621658466543,42.37408698,-111.5537043,NA,-45.8968506072891,1,0,0,1,2,1,0,7
"342","EMIG",786,"ABLA",7.2,27.8,0,0,"0",1,1,1,1,"BO","BO","BO","BO",NA,NA,0,0,"0","0","0","0",0,0,0,2,"0","0","0",NA,1,0,0,2,"0","0","0",NA,0,0,0,0,"0","0","0",NA,1,1,0,1,"0","0","0",NA,0,0,0,1,"0","0","0",NA,0,0,0,1,"0","0","0",NA,NA,NA,NA,NA,1,2,3,4,NA,NA,NA,NA,1,1,0,1,0,"EMIG786",2523,786,NA,"Point",2222.74,NA,0.173611567340848,1,1,0,1,"EMIG_786_566","EMIG_773_554",3.25496498338735,"EMIG_789_569",3.17463363144792,"EMIG_770_551",5.57055155454745,"EMIG_790_570",2.22451152984729,NA,42.37408967,-111.5536457,42.37411697,-111.5536313,NA,21.3609066987684,42.37406427,-111.553628,NA,152.674640803563,42.37413805,-111.5536278,NA,15.3409428161794,42.37407219,-111.5536325,NA,150.754402225774,2,1,0,7,1,1,0,2
"343","EMIG",787,"ABLA",1.5,9.5,0,0,"0",1,1,1,1,"0","0","0","BO",NA,NA,0,0,"0","0","0","0",0,0,0,0,"0","0","0",NA,0,0,0,0,"0","0","0",NA,0,0,0,0,"0","0","0",NA,0,0,0,1,"0","0","0",NA,0,0,0,0,"0","0","0",NA,0,0,0,0,"0","0","0",NA,NA,NA,NA,NA,1,2,3,4,NA,NA,NA,NA,0,0,0,1,1,"EMIG787",2524,787,NA,"Point",2217.86,NA,0.176680522461405,0,0,0,1,"EMIG_787_567","EMIG_786_566",3.44089571897558,"EMIG_789_569",0.271258642957237,"EMIG_803_582",7.89919916771541,"EMIG_788_568",0.23360559913508,NA,42.37406192,-111.5536271,42.37408967,-111.5536457,NA,-26.4269306246954,42.37406427,-111.553628,NA,-15.8529675139411,42.37400267,-111.5536802,NA,-146.395362934574,42.37406379,-111.5536258,NA,27.2695593438762,0,0,0,1,2,1,0,7
"344","EMIG",788,"ABLA",NA,4.7,0,1,"0",1,1,1,1,"0","0","0","BO",NA,NA,0,0,"0","0","0","0",0,0,0,0,"0","0","0",NA,0,0,0,0,"0","0","0",NA,0,0,0,0,"0","0","0",NA,0,0,0,0,"0","0","0",NA,0,0,0,1,"0","0","0",NA,0,0,0,0,"0","0","0",NA,NA,NA,NA,NA,1,2,3,4,NA,NA,NA,NA,0,0,0,1,1,"EMIG788",2525,788,NA,"Point",2218.141,NA,0.176641029223704,0,0,0,1,"EMIG_788_568","EMIG_786_566",3.30794805858979,"EMIG_789_569",0.188811306721021,"EMIG_677_464",7.82902384354796,"EMIG_787_567",0.23360559913508,NA,42.37406379,-111.5536258,42.37408967,-111.5536457,NA,-29.689491754018,42.37406427,-111.553628,NA,-73.603339061844,42.37411094,-111.5535551,NA,48.0310142129481,42.37406192,-111.5536271,NA,-152.730439779965,0,0,0,1,2,1,0,7
"345","EMIG",789,"ABLA",1.2,7.3,0,0,"0",1,1,1,1,"0","BO","0","0",NA,NA,0,0,"0","0","0","0",0,0,0,0,"0","0","0",NA,0,0,0,0,"0","0","0",NA,0,0,0,0,"0","0","0",NA,0,0,0,0,"0","0","0",NA,0,1,0,0,"0","0","0",NA,0,0,0,0,"0","0","0",NA,NA,NA,NA,NA,1,2,3,4,NA,NA,NA,NA,0,1,0,0,1,"EMIG789",2526,789,NA,"Point",2219.528,NA,0.176464443786229,0,1,0,0,"EMIG_789_569","EMIG_786_566",3.17463363144792,"EMIG_786_566",3.17463363144792,"EMIG_677_464",7.92968436338148,"EMIG_788_568",0.188811306721021,NA,42.37406427,-111.553628,42.37408967,-111.5536457,NA,-27.3253472671993,42.37408967,-111.5536457,NA,-27.3253472671993,42.37411094,-111.5535551,NA,49.1926340146517,42.37406379,-111.5536258,NA,106.396659455426,0,1,0,0,2,1,0,7
"346","EMIG",790,"ABLA",4.9,20.8,0,2,"0",1,1,1,1,"0","0","0","BO",NA,NA,0,0,"0","0","0","0",0,0,0,0,"0","0","0",NA,0,0,0,0,"0","0","0",NA,0,0,0,0,"0","0","0",NA,0,0,0,0,"0","0","0",NA,0,0,0,1,"0","0","0",NA,0,0,0,0,"0","0","0",NA,"2 DB","2 DB","2 DB","2 DB",1,2,3,4,NA,NA,NA,NA,0,0,0,1,1,"EMIG790",2527,790,NA,"Point",2219.907,NA,0.175640770550719,0,0,0,1,"EMIG_790_570","EMIG_786_566",2.22451152984729,"EMIG_789_569",0.954286885774187,"EMIG_770_551",7.32325677394542,"EMIG_788_568",1.08364035325227,NA,42.37407219,-111.5536325,42.37408967,-111.5536457,NA,-29.2455888778453,42.37406427,-111.553628,NA,157.154589731275,42.37413805,-111.5536278,NA,3.02894624581474,42.37406379,-111.5536258,NA,149.399215338381,0,0,0,1,2,1,0,7
"347","EMIG",791,"ABLA",NA,4.2,0,0,"0",1,1,1,1,"0","0","0","0",NA,NA,0,0,"0","0","0","0",0,0,0,0,"0","0","0",NA,0,0,0,0,"0","0","0",NA,0,0,0,0,"0","0","0",NA,0,0,0,0,"0","0","0",NA,0,0,0,0,"0","0","0",NA,0,0,0,0,"0","0","0",NA,NA,NA,NA,NA,1,2,3,4,NA,NA,NA,NA,0,0,0,0,0,"EMIG791",2528,791,NA,"Point",2224.125,NA,0.175218178705848,0,0,0,0,"EMIG_791_571","EMIG_786_566",2.42648758515072,"EMIG_789_569",1.32227110915737,"EMIG_803_582",7.85340476645123,"EMIG_790_570",1.00927888625405,NA,42.37406789,-111.5536433,42.37408967,-111.5536457,NA,-4.67100509682486,42.37406427,-111.553628,NA,107.697579642371,42.37400267,-111.5536802,NA,-157.241375351942,42.37407219,-111.5536325,NA,61.7657209996262,0,0,0,0,2,1,0,7
"348","EMIG",792,"ABLA",1.1,7.1,0,1,"0",1,1,1,1,"0","0","0","BO",NA,NA,0,0,"0","0","0","0",0,0,0,1,"0","0","0",NA,0,0,0,1,"0","0","0",NA,0,0,0,0,"0","0","0",NA,0,0,0,0,"0","0","0",NA,0,0,0,0,"0","0","0",NA,0,0,0,0,"0","0","0",NA,"1 DB","1 DB","1 DB","1 DB",1,2,3,4,NA,NA,NA,NA,0,0,0,1,1,"EMIG792",2529,792,NA,"Point",2221.676,NA,0.176259375271877,0,0,0,1,"EMIG_792_572","EMIG_785_565",4.78400131765779,"EMIG_789_569",3.09360089915051,"EMIG_803_582",5.0480725082914,"EMIG_793_573",0.450111531519369,NA,42.37404334,-111.5536528,42.37407656,-111.5536898,NA,-39.5515270555444,42.37406427,-111.553628,NA,41.3018430043826,42.37400267,-111.5536802,NA,-153.455787661696,42.37403933,-111.5536536,NA,-171.585496830185,0,0,0,2,1,0,0,1
"349","EMIG",793,"ABLA",2.2,12.3,0,1,"0",1,1,1,1,"0","0","0","0",NA,NA,0,0,"0","0","0","0",0,0,0,0,"0","0","0",NA,0,0,0,0,"0","0","0",NA,0,0,0,0,"0","0","0",NA,0,0,0,0,"0","0","0",NA,0,0,0,0,"0","0","0",NA,0,0,0,1,"0","0","0",NA,"1 DB","1 DB","1 DB","1 DB",1,2,3,4,NA,NA,NA,NA,0,0,0,1,1,"EMIG793",NA,793,NA,"Point",2219.816,NA,0.176481842233869,0,0,0,1,"EMIG_793_573","EMIG_803_582",4.62242941205088,"EMIG_801_580",2.78026547295942,"EMIG_803_582",4.62242941205088,"EMIG_792_572",0.450111531519369,NA,42.37403933,-111.5536536,42.37400267,-111.5536802,NA,-151.719444732264,42.37401459,-111.5536484,NA,171.141807776656,42.37400267,-111.5536802,NA,-151.719444732264,42.37404334,-111.5536528,NA,8.41450263064105,0,0,0,1,7,6,6,11
"350","EMIG",795,"ABLA",NA,2.9,0,0,"0",1,1,1,1,"0","0","0","0",NA,NA,0,0,"0","0","0","0",0,0,0,0,"0","0","0",NA,0,0,0,0,"0","0","0",NA,0,0,0,0,"0","0","0",NA,0,0,0,0,"0","0","0",NA,0,0,0,0,"0","0","0",NA,0,0,0,0,"0","0","0",NA,NA,NA,NA,NA,1,2,3,4,NA,NA,NA,NA,0,0,0,0,0,"EMIG795",2531,795,NA,"Point",2220.3,NA,0.176668591429311,0,0,0,0,"EMIG_795_574","EMIG_786_566",4.13989350497949,"EMIG_789_569",1.42688624165946,"EMIG_803_582",6.65388274872096,"EMIG_787_567",1.24929138212666,NA,42.37405303,-111.5536364,42.37408967,-111.5536457,NA,-10.6585352968227,42.37406427,-111.553628,NA,28.9921212649145,42.37400267,-111.5536802,NA,-147.182350881015,42.37406192,-111.5536271,NA,37.7998096966662,0,0,0,0,2,1,0,7
"351","EMIG",796,"ABLA",1.1,7.2,0,0,"0",1,1,1,1,"0","0","0","BO",NA,NA,0,0,"0","0","0","0",0,0,0,0,"0","0","0",NA,0,0,0,0,"0","0","0",NA,0,0,0,0,"0","0","0",NA,0,0,0,1,"0","0","0",NA,0,0,0,1,"0","0","0",NA,0,0,0,0,"0","0","0",NA,NA,NA,NA,NA,1,2,3,4,NA,NA,NA,NA,0,0,0,1,1,"EMIG796",2532,796,NA,"Point",2218.807,NA,0.178873925682829,0,0,0,1,"EMIG_796_575","EMIG_656_444",3.55553693211772,"EMIG_797_576",0.719414337120974,"EMIG_803_582",5.83879229428134,"EMIG_797_576",0.719414337120974,NA,42.37403355,-111.5536228,42.3740482,-111.5535844,NA,62.7729482027494,42.37403112,-111.5536147,NA,112.028115442232,42.37400267,-111.5536802,NA,-125.962716177155,42.37403112,-111.5536147,NA,112.028115442232,0,0,0,2,1,1,0,0
"352","EMIG",797,"ABLA",1.3,8.4,0,0,"0",1,1,1,1,"0","BO","0","BO",NA,NA,0,0,"0","0","0","0",0,0,0,0,"0","0","0",NA,0,1,0,0,"0","0","0",NA,0,0,0,0,"0","0","0",NA,0,0,0,0,"0","0","0",NA,0,0,0,1,"0","0","0",NA,0,0,0,0,"0","0","0",NA,NA,NA,NA,NA,1,2,3,4,NA,NA,NA,NA,0,1,0,1,1,"EMIG797",2533,797,NA,"Point",2217.815,NA,0.17956577666092,0,1,0,1,"EMIG_797_576","EMIG_656_444",3.13374464744208,"EMIG_656_444",3.13374464744208,"EMIG_803_582",6.24996445470538,"EMIG_796_575",0.719414337120974,NA,42.37403112,-111.5536147,42.3740482,-111.5535844,NA,52.7566822109729,42.3740482,-111.5535844,NA,52.7566822109729,42.37400267,-111.5536802,NA,-120.361353949398,42.37403355,-111.5536228,NA,-67.9718790986302,0,1,0,1,1,1,0,0
"353","EMIG",798,"ABLA",NA,6.7,0,0,"0",1,1,1,1,"0","0","0","0",NA,NA,0,0,"0","0","0","0",0,0,0,0,"0","0","0",NA,0,0,0,0,"0","0","0",NA,0,0,0,0,"0","0","0",NA,0,0,0,0,"0","0","0",NA,0,0,0,0,"0","0","0",NA,0,0,0,0,"0","0","0",NA,NA,NA,NA,NA,1,2,3,4,NA,NA,NA,NA,0,0,0,0,0,"EMIG798",2534,798,NA,"Point",2217.294,NA,0.179857190741099,0,0,0,0,"EMIG_798_577","EMIG_656_444",2.87249949341615,"EMIG_797_576",0.354534642363327,"EMIG_803_582",6.54881204523126,"EMIG_797_576",0.354534642363327,NA,42.37403095,-111.5536104,42.3740482,-111.5535844,NA,48.1783721712443,42.37403112,-111.5536147,NA,-86.9479339955122,42.37400267,-111.5536802,NA,-118.652990788847,42.37403112,-111.5536147,NA,-86.9479339955122,0,0,0,0,1,1,0,0
"354","EMIG",799,"ABLA",1.1,7.2,0,0,"0",1,1,1,1,"0","0","0","BO",NA,NA,0,0,"0","0","0","0",0,0,0,1,"0","0","0",NA,0,0,0,1,"0","0","0",NA,0,0,0,0,"0","0","0",NA,0,0,0,0,"0","0","0",NA,0,0,0,0,"0","0","0",NA,0,0,0,0,"0","0","0",NA,NA,NA,NA,NA,1,2,3,4,NA,NA,NA,NA,0,0,0,1,1,"EMIG799",2535,799,NA,"Point",2217.462,NA,0.178926160726018,0,0,0,1,"EMIG_799_578","EMIG_803_582",4.52522055637683,"EMIG_801_580",1.60780818273678,"EMIG_803_582",4.52522055637683,"EMIG_796_575",1.40472620001214,NA,42.3740233,-111.5536328,42.37400267,-111.5536802,NA,-120.412012284414,42.37401459,-111.5536484,NA,-126.979748990781,42.37400267,-111.5536802,NA,-120.412012284414,42.37403355,-111.5536228,NA,35.8817254001519,0,0,0,2,7,6,6,11
"355","EMIG",800,"ABLA",NA,4.7,0,0,"0",1,1,1,1,"0","0","0","0",NA,NA,0,0,"0","0","0","0",0,0,0,0,"0","0","0",NA,0,0,0,0,"0","0","0",NA,0,0,0,0,"0","0","0",NA,0,0,0,0,"0","0","0",NA,0,0,0,0,"0","0","0",NA,0,0,0,0,"0","0","0",NA,NA,NA,NA,NA,1,2,3,4,NA,NA,NA,NA,0,0,0,0,0,"EMIG800",2536,800,NA,"Point",2214.465,NA,0.177631159675306,0,0,0,0,"EMIG_800_579","EMIG_803_582",3.88047746124216,"EMIG_801_580",1.49540055887575,"EMIG_803_582",3.88047746124216,"EMIG_793_573",1.34046299354163,NA,42.37402805,-111.5536478,42.37400267,-111.5536802,NA,-136.572320850157,42.37401459,-111.5536484,NA,-178.106918761178,42.37400267,-111.5536802,NA,-136.572320850157,42.37403933,-111.5536536,NA,-20.8696712851325,0,0,0,0,7,6,6,11
"356","EMIG",801,"ABLA",1.2,9,0,1,"0",1,1,1,1,"0","BO","0","BO",NA,NA,0,0,"0","0","0","0",0,0,0,0,"0","0","0",NA,0,1,0,1,"0","0","0",NA,0,0,0,0,"0","0","0",NA,0,0,0,0,"0","0","0",NA,0,1,0,1,"0","0","0",NA,0,0,0,0,"0","0","0",NA,"WOB","WOB","WOB","WOB",1,2,3,4,NA,NA,NA,NA,0,1,0,1,1,"EMIG801",2537,801,NA,"Point",2214.804,NA,0.178523089940733,0,1,0,1,"EMIG_801_580","EMIG_803_582",2.93373325772374,"EMIG_803_582",2.93373325772374,"EMIG_803_582",2.93373325772374,"EMIG_799_578",1.60780818273678,NA,42.37401459,-111.5536484,42.37400267,-111.5536802,NA,-116.818150314612,42.37400267,-111.5536802,NA,-116.818150314612,42.37400267,-111.5536802,NA,-116.818150314612,42.3740233,-111.5536328,NA,53.0202404953269,0,2,0,2,7,6,6,11
"357","EMIG",802,"ABLA",2.4,12.3,0,0,"0",1,1,1,1,"0","0","0","BO",NA,NA,0,0,"0","0","0","0",0,0,0,0,"0","0","0",NA,0,0,0,0,"0","0","0",NA,0,0,0,0,"0","0","0",NA,0,0,0,0,"0","0","0",NA,0,0,0,0,"0","0","0",NA,0,0,0,1,"0","0","0",NA,NA,NA,NA,NA,1,2,3,4,NA,NA,NA,NA,0,0,0,1,1,"EMIG802",2538,802,NA,"Point",2215.081,NA,0.177474483420727,0,0,0,1,"EMIG_802_581","EMIG_803_582",1.37592374865878,"EMIG_803_582",1.37592374865878,"EMIG_803_582",1.37592374865878,"EMIG_803_582",1.37592374865878,NA,42.37401137,-111.5536683,42.37400267,-111.5536802,NA,-134.595895398218,42.37400267,-111.5536802,NA,-134.595895398218,42.37400267,-111.5536802,NA,-134.595895398218,42.37400267,-111.5536802,NA,-134.595895398218,0,0,0,1,7,6,6,11
"358","EMIG",803,"ABLA",11.1,63.5,0,5,"0",1,1,1,1,"BO","BO","BO","BO",NA,NA,0,0,"0","0","0","0",2,2,2,2,"1-6","1-7","1–5","1-7",2,2,2,2,"3-1","3-0","3–0","3-0",2,1,0,2,"0","0","0",NA,0,0,2,2,"0","0","0",NA,1,1,0,2,"0","0","0",NA,0,0,0,1,"0","0","0",NA,"4 DB","4 DB","4 DB","4 DB",1,2,3,4,NA,NA,NA,NA,1,1,1,1,0,"EMIG803",2539,803,NA,"Point",2216.482,NA,0.177330190306038,1,1,1,1,"EMIG_803_582","EMIG_785_565",8.24265220790813,"EMIG_804_583",1.36316118011523,"EMIG_821_599",10.34355914618,"EMIG_804_583",1.36316118011523,NA,42.37400267,-111.5536802,42.37407656,-111.5536898,NA,-5.50260277787705,42.37401251,-111.5536901,NA,-36.7229237401168,42.37391259,-111.5537122,NA,-165.243300346233,42.37401251,-111.5536901,NA,-36.7229237401168,7,6,6,11,1,0,0,1
"359","EMIG",804,"ABLA",NA,4.7,0,1,"0",1,1,1,1,"0","BO","0","BO",NA,NA,0,0,"0","0","0","0",0,0,0,0,"0","0","0",NA,0,0,0,0,"0","0","0",NA,0,0,0,0,"0","0","0",NA,0,0,0,0,"0","0","0",NA,0,1,0,1,"0","0","0",NA,0,0,0,0,"0","0","0",NA,"1 DB","1 DB","1 DB","1 DB",1,2,3,4,NA,NA,NA,NA,0,1,0,1,1,"EMIG804",2540,804,NA,"Point",2215.747,NA,0.176007014915459,0,1,0,1,"EMIG_804_583","EMIG_803_582",1.36316118011523,"EMIG_803_582",1.36316118011523,"EMIG_803_582",1.36316118011523,"EMIG_803_582",1.36316118011523,NA,42.37401251,-111.5536901,42.37400267,-111.5536802,NA,143.277069587607,42.37400267,-111.5536802,NA,143.277069587607,42.37400267,-111.5536802,NA,143.277069587607,42.37400267,-111.5536802,NA,143.277069587607,0,1,0,1,7,6,6,11
"360","EMIG",805,"ABLA",NA,7.2,0,1,"0",1,1,1,1,"0","0","BO","BO",NA,NA,0,0,"0","0","0","0",0,0,0,0,"0","0","0",NA,0,0,0,1,"0","0","0",NA,0,0,0,0,"0","0","0",NA,0,0,0,0,"0","0","0",NA,0,0,0,0,"0","0","0",NA,0,0,0,0,"0","0","0",NA,"WOB","WOB","WOB","WOB",1,2,3,4,NA,NA,NA,NA,0,0,0,1,1,"EMIG805",2541,805,NA,"Point",2217.254,NA,0.178977960203839,0,0,0,1,"EMIG_805_584","EMIG_803_582",1.73826545338543,"EMIG_803_582",1.73826545338543,"EMIG_803_582",1.73826545338543,"EMIG_802_581",1.71589558793741,NA,42.37399704,-111.5536605,42.37400267,-111.5536802,NA,-68.9219203714051,42.37400267,-111.5536802,NA,-68.9219203714051,42.37400267,-111.5536802,NA,-68.9219203714051,42.37401137,-111.5536683,NA,-21.9788092276033,0,0,0,1,7,6,6,11
"361","EMIG",806,"ABLA",2.6,12.1,2.9,0,"0",1,1,1,1,"0","0","0","0",NA,NA,0,0,"0","0","0","0",0,0,0,0,"0","0","0",NA,0,0,0,0,"0","0","0",NA,0,0,0,0,"0","0","0",NA,0,0,0,0,"0","0","0",NA,0,0,0,0,"0","0","0",NA,0,0,0,0,"0","0","0",NA,NA,NA,NA,NA,1,2,3,4,NA,NA,NA,NA,0,0,0,0,0,"EMIG806",2542,806,NA,"Point",2218.218,NA,0.180260286346808,0,0,0,0,"EMIG_806_585","EMIG_803_582",3.10999960407355,"EMIG_801_580",2.40559370381479,"EMIG_803_582",3.10999960407355,"EMIG_805_584",1.37245820650084,NA,42.3739931,-111.5536447,42.37400267,-111.5536802,NA,-70.0203700118841,42.37401459,-111.5536484,NA,-7.27517755905079,42.37400267,-111.5536802,NA,-70.0203700118841,42.37399704,-111.5536605,NA,-71.4116591886233,0,0,0,0,7,6,6,11
"362","EMIG",807,"ABLA",NA,2.7,0,0,"0",1,1,1,1,"0","0","0","0",NA,NA,0,0,"0","0","0","0",0,0,0,0,"0","0","0",NA,0,0,0,0,"0","0","0",NA,0,0,0,0,"0","0","0",NA,0,0,0,0,"0","0","0",NA,0,0,0,0,"0","0","0",NA,0,0,0,0,"0","0","0",NA,NA,NA,NA,NA,1,2,3,4,NA,NA,NA,NA,0,0,0,0,0,"EMIG807",2543,807,NA,"Point",2219.069,NA,0.179525541028567,0,0,0,0,"EMIG_807_586","EMIG_803_582",3.29202037715135,"EMIG_801_580",1.03080680686131,"EMIG_803_582",3.29202037715135,"EMIG_801_580",1.03080680686131,NA,42.37400727,-111.5536407,42.37400267,-111.5536802,NA,-98.9258745013993,42.37401459,-111.5536484,NA,-37.9531768786644,42.37400267,-111.5536802,NA,-98.9258745013993,42.37401459,-111.5536484,NA,-37.9531768786644,0,0,0,0,7,6,6,11
"363","EMIG",808,"ABLA",1,NA,NA,0,"0",1,1,1,1,"0","0","0","0",NA,NA,0,0,"0","0","0","0",0,0,0,0,"0","0","0",NA,0,0,0,0,"0","0","0",NA,0,0,0,0,"0","0","0",NA,0,0,0,0,"0","0","0",NA,0,0,0,0,"0","0","0",NA,0,0,0,0,"0","0","0",NA,"Bent","Bent","Bent","Bent",1,2,3,4,NA,NA,NA,NA,0,0,0,0,0,"EMIG808",2544,808,NA,"Point",2217.388,NA,0.181003448032529,0,0,0,0,"EMIG_808_587","EMIG_803_582",3.78716249705595,"EMIG_801_580",3.06291800897438,"EMIG_803_582",3.78716249705595,"EMIG_805_584",2.05865415515862,NA,42.37398796,-111.5536387,42.37400267,-111.5536802,NA,-64.4502333953278,42.37401459,-111.5536484,NA,-15.1140676646412,42.37400267,-111.5536802,NA,-64.4502333953278,42.37399704,-111.5536605,NA,-60.6755902939083,0,0,0,0,7,6,6,11
"364","EMIG",809,"ABLA",NA,4.6,0,0,"0",1,1,1,1,"0","0","0","0",NA,NA,0,0,"0","0","0","0",0,0,0,0,"0","0","0",NA,0,0,0,0,"0","0","0",NA,0,0,0,0,"0","0","0",NA,0,0,0,0,"0","0","0",NA,0,0,0,0,"0","0","0",NA,0,0,0,0,"0","0","0",NA,NA,NA,NA,NA,1,2,3,4,NA,NA,NA,NA,0,0,0,0,0,"EMIG809",2545,809,NA,"Point",2217.276,NA,0.180805931940438,0,0,0,0,"EMIG_809_588","EMIG_803_582",3.59735426403101,"EMIG_801_580",2.89982852723317,"EMIG_803_582",3.59735426403101,"EMIG_805_584",1.86573946350734,NA,42.37398914,-111.5536405,42.37400267,-111.5536802,NA,-65.3150412809961,42.37401459,-111.5536484,NA,-12.9617002665825,42.37400267,-111.5536802,NA,-65.3150412809961,42.37399704,-111.5536605,NA,-61.9549029778349,0,0,0,0,7,6,6,11
"365","EMIG",810,"ABLA",1.1,6.4,0,1,"0",1,1,1,1,"0","0","0","0",NA,NA,0,0,"0","0","0","0",0,0,0,0,"0","0","0",NA,0,0,0,0,"0","0","0",NA,0,0,0,0,"0","0","0",NA,0,0,0,0,"0","0","0",NA,0,0,0,0,"0","0","0",NA,0,0,0,0,"0","0","0",NA,NA,NA,NA,NA,1,2,3,4,NA,NA,NA,NA,0,0,0,0,0,"EMIG810",2546,810,NA,"Point",2217.904,NA,0.181730848380939,0,0,0,0,"EMIG_810_589","EMIG_803_582",5.5832600341165,"EMIG_797_576",3.27446713692266,"EMIG_803_582",5.5832600341165,"EMIG_799_578",2.92988261303721,NA,42.37400168,-111.5536124,42.37400267,-111.5536802,NA,-88.8718100976227,42.37403112,-111.5536147,NA,-3.31532395582491,42.37400267,-111.5536802,NA,-88.8718100976227,42.3740233,-111.5536328,NA,-34.9780661831595,0,0,0,0,7,6,6,11
"366","EMIG",812,"ABLA",3.1,15.9,0,0,"0",1,1,1,1,"0","0","0","0",NA,NA,0,0,"0","0","0","0",0,0,0,0,"0","0","0",NA,0,0,0,0,"0","0","0",NA,0,0,0,0,"0","0","0",NA,0,0,0,0,"0","0","0",NA,0,0,0,0,"0","0","0",NA,0,0,0,0,"0","0","0",NA,NA,NA,NA,NA,1,2,3,4,NA,NA,NA,NA,0,0,0,0,0,"EMIG812",2548,812,NA,"Point",2216.246,NA,0.189216311591197,0,0,0,0,"EMIG_812_590","EMIG_803_582",12.3817099187861,"EMIG_813_591",4.51663215164513,"EMIG_821_599",9.51406168448989,"EMIG_623_413",3.81797361836929,NA,42.37390993,-111.5535967,42.37400267,-111.5536802,NA,-33.727164881309,42.37389838,-111.5536493,NA,-106.496107287932,42.37391259,-111.5537122,NA,-88.2209302868659,42.37389584,-111.5535544,NA,114.191160163714,0,0,0,0,7,6,6,11
"367","EMIG",813,"ABLA",2.5,9.5,0,0,"0",1,1,1,1,"0","BO","BO","BO",NA,NA,0,0,"0","0","0","0",0,1,0,0,"0","0","0",NA,0,0,0,0,"0","0","0",NA,0,0,0,0,"0","0","0",NA,0,0,0,0,"0","0","0",NA,0,0,0,1,"0","0","0",NA,0,0,0,0,"0","0","0",NA,NA,NA,"–11–","–11–",1,2,3,4,NA,NA,NA,NA,0,1,0,1,1,"EMIG813",NA,813,NA,"Point",2215.98,NA,0.18680881030209,0,1,0,1,"EMIG_813_591","EMIG_803_582",11.856418563743,"EMIG_824_602",5.3216107821869,"EMIG_821_599",5.41379222272313,"EMIG_817_595",2.25904240544428,NA,42.37389838,-111.5536493,42.37400267,-111.5536802,NA,-12.3905888818255,42.37386704,-111.5536982,NA,-130.838549529057,42.37391259,-111.5537122,NA,-73.0550403485005,42.37390589,-111.5536748,NA,-68.3374122318919,0,1,0,1,7,6,6,11
"368","EMIG",814,"ABLA",NA,5.8,0,0,"0",1,1,1,1,"0","BO","BO","BO",NA,NA,0,0,"0","0","0","0",0,1,0,0,"0","0","0",NA,0,0,0,1,"0","0","0",NA,0,0,0,0,"0","0","0",NA,0,0,0,0,"0","0","0",NA,0,0,0,0,"0","0","0",NA,0,0,0,0,"0","0","0",NA,NA,NA,"–11–","–11–",1,2,3,4,NA,NA,NA,NA,0,1,0,1,1,"EMIG814",NA,814,NA,"Point",2215.98,NA,0.18680881030209,0,1,0,1,"EMIG_814_592","EMIG_803_582",11.856418563743,"EMIG_824_602",5.3216107821869,"EMIG_821_599",5.41379222272313,"EMIG_817_595",2.25904240544428,NA,42.37389838,-111.5536493,42.37400267,-111.5536802,NA,-12.3905888818255,42.37386704,-111.5536982,NA,-130.838549529057,42.37391259,-111.5537122,NA,-73.0550403485005,42.37390589,-111.5536748,NA,-68.3374122318919,0,1,0,1,7,6,6,11
"369","EMIG",815,"ABLA",1,6.4,0,0,"0",1,1,1,1,"0","BO","BO","BO",NA,NA,0,0,"0","0","0","0",0,1,0,0,"0","0","0",NA,0,0,0,0,"0","0","0",NA,0,0,0,0,"0","0","0",NA,0,0,0,0,"0","0","0",NA,0,0,0,0,"0","0","0",NA,0,0,0,1,"0","0","0",NA,NA,NA,"–11–","–11–",1,2,3,4,NA,NA,NA,NA,0,1,0,1,1,"EMIG815",NA,815,NA,"Point",2215.98,NA,0.18680881030209,0,1,0,1,"EMIG_815_593","EMIG_803_582",11.856418563743,"EMIG_824_602",5.3216107821869,"EMIG_821_599",5.41379222272313,"EMIG_817_595",2.25904240544428,NA,42.37389838,-111.5536493,42.37400267,-111.5536802,NA,-12.3905888818255,42.37386704,-111.5536982,NA,-130.838549529057,42.37391259,-111.5537122,NA,-73.0550403485005,42.37390589,-111.5536748,NA,-68.3374122318919,0,1,0,1,7,6,6,11
"370","EMIG",816,"ABLA",1.1,6.7,0,0,"0",1,1,1,1,"0","BO","BO","BO",NA,NA,0,0,"0","0","0","0",0,1,0,0,"0","0","0",NA,0,0,0,0,"0","0","0",NA,0,0,0,0,"0","0","0",NA,0,0,0,0,"0","0","0",NA,0,1,0,1,"0","0","0",NA,0,0,0,0,"0","0","0",NA,NA,NA,"polyfurcated","polyfurcated",1,2,3,4,NA,NA,NA,NA,0,1,0,1,1,"EMIG816",2549,816,NA,"Point",2215.98,NA,0.18680881030209,0,1,0,1,"EMIG_816_594","EMIG_803_582",11.856418563743,"EMIG_824_602",5.3216107821869,"EMIG_821_599",5.41379222272313,"EMIG_817_595",2.25904240544428,NA,42.37389838,-111.5536493,42.37400267,-111.5536802,NA,-12.3905888818255,42.37386704,-111.5536982,NA,-130.838549529057,42.37391259,-111.5537122,NA,-73.0550403485005,42.37390589,-111.5536748,NA,-68.3374122318919,0,2,0,1,7,6,6,11
"371","EMIG",817,"ABLA",3.3,14.2,0,0,"0",1,1,1,1,"0","0","0","BO",NA,NA,0,0,"0","0","0","0",0,0,0,0,"0","0","0",NA,0,0,0,1,"0","0","0",NA,0,0,0,0,"0","0","0",NA,0,0,0,0,"0","0","0",NA,0,0,0,1,"0","0","0",NA,0,0,0,0,"0","0","0",NA,NA,NA,NA,NA,1,2,3,4,NA,NA,NA,NA,0,0,0,1,1,"EMIG817",2550,817,NA,"Point",2216.874,NA,0.184691531708816,0,0,0,1,"EMIG_817_595","EMIG_803_582",10.7555433969496,"EMIG_813_591",2.25904240544428,"EMIG_821_599",3.1678563132455,"EMIG_819_597",1.13645083622077,NA,42.37390589,-111.5536748,42.37400267,-111.5536802,NA,-2.36909108886011,42.37389838,-111.5536493,NA,111.662570581976,42.37391259,-111.5537122,NA,-76.4173932948675,42.37390058,-111.5536866,NA,-121.2533314883,0,0,0,2,7,6,6,11
"372","EMIG",818,"ABLA",1.5,9.4,0,1,"0",1,1,1,1,"0","0","0","0",NA,NA,0,0,"0","0","0","0",0,0,0,0,"0","0","0",NA,0,0,0,0,"0","0","0",NA,0,0,0,0,"0","0","0",NA,0,0,0,0,"0","0","0",NA,0,0,0,0,"0","0","0",NA,0,0,0,0,"0","0","0",NA,"WOB","WOB","WOB","WOB",1,2,3,4,NA,NA,NA,NA,0,0,0,0,0,"EMIG818",2551,818,NA,"Point",2217.896,NA,0.183587802972564,0,0,0,0,"EMIG_818_596","EMIG_803_582",10.5521912574638,"EMIG_821_599",1.86765305841696,"EMIG_821_599",1.86765305841696,"EMIG_819_597",0.875087016361658,NA,42.37390794,-111.5536904,42.37400267,-111.5536802,NA,4.56471468332298,42.37391259,-111.5537122,NA,-73.9509599629305,42.37391259,-111.5537122,NA,-73.9509599629305,42.37390058,-111.5536866,NA,159.051693904115,0,0,0,0,7,6,6,11
"373","EMIG",819,"ABLA",3,14.3,0,1,"0",1,1,1,1,"0","0","0","BO",NA,NA,0,0,"0","0","0","0",0,0,0,1,"0","0","0",NA,0,0,0,0,"0","0","0",NA,0,0,0,1,"0","0","0",NA,0,0,0,1,"0","0","0",NA,0,0,0,0,"0","0","0",NA,0,0,0,1,"0","0","0",NA,"1 DB","1 DB","1 DB","1 DB",1,2,3,4,NA,NA,NA,NA,0,0,0,1,1,"EMIG819",2552,819,NA,"Point",2217.99,NA,0.184369219600521,0,0,0,1,"EMIG_819_597","EMIG_803_582",11.3482073372812,"EMIG_821_599",2.49418280159653,"EMIG_821_599",2.49418280159653,"EMIG_817_595",1.13645083622077,NA,42.37390058,-111.5536866,42.37400267,-111.5536802,NA,2.66137143455514,42.37391259,-111.5537122,NA,-57.6780992968399,42.37391259,-111.5537122,NA,-57.6780992968399,42.37390589,-111.5536748,NA,58.7466605589015,0,0,0,4,7,6,6,11
"374","EMIG",820,"ABLA",NA,1.6,0,0,"0",1,1,1,1,"0","0","0","0",NA,NA,0,0,"0","0","0","0",0,0,0,0,"0","0","0",NA,0,0,0,0,"0","0","0",NA,0,0,0,0,"0","0","0",NA,0,0,0,0,"0","0","0",NA,0,0,0,0,"0","0","0",NA,0,0,0,0,"0","0","0",NA,NA,NA,NA,NA,1,2,3,4,NA,NA,NA,NA,0,0,0,0,0,"EMIG820",2553,820,NA,"Point",2217.751,NA,0.183270220175342,0,0,0,0,"EMIG_820_598","EMIG_803_582",9.63811213327009,"EMIG_821_599",2.20575868224106,"EMIG_821_599",2.20575868224106,"EMIG_817_595",1.43979140845256,NA,42.37391597,-111.5536858,42.37400267,-111.5536802,NA,2.74194305579844,42.37391259,-111.5537122,NA,-99.7965799966612,42.37391259,-111.5537122,NA,-99.7965799966612,42.37390589,-111.5536748,NA,141.021792494653,0,0,0,0,7,6,6,11
"375","EMIG",821,"ABLA",14.6,59.2,0,3,"0",1,1,1,1,"0","BO","BO","BO",NA,NA,NA,NA,"0","0","0","0",0,2,2,2,"0","1-1","1–1","1-4",0,2,2,2,"0","0","2–0","2-2",0,0,0,2,"0","0","0",NA,0,2,2,2,"0","0","0",NA,0,0,0,2,"0","0","0",NA,0,0,0,2,"0","0","0",NA,"3 DB","3 DB","3 DB","3 DB",1,2,3,4,NA,NA,NA,NA,0,1,1,1,1,"EMIG821",2554,821,NA,"Point",2215.975,NA,0.181915723905085,0,1,1,1,"EMIG_821_599","EMIG_803_582",10.34355914618,"EMIG_824_602",5.18750645140617,"EMIG_803_582",10.34355914618,"EMIG_819_597",2.49418280159653,NA,42.37391259,-111.5537122,42.37400267,-111.5536802,NA,14.7566780868333,42.37386704,-111.5536982,NA,167.161710529298,42.37400267,-111.5536802,NA,14.7566780868333,42.37390058,-111.5536866,NA,122.32188344963,0,6,6,12,7,6,6,11
"376","EMIG",822,"ABLA",2,10.6,2.2,0,"0",1,1,1,1,"0","0","0","BO",NA,NA,0,0,"0","0","0","0",0,0,0,1,"0","0","0",NA,0,0,0,1,"0","0","0",NA,0,0,0,1,"0","0","0",NA,0,0,0,0,"0","0","0",NA,0,0,0,1,"0","0","0",NA,0,0,0,0,"0","0","0",NA,NA,NA,NA,NA,1,2,3,4,NA,NA,NA,NA,0,0,0,1,1,"EMIG822",2555,822,NA,"Point",2219.101,NA,0.185501680088615,0,0,0,1,"EMIG_822_600","EMIG_803_582",14.4953819159081,"EMIG_824_602",0.754156321646127,"EMIG_821_599",4.45609840210503,"EMIG_824_602",0.754156321646127,NA,42.37387315,-111.5537022,42.37400267,-111.5536802,NA,7.17837882765296,42.37386704,-111.5536982,NA,154.107102805253,42.37391259,-111.5537122,NA,-10.6474343665485,42.37386704,-111.5536982,NA,154.107102805253,0,0,0,4,7,6,6,11
"377","EMIG",823,"ABLA",1.6,9.2,0,0,"0",1,1,1,1,"0","0","0","BO",NA,NA,0,0,"0","0","0","0",0,0,0,0,"0","0","0",NA,0,0,0,0,"0","0","0",NA,0,0,0,1,"0","0","0",NA,0,0,0,1,"0","0","0",NA,0,0,0,1,"0","0","0",NA,0,0,0,0,"0","0","0",NA,NA,NA,NA,NA,1,2,3,4,NA,NA,NA,NA,0,0,0,1,1,"EMIG823",2556,823,NA,"Point",2219.158,NA,0.185700814311713,0,0,0,1,"EMIG_823_601","EMIG_803_582",13.1753984117326,"EMIG_824_602",2.17696063699779,"EMIG_821_599",3.87391247747602,"EMIG_819_597",1.83740833713284,NA,42.37388407,-111.5536851,42.37400267,-111.5536802,NA,1.75467548386886,42.37386704,-111.5536982,NA,-150.300888816119,42.37391259,-111.5537122,NA,-35.1670519601257,42.37390058,-111.5536866,NA,-3.85398861738402,0,0,0,3,7,6,6,11
"378","EMIG",824,"ABLA",2.9,14.9,0,0,"0",1,1,1,1,"0","BO","BO","BO",NA,NA,1,0,"0","0","0","0",0,0,0,0,"0","0","0",NA,0,1,0,1,"0","0","0",NA,0,0,0,1,"0","0","0",NA,0,0,0,1,"0","0","0",NA,0,0,0,1,"0","0","0",NA,0,1,0,0,"0","0","0",NA,NA,NA,NA,NA,1,2,3,4,NA,NA,NA,NA,0,1,0,1,1,"EMIG824",2557,824,NA,"Point",2219.06,NA,0.186206899393065,0,1,0,1,"EMIG_824_602","EMIG_803_582",15.1329558223221,"EMIG_821_599",5.18750645140617,"EMIG_821_599",5.18750645140617,"EMIG_822_600",0.754156321646127,NA,42.37386704,-111.5536982,42.37400267,-111.5536802,NA,5.62007333927211,42.37391259,-111.5537122,NA,-12.8382800351808,42.37391259,-111.5537122,NA,-12.8382800351808,42.37387315,-111.5537022,NA,-25.8928944988853,0,2,0,4,7,6,6,11
"379","EMIG",825,"ABLA",NA,7,0,0,"0",1,1,1,1,"0","BO","0","BO",NA,NA,1,0,"0","0","0","0",0,0,0,0,"0","0","0",NA,0,1,0,0,"0","0","0",NA,0,0,0,0,"0","0","0",NA,0,0,0,1,"0","0","0",NA,0,0,0,0,"0","0","0",NA,0,0,0,0,"0","0","0",NA,NA,NA,NA,NA,1,2,3,4,NA,NA,NA,NA,0,1,0,1,1,"EMIG825",NA,825,NA,"Point",2219.06,NA,0.186206899393065,0,1,0,1,"EMIG_825_603","EMIG_803_582",15.1329558223221,"EMIG_821_599",5.18750645140617,"EMIG_821_599",5.18750645140617,"EMIG_822_600",0.754156321646127,NA,42.37386704,-111.5536982,42.37400267,-111.5536802,NA,5.62007333927211,42.37391259,-111.5537122,NA,-12.8382800351808,42.37391259,-111.5537122,NA,-12.8382800351808,42.37387315,-111.5537022,NA,-25.8928944988853,0,1,0,1,7,6,6,11
"380","EMIG",826,"ABLA",NA,4.5,0,1,"0",1,1,1,1,"0","0","0","0",NA,NA,0,0,"0","0","0","0",0,0,0,0,"0","0","0",NA,0,0,0,0,"0","0","0",NA,0,0,0,0,"0","0","0",NA,0,0,0,0,"0","0","0",NA,0,0,0,0,"0","0","0",NA,0,0,0,0,"0","0","0",NA,"1 Dead, WOB","1 Dead, WOB","1 Dead, WOB","1 Dead, WOB",1,2,3,4,NA,NA,NA,NA,0,0,0,0,0,"EMIG826",2558,826,NA,"Point",2212.67,NA,0.191350904257357,0,0,0,0,"EMIG_826_604","EMIG_605_397",19.3359830374564,"EMIG_824_602",7.0023726898112,"EMIG_821_599",12.1468684767463,"EMIG_824_602",7.0023726898112,NA,42.37380407,-111.5536936,42.37382052,-111.5534598,NA,84.5793420443445,42.37386704,-111.5536982,NA,-3.10043130500471,42.37391259,-111.5537122,NA,-7.24274307034023,42.37386704,-111.5536982,NA,-3.10043130500471,0,0,0,0,1,1,0,2
"381","EMIG",827,"ABLA",NA,3.9,0,1,"0",1,1,1,1,"0","0","0","0",NA,NA,0,0,"0","0","0","0",0,0,0,0,"0","0","0",NA,0,0,0,0,"0","0","0",NA,0,0,0,0,"0","0","0",NA,0,0,0,0,"0","0","0",NA,0,0,0,0,"0","0","0",NA,0,0,0,0,"0","0","0",NA,"1 DB","1 DB","1 DB","1 DB",1,2,3,4,NA,NA,NA,NA,0,0,0,0,0,"EMIG827",2559,827,NA,"Point",2215.161,NA,0.188161577310849,0,0,0,0,"EMIG_827_605","EMIG_803_582",20.0598421149604,"EMIG_824_602",5.07274561445584,"EMIG_821_599",9.80258624687726,"EMIG_824_602",5.07274561445584,NA,42.37382454,-111.5537208,42.37400267,-111.5536802,NA,9.59236775982593,42.37386704,-111.5536982,NA,21.5189682871313,42.37391259,-111.5537122,NA,4.14222208152768,42.37386704,-111.5536982,NA,21.5189682871313,0,0,0,0,7,6,6,11
"382","EMIG",828,"ABLA",NA,3.7,0,1,"0",1,1,1,1,"0","0","0","0",NA,NA,NA,NA,"0","0","0","0",0,0,0,0,"0","0","0",NA,0,0,0,0,"0","0","0",NA,0,0,0,0,"0","0","0",NA,0,0,0,0,"0","0","0",NA,0,0,0,0,"0","0","0",NA,0,0,0,0,"0","0","0",NA,"WOB","WOB","WOB, not found","WOB",1,2,3,4,NA,NA,NA,NA,0,0,0,0,0,"EMIG828",2560,828,NA,"Point",2216.985,NA,0.183596965085607,0,0,0,0,"EMIG_828_606","EMIG_803_582",12.9264240257265,"EMIG_821_599",2.62647226874823,"EMIG_821_599",2.62647226874823,"EMIG_822_600",2.00342560349321,NA,42.37388897,-111.5537139,42.37400267,-111.5536802,NA,12.3948371173579,42.37391259,-111.5537122,NA,3.05477407625673,42.37391259,-111.5537122,NA,3.05477407625673,42.37387315,-111.5537022,NA,151.260668760678,0,0,0,0,7,6,6,11
"383","EMIG",830,"ABLA",NA,5,0,0,"0",1,1,1,1,"0","BO","0","0",NA,NA,0,0,"0","0","0","0",0,0,0,0,"0","0","0",NA,0,0,0,0,"0","0","0",NA,0,1,0,0,"0","0","0",NA,0,0,0,0,"0","0","0",NA,0,0,0,0,"0","0","0",NA,0,0,0,0,"0","0","0",NA,"4 dead","4 dead","4 dead","4 dead",1,2,3,4,NA,NA,NA,NA,0,1,0,0,1,"EMIG830",2562,830,NA,"Point",2218.261,NA,0.171829702534688,0,1,0,0,"EMIG_830_607","EMIG_785_565",4.20445992517247,"EMIG_841_616",1.76288058093651,"EMIG_803_582",5.74750306202774,"EMIG_836_612",0.285294282901033,NA,42.3740456,-111.5537192,42.37407656,-111.5536898,NA,35.1500004403805,42.37406147,-111.5537186,NA,1.60576286159381,42.37400267,-111.5536802,NA,146.035774407601,42.37404806,-111.5537182,NA,16.773532480557,0,1,0,0,1,0,0,1
"384","EMIG",832,"ABLA",NA,3,0,0,"0",1,1,1,1,"0","0","0","0",NA,NA,0,0,"0","0","0","0",0,0,0,0,"0","0","0",NA,0,0,0,0,"0","0","0",NA,0,0,0,0,"0","0","0",NA,0,0,0,0,"0","0","0",NA,0,0,0,0,"0","0","0",NA,0,0,0,0,"0","0","0",NA,NA,NA,NA,NA,1,2,3,4,NA,NA,NA,NA,0,0,0,0,0,"EMIG832",2564,832,NA,"Point",2223.161,NA,0.174131929048663,0,0,0,0,"EMIG_832_608","EMIG_803_582",3.66141444076823,"EMIG_830_607",2.30685683518124,"EMIG_803_582",3.66141444076823,"EMIG_804_583",2.37188348281991,NA,42.37403332,-111.5536966,42.37400267,-111.5536802,NA,158.359521807787,42.3740456,-111.5537192,NA,-53.7656448903881,42.37400267,-111.5536802,NA,158.359521807787,42.37401251,-111.5536901,NA,166.960162651738,0,0,0,0,7,6,6,11
"385","EMIG",833,"ABLA",3,14.7,5,1,"0",1,1,1,1,"0","0","0","0",NA,NA,0,0,"0","0","0","0",0,0,0,0,"0","0","0",NA,0,0,0,0,"0","0","0",NA,0,0,0,0,"0","0","0",NA,0,0,0,0,"0","0","0",NA,0,0,0,0,"0","0","0",NA,0,0,0,0,"0","0","0",NA,NA,NA,NA,NA,1,2,3,4,NA,NA,NA,NA,0,0,0,0,0,"EMIG833",2565,833,NA,"Point",2219.115,NA,0.172364104766532,0,0,0,0,"EMIG_833_609","EMIG_785_565",3.84410324484451,"EMIG_830_607",0.691611031802134,"EMIG_803_582",5.39565063664859,"EMIG_836_612",0.665890197814859,NA,42.37404564,-111.5537108,42.37407656,-111.5536898,NA,26.7294082572598,42.3740456,-111.5537192,NA,-90.3679559847184,42.37400267,-111.5536802,NA,152.164814469605,42.37404806,-111.5537182,NA,-66.2002395146816,0,0,0,0,1,0,0,1
"386","EMIG",834,"ABLA",NA,1.6,0,0,"0",1,1,1,1,"0","0","0","0",NA,NA,0,0,"0","0","0","0",0,0,0,0,"0","0","0",NA,0,0,0,0,"0","0","0",NA,0,0,0,0,"0","0","0",NA,0,0,0,0,"0","0","0",NA,0,0,0,0,"0","0","0",NA,0,0,0,0,"0","0","0",NA,NA,NA,NA,NA,1,2,3,4,NA,NA,NA,NA,0,0,0,0,0,"EMIG834",2566,834,NA,"Point",2218.126,NA,0.171401640225367,0,0,0,0,"EMIG_834_610","EMIG_785_565",5.28488119531338,"EMIG_830_607",1.17071754518538,"EMIG_803_582",5.95804090384848,"EMIG_835_611",1.05148331848678,NA,42.37404044,-111.5537316,42.37407656,-111.5536898,NA,40.6321513062484,42.3740456,-111.5537192,NA,60.6981768402245,42.37400267,-111.5536802,NA,134.741763611065,42.37404693,-111.5537223,NA,46.7362024907709,0,0,0,0,1,0,0,1
"387","EMIG",835,"ABLA",1.4,8.8,1.9,3,"0",1,1,1,1,"0","0","0","BO",NA,NA,0,0,"0","0","0","0",0,0,0,0,"0","0","0",NA,0,0,0,0,"0","0","0",NA,0,0,0,0,"0","0","0",NA,0,0,0,1,"0","0","0",NA,0,0,0,0,"0","0","0",NA,0,0,0,0,"0","0","0",NA,"2 DB","2 DB","2 DB, broken top","2 DB, broken top",1,2,3,4,NA,NA,NA,NA,0,0,0,1,1,"EMIG835",2567,835,NA,"Point",2217.916,NA,0.171538694858457,0,0,0,1,"EMIG_835_611","EMIG_785_565",4.24083350312635,"EMIG_830_607",0.294878558001301,"EMIG_803_582",6.01396778628171,"EMIG_836_612",0.360130413102519,NA,42.37404693,-111.5537223,42.37407656,-111.5536898,NA,39.1213894406949,42.3740456,-111.5537192,NA,120.054430250901,42.37400267,-111.5536802,NA,144.804965168784,42.37404806,-111.5537182,NA,69.6097365926075,0,0,0,1,1,0,0,1
"388","EMIG",836,"ABLA",2.8,17.8,1.1,1,"0",1,1,1,1,"0","0","0","BO",NA,NA,0,0,"0","0","0","0",0,0,0,0,"0","0","0",NA,0,0,0,0,"0","0","0",NA,0,0,0,0,"0","0","0",NA,0,0,0,0,"0","0","0",NA,0,0,0,0,"0","0","0",NA,0,0,0,1,"0","0","0",NA,"WOB","WOB","WOB, broken top","WOB, broken top",1,2,3,4,NA,NA,NA,NA,0,0,0,1,1,"EMIG836",2568,836,NA,"Point",2217.715,NA,0.171721839077311,0,0,0,1,"EMIG_836_612","EMIG_785_565",3.93474215413699,"EMIG_830_607",0.285294282901033,"EMIG_803_582",5.93217147038364,"EMIG_835_611",0.360130413102519,NA,42.37404806,-111.5537182,42.37407656,-111.5536898,NA,36.4598016201917,42.3740456,-111.5537192,NA,-163.226466845475,42.37400267,-111.5536802,NA,148.169742607591,42.37404693,-111.5537223,NA,-110.390260644124,0,0,0,1,1,0,0,1
"389","EMIG",837,"ABLA",NA,3.3,0,0,"0",1,1,1,1,"0","0","0","0",NA,NA,0,0,"0","0","0","0",0,0,0,0,"0","0","0",NA,0,0,0,0,"0","0","0",NA,0,0,0,0,"0","0","0",NA,0,0,0,0,"0","0","0",NA,0,0,0,0,"0","0","0",NA,0,0,0,0,"0","0","0",NA,NA,NA,NA,NA,1,2,3,4,NA,NA,NA,NA,0,0,0,0,0,"EMIG837",2569,837,NA,"Point",2219.798,NA,0.172033919447767,0,0,0,0,"EMIG_837_613","EMIG_785_565",1.66761435615125,"EMIG_841_616",1.7343774205449,"EMIG_803_582",6.8178782798018,"EMIG_785_565",1.66761435615125,NA,42.3740627,-111.5536976,42.37407656,-111.5536898,NA,22.6498888211598,42.37406147,-111.5537186,NA,-94.5165697468285,42.37400267,-111.5536802,NA,167.870428849264,42.37407656,-111.5536898,NA,22.6498888211598,0,0,0,0,1,0,0,1
"390","EMIG",838,"ABLA",9.5,45.5,0,12,"0",1,1,1,1,"0","0","0","0",NA,NA,0,0,"0","0","0","0",0,0,0,0,"0","0","0",NA,0,0,0,0,"0","0","0",NA,0,0,0,0,"0","0","0",NA,0,0,0,0,"0","0","0",NA,0,0,0,0,"0","0","0",NA,0,0,0,0,"0","0","0",NA,"12 DB, Rot in area","12 DB, Rot in area","12 DB, Rot in area","12 DB, Rot in area",1,2,3,4,NA,NA,NA,NA,0,0,0,0,0,"EMIG838",2570,838,NA,"Point",2218.449,NA,0.170682688514139,0,0,0,0,"EMIG_838_614","EMIG_785_565",2.35797148889487,"EMIG_841_616",0.611338387241906,"EMIG_803_582",7.60778740823531,"EMIG_836_612",2.03360562723544,NA,42.3740662,-111.5537148,42.37407656,-111.5536898,NA,60.7998673521232,42.37406147,-111.5537186,NA,-149.218146959151,42.37400267,-111.5536802,NA,158.009790395504,42.37404806,-111.5537182,NA,-172.087938990404,0,0,0,0,1,0,0,1
"391","EMIG",840,"ABLA",1.3,7.8,4.7,0,"0",1,1,1,1,"0","0","BO","BO",NA,NA,0,0,"0","0","0","0",0,0,0,0,"0","0","0",NA,0,0,0,0,"0","0","0",NA,0,0,0,0,"0","0","0",NA,0,0,0,0,"0","0","0",NA,0,0,0,1,"0","0","0",NA,0,0,0,0,"0","0","0",NA,NA,NA,NA,NA,1,2,3,4,NA,NA,NA,NA,0,0,0,1,1,"EMIG840",2571,840,NA,"Point",2218.175,NA,0.169944785202445,0,0,0,1,"EMIG_840_615","EMIG_785_565",1.66250779673539,"EMIG_784_564",0.923344995279143,"EMIG_760_541",6.34336623277272,"EMIG_785_565",1.66250779673539,NA,42.37408698,-111.5537043,42.37407656,-111.5536898,NA,134.103139620171,42.37409184,-111.5536952,NA,54.2358244978052,42.37413963,-111.5536744,NA,22.8352596987374,42.37407656,-111.5536898,NA,134.103139620171,0,0,0,1,1,0,0,1
"392","EMIG",841,"ABLA",1.6,7.5,3.6,0,"0",1,1,1,1,"0","BO","0","0",NA,NA,0,0,"0","0","0","0",0,0,0,0,"0","0","0",NA,0,0,0,0,"0","0","0",NA,0,0,0,0,"0","0","0",NA,0,0,0,0,"0","0","0",NA,0,0,0,0,"0","0","0",NA,0,1,0,0,"0","0","0",NA,"Rot in area","Rot in area","Rot in area","Rot in area",1,2,3,4,NA,NA,NA,NA,0,1,0,0,1,"EMIG841",2572,841,NA,"Point",2218.224,NA,0.170764493657149,0,1,0,0,"EMIG_841_616","EMIG_785_565",2.90346242899357,"EMIG_830_607",1.76288058093651,"EMIG_803_582",7.2542851147202,"EMIG_836_612",1.48939660845443,NA,42.37406147,-111.5537186,42.37407656,-111.5536898,NA,54.7534085731433,42.3740456,-111.5537192,NA,-178.394236734025,42.37400267,-111.5536802,NA,154.162298740982,42.37404806,-111.5537182,NA,178.732986323322,0,1,0,0,1,0,0,1
"393","EMIG",843,"ABLA",NA,5.2,0,0,"0",1,1,1,1,"0","0","0","BO",NA,NA,0,0,"0","0","0","0",0,0,0,0,"0","0","0",NA,0,0,0,0,"0","0","0",NA,0,0,0,0,"0","0","0",NA,0,0,0,0,"0","0","0",NA,0,0,0,1,"0","0","0",NA,0,0,0,0,"0","0","0",NA,NA,NA,NA,NA,1,2,3,4,NA,NA,NA,NA,0,0,0,1,1,"EMIG843",2574,843,NA,"Point",2219.198,NA,0.16828287030929,0,0,0,1,"EMIG_843_617","EMIG_845_619",3.39479056016893,"EMIG_841_616",2.545533171984,"EMIG_760_541",8.50095079544094,"EMIG_840_615",2.90206111587507,NA,42.37407932,-111.553738,42.37410941,-111.5537307,NA,10.197673181362,42.37406147,-111.5537186,NA,141.135911722664,42.37413963,-111.5536744,NA,38.0227532069988,42.37408698,-111.5537043,NA,72.9570852912466,0,0,0,1,1,1,0,0
"394","EMIG",844,"ABLA",NA,5.6,0,1,"0",1,1,1,1,"0","0","0","0",NA,NA,0,0,"0","0","0","0",0,0,0,0,"0","0","0",NA,0,0,0,0,"0","0","0",NA,0,0,0,0,"0","0","0",NA,0,0,0,0,"0","0","0",NA,0,0,0,0,"0","0","0",NA,0,0,0,0,"0","0","0",NA,"1 DB","1 DB","1 DB","1 DB",1,2,3,4,NA,NA,NA,NA,0,0,0,0,0,"EMIG844",2575,844,NA,"Point",2218.422,NA,0.168122811439408,0,0,0,0,"EMIG_844_618","EMIG_845_619",2.9768811332857,"EMIG_841_616",2.8089824137021,"EMIG_760_541",8.11309090446011,"EMIG_843_617",0.420296571180675,NA,42.37408296,-111.5537366,42.37410941,-111.5537307,NA,9.39145386964086,42.37406147,-111.5537186,NA,148.157194796797,42.37413963,-111.5536744,NA,39.1397935913948,42.37407932,-111.553738,NA,-164.082713888987,0,0,0,0,1,1,0,0
"395","EMIG",845,"ABLA",2.4,11.1,1,0,"0",1,1,1,1,"BO","BO","0","0",NA,NA,0,0,"0","0","0","0",0,0,0,0,"0","0","0",NA,1,1,0,0,"0","0","0",NA,0,0,0,0,"0","0","0",NA,0,0,0,0,"0","0","0",NA,0,0,0,0,"0","0","0",NA,0,0,0,0,"0","0","0",NA,NA,NA,NA,NA,1,2,3,4,NA,NA,NA,NA,1,1,0,0,0,"EMIG845",2576,845,NA,"Point",2218.968,NA,0.166707459972614,1,1,0,0,"EMIG_845_619","EMIG_785_565",4.96434164258088,"EMIG_847_621",0.762613312289228,"EMIG_760_541",5.72244734487444,"EMIG_847_621",0.762613312289228,NA,42.37410941,-111.5537307,42.37407656,-111.5536898,NA,137.287440436795,42.37411621,-111.5537294,NA,8.06809488778887,42.37413963,-111.5536744,NA,54.0985906936928,42.37411621,-111.5537294,NA,8.06809488778887,1,1,0,0,1,0,0,1
"396","EMIG",846,"ABLA",5.4,27.4,1.9,0,"0",1,1,1,1,"0","0","BO","BO",NA,NA,0,0,"0","0","0","0",0,0,0,1,"0","0","0",NA,0,0,0,1,"0","0","0",NA,0,0,0,1,"0","0","0",NA,0,0,0,2,"0","0","0",NA,0,0,0,1,"0","0","0",NA,0,0,0,1,"0","0","0",NA,NA,NA,NA,NA,1,2,3,4,NA,NA,NA,NA,0,0,0,1,1,"EMIG846",2577,846,NA,"Point",2218.506,NA,0.167284194969942,0,0,0,1,"EMIG_846_620","EMIG_845_619",1.45731492606458,"EMIG_847_621",1.16147144211717,"EMIG_760_541",4.27716792746175,"EMIG_849_623",0.405671147150234,NA,42.37411588,-111.5537153,42.37410941,-111.5537307,NA,-119.536404696241,42.37411621,-111.5537294,NA,-88.1920907476986,42.37413963,-111.5536744,NA,51.9338657024862,42.3741124,-111.5537168,NA,-162.276002871731,0,0,0,7,1,1,0,0
"397","EMIG",847,"ABLA",1.1,6.6,0,1,"0",1,1,1,1,"0","BO","0","BO",NA,NA,0,0,"0","0","0","0",0,0,0,0,"0","0","0",NA,0,1,0,0,"0","0","0",NA,0,0,0,0,"0","0","0",NA,0,0,0,1,"0","0","0",NA,0,0,0,0,"0","0","0",NA,0,0,0,0,"0","0","0",NA,"1 DB","1 DB","1 DB","1 DB",1,2,3,4,NA,NA,NA,NA,0,1,0,1,1,"EMIG847",2578,847,NA,"Point",2219.214,NA,0.166336053731091,0,1,0,1,"EMIG_847_621","EMIG_845_619",0.762613312289228,"EMIG_845_619",0.762613312289228,"EMIG_760_541",5.22190834965017,"EMIG_849_623",1.12034138033771,NA,42.37411621,-111.5537294,42.37410941,-111.5537307,NA,-171.931904236052,42.37410941,-111.5537307,NA,-171.931904236052,42.37413963,-111.5536744,NA,60.1319324968249,42.3741124,-111.5537168,NA,112.186064443004,0,1,0,1,1,1,0,0
"398","EMIG",848,"ABLA",NA,4.3,0,0,"0",1,1,1,1,"0","0","0","0",NA,NA,0,0,"0","0","0","0",0,0,0,0,"0","0","0",NA,0,0,0,0,"0","0","0",NA,0,0,0,0,"0","0","0",NA,0,0,0,0,"0","0","0",NA,0,0,0,0,"0","0","0",NA,0,0,0,0,"0","0","0",NA,NA,NA,NA,NA,1,2,3,4,NA,NA,NA,NA,0,0,0,0,0,"EMIG848",2579,848,NA,"Point",2218.831,NA,0.165722459438877,0,0,0,0,"EMIG_848_622","EMIG_845_619",1.62230012042236,"EMIG_847_621",0.874841056000458,"EMIG_760_541",4.95652624908793,"EMIG_847_621",0.874841056000458,NA,42.37412402,-111.5537308,42.37410941,-111.5537307,NA,179.709218681381,42.37411621,-111.5537294,NA,172.428894213337,42.37413963,-111.5536744,NA,69.5307554516741,42.37411621,-111.5537294,NA,172.428894213337,0,0,0,0,1,1,0,0
"399","EMIG",849,"ABLA",2.8,9.9,5.2,0,"0",1,1,1,1,"0","0","0","BO",NA,NA,0,0,"0","0","0","0",0,0,0,1,"0","0","0",NA,0,0,0,1,"0","0","0",NA,0,0,0,0,"0","0","0",NA,0,0,0,0,"0","0","0",NA,0,0,0,1,"0","0","0",NA,0,0,0,0,"0","0","0",NA,NA,NA,NA,NA,1,2,3,4,NA,NA,NA,NA,0,0,0,1,1,"EMIG849",2580,849,NA,"Point",2220.608,NA,0.167417749056481,0,0,0,1,"EMIG_849_623","EMIG_845_619",1.19161278245739,"EMIG_847_621",1.12034138033771,"EMIG_760_541",4.61828676305282,"EMIG_846_620",0.405671147150234,NA,42.3741124,-111.5537168,42.37410941,-111.5537307,NA,-106.177821652447,42.37411621,-111.5537294,NA,-67.8139270649904,42.37413963,-111.5536744,NA,49.1031027885566,42.37411588,-111.5537153,NA,17.7239961173162,0,0,0,3,1,1,0,0
"400","EMIG",850,"ABLA",2.2,5.9,3.6,0,"0",1,1,1,1,"0","0","BO","BO",NA,NA,0,0,"0","0","0","0",0,0,0,0,"0","0","0",NA,0,0,0,0,"0","0","0",NA,0,0,0,0,"0","0","0",NA,0,0,0,1,"0","0","0",NA,0,0,0,1,"0","0","0",NA,0,0,0,0,"0","0","0",NA,NA,NA,NA,NA,1,2,3,4,NA,NA,NA,NA,0,0,0,1,1,"EMIG850",2582,850,NA,"Point",2220.549,NA,0.165889926427176,0,0,0,1,"EMIG_850_624","EMIG_760_541",2.97515553864103,"EMIG_762_543",2.25737392358156,"EMIG_760_541",2.97515553864103,"EMIG_852_626",1.53150971441354,NA,42.37414195,-111.5537104,42.37413963,-111.5536744,NA,94.9672892282444,42.374126,-111.5536934,NA,141.68106689053,42.37413963,-111.5536744,NA,94.9672892282444,42.3741448,-111.5537286,NA,-78.0748610761555,0,0,0,2,7,6,2,5
"401","EMIG",851,"ABLA",5.5,22.1,2.2,1,"0",1,1,1,1,"0","BO","BO","BO",NA,NA,0,0,"0","0","0","0",0,1,0,0,"0","0","0",NA,0,0,0,0,"0","0","0",NA,0,0,0,1,"0","0","0",NA,0,0,0,1,"0","0","0",NA,0,0,0,1,"0","0","0",NA,0,0,0,0,"0","0","0",NA,"1 DB","1 DB","1 DB","1 DB",1,2,3,4,NA,NA,NA,NA,0,1,0,1,1,"EMIG851",NA,851,NA,"Point",2220.549,NA,0.165889926427176,0,1,0,1,"EMIG_851_625","EMIG_760_541",2.97515553864103,"EMIG_762_543",2.25737392358156,"EMIG_760_541",2.97515553864103,"EMIG_852_626",1.53150971441354,NA,42.37414195,-111.5537104,42.37413963,-111.5536744,NA,94.9672892282444,42.374126,-111.5536934,NA,141.68106689053,42.37413963,-111.5536744,NA,94.9672892282444,42.3741448,-111.5537286,NA,-78.0748610761555,0,1,0,3,7,6,2,5
"402","EMIG",852,"ABLA",NA,4.2,0,0,"0",1,1,1,1,"0","0","0","BO",NA,NA,0,0,"0","0","0","0",0,0,0,0,"0","0","0",NA,0,0,0,0,"0","0","0",NA,0,0,0,1,"0","0","0",NA,0,0,0,0,"0","0","0",NA,0,0,0,0,"0","0","0",NA,0,0,0,0,"0","0","0",NA,NA,NA,NA,NA,1,2,3,4,NA,NA,NA,NA,0,0,0,1,1,"EMIG852",2583,852,NA,"Point",2220.513,NA,0.164494342391073,0,0,0,1,"EMIG_852_626","EMIG_845_619",3.93347065584309,"EMIG_851_625",1.53150971441354,"EMIG_760_541",4.49921322655335,"EMIG_850_624",1.53150971441354,NA,42.3741448,-111.5537286,42.37410941,-111.5537307,NA,-177.48070401402,42.37414195,-111.5537104,NA,101.925126657608,42.37413963,-111.5536744,NA,97.3305473962441,42.37414195,-111.5537104,NA,101.925126657608,0,0,0,1,1,1,0,0
"403","EMIG",349,"ABLA",3.6,10.7,1.7,0,"0",1,1,1,1,"0","0","0","0",NA,NA,0,0,"0","0","0","0",0,0,0,0,"0",NA,"0",NA,0,0,0,0,"0",NA,"0",NA,0,0,0,0,"0",NA,"0",NA,0,0,0,0,"0",NA,"0",NA,0,0,0,0,"0",NA,"0",NA,0,0,0,0,"0",NA,"0",NA,"located near 350","located near 350","located near 350","located near 350",1,2,3,4,NA,NA,NA,NA,0,0,0,0,0,"EMIG349",2334,349,NA,"Point",2210.884,NA,0.20625475475888,0,0,0,0,"EMIG_349_627","EMIG_601_393",2.56896770791338,"EMIG_601_393",2.56896770791338,"EMIG_477_300",15.0101809972391,"EMIG_350_384",0.528801861672335,NA,42.37385666,-111.5533871,42.37385479,-111.5534182,NA,-94.6361127287311,42.37385479,-111.5534182,NA,-94.6361127287311,42.37392036,-111.5532263,NA,61.8860645586641,42.3738519,-111.5533869,NA,178.215548160845,0,0,0,0,1,1,0,2
"404","EMIG",579,"ABLA",2,9.1,2.4,0,"0",1,1,1,1,"0","0","0","0",NA,NA,0,0,"0","0","0","0",0,0,0,0,"0","0","0",NA,0,0,0,0,"0","0","0",NA,0,0,0,0,"0","0","0",NA,0,0,0,0,"0","0","0",NA,0,0,0,0,"0","0","0",NA,0,0,0,0,"0","0","0",NA,NA,NA,NA,NA,1,2,3,4,NA,NA,NA,NA,0,0,0,0,0,"EMIG579",2306,579,NA,"Point",2212.766,NA,0.211742440621452,0,0,0,0,"EMIG_579_628","EMIG_594_376",5.0437667225864,"EMIG_581_365",3.39811813966289,"EMIG_477_300",9.45370896585944,"EMIG_578_362",1.31874596359106,NA,42.37385654,-111.5533023,42.37381995,-111.5533386,NA,-143.661647930971,42.37382595,-111.5533011,NA,178.333897257464,42.37392036,-111.5532263,NA,41.4441816250837,42.37385599,-111.5533183,NA,-92.6543245481212,0,0,0,0,1,1,0,3
"405","EMIG",626,"ABLA",15.9,NA,NA,0,"0",NA,NA,1,1,NA,NA,"0","0",NA,NA,0,0,NA,NA,"0","0",NA,NA,0,0,NA,NA,"0",NA,NA,NA,0,0,NA,NA,"0",NA,NA,NA,0,0,NA,NA,"0",NA,NA,NA,0,0,NA,NA,"0",NA,NA,NA,0,0,NA,NA,"0",NA,NA,NA,0,0,NA,NA,"0",NA,NA,NA,NA,NA,NA,NA,3,4,NA,NA,NA,NA,NA,NA,0,0,NA,"EMIG626",2366,626,NA,"Point",2212.852,NA,0.195702663115017,NA,NA,0,0,"EMIG_626_629","EMIG_601_393",8.76520600702297,"EMIG_601_393",8.76520600702297,"EMIG_821_599",18.113662156542,"EMIG_631_420",3.41643482851779,NA,42.37391154,-111.5534922,42.37385479,-111.5534182,NA,135.965160746629,42.37385479,-111.5534182,NA,135.965160746629,42.37391259,-111.5537122,NA,-89.6311317025353,42.37393224,-111.5534615,NA,47.7180588790272,NA,NA,0,0,1,1,0,2
