source,Site ID_Visit1,Tag #_Visit1,Species_Visit1,DBH_Visit1,Height_Visit1,Canopy Height_Visit1,Dead / Alive_Visit1,Inf Location_Visit1,Gouting_Visit1,Broom (#)_Visit1,Beetle_Visit1,Rot_Visit1,NL_Visit1,NLW_Visit1,NM_Visit1,NMW_Visit1,NH_Visit1,NHW_Visit1,SL_Visit1,SLW_Visit1,SM_Visit1,SMW_Visit1,SH_Visit1,SHW_Visit1,Notes_Visit1,Visit_Visit1,tag_ID,Latitude.focal,Longitude.focal,Site ID_Visit2,Tag #_Visit2,Species_Visit2,DBH_Visit2,Height_Visit2,Canopy Height_Visit2,Dead / Alive_Visit2,Inf Location_Visit2,Gouting_Visit2,Broom (#)_Visit2,Beetle_Visit2,Rot_Visit2,NL_Visit2,NLW_Visit2,NM_Visit2,NMW_Visit2,NH_Visit2,NHW_Visit2,SL_Visit2,SLW_Visit2,SM_Visit2,SMW_Visit2,SH_Visit2,SHW_Visit2,Notes_Visit2,Visit_Visit2,ChangeInVariable,Number,Tag #,Description,GeometryType,Elevation,GeoidOffset,distance,unique_ID,TARGET,DISTANCE,TARGET2,DISTANCE2,geometry.x,Latitude.target,Longitude.target,geometry.y,bearings1,Latitude.target2,Longitude.target2,geometry,bearings2,infestation_sum_Visit1_focal,infestation_sum_Visit2_focal,inf_sum_Visit1_target,inf_sum_Visit2_target
1,EMIG,4,psmeg,15.3,70.8,5.3,1,NA,NA,3,-,-,NA,-,NA,-,NA,-,NA,-,NA,-,NA,-,NA,1,PSMEG4,4691436.511,454427.2414,NA,NA,NA,NA,NA,NA,NA,NA,NA,NA,NA,NA,NA,NA,NA,NA,NA,NA,NA,NA,NA,NA,NA,NA,NA,NA,NA,NA,NA,NA,NA,NA,NA,NA,NA,NA,NA,NA,NA,NA,NA,NA,NA,NA,NA,NA,NA,NA,NA,NA,NA,NA
1,EMIG,8,psmeg,10.6,50.5,13.6,1,NA,NA,0,-,-,NA,-,NA,-,NA,-,NA,-,NA,-,NA,-,NA,1,PSMEG8,4691460.055,454433.4298,NA,NA,NA,NA,NA,NA,NA,NA,NA,NA,NA,NA,NA,NA,NA,NA,NA,NA,NA,NA,NA,NA,NA,NA,NA,NA,NA,NA,NA,NA,NA,NA,NA,NA,NA,NA,NA,NA,NA,NA,NA,NA,NA,NA,NA,NA,NA,NA,NA,NA,NA,NA
1,EMIG,5,psmeg,17.4,80.9,0,1,NA,NA,0,-,-,NA,-,NA,-,NA,-,NA,-,NA,-,NA,-,10 DB,1,PSMEG5,4691458.26,454412.9662,NA,NA,NA,NA,NA,NA,NA,NA,NA,NA,NA,NA,NA,NA,NA,NA,NA,NA,NA,NA,NA,NA,NA,NA,NA,NA,NA,NA,NA,NA,NA,NA,NA,NA,NA,NA,NA,NA,NA,NA,NA,NA,NA,NA,NA,NA,NA,NA,NA,NA,NA,NA
1,EMIG,1,pico,4.1,25.3,0.4,1,NA,NA,0,NA,NA,NA,NA,NA,NA,NA,NA,NA,NA,NA,NA,NA,NA,NA,1,PICO1,4691474.379,454447.1494,NA,NA,NA,NA,NA,NA,NA,NA,NA,NA,NA,NA,NA,NA,NA,NA,NA,NA,NA,NA,NA,NA,NA,NA,NA,NA,NA,NA,NA,NA,NA,NA,NA,NA,NA,NA,NA,NA,NA,NA,NA,NA,NA,NA,NA,NA,NA,NA,NA,NA,NA,NA
1,EMIG,2,pico,5.9,28.1,2.7,1,NA,NA,0,NA,NA,NA,NA,NA,NA,NA,NA,NA,NA,NA,NA,NA,NA,NA,1,PICO2,4691474.383,454445.9803,NA,NA,NA,NA,NA,NA,NA,NA,NA,NA,NA,NA,NA,NA,NA,NA,NA,NA,NA,NA,NA,NA,NA,NA,NA,NA,NA,NA,NA,NA,NA,NA,NA,NA,NA,NA,NA,NA,NA,NA,NA,NA,NA,NA,NA,NA,NA,NA,NA,NA,NA,NA
1,EMIG,3,pico,3.2,19.9,4.6,1,NA,NA,0,NA,NA,NA,NA,NA,NA,NA,NA,NA,NA,NA,NA,NA,NA,NA,1,PICO3,4691474.67,454444.4837,NA,NA,NA,NA,NA,NA,NA,NA,NA,NA,NA,NA,NA,NA,NA,NA,NA,NA,NA,NA,NA,NA,NA,NA,NA,NA,NA,NA,NA,NA,NA,NA,NA,NA,NA,NA,NA,NA,NA,NA,NA,NA,NA,NA,NA,NA,NA,NA,NA,NA,NA,NA
1,EMIG,4,pico,5.1,25.1,4.5,1,NA,NA,0,NA,NA,NA,NA,NA,NA,NA,NA,NA,NA,NA,NA,NA,NA,NA,1,PICO4,4691475.148,454444.2398,NA,NA,NA,NA,NA,NA,NA,NA,NA,NA,NA,NA,NA,NA,NA,NA,NA,NA,NA,NA,NA,NA,NA,NA,NA,NA,NA,NA,NA,NA,NA,NA,NA,NA,NA,NA,NA,NA,NA,NA,NA,NA,NA,NA,NA,NA,NA,NA,NA,NA,NA,NA
1,EMIG,5,pico,3.1,23.5,7.6,1,NA,NA,0,NA,NA,NA,NA,NA,NA,NA,NA,NA,NA,NA,NA,NA,NA,NA,1,PICO5,4691474.568,454443.4785,NA,NA,NA,NA,NA,NA,NA,NA,NA,NA,NA,NA,NA,NA,NA,NA,NA,NA,NA,NA,NA,NA,NA,NA,NA,NA,NA,NA,NA,NA,NA,NA,NA,NA,NA,NA,NA,NA,NA,NA,NA,NA,NA,NA,NA,NA,NA,NA,NA,NA,NA,NA
1,EMIG,6,pico,2.2,14.7,2.8,1,NA,NA,0,NA,NA,NA,NA,NA,NA,NA,NA,NA,NA,NA,NA,NA,NA,NA,1,PICO6,4691474.041,454443.5409,NA,NA,NA,NA,NA,NA,NA,NA,NA,NA,NA,NA,NA,NA,NA,NA,NA,NA,NA,NA,NA,NA,NA,NA,NA,NA,NA,NA,NA,NA,NA,NA,NA,NA,NA,NA,NA,NA,NA,NA,NA,NA,NA,NA,NA,NA,NA,NA,NA,NA,NA,NA
1,EMIG,7,pico,1.6,NA,NA,1,NA,NA,0,NA,NA,NA,NA,NA,NA,NA,NA,NA,NA,NA,NA,NA,NA,NA,1,PICO7,4691466.189,454441.2668,NA,NA,NA,NA,NA,NA,NA,NA,NA,NA,NA,NA,NA,NA,NA,NA,NA,NA,NA,NA,NA,NA,NA,NA,NA,NA,NA,NA,NA,NA,NA,NA,NA,NA,NA,NA,NA,NA,NA,NA,NA,NA,NA,NA,NA,NA,NA,NA,NA,NA,NA,NA
1,EMIG,8,pico,15.9,106.4,49.6,1,NA,NA,0,NA,NA,NA,NA,NA,NA,NA,NA,NA,NA,NA,NA,NA,NA,NA,1,PICO8,4691462.478,454444.7666,NA,NA,NA,NA,NA,NA,NA,NA,NA,NA,NA,NA,NA,NA,NA,NA,NA,NA,NA,NA,NA,NA,NA,NA,NA,NA,NA,NA,NA,NA,NA,NA,NA,NA,NA,NA,NA,NA,NA,NA,NA,NA,NA,NA,NA,NA,NA,NA,NA,NA,NA,NA
1,EMIG,9,pico,1,NA,NA,1,NA,NA,0,NA,NA,NA,NA,NA,NA,NA,NA,NA,NA,NA,NA,NA,NA,NA,1,PICO9,4691461.143,454443.7205,NA,NA,NA,NA,NA,NA,NA,NA,NA,NA,NA,NA,NA,NA,NA,NA,NA,NA,NA,NA,NA,NA,NA,NA,NA,NA,NA,NA,NA,NA,NA,NA,NA,NA,NA,NA,NA,NA,NA,NA,NA,NA,NA,NA,NA,NA,NA,NA,NA,NA,NA,NA
1,EMIG,10,pico,1.2,NA,NA,1,NA,NA,0,NA,NA,NA,NA,NA,NA,NA,NA,NA,NA,NA,NA,NA,NA,NA,1,PICO10,4691460.925,454445.4234,NA,NA,NA,NA,NA,NA,NA,NA,NA,NA,NA,NA,NA,NA,NA,NA,NA,NA,NA,NA,NA,NA,NA,NA,NA,NA,NA,NA,NA,NA,NA,NA,NA,NA,NA,NA,NA,NA,NA,NA,NA,NA,NA,NA,NA,NA,NA,NA,NA,NA,NA,NA
1,EMIG,1,potr,3.2,14.5,10.1,1,NA,NA,0,NA,NA,NA,NA,NA,NA,NA,NA,NA,NA,NA,NA,NA,NA,NA,1,POTR1,4691462.551,454443.8861,NA,NA,NA,NA,NA,NA,NA,NA,NA,NA,NA,NA,NA,NA,NA,NA,NA,NA,NA,NA,NA,NA,NA,NA,NA,NA,NA,NA,NA,NA,NA,NA,NA,NA,NA,NA,NA,NA,NA,NA,NA,NA,NA,NA,NA,NA,NA,NA,NA,NA,NA,NA
1,EMIG,11,pico,3.4,30.7,7.4,1,NA,NA,0,NA,NA,NA,NA,NA,NA,NA,NA,NA,NA,NA,NA,NA,NA,NA,1,PICO11,4691462.19,454442.7475,NA,NA,NA,NA,NA,NA,NA,NA,NA,NA,NA,NA,NA,NA,NA,NA,NA,NA,NA,NA,NA,NA,NA,NA,NA,NA,NA,NA,NA,NA,NA,NA,NA,NA,NA,NA,NA,NA,NA,NA,NA,NA,NA,NA,NA,NA,NA,NA,NA,NA,NA,NA
1,EMIG,2,potr,2.8,20.7,9.3,1,NA,NA,0,NA,NA,NA,NA,NA,NA,NA,NA,NA,NA,NA,NA,NA,NA,NA,1,POTR2,4691454.524,454441.5531,NA,NA,NA,NA,NA,NA,NA,NA,NA,NA,NA,NA,NA,NA,NA,NA,NA,NA,NA,NA,NA,NA,NA,NA,NA,NA,NA,NA,NA,NA,NA,NA,NA,NA,NA,NA,NA,NA,NA,NA,NA,NA,NA,NA,NA,NA,NA,NA,NA,NA,NA,NA
1,EMIG,3,potr,3.2,30.1,14.4,1,NA,NA,0,NA,NA,NA,NA,NA,NA,NA,NA,NA,NA,NA,NA,NA,NA,NA,1,POTR3,4691456.426,454445.4188,NA,NA,NA,NA,NA,NA,NA,NA,NA,NA,NA,NA,NA,NA,NA,NA,NA,NA,NA,NA,NA,NA,NA,NA,NA,NA,NA,NA,NA,NA,NA,NA,NA,NA,NA,NA,NA,NA,NA,NA,NA,NA,NA,NA,NA,NA,NA,NA,NA,NA,NA,NA
1,EMIG,4,potr,2.4,25.3,15.8,1,NA,NA,0,NA,NA,NA,NA,NA,NA,NA,NA,NA,NA,NA,NA,NA,NA,NA,1,POTR4,4691458.084,454445.0426,NA,NA,NA,NA,NA,NA,NA,NA,NA,NA,NA,NA,NA,NA,NA,NA,NA,NA,NA,NA,NA,NA,NA,NA,NA,NA,NA,NA,NA,NA,NA,NA,NA,NA,NA,NA,NA,NA,NA,NA,NA,NA,NA,NA,NA,NA,NA,NA,NA,NA,NA,NA
1,EMIG,1,psmeg,14.9,86.5,10.8,1,NA,NA,0,NA,NA,NA,NA,NA,NA,NA,NA,NA,NA,NA,NA,NA,NA,NA,1,PSMEG1,4691458.296,454447.1847,NA,NA,NA,NA,NA,NA,NA,NA,NA,NA,NA,NA,NA,NA,NA,NA,NA,NA,NA,NA,NA,NA,NA,NA,NA,NA,NA,NA,NA,NA,NA,NA,NA,NA,NA,NA,NA,NA,NA,NA,NA,NA,NA,NA,NA,NA,NA,NA,NA,NA,NA,NA
1,EMIG,12,pico,18.2,95.8,50.4,1,NA,NA,0,NA,NA,NA,NA,NA,NA,NA,NA,NA,NA,NA,NA,NA,NA,NA,1,PICO12,4691460.193,454447.0488,NA,NA,NA,NA,NA,NA,NA,NA,NA,NA,NA,NA,NA,NA,NA,NA,NA,NA,NA,NA,NA,NA,NA,NA,NA,NA,NA,NA,NA,NA,NA,NA,NA,NA,NA,NA,NA,NA,NA,NA,NA,NA,NA,NA,NA,NA,NA,NA,NA,NA,NA,NA
1,EMIG,13,pico,18.7,93.8,33.9,1,NA,NA,0,NA,NA,NA,NA,NA,NA,NA,NA,NA,NA,NA,NA,NA,NA,NA,1,PICO13,4691457.926,454446.6883,NA,NA,NA,NA,NA,NA,NA,NA,NA,NA,NA,NA,NA,NA,NA,NA,NA,NA,NA,NA,NA,NA,NA,NA,NA,NA,NA,NA,NA,NA,NA,NA,NA,NA,NA,NA,NA,NA,NA,NA,NA,NA,NA,NA,NA,NA,NA,NA,NA,NA,NA,NA
1,EMIG,5,potr,2.8,28.9,12.8,1,NA,NA,0,NA,NA,NA,NA,NA,NA,NA,NA,NA,NA,NA,NA,NA,NA,NA,1,POTR5,4691456.724,454448.7965,NA,NA,NA,NA,NA,NA,NA,NA,NA,NA,NA,NA,NA,NA,NA,NA,NA,NA,NA,NA,NA,NA,NA,NA,NA,NA,NA,NA,NA,NA,NA,NA,NA,NA,NA,NA,NA,NA,NA,NA,NA,NA,NA,NA,NA,NA,NA,NA,NA,NA,NA,NA
1,EMIG,6,potr,3.6,30.2,19.8,1,NA,NA,0,NA,NA,NA,NA,NA,NA,NA,NA,NA,NA,NA,NA,NA,NA,NA,1,POTR6,4691455.83,454447.9097,NA,NA,NA,NA,NA,NA,NA,NA,NA,NA,NA,NA,NA,NA,NA,NA,NA,NA,NA,NA,NA,NA,NA,NA,NA,NA,NA,NA,NA,NA,NA,NA,NA,NA,NA,NA,NA,NA,NA,NA,NA,NA,NA,NA,NA,NA,NA,NA,NA,NA,NA,NA
1,EMIG,7,potr,5.1,33.3,16.7,1,NA,NA,0,NA,NA,NA,NA,NA,NA,NA,NA,NA,NA,NA,NA,NA,NA,NA,1,POTR7,4691455.523,454448.4099,NA,NA,NA,NA,NA,NA,NA,NA,NA,NA,NA,NA,NA,NA,NA,NA,NA,NA,NA,NA,NA,NA,NA,NA,NA,NA,NA,NA,NA,NA,NA,NA,NA,NA,NA,NA,NA,NA,NA,NA,NA,NA,NA,NA,NA,NA,NA,NA,NA,NA,NA,NA
1,EMIG,8,potr,2.2,NA,NA,0,NA,NA,0,NA,NA,NA,NA,NA,NA,NA,NA,NA,NA,NA,NA,NA,NA,Bent,1,POTR8,4691457.463,454449.7069,NA,NA,NA,NA,NA,NA,NA,NA,NA,NA,NA,NA,NA,NA,NA,NA,NA,NA,NA,NA,NA,NA,NA,NA,NA,NA,NA,NA,NA,NA,NA,NA,NA,NA,NA,NA,NA,NA,NA,NA,NA,NA,NA,NA,NA,NA,NA,NA,NA,NA,NA,NA
1,EMIG,9,potr,3.9,27.2,13.2,1,NA,NA,0,NA,NA,NA,NA,NA,NA,NA,NA,NA,NA,NA,NA,NA,NA,NA,1,POTR9,4691457.955,454452.2955,NA,NA,NA,NA,NA,NA,NA,NA,NA,NA,NA,NA,NA,NA,NA,NA,NA,NA,NA,NA,NA,NA,NA,NA,NA,NA,NA,NA,NA,NA,NA,NA,NA,NA,NA,NA,NA,NA,NA,NA,NA,NA,NA,NA,NA,NA,NA,NA,NA,NA,NA,NA
1,EMIG,10,potr,NA,NA,NA,1,NA,NA,0,NA,NA,NA,NA,NA,NA,NA,NA,NA,NA,NA,NA,NA,NA,7 trees,1,POTR10,4691461.073,454454.0036,NA,NA,NA,NA,NA,NA,NA,NA,NA,NA,NA,NA,NA,NA,NA,NA,NA,NA,NA,NA,NA,NA,NA,NA,NA,NA,NA,NA,NA,NA,NA,NA,NA,NA,NA,NA,NA,NA,NA,NA,NA,NA,NA,NA,NA,NA,NA,NA,NA,NA,NA,NA
1,EMIG,11,potr,4.2,32.8,14.1,1,NA,NA,0,NA,NA,NA,NA,NA,NA,NA,NA,NA,NA,NA,NA,NA,NA,NA,1,POTR11,4691459.3,454456.6021,NA,NA,NA,NA,NA,NA,NA,NA,NA,NA,NA,NA,NA,NA,NA,NA,NA,NA,NA,NA,NA,NA,NA,NA,NA,NA,NA,NA,NA,NA,NA,NA,NA,NA,NA,NA,NA,NA,NA,NA,NA,NA,NA,NA,NA,NA,NA,NA,NA,NA,NA,NA
1,EMIG,12,potr,3.6,29.7,13.8,1,NA,NA,0,NA,NA,NA,NA,NA,NA,NA,NA,NA,NA,NA,NA,NA,NA,NA,1,POTR12,4691457.711,454455.6696,NA,NA,NA,NA,NA,NA,NA,NA,NA,NA,NA,NA,NA,NA,NA,NA,NA,NA,NA,NA,NA,NA,NA,NA,NA,NA,NA,NA,NA,NA,NA,NA,NA,NA,NA,NA,NA,NA,NA,NA,NA,NA,NA,NA,NA,NA,NA,NA,NA,NA,NA,NA
1,EMIG,13,potr,5.9,40.7,15.7,1,NA,NA,0,NA,NA,NA,NA,NA,NA,NA,NA,NA,NA,NA,NA,NA,NA,NA,1,POTR13,4691458.416,454458.0866,NA,NA,NA,NA,NA,NA,NA,NA,NA,NA,NA,NA,NA,NA,NA,NA,NA,NA,NA,NA,NA,NA,NA,NA,NA,NA,NA,NA,NA,NA,NA,NA,NA,NA,NA,NA,NA,NA,NA,NA,NA,NA,NA,NA,NA,NA,NA,NA,NA,NA,NA,NA
1,EMIG,14,potr,3.7,32,13.8,1,NA,NA,0,NA,NA,NA,NA,NA,NA,NA,NA,NA,NA,NA,NA,NA,NA,NA,1,POTR14,4691457.192,454458.4244,NA,NA,NA,NA,NA,NA,NA,NA,NA,NA,NA,NA,NA,NA,NA,NA,NA,NA,NA,NA,NA,NA,NA,NA,NA,NA,NA,NA,NA,NA,NA,NA,NA,NA,NA,NA,NA,NA,NA,NA,NA,NA,NA,NA,NA,NA,NA,NA,NA,NA,NA,NA
1,EMIG,15,potr,4.3,33.9,16.8,1,NA,NA,0,NA,NA,NA,NA,NA,NA,NA,NA,NA,NA,NA,NA,NA,NA,NA,1,POTR15,4691454.871,454458.5328,NA,NA,NA,NA,NA,NA,NA,NA,NA,NA,NA,NA,NA,NA,NA,NA,NA,NA,NA,NA,NA,NA,NA,NA,NA,NA,NA,NA,NA,NA,NA,NA,NA,NA,NA,NA,NA,NA,NA,NA,NA,NA,NA,NA,NA,NA,NA,NA,NA,NA,NA,NA
1,EMIG,16,potr,2.7,20.5,11.9,1,NA,NA,0,NA,NA,NA,NA,NA,NA,NA,NA,NA,NA,NA,NA,NA,NA,NA,1,POTR16,4691454.873,454457.2896,NA,NA,NA,NA,NA,NA,NA,NA,NA,NA,NA,NA,NA,NA,NA,NA,NA,NA,NA,NA,NA,NA,NA,NA,NA,NA,NA,NA,NA,NA,NA,NA,NA,NA,NA,NA,NA,NA,NA,NA,NA,NA,NA,NA,NA,NA,NA,NA,NA,NA,NA,NA
1,EMIG,17,potr,5,27.2,12.3,1,NA,NA,0,NA,NA,NA,NA,NA,NA,NA,NA,NA,NA,NA,NA,NA,NA,NA,1,POTR17,4691455.936,454456.0615,NA,NA,NA,NA,NA,NA,NA,NA,NA,NA,NA,NA,NA,NA,NA,NA,NA,NA,NA,NA,NA,NA,NA,NA,NA,NA,NA,NA,NA,NA,NA,NA,NA,NA,NA,NA,NA,NA,NA,NA,NA,NA,NA,NA,NA,NA,NA,NA,NA,NA,NA,NA
1,EMIG,18,potr,2.6,19.9,12.2,1,NA,NA,0,NA,NA,NA,NA,NA,NA,NA,NA,NA,NA,NA,NA,NA,NA,NA,1,POTR18,4691451.334,454455.1011,NA,NA,NA,NA,NA,NA,NA,NA,NA,NA,NA,NA,NA,NA,NA,NA,NA,NA,NA,NA,NA,NA,NA,NA,NA,NA,NA,NA,NA,NA,NA,NA,NA,NA,NA,NA,NA,NA,NA,NA,NA,NA,NA,NA,NA,NA,NA,NA,NA,NA,NA,NA
1,EMIG,19,potr,4.4,36.6,15,1,NA,NA,0,NA,NA,NA,NA,NA,NA,NA,NA,NA,NA,NA,NA,NA,NA,NA,1,POTR19,4691451.267,454454.2527,NA,NA,NA,NA,NA,NA,NA,NA,NA,NA,NA,NA,NA,NA,NA,NA,NA,NA,NA,NA,NA,NA,NA,NA,NA,NA,NA,NA,NA,NA,NA,NA,NA,NA,NA,NA,NA,NA,NA,NA,NA,NA,NA,NA,NA,NA,NA,NA,NA,NA,NA,NA
1,EMIG,20,potr,4.5,37.3,19.5,1,NA,NA,0,NA,NA,NA,NA,NA,NA,NA,NA,NA,NA,NA,NA,NA,NA,NA,1,POTR20,4691448.957,454456.3783,NA,NA,NA,NA,NA,NA,NA,NA,NA,NA,NA,NA,NA,NA,NA,NA,NA,NA,NA,NA,NA,NA,NA,NA,NA,NA,NA,NA,NA,NA,NA,NA,NA,NA,NA,NA,NA,NA,NA,NA,NA,NA,NA,NA,NA,NA,NA,NA,NA,NA,NA,NA
1,EMIG,21,potr,4.9,38.8,19.8,1,NA,NA,0,NA,NA,NA,NA,NA,NA,NA,NA,NA,NA,NA,NA,NA,NA,NA,1,POTR21,4691448.453,454456.5068,NA,NA,NA,NA,NA,NA,NA,NA,NA,NA,NA,NA,NA,NA,NA,NA,NA,NA,NA,NA,NA,NA,NA,NA,NA,NA,NA,NA,NA,NA,NA,NA,NA,NA,NA,NA,NA,NA,NA,NA,NA,NA,NA,NA,NA,NA,NA,NA,NA,NA,NA,NA
1,EMIG,22,potr,2.8,26.1,17.1,1,NA,NA,0,NA,NA,NA,NA,NA,NA,NA,NA,NA,NA,NA,NA,NA,NA,NA,1,POTR22,4691448.66,454456.3929,NA,NA,NA,NA,NA,NA,NA,NA,NA,NA,NA,NA,NA,NA,NA,NA,NA,NA,NA,NA,NA,NA,NA,NA,NA,NA,NA,NA,NA,NA,NA,NA,NA,NA,NA,NA,NA,NA,NA,NA,NA,NA,NA,NA,NA,NA,NA,NA,NA,NA,NA,NA
1,EMIG,23,potr,4.2,31.5,18.4,1,NA,NA,0,NA,NA,NA,NA,NA,NA,NA,NA,NA,NA,NA,NA,NA,NA,NA,1,POTR23,4691446.797,454457.9945,NA,NA,NA,NA,NA,NA,NA,NA,NA,NA,NA,NA,NA,NA,NA,NA,NA,NA,NA,NA,NA,NA,NA,NA,NA,NA,NA,NA,NA,NA,NA,NA,NA,NA,NA,NA,NA,NA,NA,NA,NA,NA,NA,NA,NA,NA,NA,NA,NA,NA,NA,NA
1,EMIG,24,potr,3.6,32.1,18.6,1,NA,NA,0,NA,NA,NA,NA,NA,NA,NA,NA,NA,NA,NA,NA,NA,NA,NA,1,POTR24,4691446.358,454457.4976,NA,NA,NA,NA,NA,NA,NA,NA,NA,NA,NA,NA,NA,NA,NA,NA,NA,NA,NA,NA,NA,NA,NA,NA,NA,NA,NA,NA,NA,NA,NA,NA,NA,NA,NA,NA,NA,NA,NA,NA,NA,NA,NA,NA,NA,NA,NA,NA,NA,NA,NA,NA
1,EMIG,25,potr,4.4,34.4,19.8,1,NA,NA,0,NA,NA,NA,NA,NA,NA,NA,NA,NA,NA,NA,NA,NA,NA,NA,1,POTR25,4691446.234,454460.0081,NA,NA,NA,NA,NA,NA,NA,NA,NA,NA,NA,NA,NA,NA,NA,NA,NA,NA,NA,NA,NA,NA,NA,NA,NA,NA,NA,NA,NA,NA,NA,NA,NA,NA,NA,NA,NA,NA,NA,NA,NA,NA,NA,NA,NA,NA,NA,NA,NA,NA,NA,NA
1,EMIG,26,potr,3.9,24.1,15.5,1,NA,NA,0,NA,NA,NA,NA,NA,NA,NA,NA,NA,NA,NA,NA,NA,NA,NA,1,POTR26,4691445.576,454459.9379,NA,NA,NA,NA,NA,NA,NA,NA,NA,NA,NA,NA,NA,NA,NA,NA,NA,NA,NA,NA,NA,NA,NA,NA,NA,NA,NA,NA,NA,NA,NA,NA,NA,NA,NA,NA,NA,NA,NA,NA,NA,NA,NA,NA,NA,NA,NA,NA,NA,NA,NA,NA
1,EMIG,27,potr,2.7,21.2,12.9,1,NA,NA,0,NA,NA,NA,NA,NA,NA,NA,NA,NA,NA,NA,NA,NA,NA,NA,1,POTR27,4691444.912,454458.1222,NA,NA,NA,NA,NA,NA,NA,NA,NA,NA,NA,NA,NA,NA,NA,NA,NA,NA,NA,NA,NA,NA,NA,NA,NA,NA,NA,NA,NA,NA,NA,NA,NA,NA,NA,NA,NA,NA,NA,NA,NA,NA,NA,NA,NA,NA,NA,NA,NA,NA,NA,NA
1,EMIG,28,potr,3.9,25,15.7,1,NA,NA,0,NA,NA,NA,NA,NA,NA,NA,NA,NA,NA,NA,NA,NA,NA,NA,1,POTR28,4691444.639,454457.0748,NA,NA,NA,NA,NA,NA,NA,NA,NA,NA,NA,NA,NA,NA,NA,NA,NA,NA,NA,NA,NA,NA,NA,NA,NA,NA,NA,NA,NA,NA,NA,NA,NA,NA,NA,NA,NA,NA,NA,NA,NA,NA,NA,NA,NA,NA,NA,NA,NA,NA,NA,NA
1,EMIG,29,potr,NA,NA,NA,1,NA,NA,0,NA,NA,NA,NA,NA,NA,NA,NA,NA,NA,NA,NA,NA,NA,1 tree,1,POTR29,4691444.469,454456.5632,NA,NA,NA,NA,NA,NA,NA,NA,NA,NA,NA,NA,NA,NA,NA,NA,NA,NA,NA,NA,NA,NA,NA,NA,NA,NA,NA,NA,NA,NA,NA,NA,NA,NA,NA,NA,NA,NA,NA,NA,NA,NA,NA,NA,NA,NA,NA,NA,NA,NA,NA,NA
1,EMIG,30,potr,5.2,39,19.2,1,NA,NA,0,NA,NA,NA,NA,NA,NA,NA,NA,NA,NA,NA,NA,NA,NA,NA,1,POTR30,4691444.614,454456.3748,NA,NA,NA,NA,NA,NA,NA,NA,NA,NA,NA,NA,NA,NA,NA,NA,NA,NA,NA,NA,NA,NA,NA,NA,NA,NA,NA,NA,NA,NA,NA,NA,NA,NA,NA,NA,NA,NA,NA,NA,NA,NA,NA,NA,NA,NA,NA,NA,NA,NA,NA,NA
1,EMIG,31,potr,4,26.2,12.2,1,NA,NA,0,NA,NA,NA,NA,NA,NA,NA,NA,NA,NA,NA,NA,NA,NA,NA,1,POTR31,4691444.463,454455.8798,NA,NA,NA,NA,NA,NA,NA,NA,NA,NA,NA,NA,NA,NA,NA,NA,NA,NA,NA,NA,NA,NA,NA,NA,NA,NA,NA,NA,NA,NA,NA,NA,NA,NA,NA,NA,NA,NA,NA,NA,NA,NA,NA,NA,NA,NA,NA,NA,NA,NA,NA,NA
1,EMIG,32,potr,6,40.9,17.8,1,NA,NA,0,NA,NA,NA,NA,NA,NA,NA,NA,NA,NA,NA,NA,NA,NA,NA,1,POTR32,4691446.312,454455.2002,NA,NA,NA,NA,NA,NA,NA,NA,NA,NA,NA,NA,NA,NA,NA,NA,NA,NA,NA,NA,NA,NA,NA,NA,NA,NA,NA,NA,NA,NA,NA,NA,NA,NA,NA,NA,NA,NA,NA,NA,NA,NA,NA,NA,NA,NA,NA,NA,NA,NA,NA,NA
1,EMIG,33,potr,2.1,11.9,9.9,1,NA,NA,0,NA,NA,NA,NA,NA,NA,NA,NA,NA,NA,NA,NA,NA,NA,NA,1,POTR33,4691449.596,454452.1011,NA,NA,NA,NA,NA,NA,NA,NA,NA,NA,NA,NA,NA,NA,NA,NA,NA,NA,NA,NA,NA,NA,NA,NA,NA,NA,NA,NA,NA,NA,NA,NA,NA,NA,NA,NA,NA,NA,NA,NA,NA,NA,NA,NA,NA,NA,NA,NA,NA,NA,NA,NA
1,EMIG,34,potr,2.6,18.3,10.4,1,NA,NA,0,NA,NA,NA,NA,NA,NA,NA,NA,NA,NA,NA,NA,NA,NA,NA,1,POTR34,4691451.515,454450.5739,NA,NA,NA,NA,NA,NA,NA,NA,NA,NA,NA,NA,NA,NA,NA,NA,NA,NA,NA,NA,NA,NA,NA,NA,NA,NA,NA,NA,NA,NA,NA,NA,NA,NA,NA,NA,NA,NA,NA,NA,NA,NA,NA,NA,NA,NA,NA,NA,NA,NA,NA,NA
1,EMIG,35,potr,5.7,42,14.5,1,NA,NA,0,NA,NA,NA,NA,NA,NA,NA,NA,NA,NA,NA,NA,NA,NA,NA,1,POTR35,4691452.407,454449.7975,NA,NA,NA,NA,NA,NA,NA,NA,NA,NA,NA,NA,NA,NA,NA,NA,NA,NA,NA,NA,NA,NA,NA,NA,NA,NA,NA,NA,NA,NA,NA,NA,NA,NA,NA,NA,NA,NA,NA,NA,NA,NA,NA,NA,NA,NA,NA,NA,NA,NA,NA,NA
1,EMIG,36,potr,2.7,19.2,13.9,1,NA,NA,0,NA,NA,NA,NA,NA,NA,NA,NA,NA,NA,NA,NA,NA,NA,NA,1,POTR36,4691453.457,454449.9773,NA,NA,NA,NA,NA,NA,NA,NA,NA,NA,NA,NA,NA,NA,NA,NA,NA,NA,NA,NA,NA,NA,NA,NA,NA,NA,NA,NA,NA,NA,NA,NA,NA,NA,NA,NA,NA,NA,NA,NA,NA,NA,NA,NA,NA,NA,NA,NA,NA,NA,NA,NA
1,EMIG,40,potr,2.4,18.4,11.3,1,NA,NA,0,NA,NA,NA,NA,NA,NA,NA,NA,NA,NA,NA,NA,NA,NA,NA,1,POTR40,4691453.318,454447.7945,NA,NA,NA,NA,NA,NA,NA,NA,NA,NA,NA,NA,NA,NA,NA,NA,NA,NA,NA,NA,NA,NA,NA,NA,NA,NA,NA,NA,NA,NA,NA,NA,NA,NA,NA,NA,NA,NA,NA,NA,NA,NA,NA,NA,NA,NA,NA,NA,NA,NA,NA,NA
1,EMIG,14,pico,3.9,19.9,1.3,1,NA,NA,0,NA,NA,NA,NA,NA,NA,NA,NA,NA,NA,NA,NA,NA,NA,NA,1,PICO14,4691450.775,454444.0811,NA,NA,NA,NA,NA,NA,NA,NA,NA,NA,NA,NA,NA,NA,NA,NA,NA,NA,NA,NA,NA,NA,NA,NA,NA,NA,NA,NA,NA,NA,NA,NA,NA,NA,NA,NA,NA,NA,NA,NA,NA,NA,NA,NA,NA,NA,NA,NA,NA,NA,NA,NA
1,EMIG,15,pico,2.9,19,4.5,1,NA,NA,0,NA,NA,NA,NA,NA,NA,NA,NA,NA,NA,NA,NA,NA,NA,NA,1,PICO15,4691450.251,454445.0328,NA,NA,NA,NA,NA,NA,NA,NA,NA,NA,NA,NA,NA,NA,NA,NA,NA,NA,NA,NA,NA,NA,NA,NA,NA,NA,NA,NA,NA,NA,NA,NA,NA,NA,NA,NA,NA,NA,NA,NA,NA,NA,NA,NA,NA,NA,NA,NA,NA,NA,NA,NA
1,EMIG,16,pico,2.2,18.7,1.6,1,NA,NA,0,NA,NA,NA,NA,NA,NA,NA,NA,NA,NA,NA,NA,NA,NA,NA,1,PICO16,4691449.601,454445.1109,NA,NA,NA,NA,NA,NA,NA,NA,NA,NA,NA,NA,NA,NA,NA,NA,NA,NA,NA,NA,NA,NA,NA,NA,NA,NA,NA,NA,NA,NA,NA,NA,NA,NA,NA,NA,NA,NA,NA,NA,NA,NA,NA,NA,NA,NA,NA,NA,NA,NA,NA,NA
1,EMIG,17,pico,5.2,25.1,5.1,1,NA,NA,0,NA,NA,NA,NA,NA,NA,NA,NA,NA,NA,NA,NA,NA,NA,NA,1,PICO17,4691449.366,454445.6198,NA,NA,NA,NA,NA,NA,NA,NA,NA,NA,NA,NA,NA,NA,NA,NA,NA,NA,NA,NA,NA,NA,NA,NA,NA,NA,NA,NA,NA,NA,NA,NA,NA,NA,NA,NA,NA,NA,NA,NA,NA,NA,NA,NA,NA,NA,NA,NA,NA,NA,NA,NA
1,EMIG,18,pico,2.1,17.1,2,1,NA,NA,0,NA,NA,NA,NA,NA,NA,NA,NA,NA,NA,NA,NA,NA,NA,NA,1,PICO18,4691449.301,454444.6067,NA,NA,NA,NA,NA,NA,NA,NA,NA,NA,NA,NA,NA,NA,NA,NA,NA,NA,NA,NA,NA,NA,NA,NA,NA,NA,NA,NA,NA,NA,NA,NA,NA,NA,NA,NA,NA,NA,NA,NA,NA,NA,NA,NA,NA,NA,NA,NA,NA,NA,NA,NA
1,EMIG,19,pico,NA,NA,NA,1,NA,NA,0,NA,NA,NA,NA,NA,NA,NA,NA,NA,NA,NA,NA,NA,NA,1 tree,1,PICO19,4691449.793,454444.0006,NA,NA,NA,NA,NA,NA,NA,NA,NA,NA,NA,NA,NA,NA,NA,NA,NA,NA,NA,NA,NA,NA,NA,NA,NA,NA,NA,NA,NA,NA,NA,NA,NA,NA,NA,NA,NA,NA,NA,NA,NA,NA,NA,NA,NA,NA,NA,NA,NA,NA,NA,NA
1,EMIG,41,potr,NA,NA,NA,1,NA,NA,0,NA,NA,NA,NA,NA,NA,NA,NA,NA,NA,NA,NA,NA,NA,6 trees,1,POTR41,4691442.928,454441.8317,NA,NA,NA,NA,NA,NA,NA,NA,NA,NA,NA,NA,NA,NA,NA,NA,NA,NA,NA,NA,NA,NA,NA,NA,NA,NA,NA,NA,NA,NA,NA,NA,NA,NA,NA,NA,NA,NA,NA,NA,NA,NA,NA,NA,NA,NA,NA,NA,NA,NA,NA,NA
1,EMIG,42,potr,3.6,23.9,13.2,1,NA,NA,0,NA,NA,NA,NA,NA,NA,NA,NA,NA,NA,NA,NA,NA,NA,NA,1,POTR42,4691442.482,454444.2495,NA,NA,NA,NA,NA,NA,NA,NA,NA,NA,NA,NA,NA,NA,NA,NA,NA,NA,NA,NA,NA,NA,NA,NA,NA,NA,NA,NA,NA,NA,NA,NA,NA,NA,NA,NA,NA,NA,NA,NA,NA,NA,NA,NA,NA,NA,NA,NA,NA,NA,NA,NA
1,EMIG,43,potr,2,14.4,7.4,1,NA,NA,0,NA,NA,NA,NA,NA,NA,NA,NA,NA,NA,NA,NA,NA,NA,NA,1,POTR43,4691440.258,454442.8847,NA,NA,NA,NA,NA,NA,NA,NA,NA,NA,NA,NA,NA,NA,NA,NA,NA,NA,NA,NA,NA,NA,NA,NA,NA,NA,NA,NA,NA,NA,NA,NA,NA,NA,NA,NA,NA,NA,NA,NA,NA,NA,NA,NA,NA,NA,NA,NA,NA,NA,NA,NA
1,EMIG,44,potr,NA,NA,NA,1,NA,NA,0,NA,NA,NA,NA,NA,NA,NA,NA,NA,NA,NA,NA,NA,NA,3 trees,1,POTR44,4691443.549,454447.8133,NA,NA,NA,NA,NA,NA,NA,NA,NA,NA,NA,NA,NA,NA,NA,NA,NA,NA,NA,NA,NA,NA,NA,NA,NA,NA,NA,NA,NA,NA,NA,NA,NA,NA,NA,NA,NA,NA,NA,NA,NA,NA,NA,NA,NA,NA,NA,NA,NA,NA,NA,NA
1,EMIG,46,potr,NA,NA,NA,1,NA,NA,0,NA,NA,NA,NA,NA,NA,NA,NA,NA,NA,NA,NA,NA,NA,2 trees,1,POTR46,4691444.697,454448.0183,NA,NA,NA,NA,NA,NA,NA,NA,NA,NA,NA,NA,NA,NA,NA,NA,NA,NA,NA,NA,NA,NA,NA,NA,NA,NA,NA,NA,NA,NA,NA,NA,NA,NA,NA,NA,NA,NA,NA,NA,NA,NA,NA,NA,NA,NA,NA,NA,NA,NA,NA,NA
1,EMIG,47,potr,4.8,37.8,15,1,NA,NA,0,NA,NA,NA,NA,NA,NA,NA,NA,NA,NA,NA,NA,NA,NA,NA,1,POTR47,4691440.101,454456.2713,NA,NA,NA,NA,NA,NA,NA,NA,NA,NA,NA,NA,NA,NA,NA,NA,NA,NA,NA,NA,NA,NA,NA,NA,NA,NA,NA,NA,NA,NA,NA,NA,NA,NA,NA,NA,NA,NA,NA,NA,NA,NA,NA,NA,NA,NA,NA,NA,NA,NA,NA,NA
1,EMIG,48,potr,NA,NA,NA,1,NA,NA,0,NA,NA,NA,NA,NA,NA,NA,NA,NA,NA,NA,NA,NA,NA,1 tree,1,POTR48,4691440.781,454457.7084,NA,NA,NA,NA,NA,NA,NA,NA,NA,NA,NA,NA,NA,NA,NA,NA,NA,NA,NA,NA,NA,NA,NA,NA,NA,NA,NA,NA,NA,NA,NA,NA,NA,NA,NA,NA,NA,NA,NA,NA,NA,NA,NA,NA,NA,NA,NA,NA,NA,NA,NA,NA
1,EMIG,49,potr,1.8,NA,NA,1,NA,NA,0,NA,NA,NA,NA,NA,NA,NA,NA,NA,NA,NA,NA,NA,NA,NA,1,POTR49,4691434.946,454450.3508,NA,NA,NA,NA,NA,NA,NA,NA,NA,NA,NA,NA,NA,NA,NA,NA,NA,NA,NA,NA,NA,NA,NA,NA,NA,NA,NA,NA,NA,NA,NA,NA,NA,NA,NA,NA,NA,NA,NA,NA,NA,NA,NA,NA,NA,NA,NA,NA,NA,NA,NA,NA
1,EMIG,50,potr,NA,NA,NA,1,NA,NA,0,NA,NA,NA,NA,NA,NA,NA,NA,NA,NA,NA,NA,NA,NA,3 trees,1,POTR50,4691434.144,454447.9661,NA,NA,NA,NA,NA,NA,NA,NA,NA,NA,NA,NA,NA,NA,NA,NA,NA,NA,NA,NA,NA,NA,NA,NA,NA,NA,NA,NA,NA,NA,NA,NA,NA,NA,NA,NA,NA,NA,NA,NA,NA,NA,NA,NA,NA,NA,NA,NA,NA,NA,NA,NA
1,EMIG,51,potr,2.7,17.3,9.6,1,NA,NA,0,NA,NA,NA,NA,NA,NA,NA,NA,NA,NA,NA,NA,NA,NA,NA,1,POTR51,4691436.853,454447.1028,NA,NA,NA,NA,NA,NA,NA,NA,NA,NA,NA,NA,NA,NA,NA,NA,NA,NA,NA,NA,NA,NA,NA,NA,NA,NA,NA,NA,NA,NA,NA,NA,NA,NA,NA,NA,NA,NA,NA,NA,NA,NA,NA,NA,NA,NA,NA,NA,NA,NA,NA,NA
1,EMIG,52,potr,NA,NA,NA,1,NA,NA,0,NA,NA,NA,NA,NA,NA,NA,NA,NA,NA,NA,NA,NA,NA,1 tree,1,POTR52,4691433.36,454450.9827,NA,NA,NA,NA,NA,NA,NA,NA,NA,NA,NA,NA,NA,NA,NA,NA,NA,NA,NA,NA,NA,NA,NA,NA,NA,NA,NA,NA,NA,NA,NA,NA,NA,NA,NA,NA,NA,NA,NA,NA,NA,NA,NA,NA,NA,NA,NA,NA,NA,NA,NA,NA
1,EMIG,53,potr,3.6,20,9.7,1,NA,NA,0,NA,NA,NA,NA,NA,NA,NA,NA,NA,NA,NA,NA,NA,NA,NA,1,POTR53,4691433.911,454451.9825,NA,NA,NA,NA,NA,NA,NA,NA,NA,NA,NA,NA,NA,NA,NA,NA,NA,NA,NA,NA,NA,NA,NA,NA,NA,NA,NA,NA,NA,NA,NA,NA,NA,NA,NA,NA,NA,NA,NA,NA,NA,NA,NA,NA,NA,NA,NA,NA,NA,NA,NA,NA
1,EMIG,54,potr,2,13.4,8,1,NA,NA,0,NA,NA,NA,NA,NA,NA,NA,NA,NA,NA,NA,NA,NA,NA,NA,1,POTR54,4691430.262,454452.8727,NA,NA,NA,NA,NA,NA,NA,NA,NA,NA,NA,NA,NA,NA,NA,NA,NA,NA,NA,NA,NA,NA,NA,NA,NA,NA,NA,NA,NA,NA,NA,NA,NA,NA,NA,NA,NA,NA,NA,NA,NA,NA,NA,NA,NA,NA,NA,NA,NA,NA,NA,NA
1,EMIG,25,pico,2.3,15.1,2.5,1,NA,NA,0,NA,NA,NA,NA,NA,NA,NA,NA,NA,NA,NA,NA,NA,NA,NA,1,PICO25,4691434.865,454440.7747,NA,NA,NA,NA,NA,NA,NA,NA,NA,NA,NA,NA,NA,NA,NA,NA,NA,NA,NA,NA,NA,NA,NA,NA,NA,NA,NA,NA,NA,NA,NA,NA,NA,NA,NA,NA,NA,NA,NA,NA,NA,NA,NA,NA,NA,NA,NA,NA,NA,NA,NA,NA
1,EMIG,26,pico,NA,NA,NA,1,NA,NA,0,NA,NA,NA,NA,NA,NA,NA,NA,NA,NA,NA,NA,NA,NA,1 tree,1,PICO26,4691434.74,454442.2724,NA,NA,NA,NA,NA,NA,NA,NA,NA,NA,NA,NA,NA,NA,NA,NA,NA,NA,NA,NA,NA,NA,NA,NA,NA,NA,NA,NA,NA,NA,NA,NA,NA,NA,NA,NA,NA,NA,NA,NA,NA,NA,NA,NA,NA,NA,NA,NA,NA,NA,NA,NA
1,EMIG,27,pico,NA,NA,NA,1,NA,NA,0,NA,NA,NA,NA,NA,NA,NA,NA,NA,NA,NA,NA,NA,NA,1 tree,1,PICO27,4691435.66,454441.2904,NA,NA,NA,NA,NA,NA,NA,NA,NA,NA,NA,NA,NA,NA,NA,NA,NA,NA,NA,NA,NA,NA,NA,NA,NA,NA,NA,NA,NA,NA,NA,NA,NA,NA,NA,NA,NA,NA,NA,NA,NA,NA,NA,NA,NA,NA,NA,NA,NA,NA,NA,NA
1,EMIG,55,potr,NA,NA,NA,1,NA,NA,0,NA,NA,NA,NA,NA,NA,NA,NA,NA,NA,NA,NA,NA,NA,1 tree,1,POTR55,4691436.311,454442.6861,NA,NA,NA,NA,NA,NA,NA,NA,NA,NA,NA,NA,NA,NA,NA,NA,NA,NA,NA,NA,NA,NA,NA,NA,NA,NA,NA,NA,NA,NA,NA,NA,NA,NA,NA,NA,NA,NA,NA,NA,NA,NA,NA,NA,NA,NA,NA,NA,NA,NA,NA,NA
1,EMIG,56,potr,NA,NA,NA,1,NA,NA,0,NA,NA,NA,NA,NA,NA,NA,NA,NA,NA,NA,NA,NA,NA,3 trees,1,POTR56,4691436.564,454440.5388,NA,NA,NA,NA,NA,NA,NA,NA,NA,NA,NA,NA,NA,NA,NA,NA,NA,NA,NA,NA,NA,NA,NA,NA,NA,NA,NA,NA,NA,NA,NA,NA,NA,NA,NA,NA,NA,NA,NA,NA,NA,NA,NA,NA,NA,NA,NA,NA,NA,NA,NA,NA
1,EMIG,39,pico,6.4,31.1,17.1,1,NA,NA,0,NA,NA,NA,NA,NA,NA,NA,NA,NA,NA,NA,NA,NA,NA,NA,1,PICO19,4691449.793,454444.0006,NA,NA,NA,NA,NA,NA,NA,NA,NA,NA,NA,NA,NA,NA,NA,NA,NA,NA,NA,NA,NA,NA,NA,NA,NA,NA,NA,NA,NA,NA,NA,NA,NA,NA,NA,NA,NA,NA,NA,NA,NA,NA,NA,NA,NA,NA,NA,NA,NA,NA,NA,NA
1,EMIG,20,pico,2.5,14.4,2.5,1,NA,NA,0,NA,NA,NA,NA,NA,NA,NA,NA,NA,NA,NA,NA,NA,NA,NA,1,PICO20,4691426.468,454433.0382,NA,NA,NA,NA,NA,NA,NA,NA,NA,NA,NA,NA,NA,NA,NA,NA,NA,NA,NA,NA,NA,NA,NA,NA,NA,NA,NA,NA,NA,NA,NA,NA,NA,NA,NA,NA,NA,NA,NA,NA,NA,NA,NA,NA,NA,NA,NA,NA,NA,NA,NA,NA
1,EMIG,58,potr,NA,NA,NA,1,NA,NA,0,NA,NA,NA,NA,NA,NA,NA,NA,NA,NA,NA,NA,NA,NA,1 tree,1,POTR58,4691426.378,454432.8483,NA,NA,NA,NA,NA,NA,NA,NA,NA,NA,NA,NA,NA,NA,NA,NA,NA,NA,NA,NA,NA,NA,NA,NA,NA,NA,NA,NA,NA,NA,NA,NA,NA,NA,NA,NA,NA,NA,NA,NA,NA,NA,NA,NA,NA,NA,NA,NA,NA,NA,NA,NA
1,EMIG,21,pico,3.3,17.9,3.2,1,NA,NA,0,NA,NA,NA,NA,NA,NA,NA,NA,NA,NA,NA,NA,NA,NA,NA,1,PICO21,4691429.228,454431.7388,NA,NA,NA,NA,NA,NA,NA,NA,NA,NA,NA,NA,NA,NA,NA,NA,NA,NA,NA,NA,NA,NA,NA,NA,NA,NA,NA,NA,NA,NA,NA,NA,NA,NA,NA,NA,NA,NA,NA,NA,NA,NA,NA,NA,NA,NA,NA,NA,NA,NA,NA,NA
1,EMIG,59,potr,NA,NA,NA,1,NA,NA,0,NA,NA,NA,NA,NA,NA,NA,NA,NA,NA,NA,NA,NA,NA,1 tree,1,POTR59,4691433.082,454431.2123,NA,NA,NA,NA,NA,NA,NA,NA,NA,NA,NA,NA,NA,NA,NA,NA,NA,NA,NA,NA,NA,NA,NA,NA,NA,NA,NA,NA,NA,NA,NA,NA,NA,NA,NA,NA,NA,NA,NA,NA,NA,NA,NA,NA,NA,NA,NA,NA,NA,NA,NA,NA
1,EMIG,60,potr,NA,NA,NA,1,NA,NA,0,NA,NA,NA,NA,NA,NA,NA,NA,NA,NA,NA,NA,NA,NA,1 tree,1,POTR60,4691435.381,454434.3807,NA,NA,NA,NA,NA,NA,NA,NA,NA,NA,NA,NA,NA,NA,NA,NA,NA,NA,NA,NA,NA,NA,NA,NA,NA,NA,NA,NA,NA,NA,NA,NA,NA,NA,NA,NA,NA,NA,NA,NA,NA,NA,NA,NA,NA,NA,NA,NA,NA,NA,NA,NA
1,EMIG,61,potr,9,63.4,48.9,1,NA,NA,0,NA,NA,NA,NA,NA,NA,NA,NA,NA,NA,NA,NA,NA,NA,NA,1,POTR61,4691435.726,454435.9555,NA,NA,NA,NA,NA,NA,NA,NA,NA,NA,NA,NA,NA,NA,NA,NA,NA,NA,NA,NA,NA,NA,NA,NA,NA,NA,NA,NA,NA,NA,NA,NA,NA,NA,NA,NA,NA,NA,NA,NA,NA,NA,NA,NA,NA,NA,NA,NA,NA,NA,NA,NA
1,EMIG,22,pico,NA,NA,NA,1,NA,NA,0,NA,NA,NA,NA,NA,NA,NA,NA,NA,NA,NA,NA,NA,NA,1 tree,1,PICO22,4691436.437,454436.6353,NA,NA,NA,NA,NA,NA,NA,NA,NA,NA,NA,NA,NA,NA,NA,NA,NA,NA,NA,NA,NA,NA,NA,NA,NA,NA,NA,NA,NA,NA,NA,NA,NA,NA,NA,NA,NA,NA,NA,NA,NA,NA,NA,NA,NA,NA,NA,NA,NA,NA,NA,NA
1,EMIG,23,pico,NA,NA,NA,1,NA,NA,0,NA,NA,NA,NA,NA,NA,NA,NA,NA,NA,NA,NA,NA,NA,1 tree,1,PICO23,4691439.567,454437.8907,NA,NA,NA,NA,NA,NA,NA,NA,NA,NA,NA,NA,NA,NA,NA,NA,NA,NA,NA,NA,NA,NA,NA,NA,NA,NA,NA,NA,NA,NA,NA,NA,NA,NA,NA,NA,NA,NA,NA,NA,NA,NA,NA,NA,NA,NA,NA,NA,NA,NA,NA,NA
1,EMIG,62,potr,2.3,14,NA,1,NA,NA,0,NA,NA,NA,NA,NA,NA,NA,NA,NA,NA,NA,NA,NA,NA,NA,1,POTR62,4691440.706,454437.8816,NA,NA,NA,NA,NA,NA,NA,NA,NA,NA,NA,NA,NA,NA,NA,NA,NA,NA,NA,NA,NA,NA,NA,NA,NA,NA,NA,NA,NA,NA,NA,NA,NA,NA,NA,NA,NA,NA,NA,NA,NA,NA,NA,NA,NA,NA,NA,NA,NA,NA,NA,NA
1,EMIG,63,potr,NA,NA,NA,1,NA,NA,0,NA,NA,NA,NA,NA,NA,NA,NA,NA,NA,NA,NA,NA,NA,NA,1,POTR63,4691443.283,454432.3079,NA,NA,NA,NA,NA,NA,NA,NA,NA,NA,NA,NA,NA,NA,NA,NA,NA,NA,NA,NA,NA,NA,NA,NA,NA,NA,NA,NA,NA,NA,NA,NA,NA,NA,NA,NA,NA,NA,NA,NA,NA,NA,NA,NA,NA,NA,NA,NA,NA,NA,NA,NA
1,EMIG,64,potr,14,69.7,41.8,1,NA,NA,0,NA,NA,NA,NA,NA,NA,NA,NA,NA,NA,NA,NA,NA,NA,NA,1,POTR64,4691439.482,454427.87,NA,NA,NA,NA,NA,NA,NA,NA,NA,NA,NA,NA,NA,NA,NA,NA,NA,NA,NA,NA,NA,NA,NA,NA,NA,NA,NA,NA,NA,NA,NA,NA,NA,NA,NA,NA,NA,NA,NA,NA,NA,NA,NA,NA,NA,NA,NA,NA,NA,NA,NA,NA
1,EMIG,65,potr,NA,NA,NA,1,NA,NA,0,NA,NA,NA,NA,NA,NA,NA,NA,NA,NA,NA,NA,NA,NA,1 tree,1,POTR65,4691442.738,454424.9354,NA,NA,NA,NA,NA,NA,NA,NA,NA,NA,NA,NA,NA,NA,NA,NA,NA,NA,NA,NA,NA,NA,NA,NA,NA,NA,NA,NA,NA,NA,NA,NA,NA,NA,NA,NA,NA,NA,NA,NA,NA,NA,NA,NA,NA,NA,NA,NA,NA,NA,NA,NA
1,EMIG,66,potr,NA,NA,NA,1,NA,NA,0,NA,NA,NA,NA,NA,NA,NA,NA,NA,NA,NA,NA,NA,NA,3 trees,1,POTR66,4691444.148,454422.1699,NA,NA,NA,NA,NA,NA,NA,NA,NA,NA,NA,NA,NA,NA,NA,NA,NA,NA,NA,NA,NA,NA,NA,NA,NA,NA,NA,NA,NA,NA,NA,NA,NA,NA,NA,NA,NA,NA,NA,NA,NA,NA,NA,NA,NA,NA,NA,NA,NA,NA,NA,NA
1,EMIG,67,potr,NA,NA,NA,1,NA,NA,0,NA,NA,NA,NA,NA,NA,NA,NA,NA,NA,NA,NA,NA,NA,3 trees,1,POTR67,4691447.145,454422.7822,NA,NA,NA,NA,NA,NA,NA,NA,NA,NA,NA,NA,NA,NA,NA,NA,NA,NA,NA,NA,NA,NA,NA,NA,NA,NA,NA,NA,NA,NA,NA,NA,NA,NA,NA,NA,NA,NA,NA,NA,NA,NA,NA,NA,NA,NA,NA,NA,NA,NA,NA,NA
1,EMIG,68,potr,NA,NA,NA,1,NA,NA,0,NA,NA,NA,NA,NA,NA,NA,NA,NA,NA,NA,NA,NA,NA,1 tree,1,POTR68,4691448.321,454422.1476,NA,NA,NA,NA,NA,NA,NA,NA,NA,NA,NA,NA,NA,NA,NA,NA,NA,NA,NA,NA,NA,NA,NA,NA,NA,NA,NA,NA,NA,NA,NA,NA,NA,NA,NA,NA,NA,NA,NA,NA,NA,NA,NA,NA,NA,NA,NA,NA,NA,NA,NA,NA
1,EMIG,69,potr,3.6,20,10.5,1,NA,NA,0,NA,NA,NA,NA,NA,NA,NA,NA,NA,NA,NA,NA,NA,NA,NA,1,POTR69,4691447.274,454425.7471,NA,NA,NA,NA,NA,NA,NA,NA,NA,NA,NA,NA,NA,NA,NA,NA,NA,NA,NA,NA,NA,NA,NA,NA,NA,NA,NA,NA,NA,NA,NA,NA,NA,NA,NA,NA,NA,NA,NA,NA,NA,NA,NA,NA,NA,NA,NA,NA,NA,NA,NA,NA
1,EMIG,70,potr,NA,NA,NA,1,NA,NA,0,NA,NA,NA,NA,NA,NA,NA,NA,NA,NA,NA,NA,NA,NA,1 tree,1,POTR70,4691446.718,454428.7157,NA,NA,NA,NA,NA,NA,NA,NA,NA,NA,NA,NA,NA,NA,NA,NA,NA,NA,NA,NA,NA,NA,NA,NA,NA,NA,NA,NA,NA,NA,NA,NA,NA,NA,NA,NA,NA,NA,NA,NA,NA,NA,NA,NA,NA,NA,NA,NA,NA,NA,NA,NA
1,EMIG,71,potr,NA,NA,NA,1,NA,NA,0,NA,NA,NA,NA,NA,NA,NA,NA,NA,NA,NA,NA,NA,NA,1 tree,1,POTR71,4691447.676,454431.0438,NA,NA,NA,NA,NA,NA,NA,NA,NA,NA,NA,NA,NA,NA,NA,NA,NA,NA,NA,NA,NA,NA,NA,NA,NA,NA,NA,NA,NA,NA,NA,NA,NA,NA,NA,NA,NA,NA,NA,NA,NA,NA,NA,NA,NA,NA,NA,NA,NA,NA,NA,NA
1,EMIG,72,potr,3.4,24.7,10.2,1,NA,NA,0,NA,NA,NA,NA,NA,NA,NA,NA,NA,NA,NA,NA,NA,NA,NA,1,POTR72,4691446.713,454432.7419,NA,NA,NA,NA,NA,NA,NA,NA,NA,NA,NA,NA,NA,NA,NA,NA,NA,NA,NA,NA,NA,NA,NA,NA,NA,NA,NA,NA,NA,NA,NA,NA,NA,NA,NA,NA,NA,NA,NA,NA,NA,NA,NA,NA,NA,NA,NA,NA,NA,NA,NA,NA
1,EMIG,28,pico,3.4,24.1,2.8,1,NA,NA,0,NA,NA,NA,NA,NA,NA,NA,NA,NA,NA,NA,NA,NA,NA,NA,1,PICO28,4691437.791,454439.921,NA,NA,NA,NA,NA,NA,NA,NA,NA,NA,NA,NA,NA,NA,NA,NA,NA,NA,NA,NA,NA,NA,NA,NA,NA,NA,NA,NA,NA,NA,NA,NA,NA,NA,NA,NA,NA,NA,NA,NA,NA,NA,NA,NA,NA,NA,NA,NA,NA,NA,NA,NA
1,EMIG,73,potr,NA,NA,NA,1,NA,NA,0,NA,NA,NA,NA,NA,NA,NA,NA,NA,NA,NA,NA,NA,NA,1 tree,1,POTR73,4691450.909,454428.3396,NA,NA,NA,NA,NA,NA,NA,NA,NA,NA,NA,NA,NA,NA,NA,NA,NA,NA,NA,NA,NA,NA,NA,NA,NA,NA,NA,NA,NA,NA,NA,NA,NA,NA,NA,NA,NA,NA,NA,NA,NA,NA,NA,NA,NA,NA,NA,NA,NA,NA,NA,NA
1,EMIG,74,potr,2.7,24.8,9.7,1,NA,NA,0,NA,NA,NA,NA,NA,NA,NA,NA,NA,NA,NA,NA,NA,NA,NA,1,POTR74,4691459.895,454424.5037,NA,NA,NA,NA,NA,NA,NA,NA,NA,NA,NA,NA,NA,NA,NA,NA,NA,NA,NA,NA,NA,NA,NA,NA,NA,NA,NA,NA,NA,NA,NA,NA,NA,NA,NA,NA,NA,NA,NA,NA,NA,NA,NA,NA,NA,NA,NA,NA,NA,NA,NA,NA
1,EMIG,75,potr,NA,NA,NA,1,NA,NA,0,NA,NA,NA,NA,NA,NA,NA,NA,NA,NA,NA,NA,NA,NA,1 tree,1,POTR75,4691459.163,454424.6059,NA,NA,NA,NA,NA,NA,NA,NA,NA,NA,NA,NA,NA,NA,NA,NA,NA,NA,NA,NA,NA,NA,NA,NA,NA,NA,NA,NA,NA,NA,NA,NA,NA,NA,NA,NA,NA,NA,NA,NA,NA,NA,NA,NA,NA,NA,NA,NA,NA,NA,NA,NA
1,EMIG,76,potr,12.5,60.1,48.1,1,NA,NA,0,NA,NA,NA,NA,NA,NA,NA,NA,NA,NA,NA,NA,NA,NA,NA,1,POTR76,4691453.862,454435.1761,NA,NA,NA,NA,NA,NA,NA,NA,NA,NA,NA,NA,NA,NA,NA,NA,NA,NA,NA,NA,NA,NA,NA,NA,NA,NA,NA,NA,NA,NA,NA,NA,NA,NA,NA,NA,NA,NA,NA,NA,NA,NA,NA,NA,NA,NA,NA,NA,NA,NA,NA,NA
1,EMIG,77,potr,NA,NA,NA,1,NA,NA,0,NA,NA,NA,NA,NA,NA,NA,NA,NA,NA,NA,NA,NA,NA,2 trees,1,POTR77,4691456.196,454437.6696,NA,NA,NA,NA,NA,NA,NA,NA,NA,NA,NA,NA,NA,NA,NA,NA,NA,NA,NA,NA,NA,NA,NA,NA,NA,NA,NA,NA,NA,NA,NA,NA,NA,NA,NA,NA,NA,NA,NA,NA,NA,NA,NA,NA,NA,NA,NA,NA,NA,NA,NA,NA
1,EMIG,78,potr,NA,NA,NA,1,NA,NA,0,NA,NA,NA,NA,NA,NA,NA,NA,NA,NA,NA,NA,NA,NA,1 tree,1,POTR78,4691461.732,454434.5522,NA,NA,NA,NA,NA,NA,NA,NA,NA,NA,NA,NA,NA,NA,NA,NA,NA,NA,NA,NA,NA,NA,NA,NA,NA,NA,NA,NA,NA,NA,NA,NA,NA,NA,NA,NA,NA,NA,NA,NA,NA,NA,NA,NA,NA,NA,NA,NA,NA,NA,NA,NA
1,EMIG,29,pico,4,26.3,4.9,1,NA,NA,0,NA,NA,NA,NA,NA,NA,NA,NA,NA,NA,NA,NA,NA,NA,NA,1,PICO29,4691462,454437.4439,NA,NA,NA,NA,NA,NA,NA,NA,NA,NA,NA,NA,NA,NA,NA,NA,NA,NA,NA,NA,NA,NA,NA,NA,NA,NA,NA,NA,NA,NA,NA,NA,NA,NA,NA,NA,NA,NA,NA,NA,NA,NA,NA,NA,NA,NA,NA,NA,NA,NA,NA,NA
1,EMIG,79,potr,NA,NA,NA,1,NA,NA,0,NA,NA,NA,NA,NA,NA,NA,NA,NA,NA,NA,NA,NA,NA,1 tree,1,POTR79,4691464.122,454437.8365,NA,NA,NA,NA,NA,NA,NA,NA,NA,NA,NA,NA,NA,NA,NA,NA,NA,NA,NA,NA,NA,NA,NA,NA,NA,NA,NA,NA,NA,NA,NA,NA,NA,NA,NA,NA,NA,NA,NA,NA,NA,NA,NA,NA,NA,NA,NA,NA,NA,NA,NA,NA
1,EMIG,80,potr,NA,NA,NA,1,NA,NA,0,NA,NA,NA,NA,NA,NA,NA,NA,NA,NA,NA,NA,NA,NA,7 trees,1,POTR80,4691465.651,454439.666,NA,NA,NA,NA,NA,NA,NA,NA,NA,NA,NA,NA,NA,NA,NA,NA,NA,NA,NA,NA,NA,NA,NA,NA,NA,NA,NA,NA,NA,NA,NA,NA,NA,NA,NA,NA,NA,NA,NA,NA,NA,NA,NA,NA,NA,NA,NA,NA,NA,NA,NA,NA
1,EMIG,30,pico,NA,NA,NA,1,NA,NA,0,NA,NA,NA,NA,NA,NA,NA,NA,NA,NA,NA,NA,NA,NA,1 tree,1,PICO30,4691468.244,454433.0467,NA,NA,NA,NA,NA,NA,NA,NA,NA,NA,NA,NA,NA,NA,NA,NA,NA,NA,NA,NA,NA,NA,NA,NA,NA,NA,NA,NA,NA,NA,NA,NA,NA,NA,NA,NA,NA,NA,NA,NA,NA,NA,NA,NA,NA,NA,NA,NA,NA,NA,NA,NA
1,EMIG,81,potr,NA,NA,NA,1,NA,NA,0,NA,NA,NA,NA,NA,NA,NA,NA,NA,NA,NA,NA,NA,NA,33 trees,1,POTR81,4691465.697,454431.8363,NA,NA,NA,NA,NA,NA,NA,NA,NA,NA,NA,NA,NA,NA,NA,NA,NA,NA,NA,NA,NA,NA,NA,NA,NA,NA,NA,NA,NA,NA,NA,NA,NA,NA,NA,NA,NA,NA,NA,NA,NA,NA,NA,NA,NA,NA,NA,NA,NA,NA,NA,NA
1,EMIG,82,potr,NA,NA,NA,1,NA,NA,0,NA,NA,NA,NA,NA,NA,NA,NA,NA,NA,NA,NA,NA,NA,1 tree,1,POTR82,4691467.863,454425.2225,NA,NA,NA,NA,NA,NA,NA,NA,NA,NA,NA,NA,NA,NA,NA,NA,NA,NA,NA,NA,NA,NA,NA,NA,NA,NA,NA,NA,NA,NA,NA,NA,NA,NA,NA,NA,NA,NA,NA,NA,NA,NA,NA,NA,NA,NA,NA,NA,NA,NA,NA,NA
1,EMIG,83,potr,NA,NA,NA,1,NA,NA,0,NA,NA,NA,NA,NA,NA,NA,NA,NA,NA,NA,NA,NA,NA,2 trees,1,POTR83,4691470.492,454425.4454,NA,NA,NA,NA,NA,NA,NA,NA,NA,NA,NA,NA,NA,NA,NA,NA,NA,NA,NA,NA,NA,NA,NA,NA,NA,NA,NA,NA,NA,NA,NA,NA,NA,NA,NA,NA,NA,NA,NA,NA,NA,NA,NA,NA,NA,NA,NA,NA,NA,NA,NA,NA
1,EMIG,84,potr,NA,NA,NA,1,NA,NA,0,NA,NA,NA,NA,NA,NA,NA,NA,NA,NA,NA,NA,NA,NA,1 tree,1,POTR84,4691470.902,454428.7579,NA,NA,NA,NA,NA,NA,NA,NA,NA,NA,NA,NA,NA,NA,NA,NA,NA,NA,NA,NA,NA,NA,NA,NA,NA,NA,NA,NA,NA,NA,NA,NA,NA,NA,NA,NA,NA,NA,NA,NA,NA,NA,NA,NA,NA,NA,NA,NA,NA,NA,NA,NA
1,EMIG,85,potr,NA,NA,NA,1,NA,NA,0,NA,NA,NA,NA,NA,NA,NA,NA,NA,NA,NA,NA,NA,NA,1 tree,1,POTR85,4691472.767,454429.5029,NA,NA,NA,NA,NA,NA,NA,NA,NA,NA,NA,NA,NA,NA,NA,NA,NA,NA,NA,NA,NA,NA,NA,NA,NA,NA,NA,NA,NA,NA,NA,NA,NA,NA,NA,NA,NA,NA,NA,NA,NA,NA,NA,NA,NA,NA,NA,NA,NA,NA,NA,NA
1,EMIG,86,potr,6,40,13.3,1,NA,NA,0,NA,NA,NA,NA,NA,NA,NA,NA,NA,NA,NA,NA,NA,NA,NA,1,POTR86,4691471.933,454433.0378,NA,NA,NA,NA,NA,NA,NA,NA,NA,NA,NA,NA,NA,NA,NA,NA,NA,NA,NA,NA,NA,NA,NA,NA,NA,NA,NA,NA,NA,NA,NA,NA,NA,NA,NA,NA,NA,NA,NA,NA,NA,NA,NA,NA,NA,NA,NA,NA,NA,NA,NA,NA
1,EMIG,31,pico,NA,NA,NA,1,NA,NA,0,NA,NA,NA,NA,NA,NA,NA,NA,NA,NA,NA,NA,NA,NA,NA,1,PICO31,4691470.634,454439.1221,NA,NA,NA,NA,NA,NA,NA,NA,NA,NA,NA,NA,NA,NA,NA,NA,NA,NA,NA,NA,NA,NA,NA,NA,NA,NA,NA,NA,NA,NA,NA,NA,NA,NA,NA,NA,NA,NA,NA,NA,NA,NA,NA,NA,NA,NA,NA,NA,NA,NA,NA,NA
1,EMIG,32,pico,2.6,19.1,7.4,1,NA,NA,0,NA,NA,NA,NA,NA,NA,NA,NA,NA,NA,NA,NA,NA,NA,1 tree,1,PICO32,4691470.83,454438.7776,NA,NA,NA,NA,NA,NA,NA,NA,NA,NA,NA,NA,NA,NA,NA,NA,NA,NA,NA,NA,NA,NA,NA,NA,NA,NA,NA,NA,NA,NA,NA,NA,NA,NA,NA,NA,NA,NA,NA,NA,NA,NA,NA,NA,NA,NA,NA,NA,NA,NA,NA,NA
1,EMIG,33,pico,4.1,19.3,3.3,1,NA,NA,0,NA,NA,NA,NA,NA,NA,NA,NA,NA,NA,NA,NA,NA,NA,NA,1,PICO33,4691473.089,454439.558,NA,NA,NA,NA,NA,NA,NA,NA,NA,NA,NA,NA,NA,NA,NA,NA,NA,NA,NA,NA,NA,NA,NA,NA,NA,NA,NA,NA,NA,NA,NA,NA,NA,NA,NA,NA,NA,NA,NA,NA,NA,NA,NA,NA,NA,NA,NA,NA,NA,NA,NA,NA
1,EMIG,87,potr,NA,NA,NA,1,NA,NA,0,NA,NA,NA,NA,NA,NA,NA,NA,NA,NA,NA,NA,NA,NA,2 trees,1,POTR87,4691473.328,454440.6711,NA,NA,NA,NA,NA,NA,NA,NA,NA,NA,NA,NA,NA,NA,NA,NA,NA,NA,NA,NA,NA,NA,NA,NA,NA,NA,NA,NA,NA,NA,NA,NA,NA,NA,NA,NA,NA,NA,NA,NA,NA,NA,NA,NA,NA,NA,NA,NA,NA,NA,NA,NA
1,EMIG,34,pico,4.4,24,1.1,1,NA,NA,0,NA,NA,NA,NA,NA,NA,NA,NA,NA,NA,NA,NA,NA,NA,NA,1,PICO34,4691477.235,454439.0333,NA,NA,NA,NA,NA,NA,NA,NA,NA,NA,NA,NA,NA,NA,NA,NA,NA,NA,NA,NA,NA,NA,NA,NA,NA,NA,NA,NA,NA,NA,NA,NA,NA,NA,NA,NA,NA,NA,NA,NA,NA,NA,NA,NA,NA,NA,NA,NA,NA,NA,NA,NA
1,EMIG,35,pico,20,78.3,26.8,1,NA,NA,0,NA,NA,NA,NA,NA,NA,NA,NA,NA,NA,NA,NA,NA,NA,NA,1,PICO35,4691474.89,454421.9995,NA,NA,NA,NA,NA,NA,NA,NA,NA,NA,NA,NA,NA,NA,NA,NA,NA,NA,NA,NA,NA,NA,NA,NA,NA,NA,NA,NA,NA,NA,NA,NA,NA,NA,NA,NA,NA,NA,NA,NA,NA,NA,NA,NA,NA,NA,NA,NA,NA,NA,NA,NA
1,EMIG,88,potr,12.3,52.1,36.3,1,NA,NA,0,NA,NA,NA,NA,NA,NA,NA,NA,NA,NA,NA,NA,NA,NA,NA,1,POTR88,4691457.258,454418.3855,NA,NA,NA,NA,NA,NA,NA,NA,NA,NA,NA,NA,NA,NA,NA,NA,NA,NA,NA,NA,NA,NA,NA,NA,NA,NA,NA,NA,NA,NA,NA,NA,NA,NA,NA,NA,NA,NA,NA,NA,NA,NA,NA,NA,NA,NA,NA,NA,NA,NA,NA,NA
1,EMIG,89,potr,8.9,43.6,NA,0,NA,NA,0,NA,NA,NA,NA,NA,NA,NA,NA,NA,NA,NA,NA,NA,NA,NA,1,POTR89,4691455.54,454418.7778,NA,NA,NA,NA,NA,NA,NA,NA,NA,NA,NA,NA,NA,NA,NA,NA,NA,NA,NA,NA,NA,NA,NA,NA,NA,NA,NA,NA,NA,NA,NA,NA,NA,NA,NA,NA,NA,NA,NA,NA,NA,NA,NA,NA,NA,NA,NA,NA,NA,NA,NA,NA
1,EMIG,90,potr,6,27.9,NA,0,NA,NA,0,NA,NA,NA,NA,NA,NA,NA,NA,NA,NA,NA,NA,NA,NA,NA,1,POTR90,4691450.634,454419.248,NA,NA,NA,NA,NA,NA,NA,NA,NA,NA,NA,NA,NA,NA,NA,NA,NA,NA,NA,NA,NA,NA,NA,NA,NA,NA,NA,NA,NA,NA,NA,NA,NA,NA,NA,NA,NA,NA,NA,NA,NA,NA,NA,NA,NA,NA,NA,NA,NA,NA,NA,NA
1,EMIG,91,potr,5.2,18.7,14.3,1,NA,NA,0,NA,NA,NA,NA,NA,NA,NA,NA,NA,NA,NA,NA,NA,NA,NA,1,POTR91,4691450.042,454419.7464,NA,NA,NA,NA,NA,NA,NA,NA,NA,NA,NA,NA,NA,NA,NA,NA,NA,NA,NA,NA,NA,NA,NA,NA,NA,NA,NA,NA,NA,NA,NA,NA,NA,NA,NA,NA,NA,NA,NA,NA,NA,NA,NA,NA,NA,NA,NA,NA,NA,NA,NA,NA
1,EMIG,92,potr,NA,NA,NA,1,NA,NA,0,NA,NA,NA,NA,NA,NA,NA,NA,NA,NA,NA,NA,NA,NA,9 trees,1,POTR92,4691447.537,454415.4981,NA,NA,NA,NA,NA,NA,NA,NA,NA,NA,NA,NA,NA,NA,NA,NA,NA,NA,NA,NA,NA,NA,NA,NA,NA,NA,NA,NA,NA,NA,NA,NA,NA,NA,NA,NA,NA,NA,NA,NA,NA,NA,NA,NA,NA,NA,NA,NA,NA,NA,NA,NA
1,EMIG,93,potr,3.5,18.1,10.5,1,NA,NA,0,NA,NA,NA,NA,NA,NA,NA,NA,NA,NA,NA,NA,NA,NA,NA,1,POTR93,4691446.62,454418.7938,NA,NA,NA,NA,NA,NA,NA,NA,NA,NA,NA,NA,NA,NA,NA,NA,NA,NA,NA,NA,NA,NA,NA,NA,NA,NA,NA,NA,NA,NA,NA,NA,NA,NA,NA,NA,NA,NA,NA,NA,NA,NA,NA,NA,NA,NA,NA,NA,NA,NA,NA,NA
1,EMIG,94,potr,5.1,30.9,15.4,1,NA,NA,0,NA,NA,NA,NA,NA,NA,NA,NA,NA,NA,NA,NA,NA,NA,NA,1,POTR94,4691442.843,454418.5386,NA,NA,NA,NA,NA,NA,NA,NA,NA,NA,NA,NA,NA,NA,NA,NA,NA,NA,NA,NA,NA,NA,NA,NA,NA,NA,NA,NA,NA,NA,NA,NA,NA,NA,NA,NA,NA,NA,NA,NA,NA,NA,NA,NA,NA,NA,NA,NA,NA,NA,NA,NA
1,EMIG,95,potr,NA,NA,NA,1,NA,NA,0,NA,NA,NA,NA,NA,NA,NA,NA,NA,NA,NA,NA,NA,NA,1 tree,1,POTR95,4691443.365,454418.1798,NA,NA,NA,NA,NA,NA,NA,NA,NA,NA,NA,NA,NA,NA,NA,NA,NA,NA,NA,NA,NA,NA,NA,NA,NA,NA,NA,NA,NA,NA,NA,NA,NA,NA,NA,NA,NA,NA,NA,NA,NA,NA,NA,NA,NA,NA,NA,NA,NA,NA,NA,NA
1,EMIG,96,potr,2.3,9.8,7.4,1,NA,NA,0,NA,NA,NA,NA,NA,NA,NA,NA,NA,NA,NA,NA,NA,NA,NA,1,POTR96,4691436.587,454415.5915,NA,NA,NA,NA,NA,NA,NA,NA,NA,NA,NA,NA,NA,NA,NA,NA,NA,NA,NA,NA,NA,NA,NA,NA,NA,NA,NA,NA,NA,NA,NA,NA,NA,NA,NA,NA,NA,NA,NA,NA,NA,NA,NA,NA,NA,NA,NA,NA,NA,NA,NA,NA
1,EMIG,36,pico,2.2,NA,NA,1,NA,NA,0,NA,NA,NA,NA,NA,NA,NA,NA,NA,NA,NA,NA,NA,NA,2 trees,1,PICO36,4691440.521,454414.662,NA,NA,NA,NA,NA,NA,NA,NA,NA,NA,NA,NA,NA,NA,NA,NA,NA,NA,NA,NA,NA,NA,NA,NA,NA,NA,NA,NA,NA,NA,NA,NA,NA,NA,NA,NA,NA,NA,NA,NA,NA,NA,NA,NA,NA,NA,NA,NA,NA,NA,NA,NA
1,EMIG,97,potr,8.8,66.7,43.8,1,NA,NA,0,NA,NA,NA,NA,NA,NA,NA,NA,NA,NA,NA,NA,NA,NA,NA,1,POTR97,4691439.704,454414.4426,NA,NA,NA,NA,NA,NA,NA,NA,NA,NA,NA,NA,NA,NA,NA,NA,NA,NA,NA,NA,NA,NA,NA,NA,NA,NA,NA,NA,NA,NA,NA,NA,NA,NA,NA,NA,NA,NA,NA,NA,NA,NA,NA,NA,NA,NA,NA,NA,NA,NA,NA,NA
1,EMIG,98,potr,7,35.4,32.6,1,NA,NA,0,NA,NA,NA,NA,NA,NA,NA,NA,NA,NA,NA,NA,NA,NA,NA,1,POTR98,4691438.684,454412.4682,NA,NA,NA,NA,NA,NA,NA,NA,NA,NA,NA,NA,NA,NA,NA,NA,NA,NA,NA,NA,NA,NA,NA,NA,NA,NA,NA,NA,NA,NA,NA,NA,NA,NA,NA,NA,NA,NA,NA,NA,NA,NA,NA,NA,NA,NA,NA,NA,NA,NA,NA,NA
1,EMIG,99,potr,8,48.7,NA,0,NA,NA,0,NA,NA,NA,NA,NA,NA,NA,NA,NA,NA,NA,NA,NA,NA,NA,1,POTR99,4691438.374,454414.541,NA,NA,NA,NA,NA,NA,NA,NA,NA,NA,NA,NA,NA,NA,NA,NA,NA,NA,NA,NA,NA,NA,NA,NA,NA,NA,NA,NA,NA,NA,NA,NA,NA,NA,NA,NA,NA,NA,NA,NA,NA,NA,NA,NA,NA,NA,NA,NA,NA,NA,NA,NA
1,EMIG,100,potr,NA,NA,NA,1,NA,NA,0,NA,NA,NA,NA,NA,NA,NA,NA,NA,NA,NA,NA,NA,NA,1 tree,1,POTR100,4691436.737,454420.195,NA,NA,NA,NA,NA,NA,NA,NA,NA,NA,NA,NA,NA,NA,NA,NA,NA,NA,NA,NA,NA,NA,NA,NA,NA,NA,NA,NA,NA,NA,NA,NA,NA,NA,NA,NA,NA,NA,NA,NA,NA,NA,NA,NA,NA,NA,NA,NA,NA,NA,NA,NA
1,EMIG,101,potr,NA,NA,NA,1,NA,NA,0,NA,NA,NA,NA,NA,NA,NA,NA,NA,NA,NA,NA,NA,NA,11 trees,1,POTR101,4691433.593,454418.8818,NA,NA,NA,NA,NA,NA,NA,NA,NA,NA,NA,NA,NA,NA,NA,NA,NA,NA,NA,NA,NA,NA,NA,NA,NA,NA,NA,NA,NA,NA,NA,NA,NA,NA,NA,NA,NA,NA,NA,NA,NA,NA,NA,NA,NA,NA,NA,NA,NA,NA,NA,NA
1,EMIG,102,potr,2.3,12.4,8.6,1,NA,NA,0,NA,NA,NA,NA,NA,NA,NA,NA,NA,NA,NA,NA,NA,NA,1 tree,1,POTR102,4691432.701,454418.3326,NA,NA,NA,NA,NA,NA,NA,NA,NA,NA,NA,NA,NA,NA,NA,NA,NA,NA,NA,NA,NA,NA,NA,NA,NA,NA,NA,NA,NA,NA,NA,NA,NA,NA,NA,NA,NA,NA,NA,NA,NA,NA,NA,NA,NA,NA,NA,NA,NA,NA,NA,NA
1,EMIG,103,potr,NA,NA,NA,1,NA,NA,0,NA,NA,NA,NA,NA,NA,NA,NA,NA,NA,NA,NA,NA,NA,NA,1,POTR103,4691431.271,454416.232,NA,NA,NA,NA,NA,NA,NA,NA,NA,NA,NA,NA,NA,NA,NA,NA,NA,NA,NA,NA,NA,NA,NA,NA,NA,NA,NA,NA,NA,NA,NA,NA,NA,NA,NA,NA,NA,NA,NA,NA,NA,NA,NA,NA,NA,NA,NA,NA,NA,NA,NA,NA
1,EMIG,104,potr,2.4,15,8,1,NA,NA,0,NA,NA,NA,NA,NA,NA,NA,NA,NA,NA,NA,NA,NA,NA,NA,1,POTR104,4691433.575,454412.3937,NA,NA,NA,NA,NA,NA,NA,NA,NA,NA,NA,NA,NA,NA,NA,NA,NA,NA,NA,NA,NA,NA,NA,NA,NA,NA,NA,NA,NA,NA,NA,NA,NA,NA,NA,NA,NA,NA,NA,NA,NA,NA,NA,NA,NA,NA,NA,NA,NA,NA,NA,NA
1,EMIG,105,potr,NA,NA,NA,1,NA,NA,0,NA,NA,NA,NA,NA,NA,NA,NA,NA,NA,NA,NA,NA,NA,1 tree,1,POTR105,4691428.342,454415.7765,NA,NA,NA,NA,NA,NA,NA,NA,NA,NA,NA,NA,NA,NA,NA,NA,NA,NA,NA,NA,NA,NA,NA,NA,NA,NA,NA,NA,NA,NA,NA,NA,NA,NA,NA,NA,NA,NA,NA,NA,NA,NA,NA,NA,NA,NA,NA,NA,NA,NA,NA,NA
1,EMIG,106,potr,NA,NA,NA,1,NA,NA,0,NA,NA,NA,NA,NA,NA,NA,NA,NA,NA,NA,NA,NA,NA,3 trees,1,POTR106,4691426.482,454417.3123,NA,NA,NA,NA,NA,NA,NA,NA,NA,NA,NA,NA,NA,NA,NA,NA,NA,NA,NA,NA,NA,NA,NA,NA,NA,NA,NA,NA,NA,NA,NA,NA,NA,NA,NA,NA,NA,NA,NA,NA,NA,NA,NA,NA,NA,NA,NA,NA,NA,NA,NA,NA
1,EMIG,37,pico,10.5,30.5,9.3,1,NA,NA,0,NA,NA,NA,NA,NA,NA,NA,NA,NA,NA,NA,NA,NA,NA,NA,1,PICO37,4691428.724,454412.288,NA,NA,NA,NA,NA,NA,NA,NA,NA,NA,NA,NA,NA,NA,NA,NA,NA,NA,NA,NA,NA,NA,NA,NA,NA,NA,NA,NA,NA,NA,NA,NA,NA,NA,NA,NA,NA,NA,NA,NA,NA,NA,NA,NA,NA,NA,NA,NA,NA,NA,NA,NA
1,EMIG,2,psmeg,14.9,92.1,NA,1,NA,NA,0,NA,NA,NA,NA,NA,NA,NA,NA,NA,NA,NA,NA,NA,NA,NA,1,PSMEG2,4691475.269,454408.0381,NA,NA,NA,NA,NA,NA,NA,NA,NA,NA,NA,NA,NA,NA,NA,NA,NA,NA,NA,NA,NA,NA,NA,NA,NA,NA,NA,NA,NA,NA,NA,NA,NA,NA,NA,NA,NA,NA,NA,NA,NA,NA,NA,NA,NA,NA,NA,NA,NA,NA,NA,NA
1,EMIG,3,psmeg,21.3,83.7,7.2,1,NA,NA,0,NA,NA,NA,NA,NA,NA,NA,NA,NA,NA,NA,NA,NA,NA,NA,1,PSMEG3,4691462.669,454423.5008,NA,NA,NA,NA,NA,NA,NA,NA,NA,NA,NA,NA,NA,NA,NA,NA,NA,NA,NA,NA,NA,NA,NA,NA,NA,NA,NA,NA,NA,NA,NA,NA,NA,NA,NA,NA,NA,NA,NA,NA,NA,NA,NA,NA,NA,NA,NA,NA,NA,NA,NA,NA
1,EMIG,6,psmeg,19.7,NA,NA,1,NA,NA,0,NA,NA,NA,NA,NA,NA,NA,NA,NA,NA,NA,NA,NA,NA,NA,1,PSMEG6,4691446.107,454428.2425,NA,NA,NA,NA,NA,NA,NA,NA,NA,NA,NA,NA,NA,NA,NA,NA,NA,NA,NA,NA,NA,NA,NA,NA,NA,NA,NA,NA,NA,NA,NA,NA,NA,NA,NA,NA,NA,NA,NA,NA,NA,NA,NA,NA,NA,NA,NA,NA,NA,NA,NA,NA
1,EMIG,7,psmeg,10.3,45.5,10.5,1,NA,NA,0,NA,NA,NA,NA,NA,NA,NA,NA,NA,NA,NA,NA,NA,NA,NA,1,PSMEG7,4691436.14,454448.8189,NA,NA,NA,NA,NA,NA,NA,NA,NA,NA,NA,NA,NA,NA,NA,NA,NA,NA,NA,NA,NA,NA,NA,NA,NA,NA,NA,NA,NA,NA,NA,NA,NA,NA,NA,NA,NA,NA,NA,NA,NA,NA,NA,NA,NA,NA,NA,NA,NA,NA,NA,NA
1,EMIG,38,pico,15.9,82.4,15.1,1,NA,NA,0,NA,NA,NA,NA,NA,NA,NA,NA,NA,NA,NA,NA,NA,NA,NA,1,PICO38,4691438.09,454428.5114,NA,NA,NA,NA,NA,NA,NA,NA,NA,NA,NA,NA,NA,NA,NA,NA,NA,NA,NA,NA,NA,NA,NA,NA,NA,NA,NA,NA,NA,NA,NA,NA,NA,NA,NA,NA,NA,NA,NA,NA,NA,NA,NA,NA,NA,NA,NA,NA,NA,NA,NA,NA
2,EMIG,251,ABLA,2.7,14.2,0,1,0,NA,0,-,-,0,-,0,-,0,-,0,-,0,-,0,-,NA,1,EMIG251,42.3741974,-111.5533454,EMIG,251,ABLA,2.7,14.2,0,1,0,NA,0,-,-,0,-,0,-,0,-,0,-,0,-,0,-,NA,2,0,2169,251,NA,Point,2219.046,NA,0.187918923,EMIG_251_218,EMIG_726_498,5.685975137,EMIG_697_471,5.560204797,NA,42.37423023,-111.5533984,NA,-50.12437734,42.37422593,-111.5534009,NA,-55.26700088,0,0,1,0
2,EMIG,252,ABLA,2,9.3,0,1,0,NA,0,-,-,0,-,0,-,0,-,0,-,0,-,0,-,NA,1,EMIG252,42.37420205,-111.5533495,EMIG,252,ABLA,2,9.3,0,1,0,NA,0,-,-,0,-,0,-,0,-,0,-,0,-,0,-,NA,2,0,2170,252,NA,Point,2219.034,NA,0.187373844,EMIG_252_219,EMIG_726_498,5.099055749,EMIG_697_471,4.993999716,NA,42.37423023,-111.5533984,NA,-52.14548886,42.37422593,-111.5534009,NA,-57.92969202,0,0,1,0
2,EMIG,253,ABLA,1.5,10.6,0,1,0,NA,2,-,-,0,-,0,-,0,-,0,-,0,-,0,-,NA,1,EMIG253,42.37413893,-111.5533077,EMIG,253,ABLA,1.5,10.6,0,1,0,NA,2,-,-,0,-,0,-,0,-,0,-,0,-,0,-,NA,2,0,2171,253,NA,Point,2219.905,NA,0.193825555,EMIG_253_220,EMIG_271_239,6.589721015,EMIG_273_241,6.504360968,NA,42.37407974,-111.5533135,NA,-175.8443606,42.37409018,-111.5533515,NA,-146.3288791,0,0,1,0
2,EMIG,254,ABLA,1.3,10.2,0,1,0,NA,1,-,-,0,-,0,-,0,-,0,-,0,-,0,-,NA,1,EMIG254,42.37413146,-111.5533213,EMIG,254,ABLA,1.3,10.2,0,1,0,NA,1,-,-,0,-,0,-,0,-,0,-,0,-,0,-,NA,2,0,2172,254,NA,Point,2217.095,NA,0.193283134,EMIG_254_221,EMIG_271_239,5.77872971,EMIG_273_241,5.214656528,NA,42.37407974,-111.5533135,NA,173.619477,42.37409018,-111.5533515,NA,-151.5220751,0,0,1,0
2,EMIG,255,ABLA,3.3,16.3,0,1,0,NA,1,-,-,0,-,0,-,0,-,0,-,0,-,0,-,NA,1,EMIG255,42.37413118,-111.5533174,EMIG,255,ABLA,3.3,16.3,0,1,0,NA,1,-,-,0,-,0,-,0,-,0,-,0,-,0,-,NA,2,0,2173,255,NA,Point,2216.48,NA,0.193574721,EMIG_255_222,EMIG_271_239,5.720862299,EMIG_273_241,5.348689738,NA,42.37407974,-111.5533135,NA,176.7824341,42.37409018,-111.5533515,NA,-148.3381835,0,0,1,0
2,EMIG,256,ABLA,1.9,10.3,0,1,0,NA,1,-,-,0,-,0,-,0,-,0,-,0,-,0,-,NA,1,EMIG256,42.37412832,-111.5533304,EMIG,256,ABLA,1.9,10.3,0,1,0,NA,1,-,-,0,-,0,-,0,-,0,-,0,-,0,-,NA,2,0,2174,256,NA,Point,2215.2,NA,0.192818967,EMIG_256_223,EMIG_271_239,5.570838461,EMIG_273_241,4.577487194,NA,42.37407974,-111.5533135,NA,165.536122,42.37409018,-111.5533515,NA,-157.6963713,0,0,1,0
2,EMIG,257,ABLA,1.7,9.9,1,1,0,NA,0,-,-,0,-,0,-,0,-,0,-,0,-,0,-,NA,1,EMIG257,42.37412445,-111.5533377,EMIG,257,ABLA,1.7,9.9,1,1,0,NA,0,-,-,0,-,0,-,0,-,0,-,0,-,0,-,NA,2,0,2175,257,NA,Point,2212.825,NA,0.192525767,EMIG_257_224,EMIG_271_239,5.349453551,EMIG_273_241,3.9713074,NA,42.37407974,-111.5533135,NA,158.1326024,42.37409018,-111.5533515,NA,-163.3753457,0,0,1,0
2,EMIG,258,ABLA,NA,3.9,0,1,0,NA,1,-,-,0,-,0,-,0,-,0,-,0,-,0,-,1 DB,1,EMIG258,42.37412937,-111.5533379,EMIG,258,ABLA,NA,3.9,0,1,0,NA,1,-,-,0,-,0,-,0,-,0,-,0,-,0,-,1 DB,2,0,2176,258,NA,Point,2215.127,NA,0.192230215,EMIG_258_225,EMIG_271_239,5.865610246,EMIG_273_241,4.493368078,NA,42.37407974,-111.5533135,NA,159.9712455,42.37409018,-111.5533515,NA,-165.5700866,0,0,1,0
2,EMIG,259,ABLA,11.1,38.2,5.2,1,0,NA,2,-,-,0,-,0,-,0,-,0,-,0,-,0,-,2 DB,1,EMIG259,42.37412686,-111.5533369,EMIG,259,ABLA,11.1,38.2,5.2,1,0,NA,2,-,-,0,-,0,-,0,-,0,-,0,-,0,-,2 DB,2,0,2177,259,NA,Point,2213.767,NA,0.192444113,EMIG_259_226,EMIG_271_239,5.575589542,EMIG_273_241,4.246591009,NA,42.37407974,-111.5533135,NA,159.7852297,42.37409018,-111.5533515,NA,-163.5567968,0,0,1,0
2,EMIG,260,ABLA,1.3,9.4,2.1,1,0,NA,0,-,-,0,-,0,-,0,-,0,-,0,-,0,-,NA,1,EMIG260,42.37411494,-111.5533037,EMIG,260,ABLA,1.3,9.4,2.1,1,0,NA,0,-,-,0,-,0,-,0,-,0,-,0,-,0,-,NA,2,0,2178,260,NA,Point,2216.988,NA,0.195464883,EMIG_260_227,EMIG_271_239,3.990984353,EMIG_273_241,4.800732704,NA,42.37407974,-111.5533135,NA,-168.3360414,42.37409018,-111.5533515,NA,-124.937903,0,0,1,0
2,EMIG,261,ABLA,1.9,10.1,2.4,1,0,NA,0,-,-,0,-,0,-,0,-,0,-,0,-,0,-,NA,1,EMIG261,42.37411616,-111.5533048,EMIG,261,ABLA,1.9,10.1,2.4,1,0,NA,0,-,-,0,-,0,-,0,-,0,-,0,-,0,-,NA,2,0,2179,261,NA,Point,2215.511,NA,0.195317725,EMIG_261_228,EMIG_271_239,4.106985504,EMIG_273_241,4.806831391,NA,42.37407974,-111.5533135,NA,-169.9557184,42.37409018,-111.5533515,NA,-126.8802121,0,0,1,0
2,EMIG,274,ABLA,1.1,7.1,0,1,0,NA,1,-,-,0,-,0,-,0,-,0,-,0,-,0,-,NA,1,EMIG274,42.37411508,-111.553318,EMIG,274,ABLA,1.1,7.1,0,1,0,NA,1,-,-,0,-,0,-,0,-,0,-,0,-,0,-,NA,2,0,2192,274,NA,Point,2213.77,NA,0.194449564,EMIG_274_229,EMIG_271_239,3.941568335,EMIG_273_241,3.905368653,NA,42.37407974,-111.5533135,NA,174.6063703,42.37409018,-111.5533515,NA,-135.0696899,0,0,1,0
2,EMIG,262,ABLA,3.7,29.6,0,1,0,NA,1,-,-,0,-,0,-,0,-,0,-,0,-,0,-,NA,1,EMIG262,42.37411666,-111.5533067,EMIG,262,ABLA,3.7,29.6,0,1,0,NA,1,-,-,0,-,0,-,0,-,0,-,0,-,0,-,NA,2,0,2180,262,NA,Point,2206.267,NA,0.195155225,EMIG_262_230,EMIG_271_239,4.137611075,EMIG_273_241,4.717049648,NA,42.37407974,-111.5533135,NA,-172.223404,42.37409018,-111.5533515,NA,-128.5602166,0,0,1,0
2,EMIG,263,ABLA,4.2,21.4,10.4,1,0,NA,0,-,-,0,-,0,-,0,-,0,-,0,-,0,-,NA,1,EMIG263,42.37411399,-111.5533105,EMIG,263,ABLA,4.2,21.4,10.4,1,0,NA,0,-,-,0,-,0,-,0,-,0,-,0,-,0,-,NA,2,0,2181,263,NA,Point,2208.956,NA,0.195040021,EMIG_263_231,EMIG_271_239,3.811096737,EMIG_273_241,4.287758725,NA,42.37407974,-111.5533135,NA,-176.2840331,42.37409018,-111.5533515,NA,-128.0683516,0,0,1,0
2,EMIG,264,ABLA,NA,5.8,0,1,0,NA,0,-,-,0,-,0,-,0,-,0,-,0,-,0,-,Rot in area,1,EMIG264,42.37411055,-111.5532983,EMIG,264,ABLA,NA,5.8,0,1,0,NA,0,-,-,0,-,0,-,0,-,0,-,0,-,0,-,Rot in area,2,0,2182,264,NA,Point,2212.83,NA,0.196096206,EMIG_264_232,EMIG_271_239,3.642821301,EMIG_273_241,4.929643075,NA,42.37407974,-111.5533135,NA,-159.9072144,42.37409018,-111.5533515,NA,-117.3115575,0,0,1,0
2,EMIG,265,ABLA,NA,8.1,0,1,0,NA,0,-,-,0,-,0,-,0,-,0,-,0,-,0,-,Rot in area,1,EMIG265,42.37410129,-111.5533082,EMIG,265,ABLA,NA,8.1,0,1,0,NA,0,-,-,0,-,0,-,0,-,0,-,0,-,0,-,Rot in area,2,0,2183,265,NA,Point,2211.864,NA,0.195932187,EMIG_265_233,EMIG_271_239,2.43235155,EMIG_273_241,3.772425934,NA,42.37407974,-111.5533135,NA,-169.6651744,42.37409018,-111.5533515,NA,-109.0877307,0,0,1,0
2,EMIG,266,ABLA,1.7,10.6,0,1,0,NA,0,-,-,0,-,0,-,0,-,0,-,0,-,0,-,Rot in area,1,EMIG266,42.37410134,-111.5533074,EMIG,266,ABLA,1.7,10.6,0,1,0,NA,0,-,-,0,-,0,-,0,-,0,-,0,-,0,-,Rot in area,2,0,2184,266,NA,Point,2211.635,NA,0.195985447,EMIG_266_234,EMIG_271_239,2.450460582,EMIG_273_241,3.836521003,NA,42.37407974,-111.5533135,NA,-168.1732176,42.37409018,-111.5533515,NA,-108.8444106,0,0,1,0
2,EMIG,267,ABLA,1.1,8.6,0,1,0,NA,0,-,-,0,-,0,-,0,-,0,-,0,-,0,-,Rot in area,1,EMIG267,42.37408236,-111.5532901,EMIG,267,ABLA,1.1,8.6,0,1,0,NA,0,-,-,0,-,0,-,0,-,0,-,0,-,0,-,Rot in area,2,0,2185,267,NA,Point,2219.949,NA,0.198299044,EMIG_267_235,EMIG_271_239,1.948431185,EMIG_292_259,2.796065894,NA,42.37407974,-111.5533135,NA,-98.58698802,42.374065,-111.5532655,NA,133.583429,0,0,1,0
2,EMIG,268,ABLA,1.1,8.8,0,1,0,NA,0,-,-,0,-,0,-,0,-,0,-,0,-,0,-,Rot in area,1,EMIG268,42.37408546,-111.5533001,EMIG,268,ABLA,1.1,8.8,0,1,0,NA,0,-,-,0,-,0,-,0,-,0,-,0,-,0,-,Rot in area,2,0,2186,268,NA,Point,2217.24,NA,0.197418828,EMIG_268_236,EMIG_271_239,1.273024299,EMIG_292_259,3.643697567,NA,42.37407974,-111.5533135,NA,-119.928857,42.374065,-111.5532655,NA,128.5723978,0,0,1,0
2,EMIG,269,ABLA,5.9,31.7,0,1,0,NA,1,-,-,0,-,0,-,0,-,0,-,0,-,0,-,Rot in area,1,EMIG269,42.37409359,-111.5532803,EMIG,269,ABLA,5.9,31.7,0,1,0,NA,1,-,-,0,-,0,-,0,-,0,-,0,-,0,-,Rot in area,2,0,2187,269,NA,Point,2211.732,NA,0.19833576,EMIG_269_237,EMIG_271_239,3.136377558,EMIG_292_259,3.400428933,NA,42.37407974,-111.5533135,NA,-119.3628818,42.374065,-111.5532655,NA,159.0013992,0,0,1,0
2,EMIG,270,ABLA,NA,5.7,0,1,0,NA,0,-,-,0,-,0,-,0,-,0,-,0,-,0,-,Rot in area,1,EMIG270,42.3740808,-111.5532995,EMIG,270,ABLA,NA,5.7,0,1,0,NA,0,-,-,0,-,0,-,0,-,0,-,0,-,0,-,Rot in area,2,0,2188,270,NA,Point,2213.043,NA,0.197733102,EMIG_270_238,EMIG_271_239,1.158654422,EMIG_292_259,3.303658621,NA,42.37407974,-111.5533135,NA,-95.83041382,42.374065,-111.5532655,NA,122.0765706,0,0,1,0
2,EMIG,271,ABLA,2.9,17.5,0,1,1,NA,0,-,-,0,-,1,-,0,-,0,-,0,-,0,-,NA,1,EMIG271,42.37407974,-111.5533135,EMIG,271,ABLA,2.9,17.5,0,1,0,NA,0,-,-,0,-,0,-,0,-,0,-,0,-,0,-,NA,2,-1,2189,271,NA,Point,2213.657,NA,0.196818665,EMIG_271_239,EMIG_292_259,4.277496587,EMIG_273_241,3.336510708,NA,42.374065,-111.5532655,NA,112.4968977,42.37409018,-111.5533515,NA,-69.6690007,1,0,2,1
2,EMIG,272,ABLA,NA,3.4,0,1,0,NA,0,-,-,0,-,0,-,0,-,0,-,0,-,0,-,NA,1,EMIG272,42.37408776,-111.5533318,EMIG,272,ABLA,NA,3.4,0,1,0,NA,0,-,-,0,-,0,-,0,-,0,-,0,-,0,-,NA,2,0,2190,272,NA,Point,2211.897,NA,0.195071224,EMIG_272_240,EMIG_271_239,1.750191071,EMIG_273_241,1.644066562,NA,42.37407974,-111.5533135,NA,120.5852643,42.37409018,-111.5533515,NA,-80.59308647,0,0,1,0
2,EMIG,273,ABLA,NA,6.7,0,1,0,NA,0,-,-,0,-,0,-,0,-,0,-,0,-,0,-,NA,1,EMIG273,42.37409018,-111.5533515,EMIG,273,ABLA,NA,6.7,0,1,1,NA,0,-,-,0,-,0,-,0,-,1,-,0,-,0,-,NA,2,1,2191,273,NA,Point,2211.467,NA,0.193557102,EMIG_273_241,EMIG_271_239,3.336510708,EMIG_292_259,7.612668062,NA,42.37407974,-111.5533135,NA,110.3309737,42.374065,-111.5532655,NA,111.5477761,0,1,1,0
2,EMIG,275,ABLA,4.5,27.6,0,1,0,NA,0,-,-,0,-,0,-,0,-,0,-,0,-,0,-,NA,1,EMIG275,42.37409327,-111.5533639,EMIG,275,ABLA,4.5,27.6,0,1,0,NA,0,-,-,0,-,0,-,0,-,0,-,0,-,0,-,NA,2,0,2193,275,NA,Point,2211.404,NA,0.192512102,EMIG_275_242,EMIG_271_239,4.413170357,EMIG_273_241,1.077041443,NA,42.37407974,-111.5533135,NA,109.9028018,42.37409018,-111.5533515,NA,108.57631,0,0,1,0
2,EMIG,276,ABLA,1.4,10.9,0,1,0,NA,0,-,-,0,-,0,-,0,-,0,-,0,-,0,-,NA,1,EMIG276,42.37409601,-111.5533249,EMIG,276,ABLA,1.4,10.9,0,1,0,NA,0,-,-,0,-,0,-,0,-,0,-,0,-,0,-,NA,2,0,2194,276,NA,Point,2209.687,NA,0.195069043,EMIG_276_243,EMIG_271_239,2.035872756,EMIG_273_241,2.283727409,NA,42.37407974,-111.5533135,NA,152.5465145,42.37409018,-111.5533515,NA,-106.4671157,0,0,1,0
2,EMIG,277,ABLA,3,19.5,5.7,1,0,NA,0,-,-,0,-,0,-,0,-,0,-,0,-,0,-,NA,1,EMIG277,42.3740853,-111.5533298,EMIG,277,ABLA,3,19.5,5.7,1,0,NA,0,-,-,0,-,0,-,0,-,0,-,0,-,0,-,NA,2,0,2195,277,NA,Point,2205.541,NA,0.195355522,EMIG_277_244,EMIG_271_239,1.477223162,EMIG_273_241,1.866988908,NA,42.37407974,-111.5533135,NA,114.703994,42.37409018,-111.5533515,NA,-73.12781997,0,0,1,0
2,EMIG,278,ABLA,NA,7.1,0,1,0,NA,0,-,-,0,-,0,-,0,-,0,-,0,-,0,-,NA,1,EMIG278,42.37407788,-111.5533285,EMIG,278,ABLA,NA,7.1,0,1,0,NA,0,-,-,0,-,0,-,0,-,0,-,0,-,0,-,NA,2,0,2196,278,NA,Point,2207.688,NA,0.195884668,EMIG_278_245,EMIG_271_239,1.252144039,EMIG_273_241,2.334799365,NA,42.37407974,-111.5533135,NA,80.50606858,42.37409018,-111.5533515,NA,-54.19937605,0,0,1,0
2,EMIG,279,ABLA,1.9,12.1,2.21,1,0,NA,0,-,-,0,-,0,-,0,-,0,-,0,-,0,-,NA,1,EMIG279,42.37406362,-111.5533288,EMIG,279,ABLA,1.9,12.1,2.21,1,0,NA,0,-,-,0,-,0,-,0,-,0,-,0,-,0,-,NA,2,0,2197,279,NA,Point,2210.986,NA,0.196713797,EMIG_279_246,EMIG_271_239,2.188776281,EMIG_273_241,3.491525371,NA,42.37407974,-111.5533135,NA,35.13633995,42.37409018,-111.5533515,NA,-32.36315198,0,0,1,0
2,EMIG,280,ABLA,2.6,14.7,4.4,1,0,NA,1,-,-,0,-,0,-,0,-,0,-,0,-,0,-,1 DB,1,EMIG280,42.37406706,-111.5533296,EMIG,280,ABLA,2.6,14.7,4.4,1,0,NA,1,-,-,0,-,0,-,0,-,0,-,0,-,0,-,1 DB,2,0,2198,280,NA,Point,2210.097,NA,0.196452506,EMIG_280_247,EMIG_271_239,1.933778579,EMIG_273_241,3.137157575,NA,42.37407974,-111.5533135,NA,43.27309013,42.37409018,-111.5533515,NA,-35.08232562,0,0,1,0
2,EMIG,281,ABLA,6.3,26.5,0,1,0,NA,0,-,-,0,-,0,-,0,-,0,-,0,-,0,-,NA,1,EMIG281,42.37408859,-111.5532652,EMIG,281,ABLA,6.3,26.5,0,1,0,NA,0,-,-,0,-,0,-,0,-,0,-,0,-,0,-,NA,2,0,2199,281,NA,Point,2210.052,NA,0.199684903,EMIG_281_248,EMIG_292_259,2.619525425,EMIG_292_259,2.619525425,NA,42.374065,-111.5532655,NA,-179.459742,42.374065,-111.5532655,NA,-179.459742,0,0,2,1
2,EMIG,282,ABLA,3.8,26,6.2,1,0,NA,0,-,-,0,-,0,-,0,-,0,-,0,-,0,-,NA,1,EMIG282,42.37405922,-111.5532883,EMIG,282,ABLA,3.8,26,6.2,1,0,NA,0,-,-,0,-,0,-,0,-,0,-,0,-,0,-,NA,2,0,2200,282,NA,Point,2211.433,NA,0.199784702,EMIG_282_249,EMIG_292_259,1.983874661,EMIG_292_259,1.983874661,NA,42.374065,-111.5532655,NA,71.12460689,42.374065,-111.5532655,NA,71.12460689,0,0,2,1
2,EMIG,283,ABLA,2.9,19.8,5.4,1,0,NA,0,-,-,0,-,0,-,0,-,0,-,0,-,0,-,NA,1,EMIG283,42.37405658,-111.5532988,EMIG,283,ABLA,2.9,19.8,5.4,1,0,NA,0,-,-,0,-,0,-,0,-,0,-,0,-,0,-,NA,2,0,2201,283,NA,Point,2210.844,NA,0.199212691,EMIG_283_250,EMIG_271_239,2.842227625,EMIG_292_259,2.896717493,NA,42.37407974,-111.5533135,NA,-25.20294048,42.374065,-111.5532655,NA,71.16999585,0,0,1,0
2,EMIG,284,ABLA,NA,0.9,0,1,0,NA,2,-,-,0,-,0,-,0,-,0,-,0,-,0,-,"5 Dead, 2 DB",1,EMIG284,42.37405381,-111.5532987,EMIG,284,ABLA,NA,0.9,0,1,0,NA,2,-,-,0,-,0,-,0,-,0,-,0,-,0,-,"5 Dead, 2 DB",2,0,2202,284,NA,Point,2211.337,NA,0.19938491,EMIG_284_251,EMIG_292_259,3.002605039,EMIG_292_259,3.002605039,NA,42.374065,-111.5532655,NA,65.55521421,42.374065,-111.5532655,NA,65.55521421,0,0,2,1
2,EMIG,285,ABLA,1,7.6,2.7,1,0,NA,0,-,-,0,-,0,-,0,-,0,-,0,-,0,-,NA,1,EMIG285,42.37405826,-111.5533059,EMIG,285,ABLA,1,7.6,2.7,1,0,NA,0,-,-,0,-,0,-,0,-,0,-,0,-,0,-,NA,2,0,2203,285,NA,Point,2210.544,NA,0.198620257,EMIG_285_252,EMIG_271_239,2.465830549,EMIG_292_259,3.409405592,NA,42.37407974,-111.5533135,NA,-14.7001431,42.374065,-111.5532655,NA,77.3196639,0,0,1,0
2,EMIG,286,ABLA,1.9,12.3,0,1,0,NA,0,-,-,0,-,0,-,0,-,0,-,0,-,0,-,NA,1,EMIG286,42.3740486,-111.5533389,EMIG,286,ABLA,1.9,12.3,0,1,0,NA,0,-,-,0,-,0,-,0,-,0,-,0,-,0,-,NA,2,0,2204,286,NA,Point,2211.367,NA,0.196923714,EMIG_286_253,EMIG_271_239,4.040966353,EMIG_273_241,4.732111072,NA,42.37407974,-111.5533135,NA,31.16562672,42.37409018,-111.5533515,NA,-12.66348455,0,0,1,0
2,EMIG,287,ABLA,1.4,8.9,0,1,0,NA,0,-,-,0,-,0,-,0,-,0,-,0,-,0,-,NA,1,EMIG287,42.37404478,-111.5533219,EMIG,287,ABLA,1.4,8.9,0,1,0,NA,0,-,-,0,-,0,-,0,-,0,-,0,-,0,-,NA,2,0,2205,287,NA,Point,2212.563,NA,0.198325612,EMIG_287_254,EMIG_271_239,3.943047496,EMIG_292_259,5.157884169,NA,42.37407974,-111.5533135,NA,10.10172746,42.374065,-111.5532655,NA,64.19583411,0,0,1,0
2,EMIG,288,ABLA,1.6,10,0,1,0,NA,0,-,-,0,-,0,-,0,-,0,-,0,-,0,-,NA,1,EMIG288,42.37402576,-111.553307,EMIG,288,ABLA,1.6,10,0,1,0,NA,0,-,-,0,-,0,-,0,-,0,-,0,-,0,-,NA,2,0,2206,288,NA,Point,2212.857,NA,0.200507664,EMIG_288_255,EMIG_454_269,5.527479125,EMIG_292_259,5.537107417,NA,42.37401705,-111.5533731,NA,-100.0769562,42.374065,-111.5532655,NA,38.10292272,0,0,1,0
2,EMIG,289,ABLA,1.3,8.5,0,1,0,NA,0,-,-,0,-,0,-,0,-,0,-,0,-,0,-,NA,1,EMIG289,42.37404126,-111.5533188,EMIG,289,ABLA,1.3,8.5,0,1,0,NA,0,-,-,0,-,0,-,0,-,0,-,0,-,0,-,NA,2,0,2207,289,NA,Point,2208.746,NA,0.198752553,EMIG_289_256,EMIG_271_239,4.295003458,EMIG_292_259,5.119220032,NA,42.37407974,-111.5533135,NA,5.831206099,42.374065,-111.5532655,NA,59.00688146,0,0,1,0
2,EMIG,290,ABLA,2.4,15,0,1,0,NA,0,-,-,0,-,0,-,0,-,0,-,0,-,0,-,NA,1,EMIG290,42.37405362,-111.5532989,EMIG,290,ABLA,2.4,15,0,1,0,NA,0,-,-,0,-,0,-,0,-,0,-,0,-,0,-,NA,2,0,2208,290,NA,Point,2211.012,NA,0.199382403,EMIG_290_257,EMIG_292_259,3.026351385,EMIG_292_259,3.026351385,NA,42.374065,-111.5532655,NA,65.32060252,42.374065,-111.5532655,NA,65.32060252,0,0,2,1
2,EMIG,291,ABLA,1.2,8.6,0,1,0,NA,0,-,-,0,-,0,-,0,-,0,-,0,-,0,-,NA,1,EMIG291,42.37405561,-111.5532979,EMIG,291,ABLA,1.2,8.6,0,1,0,NA,0,-,-,0,-,0,-,0,-,0,-,0,-,0,-,NA,2,0,2209,291,NA,Point,2209.109,NA,0.19933293,EMIG_291_258,EMIG_292_259,2.864114265,EMIG_292_259,2.864114265,NA,42.374065,-111.5532655,NA,68.6513963,42.374065,-111.5532655,NA,68.6513963,0,0,2,1
2,EMIG,292,ABLA,2.7,17.1,0,1,1,NA,1,-,-,1,-,1,-,0,-,0,-,0,-,0,-,"1 DB, Obstructed Low, WOB",1,EMIG292,42.374065,-111.5532655,EMIG,292,ABLA,2.7,17.1,0,1,1,NA,1,-,-,1,-,0,-,0,-,0,-,0,-,0,-,"1 DB, Obstructed Low, WOB",2,0,2210,292,NA,Point,2210.291,NA,0.20103262,EMIG_292_259,EMIG_271_239,4.277496587,EMIG_273_241,7.612668062,NA,42.37407974,-111.5533135,NA,-67.50306991,42.37409018,-111.5533515,NA,-68.4521659,2,1,1,0
2,EMIG,293,ABLA,2.2,13.9,0,1,0,NA,0,-,-,0,-,0,-,0,-,0,-,0,-,0,-,NA,1,EMIG293,42.37404906,-111.5532587,EMIG,293,ABLA,2.2,13.9,0,1,0,NA,0,-,-,0,-,0,-,0,-,0,-,0,-,0,-,NA,2,0,2212,293,NA,Point,2212.324,NA,0.202444464,EMIG_293_260,EMIG_292_259,1.856396886,EMIG_292_259,1.856396886,NA,42.374065,-111.5532655,NA,-17.55290451,42.374065,-111.5532655,NA,-17.55290451,0,0,2,1
2,EMIG,294,ABLA,4.6,25,0,1,0,NA,0,-,-,0,-,0,-,0,-,0,-,0,-,0,-,NA,1,EMIG294,42.37404399,-111.5532697,EMIG,294,ABLA,4.6,25,0,1,0,NA,0,-,-,0,-,0,-,0,-,0,-,0,-,0,-,NA,2,0,2213,294,NA,Point,2212.211,NA,0.201981145,EMIG_294_261,EMIG_292_259,2.358417198,EMIG_292_259,2.358417198,NA,42.374065,-111.5532655,NA,8.431276312,42.374065,-111.5532655,NA,8.431276312,0,0,2,1
2,EMIG,295,ABLA,NA,5.8,0,1,0,NA,0,-,-,0,-,0,-,0,-,0,-,0,-,0,-,NA,1,EMIG295,42.3740215,-111.5533182,EMIG,295,ABLA,NA,5.8,0,1,0,NA,0,-,-,0,-,0,-,0,-,0,-,0,-,0,-,NA,2,0,2214,295,NA,Point,2211.002,NA,0.200001537,EMIG_295_262,EMIG_454_269,4.547008548,EMIG_456_270,5.592839782,NA,42.37401705,-111.5533731,NA,-96.23863323,42.3739948,-111.5533758,NA,-122.0118992,0,0,1,0
2,EMIG,296,ABLA,NA,4.8,0,1,0,NA,0,-,-,0,-,0,-,0,-,0,-,0,-,0,-,NA,1,EMIG296,42.37400499,-111.5532936,EMIG,296,ABLA,NA,4.8,0,1,0,NA,0,-,-,0,-,0,-,0,-,0,-,0,-,0,-,NA,2,0,2215,296,NA,Point,2210.108,NA,0.202701097,EMIG_296_263,EMIG_454_269,6.681054011,EMIG_456_270,6.861706418,NA,42.37401705,-111.5533731,NA,-78.43746387,42.3739948,-111.5533758,NA,-99.49132624,0,0,1,0
2,EMIG,297,ABLA,2.2,13,0,1,0,NA,0,-,-,0,-,0,-,0,-,0,-,0,-,0,-,NA,1,EMIG297,42.37400008,-111.5532987,EMIG,297,ABLA,2.2,13,0,1,0,NA,0,-,-,0,-,0,-,0,-,0,-,0,-,0,-,NA,2,0,2216,297,NA,Point,2210.493,NA,0.202656907,EMIG_297_264,EMIG_456_270,6.374891975,EMIG_456_270,6.374891975,NA,42.3739948,-111.5533758,NA,-95.27680542,42.3739948,-111.5533758,NA,-95.27680542,0,0,2,2
2,EMIG,298,ABLA,2.4,13.5,0,1,0,NA,0,-,-,0,-,0,-,0,-,0,-,0,-,0,-,NA,1,EMIG298,42.37399096,-111.5533101,EMIG,298,ABLA,2.4,13.5,0,1,0,NA,0,-,-,0,-,0,-,0,-,0,-,0,-,0,-,NA,2,0,2217,298,NA,Point,2211.361,NA,0.202450213,EMIG_298_265,EMIG_456_270,5.426058256,EMIG_456_270,5.426058256,NA,42.3739948,-111.5533758,NA,-85.49292393,42.3739948,-111.5533758,NA,-85.49292393,0,0,2,2
2,EMIG,451,ABLA,3.3,17.8,0,1,0,NA,1,-,-,0,-,0,-,0,-,0,-,0,-,0,-,WOB,1,EMIG451,42.37398455,-111.5533292,EMIG,451,ABLA,3.3,17.8,0,1,0,NA,1,-,-,0,-,0,-,0,-,0,-,0,-,0,-,WOB,2,0,2219,451,NA,Point,2211.446,NA,0.201561164,EMIG_451_266,EMIG_459_273,3.890981181,EMIG_456_270,4.001973779,NA,42.37397591,-111.553375,NA,-104.2742751,42.3739948,-111.5533758,NA,-73.47717723,0,0,1,0
2,EMIG,452,ABLA,NA,9.2,0,1,0,NA,0,-,-,0,-,0,-,0,-,0,-,0,-,0,-,NA,1,EMIG452,42.37397727,-111.5533307,EMIG,452,ABLA,NA,9.2,0,1,0,NA,0,-,-,0,-,0,-,0,-,0,-,0,-,0,-,NA,2,0,2220,452,NA,Point,2211.963,NA,0.201922299,EMIG_452_267,EMIG_459_273,3.650478394,EMIG_456_270,4.192482624,NA,42.37397591,-111.553375,NA,-92.37087322,42.3739948,-111.5533758,NA,-62.33593254,0,0,1,0
2,EMIG,453,ABLA,4.2,24.2,0,1,0,NA,0,-,-,0,-,0,-,0,-,0,-,0,-,0,-,NA,1,EMIG453,42.37398587,-111.5533353,EMIG,453,ABLA,4.2,24.2,0,1,0,NA,0,-,-,0,-,0,-,0,-,0,-,0,-,0,-,NA,2,0,2221,453,NA,Point,2212.016,NA,0.201065763,EMIG_453_268,EMIG_459_273,3.45065302,EMIG_456_270,3.478797468,NA,42.37397591,-111.553375,NA,-108.6933923,42.3739948,-111.5533758,NA,-73.4390657,0,0,1,0
2,EMIG,454,ABLA,5.5,34.1,0,1,1,NA,4,-,-,0,-,0,-,1,-,0,-,0,-,0,-,2 DB,1,EMIG454,42.37401705,-111.5533731,EMIG,454,ABLA,5.5,34.1,0,1,0,NA,4,-,-,0,-,0,-,0,-,0,-,0,-,0,-,2 DB,2,-1,2222,454,NA,Point,2212.78,NA,0.196540841,EMIG_454_269,EMIG_456_270,2.48059753,EMIG_456_270,2.48059753,NA,42.3739948,-111.5533758,NA,-174.8585324,42.3739948,-111.5533758,NA,-174.8585324,1,0,2,2
2,EMIG,456,ABLA,3.8,14.9,0,1,1,NA,0,-,-,0,-,0,-,1,-,0,-,1,-,0,-,NA,1,EMIG456,42.3739948,-111.5533758,EMIG,456,ABLA,3.8,14.9,0,1,1,NA,0,-,-,0,-,1,-,0,-,1,-,0,-,0,-,NA,2,0,2223,456,NA,Point,2212.186,NA,0.197769502,EMIG_456_270,EMIG_459_273,2.098559781,EMIG_273_241,10.77821109,NA,42.37397591,-111.553375,NA,178.2013911,42.37409018,-111.5533515,NA,10.69748548,2,2,1,0
2,EMIG,457,ABLA,2.3,13.5,0,1,0,NA,1,-,-,0,-,0,-,0,-,0,-,0,-,0,-,1 DB,1,EMIG457,42.37398801,-111.553378,EMIG,457,ABLA,2.3,13.5,0,1,0,NA,1,-,-,0,-,0,-,0,-,0,-,0,-,0,-,1 DB,2,0,2224,457,NA,Point,2211.083,NA,0.198056859,EMIG_457_271,EMIG_456_270,0.775407269,EMIG_456_270,0.775407269,NA,42.3739948,-111.5533758,NA,13.50892117,42.3739948,-111.5533758,NA,13.50892117,0,0,2,2
2,EMIG,458,ABLA,1.4,10.3,0,1,0,NA,0,-,-,0,-,0,-,0,-,0,-,0,-,0,-,NA,1,EMIG458,42.373986,-111.5533883,EMIG,458,ABLA,1.4,10.3,0,1,0,NA,0,-,-,0,-,0,-,0,-,0,-,0,-,0,-,NA,2,0,2225,458,NA,Point,2209.666,NA,0.197496493,EMIG_458_272,EMIG_456_270,1.419149039,EMIG_456_270,1.419149039,NA,42.3739948,-111.5533758,NA,46.4852403,42.3739948,-111.5533758,NA,46.4852403,0,0,2,2
2,EMIG,459,ABLA,1.1,9.5,0,1,1,NA,0,-,-,0,-,0,-,0,-,1,-,0,-,0,-,NA,1,EMIG459,42.37397591,-111.553375,EMIG,459,ABLA,1.1,9.5,0,1,0,NA,0,-,-,0,-,0,-,0,-,0,-,0,-,0,-,NA,2,-1,2226,459,NA,Point,2211.25,NA,0.199037599,EMIG_459_273,EMIG_456_270,2.098559781,EMIG_456_270,2.098559781,NA,42.3739948,-111.5533758,NA,-1.798608366,42.3739948,-111.5533758,NA,-1.798608366,1,0,2,2
2,EMIG,460,ABLA,NA,5.8,0,1,0,NA,0,-,-,0,-,0,-,0,-,0,-,0,-,0,-,NA,1,EMIG460,42.37398623,-111.5533967,EMIG,460,ABLA,NA,5.8,0,1,0,NA,0,-,-,0,-,0,-,0,-,0,-,0,-,0,-,NA,2,0,2228,460,NA,Point,2212.213,NA,0.196920141,EMIG_460_274,EMIG_456_270,1.966358346,EMIG_456_270,1.966358346,NA,42.3739948,-111.5533758,NA,61.05679934,42.3739948,-111.5533758,NA,61.05679934,0,0,2,2
2,EMIG,461,ABLA,1.3,9.7,0,1,0,NA,1,-,-,0,-,0,-,0,-,0,-,0,-,0,-,1 DB,1,EMIG461,42.37396947,-111.5533764,EMIG,461,ABLA,1.3,9.7,0,1,0,NA,1,-,-,0,-,0,-,0,-,0,-,0,-,0,-,1 DB,2,0,2229,461,NA,Point,2211.438,NA,0.199361606,EMIG_461_275,EMIG_459_273,0.724321244,EMIG_456_270,2.813050527,NA,42.37397591,-111.553375,NA,9.156803542,42.3739948,-111.5533758,NA,1.006219399,0,0,1,0
2,EMIG,462,ABLA,1.2,8.4,0,1,0,NA,0,-,-,0,-,0,-,0,-,0,-,0,-,0,-,NA,1,EMIG462,42.37396775,-111.5533793,EMIG,462,ABLA,1.2,8.4,0,1,0,NA,0,-,-,0,-,0,-,0,-,0,-,0,-,0,-,NA,2,0,2230,462,NA,Point,2210.981,NA,0.199280236,EMIG_462_276,EMIG_459_273,0.972787659,EMIG_456_270,3.017395377,NA,42.37397591,-111.553375,NA,21.34209234,42.3739948,-111.5533758,NA,5.480180308,0,0,1,0
2,EMIG,463,ABLA,1,7.3,0,1,0,NA,0,-,-,0,-,0,-,0,-,0,-,0,-,0,-,NA,1,EMIG463,42.37395208,-111.553385,EMIG,463,ABLA,1,7.3,0,1,0,NA,0,-,-,0,-,0,-,0,-,0,-,0,-,0,-,NA,2,0,2231,463,NA,Point,2212.828,NA,0.199927898,EMIG_463_277,EMIG_459_273,2.771190662,EMIG_456_270,4.803680093,NA,42.37397591,-111.553375,NA,17.28371384,42.3739948,-111.5533758,NA,9.072495497,0,0,1,0
2,EMIG,464,ABLA,1.2,7.9,0,1,0,NA,0,-,-,0,-,0,-,0,-,0,-,0,-,0,-,NA,1,EMIG464,42.37393792,-111.5533825,EMIG,464,ABLA,1.2,7.9,0,1,0,NA,0,-,-,0,-,0,-,0,-,0,-,0,-,0,-,NA,2,0,NA,464,NA,Point,2212.559,NA,0.201029214,EMIG_464_278,EMIG_459_273,4.263325972,EMIG_456_270,6.339939794,NA,42.37397591,-111.553375,NA,8.327982076,42.3739948,-111.5533758,NA,4.991554421,0,0,1,0
2,EMIG,465,ABLA,1.2,8.5,0,1,0,NA,0,-,-,0,-,0,-,0,-,0,-,0,-,0,-,NA,1,EMIG465,42.37393792,-111.5533825,EMIG,465,ABLA,1.2,8.5,0,1,0,NA,0,-,-,0,-,0,-,0,-,0,-,0,-,0,-,NA,2,0,2232,465,NA,Point,2212.559,NA,0.201029214,EMIG_465_279,EMIG_459_273,4.263325972,EMIG_456_270,6.339939794,NA,42.37397591,-111.553375,NA,8.327982076,42.3739948,-111.5533758,NA,4.991554421,0,0,1,0
2,EMIG,466,ABLA,NA,5.3,0,1,0,NA,2,-,-,0,-,0,-,0,-,0,-,0,-,0,-,WOB,1,EMIG466,42.37393735,-111.5533835,EMIG,466,ABLA,NA,5.3,0,1,0,NA,2,-,-,0,-,0,-,0,-,0,-,0,-,0,-,WOB,2,0,2233,466,NA,Point,2212.295,NA,0.201001161,EMIG_466_280,EMIG_459_273,4.338478286,EMIG_456_270,6.410612307,NA,42.37397591,-111.553375,NA,9.28281949,42.3739948,-111.5533758,NA,5.675423705,0,0,1,0
2,EMIG,467,ABLA,5.6,33.4,0,1,1,NA,1,NA,-,0,-,0,-,0,-,0,-,1,NA,0,-,NA,1,EMIG467,42.37394494,-111.5532556,EMIG,467,ABLA,5.6,33.4,0,1,0,NA,1,NA,-,0,-,0,-,0,-,0,-,0,-,0,-,NA,2,-1,2234,467,NA,Point,2208.628,NA,0.209039328,EMIG_467_281,EMIG_470_285,2.771334422,EMIG_476_291,3.25259007,NA,42.37394345,-111.553222,NA,93.4225689,42.37392391,-111.5532281,NA,135.8842667,1,0,2,0
2,EMIG,468,ABLA,2.5,16.3,0,1,0,NA,0,-,-,0,-,0,-,0,-,0,-,0,-,0,-,NA,1,EMIG468,42.37394025,-111.5532494,EMIG,468,ABLA,2.5,16.3,0,1,0,NA,0,-,-,0,-,0,-,0,-,0,-,0,-,0,-,NA,2,0,2235,468,NA,Point,2212.262,NA,0.209755147,EMIG_468_282,EMIG_467_281,0.729231658,EMIG_476_291,2.523372313,NA,42.37394494,-111.5532556,NA,-44.42732484,42.37392391,-111.5532281,NA,135.9743188,0,0,1,0
2,EMIG,299,ABLA,NA,4.8,0,1,0,NA,0,-,-,0,-,0,-,0,-,0,-,0,-,0,-,NA,1,EMIG299,42.37400024,-111.5533261,EMIG,299,ABLA,NA,4.8,0,1,0,NA,0,-,-,0,-,0,-,0,-,0,-,0,-,0,-,NA,2,0,2218,299,NA,Point,2207.288,NA,0.200782966,EMIG_299_283,EMIG_456_270,4.136295194,EMIG_456_270,4.136295194,NA,42.3739948,-111.5533758,NA,-98.39731432,42.3739948,-111.5533758,NA,-98.39731432,0,0,2,2
2,EMIG,469,ABLA,NA,6.5,0,1,0,NA,1,-,-,0,-,0,-,0,-,0,-,0,-,0,-,1 DB,1,EMIG469,42.37394345,-111.553222,EMIG,469,ABLA,NA,6.5,0,1,0,NA,1,-,-,0,-,0,-,0,-,0,-,0,-,0,-,1 DB,2,0,NA,469,NA,Point,2211.724,NA,0.211406018,EMIG_469_284,EMIG_467_281,2.771334422,EMIG_476_291,2.227069797,NA,42.37394494,-111.5532556,NA,-86.57740845,42.37392391,-111.5532281,NA,-166.966987,0,0,1,0
2,EMIG,470,ABLA,1.8,7.5,0,1,1,NA,1,-,-,0,-,1,-,0,-,0,-,0,-,1,-,1 DB,1,EMIG470,42.37394345,-111.553222,EMIG,470,ABLA,1.8,7.5,0,1,0,NA,1,-,-,0,-,0,-,0,-,0,-,0,-,0,-,1 DB,2,-1,NA,470,NA,Point,2211.724,NA,0.211406018,EMIG_470_285,EMIG_467_281,2.771334422,EMIG_476_291,2.227069797,NA,42.37394494,-111.5532556,NA,-86.57740845,42.37392391,-111.5532281,NA,-166.966987,2,0,1,0
2,EMIG,471,ABLA,1.9,8.5,0,1,1,NA,2,-,-,0,-,0,-,0,-,0,-,1,-,0,-,2 DB,1,EMIG471,42.37394345,-111.553222,EMIG,471,ABLA,1.9,8.5,0,1,0,NA,2,-,-,0,-,0,-,0,-,0,-,0,-,0,-,2 DB,2,-1,2236,471,NA,Point,2211.724,NA,0.211406018,EMIG_471_286,EMIG_467_281,2.771334422,EMIG_476_291,2.227069797,NA,42.37394494,-111.5532556,NA,-86.57740845,42.37392391,-111.5532281,NA,-166.966987,1,0,1,0
2,EMIG,472,ABLA,1.3,8.2,0,1,0,NA,0,-,-,0,-,0,-,0,-,0,-,0,-,0,-,NA,1,EMIG472,42.37394038,-111.5532438,EMIG,472,ABLA,1.3,8.2,0,1,0,NA,0,-,-,0,-,0,-,0,-,0,-,0,-,0,-,NA,2,0,2237,472,NA,Point,2210.15,NA,0.210124789,EMIG_472_287,EMIG_467_281,1.095558759,EMIG_476_291,2.239518455,NA,42.37394494,-111.5532556,NA,-62.47258272,42.37392391,-111.5532281,NA,144.746791,0,0,1,0
2,EMIG,473,ABLA,3.8,22.4,0,1,0,NA,0,-,-,0,-,0,-,0,-,0,-,0,-,0,-,NA,1,EMIG473,42.37394063,-111.5532418,EMIG,473,ABLA,3.8,22.4,0,1,0,NA,0,-,-,0,-,0,-,0,-,0,-,0,-,0,-,NA,2,0,2238,473,NA,Point,2209.374,NA,0.210244003,EMIG_473_288,EMIG_467_281,1.232874397,EMIG_476_291,2.172362391,NA,42.37394494,-111.5532556,NA,-67.15865881,42.37392391,-111.5532281,NA,148.7191436,0,0,1,0
2,EMIG,474,ABLA,NA,6.5,0,1,0,NA,0,-,-,0,-,0,-,0,-,0,-,0,-,0,-,NA,1,EMIG474,42.37392988,-111.5532366,EMIG,474,ABLA,NA,6.5,0,1,0,NA,0,-,-,0,-,0,-,0,-,0,-,0,-,0,-,NA,2,0,2239,474,NA,Point,2209.26,NA,0.211276978,EMIG_474_289,EMIG_470_285,1.927536677,EMIG_476_291,0.963952131,NA,42.37394345,-111.553222,NA,38.58144688,42.37392391,-111.5532281,NA,133.4477155,0,0,2,0
2,EMIG,475,ABLA,1.5,10.1,0,1,0,NA,0,-,-,0,-,0,-,0,-,0,-,0,-,0,-,NA,1,EMIG475,42.37391955,-111.5532263,EMIG,475,ABLA,1.5,10.1,0,1,0,NA,0,-,-,0,-,0,-,0,-,0,-,0,-,0,-,NA,2,0,2240,475,NA,Point,2209.146,NA,0.21262861,EMIG_475_290,EMIG_470_285,2.677341539,EMIG_477_292,0.089941552,NA,42.37394345,-111.553222,NA,7.598633559,42.37392036,-111.5532263,NA,0,0,0,2,0
2,EMIG,476,ABLA,3.1,18.9,2,1,0,NA,2,-,-,0,-,0,-,0,-,0,-,0,-,0,-,2 DB,1,EMIG476,42.37392391,-111.5532281,EMIG,476,ABLA,3.1,18.9,2,1,1,NA,2,-,-,0,-,1,-,0,-,0,-,0,-,0,-,2 DB,2,1,2241,476,NA,Point,2208.762,NA,0.212229508,EMIG_476_291,EMIG_470_285,2.227069797,EMIG_477_292,0.421126489,NA,42.37394345,-111.553222,NA,13.03300889,42.37392036,-111.5532263,NA,159.3956748,0,1,2,0
2,EMIG,477,ABLA,9.7,36.7,5.9,1,0,NA,4,-,-,0,-,0,-,0,-,0,-,0,-,0,-,3 DB,1,EMIG477,42.37392036,-111.5532263,EMIG,477,ABLA,9.7,36.7,5.9,1,1,NA,4,-,-,1,-,0,-,0,-,0,-,1,-,0,-,3 DB,2,1,2242,477,NA,Point,2202.34,NA,0.21257693,EMIG_477_292,EMIG_470_285,2.588217117,EMIG_476_291,0.421126489,NA,42.37394345,-111.553222,NA,7.861916589,42.37392391,-111.5532281,NA,-20.60432398,0,2,2,0
2,EMIG,478,ABLA,3.1,10.9,1.8,1,0,NA,0,-,-,0,-,0,-,0,-,0,-,0,-,0,-,NA,1,EMIG478,42.37391293,-111.5532203,EMIG,478,ABLA,3.1,10.9,1.8,1,0,NA,0,-,-,0,-,0,-,0,-,0,-,0,-,0,-,NA,2,0,2243,478,NA,Point,2202.226,NA,0.213454945,EMIG_478_293,EMIG_470_285,3.391798001,EMIG_477_292,0.961608931,NA,42.37394345,-111.553222,NA,-2.365044235,42.37392036,-111.5532263,NA,-30.91199967,0,0,2,0
2,EMIG,479,ABLA,1.3,8,0,1,0,NA,0,-,-,0,-,0,-,0,-,0,-,0,-,0,-,NA,1,EMIG479,42.37390646,-111.5532152,EMIG,479,ABLA,1.3,8,0,1,0,NA,0,-,-,0,-,0,-,0,-,0,-,0,-,0,-,NA,2,0,2244,479,NA,Point,2203.714,NA,0.214211728,EMIG_479_294,EMIG_470_285,4.145312501,EMIG_477_292,1.793716899,NA,42.37394345,-111.553222,NA,-7.762075868,42.37392036,-111.5532263,NA,-30.6304842,0,0,2,0
2,EMIG,480,ABLA,NA,3.2,0,1,0,NA,0,-,-,0,-,0,-,0,-,0,-,0,-,0,-,NA,1,EMIG480,42.37390416,-111.5532033,EMIG,480,ABLA,NA,3.2,0,1,0,NA,0,-,-,0,-,0,-,0,-,0,-,0,-,0,-,NA,2,0,2245,480,NA,Point,2205.502,NA,0.215158218,EMIG_480_295,EMIG_485_301,3.665242028,EMIG_477_292,2.611847595,NA,42.37388908,-111.5531637,NA,117.1840441,42.37392036,-111.5532263,NA,-46.47114085,0,0,4,3
2,EMIG,481,ABLA,2.1,12.8,0,1,0,NA,0,-,-,0,-,0,-,0,-,0,-,0,-,0,-,NA,1,EMIG481,42.37388964,-111.5532255,EMIG,481,ABLA,2.1,12.8,0,1,0,NA,0,-,-,0,-,0,-,0,-,0,-,0,-,0,-,NA,2,0,2246,481,NA,Point,2209.009,NA,0.214608019,EMIG_481_296,EMIG_485_301,5.088568546,EMIG_484_300,0.785010141,NA,42.37388908,-111.5531637,NA,90.70014547,42.37388753,-111.5532346,NA,-107.3649795,0,0,4,3
2,EMIG,482,ABLA,1.7,9.4,0.8,1,0,NA,3,-,-,0,-,0,-,0,-,0,-,0,-,0,-,1 DB,1,EMIG482,42.37388218,-111.5532471,EMIG,482,ABLA,1.7,9.4,0.8,1,0,NA,3,-,-,0,-,0,-,0,-,0,-,0,-,0,-,1 DB,2,0,2247,482,NA,Point,2211.226,NA,0.21365922,EMIG_482_297,EMIG_485_301,6.909197103,EMIG_484_300,1.188311751,NA,42.37388908,-111.5531637,NA,83.63328326,42.37388753,-111.5532346,NA,60.00542296,0,0,4,3
2,EMIG,483,ABLA,NA,5.7,0,1,0,NA,0,-,-,0,-,0,-,0,-,0,-,0,-,0,-,NA,1,EMIG483,42.37389403,-111.553239,EMIG,483,ABLA,NA,5.7,0,1,0,NA,0,-,-,0,-,0,-,0,-,0,-,0,-,0,-,NA,2,0,2248,483,NA,Point,2210.5,NA,0.213422912,EMIG_483_298,EMIG_470_285,5.663232891,EMIG_484_300,0.807566848,NA,42.37394345,-111.553222,NA,14.30886848,42.37388753,-111.5532346,NA,153.3467874,0,0,2,0
2,EMIG,7429,ABLA,4.9,35.4,2,1,0,NA,1,-,-,0,-,0,-,0,-,0,-,0,-,0,-,1 DB,1,EMIG7429,42.37389605,-111.5532359,EMIG,7429,ABLA,4.9,35.4,2,1,0,NA,1,-,-,0,-,0,-,0,-,0,-,0,-,0,-,1 DB,2,0,2291,7429,NA,Point,2211.499,NA,0.213498268,EMIG_7429_299,EMIG_470_285,5.38623085,EMIG_484_300,0.952087301,NA,42.37394345,-111.553222,NA,12.26732852,42.37388753,-111.5532346,NA,173.5451969,0,0,2,0
2,EMIG,484,ABLA,1.7,NA,0,1,0,NA,3,-,-,0,-,0,-,0,-,0,-,0,-,0,-,"Bent, WOB",1,EMIG484,42.37388753,-111.5532346,EMIG,484,ABLA,1.7,NA,0,1,1,NA,3,-,-,0,-,1,-,0,-,0,-,0,-,0,-,"Bent, WOB",2,1,2249,484,NA,Point,2208.278,NA,0.214139242,EMIG_484_300,EMIG_485_301,5.839957058,EMIG_477_292,3.708907261,NA,42.37388908,-111.5531637,NA,88.31115783,42.37392036,-111.5532263,NA,10.61738752,0,1,4,3
2,EMIG,485,ABLA,4.4,21.3,0,1,1,NA,0,-,-,0,-,1,-,1,-,0,-,1,-,1,-,NA,1,EMIG485,42.37388908,-111.5531637,EMIG,485,ABLA,4.4,21.3,0,1,1,NA,0,-,-,0,-,1,-,0,-,0,-,1,-,1,-,NA,2,0,2250,485,NA,Point,2209.794,NA,0.218784336,EMIG_485_301,EMIG_491_307,1.948501344,EMIG_488_304,2.295971494,NA,42.37387225,-111.553157,NA,163.5543371,42.37388565,-111.5531362,NA,99.54854872,4,3,1,0
2,EMIG,486,ABLA,1.8,6.9,0,1,0,NA,0,-,-,0,-,0,-,0,-,0,-,0,-,0,-,Broken top,1,EMIG486,42.37388693,-111.5531346,EMIG,486,ABLA,1.8,6.9,0,1,0,NA,0,-,-,0,-,0,-,0,-,0,-,0,-,0,-,Broken top,2,0,NA,486,NA,Point,2213.058,NA,0.220883187,EMIG_486_302,EMIG_496_312,2.168778705,EMIG_488_304,0.193789812,NA,42.37386743,-111.5531331,NA,176.7355613,42.37388565,-111.5531362,NA,-137.1741079,0,0,1,2
2,EMIG,487,ABLA,3.8,22.7,0,1,1,NA,0,-,-,0,-,1,-,0,-,1,-,2,-,1,-,NA,1,EMIG487,42.37388693,-111.5531346,EMIG,487,ABLA,3.8,22.7,0,1,1,NA,0,-,-,0,-,1,-,1,-,1,-,1,-,0,-,NA,2,0,2251,487,NA,Point,2213.058,NA,0.220883187,EMIG_487_303,EMIG_496_312,2.168778705,EMIG_488_304,0.193789812,NA,42.37386743,-111.5531331,NA,176.7355613,42.37388565,-111.5531362,NA,-137.1741079,5,4,1,2
2,EMIG,488,ABLA,2.2,13.4,0,1,0,NA,0,-,-,0,-,0,-,0,-,0,-,0,-,0,-,NA,1,EMIG488,42.37388565,-111.5531362,EMIG,488,ABLA,2.2,13.4,0,1,1,NA,0,-,-,1,-,0,-,0,-,0,-,0,-,0,-,NA,2,1,2252,488,NA,Point,2210.539,NA,0.220856149,EMIG_488_304,EMIG_487_303,0.193789812,EMIG_487_303,0.193789812,NA,42.37388693,-111.5531346,NA,42.82589102,42.37388693,-111.5531346,NA,42.82589102,0,1,5,4
2,EMIG,489,ABLA,2.3,12.2,0,1,0,NA,0,-,-,0,-,0,-,0,-,0,-,0,-,0,-,NA,1,EMIG489,42.37387252,-111.5531202,EMIG,489,ABLA,2.3,12.2,0,1,0,NA,0,-,-,0,-,0,-,0,-,0,-,0,-,0,-,NA,2,0,2253,489,NA,Point,2209.782,NA,0.222768514,EMIG_489_305,EMIG_496_312,1.203116705,EMIG_496_312,1.203116705,NA,42.37386743,-111.5531331,NA,-118.0193702,42.37386743,-111.5531331,NA,-118.0193702,0,0,1,2
2,EMIG,490,ABLA,1.7,9.4,0,1,1,NA,0,-,-,0,-,0,-,0,-,0,-,1,-,0,-,NA,1,EMIG490,42.37386982,-111.5531523,EMIG,490,ABLA,1.7,9.4,0,1,1,NA,0,-,-,0,-,0,-,0,-,1,-,0,-,0,-,NA,2,0,2254,490,NA,Point,2209.356,NA,0.220782724,EMIG_490_306,EMIG_492_308,0.374802161,EMIG_494_310,1.49651057,NA,42.37387033,-111.5531568,NA,-81.30974381,42.37385833,-111.5531618,NA,-148.4891924,1,1,1,0
2,EMIG,491,ABLA,1.6,9.4,0,1,1,NA,1,-,-,0,-,0,-,0,-,1,-,0,-,0,-,WOB,1,EMIG491,42.37387225,-111.553157,EMIG,491,ABLA,1.6,9.4,0,1,0,NA,1,-,-,0,-,0,-,0,-,0,-,0,-,0,-,WOB,2,-1,2255,491,NA,Point,2208.449,NA,0.220311483,EMIG_491_307,EMIG_492_308,0.213829761,EMIG_490_306,0.47174989,NA,42.37387033,-111.5531568,NA,175.5833852,42.37386982,-111.5531523,NA,124.8873969,1,0,1,0
2,EMIG,492,ABLA,NA,8.3,0,1,1,NA,0,-,-,0,-,1,-,0,-,0,-,0,-,0,-,NA,1,EMIG492,42.37387033,-111.5531568,EMIG,492,ABLA,NA,8.3,0,1,0,NA,0,-,-,0,-,0,-,0,-,0,-,0,-,0,-,NA,2,-1,2256,492,NA,Point,2209.251,NA,0.220448308,EMIG_492_308,EMIG_491_307,0.213829761,EMIG_490_306,0.374802161,NA,42.37387225,-111.553157,NA,-4.416614639,42.37386982,-111.5531523,NA,98.69025316,1,0,1,0
2,EMIG,493,ABLA,2.8,19.5,3.1,1,0,NA,0,-,-,0,-,0,-,0,-,0,-,0,-,0,-,NA,1,EMIG493,42.37385949,-111.5531655,EMIG,493,ABLA,2.8,19.5,3.1,1,1,NA,0,-,-,0,-,1,-,0,-,1,-,0,-,0,-,NA,2,1,2257,493,NA,Point,2209.481,NA,0.220566898,EMIG_493_309,EMIG_495_311,0.22348501,EMIG_495_311,0.22348501,NA,42.37386133,-111.5531666,NA,-23.90657077,42.37386133,-111.5531666,NA,-23.90657077,0,2,1,3
2,EMIG,494,ABLA,1.8,12.6,1.3,1,1,NA,0,-,-,0,-,1,-,1,-,0,-,0,-,0,-,NA,1,EMIG494,42.37385833,-111.5531618,EMIG,494,ABLA,1.8,12.6,1.3,1,1,NA,0,-,-,0,-,1,-,0,-,0,-,1,-,0,-,NA,2,0,2258,494,NA,Point,2209.461,NA,0.220889005,EMIG_494_310,EMIG_495_311,0.516864899,EMIG_493_309,0.33074449,NA,42.37386133,-111.5531666,NA,-49.87217399,42.37385949,-111.5531655,NA,-67.08033015,2,2,1,3
2,EMIG,495,ABLA,2.4,15.1,1.4,1,1,NA,0,-,-,0,-,1,-,0,-,0,-,0,-,0,-,NA,1,EMIG495,42.37386133,-111.5531666,EMIG,495,ABLA,2.4,15.1,1.4,1,1,NA,0,-,-,1,-,1,-,0,-,0,-,1,-,0,-,NA,2,0,2259,495,NA,Point,2211.659,NA,0.220374153,EMIG_495_311,EMIG_494_310,0.516864899,EMIG_493_309,0.22348501,NA,42.37385833,-111.5531618,NA,130.1278228,42.37385949,-111.5531655,NA,156.0934285,1,3,2,2
2,EMIG,496,ABLA,2.6,13.7,0,1,1,NA,0,-,-,0,-,1,-,0,-,0,-,0,-,0,-,Rot in area,1,EMIG496,42.37386743,-111.5531331,EMIG,496,ABLA,2.6,13.7,0,1,1,NA,0,-,-,1,-,0,-,0,-,0,-,1,-,0,-,Rot in area,2,0,NA,496,NA,Point,2208.861,NA,0.222224673,EMIG_496_312,EMIG_490_306,1.602918355,EMIG_490_306,1.602918355,NA,42.37386982,-111.5531523,NA,-80.47008356,42.37386982,-111.5531523,NA,-80.47008356,1,2,1,1
2,EMIG,497,ABLA,2.5,14.1,0,1,1,NA,0,-,-,1,-,0,-,1,-,0,-,1,-,0,-,Rot in area,1,EMIG497,42.37386743,-111.5531331,EMIG,497,ABLA,2.5,14.1,0,1,1,NA,0,-,-,1,-,0,-,1,-,1,-,1,1-Mar,1,-,Rot in area,2,0,2261,497,NA,Point,2208.861,NA,0.222224673,EMIG_497_313,EMIG_490_306,1.602918355,EMIG_490_306,1.602918355,NA,42.37386982,-111.5531523,NA,-80.47008356,42.37386982,-111.5531523,NA,-80.47008356,3,5,1,1
2,EMIG,498,ABLA,1.1,7.5,0,1,0,NA,0,-,-,0,-,0,-,0,-,0,-,0,-,0,-,NA,1,EMIG498,42.37385784,-111.5531346,EMIG,498,ABLA,1.1,7.5,0,1,0,NA,0,-,-,0,-,0,-,0,-,0,-,0,-,0,-,NA,2,0,2262,498,NA,Point,2207.734,NA,0.222739271,EMIG_498_314,EMIG_541_318,0.791030959,EMIG_541_318,0.791030959,NA,42.37385073,-111.553134,NA,176.4195461,42.37385073,-111.553134,NA,176.4195461,0,0,2,1
2,EMIG,499,ABLA,1.3,10,1.2,1,0,NA,0,-,-,0,-,0,-,0,-,0,-,0,-,0,-,NA,1,EMIG499,42.37385021,-111.5531276,EMIG,499,ABLA,1.3,10,1.2,1,0,NA,0,-,-,0,-,0,-,0,-,0,-,0,-,0,-,NA,2,0,2263,499,NA,Point,2209.391,NA,0.223699488,EMIG_499_315,EMIG_541_318,0.53008657,EMIG_541_318,0.53008657,NA,42.37385073,-111.553134,NA,-83.7465849,42.37385073,-111.553134,NA,-83.7465849,0,0,2,1
2,EMIG,500,ABLA,2,11.5,0,1,0,NA,0,-,-,0,-,0,-,0,-,0,-,0,-,0,-,NA,1,EMIG500,42.3738475,-111.5531235,EMIG,500,ABLA,2,11.5,0,1,0,NA,0,-,-,0,-,0,-,0,-,0,-,0,-,0,-,NA,2,0,2264,500,NA,Point,2208.747,NA,0.224148633,EMIG_500_316,EMIG_541_318,0.935944357,EMIG_541_318,0.935944357,NA,42.37385073,-111.553134,NA,-67.46782892,42.37385073,-111.553134,NA,-67.46782892,0,0,2,1
2,EMIG,540,ABLA,NA,6.5,0,1,0,NA,0,-,-,0,-,0,-,0,-,0,-,0,-,0,-,NA,1,EMIG540,42.37385469,-111.5531397,EMIG,540,ABLA,NA,6.5,0,1,0,NA,0,-,-,0,-,0,-,0,-,0,-,0,-,0,-,NA,2,0,2265,540,NA,Point,2207.354,NA,0.222600914,EMIG_540_317,EMIG_541_318,0.643109923,EMIG_541_318,0.643109923,NA,42.37385073,-111.553134,NA,133.1358936,42.37385073,-111.553134,NA,133.1358936,0,0,2,1
2,EMIG,541,ABLA,2.1,12.1,2.3,1,1,NA,0,-,-,0,-,1,-,0,-,0,-,0,-,1,-,NA,1,EMIG541,42.37385073,-111.553134,EMIG,541,ABLA,2.1,12.1,2.3,1,1,NA,0,-,-,0,-,0,-,0,-,0,-,0,-,1,-,NA,2,0,2266,541,NA,Point,2208.621,NA,0.223237822,EMIG_541_318,EMIG_496_312,1.855830399,EMIG_544_321,1.848238971,NA,42.37386743,-111.5531331,NA,2.288322361,42.37384882,-111.5531563,NA,-96.58916613,2,1,1,2
2,EMIG,542,ABLA,1.5,10.2,4.7,1,0,NA,0,-,-,0,-,0,-,0,-,0,-,0,-,0,-,NA,1,EMIG542,42.3738448,-111.5531467,EMIG,542,ABLA,1.5,10.2,4.7,1,0,NA,0,-,-,0,-,0,-,0,-,0,-,0,-,0,-,NA,2,0,2267,542,NA,Point,2207.061,NA,0.222774643,EMIG_542_319,EMIG_541_318,1.235684611,EMIG_544_321,0.907734681,NA,42.37385073,-111.553134,NA,57.80032657,42.37384882,-111.5531563,NA,-60.54446907,0,0,2,1
2,EMIG,543,ABLA,1.4,9.8,3.6,1,0,NA,0,-,-,0,-,0,-,0,-,0,-,0,-,0,-,NA,1,EMIG543,42.3738426,-111.5531508,EMIG,543,ABLA,1.4,9.8,3.6,1,0,NA,0,-,-,0,-,0,-,0,-,0,-,0,-,0,-,NA,2,0,2268,543,NA,Point,2208.413,NA,0.222644992,EMIG_543_320,EMIG_541_318,1.651722673,EMIG_544_321,0.825876362,NA,42.37385073,-111.553134,NA,56.86944311,42.37384882,-111.5531563,NA,-33.25084544,0,0,2,1
2,EMIG,544,ABLA,4.6,20.1,1.7,1,0,NA,0,-,-,0,-,0,-,0,-,0,-,0,-,0,-,NA,1,EMIG544,42.37384882,-111.5531563,EMIG,544,ABLA,4.6,20.1,1.7,1,1,NA,0,-,-,0,-,0,-,0,-,0,-,0,-,1,-,NA,2,1,2269,544,NA,Point,2207.676,NA,0.221873592,EMIG_544_321,EMIG_494_310,1.148978672,EMIG_494_310,1.148978672,NA,42.37385833,-111.5531618,NA,-23.21094286,42.37385833,-111.5531618,NA,-23.21094286,0,1,2,2
2,EMIG,545,ABLA,1.3,8.1,4,1,0,NA,0,-,-,0,-,0,-,0,-,0,-,0,-,0,-,split at bottom,1,EMIG545,42.37385133,-111.5531655,EMIG,545,ABLA,1.3,8.1,4,1,0,NA,0,-,-,0,-,0,-,0,-,0,-,0,-,0,-,split at bottom,2,0,2270,545,NA,Point,2208.136,NA,0.221097609,EMIG_545_322,EMIG_494_310,0.834837669,EMIG_544_321,0.807113321,NA,42.37385833,-111.5531618,NA,21.40146815,42.37384882,-111.5531563,NA,110.2009794,0,0,2,2
2,EMIG,546,ABLA,1.2,8.6,3.9,1,0,NA,0,-,-,0,-,0,-,0,-,0,-,0,-,0,-,NA,1,EMIG546,42.37383669,-111.5531419,EMIG,546,ABLA,1.2,8.6,3.9,1,0,NA,0,-,-,0,-,0,-,0,-,0,-,0,-,0,-,NA,2,0,2271,546,NA,Point,2209.124,NA,0.223622605,EMIG_546_323,EMIG_541_318,1.689231266,EMIG_541_318,1.689231266,NA,42.37385073,-111.553134,NA,22.64661544,42.37385073,-111.553134,NA,22.64661544,0,0,2,1
2,EMIG,547,ABLA,1.1,8.4,1.6,1,0,NA,0,-,-,0,-,0,-,0,-,0,-,0,-,0,-,NA,1,EMIG547,42.37382853,-111.5531293,EMIG,547,ABLA,1.1,8.4,1.6,1,0,NA,0,-,-,0,-,0,-,0,-,0,-,0,-,0,-,NA,2,0,2272,547,NA,Point,2209.412,NA,0.224993204,EMIG_547_324,EMIG_541_318,2.495252835,EMIG_541_318,2.495252835,NA,42.37385073,-111.553134,NA,-8.921487779,42.37385073,-111.553134,NA,-8.921487779,0,0,2,1
2,EMIG,548,ABLA,NA,6.7,0,1,0,NA,0,-,-,0,-,0,-,0,-,0,-,0,-,0,-,1 Dead,1,EMIG548,42.37383243,-111.5531418,EMIG,548,ABLA,NA,6.7,0,1,0,NA,0,-,-,0,-,0,-,0,-,0,-,0,-,0,-,1 Dead,2,0,2273,548,NA,Point,2208.966,NA,0.223907591,EMIG_548_325,EMIG_541_318,2.131078504,EMIG_541_318,2.131078504,NA,42.37385073,-111.553134,NA,17.53866143,42.37385073,-111.553134,NA,17.53866143,0,0,2,1
2,EMIG,549,ABLA,1.9,10.9,0,1,0,NA,0,-,-,0,-,0,-,0,-,0,-,0,-,0,-,NA,1,EMIG549,42.37383835,-111.5531522,EMIG,549,ABLA,1.9,10.9,0,1,0,NA,0,-,-,0,-,0,-,0,-,0,-,0,-,0,-,NA,2,0,2274,549,NA,Point,2207.415,NA,0.222829487,EMIG_549_326,EMIG_541_318,2.033492474,EMIG_544_321,1.2105941,NA,42.37385073,-111.553134,NA,47.46732553,42.37384882,-111.5531563,NA,-16.19118495,0,0,2,1
2,EMIG,550,ABLA,2.4,10.4,0,1,0,NA,0,-,-,0,-,0,-,0,-,0,-,0,-,0,-,NA,1,EMIG550,42.37383581,-111.5531504,EMIG,550,ABLA,2.4,10.4,0,1,0,NA,0,-,-,0,-,0,-,0,-,0,-,0,-,0,-,NA,2,0,2275,550,NA,Point,2208.348,NA,0.223115235,EMIG_550_327,EMIG_541_318,2.13725834,EMIG_544_321,1.52410173,NA,42.37385073,-111.553134,NA,39.18113398,42.37384882,-111.5531563,NA,-18.58569955,0,0,2,1
2,EMIG,551,ABLA,1.4,8.7,0,1,0,NA,0,-,-,0,-,0,-,0,-,0,-,0,-,0,-,NA,1,EMIG551,42.37382723,-111.553149,EMIG,551,ABLA,1.4,8.7,0,1,0,NA,0,-,-,0,-,0,-,0,-,0,-,0,-,0,-,NA,2,0,2276,551,NA,Point,2209.02,NA,0.223770944,EMIG_551_328,EMIG_541_318,2.886913396,EMIG_554_330,1.901219756,NA,42.37385073,-111.553134,NA,25.32750596,42.37381016,-111.5531508,NA,-175.5292655,0,0,2,1
2,EMIG,553,ABLA,2,11.9,0,1,0,NA,0,-,-,0,-,0,-,0,-,0,-,0,-,0,-,NA,1,EMIG553,42.37383301,-111.5531746,EMIG,553,ABLA,2,11.9,0,1,0,NA,0,-,-,0,-,0,-,0,-,0,-,0,-,0,-,NA,2,0,2278,553,NA,Point,2208.352,NA,0.221696096,EMIG_553_329,EMIG_494_310,3.002532063,EMIG_544_321,2.313440957,NA,42.37385833,-111.5531618,NA,20.54800412,42.37384882,-111.5531563,NA,40.6381704,0,0,2,2
2,EMIG,554,ABLA,NA,6.4,0,1,0,NA,1,-,-,0,-,0,-,0,-,0,-,0,-,0,-,WOB,1,EMIG554,42.37381016,-111.5531508,EMIG,554,ABLA,NA,6.4,0,1,1,NA,1,-,-,0,-,1,-,0,-,0,-,0,-,0,-,WOB,2,1,2279,554,NA,Point,2209.067,NA,0.224779716,EMIG_554_330,EMIG_541_318,4.712421097,EMIG_544_321,4.316583815,NA,42.37385073,-111.553134,NA,17.06891179,42.37384882,-111.5531563,NA,-6.021711701,0,1,2,1
2,EMIG,555,ABLA,NA,5.1,0,1,0,NA,0,-,-,0,-,0,-,0,-,0,-,0,-,0,-,NA,1,EMIG555,42.37380628,-111.553162,EMIG,555,ABLA,NA,5.1,0,1,0,NA,0,-,-,0,-,0,-,0,-,0,-,0,-,0,-,NA,2,0,2280,555,NA,Point,2206.887,NA,0.22430099,EMIG_555_331,EMIG_541_318,5.447522225,EMIG_554_330,1.017813203,NA,42.37385073,-111.553134,NA,25.03606457,42.37381016,-111.5531508,NA,64.9574619,0,0,2,1
2,EMIG,556,ABLA,NA,3.6,0,1,0,NA,0,-,-,0,-,0,-,0,-,0,-,0,-,0,-,NA,1,EMIG556,42.37383687,-111.5531816,EMIG,556,ABLA,NA,3.6,0,1,0,NA,0,-,-,0,-,0,-,0,-,0,-,0,-,0,-,NA,2,0,2281,556,NA,Point,2207.854,NA,0.220978555,EMIG_556_332,EMIG_494_310,2.887167545,EMIG_559_335,2.30226354,NA,42.37385833,-111.5531618,NA,34.37698022,42.37385745,-111.5531782,NA,6.983890498,0,0,2,2
2,EMIG,557,ABLA,1.5,10.8,1,1,0,NA,0,-,-,0,-,0,-,0,-,0,-,0,-,0,-,NA,1,EMIG557,42.37384949,-111.5531773,EMIG,557,ABLA,1.5,10.8,1,1,0,NA,0,-,-,0,-,0,-,0,-,0,-,0,-,0,-,NA,2,0,2282,557,NA,Point,2205.923,NA,0.220433494,EMIG_557_333,EMIG_495_311,1.582573479,EMIG_559_335,0.886970719,NA,42.37386133,-111.5531666,NA,33.82555187,42.37385745,-111.5531782,NA,-4.792226038,0,0,1,3
2,EMIG,558,ABLA,1.4,10,0,1,0,NA,0,-,-,0,-,0,-,0,-,0,-,0,-,0,-,NA,1,EMIG558,42.37385097,-111.5531771,EMIG,558,ABLA,1.4,10,0,1,0,NA,0,-,-,0,-,0,-,0,-,0,-,0,-,0,-,NA,2,0,2284,558,NA,Point,2207.16,NA,0.220349896,EMIG_558_334,EMIG_495_311,1.438990597,EMIG_559_335,0.725209743,NA,42.37386133,-111.5531666,NA,36.9248688,42.37385745,-111.5531782,NA,-7.174010614,0,0,1,3
2,EMIG,559,ABLA,2.8,17.2,0,1,0,NA,0,-,-,0,-,0,-,0,-,0,-,0,-,0,-,NA,1,EMIG559,42.37385745,-111.5531782,EMIG,559,ABLA,2.8,17.2,0,1,1,NA,0,-,-,1,-,0,-,0,-,0,-,0,-,0,-,NA,2,1,2285,559,NA,Point,2207.238,NA,0.219853488,EMIG_559_335,EMIG_495_311,1.047742612,EMIG_495_311,1.047742612,NA,42.37386133,-111.5531666,NA,65.7197948,42.37386133,-111.5531666,NA,65.7197948,0,1,1,3
2,EMIG,560,ABLA,1,7.4,0,1,0,NA,0,-,-,0,-,0,-,0,-,0,-,0,-,0,-,NA,1,EMIG560,42.37385384,-111.5531665,EMIG,560,ABLA,1,7.4,0,1,0,NA,0,-,-,0,-,0,-,0,-,0,-,0,-,0,-,NA,2,0,2286,560,NA,Point,2209.94,NA,0.220867509,EMIG_560_336,EMIG_494_310,0.631117767,EMIG_494_310,0.631117767,NA,42.37385833,-111.5531618,NA,37.81717416,42.37385833,-111.5531618,NA,37.81717416,0,0,2,2
2,EMIG,561,ABLA,2.5,17,0,1,0,NA,0,-,-,0,-,0,-,0,-,0,-,0,-,0,-,NA,1,EMIG561,42.37384666,-111.5531696,EMIG,561,ABLA,2.5,17,0,1,0,NA,0,-,-,0,-,0,-,0,-,0,-,0,-,0,-,NA,2,0,2287,561,NA,Point,2209.782,NA,0.221130049,EMIG_561_337,EMIG_494_310,1.446229839,EMIG_544_321,1.120990373,NA,42.37385833,-111.5531618,NA,26.3625969,42.37384882,-111.5531563,NA,77.64563081,0,0,2,2
2,EMIG,562,ABLA,3.4,21.8,3.7,1,0,NA,0,-,-,0,-,0,-,0,-,0,-,0,-,0,-,NA,1,EMIG562,42.37385598,-111.5531712,EMIG,562,ABLA,3.4,21.8,3.7,1,0,NA,0,-,-,0,-,0,-,0,-,0,-,0,-,0,-,NA,2,0,2288,562,NA,Point,2209.445,NA,0.220415199,EMIG_562_338,EMIG_495_311,0.704516715,EMIG_559_335,0.599000923,NA,42.37386133,-111.5531666,NA,32.51891121,42.37385745,-111.5531782,NA,-74.18696099,0,0,1,3
2,EMIG,563,ABLA,3.1,19.7,3.1,1,0,NA,0,-,-,0,-,0,-,0,-,0,-,0,-,0,-,NA,1,EMIG563,42.37385333,-111.5531696,EMIG,563,ABLA,3.1,19.7,3.1,1,0,NA,0,-,-,0,-,0,-,0,-,0,-,0,-,0,-,NA,2,0,2289,563,NA,Point,2209.959,NA,0.220694381,EMIG_563_339,EMIG_494_310,0.848917337,EMIG_493_309,0.762762597,NA,42.37385833,-111.5531618,NA,49.15587809,42.37385949,-111.5531655,NA,26.26715395,0,0,2,2
2,EMIG,564,ABLA,NA,5.4,0,1,0,NA,0,-,-,0,-,0,-,0,-,0,-,0,-,0,-,NA,1,EMIG564,42.37387687,-111.5532486,EMIG,564,ABLA,NA,5.4,0,1,0,NA,0,-,-,0,-,0,-,0,-,0,-,0,-,0,-,NA,2,0,2290,564,NA,Point,2209.044,NA,0.213909211,EMIG_564_340,EMIG_495_311,6.968345115,EMIG_484_300,1.652186992,NA,42.37386133,-111.5531666,NA,104.3370638,42.37388753,-111.5532346,NA,44.23953407,0,0,1,3
2,EMIG,565,ABLA,1.6,8.5,3.1,1,0,NA,0,-,-,0,-,0,-,0,-,0,-,0,-,0,-,NA,1,EMIG565,42.37388886,-111.5532767,EMIG,565,ABLA,1.6,8.5,3.1,1,0,NA,0,-,-,0,-,0,-,0,-,0,-,0,-,0,-,NA,2,0,2292,565,NA,Point,2211.049,NA,0.211260028,EMIG_565_341,EMIG_467_281,6.464850782,EMIG_484_300,3.469370289,NA,42.37394494,-111.5532556,NA,15.58805121,42.37388753,-111.5532346,NA,92.43965095,0,0,1,0
2,EMIG,566,ABLA,1.9,8.9,1.4,1,0,NA,0,-,-,0,-,0,-,0,-,0,-,0,-,0,-,NA,1,EMIG566,42.37388587,-111.5532809,EMIG,566,ABLA,1.9,8.9,1.4,1,0,NA,0,-,-,0,-,0,-,0,-,0,-,0,-,0,-,NA,2,0,2293,566,NA,Point,2210.164,NA,0.211180373,EMIG_566_342,EMIG_467_281,6.881890488,EMIG_484_300,3.816478747,NA,42.37394494,-111.5532556,NA,17.61878326,42.37388753,-111.5532346,NA,87.23169039,0,0,1,0
2,EMIG,567,ABLA,3.8,15.5,5.1,1,0,NA,0,-,-,0,-,0,-,0,-,0,-,0,-,0,-,NA,1,EMIG567,42.37388856,-111.5532939,EMIG,567,ABLA,3.8,15.5,5.1,1,0,NA,0,-,-,0,-,0,-,0,-,0,-,0,-,0,-,NA,2,0,2294,567,NA,Point,2210.594,NA,0.210144761,EMIG_567_343,EMIG_467_281,7.009705999,EMIG_484_300,4.883695254,NA,42.37394494,-111.5532556,NA,26.73443213,42.37388753,-111.5532346,NA,91.3418992,0,0,1,0
2,EMIG,568,ABLA,1.6,9.2,0,1,0,NA,0,-,-,0,-,0,-,0,-,0,-,0,-,0,-,NA,1,EMIG568,42.37389582,-111.5532846,EMIG,568,ABLA,1.6,9.2,0,1,0,NA,0,-,-,0,-,0,-,0,-,0,-,0,-,0,-,NA,2,0,2295,568,NA,Point,2211.975,NA,0.210278451,EMIG_568_344,EMIG_467_281,5.953955221,EMIG_484_300,4.218318567,NA,42.37394494,-111.5532556,NA,23.64200225,42.37388753,-111.5532346,NA,102.6043705,0,0,1,0
2,EMIG,569,ABLA,2.4,7.2,0,1,0,NA,0,-,-,0,-,0,-,0,-,0,-,0,-,0,-,NA,1,EMIG569,42.37389232,-111.5532936,EMIG,569,ABLA,2.4,7.2,0,1,0,NA,0,-,-,0,-,0,-,0,-,0,-,0,-,0,-,NA,2,0,2296,569,NA,Point,2210.536,NA,0.209915175,EMIG_569_345,EMIG_467_281,6.627792153,EMIG_484_300,4.886687256,NA,42.37394494,-111.5532556,NA,28.16752386,42.37388753,-111.5532346,NA,96.24854363,0,0,1,0
2,EMIG,570,ABLA,2.3,10.9,1,1,0,NA,0,-,-,0,-,0,-,0,-,0,-,0,-,0,-,NA,1,EMIG570,42.37387812,-111.5532841,EMIG,570,ABLA,2.3,10.9,1,1,0,NA,0,-,-,0,-,0,-,0,-,0,-,0,-,0,-,NA,2,0,2297,570,NA,Point,2211.154,NA,0.211484177,EMIG_570_346,EMIG_467_281,7.781827345,EMIG_484_300,4.207302756,NA,42.37394494,-111.5532556,NA,17.54981737,42.37388753,-111.5532346,NA,75.62018798,0,0,1,0
2,EMIG,571,ABLA,NA,3.9,0,1,0,NA,0,-,-,0,-,0,-,0,-,0,-,0,-,0,-,NA,1,EMIG571,42.37388375,-111.5532977,EMIG,571,ABLA,NA,3.9,0,1,0,NA,0,-,-,0,-,0,-,0,-,0,-,0,-,0,-,NA,2,0,2298,571,NA,Point,2210.543,NA,0.210214622,EMIG_571_347,EMIG_467_281,7.627554067,EMIG_484_300,5.212149556,NA,42.37394494,-111.5532556,NA,27.02854493,42.37388753,-111.5532346,NA,85.38102694,0,0,1,0
2,EMIG,572,ABLA,1.3,5.7,0,1,0,NA,0,-,-,0,-,0,-,0,-,0,-,0,-,0,-,Bent,1,EMIG572,42.37388571,-111.55329,EMIG,572,ABLA,1.3,5.7,0,1,0,NA,0,-,-,0,-,0,-,0,-,0,-,0,-,0,-,Bent,2,0,2299,572,NA,Point,2210.531,NA,0.210590987,EMIG_572_348,EMIG_467_281,7.160759699,EMIG_484_300,4.5657314,NA,42.37394494,-111.5532556,NA,23.29870676,42.37388753,-111.5532346,NA,87.46309547,0,0,1,0
2,EMIG,573,ABLA,1.1,6.8,1.7,1,0,NA,0,-,-,0,-,0,-,0,-,0,-,0,-,0,-,NA,1,EMIG573,42.37388453,-111.5532981,EMIG,573,ABLA,1.1,6.8,1.7,1,0,NA,0,-,-,0,-,0,-,0,-,0,-,0,-,0,-,NA,2,0,2300,573,NA,Point,2210.47,NA,0.210136336,EMIG_573_349,EMIG_467_281,7.565681131,EMIG_484_300,5.238756948,NA,42.37394494,-111.5532556,NA,27.54878725,42.37388753,-111.5532346,NA,86.35425203,0,0,1,0
2,EMIG,574,ABLA,2.6,11.4,2.1,1,0,NA,0,-,-,0,-,0,-,0,-,0,-,0,-,0,-,NA,1,EMIG574,42.37387997,-111.5533015,EMIG,574,ABLA,2.6,11.4,2.1,1,0,NA,0,-,-,0,-,0,-,0,-,0,-,0,-,0,-,NA,2,0,2301,574,NA,Point,2212.208,NA,0.21021738,EMIG_574_350,EMIG_594_367,7.331212711,EMIG_484_300,5.571689095,NA,42.37381995,-111.5533386,NA,-155.3766165,42.37388753,-111.5532346,NA,81.33455343,0,0,1,1
2,EMIG,575,ABLA,1.9,9.7,0,1,0,NA,0,-,-,0,-,0,-,0,-,0,-,0,-,0,-,NA,1,EMIG575,42.37388156,-111.553297,EMIG,575,ABLA,1.9,9.7,0,1,0,NA,0,-,-,0,-,0,-,0,-,0,-,0,-,0,-,NA,2,0,2302,575,NA,Point,2211.167,NA,0.210406686,EMIG_575_351,EMIG_594_367,7.650609632,EMIG_484_300,5.180179505,NA,42.37381995,-111.5533386,NA,-153.4047504,42.37388753,-111.5532346,NA,82.64773294,0,0,1,1
2,EMIG,576,ABLA,NA,6.2,0,1,0,NA,0,-,-,0,-,0,-,0,-,0,-,0,-,0,-,NA,1,EMIG576,42.37387226,-111.5533074,EMIG,576,ABLA,NA,6.2,0,1,0,NA,0,-,-,0,-,0,-,0,-,0,-,0,-,0,-,NA,2,0,2303,576,NA,Point,2211.227,NA,0.210348066,EMIG_576_352,EMIG_594_367,6.351124036,EMIG_581_356,5.16830846,NA,42.37381995,-111.5533386,NA,-156.1424957,42.37382595,-111.5533011,NA,174.2400104,0,0,1,1
2,EMIG,577,ABLA,1.1,7.2,1.8,1,0,NA,0,-,-,0,-,0,-,0,-,0,-,0,-,0,-,NA,1,EMIG577,42.37387681,-111.5533176,EMIG,577,ABLA,1.1,7.2,1.8,1,0,NA,0,-,-,0,-,0,-,0,-,0,-,0,-,0,-,NA,2,0,2304,577,NA,Point,2210.525,NA,0.209374865,EMIG_577_353,EMIG_594_367,6.546137901,EMIG_581_356,5.808537451,NA,42.37381995,-111.5533386,NA,-164.685039,42.37382595,-111.5533011,NA,166.4744125,0,0,1,1
2,EMIG,578,ABLA,1,6.5,0,1,0,NA,0,-,-,0,-,0,-,0,-,0,-,0,-,0,-,NA,1,EMIG578,42.37385599,-111.5533183,EMIG,578,ABLA,1,6.5,0,1,0,NA,0,-,-,0,-,0,-,0,-,0,-,0,-,0,-,NA,2,0,2305,578,NA,Point,2211.744,NA,0.210739342,EMIG_578_354,EMIG_594_367,4.336843636,EMIG_581_356,3.623771876,NA,42.37381995,-111.5533386,NA,-157.3322089,42.37382595,-111.5533011,NA,156.9963735,0,0,1,1
2,EMIG,580,ABLA,NA,5.4,0,1,0,NA,0,-,-,0,-,0,-,0,-,0,-,0,-,0,-,NA,1,EMIG580,42.37383666,-111.5533033,EMIG,580,ABLA,NA,5.4,0,1,0,NA,0,-,-,0,-,0,-,0,-,0,-,0,-,0,-,NA,2,0,2307,580,NA,Point,2210.237,NA,0.213032086,EMIG_580_355,EMIG_594_367,3.448141678,EMIG_581_356,1.202942421,NA,42.37381995,-111.5533386,NA,-122.5546916,42.37382595,-111.5533011,NA,171.3397472,0,0,1,1
2,EMIG,581,ABLA,3.8,11.7,2.3,1,0,NA,1,-,-,0,-,0,-,0,-,0,-,0,-,0,-,NA,1,EMIG581,42.37382595,-111.5533011,EMIG,581,ABLA,3.8,11.7,2.3,1,1,NA,1,-,-,0,-,1,-,0,-,0,-,0,-,0,-,NA,2,1,2308,581,NA,Point,2210.005,NA,0.213909749,EMIG_581_356,EMIG_594_367,3.158559991,EMIG_593_366,2.338778088,NA,42.37381995,-111.5533386,NA,-102.1768205,42.37382413,-111.5533294,NA,-94.95702885,0,1,1,1
2,EMIG,582,ABLA,NA,4.8,0,1,0,NA,0,-,-,0,-,0,-,0,-,0,-,0,-,0,-,NA,1,EMIG582,42.37382415,-111.5532933,EMIG,582,ABLA,NA,4.8,0,1,0,NA,0,-,-,0,-,0,-,0,-,0,-,0,-,0,-,NA,2,0,2309,582,NA,Point,2209.204,NA,0.214536967,EMIG_582_357,EMIG_594_367,3.758739789,EMIG_581_356,0.672583009,NA,42.37381995,-111.5533386,NA,-97.12729472,42.37382595,-111.5533011,NA,-72.71241475,0,0,1,1
2,EMIG,583,ABLA,1.7,9.4,0,1,0,NA,0,-,-,0,-,0,-,0,-,0,-,0,-,0,-,NA,1,EMIG583,42.3738212,-111.5532891,EMIG,583,ABLA,1.7,9.4,0,1,0,NA,0,-,-,0,-,0,-,0,-,0,-,0,-,0,-,NA,2,0,2310,583,NA,Point,2209.445,NA,0.215010951,EMIG_583_358,EMIG_594_367,4.077858205,EMIG_581_356,1.119968474,NA,42.37381995,-111.5533386,NA,-91.95054537,42.37382595,-111.5533011,NA,-61.90483477,0,0,1,1
2,EMIG,584,ABLA,NA,4.5,0,1,0,NA,0,-,-,0,-,0,-,0,-,0,-,0,-,0,-,NA,1,EMIG584,42.373812,-111.5532564,EMIG,584,ABLA,NA,4.5,0,1,0,NA,0,-,-,0,-,0,-,0,-,0,-,0,-,0,-,NA,2,0,2311,584,NA,Point,2208.891,NA,0.217756212,EMIG_584_359,EMIG_594_367,6.825121525,EMIG_581_356,3.992988648,NA,42.37381995,-111.5533386,NA,-82.56853035,42.37382595,-111.5533011,NA,-67.17433038,0,0,1,1
2,EMIG,585,ABLA,NA,5,0,1,0,NA,0,-,-,0,-,0,-,0,-,0,-,0,-,0,-,NA,1,EMIG585,42.37380647,-111.5532821,EMIG,585,ABLA,NA,5,0,1,0,NA,0,-,-,0,-,0,-,0,-,0,-,0,-,0,-,NA,2,0,2312,585,NA,Point,2209.339,NA,0.21647776,EMIG_585_360,EMIG_594_367,4.886709996,EMIG_581_356,2.669432575,NA,42.37381995,-111.5533386,NA,-72.16351747,42.37382595,-111.5533011,NA,-35.87483048,0,0,1,1
2,EMIG,586,ABLA,1.7,8.7,2.6,1,0,NA,0,-,-,0,-,0,-,0,-,0,-,0,-,0,-,NA,1,EMIG586,42.37382183,-111.5532972,EMIG,586,ABLA,1.7,8.7,2.6,1,0,NA,0,-,-,0,-,0,-,0,-,0,-,0,-,0,-,NA,2,0,2313,586,NA,Point,2209.991,NA,0.214445035,EMIG_586_361,EMIG_594_367,3.41498248,EMIG_581_356,0.5589216,NA,42.37381995,-111.5533386,NA,-93.50458399,42.37382595,-111.5533011,NA,-35.06451774,0,0,1,1
2,EMIG,587,ABLA,NA,6.9,0,1,0,NA,0,-,-,0,-,0,-,0,-,0,-,0,-,0,-,1 Dead,1,EMIG587,42.3738151,-111.5533051,EMIG,587,ABLA,NA,6.9,0,1,0,NA,0,-,-,0,-,0,-,0,-,0,-,0,-,0,-,1 Dead,2,0,2314,587,NA,Point,2210.484,NA,0.21440178,EMIG_587_362,EMIG_594_367,2.810247492,EMIG_581_356,1.248974489,NA,42.37381995,-111.5533386,NA,-78.95183188,42.37382595,-111.5533011,NA,15.28869167,0,0,1,1
2,EMIG,588,ABLA,NA,1.7,0,1,0,NA,0,-,-,0,-,0,-,0,-,0,-,0,-,0,-,NA,1,EMIG588,42.37380498,-111.5532995,EMIG,588,ABLA,NA,1.7,0,1,0,NA,0,-,-,0,-,0,-,0,-,0,-,0,-,0,-,NA,2,0,2315,588,NA,Point,2210.642,NA,0.215463758,EMIG_588_363,EMIG_594_367,3.623055028,EMIG_581_356,2.332210209,NA,42.37381995,-111.5533386,NA,-62.69036692,42.37382595,-111.5533011,NA,-3.238033188,0,0,1,1
2,EMIG,591,ABLA,NA,2.3,0,1,0,NA,0,-,-,0,-,0,-,0,-,0,-,0,-,0,-,NA,1,EMIG591,42.37380049,-111.5533272,EMIG,591,ABLA,NA,2.3,0,1,0,NA,0,-,-,0,-,0,-,0,-,0,-,0,-,0,-,NA,2,0,2318,591,NA,Point,2209.566,NA,0.214008352,EMIG_591_364,EMIG_594_367,2.355865588,EMIG_594_367,2.355865588,NA,42.37381995,-111.5533386,NA,-23.47877862,42.37381995,-111.5533386,NA,-23.47877862,0,0,1,1
2,EMIG,592,ABLA,11.7,80.1,27.8,1,0,NA,0,-,-,0,-,0,-,0,-,0,-,0,-,0,-,NA,1,EMIG592,42.37381634,-111.5533326,EMIG,592,ABLA,11.7,80.1,27.8,1,0,NA,0,-,-,0,-,0,-,0,-,0,-,0,-,0,-,NA,2,0,2319,592,NA,Point,2209.903,NA,0.212553371,EMIG_592_365,EMIG_594_367,0.636173468,EMIG_594_367,0.636173468,NA,42.37381995,-111.5533386,NA,-50.9427624,42.37381995,-111.5533386,NA,-50.9427624,0,0,1,1
2,EMIG,593,ABLA,2.1,14.2,0,1,0,NA,0,-,-,0,-,0,-,0,-,0,-,0,-,0,-,NA,1,EMIG593,42.37382413,-111.5533294,EMIG,593,ABLA,2.1,14.2,0,1,1,NA,0,-,-,0,-,0,-,1,-,0,-,0,-,0,-,NA,2,1,2320,593,NA,Point,2209.711,NA,0.212215489,EMIG_593_366,EMIG_594_367,0.888359713,EMIG_594_367,0.888359713,NA,42.37381995,-111.5533386,NA,-121.4981925,42.37381995,-111.5533386,NA,-121.4981925,0,1,1,1
2,EMIG,594,ABLA,3.2,12.2,1.6,1,1,NA,1,-,-,0,-,1,-,0,-,0,-,0,-,0,-,1 DB,1,EMIG594,42.37381995,-111.5533386,EMIG,594,ABLA,3.2,12.2,1.6,1,1,NA,1,-,-,0,-,1,-,0,-,0,-,0,-,0,-,1 DB,2,0,2321,594,NA,Point,2209.002,NA,0.211917716,EMIG_594_367,EMIG_601_384,7.610344547,EMIG_593_366,0.888359713,NA,42.37385479,-111.5534182,NA,-59.4470493,42.37382413,-111.5533294,NA,58.50180135,1,1,1,1
2,EMIG,595,ABLA,NA,1.3,0,1,0,NA,0,-,-,0,-,0,-,0,-,0,-,0,-,0,-,NA,1,EMIG595,42.37383969,-111.5533271,EMIG,595,ABLA,NA,1.3,0,1,0,NA,0,-,-,0,-,0,-,0,-,0,-,0,-,0,-,NA,2,0,2322,595,NA,Point,2210.066,NA,0.211286638,EMIG_595_368,EMIG_594_367,2.387667427,EMIG_593_366,1.738112572,NA,42.37381995,-111.5533386,NA,-156.6372494,42.37382413,-111.5533294,NA,-173.7452394,0,0,1,1
2,EMIG,597,ABLA,1.4,11.2,0,1,0,NA,4,-,-,0,-,0,-,0,-,0,-,0,-,0,-,"1 DB, WOB",1,EMIG597,42.3738588,-111.5533344,EMIG,597,ABLA,1.4,11.2,0,1,0,NA,4,-,-,0,-,0,-,0,-,0,-,0,-,0,-,"1 DB, WOB",2,0,2324,597,NA,Point,2211.345,NA,0.209503349,EMIG_597_369,EMIG_594_367,4.327700755,EMIG_426_381,3.837753678,NA,42.37381995,-111.5533386,NA,-175.4169655,42.37383381,-111.5533666,NA,-136.306334,0,0,1,1
2,EMIG,598,ABLA,3.1,19.9,0,1,0,NA,0,-,-,0,-,0,-,0,-,0,-,0,-,0,-,Rot in area,1,EMIG598,42.37385757,-111.5533349,EMIG,598,ABLA,3.1,19.9,0,1,0,NA,0,-,-,0,-,0,-,0,-,0,-,0,-,0,-,Rot in area,2,0,2325,598,NA,Point,2212.02,NA,0.209555072,EMIG_598_370,EMIG_594_367,4.188378491,EMIG_426_381,3.711125916,NA,42.37381995,-111.5533386,NA,-175.8290278,42.37383381,-111.5533666,NA,-135.3091903,0,0,1,1
2,EMIG,599,ABLA,NA,7.4,0,1,0,NA,4,-,-,0,-,0,-,0,-,0,-,0,-,0,-,WOB,1,EMIG599,42.3738541,-111.5533472,EMIG,599,ABLA,NA,7.4,0,1,0,NA,4,-,-,0,-,0,-,0,-,0,-,0,-,0,-,WOB,2,0,2326,599,NA,Point,2210.151,NA,0.208997957,EMIG_599_371,EMIG_594_367,3.857521355,EMIG_426_381,2.761733799,NA,42.37381995,-111.5533386,NA,169.4231247,42.37383381,-111.5533666,NA,-144.6650248,0,0,1,1
2,EMIG,600,ABLA,1.6,9.2,0,1,0,NA,0,-,-,0,-,0,-,0,-,0,-,0,-,0,-,NA,1,EMIG600,42.37385268,-111.5533534,EMIG,600,ABLA,1.6,9.2,0,1,0,NA,0,-,-,0,-,0,-,0,-,0,-,0,-,0,-,NA,2,0,2327,600,NA,Point,2209.614,NA,0.208695992,EMIG_600_372,EMIG_594_367,3.833143821,EMIG_426_381,2.360388507,NA,42.37381995,-111.5533386,NA,161.4644123,42.37383381,-111.5533666,NA,-152.585009,0,0,1,1
2,EMIG,219,ABLA,1.1,7.9,0,1,0,NA,0,-,-,0,-,0,-,0,-,0,-,0,-,0,-,NA,1,EMIG219,42.37386468,-111.5533638,EMIG,219,ABLA,1.1,7.9,0,1,0,NA,0,-,-,0,-,0,-,0,-,0,-,0,-,0,-,NA,2,0,2332,219,NA,Point,2212.036,NA,0.207198797,EMIG_219_373,EMIG_601_384,4.611590008,EMIG_426_381,3.435515908,NA,42.37385479,-111.5534182,NA,-103.7764009,42.37383381,-111.5533666,NA,-176.1523968,0,0,1,1
2,EMIG,236,ABLA,1,7.8,0,1,0,NA,0,-,-,0,-,0,-,0,-,0,-,0,-,0,-,Rot in area,1,EMIG236,42.37385789,-111.5533728,EMIG,236,ABLA,1,7.8,0,1,0,NA,0,-,-,0,-,0,-,0,-,0,-,0,-,0,-,Rot in area,2,0,2333,236,NA,Point,2210.942,NA,0.207087372,EMIG_236_374,EMIG_601_384,3.753742946,EMIG_426_381,2.722109111,NA,42.37385479,-111.5534182,NA,-95.26143781,42.37383381,-111.5533666,NA,169.1915659,0,0,1,1
2,EMIG,350,ABLA,1.4,9,0,1,0,NA,0,-,-,0,-,0,-,0,-,0,-,0,-,0,-,NA,1,EMIG350,42.3738519,-111.5533869,EMIG,350,ABLA,1.4,9,0,1,0,NA,0,-,-,0,-,0,-,0,-,0,-,0,-,0,-,NA,2,0,2335,350,NA,Point,2210.194,NA,0.206599069,EMIG_350_375,EMIG_601_384,2.596932297,EMIG_601_384,2.596932297,NA,42.37385479,-111.5534182,NA,-82.90181463,42.37385479,-111.5534182,NA,-82.90181463,0,0,1,1
2,EMIG,351,ABLA,1.6,8.2,0,1,0,NA,1,-,-,0,-,0,-,0,-,0,-,0,-,0,-,1 DB,1,EMIG351,42.37384608,-111.5534041,EMIG,351,ABLA,1.6,8.2,0,1,0,NA,1,-,-,0,-,0,-,0,-,0,-,0,-,0,-,1 DB,2,0,2336,351,NA,Point,2210.655,NA,0.205908983,EMIG_351_376,EMIG_601_384,1.510980552,EMIG_601_384,1.510980552,NA,42.37385479,-111.5534182,NA,-50.20216805,42.37385479,-111.5534182,NA,-50.20216805,0,0,1,1
2,EMIG,193,ABLA,NA,5.1,0,1,0,NA,0,-,-,0,-,0,-,0,-,0,-,0,-,0,-,NA,1,EMIG193,42.37391161,-111.5533806,EMIG,193,ABLA,NA,5.1,0,1,0,NA,0,-,-,0,-,0,-,0,-,0,-,0,-,0,-,NA,2,0,2331,193,NA,Point,2211.573,NA,0.202913153,EMIG_193_377,EMIG_601_384,7.027798351,EMIG_601_384,7.027798351,NA,42.37385479,-111.5534182,NA,-153.8643671,42.37385479,-111.5534182,NA,-153.8643671,0,0,1,1
2,EMIG,167,ABLA,1.2,7.5,0,1,0,NA,1,-,-,0,-,0,-,0,-,0,-,0,-,0,-,NA,1,EMIG167,42.37390721,-111.5533817,EMIG,167,ABLA,1.2,7.5,0,1,0,NA,1,-,-,0,-,0,-,0,-,0,-,0,-,0,-,NA,2,0,2330,167,NA,Point,2211.511,NA,0.203138112,EMIG_167_378,EMIG_601_384,6.550656039,EMIG_601_384,6.550656039,NA,42.37385479,-111.5534182,NA,-152.693049,42.37385479,-111.5534182,NA,-152.693049,0,0,1,1
2,EMIG,153,ABLA,NA,5.7,0,1,0,NA,0,-,-,0,-,0,-,0,-,0,-,0,-,0,-,NA,1,EMIG153,42.37389725,-111.5533545,EMIG,153,ABLA,NA,5.7,0,1,0,NA,0,-,-,0,-,0,-,0,-,0,-,0,-,0,-,NA,2,0,2329,153,NA,Point,2211.127,NA,0.205586298,EMIG_153_379,EMIG_601_384,7.052275943,EMIG_601_384,7.052275943,NA,42.37385479,-111.5534182,NA,-131.9543002,42.37385479,-111.5534182,NA,-131.9543002,0,0,1,1
2,EMIG,135,ABLA,13.8,59.3,0,1,0,NA,0,-,-,0,-,0,-,0,-,0,-,0,-,0,-,NA,1,EMIG135,42.37388915,-111.5533553,EMIG,135,ABLA,13.8,59.3,0,1,0,NA,0,-,-,0,-,0,-,0,-,0,-,0,-,0,-,NA,2,0,2328,135,NA,Point,2211.068,NA,0.206080885,EMIG_135_380,EMIG_601_384,6.432419604,EMIG_426_381,6.214927323,NA,42.37385479,-111.5534182,NA,-126.3798311,42.37383381,-111.5533666,NA,-171.3905443,0,0,1,1
2,EMIG,426,ABLA,NA,7.8,0,1,0,NA,2,-,-,0,-,0,-,0,-,0,-,0,-,0,-,NA,1,EMIG426,42.37383381,-111.5533666,EMIG,426,ABLA,NA,7.8,0,1,1,NA,2,-,-,0,-,1,-,0,-,0,-,0,-,0,-,NA,2,1,2337,426,NA,Point,2212.198,NA,0.209160071,EMIG_426_381,EMIG_594_367,2.771835005,EMIG_594_367,2.771835005,NA,42.37381995,-111.5533386,NA,123.7263978,42.37381995,-111.5533386,NA,123.7263978,0,1,1,1
2,EMIG,525,ABLA,13.7,67.7,8.6,1,0,NA,0,-,-,0,-,0,-,0,-,0,-,0,-,0,-,NA,1,EMIG525,42.37382719,-111.5533724,EMIG,525,ABLA,13.7,67.7,8.6,1,0,NA,0,-,-,0,-,0,-,0,-,0,-,0,-,0,-,NA,2,0,2339,525,NA,Point,2208.603,NA,0.209254532,EMIG_525_382,EMIG_594_367,2.896656555,EMIG_426_381,0.876571141,NA,42.37381995,-111.5533386,NA,106.1130972,42.37383381,-111.5533666,NA,33.00918393,0,0,1,1
2,EMIG,5109,ABLA,11.6,66.2,16.4,1,0,NA,0,-,-,0,-,0,-,0,-,0,-,0,-,0,-,NA,1,EMIG5109,42.37383603,-111.5534017,EMIG,5109,ABLA,11.6,66.2,16.4,1,0,NA,0,-,-,0,-,0,-,0,-,0,-,0,-,0,-,NA,2,0,2340,5109,NA,Point,2211.601,NA,0.206769678,EMIG_5109_383,EMIG_601_384,2.486922545,EMIG_601_384,2.486922545,NA,42.37385479,-111.5534182,NA,-33.11057373,42.37385479,-111.5534182,NA,-33.11057373,0,0,1,1
2,EMIG,601,ABLA,4.6,12.6,8,1,1,NA,0,-,-,0,-,0,-,1,-,0,-,0,-,0,-,NA,1,EMIG601,42.37385479,-111.5534182,EMIG,601,ABLA,4.6,12.6,8,1,1,NA,0,-,-,0,-,0,-,1,-,0,-,0,-,0,-,NA,2,0,2341,601,NA,Point,2209.876,NA,0.204399258,EMIG_601_384,EMIG_605_388,5.119706485,EMIG_426_381,4.845190547,NA,42.37382052,-111.5534598,NA,-138.0103824,42.37383381,-111.5533666,NA,118.7380463,1,1,1,1
2,EMIG,602,ABLA,1.9,19.3,0,1,0,NA,1,-,-,0,-,0,-,0,-,0,-,0,-,0,-,1 DB,1,EMIG602,42.37378614,-111.5534522,EMIG,602,ABLA,1.9,19.3,0,1,0,NA,1,-,-,0,-,0,-,0,-,0,-,0,-,0,-,1 DB,2,0,2342,602,NA,Point,2210.879,NA,0.207204135,EMIG_602_385,EMIG_605_388,3.868461498,EMIG_605_388,3.868461498,NA,42.37382052,-111.5534598,NA,-9.308621921,42.37382052,-111.5534598,NA,-9.308621921,0,0,1,1
2,EMIG,603,ABLA,3,15.7,0,1,0,NA,0,-,-,0,-,0,-,0,-,0,-,0,-,0,-,NA,1,EMIG603,42.37380308,-111.5534528,EMIG,603,ABLA,3,15.7,0,1,0,NA,0,-,-,0,-,0,-,0,-,0,-,0,-,0,-,NA,2,0,2343,603,NA,Point,2210.01,NA,0.20592754,EMIG_603_386,EMIG_605_388,2.020461981,EMIG_605_388,2.020461981,NA,42.37382052,-111.5534598,NA,-16.57367172,42.37382052,-111.5534598,NA,-16.57367172,0,0,1,1
2,EMIG,604,ABLA,1.2,7.7,0,1,0,NA,1,-,-,0,-,0,-,0,-,0,-,0,-,0,-,1 DB,1,EMIG604,42.37381643,-111.5534381,EMIG,604,ABLA,1.2,7.7,0,1,0,NA,1,-,-,0,-,0,-,0,-,0,-,0,-,0,-,1 DB,2,0,2344,604,NA,Point,2210.388,NA,0.205875332,EMIG_604_387,EMIG_605_388,1.843448753,EMIG_605_388,1.843448753,NA,42.37382052,-111.5534598,NA,-75.73785998,42.37382052,-111.5534598,NA,-75.73785998,0,0,1,1
2,EMIG,605,ABLA,9,45.2,2.6,1,1,NA,0,-,-,0,-,0,-,0,-,0,-,1,-,0,-,NA,1,EMIG605,42.37382052,-111.5534598,EMIG,605,ABLA,9,45.2,2.6,1,1,NA,0,-,-,0,-,1,-,0,-,0,-,0,-,0,-,NA,2,0,2345,605,NA,Point,2211.08,NA,0.20422502,EMIG_605_388,EMIG_601_384,5.119706485,EMIG_601_384,5.119706485,NA,42.37385479,-111.5534182,NA,41.98958959,42.37385479,-111.5534182,NA,41.98958959,1,1,1,1
2,EMIG,606,ABLA,1.8,11.8,0,1,0,NA,3,-,-,0,-,0,-,0,-,0,-,0,-,0,-,1 DB,1,EMIG606,42.37381227,-111.5534825,EMIG,606,ABLA,1.8,11.8,0,1,0,NA,3,-,-,0,-,0,-,0,-,0,-,0,-,0,-,1 DB,2,0,2346,606,NA,Point,2210.455,NA,0.203416875,EMIG_606_389,EMIG_605_388,2.081397551,EMIG_605_388,2.081397551,NA,42.37382052,-111.5534598,NA,63.88824991,42.37382052,-111.5534598,NA,63.88824991,0,0,1,1
2,EMIG,607,ABLA,1.7,10.1,0,1,0,NA,0,-,-,0,-,0,-,0,-,0,-,0,-,0,-,NA,1,EMIG607,42.37380978,-111.5534865,EMIG,607,ABLA,1.7,10.1,0,1,0,NA,0,-,-,0,-,0,-,0,-,0,-,0,-,0,-,NA,2,0,2347,607,NA,Point,2211.361,NA,0.203352384,EMIG_607_390,EMIG_605_388,2.500941485,EMIG_605_388,2.500941485,NA,42.37382052,-111.5534598,NA,61.52052546,42.37382052,-111.5534598,NA,61.52052546,0,0,1,1
2,EMIG,609,ABLA,2.8,13.5,0,1,0,NA,0,-,-,0,-,0,-,0,-,0,-,0,-,0,-,NA,1,EMIG609,42.37384221,-111.5534365,EMIG,609,ABLA,2.8,13.5,0,1,0,NA,0,-,-,0,-,0,-,0,-,0,-,0,-,0,-,NA,2,0,2349,609,NA,Point,2211.309,NA,0.204129143,EMIG_609_391,EMIG_601_384,2.054600607,EMIG_601_384,2.054600607,NA,42.37385479,-111.5534182,NA,47.16617707,42.37385479,-111.5534182,NA,47.16617707,0,0,1,1
2,EMIG,610,ABLA,1.4,8,0,1,0,NA,0,-,-,0,-,0,-,0,-,0,-,0,-,0,-,NA,1,EMIG610,42.37383533,-111.5534229,EMIG,610,ABLA,1.4,8,0,1,0,NA,0,-,-,0,-,0,-,0,-,0,-,0,-,0,-,NA,2,0,2350,610,NA,Point,2211.81,NA,0.205477229,EMIG_610_392,EMIG_601_384,2.195194139,EMIG_601_384,2.195194139,NA,42.37385479,-111.5534182,NA,10.1530805,42.37385479,-111.5534182,NA,10.1530805,0,0,1,1
2,EMIG,611,ABLA,1.7,11.2,0,1,0,NA,1,-,-,0,-,0,-,0,-,0,-,0,-,0,-,WOB,1,EMIG611,42.37384365,-111.5534226,EMIG,611,ABLA,1.7,11.2,0,1,0,NA,1,-,-,0,-,0,-,0,-,0,-,0,-,0,-,WOB,2,0,2351,611,NA,Point,2213.139,NA,0.20490586,EMIG_611_393,EMIG_601_384,1.288930274,EMIG_601_384,1.288930274,NA,42.37385479,-111.5534182,NA,16.32344749,42.37385479,-111.5534182,NA,16.32344749,0,0,1,1
2,EMIG,613,ABLA,12.8,72.8,0,1,0,NA,2,-,-,0,-,0,-,0,-,0,-,0,-,0,-,2 DB,1,EMIG613,42.37388686,-111.553453,EMIG,613,ABLA,12.8,72.8,0,1,0,NA,2,-,-,0,-,0,-,0,-,0,-,0,-,0,-,2 DB,2,0,2353,613,NA,Point,2211.852,NA,0.199932088,EMIG_613_394,EMIG_601_384,4.570579566,EMIG_601_384,4.570579566,NA,42.37385479,-111.5534182,NA,141.1798482,42.37385479,-111.5534182,NA,141.1798482,0,0,1,1
2,EMIG,614,ABLA,NA,5.8,0,1,0,NA,3,-,-,0,-,0,-,0,-,0,-,0,-,0,-,"1 DB, WOB",1,EMIG614,42.37387799,-111.5534563,EMIG,614,ABLA,NA,5.8,0,1,0,NA,3,-,-,0,-,0,-,0,-,0,-,0,-,0,-,"1 DB, WOB",2,0,2354,614,NA,Point,2211.528,NA,0.200343381,EMIG_614_395,EMIG_601_384,4.059115121,EMIG_601_384,4.059115121,NA,42.37385479,-111.5534182,NA,129.3937677,42.37385479,-111.5534182,NA,129.3937677,0,0,1,1
2,EMIG,615,ABLA,1.8,10.7,0,1,0,NA,0,-,-,0,-,0,-,0,-,0,-,0,-,0,-,NA,1,EMIG615,42.37389522,-111.553481,EMIG,615,ABLA,1.8,10.7,0,1,0,NA,0,-,-,0,-,0,-,0,-,0,-,0,-,0,-,NA,2,0,2355,615,NA,Point,2213.297,NA,0.197560166,EMIG_615_396,EMIG_601_384,6.847493502,EMIG_601_384,6.847493502,NA,42.37385479,-111.5534182,NA,130.9661167,42.37385479,-111.5534182,NA,130.9661167,0,0,1,1
2,EMIG,616,ABLA,2.6,17.3,2.3,1,0,NA,0,-,-,0,-,0,-,0,-,0,-,0,-,0,-,NA,1,EMIG616,42.37389817,-111.5535007,EMIG,616,ABLA,2.6,17.3,2.3,1,0,NA,0,-,-,0,-,0,-,0,-,0,-,0,-,0,-,NA,2,0,2356,616,NA,Point,2214.024,NA,0.196099631,EMIG_616_397,EMIG_601_384,8.327070656,EMIG_601_384,8.327070656,NA,42.37385479,-111.5534182,NA,125.3422093,42.37385479,-111.5534182,NA,125.3422093,0,0,1,1
2,EMIG,617,ABLA,NA,4.9,0,1,0,NA,0,-,-,0,-,0,-,0,-,0,-,0,-,0,-,"1 Dead, Rot in area",1,EMIG617,42.3738977,-111.5534903,EMIG,617,ABLA,NA,4.9,0,1,0,NA,0,-,-,0,-,0,-,0,-,0,-,0,-,0,-,"1 Dead, Rot in area",2,0,2357,617,NA,Point,2213.516,NA,0.196793808,EMIG_617_398,EMIG_601_384,7.61189298,EMIG_601_384,7.61189298,NA,42.37385479,-111.5534182,NA,128.7520898,42.37385479,-111.5534182,NA,128.7520898,0,0,1,1
2,EMIG,618,ABLA,1.3,7.7,0,1,0,NA,0,-,-,0,-,0,-,0,-,0,-,0,-,0,-,NA,1,EMIG618,42.37390465,-111.5534881,EMIG,618,ABLA,1.3,7.7,0,1,0,NA,0,-,-,0,-,0,-,0,-,0,-,0,-,0,-,NA,2,0,2358,618,NA,Point,2213.062,NA,0.19644633,EMIG_618_399,EMIG_601_384,7.985786707,EMIG_601_384,7.985786707,NA,42.37385479,-111.5534182,NA,133.8904496,42.37385479,-111.5534182,NA,133.8904496,0,0,1,1
2,EMIG,619,ABLA,2.5,22.9,0.7,1,0,NA,0,-,-,0,-,0,-,0,-,0,-,0,-,0,-,NA,1,EMIG619,42.37390463,-111.5535151,EMIG,619,ABLA,2.5,22.9,0.7,1,0,NA,0,-,-,0,-,0,-,0,-,0,-,0,-,0,-,NA,2,0,2359,619,NA,Point,2211.96,NA,0.194729636,EMIG_619_400,EMIG_601_384,9.709633459,EMIG_601_384,9.709633459,NA,42.37385479,-111.5534182,NA,124.7479697,42.37385479,-111.5534182,NA,124.7479697,0,0,1,1
2,EMIG,620,ABLA,1.7,11.1,3.7,1,0,NA,0,-,-,0,-,0,-,0,-,0,-,0,-,0,-,NA,1,EMIG620,42.37389112,-111.5535262,EMIG,620,ABLA,1.7,11.1,3.7,1,0,NA,0,-,-,0,-,0,-,0,-,0,-,0,-,0,-,NA,2,0,2360,620,NA,Point,2212.215,NA,0.194987363,EMIG_620_401,EMIG_605_388,9.557335958,EMIG_605_388,9.557335958,NA,42.37382052,-111.5534598,NA,145.1092323,42.37382052,-111.5534598,NA,145.1092323,0,0,1,1
2,EMIG,621,ABLA,1.1,8.8,0,1,0,NA,0,-,-,0,-,0,-,0,-,0,-,0,-,0,-,NA,1,EMIG621,42.37388246,-111.553518,EMIG,621,ABLA,1.1,8.8,0,1,0,NA,0,-,-,0,-,0,-,0,-,0,-,0,-,0,-,NA,2,0,2361,621,NA,Point,2210.465,NA,0.196122292,EMIG_621_402,EMIG_605_388,8.382407587,EMIG_605_388,8.382407587,NA,42.37382052,-111.5534598,NA,145.1347066,42.37382052,-111.5534598,NA,145.1347066,0,0,1,1
2,EMIG,622,ABLA,NA,7.3,0,1,0,NA,0,-,-,0,-,0,-,0,-,0,-,0,-,0,-,NA,1,EMIG622,42.37388857,-111.5535235,EMIG,622,ABLA,NA,7.3,0,1,0,NA,0,-,-,0,-,0,-,0,-,0,-,0,-,0,-,NA,2,0,2362,622,NA,Point,2211.167,NA,0.195339473,EMIG_622_403,EMIG_605_388,9.197948598,EMIG_605_388,9.197948598,NA,42.37382052,-111.5534598,NA,145.2361512,42.37382052,-111.5534598,NA,145.2361512,0,0,1,1
2,EMIG,623,ABLA,1.6,11.2,1.2,1,0,NA,0,-,-,0,-,0,-,0,-,0,-,0,-,0,-,NA,1,EMIG623,42.37389584,-111.5535544,EMIG,623,ABLA,1.6,11.2,1.2,1,0,NA,0,-,-,0,-,0,-,0,-,0,-,0,-,0,-,NA,2,0,2363,623,NA,Point,2209.871,NA,0.192877455,EMIG_623_404,EMIG_605_388,11.42853981,EMIG_813_579,7.818503857,NA,42.37382052,-111.5534598,NA,137.0378331,42.37389838,-111.5536493,NA,-87.93267376,0,0,1,1
2,EMIG,624,ABLA,4.3,22,0,1,0,NA,0,-,-,0,-,0,-,0,-,0,-,0,-,0,-,NA,1,EMIG624,42.37389388,-111.5535395,EMIG,624,ABLA,4.3,22,0,1,0,NA,0,-,-,0,-,0,-,0,-,0,-,0,-,0,-,NA,2,0,2364,624,NA,Point,2218.977,NA,0.193953268,EMIG_624_405,EMIG_605_388,10.46009588,EMIG_813_579,9.053977793,NA,42.37382052,-111.5534598,NA,141.1463991,42.37389838,-111.5536493,NA,-86.83628849,0,0,1,1
2,EMIG,625,ABLA,2.6,15.1,0,1,0,NA,1,-,-,0,-,0,-,0,-,0,-,0,-,0,-,1 DB,1,EMIG625,42.37387541,-111.5535428,EMIG,625,ABLA,2.6,15.1,0,1,0,NA,1,-,-,0,-,0,-,0,-,0,-,0,-,0,-,1 DB,2,0,2365,625,NA,Point,2214.034,NA,0.195076099,EMIG_625_406,EMIG_605_388,9.156801,EMIG_813_579,9.131902346,NA,42.37382052,-111.5534598,NA,131.7296978,42.37389838,-111.5536493,NA,-73.78137313,0,0,1,1
2,EMIG,627,ABLA,1.8,9.1,1.8,1,0,NA,0,-,-,0,-,0,-,0,-,0,-,0,-,0,-,Rot in area,1,EMIG627,42.37392503,-111.5534767,EMIG,627,ABLA,1.8,9.1,1.8,1,0,NA,0,-,-,0,-,0,-,0,-,0,-,0,-,0,-,Rot in area,2,0,2367,627,NA,Point,2213.881,NA,0.195761127,EMIG_627_407,EMIG_601_384,9.166724466,EMIG_601_384,9.166724466,NA,42.37385479,-111.5534182,NA,148.3026584,42.37385479,-111.5534182,NA,148.3026584,0,0,1,1
2,EMIG,628,ABLA,NA,5.4,0,1,0,NA,1,-,-,0,-,0,-,0,-,0,-,0,-,0,-,NA,1,EMIG628,42.37393771,-111.5535166,EMIG,628,ABLA,NA,5.4,0,1,0,NA,1,-,-,0,-,0,-,0,-,0,-,0,-,0,-,NA,2,0,2368,628,NA,Point,2214.582,NA,0.192317851,EMIG_628_408,EMIG_601_384,12.26421273,EMIG_813_579,11.76609257,NA,42.37385479,-111.5534182,NA,138.6553002,42.37389838,-111.5536493,NA,-111.7874412,0,0,1,1
2,EMIG,629,ABLA,1.2,8.2,0,1,0,NA,4,-,-,0,-,0,-,0,-,0,-,0,-,0,-,"3 DB, WOB",1,EMIG629,42.37391281,-111.5535635,EMIG,629,ABLA,1.2,8.2,0,1,0,NA,4,-,-,0,-,0,-,0,-,0,-,0,-,0,-,"3 DB, WOB",2,0,2369,629,NA,Point,2215.05,NA,0.191089786,EMIG_629_409,EMIG_605_388,13.33842962,EMIG_813_579,7.243619006,NA,42.37382052,-111.5534598,NA,140.200565,42.37389838,-111.5536493,NA,-102.7795249,0,0,1,1
2,EMIG,630,ABLA,NA,5,0,1,0,NA,1,-,-,0,-,0,-,0,-,0,-,0,-,0,-,WOB,1,EMIG630,42.37390659,-111.5535691,EMIG,630,ABLA,NA,5,0,1,0,NA,1,-,-,0,-,0,-,0,-,0,-,0,-,0,-,WOB,2,0,2370,630,NA,Point,2214.531,NA,0.191183472,EMIG_630_410,EMIG_605_388,13.12710577,EMIG_813_579,6.665750419,NA,42.37382052,-111.5534598,NA,136.7227063,42.37389838,-111.5536493,NA,-97.86056666,0,0,1,1
2,EMIG,631,ABLA,1.8,9.8,0,1,0,NA,0,-,-,0,-,0,-,0,-,0,-,0,-,0,-,1 DB,1,EMIG631,42.37393224,-111.5534615,EMIG,631,ABLA,1.8,9.8,0,1,0,NA,0,-,-,0,-,0,-,0,-,0,-,0,-,0,-,1 DB,2,0,2371,631,NA,Point,2211.657,NA,0.196248288,EMIG_631_411,EMIG_459_273,8.615896475,EMIG_601_384,9.309609944,NA,42.37397591,-111.553375,NA,55.74995327,42.37385479,-111.5534182,NA,157.484052,0,0,1,0
2,EMIG,632,ABLA,NA,2,0,1,0,NA,0,-,-,0,-,0,-,0,-,0,-,0,-,0,-,Rot in area,1,EMIG632,42.37391608,-111.5534876,EMIG,632,ABLA,NA,2,0,1,0,NA,0,-,-,0,-,0,-,0,-,0,-,0,-,0,-,Rot in area,2,0,2372,632,NA,Point,2213.813,NA,0.195680624,EMIG_632_412,EMIG_601_384,8.886212849,EMIG_601_384,8.886212849,NA,42.37385479,-111.5534182,NA,139.9833637,42.37385479,-111.5534182,NA,139.9833637,0,0,1,1
2,EMIG,633,ABLA,NA,4.3,0,1,0,NA,0,-,-,0,-,0,-,0,-,0,-,0,-,0,-,Rot in area,1,EMIG633,42.37390149,-111.5534343,EMIG,633,ABLA,NA,4.3,0,1,0,NA,0,-,-,0,-,0,-,0,-,0,-,0,-,0,-,Rot in area,2,0,2373,633,NA,Point,2211.061,NA,0.200116769,EMIG_633_413,EMIG_601_384,5.352263882,EMIG_601_384,5.352263882,NA,42.37385479,-111.5534182,NA,165.6606621,42.37385479,-111.5534182,NA,165.6606621,0,0,1,1
2,EMIG,634,ABLA,1.1,8.8,0,1,0,NA,0,-,-,0,-,0,-,0,-,0,-,0,-,0,-,NA,1,EMIG634,42.37392948,-111.5534324,EMIG,634,ABLA,1.1,8.8,0,1,0,NA,0,-,-,0,-,0,-,0,-,0,-,0,-,0,-,NA,2,0,2374,634,NA,Point,2210.972,NA,0.198326339,EMIG_634_414,EMIG_459_273,6.993845934,EMIG_601_384,8.375500004,NA,42.37397591,-111.553375,NA,42.51047381,42.37385479,-111.5534182,NA,171.9759102,0,0,1,0
2,EMIG,635,ABLA,3.6,18.8,0,1,0,NA,0,-,-,0,-,0,-,0,-,0,-,0,-,0,-,NA,1,EMIG635,42.37394095,-111.5533922,EMIG,635,ABLA,3.6,18.8,0,1,0,NA,0,-,-,0,-,0,-,0,-,0,-,0,-,0,-,NA,2,0,2375,635,NA,Point,2212.482,NA,0.200188903,EMIG_635_415,EMIG_459_273,4.132158964,EMIG_456_270,6.130008376,NA,42.37397591,-111.553375,NA,20.04200979,42.3739948,-111.5533758,NA,12.72493465,0,0,1,0
2,EMIG,636,ABLA,1.4,7.9,0,1,0,NA,0,-,-,0,-,0,-,0,-,0,-,0,-,0,-,NA,1,EMIG636,42.37395275,-111.5533834,EMIG,636,ABLA,1.4,7.9,0,1,0,NA,0,-,-,0,-,0,-,0,-,0,-,0,-,0,-,NA,2,0,2376,636,NA,Point,2214.563,NA,0.19998972,EMIG_636_416,EMIG_459_273,2.663034692,EMIG_456_270,4.710929489,NA,42.37397591,-111.553375,NA,15.05242692,42.3739948,-111.5533758,NA,7.632889628,0,0,1,0
2,EMIG,637,ABLA,6.6,36.5,0,1,0,NA,2,-,-,0,-,0,-,0,-,0,-,0,-,0,-,"WOB, 1 DB",1,EMIG637,42.37395948,-111.5533821,EMIG,637,ABLA,6.6,36.5,0,1,0,NA,2,-,-,0,-,0,-,0,-,0,-,0,-,0,-,"WOB, 1 DB",2,0,2377,637,NA,Point,2215.215,NA,0.199634099,EMIG_637_417,EMIG_459_273,1.915735325,EMIG_456_270,3.956047928,NA,42.37397591,-111.553375,NA,17.76649534,42.3739948,-111.5533758,NA,7.534039673,0,0,1,0
2,EMIG,638,ABLA,12.5,77.9,14.3,1,0,NA,0,-,-,0,-,0,-,0,-,0,-,0,-,0,-,injury on south side,1,EMIG638,42.37394295,-111.5534598,EMIG,638,ABLA,12.5,77.9,14.3,1,0,NA,0,-,-,0,-,0,-,0,-,0,-,0,-,0,-,injury on south side,2,0,2378,638,NA,Point,2220.999,NA,0.195629161,EMIG_638_418,EMIG_459_273,7.88293063,EMIG_456_270,8.998779395,NA,42.37397591,-111.553375,NA,62.33668997,42.3739948,-111.5533758,NA,50.22347177,0,0,1,0
2,EMIG,639,ABLA,2,11.2,1.5,1,0,NA,0,-,-,0,-,0,-,0,-,0,-,0,-,0,-,Rot in area,1,EMIG639,42.37397667,-111.5533852,EMIG,639,ABLA,2,11.2,1.5,1,0,NA,0,-,-,0,-,0,-,0,-,0,-,0,-,0,-,Rot in area,2,0,2379,639,NA,Point,2213.7,NA,0.198307299,EMIG_639_419,EMIG_459_273,0.8440264,EMIG_456_270,2.156776744,NA,42.37397591,-111.553375,NA,95.73827765,42.3739948,-111.5533758,NA,21.02876154,0,0,1,0
2,EMIG,640,ABLA,3.3,18,0,1,0,NA,0,-,-,0,-,0,-,0,-,0,-,0,-,0,-,NA,1,EMIG640,42.37399056,-111.553403,EMIG,640,ABLA,3.3,18,0,1,0,NA,0,-,-,0,-,0,-,0,-,0,-,0,-,0,-,NA,2,0,2380,640,NA,Point,2211.242,NA,0.196219094,EMIG_640_420,EMIG_456_270,2.288412056,EMIG_456_270,2.288412056,NA,42.3739948,-111.5533758,NA,78.12749504,42.3739948,-111.5533758,NA,78.12749504,0,0,2,2
2,EMIG,641,ABLA,NA,4,0,1,0,NA,0,-,-,0,-,0,-,0,-,0,-,0,-,0,-,NA,1,EMIG641,42.37399442,-111.5534082,EMIG,641,ABLA,NA,4,0,1,0,NA,0,-,-,0,-,0,-,0,-,0,-,0,-,0,-,NA,2,0,2381,641,NA,Point,2212.017,NA,0.195621995,EMIG_641_421,EMIG_456_270,2.667923309,EMIG_456_270,2.667923309,NA,42.3739948,-111.5533758,NA,89.09378428,42.3739948,-111.5533758,NA,89.09378428,0,0,2,2
2,EMIG,642,ABLA,1.7,10.4,0,1,0,NA,0,-,-,0,-,0,-,0,-,0,-,0,-,0,-,NA,1,EMIG642,42.37398377,-111.5534228,EMIG,642,ABLA,1.7,10.4,0,1,0,NA,0,-,-,0,-,0,-,0,-,0,-,0,-,0,-,NA,2,0,2382,642,NA,Point,2213.174,NA,0.195341477,EMIG_642_422,EMIG_459_273,4.031132619,EMIG_456_270,4.058847424,NA,42.37397591,-111.553375,NA,102.503906,42.3739948,-111.5533758,NA,72.43720503,0,0,1,0
2,EMIG,643,ABLA,1,6.9,0,1,0,NA,0,-,-,0,-,0,-,0,-,0,-,0,-,0,-,NA,1,EMIG643,42.3739908,-111.5534412,EMIG,643,ABLA,1,6.9,0,1,0,NA,0,-,-,0,-,0,-,0,-,0,-,0,-,0,-,NA,2,0,2383,643,NA,Point,2212.893,NA,0.193659467,EMIG_643_423,EMIG_456_270,5.402866616,EMIG_456_270,5.402866616,NA,42.3739948,-111.5533758,NA,85.28451726,42.3739948,-111.5533758,NA,85.28451726,0,0,2,2
2,EMIG,644,ABLA,2.9,13,0,1,0,NA,0,-,-,0,-,0,-,0,-,0,-,0,-,0,-,NA,1,EMIG644,42.37396448,-111.5534448,EMIG,644,ABLA,2.9,13,0,1,0,NA,0,-,-,0,-,0,-,0,-,0,-,0,-,0,-,NA,2,0,2384,644,NA,Point,2212.319,NA,0.195161515,EMIG_644_424,EMIG_459_273,5.885325054,EMIG_456_270,6.603650643,NA,42.37397591,-111.553375,NA,77.54626331,42.3739948,-111.5533758,NA,59.34785392,0,0,1,0
2,EMIG,645,ABLA,2.3,9.7,0,1,0,NA,0,-,-,0,-,0,-,0,-,0,-,0,-,0,-,NA,1,EMIG645,42.37395172,-111.5534506,EMIG,645,ABLA,2.3,9.7,0,1,0,NA,0,-,-,0,-,0,-,0,-,0,-,0,-,0,-,NA,2,0,2385,645,NA,Point,2213.809,NA,0.195636277,EMIG_645_425,EMIG_459_273,6.779208033,EMIG_456_270,7.798056978,NA,42.37397591,-111.553375,NA,66.65812493,42.3739948,-111.5533758,NA,52.16208127,0,0,1,0
2,EMIG,646,ABLA,NA,7.6,0,1,0,NA,0,-,-,0,-,0,-,0,-,0,-,0,-,0,-,NA,1,EMIG646,42.37394812,-111.553465,EMIG,646,ABLA,NA,7.6,0,1,0,NA,0,-,-,0,-,0,-,0,-,0,-,0,-,0,-,NA,2,0,2386,646,NA,Point,2212.65,NA,0.194939977,EMIG_646_426,EMIG_459_273,8.026812701,EMIG_456_270,8.989020936,NA,42.37397591,-111.553375,NA,67.39141811,42.3739948,-111.5533758,NA,54.78642524,0,0,1,0
2,EMIG,647,ABLA,2.9,16.8,0,1,0,NA,0,-,-,0,-,0,-,0,-,0,-,0,-,0,-,NA,1,EMIG647,42.37394994,-111.553445,EMIG,647,ABLA,2.9,16.8,0,1,0,NA,0,-,-,0,-,0,-,0,-,0,-,0,-,0,-,NA,2,0,2387,647,NA,Point,2213.344,NA,0.196122266,EMIG_647_427,EMIG_459_273,6.444486488,EMIG_456_270,7.567914206,NA,42.37397591,-111.553375,NA,63.4188242,42.3739948,-111.5533758,NA,48.83717356,0,0,1,0
2,EMIG,648,ABLA,NA,7.5,0,1,0,NA,0,-,-,0,-,0,-,0,-,0,-,0,-,0,-,Rot in area,1,EMIG648,42.37400187,-111.5535455,EMIG,648,ABLA,NA,7.5,0,1,0,NA,0,-,-,0,-,0,-,0,-,0,-,0,-,0,-,Rot in area,2,0,2388,648,NA,Point,2213.895,NA,0.186055785,EMIG_648_428,EMIG_656_435,6.059936938,EMIG_656_435,6.059936938,NA,42.3740482,-111.5535844,NA,-31.90499554,42.3740482,-111.5535844,NA,-31.90499554,0,0,1,1
2,EMIG,649,ABLA,3,9.9,0,1,0,NA,0,-,-,0,-,0,-,0,-,0,-,0,-,0,-,NA,1,EMIG649,42.37400152,-111.5535329,EMIG,649,ABLA,3,9.9,0,1,0,NA,0,-,-,0,-,0,-,0,-,0,-,0,-,0,-,NA,2,0,2389,649,NA,Point,2216.95,NA,0.186903145,EMIG_649_429,EMIG_656_435,6.696673858,EMIG_656_435,6.696673858,NA,42.3740482,-111.5535844,NA,-39.28453935,42.3740482,-111.5535844,NA,-39.28453935,0,0,1,1
2,EMIG,650,ABLA,2.2,11,0,1,0,NA,0,-,-,0,-,0,-,0,-,0,-,0,-,0,-,NA,1,EMIG650,42.37398425,-111.5535405,EMIG,650,ABLA,2.2,11,0,1,0,NA,0,-,-,0,-,0,-,0,-,0,-,0,-,0,-,NA,2,0,2390,650,NA,Point,2214.576,NA,0.187575521,EMIG_650_430,EMIG_656_435,7.967897236,EMIG_656_435,7.967897236,NA,42.3740482,-111.5535844,NA,-26.97632867,42.3740482,-111.5535844,NA,-26.97632867,0,0,1,1
2,EMIG,651,ABLA,2.5,11.6,0,1,0,NA,0,-,-,0,-,0,-,0,-,0,-,0,-,0,-,NA,1,EMIG651,42.3739825,-111.5535351,EMIG,651,ABLA,2.5,11.6,0,1,0,NA,0,-,-,0,-,0,-,0,-,0,-,0,-,0,-,NA,2,0,2391,651,NA,Point,2215.404,NA,0.188045432,EMIG_651_431,EMIG_656_435,8.348438463,EMIG_656_435,8.348438463,NA,42.3740482,-111.5535844,NA,-29.09114957,42.3740482,-111.5535844,NA,-29.09114957,0,0,1,1
2,EMIG,652,ABLA,1.9,9.2,0,1,0,NA,0,-,-,0,-,0,-,0,-,0,-,0,-,0,-,NA,1,EMIG652,42.37397936,-111.5535397,EMIG,652,ABLA,1.9,9.2,0,1,0,NA,0,-,-,0,-,0,-,0,-,0,-,0,-,0,-,NA,2,0,2392,652,NA,Point,2216.08,NA,0.187960779,EMIG_652_432,EMIG_656_435,8.483751312,EMIG_797_564,8.435795924,NA,42.3740482,-111.5535844,NA,-25.7091951,42.37403112,-111.5536147,NA,-47.05402396,0,0,1,1
2,EMIG,654,ABLA,NA,5,0,1,0,NA,0,-,-,0,-,0,-,0,-,0,-,0,-,0,-,Broken top,1,EMIG654,42.37399997,-111.5535759,EMIG,654,ABLA,NA,5,0,1,0,NA,0,-,-,0,-,0,-,0,-,0,-,0,-,0,-,Broken top,2,0,2394,654,NA,Point,2215.833,NA,0.184206493,EMIG_654_433,EMIG_656_435,5.400941359,EMIG_797_564,4.708364308,NA,42.3740482,-111.5535844,NA,-7.445066535,42.37403112,-111.5536147,NA,-42.72478157,0,0,1,1
2,EMIG,655,ABLA,13,15.7,0,1,0,NA,0,-,-,0,-,0,-,0,-,0,-,0,-,0,-,NA,1,EMIG655,42.37400444,-111.5535601,EMIG,655,ABLA,13,15.7,0,1,0,NA,0,-,-,0,-,0,-,0,-,0,-,0,-,0,-,NA,2,0,2395,655,NA,Point,2217.298,NA,0.184929689,EMIG_655_434,EMIG_656_435,5.254833615,EMIG_656_435,5.254833615,NA,42.3740482,-111.5535844,NA,-22.37911711,42.3740482,-111.5535844,NA,-22.37911711,0,0,1,1
2,EMIG,656,ABLA,7.9,36.5,0,1,1,NA,5,-,-,0,-,1,-,0,-,0,-,0,-,0,-,2 DB,1,EMIG656,42.3740482,-111.5535844,EMIG,656,ABLA,7.9,36.5,0,1,1,NA,5,-,-,0,-,1,-,0,-,0,-,0,-,0,-,2 DB,2,0,2396,656,NA,Point,2214.746,NA,0.18040298,EMIG_656_435,EMIG_786_554,6.832008424,EMIG_797_564,3.133744647,NA,42.37408967,-111.5536457,NA,-47.62330088,42.37403112,-111.5536147,NA,-127.2432974,1,1,2,1
2,EMIG,657,ABLA,NA,5.7,0,1,0,NA,0,-,-,0,-,0,-,0,-,0,-,0,-,0,-,NA,1,EMIG657,42.37404633,-111.5535675,EMIG,657,ABLA,NA,5.7,0,1,0,NA,0,-,-,0,-,0,-,0,-,0,-,0,-,0,-,NA,2,0,2397,657,NA,Point,2216.23,NA,0.181641934,EMIG_657_436,EMIG_656_435,1.40683476,EMIG_656_435,1.40683476,NA,42.3740482,-111.5535844,NA,-81.51237114,42.3740482,-111.5535844,NA,-81.51237114,0,0,1,1
2,EMIG,658,ABLA,1.1,6.3,0,1,0,NA,0,-,-,0,-,0,-,0,-,0,-,0,-,0,-,NA,1,EMIG658,42.37404946,-111.5535651,EMIG,658,ABLA,1.1,6.3,0,1,0,NA,0,-,-,0,-,0,-,0,-,0,-,0,-,0,-,NA,2,0,2398,658,NA,Point,2216.482,NA,0.181594125,EMIG_658_437,EMIG_656_435,1.595173213,EMIG_656_435,1.595173213,NA,42.3740482,-111.5535844,NA,-95.03174401,42.3740482,-111.5535844,NA,-95.03174401,0,0,1,1
2,EMIG,660,ABLA,9.5,44.5,3.9,1,0,NA,0,-,-,0,-,0,-,0,-,0,-,0,-,0,-,South obstructed,1,EMIG660,42.37402919,-111.5534965,EMIG,660,ABLA,9.5,44.5,3.9,1,0,NA,0,-,-,0,-,0,-,0,-,0,-,0,-,0,-,South obstructed,2,0,2400,660,NA,Point,2213.143,NA,0.187475424,EMIG_660_438,EMIG_656_435,7.538622371,EMIG_656_435,7.538622371,NA,42.3740482,-111.5535844,NA,-73.73947803,42.3740482,-111.5535844,NA,-73.73947803,0,0,1,1
2,EMIG,661,ABLA,11.4,55.8,0,1,0,NA,2,-,-,0,-,0,-,0,-,0,-,0,-,0,-,1 DB,1,EMIG661,42.37402772,-111.553486,EMIG,661,ABLA,11.4,55.8,0,1,0,NA,2,-,-,0,-,0,-,0,-,0,-,0,-,0,-,1 DB,2,0,2401,661,NA,Point,2213.582,NA,0.188270551,EMIG_661_439,EMIG_656_435,8.414674881,EMIG_656_435,8.414674881,NA,42.3740482,-111.5535844,NA,-74.32073829,42.3740482,-111.5535844,NA,-74.32073829,0,0,1,1
2,EMIG,662,ABLA,2.8,13.5,0,1,0,NA,1,-,-,0,-,0,-,0,-,0,-,0,-,0,-,"Rot in area, WOB",1,EMIG662,42.37405047,-111.5534417,EMIG,662,ABLA,2.8,13.5,0,1,0,NA,1,-,-,0,-,0,-,0,-,0,-,0,-,0,-,"Rot in area, WOB",2,0,2402,662,NA,Point,2212.304,NA,0.189791783,EMIG_662_440,EMIG_454_269,6.758055257,EMIG_456_270,8.224968666,NA,42.37401705,-111.5533731,NA,123.3060166,42.3739948,-111.5533758,NA,138.7254711,0,0,1,0
2,EMIG,663,ABLA,1.8,9.3,0,1,0,NA,0,-,-,0,-,0,-,0,-,0,-,0,-,0,-,NA,1,EMIG663,42.37404589,-111.5534177,EMIG,663,ABLA,1.8,9.3,0,1,0,NA,0,-,-,0,-,0,-,0,-,0,-,0,-,0,-,NA,2,0,2403,663,NA,Point,2216.909,NA,0.191706389,EMIG_663_441,EMIG_454_269,4.872277181,EMIG_456_270,6.63954012,NA,42.37401705,-111.5533731,NA,131.0913885,42.3739948,-111.5533758,NA,148.6961092,0,0,1,0
2,EMIG,664,ABLA,NA,6.8,0,1,0,NA,3,-,-,0,-,0,-,0,-,0,-,0,-,0,-,2 DB,1,EMIG664,42.37404191,-111.5534232,EMIG,664,ABLA,NA,6.8,0,1,0,NA,3,-,-,0,-,0,-,0,-,0,-,0,-,0,-,2 DB,2,0,2404,664,NA,Point,2214.181,NA,0.191583364,EMIG_664_442,EMIG_454_269,4.963326915,EMIG_456_270,6.526407206,NA,42.37401705,-111.5533731,NA,123.7909742,42.3739948,-111.5533758,NA,143.275472,0,0,1,0
2,EMIG,665,ABLA,10.5,52.8,0,1,0,NA,0,-,-,0,-,0,-,0,-,0,-,0,-,0,-,NA,1,EMIG665,42.37407388,-111.5534347,EMIG,665,ABLA,10.5,52.8,0,1,0,NA,0,-,-,0,-,0,-,0,-,0,-,0,-,0,-,NA,2,0,2405,665,NA,Point,2216.863,NA,0.188807834,EMIG_665_443,EMIG_454_269,8.09584324,EMIG_273_241,7.085174387,NA,42.37401705,-111.5533731,NA,141.2106643,42.37409018,-111.5533515,NA,75.19949296,0,0,1,0
2,EMIG,666,ABLA,3,14.8,0,1,0,NA,0,-,-,0,-,0,-,0,-,0,-,0,-,0,-,WOB,1,EMIG666,42.37403581,-111.5534144,EMIG,666,ABLA,3,14.8,0,1,0,NA,0,-,-,0,-,0,-,0,-,0,-,0,-,0,-,WOB,2,0,2406,666,NA,Point,2212.22,NA,0.192563278,EMIG_666_444,EMIG_454_269,3.987688451,EMIG_456_270,5.553041993,NA,42.37401705,-111.5533731,NA,121.492055,42.3739948,-111.5533758,NA,145.0886236,0,0,1,0
2,EMIG,667,ABLA,1.5,10.4,0,1,0,NA,0,-,-,0,-,0,-,0,-,0,-,0,-,0,-,NA,1,EMIG667,42.37409524,-111.5533888,EMIG,667,ABLA,1.5,10.4,0,1,0,NA,0,-,-,0,-,0,-,0,-,0,-,0,-,0,-,NA,2,0,2407,667,NA,Point,2213.194,NA,0.190667412,EMIG_667_445,EMIG_271_239,6.434132872,EMIG_273_241,3.12199077,NA,42.37407974,-111.5533135,NA,105.5152841,42.37409018,-111.5533515,NA,100.3678589,0,0,1,0
2,EMIG,668,ABLA,4,20,0,1,0,NA,0,-,-,0,-,0,-,0,-,0,-,0,-,0,-,NA,1,EMIG668,42.37412764,-111.553425,EMIG,668,ABLA,4,20,0,1,0,NA,0,-,-,0,-,0,-,0,-,0,-,0,-,0,-,NA,2,0,2408,668,NA,Point,2214.021,NA,0.186228786,EMIG_668_446,EMIG_704_478,4.795180857,EMIG_704_478,4.795180857,NA,42.37417061,-111.5534192,NA,5.715298158,42.37417061,-111.5534192,NA,5.715298158,0,0,3,3
2,EMIG,669,ABLA,2.1,10.2,0,1,0,NA,0,-,-,0,-,0,-,0,-,0,-,0,-,0,-,NA,1,EMIG669,42.37412123,-111.5534314,EMIG,669,ABLA,2.1,10.2,0,1,0,NA,0,-,-,0,-,0,-,0,-,0,-,0,-,0,-,NA,2,0,2409,669,NA,Point,2214.748,NA,0.186163898,EMIG_669_447,EMIG_704_478,5.574349098,EMIG_704_478,5.574349098,NA,42.37417061,-111.5534192,NA,10.38101497,42.37417061,-111.5534192,NA,10.38101497,0,0,3,3
2,EMIG,671,ABLA,NA,0.7,0,1,0,NA,0,-,-,0,-,0,-,0,-,0,-,0,-,0,-,NA,1,EMIG671,42.37409141,-111.5534354,EMIG,671,ABLA,NA,0.7,0,1,0,NA,0,-,-,0,-,0,-,0,-,0,-,0,-,0,-,NA,2,0,2411,671,NA,Point,2214.402,NA,0.187684049,EMIG_671_448,EMIG_704_478,8.894855762,EMIG_273_241,6.909079308,NA,42.37417061,-111.5534192,NA,8.624077657,42.37409018,-111.5533515,NA,91.13266214,0,0,3,3
2,EMIG,672,ABLA,2.1,11.5,0,1,0,NA,2,-,-,0,-,0,-,0,-,0,-,0,-,0,-,1 DB,1,EMIG672,42.37408364,-111.5534487,EMIG,672,ABLA,2.1,11.5,0,1,0,NA,2,-,-,0,-,0,-,0,-,0,-,0,-,0,-,1 DB,2,0,2412,672,NA,Point,2214.246,NA,0.18724889,EMIG_672_449,EMIG_676_453,8.779095111,EMIG_273_241,8.035638172,NA,42.37410594,-111.553551,NA,-73.61720212,42.37409018,-111.5533515,NA,84.81497256,0,0,1,1
2,EMIG,673,ABLA,2.9,8.3,2.2,1,0,NA,3,-,-,0,-,0,-,0,-,0,-,0,-,0,-,NA,1,EMIG673,42.37408339,-111.5535715,EMIG,673,ABLA,2.9,8.3,2.2,1,0,NA,3,-,-,0,-,0,-,0,-,0,-,0,-,0,-,NA,2,0,2413,673,NA,Point,2218.666,NA,0.178956129,EMIG_673_450,EMIG_676_453,3.01967024,EMIG_676_453,3.01967024,NA,42.37410594,-111.553551,NA,33.98273678,42.37410594,-111.553551,NA,33.98273678,0,0,1,1
2,EMIG,674,ABLA,NA,1.8,0,1,0,NA,0,-,-,0,-,0,-,0,-,0,-,0,-,0,-,NA,1,EMIG674,42.37408753,-111.5535578,EMIG,674,ABLA,NA,1.8,0,1,0,NA,0,-,-,0,-,0,-,0,-,0,-,0,-,0,-,NA,2,0,2414,674,NA,Point,2220.712,NA,0.179608704,EMIG_674_451,EMIG_676_453,2.119507553,EMIG_676_453,2.119507553,NA,42.37410594,-111.553551,NA,15.31632811,42.37410594,-111.553551,NA,15.31632811,0,0,1,1
2,EMIG,675,ABLA,1.8,13.8,0,1,0,NA,0,-,-,0,-,0,-,0,-,0,-,0,-,0,-,NA,1,EMIG675,42.3741015,-111.5535781,EMIG,675,ABLA,1.8,13.8,0,1,0,NA,0,-,-,0,-,0,-,0,-,0,-,0,-,0,-,NA,2,0,2415,675,NA,Point,2219.868,NA,0.177351279,EMIG_675_452,EMIG_677_454,2.164410428,EMIG_677_454,2.164410428,NA,42.37411094,-111.5535551,NA,61.03386166,42.37411094,-111.5535551,NA,61.03386166,0,0,8,10
2,EMIG,676,ABLA,1.1,8.5,0,1,1,NA,0,-,-,0,-,0,-,1,-,0,-,0,-,0,-,Rot in area,1,EMIG676,42.37410594,-111.553551,EMIG,676,ABLA,1.1,8.5,0,1,1,NA,0,-,-,0,-,0,-,1,-,0,-,0,-,0,-,Rot in area,2,0,2416,676,NA,Point,2219.301,NA,0.178898698,EMIG_676_453,EMIG_677_454,0.649762436,EMIG_677_454,0.649762436,NA,42.37411094,-111.5535551,NA,-31.30007553,42.37411094,-111.5535551,NA,-31.30007553,1,1,8,10
2,EMIG,677,ABLA,8,43,0,1,1,NA,0,-,-,1,-,2,-,2,2-Jan,0,-,1,-,2,-,NA,1,EMIG677,42.37411094,-111.5535551,EMIG,677,ABLA,8,43,0,1,1,NA,0,-,-,0,-,2,-,2,2-Jan,2,-,2,-,2,-,NA,2,0,2417,677,NA,Point,2220.625,NA,0.178306467,EMIG_677_454,EMIG_676_453,0.649762436,EMIG_676_453,0.649762436,NA,42.37410594,-111.553551,NA,148.6999217,42.37410594,-111.553551,NA,148.6999217,8,10,1,1
2,EMIG,678,ABLA,5.8,24.5,0,1,1,NA,0,-,-,0,-,0,-,1,-,0,-,0,-,0,-,NA,1,EMIG678,42.37413223,-111.5535827,EMIG,678,ABLA,5.8,24.5,0,1,1,NA,0,-,-,0,-,0,-,1,-,2,-,0,-,0,-,NA,2,0,2418,678,NA,Point,2218.466,NA,0.175099496,EMIG_678_455,EMIG_771_540,2.98380081,EMIG_767_536,3.086354813,NA,42.37412034,-111.5536152,NA,-116.2618057,42.37414938,-111.5536122,NA,-51.90172313,1,3,1,0
2,EMIG,680,ABLA,NA,2.2,0,1,0,NA,0,-,-,0,-,0,-,0,-,0,-,0,-,0,-,NA,1,EMIG680,42.37415448,-111.5535805,EMIG,680,ABLA,NA,2.2,0,1,0,NA,0,-,-,0,-,0,-,0,-,0,-,0,-,0,-,NA,2,0,2420,680,NA,Point,2219.198,NA,0.173872145,EMIG_680_456,EMIG_678_455,2.477247791,EMIG_678_455,2.477247791,NA,42.37413223,-111.5535827,NA,-175.806886,42.37413223,-111.5535827,NA,-175.806886,0,0,1,3
2,EMIG,681,ABLA,2.1,10.5,0,1,0,NA,1,-,-,0,-,0,-,0,-,0,-,0,-,0,-,WOB,1,EMIG681,42.37414773,-111.553394,EMIG,681,ABLA,2.1,10.5,0,1,0,NA,1,-,-,0,-,0,-,0,-,0,-,0,-,0,-,WOB,2,0,2421,681,NA,Point,2217.199,NA,0.187228434,EMIG_681_457,EMIG_704_478,3.280128357,EMIG_704_478,3.280128357,NA,42.37417061,-111.5534192,NA,-39.23717661,42.37417061,-111.5534192,NA,-39.23717661,0,0,3,3
2,EMIG,682,ABLA,2.5,14,0,1,0,NA,0,-,-,0,-,0,-,0,-,0,-,0,-,0,-,NA,1,EMIG682,42.37415441,-111.5533907,EMIG,682,ABLA,2.5,14,0,1,0,NA,0,-,-,0,-,0,-,0,-,0,-,0,-,0,-,NA,2,0,2422,682,NA,Point,2215.613,NA,0.187078731,EMIG_682_458,EMIG_704_478,2.956650731,EMIG_704_478,2.956650731,NA,42.37417061,-111.5534192,NA,-52.52597008,42.37417061,-111.5534192,NA,-52.52597008,0,0,3,3
2,EMIG,683,ABLA,NA,5.7,0,1,0,NA,0,-,-,0,-,0,-,0,-,0,-,0,-,0,-,NA,1,EMIG683,42.37413807,-111.5533725,EMIG,683,ABLA,NA,5.7,0,1,0,NA,0,-,-,0,-,0,-,0,-,0,-,0,-,0,-,NA,2,0,2423,683,NA,Point,2217.565,NA,0.189295555,EMIG_683_459,EMIG_704_478,5.276253288,EMIG_704_478,5.276253288,NA,42.37417061,-111.5534192,NA,-46.77966474,42.37417061,-111.5534192,NA,-46.77966474,0,0,3,3
2,EMIG,684,ABLA,NA,6.4,0,1,0,NA,0,-,-,0,-,0,-,0,-,0,-,0,-,0,-,NA,1,EMIG684,42.37414385,-111.5533925,EMIG,684,ABLA,NA,6.4,0,1,0,NA,0,-,-,0,-,0,-,0,-,0,-,0,-,0,-,NA,2,0,2424,684,NA,Point,2214.022,NA,0.187556949,EMIG_684_460,EMIG_704_478,3.69617281,EMIG_704_478,3.69617281,NA,42.37417061,-111.5534192,NA,-36.49455252,42.37417061,-111.5534192,NA,-36.49455252,0,0,3,3
2,EMIG,685,ABLA,10.6,51,0,1,0,NA,0,-,-,0,-,0,-,0,-,0,-,0,-,0,-,NA,1,EMIG685,42.37417395,-111.5534166,EMIG,685,ABLA,10.6,51,0,1,1,NA,0,-,-,0,-,0,-,0,-,2,-,0,-,0,-,NA,2,1,2425,685,NA,Point,2206.414,NA,0.184139702,EMIG_685_461,EMIG_704_478,0.428215568,EMIG_704_478,0.428215568,NA,42.37417061,-111.5534192,NA,-150.0065734,42.37417061,-111.5534192,NA,-150.0065734,0,2,3,3
2,EMIG,686,ABLA,5.8,36.6,0,1,0,NA,0,-,-,0,-,0,-,0,-,0,-,0,-,0,-,NA,1,EMIG686,42.37416848,-111.5534079,EMIG,686,ABLA,5.8,36.6,0,1,0,NA,0,-,-,0,-,0,-,0,-,0,-,0,-,0,-,NA,2,0,2426,686,NA,Point,2210.756,NA,0.185064547,EMIG_686_462,EMIG_704_478,0.959952597,EMIG_685_461,0.939144858,NA,42.37417061,-111.5534192,NA,-75.73660249,42.37417395,-111.5534166,NA,-49.70369169,0,0,3,3
2,EMIG,687,ABLA,3.5,18.7,0,1,0,NA,0,-,-,0,-,0,-,0,-,0,-,0,-,0,-,NA,1,EMIG687,42.37416934,-111.5534096,EMIG,687,ABLA,3.5,18.7,0,1,0,NA,0,-,-,0,-,0,-,0,-,0,-,0,-,0,-,NA,2,0,2427,687,NA,Point,2211.988,NA,0.184895657,EMIG_687_463,EMIG_704_478,0.802876278,EMIG_685_461,0.77083502,NA,42.37417061,-111.5534192,NA,-79.88392633,42.37417395,-111.5534166,NA,-48.3888613,0,0,3,3
2,EMIG,688,ABLA,NA,2.5,0,1,0,NA,0,-,-,0,-,0,-,0,-,0,-,0,-,0,-,NA,1,EMIG688,42.37417491,-111.5533937,EMIG,688,ABLA,NA,2.5,0,1,0,NA,0,-,-,0,-,0,-,0,-,0,-,0,-,0,-,NA,2,0,2428,688,NA,Point,2213.666,NA,0.185707448,EMIG_688_464,EMIG_704_478,2.153094582,EMIG_685_461,1.888431604,NA,42.37417061,-111.5534192,NA,-102.8123442,42.37417395,-111.5534166,NA,-93.23592059,0,0,3,3
2,EMIG,690,ABLA,NA,6.3,0,1,0,NA,0,-,-,0,-,0,-,0,-,0,-,0,-,0,-,NA,1,EMIG690,42.37415869,-111.5533521,EMIG,690,ABLA,NA,6.3,0,1,0,NA,0,-,-,0,-,0,-,0,-,0,-,0,-,0,-,NA,2,0,2430,690,NA,Point,2216.958,NA,0.189568004,EMIG_690_465,EMIG_704_478,5.680872315,EMIG_685_461,5.574245527,NA,42.37417061,-111.5534192,NA,-76.52682891,42.37417395,-111.5534166,NA,-72.30321954,0,0,3,3
2,EMIG,691,ABLA,12.7,61.5,7.4,1,0,NA,0,-,-,0,-,0,-,0,-,0,-,0,-,0,-,NA,1,EMIG691,42.37416514,-111.5533423,EMIG,691,ABLA,12.7,61.5,7.4,1,0,NA,0,-,-,0,-,0,-,0,-,0,-,0,-,0,-,NA,2,0,2431,691,NA,Point,2218.628,NA,0.189905238,EMIG_691_466,EMIG_704_478,6.360458306,EMIG_685_461,6.195050871,NA,42.37417061,-111.5534192,NA,-84.5202435,42.37417395,-111.5534166,NA,-80.91443699,0,0,3,3
2,EMIG,692,ABLA,1.1,7.9,1.6,1,0,NA,0,-,-,0,-,0,-,0,-,0,-,0,-,0,-,NA,1,EMIG692,42.37417467,-111.5533602,EMIG,692,ABLA,1.1,7.9,1.6,1,0,NA,0,-,-,0,-,0,-,0,-,0,-,0,-,0,-,NA,2,0,2432,692,NA,Point,2216.359,NA,0.188102321,EMIG_692_467,EMIG_704_478,4.878508535,EMIG_685_461,4.64425687,NA,42.37417061,-111.5534192,NA,-95.30219136,42.37417395,-111.5534166,NA,-90.98634162,0,0,3,3
2,EMIG,694,ABLA,2.5,10.3,2,1,0,NA,0,-,-,0,-,0,-,0,-,0,-,0,-,0,-,split at bottom,1,EMIG694,42.37420789,-111.5533498,EMIG,694,ABLA,2.5,10.3,2,1,0,NA,0,-,-,0,-,0,-,0,-,0,-,0,-,0,-,split at bottom,2,0,2434,694,NA,Point,2217.323,NA,0.18703904,EMIG_694_468,EMIG_726_498,4.707907292,EMIG_697_471,4.659735066,NA,42.37423023,-111.5533984,NA,-58.20354433,42.37422593,-111.5534009,NA,-64.53982099,0,0,1,0
2,EMIG,695,ABLA,1.9,6.8,1.1,1,0,NA,0,-,-,0,-,0,-,0,-,0,-,0,-,0,-,Bent top,1,EMIG695,42.37421323,-111.5533549,EMIG,695,ABLA,1.9,6.8,1.1,1,0,NA,0,-,-,0,-,0,-,0,-,0,-,0,-,0,-,Bent top,2,0,2435,695,NA,Point,2216.358,NA,0.186386396,EMIG_695_469,EMIG_726_498,4.048483543,EMIG_697_471,4.041327637,NA,42.37423023,-111.5533984,NA,-62.20792561,42.37422593,-111.5534009,NA,-69.57727934,0,0,1,0
2,EMIG,696,ABLA,1.7,6.9,1.1,1,0,NA,0,-,-,0,-,0,-,0,-,0,-,0,-,0,-,Bent,1,EMIG696,42.37421423,-111.5533524,EMIG,696,ABLA,1.7,6.9,1.1,1,0,NA,0,-,-,0,-,0,-,0,-,0,-,0,-,0,-,Bent,2,0,2436,696,NA,Point,2217.971,NA,0.186513393,EMIG_696_470,EMIG_726_498,4.18330839,EMIG_697_471,4.199160356,NA,42.37423023,-111.5533984,NA,-64.86872787,42.37422593,-111.5534009,NA,-71.97783204,0,0,1,0
2,EMIG,697,ABLA,3,15.6,0,1,0,NA,2,-,-,0,-,0,-,0,-,0,-,0,-,0,-,WOB,1,EMIG697,42.37422593,-111.5534009,EMIG,697,ABLA,3,15.6,0,1,1,NA,2,-,-,0,-,0,-,1,-,0,-,0,-,0,-,WOB,2,1,2437,697,NA,Point,2212.983,NA,0.182394184,EMIG_697_471,EMIG_726_498,0.519944189,EMIG_700_474,1.166768251,NA,42.37423023,-111.5533984,NA,23.32041952,42.37421736,-111.5534091,NA,-144.6456856,0,1,1,0
2,EMIG,698,ABLA,1.5,10.2,2.9,1,0,NA,0,-,-,0,-,0,-,0,-,0,-,0,-,0,-,NA,1,EMIG698,42.37422527,-111.5534055,EMIG,698,ABLA,1.5,10.2,2.9,1,0,NA,0,-,-,0,-,0,-,0,-,0,-,0,-,0,-,NA,2,0,2438,698,NA,Point,2212.698,NA,0.182098721,EMIG_698_472,EMIG_726_498,0.803145153,EMIG_697_471,0.385755838,NA,42.37423023,-111.5533984,NA,46.70572597,42.37422593,-111.5534009,NA,79.04840863,0,0,1,0
2,EMIG,699,ABLA,4.1,20.5,2,1,0,NA,0,-,-,0,-,0,-,0,-,0,-,0,-,0,-,NA,1,EMIG699,42.37422239,-111.5534148,EMIG,699,ABLA,4.1,20.5,2,1,0,NA,0,-,-,0,-,0,-,0,-,0,-,0,-,0,-,NA,2,0,2439,699,NA,Point,2213.19,NA,0.181585966,EMIG_699_473,EMIG_700_474,0.729513854,EMIG_700_474,0.729513854,NA,42.37421736,-111.5534091,NA,139.9616393,42.37421736,-111.5534091,NA,139.9616393,0,0,1,2
2,EMIG,700,ABLA,3.9,20.7,0,1,1,NA,0,-,-,0,-,1,-,0,-,0,-,0,-,0,-,NA,1,EMIG700,42.37421736,-111.5534091,EMIG,700,ABLA,3.9,20.7,0,1,1,NA,0,-,-,0,-,1,-,0,-,0,-,1,-,0,-,NA,2,0,2440,700,NA,Point,2212.386,NA,0.182267371,EMIG_700_474,EMIG_726_498,1.678789954,EMIG_697_471,1.166768251,NA,42.37423023,-111.5533984,NA,31.65201297,42.37422593,-111.5534009,NA,35.35430892,1,2,1,0
2,EMIG,701,ABLA,2.1,7.4,0.6,1,0,NA,0,-,-,0,-,0,-,0,-,0,-,0,-,0,-,Broken top,1,EMIG701,42.37420329,-111.553413,EMIG,701,ABLA,2.1,7.4,0.6,1,0,NA,0,-,-,0,-,0,-,0,-,0,-,0,-,0,-,Broken top,2,0,2441,701,NA,Point,2211.701,NA,0.182757283,EMIG_701_475,EMIG_700_474,1.594973908,EMIG_700_474,1.594973908,NA,42.37421736,-111.5534091,NA,11.61406688,42.37421736,-111.5534091,NA,11.61406688,0,0,1,2
2,EMIG,702,ABLA,2.3,13.7,2.1,1,0,NA,0,-,-,0,-,0,-,0,-,0,-,0,-,0,-,Rot in area,1,EMIG702,42.37420266,-111.5534144,EMIG,702,ABLA,2.3,13.7,2.1,1,0,NA,0,-,-,0,-,0,-,0,-,0,-,0,-,0,-,Rot in area,2,0,2442,702,NA,Point,2211.336,NA,0.182692083,EMIG_702_476,EMIG_700_474,1.689593826,EMIG_700_474,1.689593826,NA,42.37421736,-111.5534091,NA,14.96715503,42.37421736,-111.5534091,NA,14.96715503,0,0,1,2
2,EMIG,703,ABLA,2,12.4,0,1,0,NA,0,-,-,0,-,0,-,0,-,0,-,0,-,0,-,NA,1,EMIG703,42.37416618,-111.553419,EMIG,703,ABLA,2,12.4,0,1,0,NA,0,-,-,0,-,0,-,0,-,0,-,0,-,0,-,NA,2,0,2443,703,NA,Point,2214.625,NA,0.184411794,EMIG_703_477,EMIG_704_478,0.492178125,EMIG_704_478,0.492178125,NA,42.37417061,-111.5534192,NA,-1.917273831,42.37417061,-111.5534192,NA,-1.917273831,0,0,3,3
2,EMIG,704,ABLA,3,14.7,0,1,1,NA,0,-,-,0,-,2,Jan-00,1,-,0,-,0,-,0,-,NA,1,EMIG704,42.37417061,-111.5534192,EMIG,704,ABLA,3,14.7,0,1,1,NA,0,-,-,0,-,2,Jan-00,0,-,0,-,0,-,1,-,NA,2,0,2444,704,NA,Point,2214.709,NA,0.184145443,EMIG_704_478,EMIG_700_474,5.257253598,EMIG_685_461,0.428215568,NA,42.37421736,-111.5534091,NA,9.100920802,42.37417395,-111.5534166,NA,29.99342485,3,3,1,2
2,EMIG,705,ABLA,2,9.3,0,1,0,NA,0,-,-,0,-,0,-,0,-,0,-,0,-,0,-,NA,1,EMIG705,42.37422173,-111.5534425,EMIG,705,ABLA,2,9.3,0,1,1,NA,0,-,-,0,-,1,-,0,-,0,-,1,-,0,-,NA,2,1,2445,705,NA,Point,2213.553,NA,0.179637596,EMIG_705_479,EMIG_720_492,0.690955012,EMIG_720_492,0.690955012,NA,42.37422081,-111.5534508,NA,-98.50219325,42.37422081,-111.5534508,NA,-98.50219325,0,2,3,1
2,EMIG,706,ABLA,NA,3.3,0,1,0,NA,1,-,-,0,-,0,-,0,-,0,-,0,-,0,-,WOB,1,EMIG706,42.37420833,-111.5534432,EMIG,706,ABLA,NA,3.3,0,1,0,NA,1,-,-,0,-,0,-,0,-,0,-,0,-,0,-,WOB,2,0,2446,706,NA,Point,2213.83,NA,0.180325914,EMIG_706_480,EMIG_720_492,1.520488232,EMIG_705_479,1.489037825,NA,42.37422081,-111.5534508,NA,-24.30107151,42.37422173,-111.5534425,NA,2.218175386,0,0,3,1
2,EMIG,707,ABLA,2.8,13.4,0,1,0,NA,0,-,-,0,-,0,-,0,-,0,-,0,-,0,-,NA,1,EMIG707,42.37418952,-111.5534812,EMIG,707,ABLA,2.8,13.4,0,1,0,NA,0,-,-,0,-,0,-,0,-,0,-,0,-,0,-,NA,2,0,2447,707,NA,Point,2214.303,NA,0.178694922,EMIG_707_481,EMIG_708_482,1.998578907,EMIG_708_482,1.998578907,NA,42.37417573,-111.5534968,NA,-140.0101199,42.37417573,-111.5534968,NA,-140.0101199,0,0,2,4
2,EMIG,708,ABLA,2,10.5,0,1,1,NA,0,-,-,0,-,1,-,0,-,0,-,1,-,0,-,NA,1,EMIG708,42.37417573,-111.5534968,EMIG,708,ABLA,2,10.5,0,1,1,NA,0,-,-,1,1-Apr,2,1-Feb,0,-,1,-,0,-,0,-,NA,2,0,2448,708,NA,Point,2215.158,NA,0.178396875,EMIG_708_482,EMIG_710_484,1.228253603,EMIG_710_484,1.228253603,NA,42.37417284,-111.5535112,NA,-105.1452723,42.37417284,-111.5535112,NA,-105.1452723,2,4,5,6
2,EMIG,709,ABLA,1.4,9.3,0,1,0,NA,0,-,-,0,-,0,-,0,-,0,-,0,-,0,-,NA,1,EMIG709,42.37416695,-111.5535005,EMIG,709,ABLA,1.4,9.3,0,1,0,NA,0,-,-,0,-,0,-,0,-,0,-,0,-,0,-,NA,2,0,2449,709,NA,Point,2215.11,NA,0.178652761,EMIG_709_483,EMIG_708_482,1.021407496,EMIG_708_482,1.021407496,NA,42.37417573,-111.5534968,NA,17.35231805,42.37417573,-111.5534968,NA,17.35231805,0,0,2,4
2,EMIG,710,ABLA,2.6,12.4,0,1,1,NA,0,-,-,1,-,1,-,0,-,0,-,2,-,1,-,NA,1,EMIG710,42.37417284,-111.5535112,EMIG,710,ABLA,2.6,12.4,0,1,1,NA,0,-,-,0,-,2,-,0,-,1,-,2,-,1,-,NA,2,0,2450,710,NA,Point,2217.415,NA,0.177560403,EMIG_710_484,EMIG_708_482,1.228253603,EMIG_708_482,1.228253603,NA,42.37417573,-111.5534968,NA,74.85471799,42.37417573,-111.5534968,NA,74.85471799,5,6,2,4
2,EMIG,711,ABLA,NA,3.6,0,1,0,NA,0,-,-,0,-,0,-,0,-,0,-,0,-,0,-,NA,1,EMIG711,42.37418105,-111.5535105,EMIG,711,ABLA,NA,3.6,0,1,0,NA,0,-,-,0,-,0,-,0,-,0,-,0,-,0,-,NA,2,0,2451,711,NA,Point,2214.686,NA,0.177128431,EMIG_711_485,EMIG_710_484,0.913449816,EMIG_710_484,0.913449816,NA,42.37417284,-111.5535112,NA,-176.3825934,42.37417284,-111.5535112,NA,-176.3825934,0,0,5,6
2,EMIG,713,ABLA,2.2,11,0,1,0,NA,0,-,-,0,-,0,-,0,-,0,-,0,-,0,-,NA,1,EMIG713,42.37420432,-111.5534945,EMIG,713,ABLA,2.2,11,0,1,0,NA,0,-,-,0,-,0,-,0,-,0,-,0,-,0,-,NA,2,0,2453,713,NA,Point,2217.841,NA,0.17691299,EMIG_713_486,EMIG_715_488,0.395157693,EMIG_715_488,0.395157693,NA,42.37420752,-111.5534924,NA,25.94726197,42.37420752,-111.5534924,NA,25.94726197,0,0,3,1
2,EMIG,714,ABLA,1,7.4,0,1,0,NA,0,-,-,0,-,0,-,0,-,0,-,0,-,0,-,NA,1,EMIG714,42.37419649,-111.5534975,EMIG,714,ABLA,1,7.4,0,1,0,NA,0,-,-,0,-,0,-,0,-,0,-,0,-,0,-,NA,2,0,2454,714,NA,Point,2218.744,NA,0.177148018,EMIG_714_487,EMIG_715_488,1.294739316,EMIG_715_488,1.294739316,NA,42.37420752,-111.5534924,NA,18.92377887,42.37420752,-111.5534924,NA,18.92377887,0,0,3,1
2,EMIG,715,ABLA,1.4,7.6,0,1,1,NA,0,-,-,0,-,2,-,0,-,0,-,1,-,0,-,NA,1,EMIG715,42.37420752,-111.5534924,EMIG,715,ABLA,1.4,7.6,0,1,1,NA,0,-,-,0,-,1,-,0,-,0,-,0,-,0,-,NA,2,0,NA,715,NA,Point,2216.81,NA,0.176879977,EMIG_715_488,EMIG_718_490,1.993175775,EMIG_718_490,1.993175775,NA,42.37422237,-111.5534788,NA,34.17893942,42.37422237,-111.5534788,NA,34.17893942,3,1,1,2
2,EMIG,716,ABLA,1.5,8.7,0,1,1,NA,0,-,-,0,-,2,-,0,-,0,-,0,-,1,-,NA,1,EMIG716,42.37420752,-111.5534924,EMIG,716,ABLA,1.5,8.7,0,1,1,NA,0,-,-,0,-,1,-,0,-,0,-,1,-,0,-,NA,2,0,2455,716,NA,Point,2216.81,NA,0.176879977,EMIG_716_489,EMIG_718_490,1.993175775,EMIG_718_490,1.993175775,NA,42.37422237,-111.5534788,NA,34.17893942,42.37422237,-111.5534788,NA,34.17893942,3,2,1,2
2,EMIG,718,ABLA,3.9,19.9,0,1,1,1,2,-,-,0,-,0,-,0,-,1,-,0,-,0,-,2 DB,1,EMIG718,42.37422237,-111.5534788,EMIG,718,ABLA,3.9,19.9,0,1,1,1,2,-,-,0,-,0,-,1,-,1,-,0,-,0,-,2 DB,2,0,2456,718,NA,Point,2216.348,NA,0.177012582,EMIG_718_490,EMIG_715_488,1.993175775,EMIG_715_488,1.993175775,NA,42.37420752,-111.5534924,NA,-145.8210514,42.37420752,-111.5534924,NA,-145.8210514,1,2,3,1
2,EMIG,719,ABLA,5.6,30,0,1,0,NA,2,-,-,0,-,0,-,0,-,0,-,0,-,0,-,1 DB,1,EMIG719,42.37421508,-111.5534585,EMIG,719,ABLA,5.6,30,0,1,0,NA,2,-,-,0,-,0,-,0,-,0,-,0,-,0,-,1 DB,2,0,2457,719,NA,Point,2216.651,NA,0.178862215,EMIG_719_491,EMIG_720_492,0.898179245,EMIG_720_492,0.898179245,NA,42.37422081,-111.5534508,NA,44.89664419,42.37422081,-111.5534508,NA,44.89664419,0,0,3,1
2,EMIG,720,ABLA,4.7,29.33,0,1,1,NA,1,-,-,0,-,1,-,0,-,0,-,2,-,0,-,1 DB,1,EMIG720,42.37422081,-111.5534508,EMIG,720,ABLA,4.7,29.33,0,1,1,NA,1,-,-,0,-,0,-,0,-,0,-,1,-,0,-,1 DB,2,0,2458,720,NA,Point,2214.516,NA,0.179094983,EMIG_720_492,EMIG_724_496,1.932745888,EMIG_705_479,0.690955012,NA,42.37423444,-111.5534362,NA,38.45814843,42.37422173,-111.5534425,NA,81.49780116,3,1,6,7
2,EMIG,721,ABLA,2.4,13.2,0,1,0,NA,0,-,-,0,-,0,-,0,-,0,-,0,-,0,-,NA,1,EMIG721,42.37425536,-111.5534446,EMIG,721,ABLA,2.4,13.2,0,1,1,NA,0,-,-,0,-,0,-,0,-,0,-,1,-,0,-,NA,2,1,2459,721,NA,Point,2208.546,NA,0.177674853,EMIG_721_493,EMIG_724_496,2.423701792,EMIG_724_496,2.423701792,NA,42.37423444,-111.5534362,NA,163.4204418,42.37423444,-111.5534362,NA,163.4204418,0,1,6,7
2,EMIG,722,ABLA,3.5,17.2,0,1,1,NA,0,-,-,0,-,0,-,1,-,0,-,0,-,0,-,NA,1,EMIG722,42.3742337,-111.5534193,EMIG,722,ABLA,3.5,17.2,0,1,0,NA,0,-,-,0,-,0,-,0,-,0,-,0,-,0,-,NA,2,-1,2460,722,NA,Point,2213.133,NA,0.180653412,EMIG_722_494,EMIG_725_497,0.141088645,EMIG_725_497,0.141088645,NA,42.37423354,-111.553421,NA,-97.2340309,42.37423354,-111.553421,NA,-97.2340309,1,0,11,11
2,EMIG,723,ABLA,NA,4.1,0,1,0,NA,0,-,-,0,-,0,-,0,-,0,-,0,-,0,-,NA,1,EMIG723,42.37423149,-111.5534329,EMIG,723,ABLA,NA,4.1,0,1,1,NA,0,-,-,0,-,0,-,0,-,0,-,1,-,0,-,NA,2,1,2461,723,NA,Point,2213.409,NA,0.179794715,EMIG_723_495,EMIG_724_496,0.425580243,EMIG_724_496,0.425580243,NA,42.37423444,-111.5534362,NA,-39.67392321,42.37423444,-111.5534362,NA,-39.67392321,0,1,6,7
2,EMIG,724,ABLA,1,6.8,0,1,1,NA,1,-,-,2,-,0,-,0,-,2,-,2,Jan-00,0,-,WOB,1,EMIG724,42.37423444,-111.5534362,EMIG,724,ABLA,1,6.8,0,1,1,NA,1,-,-,2,-,1,-,0,-,2,-,2,Jan-00,0,-,WOB,2,0,2462,724,NA,Point,2214.508,NA,0.17939848,EMIG_724_496,EMIG_725_497,1.255440863,EMIG_723_495,0.425580243,NA,42.37423354,-111.553421,NA,94.56565929,42.37423149,-111.5534329,NA,140.3260746,6,7,11,11
2,EMIG,725,ABLA,4.3,21.8,3.9,1,1,NA,0,-,-,2,-,2,Apr-00,2,-,1,-,2,Jan-00,2,-,NA,1,EMIG725,42.37423354,-111.553421,EMIG,725,ABLA,4.3,21.8,3.9,1,1,NA,0,-,-,2,-,2,Apr-00,2,-,1,-,2,Apr-00,2,-,NA,2,0,2463,725,NA,Point,2214.258,NA,0.180539664,EMIG_725_497,EMIG_722_494,0.141088645,EMIG_723_495,1.005854547,NA,42.3742337,-111.5534193,NA,82.76596796,42.37423149,-111.5534329,NA,-103.0796222,11,11,1,0
2,EMIG,726,ABLA,1.2,9.5,0,1,1,NA,1,-,-,0,-,0,-,1,-,0,-,0,-,0,-,"Rot in area, 1 DB",1,EMIG726,42.37423023,-111.5533984,EMIG,726,ABLA,1.2,9.5,0,1,0,NA,1,-,-,0,-,0,-,0,-,0,-,0,-,0,-,"Rot in area, 1 DB",2,-1,2464,726,NA,Point,2215.317,NA,0.182344228,EMIG_726_498,EMIG_700_474,1.678789954,EMIG_697_471,0.519944189,NA,42.37421736,-111.5534091,NA,-148.3479798,42.37422593,-111.5534009,NA,-156.6795788,1,0,1,2
2,EMIG,727,ABLA,NA,5.8,0,1,0,NA,0,-,-,0,-,0,-,0,-,0,-,0,-,0,-,NA,1,EMIG727,42.37421797,-111.5535418,EMIG,727,ABLA,NA,5.8,0,1,0,NA,0,-,-,0,-,0,-,0,-,0,-,0,-,0,-,NA,2,0,2465,727,NA,Point,2218.594,NA,0.172798654,EMIG_727_499,EMIG_715_488,4.22952054,EMIG_715_488,4.22952054,NA,42.37420752,-111.5534924,NA,105.9230991,42.37420752,-111.5534924,NA,105.9230991,0,0,3,1
2,EMIG,728,ABLA,3.9,22.9,0,1,0,NA,0,-,-,0,-,0,-,0,-,0,-,0,-,0,-,NA,1,EMIG728,42.37422669,-111.5535772,EMIG,728,ABLA,3.9,22.9,0,1,0,NA,0,-,-,0,-,0,-,0,-,0,-,0,-,0,-,NA,2,0,2466,728,NA,Point,2217.48,NA,0.169807272,EMIG_728_500,EMIG_715_488,7.299092398,EMIG_746_517,6.607291875,NA,42.37420752,-111.5534924,NA,106.9553954,42.37417862,-111.5536245,NA,-143.8855324,0,0,3,1
2,EMIG,729,ABLA,1.5,11.2,0,1,0,NA,0,-,-,0,-,0,-,0,-,0,-,0,-,0,-,NA,1,EMIG729,42.37423069,-111.5535846,EMIG,729,ABLA,1.5,11.2,0,1,0,NA,0,-,-,0,-,0,-,0,-,0,-,0,-,0,-,NA,2,0,2467,729,NA,Point,2219.889,NA,0.169056955,EMIG_729_501,EMIG_749_520,7.593385724,EMIG_746_517,6.649881455,NA,42.37420181,-111.5536682,NA,-114.9808393,42.37417862,-111.5536245,NA,-150.3958099,0,0,3,4
2,EMIG,730,ABLA,2.5,16,0,1,0,NA,0,-,-,0,-,0,-,0,-,0,-,0,-,0,-,NA,1,EMIG730,42.37422049,-111.5535826,EMIG,730,ABLA,2.5,16,0,1,0,NA,0,-,-,0,-,0,-,0,-,0,-,0,-,0,-,NA,2,0,2468,730,NA,Point,2219.983,NA,0.169786473,EMIG_730_502,EMIG_749_520,7.346574544,EMIG_746_517,5.789282649,NA,42.37420181,-111.5536682,NA,-106.3996887,42.37417862,-111.5536245,NA,-143.424295,0,0,3,4
2,EMIG,731,ABLA,NA,6.4,0,1,0,NA,0,-,-,0,-,0,-,0,-,0,-,0,-,0,-,NA,1,EMIG731,42.37420971,-111.553579,EMIG,731,ABLA,NA,6.4,0,1,0,NA,0,-,-,0,-,0,-,0,-,0,-,0,-,0,-,NA,2,0,2469,731,NA,Point,2216.939,NA,0.170666278,EMIG_731_503,EMIG_769_538,6.415749915,EMIG_746_517,5.094238035,NA,42.37415874,-111.5536157,NA,-151.9028414,42.37417862,-111.5536245,NA,-132.6616528,0,0,4,7
2,EMIG,733,ABLA,1.4,10.8,0,1,0,NA,0,-,-,0,-,0,-,0,-,0,-,0,-,0,-,Rot in area,1,EMIG733,42.37422165,-111.5536065,EMIG,733,ABLA,1.4,10.8,0,1,0,NA,0,-,-,0,-,0,-,0,-,0,-,0,-,0,-,Rot in area,2,0,2471,733,NA,Point,2217.629,NA,0.168046672,EMIG_733_504,EMIG_749_520,5.537052487,EMIG_746_517,5.002563258,NA,42.37420181,-111.5536682,NA,-113.4449099,42.37417862,-111.5536245,NA,-162.767725,0,0,3,4
2,EMIG,734,ABLA,NA,6.4,0,1,0,NA,0,-,-,0,-,0,-,0,-,0,-,0,-,0,-,Rot in area,1,EMIG734,42.37421237,-111.5536275,EMIG,734,ABLA,NA,6.4,0,1,0,NA,0,-,-,0,-,0,-,0,-,0,-,0,-,0,-,Rot in area,2,0,2472,734,NA,Point,2220.795,NA,0.167132432,EMIG_734_505,EMIG_749_520,3.550174478,EMIG_749_520,3.550174478,NA,42.37420181,-111.5536682,NA,-109.2860964,42.37420181,-111.5536682,NA,-109.2860964,0,0,3,4
2,EMIG,735,ABLA,2.1,13.3,0,1,0,NA,0,-,-,0,-,0,-,0,-,0,-,0,-,0,-,NA,1,EMIG735,42.3742236,-111.5536281,EMIG,735,ABLA,2.1,13.3,0,1,0,NA,0,-,-,0,-,0,-,0,-,0,-,0,-,0,-,NA,2,0,2473,735,NA,Point,2219.916,NA,0.166425493,EMIG_735_506,EMIG_749_520,4.093207992,EMIG_749_520,4.093207992,NA,42.37420181,-111.5536682,NA,-126.2358522,42.37420181,-111.5536682,NA,-126.2358522,0,0,3,4
2,EMIG,736,ABLA,1.2,7.3,1.5,1,0,NA,0,-,-,0,-,0,-,0,-,0,-,0,-,0,-,Rot in area,1,EMIG736,42.37420561,-111.5536177,EMIG,736,ABLA,1.2,7.3,1.5,1,0,NA,0,-,-,0,-,0,-,0,-,0,-,0,-,0,-,Rot in area,2,0,2474,736,NA,Point,2220.795,NA,0.168214918,EMIG_736_507,EMIG_749_520,4.179158977,EMIG_746_517,3.048787488,NA,42.37420181,-111.5536682,NA,-95.79471507,42.37417862,-111.5536245,NA,-169.4184631,0,0,3,4
2,EMIG,737,ABLA,1.6,11,0.4,1,0,NA,0,-,-,0,-,0,-,0,-,0,-,0,-,0,-,NA,1,EMIG737,42.37420084,-111.5536365,EMIG,737,ABLA,1.6,11,0.4,1,0,NA,0,-,-,0,-,0,-,0,-,0,-,0,-,0,-,NA,2,0,2475,737,NA,Point,2221.894,NA,0.167200859,EMIG_737_508,EMIG_749_520,2.612169521,EMIG_751_522,2.575766742,NA,42.37420181,-111.5536682,NA,-87.63683791,42.37417886,-111.5536465,NA,-161.3586182,0,0,3,4
2,EMIG,738,ABLA,5.9,54.4,0,1,0,NA,0,-,-,0,-,0,-,0,-,0,-,0,-,0,-,NA,1,EMIG738,42.37420676,-111.5535905,EMIG,738,ABLA,5.9,54.4,0,1,0,NA,0,-,-,0,-,0,-,0,-,0,-,0,-,0,-,NA,2,0,2476,738,NA,Point,2223.858,NA,0.170037139,EMIG_738_509,EMIG_769_538,5.721532116,EMIG_746_517,4.195176961,NA,42.37415874,-111.5536157,NA,-158.7383343,42.37417862,-111.5536245,NA,-138.1433157,0,0,4,7
2,EMIG,739,ABLA,5.7,66.6,0,1,0,NA,0,-,-,0,-,0,-,0,-,0,-,0,-,0,-,NA,1,EMIG739,42.37420179,-111.5535913,EMIG,739,ABLA,5.7,66.6,0,1,0,NA,0,-,-,0,-,0,-,0,-,0,-,0,-,0,-,NA,2,0,2477,739,NA,Point,2220.65,NA,0.170274972,EMIG_739_510,EMIG_769_538,5.185203093,EMIG_746_517,3.753784144,NA,42.37415874,-111.5536157,NA,-157.2051144,42.37417862,-111.5536245,NA,-133.2655755,0,0,4,7
2,EMIG,740,ABLA,2.1,12.5,0,1,0,NA,0,-,-,0,-,0,-,0,-,0,-,0,-,0,-,NA,1,EMIG740,42.37419353,-111.5535884,EMIG,740,ABLA,2.1,12.5,0,1,0,NA,0,-,-,0,-,0,-,0,-,0,-,0,-,0,-,NA,2,0,2478,740,NA,Point,2220.487,NA,0.170966833,EMIG_740_511,EMIG_769_538,4.469363195,EMIG_746_517,3.402209607,NA,42.37415874,-111.5536157,NA,-149.8073181,42.37417862,-111.5536245,NA,-119.1188009,0,0,4,7
2,EMIG,741,ABLA,1.3,9.3,0,1,0,NA,0,-,-,0,-,0,-,0,-,0,-,0,-,0,-,NA,1,EMIG741,42.37418462,-111.5535848,EMIG,741,ABLA,1.3,9.3,0,1,0,NA,0,-,-,0,-,0,-,0,-,0,-,0,-,0,-,NA,2,0,2479,741,NA,Point,2219.146,NA,0.171748537,EMIG_741_512,EMIG_769_538,3.838025911,EMIG_746_517,3.335818518,NA,42.37415874,-111.5536157,NA,-138.4814481,42.37417862,-111.5536245,NA,-101.5206443,0,0,4,7
2,EMIG,742,ABLA,2,14.8,0,1,0,NA,0,-,-,0,-,0,-,0,-,0,-,0,-,0,-,NA,1,EMIG742,42.37415881,-111.5536108,EMIG,742,ABLA,2,14.8,0,1,0,NA,0,-,-,0,-,0,-,0,-,0,-,0,-,0,-,NA,2,0,2480,742,NA,Point,2217.413,NA,0.1715332,EMIG_742_513,EMIG_769_538,0.403505591,EMIG_769_538,0.403505591,NA,42.37415874,-111.5536157,NA,-91.10375521,42.37415874,-111.5536157,NA,-91.10375521,0,0,4,7
2,EMIG,743,ABLA,1.6,10.3,0,1,0,NA,0,-,-,0,-,0,-,0,-,0,-,0,-,0,-,NA,1,EMIG743,42.37415926,-111.5536032,EMIG,743,ABLA,1.6,10.3,0,1,0,NA,0,-,-,0,-,0,-,0,-,0,-,0,-,0,-,NA,2,0,2481,743,NA,Point,2219.854,NA,0.172024585,EMIG_743_514,EMIG_769_538,1.030778463,EMIG_769_538,1.030778463,NA,42.37415874,-111.5536157,NA,-93.21116675,42.37415874,-111.5536157,NA,-93.21116675,0,0,4,7
2,EMIG,744,ABLA,NA,2.4,0,1,0,NA,0,-,-,0,-,0,-,0,-,0,-,0,-,0,-,NA,1,EMIG744,42.37417863,-111.5536095,EMIG,744,ABLA,NA,2.4,0,1,0,NA,0,-,-,0,-,0,-,0,-,0,-,0,-,0,-,NA,2,0,2482,744,NA,Point,2221.563,NA,0.170406358,EMIG_744_515,EMIG_769_538,2.266788889,EMIG_746_517,1.234992115,NA,42.37415874,-111.5536157,NA,-166.9858148,42.37417862,-111.5536245,NA,-90.05151,0,0,4,7
2,EMIG,745,ABLA,9.6,55.1,0,1,0,NA,12,-,-,0,-,0,-,0,-,0,-,0,-,0,-,11 DB,1,EMIG745,42.37417523,-111.5536237,EMIG,745,ABLA,9.6,55.1,0,1,0,NA,12,-,-,0,-,0,-,0,-,0,-,0,-,0,-,11 DB,2,0,2483,745,NA,Point,2220.671,NA,0.169639427,EMIG_745_516,EMIG_769_538,1.945897216,EMIG_746_517,0.382141257,NA,42.37415874,-111.5536157,NA,160.2152326,42.37417862,-111.5536245,NA,-9.925116472,0,0,4,7
2,EMIG,746,ABLA,1.2,6.7,1.5,1,0,NA,0,-,-,0,-,0,-,0,-,0,-,0,-,0,-,NA,1,EMIG746,42.37417862,-111.5536245,EMIG,746,ABLA,1.2,6.7,1.5,1,1,NA,0,-,-,1,-,0,NA,0,NA,0,NA,0,NA,0,NA,NA,2,1,2484,746,NA,Point,2220.78,NA,0.169376857,EMIG_746_517,EMIG_769_538,2.323315992,EMIG_751_522,1.811517065,NA,42.37415874,-111.5536157,NA,161.8291783,42.37417886,-111.5536465,NA,-89.15708001,0,1,4,7
2,EMIG,747,ABLA,NA,5.4,0,1,0,NA,0,-,-,0,-,0,-,0,-,0,-,0,-,0,-,NA,1,EMIG747,42.37419403,-111.5536303,EMIG,747,ABLA,NA,5.4,0,1,0,NA,0,-,-,0,-,0,-,0,-,0,-,0,-,0,-,NA,2,0,2485,747,NA,Point,2222.391,NA,0.168040014,EMIG_747_518,EMIG_749_520,3.2377863,EMIG_746_517,1.776494791,NA,42.37420181,-111.5536682,NA,-74.52528417,42.37417862,-111.5536245,NA,164.40685,0,0,3,4
2,EMIG,748,ABLA,6.4,31.4,0,1,0,NA,0,-,-,0,-,0,-,0,-,0,-,0,-,0,-,NA,1,EMIG748,42.37422871,-111.5536622,EMIG,748,ABLA,6.4,31.4,0,1,0,NA,0,-,-,0,-,0,-,0,-,0,-,0,-,0,-,NA,2,0,2486,748,NA,Point,2223.234,NA,0.163752145,EMIG_748_519,EMIG_749_520,3.027522312,EMIG_749_520,3.027522312,NA,42.37420181,-111.5536682,NA,-170.6091409,42.37420181,-111.5536682,NA,-170.6091409,0,0,3,4
2,EMIG,749,ABLA,12.4,31.3,0,1,1,NA,1,-,-,1,-,0,-,0,-,2,3-Mar,0,-,0,-,1 DB,1,EMIG749,42.37420181,-111.5536682,EMIG,749,ABLA,12.4,31.3,0,1,1,NA,1,-,-,1,-,1,-,0,-,2,2-Mar,0,-,0,-,1 DB,2,0,2487,749,NA,Point,2221.472,NA,0.164960564,EMIG_749_520,EMIG_769_538,6.446360322,EMIG_751_522,3.112245531,NA,42.37415874,-111.5536157,NA,137.8920878,42.37417886,-111.5536465,NA,144.9660456,3,4,4,7
2,EMIG,750,ABLA,1.6,10.7,2.3,1,0,NA,0,-,-,0,-,0,-,0,-,0,-,0,-,0,-,NA,1,EMIG750,42.37417597,-111.5536366,EMIG,750,ABLA,1.6,10.7,2.3,1,0,NA,0,-,-,0,-,0,-,0,-,0,-,0,-,0,-,NA,2,0,2488,750,NA,Point,2220.938,NA,0.168711039,EMIG_750_521,EMIG_769_538,2.573196072,EMIG_751_522,0.875989437,NA,42.37415874,-111.5536157,NA,138.0314144,42.37417886,-111.5536465,NA,-68.51044287,0,0,4,7
2,EMIG,751,ABLA,2.5,5.2,2.1,1,0,NA,0,-,-,0,-,0,-,0,-,0,-,0,-,0,-,Broken,1,EMIG751,42.37417886,-111.5536465,EMIG,751,ABLA,2.5,5.2,2.1,1,1,NA,0,-,-,0,-,0,-,0,-,0,-,0,-,1,-,Broken,2,1,2489,751,NA,Point,2220.672,NA,0.167856137,EMIG_751_522,EMIG_749_520,3.112245531,EMIG_746_517,1.811517065,NA,42.37420181,-111.5536682,NA,-35.03393974,42.37417862,-111.5536245,NA,90.84290516,0,1,3,4
2,EMIG,752,ABLA,NA,6,0,1,0,NA,1,-,-,0,-,0,-,0,-,0,-,0,-,0,-,1 DB,1,EMIG752,42.37416826,-111.5536479,EMIG,752,ABLA,NA,6,0,1,0,NA,1,-,-,0,-,0,-,0,-,0,-,0,-,0,-,1 DB,2,0,2490,752,NA,Point,2221.883,NA,0.168418152,EMIG_752_523,EMIG_769_538,2.854094796,EMIG_751_522,1.182643572,NA,42.37415874,-111.5536157,NA,111.7388556,42.37417886,-111.5536465,NA,5.593189527,0,0,4,7
2,EMIG,753,ABLA,1.8,6.2,2.6,1,0,NA,0,-,-,0,-,0,-,0,-,0,-,0,-,0,-,NA,1,EMIG753,42.37416584,-111.5536485,EMIG,753,ABLA,1.8,6.2,2.6,1,0,NA,0,-,-,0,-,0,-,0,-,0,-,0,-,0,-,NA,2,0,NA,753,NA,Point,2220.469,NA,0.168528308,EMIG_753_524,EMIG_769_538,2.813240615,EMIG_751_522,1.455074612,NA,42.37415874,-111.5536157,NA,106.2743925,42.37417886,-111.5536465,NA,6.497876787,0,0,4,7
2,EMIG,754,ABLA,NA,5.7,0,1,0,NA,0,-,-,0,-,0,-,0,-,0,-,0,-,0,-,NA,1,EMIG754,42.37416584,-111.5536485,EMIG,754,ABLA,NA,5.7,0,1,0,NA,0,-,-,0,-,0,-,0,-,0,-,0,-,0,-,NA,2,0,2491,754,NA,Point,2220.469,NA,0.168528308,EMIG_754_525,EMIG_769_538,2.813240615,EMIG_751_522,1.455074612,NA,42.37415874,-111.5536157,NA,106.2743925,42.37417886,-111.5536465,NA,6.497876787,0,0,4,7
2,EMIG,755,ABLA,2.5,10.7,4.5,1,0,NA,3,-,-,0,-,0,-,0,-,0,-,0,-,0,-,2 DB,1,EMIG755,42.37415544,-111.5536407,EMIG,755,ABLA,2.5,10.7,4.5,1,0,NA,3,-,-,0,-,0,-,0,-,0,-,0,-,0,-,2 DB,2,0,2492,755,NA,Point,2219.907,NA,0.169708965,EMIG_755_526,EMIG_769_538,2.090682038,EMIG_769_538,2.090682038,NA,42.37415874,-111.5536157,NA,79.90576745,42.37415874,-111.5536157,NA,79.90576745,0,0,4,7
2,EMIG,756,ABLA,NA,1.6,0,1,0,NA,0,-,-,0,-,0,-,0,-,0,-,0,-,0,-,NA,1,EMIG756,42.37414737,-111.5536398,EMIG,756,ABLA,NA,1.6,0,1,0,NA,0,-,-,0,-,0,-,0,-,0,-,0,-,0,-,NA,2,0,2493,756,NA,Point,2219.412,NA,0.170277984,EMIG_756_527,EMIG_770_539,1.430774241,EMIG_770_539,1.430774241,NA,42.37413805,-111.5536278,NA,136.3278453,42.37413805,-111.5536278,NA,136.3278453,0,0,6,7
2,EMIG,759,ABLA,NA,3.5,0,1,0,NA,2,-,-,0,-,0,-,0,-,0,-,0,-,0,-,"WOB, 1 DB",1,EMIG759,42.37413994,-111.5536626,EMIG,759,ABLA,NA,3.5,0,1,0,NA,2,-,-,0,-,0,-,0,-,0,-,0,-,0,-,"WOB, 1 DB",2,0,2496,759,NA,Point,2223.576,NA,0.169214533,EMIG_759_528,EMIG_778_546,0.910730262,EMIG_761_530,0.799440545,NA,42.37413186,-111.5536645,NA,-170.1094929,42.37414624,-111.5536673,NA,-28.94984386,0,0,1,1
2,EMIG,760,ABLA,2.7,9.1,0,1,1,NA,0,-,-,1,-,2,1-Feb,1,-,1,-,2,-,0,-,NA,1,EMIG760,42.37413963,-111.5536744,EMIG,760,ABLA,2.7,9.1,0,1,1,NA,0,-,-,1,-,2,1-Feb,1,-,0,-,2,1-Feb,0,-,NA,2,0,2497,760,NA,Point,2223.544,NA,0.168443282,EMIG_760_529,EMIG_778_546,1.186910564,EMIG_761_530,0.938308202,NA,42.37413186,-111.5536645,NA,136.6276556,42.37414624,-111.5536673,NA,38.53530804,7,6,1,1
2,EMIG,761,ABLA,1.6,6.5,0,1,0,NA,1,-,-,0,-,0,-,0,-,0,-,0,-,0,-,1 DB,1,EMIG761,42.37414624,-111.5536673,EMIG,761,ABLA,1.6,6.5,0,1,1,NA,1,-,-,0,-,0,-,0,-,0,-,1,-,0,-,1 DB,2,1,2498,761,NA,Point,2222.59,NA,0.168495637,EMIG_761_530,EMIG_760_529,0.938308202,EMIG_760_529,0.938308202,NA,42.37413963,-111.5536744,NA,-141.4646872,42.37413963,-111.5536744,NA,-141.4646872,0,1,7,6
2,EMIG,762,ABLA,NA,5.1,0,1,0,NA,1,-,-,0,-,0,-,0,-,0,-,0,-,0,-,NA,1,EMIG762,42.374126,-111.5536934,EMIG,762,ABLA,NA,5.1,0,1,1,NA,1,-,-,1,-,0,-,0,-,0,-,0,-,0,-,NA,2,1,2499,762,NA,Point,2221.97,NA,0.168062373,EMIG_762_531,EMIG_760_529,2.176619735,EMIG_763_532,1.224812605,NA,42.37413963,-111.5536744,NA,45.94676514,42.37412227,-111.5536794,NA,109.7644431,0,1,7,6
2,EMIG,763,ABLA,7,46.8,0,1,0,NA,0,-,-,0,-,0,-,0,-,0,-,0,-,0,-,NA,1,EMIG763,42.37412227,-111.5536794,EMIG,763,ABLA,7,46.8,0,1,1,NA,0,-,-,0,-,0,-,0,-,1,-,0,-,0,-,NA,2,1,2500,763,NA,Point,2219.707,NA,0.169236185,EMIG_763_532,EMIG_778_546,1.624460853,EMIG_762_531,1.224812605,NA,42.37413186,-111.5536645,NA,49.04104144,42.374126,-111.5536934,NA,-70.23554751,0,1,1,1
2,EMIG,764,ABLA,1.1,7,0,1,0,NA,0,-,-,0,-,0,-,0,-,0,-,0,-,0,-,NA,1,EMIG764,42.37412571,-111.5536694,EMIG,764,ABLA,1.1,7,0,1,0,NA,0,-,-,0,-,0,-,0,-,0,-,0,-,0,-,NA,2,0,2501,764,NA,Point,2219.627,NA,0.169677685,EMIG_764_533,EMIG_778_546,0.793154919,EMIG_778_546,0.793154919,NA,42.37413186,-111.5536645,NA,30.57333175,42.37413186,-111.5536645,NA,30.57333175,0,0,1,1
2,EMIG,765,ABLA,2.6,13.9,3.4,1,0,NA,0,-,-,0,-,0,-,0,-,0,-,0,-,0,-,NA,1,EMIG765,42.37411367,-111.5536538,EMIG,765,ABLA,2.6,13.9,3.4,1,0,NA,0,-,-,0,-,0,-,0,-,0,-,0,-,0,-,NA,2,0,2502,765,NA,Point,2219.512,NA,0.171500159,EMIG_765_534,EMIG_773_542,1.888381968,EMIG_773_542,1.888381968,NA,42.37411697,-111.5536313,NA,78.81112944,42.37411697,-111.5536313,NA,78.81112944,0,0,1,1
2,EMIG,766,ABLA,NA,4.3,0,1,0,NA,0,-,-,0,-,0,-,0,-,0,-,0,-,0,-,NA,1,EMIG766,42.37415114,-111.5535933,EMIG,766,ABLA,NA,4.3,0,1,0,NA,0,-,-,0,-,0,-,0,-,0,-,0,-,0,-,NA,2,0,2503,766,NA,Point,2219.156,NA,0.173202256,EMIG_766_535,EMIG_767_536,1.568314008,EMIG_767_536,1.568314008,NA,42.37414938,-111.5536122,NA,-97.15826349,42.37414938,-111.5536122,NA,-97.15826349,0,0,2,3
2,EMIG,767,ABLA,2.1,11.5,0,1,1,NA,0,-,-,0,-,0,-,1,-,0,-,1,-,0,-,NA,1,EMIG767,42.37414938,-111.5536122,EMIG,767,ABLA,2.1,11.5,0,1,1,NA,0,-,-,0,-,0,-,1,-,0,-,1,-,1,-,NA,2,0,2504,767,NA,Point,2220.48,NA,0.17202352,EMIG_767_536,EMIG_769_538,1.07853361,EMIG_769_538,1.07853361,NA,42.37415874,-111.5536157,NA,-15.49664981,42.37415874,-111.5536157,NA,-15.49664981,2,3,4,7
2,EMIG,768,ABLA,2.8,7.2,0,1,0,NA,0,-,-,0,-,0,-,0,-,0,-,0,-,0,-,NA,1,EMIG768,42.3741574,-111.5536039,EMIG,768,ABLA,2.8,7.2,0,1,0,NA,0,-,-,0,-,0,-,0,-,0,-,0,-,0,-,NA,2,0,2505,768,NA,Point,2221.446,NA,0.172091522,EMIG_768_537,EMIG_769_538,0.982854992,EMIG_769_538,0.982854992,NA,42.37415874,-111.5536157,NA,-81.29263873,42.37415874,-111.5536157,NA,-81.29263873,0,0,4,7
2,EMIG,769,ABLA,4.5,18.5,5.7,1,1,NA,0,-,-,0,-,2,-,1,-,1,-,0,-,0,-,NA,1,EMIG769,42.37415874,-111.5536157,EMIG,769,ABLA,4.5,18.5,5.7,1,1,NA,0,-,-,1,-,2,-,1,-,1,-,1,-,1,-,NA,2,0,2506,769,NA,Point,2222.568,NA,0.171203207,EMIG_769_538,EMIG_767_536,1.07853361,EMIG_767_536,1.07853361,NA,42.37414938,-111.5536122,NA,164.5033478,42.37414938,-111.5536122,NA,164.5033478,4,7,2,3
2,EMIG,770,ABLA,5,18.8,0,1,1,NA,0,-,-,1,-,2,2-Mar,0,-,1,-,1,-,1,-,NA,1,EMIG770,42.37413805,-111.5536278,EMIG,770,ABLA,5,18.8,0,1,1,NA,0,-,-,1,-,2,1-Mar,1,-,1,-,1,-,1,-,NA,2,0,2507,770,NA,Point,2219.738,NA,0.171678141,EMIG_770_539,EMIG_767_536,1.797889459,EMIG_767_536,1.797889459,NA,42.37414938,-111.5536122,NA,45.59312151,42.37414938,-111.5536122,NA,45.59312151,6,7,2,3
2,EMIG,771,ABLA,NA,6.3,0,1,1,NA,1,-,-,0,-,0,-,0,-,0,-,1,-,0,-,1 DB,1,EMIG771,42.37412034,-111.5536152,EMIG,771,ABLA,NA,6.3,0,1,0,NA,1,-,-,0,-,0,-,0,-,0,-,0,-,0,-,1 DB,2,-1,2508,771,NA,Point,2220.182,NA,0.173653235,EMIG_771_540,EMIG_772_541,0.594791213,EMIG_772_541,0.594791213,NA,42.3741167,-111.5536205,NA,-132.8073638,42.3741167,-111.5536205,NA,-132.8073638,1,0,3,3
2,EMIG,772,ABLA,3.4,17.8,5.7,1,1,NA,2,-,-,0,-,0,-,1,-,0,-,1,-,1,-,"WOB, 1 DB",1,EMIG772,42.3741167,-111.5536205,EMIG,772,ABLA,3.4,17.8,5.7,1,1,NA,2,-,-,0,-,0,-,1,-,0,-,1,-,1,-,"WOB, 1 DB",2,0,2509,772,NA,Point,2220.322,NA,0.173530142,EMIG_772_541,EMIG_771_540,0.594791213,EMIG_773_542,0.889700111,NA,42.37412034,-111.5536152,NA,47.19263261,42.37411697,-111.5536313,NA,-88.06891595,3,3,1,0
2,EMIG,773,ABLA,3.2,16.8,3.9,1,1,NA,0,-,-,0,-,0,-,0,-,0,-,1,-,0,-,NA,1,EMIG773,42.37411697,-111.5536313,EMIG,773,ABLA,3.2,16.8,3.9,1,1,NA,0,-,-,0,-,0,-,0,-,0,-,1,-,0,-,NA,2,0,2510,773,NA,Point,2221.331,NA,0.172788849,EMIG_773_542,EMIG_772_541,0.889700111,EMIG_772_541,0.889700111,NA,42.3741167,-111.5536205,NA,91.93107677,42.3741167,-111.5536205,NA,91.93107677,1,1,3,3
2,EMIG,774,ABLA,1.9,7.2,5.7,1,0,NA,0,-,-,0,-,0,-,0,-,0,-,0,-,0,-,Broken Top,1,EMIG774,42.37412598,-111.5536467,EMIG,774,ABLA,1.9,7.2,5.7,1,0,NA,0,-,-,0,-,0,-,0,-,0,-,0,-,0,-,Broken Top,2,0,2511,774,NA,Point,2222.015,NA,0.171177335,EMIG_774_543,EMIG_778_546,1.604385386,EMIG_778_546,1.604385386,NA,42.37413186,-111.5536645,NA,-65.98643776,42.37413186,-111.5536645,NA,-65.98643776,0,0,1,1
2,EMIG,776,ABLA,1.4,8.4,2.9,1,0,NA,0,-,-,0,-,0,-,0,-,0,-,0,-,0,-,NA,1,EMIG776,42.37409855,-111.5536151,EMIG,776,ABLA,1.4,8.4,2.9,1,0,NA,0,-,-,0,-,0,-,0,-,0,-,0,-,0,-,NA,2,0,2513,776,NA,Point,2218.437,NA,0.175062311,EMIG_776_544,EMIG_772_541,2.06381474,EMIG_772_541,2.06381474,NA,42.3741167,-111.5536205,NA,-12.44046592,42.3741167,-111.5536205,NA,-12.44046592,0,0,3,3
2,EMIG,777,ABLA,6.6,27.2,7.5,1,0,NA,0,-,-,0,-,0,-,0,-,0,-,0,-,0,-,NA,1,EMIG777,42.37412649,-111.5536456,EMIG,777,ABLA,6.6,27.2,7.5,1,0,NA,0,-,-,0,-,0,-,0,-,0,-,0,-,0,-,NA,2,0,2514,777,NA,Point,2220.988,NA,0.171218226,EMIG_777_545,EMIG_773_542,1.582282255,EMIG_773_542,1.582282255,NA,42.37411697,-111.5536313,NA,131.919035,42.37411697,-111.5536313,NA,131.919035,0,0,1,1
2,EMIG,778,ABLA,2.8,14.5,5.4,1,1,NA,0,-,-,0,-,0,-,0,-,0,-,1,-,0,-,NA,1,EMIG778,42.37413186,-111.5536645,EMIG,778,ABLA,2.8,14.5,5.4,1,1,NA,0,-,-,0,-,0,-,0,-,0,-,1,-,0,-,NA,2,0,2515,778,NA,Point,2222.249,NA,0.169606808,EMIG_778_546,EMIG_760_529,1.186910564,EMIG_760_529,1.186910564,NA,42.37413963,-111.5536744,NA,-43.37233771,42.37413963,-111.5536744,NA,-43.37233771,1,1,7,6
2,EMIG,779,ABLA,1.2,7.8,4.1,1,0,NA,1,-,-,0,-,0,-,0,-,0,-,0,-,0,-,1 DB,1,EMIG779,42.3741118,-111.5536852,EMIG,779,ABLA,1.2,7.8,4.1,1,0,NA,1,-,-,0,-,0,-,0,-,0,-,0,-,0,-,1 DB,2,0,2516,779,NA,Point,2220.415,NA,0.169539584,EMIG_779_547,EMIG_778_546,2.804656881,EMIG_763_532,1.256830482,NA,42.37413186,-111.5536645,NA,37.42080356,42.37412227,-111.5536794,NA,22.33047618,0,0,1,1
2,EMIG,780,ABLA,NA,4.8,0,1,0,NA,0,-,-,0,-,0,-,0,-,0,-,0,-,0,-,1 Dead,1,EMIG780,42.37410812,-111.5536806,EMIG,780,ABLA,NA,4.8,0,1,0,NA,0,-,-,0,-,0,-,0,-,0,-,0,-,0,-,1 Dead,2,0,2517,780,NA,Point,2221.186,NA,0.170086626,EMIG_780_548,EMIG_778_546,2.9505838,EMIG_763_532,1.574304559,NA,42.37413186,-111.5536645,NA,26.69576803,42.37412227,-111.5536794,NA,3.598104411,0,0,1,1
2,EMIG,781,ABLA,NA,NA,0,1,0,NA,2,-,-,0,-,0,-,0,-,0,-,0,-,0,-,1 DB,1,EMIG781,42.37411192,-111.5536899,EMIG,781,ABLA,NA,NA,0,1,0,NA,2,-,-,0,-,0,-,0,-,0,-,0,-,0,-,1 DB,2,0,2518,781,NA,Point,2220.529,NA,0.169221122,EMIG_781_549,EMIG_778_546,3.045596558,EMIG_763_532,1.43810104,NA,42.37413186,-111.5536645,NA,43.36538346,42.37412227,-111.5536794,NA,36.95133106,0,0,1,1
2,EMIG,782,ABLA,1.3,8.1,1.9,1,0,NA,1,-,-,0,-,0,-,0,-,0,-,0,-,0,-,1 DB,1,EMIG782,42.37411723,-111.5536859,EMIG,782,ABLA,1.3,8.1,1.9,1,0,NA,1,-,-,0,-,0,-,0,-,0,-,0,-,0,-,1 DB,2,0,2519,782,NA,Point,2220.271,NA,0.169135449,EMIG_782_550,EMIG_778_546,2.396533441,EMIG_763_532,0.774333823,NA,42.37413186,-111.5536645,NA,47.3238118,42.37412227,-111.5536794,NA,43.71943858,0,0,1,1
2,EMIG,783,ABLA,2.1,10.5,1.2,1,0,NA,1,-,-,0,-,0,-,0,-,0,-,0,-,0,-,1 DB,1,EMIG783,42.37410226,-111.5536916,EMIG,783,ABLA,2.1,10.5,1.2,1,0,NA,1,-,-,0,-,0,-,0,-,0,-,0,-,0,-,1 DB,2,0,2520,783,NA,Point,2220.399,NA,0.169750324,EMIG_783_551,EMIG_785_553,2.857546859,EMIG_784_552,1.194387331,NA,42.37407656,-111.5536898,NA,177.0271698,42.37409184,-111.5536952,NA,-165.6313806,0,0,1,0
2,EMIG,784,ABLA,1,7.5,3.1,1,0,NA,1,-,-,0,-,0,-,0,-,0,-,0,-,0,-,1 DB,1,EMIG784,42.37409184,-111.5536952,EMIG,784,ABLA,1,7.5,3.1,1,1,NA,1,-,-,0,-,0,-,0,-,0,-,1,-,0,-,1 DB,2,1,2521,784,NA,Point,2219.212,NA,0.170211426,EMIG_784_552,EMIG_785_553,1.753959579,EMIG_845_607,3.514126297,NA,42.37407656,-111.5536898,NA,165.3163272,42.37410941,-111.5537307,NA,-56.27722901,0,1,1,0
2,EMIG,785,ABLA,8.4,43.1,0,1,1,NA,1,-,-,0,-,0,-,0,-,0,-,0,-,1,-,1 DB,1,EMIG785,42.37407656,-111.5536898,EMIG,785,ABLA,8.4,43.1,0,1,0,NA,1,-,-,0,-,0,-,0,-,0,-,0,-,0,-,1 DB,2,-1,2522,785,NA,Point,2221.136,NA,0.17159516,EMIG_785_553,EMIG_786_554,3.911830623,EMIG_784_552,1.753959579,NA,42.37408967,-111.5536457,NA,68.15276775,42.37409184,-111.5536952,NA,-14.68366914,1,0,2,1
2,EMIG,786,ABLA,7.2,27.8,0,1,1,NA,0,-,-,0,-,1,-,0,-,1,-,0,-,0,-,NA,1,EMIG786,42.37408967,-111.5536457,EMIG,786,ABLA,7.2,27.8,0,1,1,NA,0,-,-,0,-,0,-,0,-,1,-,0,-,0,-,NA,2,0,2523,786,NA,Point,2222.74,NA,0.173611567,EMIG_786_554,EMIG_773_542,3.254964983,EMIG_789_557,3.174633631,NA,42.37411697,-111.5536313,NA,21.3609067,42.37406427,-111.553628,NA,152.6746408,2,1,1,1
2,EMIG,787,ABLA,1.5,9.5,0,1,0,NA,0,-,-,0,-,0,-,0,-,0,-,0,-,0,-,NA,1,EMIG787,42.37406192,-111.5536271,EMIG,787,ABLA,1.5,9.5,0,1,0,NA,0,-,-,0,-,0,-,0,-,0,-,0,-,0,-,NA,2,0,2524,787,NA,Point,2217.86,NA,0.176680522,EMIG_787_555,EMIG_786_554,3.440895719,EMIG_789_557,0.271258643,NA,42.37408967,-111.5536457,NA,-26.42693062,42.37406427,-111.553628,NA,-15.85296751,0,0,2,1
2,EMIG,788,ABLA,NA,4.7,0,1,0,NA,1,-,-,0,-,0,-,0,-,0,-,0,-,0,-,NA,1,EMIG788,42.37406379,-111.5536258,EMIG,788,ABLA,NA,4.7,0,1,0,NA,1,-,-,0,-,0,-,0,-,0,-,0,-,0,-,NA,2,0,2525,788,NA,Point,2218.141,NA,0.176641029,EMIG_788_556,EMIG_786_554,3.307948059,EMIG_789_557,0.188811307,NA,42.37408967,-111.5536457,NA,-29.68949175,42.37406427,-111.553628,NA,-73.60333906,0,0,2,1
2,EMIG,789,ABLA,1.2,7.3,0,1,0,NA,0,-,-,0,-,0,-,0,-,0,-,0,-,0,-,NA,1,EMIG789,42.37406427,-111.553628,EMIG,789,ABLA,1.2,7.3,0,1,1,NA,0,-,-,0,-,0,-,0,-,0,-,1,-,0,-,NA,2,1,2526,789,NA,Point,2219.528,NA,0.176464444,EMIG_789_557,EMIG_786_554,3.174633631,EMIG_786_554,3.174633631,NA,42.37408967,-111.5536457,NA,-27.32534727,42.37408967,-111.5536457,NA,-27.32534727,0,1,2,1
2,EMIG,790,ABLA,4.9,20.8,0,1,0,NA,2,-,-,0,-,0,-,0,-,0,-,0,-,0,-,2 DB,1,EMIG790,42.37407219,-111.5536325,EMIG,790,ABLA,4.9,20.8,0,1,0,NA,2,-,-,0,-,0,-,0,-,0,-,0,-,0,-,2 DB,2,0,2527,790,NA,Point,2219.907,NA,0.175640771,EMIG_790_558,EMIG_786_554,2.22451153,EMIG_789_557,0.954286886,NA,42.37408967,-111.5536457,NA,-29.24558888,42.37406427,-111.553628,NA,157.1545897,0,0,2,1
2,EMIG,791,ABLA,NA,4.2,0,1,0,NA,0,-,-,0,-,0,-,0,-,0,-,0,-,0,-,NA,1,EMIG791,42.37406789,-111.5536433,EMIG,791,ABLA,NA,4.2,0,1,0,NA,0,-,-,0,-,0,-,0,-,0,-,0,-,0,-,NA,2,0,2528,791,NA,Point,2224.125,NA,0.175218179,EMIG_791_559,EMIG_786_554,2.426487585,EMIG_789_557,1.322271109,NA,42.37408967,-111.5536457,NA,-4.671005097,42.37406427,-111.553628,NA,107.6975796,0,0,2,1
2,EMIG,792,ABLA,1.1,7.1,0,1,0,NA,1,-,-,0,-,0,-,0,-,0,-,0,-,0,-,1 DB,1,EMIG792,42.37404334,-111.5536528,EMIG,792,ABLA,1.1,7.1,0,1,0,NA,1,-,-,0,-,0,-,0,-,0,-,0,-,0,-,1 DB,2,0,2529,792,NA,Point,2221.676,NA,0.176259375,EMIG_792_560,EMIG_785_553,4.784001318,EMIG_789_557,3.093600899,NA,42.37407656,-111.5536898,NA,-39.55152706,42.37406427,-111.553628,NA,41.301843,0,0,1,0
2,EMIG,793,ABLA,2.2,12.3,0,1,0,NA,1,-,-,0,-,0,-,0,-,0,-,0,-,0,-,1 DB,1,EMIG793,42.37403933,-111.5536536,EMIG,793,ABLA,2.2,12.3,0,1,0,NA,1,-,-,0,-,0,-,0,-,0,-,0,-,0,-,1 DB,2,0,NA,793,NA,Point,2219.816,NA,0.176481842,EMIG_793_561,EMIG_803_570,4.622429412,EMIG_801_568,2.780265473,NA,42.37400267,-111.5536802,NA,-151.7194447,42.37401459,-111.5536484,NA,171.1418078,0,0,7,6
2,EMIG,795,ABLA,NA,2.9,0,1,0,NA,0,-,-,0,-,0,-,0,-,0,-,0,-,0,-,NA,1,EMIG795,42.37405303,-111.5536364,EMIG,795,ABLA,NA,2.9,0,1,0,NA,0,-,-,0,-,0,-,0,-,0,-,0,-,0,-,NA,2,0,2531,795,NA,Point,2220.3,NA,0.176668591,EMIG_795_562,EMIG_786_554,4.139893505,EMIG_789_557,1.426886242,NA,42.37408967,-111.5536457,NA,-10.6585353,42.37406427,-111.553628,NA,28.99212126,0,0,2,1
2,EMIG,796,ABLA,1.1,7.2,0,1,0,NA,0,-,-,0,-,0,-,0,-,0,-,0,-,0,-,NA,1,EMIG796,42.37403355,-111.5536228,EMIG,796,ABLA,1.1,7.2,0,1,0,NA,0,-,-,0,-,0,-,0,-,0,-,0,-,0,-,NA,2,0,2532,796,NA,Point,2218.807,NA,0.178873926,EMIG_796_563,EMIG_656_435,3.555536932,EMIG_797_564,0.719414337,NA,42.3740482,-111.5535844,NA,62.7729482,42.37403112,-111.5536147,NA,112.0281154,0,0,1,1
2,EMIG,797,ABLA,1.3,8.4,0,1,0,NA,0,-,-,0,-,0,-,0,-,0,-,0,-,0,-,NA,1,EMIG797,42.37403112,-111.5536147,EMIG,797,ABLA,1.3,8.4,0,1,1,NA,0,-,-,0,-,1,-,0,-,0,-,0,-,0,-,NA,2,1,2533,797,NA,Point,2217.815,NA,0.179565777,EMIG_797_564,EMIG_656_435,3.133744647,EMIG_656_435,3.133744647,NA,42.3740482,-111.5535844,NA,52.75668221,42.3740482,-111.5535844,NA,52.75668221,0,1,1,1
2,EMIG,798,ABLA,NA,6.7,0,1,0,NA,0,-,-,0,-,0,-,0,-,0,-,0,-,0,-,NA,1,EMIG798,42.37403095,-111.5536104,EMIG,798,ABLA,NA,6.7,0,1,0,NA,0,-,-,0,-,0,-,0,-,0,-,0,-,0,-,NA,2,0,2534,798,NA,Point,2217.294,NA,0.179857191,EMIG_798_565,EMIG_656_435,2.872499493,EMIG_797_564,0.354534642,NA,42.3740482,-111.5535844,NA,48.17837217,42.37403112,-111.5536147,NA,-86.947934,0,0,1,1
2,EMIG,799,ABLA,1.1,7.2,0,1,0,NA,0,-,-,0,-,0,-,0,-,0,-,0,-,0,-,NA,1,EMIG799,42.3740233,-111.5536328,EMIG,799,ABLA,1.1,7.2,0,1,0,NA,0,-,-,0,-,0,-,0,-,0,-,0,-,0,-,NA,2,0,2535,799,NA,Point,2217.462,NA,0.178926161,EMIG_799_566,EMIG_803_570,4.525220556,EMIG_801_568,1.607808183,NA,42.37400267,-111.5536802,NA,-120.4120123,42.37401459,-111.5536484,NA,-126.979749,0,0,7,6
2,EMIG,800,ABLA,NA,4.7,0,1,0,NA,0,-,-,0,-,0,-,0,-,0,-,0,-,0,-,NA,1,EMIG800,42.37402805,-111.5536478,EMIG,800,ABLA,NA,4.7,0,1,0,NA,0,-,-,0,-,0,-,0,-,0,-,0,-,0,-,NA,2,0,2536,800,NA,Point,2214.465,NA,0.17763116,EMIG_800_567,EMIG_803_570,3.880477461,EMIG_801_568,1.495400559,NA,42.37400267,-111.5536802,NA,-136.5723209,42.37401459,-111.5536484,NA,-178.1069188,0,0,7,6
2,EMIG,801,ABLA,1.2,9,0,1,0,NA,1,-,-,0,-,0,-,0,-,0,-,0,-,0,-,WOB,1,EMIG801,42.37401459,-111.5536484,EMIG,801,ABLA,1.2,9,0,1,1,NA,1,-,-,0,-,1,-,0,-,0,-,1,-,0,-,WOB,2,1,2537,801,NA,Point,2214.804,NA,0.17852309,EMIG_801_568,EMIG_803_570,2.933733258,EMIG_803_570,2.933733258,NA,42.37400267,-111.5536802,NA,-116.8181503,42.37400267,-111.5536802,NA,-116.8181503,0,2,7,6
2,EMIG,802,ABLA,2.4,12.3,0,1,0,NA,0,-,-,0,-,0,-,0,-,0,-,0,-,0,-,NA,1,EMIG802,42.37401137,-111.5536683,EMIG,802,ABLA,2.4,12.3,0,1,0,NA,0,-,-,0,-,0,-,0,-,0,-,0,-,0,-,NA,2,0,2538,802,NA,Point,2215.081,NA,0.177474483,EMIG_802_569,EMIG_803_570,1.375923749,EMIG_803_570,1.375923749,NA,42.37400267,-111.5536802,NA,-134.5958954,42.37400267,-111.5536802,NA,-134.5958954,0,0,7,6
2,EMIG,803,ABLA,11.1,63.5,0,1,1,NA,5,-,-,2,6-Jan,2,1-Mar,2,-,0,-,1,-,0,-,4 DB,1,EMIG803,42.37400267,-111.5536802,EMIG,803,ABLA,11.1,63.5,0,1,1,NA,5,-,-,2,7-Jan,2,Mar-00,1,-,0,-,1,-,0,-,4 DB,2,0,2539,803,NA,Point,2216.482,NA,0.17733019,EMIG_803_570,EMIG_785_553,8.242652208,EMIG_804_571,1.36316118,NA,42.37407656,-111.5536898,NA,-5.502602778,42.37401251,-111.5536901,NA,-36.72292374,7,6,1,0
2,EMIG,804,ABLA,NA,4.7,0,1,0,NA,1,-,-,0,-,0,-,0,-,0,-,0,-,0,-,1 DB,1,EMIG804,42.37401251,-111.5536901,EMIG,804,ABLA,NA,4.7,0,1,1,NA,1,-,-,0,-,0,-,0,-,0,-,1,-,0,-,1 DB,2,1,2540,804,NA,Point,2215.747,NA,0.176007015,EMIG_804_571,EMIG_803_570,1.36316118,EMIG_803_570,1.36316118,NA,42.37400267,-111.5536802,NA,143.2770696,42.37400267,-111.5536802,NA,143.2770696,0,1,7,6
2,EMIG,805,ABLA,NA,7.2,0,1,0,NA,1,-,-,0,-,0,-,0,-,0,-,0,-,0,-,WOB,1,EMIG805,42.37399704,-111.5536605,EMIG,805,ABLA,NA,7.2,0,1,0,NA,1,-,-,0,-,0,-,0,-,0,-,0,-,0,-,WOB,2,0,2541,805,NA,Point,2217.254,NA,0.17897796,EMIG_805_572,EMIG_803_570,1.738265453,EMIG_803_570,1.738265453,NA,42.37400267,-111.5536802,NA,-68.92192037,42.37400267,-111.5536802,NA,-68.92192037,0,0,7,6
2,EMIG,806,ABLA,2.6,12.1,2.9,1,0,NA,0,-,-,0,-,0,-,0,-,0,-,0,-,0,-,NA,1,EMIG806,42.3739931,-111.5536447,EMIG,806,ABLA,2.6,12.1,2.9,1,0,NA,0,-,-,0,-,0,-,0,-,0,-,0,-,0,-,NA,2,0,2542,806,NA,Point,2218.218,NA,0.180260286,EMIG_806_573,EMIG_803_570,3.109999604,EMIG_801_568,2.405593704,NA,42.37400267,-111.5536802,NA,-70.02037001,42.37401459,-111.5536484,NA,-7.275177559,0,0,7,6
2,EMIG,807,ABLA,NA,2.7,0,1,0,NA,0,-,-,0,-,0,-,0,-,0,-,0,-,0,-,NA,1,EMIG807,42.37400727,-111.5536407,EMIG,807,ABLA,NA,2.7,0,1,0,NA,0,-,-,0,-,0,-,0,-,0,-,0,-,0,-,NA,2,0,2543,807,NA,Point,2219.069,NA,0.179525541,EMIG_807_574,EMIG_803_570,3.292020377,EMIG_801_568,1.030806807,NA,42.37400267,-111.5536802,NA,-98.9258745,42.37401459,-111.5536484,NA,-37.95317688,0,0,7,6
2,EMIG,808,ABLA,1,NA,NA,1,0,NA,0,-,-,0,-,0,-,0,-,0,-,0,-,0,-,Bent,1,EMIG808,42.37398796,-111.5536387,EMIG,808,ABLA,1,NA,NA,1,0,NA,0,-,-,0,-,0,-,0,-,0,-,0,-,0,-,Bent,2,0,2544,808,NA,Point,2217.388,NA,0.181003448,EMIG_808_575,EMIG_803_570,3.787162497,EMIG_801_568,3.062918009,NA,42.37400267,-111.5536802,NA,-64.4502334,42.37401459,-111.5536484,NA,-15.11406766,0,0,7,6
2,EMIG,809,ABLA,NA,4.6,0,1,0,NA,0,-,-,0,-,0,-,0,-,0,-,0,-,0,-,NA,1,EMIG809,42.37398914,-111.5536405,EMIG,809,ABLA,NA,4.6,0,1,0,NA,0,-,-,0,-,0,-,0,-,0,-,0,-,0,-,NA,2,0,2545,809,NA,Point,2217.276,NA,0.180805932,EMIG_809_576,EMIG_803_570,3.597354264,EMIG_801_568,2.899828527,NA,42.37400267,-111.5536802,NA,-65.31504128,42.37401459,-111.5536484,NA,-12.96170027,0,0,7,6
2,EMIG,810,ABLA,1.1,6.4,0,1,0,NA,1,-,-,0,-,0,-,0,-,0,-,0,-,0,-,NA,1,EMIG810,42.37400168,-111.5536124,EMIG,810,ABLA,1.1,6.4,0,1,0,NA,1,-,-,0,-,0,-,0,-,0,-,0,-,0,-,NA,2,0,2546,810,NA,Point,2217.904,NA,0.181730848,EMIG_810_577,EMIG_803_570,5.583260034,EMIG_797_564,3.274467137,NA,42.37400267,-111.5536802,NA,-88.8718101,42.37403112,-111.5536147,NA,-3.315323956,0,0,7,6
2,EMIG,812,ABLA,3.1,15.9,0,1,0,NA,0,-,-,0,-,0,-,0,-,0,-,0,-,0,-,NA,1,EMIG812,42.37390993,-111.5535967,EMIG,812,ABLA,3.1,15.9,0,1,0,NA,0,-,-,0,-,0,-,0,-,0,-,0,-,0,-,NA,2,0,2548,812,NA,Point,2216.246,NA,0.189216312,EMIG_812_578,EMIG_803_570,12.38170992,EMIG_813_579,4.516632152,NA,42.37400267,-111.5536802,NA,-33.72716488,42.37389838,-111.5536493,NA,-106.4961073,0,0,7,6
2,EMIG,813,ABLA,2.5,9.5,0,1,0,NA,0,-,-,0,-,0,-,0,-,0,-,0,-,0,-,NA,1,EMIG813,42.37389838,-111.5536493,EMIG,813,ABLA,2.5,9.5,0,1,1,NA,0,-,-,1,-,0,-,0,-,0,-,0,-,0,-,NA,2,1,NA,813,NA,Point,2215.98,NA,0.18680881,EMIG_813_579,EMIG_803_570,11.85641856,EMIG_824_590,5.321610782,NA,42.37400267,-111.5536802,NA,-12.39058888,42.37386704,-111.5536982,NA,-130.8385495,0,1,7,6
2,EMIG,814,ABLA,NA,5.8,0,1,0,NA,0,-,-,0,-,0,-,0,-,0,-,0,-,0,-,NA,1,EMIG814,42.37389838,-111.5536493,EMIG,814,ABLA,NA,5.8,0,1,1,NA,0,-,-,1,-,0,-,0,-,0,-,0,-,0,-,NA,2,1,NA,814,NA,Point,2215.98,NA,0.18680881,EMIG_814_580,EMIG_803_570,11.85641856,EMIG_824_590,5.321610782,NA,42.37400267,-111.5536802,NA,-12.39058888,42.37386704,-111.5536982,NA,-130.8385495,0,1,7,6
2,EMIG,815,ABLA,1,6.4,0,1,0,NA,0,-,-,0,-,0,-,0,-,0,-,0,-,0,-,NA,1,EMIG815,42.37389838,-111.5536493,EMIG,815,ABLA,1,6.4,0,1,1,NA,0,-,-,1,-,0,-,0,-,0,-,0,-,0,-,NA,2,1,NA,815,NA,Point,2215.98,NA,0.18680881,EMIG_815_581,EMIG_803_570,11.85641856,EMIG_824_590,5.321610782,NA,42.37400267,-111.5536802,NA,-12.39058888,42.37386704,-111.5536982,NA,-130.8385495,0,1,7,6
2,EMIG,816,ABLA,1.1,6.7,0,1,0,NA,0,-,-,0,-,0,-,0,-,0,-,0,-,0,-,NA,1,EMIG816,42.37389838,-111.5536493,EMIG,816,ABLA,1.1,6.7,0,1,1,NA,0,-,-,1,-,0,-,0,-,0,-,1,-,0,-,NA,2,1,2549,816,NA,Point,2215.98,NA,0.18680881,EMIG_816_582,EMIG_803_570,11.85641856,EMIG_824_590,5.321610782,NA,42.37400267,-111.5536802,NA,-12.39058888,42.37386704,-111.5536982,NA,-130.8385495,0,2,7,6
2,EMIG,817,ABLA,3.3,14.2,0,1,0,NA,0,-,-,0,-,0,-,0,-,0,-,0,-,0,-,NA,1,EMIG817,42.37390589,-111.5536748,EMIG,817,ABLA,3.3,14.2,0,1,0,NA,0,-,-,0,-,0,-,0,-,0,-,0,-,0,-,NA,2,0,2550,817,NA,Point,2216.874,NA,0.184691532,EMIG_817_583,EMIG_803_570,10.7555434,EMIG_813_579,2.259042405,NA,42.37400267,-111.5536802,NA,-2.369091089,42.37389838,-111.5536493,NA,111.6625706,0,0,7,6
2,EMIG,818,ABLA,1.5,9.4,0,1,0,NA,1,-,-,0,-,0,-,0,-,0,-,0,-,0,-,WOB,1,EMIG818,42.37390794,-111.5536904,EMIG,818,ABLA,1.5,9.4,0,1,0,NA,1,-,-,0,-,0,-,0,-,0,-,0,-,0,-,WOB,2,0,2551,818,NA,Point,2217.896,NA,0.183587803,EMIG_818_584,EMIG_803_570,10.55219126,EMIG_821_587,1.867653058,NA,42.37400267,-111.5536802,NA,4.564714683,42.37391259,-111.5537122,NA,-73.95095996,0,0,7,6
2,EMIG,819,ABLA,3,14.3,0,1,0,NA,1,-,-,0,-,0,-,0,-,0,-,0,-,0,-,1 DB,1,EMIG819,42.37390058,-111.5536866,EMIG,819,ABLA,3,14.3,0,1,0,NA,1,-,-,0,-,0,-,0,-,0,-,0,-,0,-,1 DB,2,0,2552,819,NA,Point,2217.99,NA,0.18436922,EMIG_819_585,EMIG_803_570,11.34820734,EMIG_821_587,2.494182802,NA,42.37400267,-111.5536802,NA,2.661371435,42.37391259,-111.5537122,NA,-57.6780993,0,0,7,6
2,EMIG,820,ABLA,NA,1.6,0,1,0,NA,0,-,-,0,-,0,-,0,-,0,-,0,-,0,-,NA,1,EMIG820,42.37391597,-111.5536858,EMIG,820,ABLA,NA,1.6,0,1,0,NA,0,-,-,0,-,0,-,0,-,0,-,0,-,0,-,NA,2,0,2553,820,NA,Point,2217.751,NA,0.18327022,EMIG_820_586,EMIG_803_570,9.638112133,EMIG_821_587,2.205758682,NA,42.37400267,-111.5536802,NA,2.741943056,42.37391259,-111.5537122,NA,-99.79658,0,0,7,6
2,EMIG,821,ABLA,14.6,59.2,0,1,0,NA,3,-,-,0,-,0,-,0,-,0,-,0,-,0,-,3 DB,1,EMIG821,42.37391259,-111.5537122,EMIG,821,ABLA,14.6,59.2,0,1,1,NA,3,-,-,2,1-Jan,2,-,0,-,2,-,0,-,0,-,3 DB,2,1,2554,821,NA,Point,2215.975,NA,0.181915724,EMIG_821_587,EMIG_803_570,10.34355915,EMIG_824_590,5.187506451,NA,42.37400267,-111.5536802,NA,14.75667809,42.37386704,-111.5536982,NA,167.1617105,0,6,7,6
2,EMIG,822,ABLA,2,10.6,2.2,1,0,NA,0,-,-,0,-,0,-,0,-,0,-,0,-,0,-,NA,1,EMIG822,42.37387315,-111.5537022,EMIG,822,ABLA,2,10.6,2.2,1,0,NA,0,-,-,0,-,0,-,0,-,0,-,0,-,0,-,NA,2,0,2555,822,NA,Point,2219.101,NA,0.18550168,EMIG_822_588,EMIG_803_570,14.49538192,EMIG_824_590,0.754156322,NA,42.37400267,-111.5536802,NA,7.178378828,42.37386704,-111.5536982,NA,154.1071028,0,0,7,6
2,EMIG,823,ABLA,1.6,9.2,0,1,0,NA,0,-,-,0,-,0,-,0,-,0,-,0,-,0,-,NA,1,EMIG823,42.37388407,-111.5536851,EMIG,823,ABLA,1.6,9.2,0,1,0,NA,0,-,-,0,-,0,-,0,-,0,-,0,-,0,-,NA,2,0,2556,823,NA,Point,2219.158,NA,0.185700814,EMIG_823_589,EMIG_803_570,13.17539841,EMIG_824_590,2.176960637,NA,42.37400267,-111.5536802,NA,1.754675484,42.37386704,-111.5536982,NA,-150.3008888,0,0,7,6
2,EMIG,824,ABLA,2.9,14.9,0,1,0,NA,0,-,-,0,-,0,-,0,-,0,-,0,-,0,-,NA,1,EMIG824,42.37386704,-111.5536982,EMIG,824,ABLA,2.9,14.9,0,1,1,NA,0,-,-,0,-,1,-,0,-,0,-,0,-,1,-,NA,2,1,2557,824,NA,Point,2219.06,NA,0.186206899,EMIG_824_590,EMIG_803_570,15.13295582,EMIG_821_587,5.187506451,NA,42.37400267,-111.5536802,NA,5.620073339,42.37391259,-111.5537122,NA,-12.83828004,0,2,7,6
2,EMIG,825,ABLA,NA,7,0,1,0,NA,0,-,-,0,-,0,-,0,-,0,-,0,-,0,-,NA,1,EMIG825,42.37386704,-111.5536982,EMIG,825,ABLA,NA,7,0,1,1,NA,0,-,-,0,-,1,-,0,-,0,-,0,-,0,-,NA,2,1,NA,825,NA,Point,2219.06,NA,0.186206899,EMIG_825_591,EMIG_803_570,15.13295582,EMIG_821_587,5.187506451,NA,42.37400267,-111.5536802,NA,5.620073339,42.37391259,-111.5537122,NA,-12.83828004,0,1,7,6
2,EMIG,826,ABLA,NA,4.5,0,1,0,NA,1,-,-,0,-,0,-,0,-,0,-,0,-,0,-,"1 Dead, WOB",1,EMIG826,42.37380407,-111.5536936,EMIG,826,ABLA,NA,4.5,0,1,0,NA,1,-,-,0,-,0,-,0,-,0,-,0,-,0,-,"1 Dead, WOB",2,0,2558,826,NA,Point,2212.67,NA,0.191350904,EMIG_826_592,EMIG_605_388,19.33598304,EMIG_824_590,7.00237269,NA,42.37382052,-111.5534598,NA,84.57934204,42.37386704,-111.5536982,NA,-3.100431305,0,0,1,1
2,EMIG,827,ABLA,NA,3.9,0,1,0,NA,1,-,-,0,-,0,-,0,-,0,-,0,-,0,-,1 DB,1,EMIG827,42.37382454,-111.5537208,EMIG,827,ABLA,NA,3.9,0,1,0,NA,1,-,-,0,-,0,-,0,-,0,-,0,-,0,-,1 DB,2,0,2559,827,NA,Point,2215.161,NA,0.188161577,EMIG_827_593,EMIG_803_570,20.05984211,EMIG_824_590,5.072745614,NA,42.37400267,-111.5536802,NA,9.59236776,42.37386704,-111.5536982,NA,21.51896829,0,0,7,6
2,EMIG,828,ABLA,NA,3.7,0,1,0,NA,1,-,-,0,-,0,-,0,-,0,-,0,-,0,-,WOB,1,EMIG828,42.37388897,-111.5537139,EMIG,828,ABLA,NA,3.7,0,1,0,NA,1,-,-,0,-,0,-,0,-,0,-,0,-,0,-,WOB,2,0,2560,828,NA,Point,2216.985,NA,0.183596965,EMIG_828_594,EMIG_803_570,12.92642403,EMIG_821_587,2.626472269,NA,42.37400267,-111.5536802,NA,12.39483712,42.37391259,-111.5537122,NA,3.054774076,0,0,7,6
2,EMIG,830,ABLA,NA,5,0,1,0,NA,0,-,-,0,-,0,-,0,-,0,-,0,-,0,-,4 dead,1,EMIG830,42.3740456,-111.5537192,EMIG,830,ABLA,NA,5,0,1,1,NA,0,-,-,0,-,0,-,1,-,0,-,0,-,0,-,4 dead,2,1,2562,830,NA,Point,2218.261,NA,0.171829703,EMIG_830_595,EMIG_785_553,4.204459925,EMIG_841_604,1.762880581,NA,42.37407656,-111.5536898,NA,35.15000044,42.37406147,-111.5537186,NA,1.605762862,0,1,1,0
2,EMIG,832,ABLA,NA,3,0,1,0,NA,0,-,-,0,-,0,-,0,-,0,-,0,-,0,-,NA,1,EMIG832,42.37403332,-111.5536966,EMIG,832,ABLA,NA,3,0,1,0,NA,0,-,-,0,-,0,-,0,-,0,-,0,-,0,-,NA,2,0,2564,832,NA,Point,2223.161,NA,0.174131929,EMIG_832_596,EMIG_803_570,3.661414441,EMIG_830_595,2.306856835,NA,42.37400267,-111.5536802,NA,158.3595218,42.3740456,-111.5537192,NA,-53.76564489,0,0,7,6
2,EMIG,833,ABLA,3,14.7,5,1,0,NA,1,-,-,0,-,0,-,0,-,0,-,0,-,0,-,NA,1,EMIG833,42.37404564,-111.5537108,EMIG,833,ABLA,3,14.7,5,1,0,NA,1,-,-,0,-,0,-,0,-,0,-,0,-,0,-,NA,2,0,2565,833,NA,Point,2219.115,NA,0.172364105,EMIG_833_597,EMIG_785_553,3.844103245,EMIG_830_595,0.691611032,NA,42.37407656,-111.5536898,NA,26.72940826,42.3740456,-111.5537192,NA,-90.36795598,0,0,1,0
2,EMIG,834,ABLA,NA,1.6,0,1,0,NA,0,-,-,0,-,0,-,0,-,0,-,0,-,0,-,NA,1,EMIG834,42.37404044,-111.5537316,EMIG,834,ABLA,NA,1.6,0,1,0,NA,0,-,-,0,-,0,-,0,-,0,-,0,-,0,-,NA,2,0,2566,834,NA,Point,2218.126,NA,0.17140164,EMIG_834_598,EMIG_785_553,5.284881195,EMIG_830_595,1.170717545,NA,42.37407656,-111.5536898,NA,40.63215131,42.3740456,-111.5537192,NA,60.69817684,0,0,1,0
2,EMIG,835,ABLA,1.4,8.8,1.9,1,0,NA,3,-,-,0,-,0,-,0,-,0,-,0,-,0,-,2 DB,1,EMIG835,42.37404693,-111.5537223,EMIG,835,ABLA,1.4,8.8,1.9,1,0,NA,3,-,-,0,-,0,-,0,-,0,-,0,-,0,-,2 DB,2,0,2567,835,NA,Point,2217.916,NA,0.171538695,EMIG_835_599,EMIG_785_553,4.240833503,EMIG_830_595,0.294878558,NA,42.37407656,-111.5536898,NA,39.12138944,42.3740456,-111.5537192,NA,120.0544303,0,0,1,0
2,EMIG,836,ABLA,2.8,17.8,1.1,1,0,NA,1,-,-,0,-,0,-,0,-,0,-,0,-,0,-,WOB,1,EMIG836,42.37404806,-111.5537182,EMIG,836,ABLA,2.8,17.8,1.1,1,0,NA,1,-,-,0,-,0,-,0,-,0,-,0,-,0,-,WOB,2,0,2568,836,NA,Point,2217.715,NA,0.171721839,EMIG_836_600,EMIG_785_553,3.934742154,EMIG_830_595,0.285294283,NA,42.37407656,-111.5536898,NA,36.45980162,42.3740456,-111.5537192,NA,-163.2264668,0,0,1,0
2,EMIG,837,ABLA,NA,3.3,0,1,0,NA,0,-,-,0,-,0,-,0,-,0,-,0,-,0,-,NA,1,EMIG837,42.3740627,-111.5536976,EMIG,837,ABLA,NA,3.3,0,1,0,NA,0,-,-,0,-,0,-,0,-,0,-,0,-,0,-,NA,2,0,2569,837,NA,Point,2219.798,NA,0.172033919,EMIG_837_601,EMIG_785_553,1.667614356,EMIG_841_604,1.734377421,NA,42.37407656,-111.5536898,NA,22.64988882,42.37406147,-111.5537186,NA,-94.51656975,0,0,1,0
2,EMIG,838,ABLA,9.5,45.5,0,1,0,NA,12,-,-,0,-,0,-,0,-,0,-,0,-,0,-,"12 DB, Rot in area",1,EMIG838,42.3740662,-111.5537148,EMIG,838,ABLA,9.5,45.5,0,1,0,NA,12,-,-,0,-,0,-,0,-,0,-,0,-,0,-,"12 DB, Rot in area",2,0,2570,838,NA,Point,2218.449,NA,0.170682689,EMIG_838_602,EMIG_785_553,2.357971489,EMIG_841_604,0.611338387,NA,42.37407656,-111.5536898,NA,60.79986735,42.37406147,-111.5537186,NA,-149.218147,0,0,1,0
2,EMIG,840,ABLA,1.3,7.8,4.7,1,0,NA,0,-,-,0,-,0,-,0,-,0,-,0,-,0,-,NA,1,EMIG840,42.37408698,-111.5537043,EMIG,840,ABLA,1.3,7.8,4.7,1,0,NA,0,-,-,0,-,0,-,0,-,0,-,0,-,0,-,NA,2,0,2571,840,NA,Point,2218.175,NA,0.169944785,EMIG_840_603,EMIG_785_553,1.662507797,EMIG_784_552,0.923344995,NA,42.37407656,-111.5536898,NA,134.1031396,42.37409184,-111.5536952,NA,54.2358245,0,0,1,0
2,EMIG,841,ABLA,1.6,7.5,3.6,1,0,NA,0,-,-,0,-,0,-,0,-,0,-,0,-,0,-,Rot in area,1,EMIG841,42.37406147,-111.5537186,EMIG,841,ABLA,1.6,7.5,3.6,1,1,NA,0,-,-,0,-,0,-,0,-,0,-,0,-,1,-,Rot in area,2,1,2572,841,NA,Point,2218.224,NA,0.170764494,EMIG_841_604,EMIG_785_553,2.903462429,EMIG_830_595,1.762880581,NA,42.37407656,-111.5536898,NA,54.75340857,42.3740456,-111.5537192,NA,-178.3942367,0,1,1,0
2,EMIG,843,ABLA,NA,5.2,0,1,0,NA,0,-,-,0,-,0,-,0,-,0,-,0,-,0,-,NA,1,EMIG843,42.37407932,-111.553738,EMIG,843,ABLA,NA,5.2,0,1,0,NA,0,-,-,0,-,0,-,0,-,0,-,0,-,0,-,NA,2,0,2574,843,NA,Point,2219.198,NA,0.16828287,EMIG_843_605,EMIG_845_607,3.39479056,EMIG_841_604,2.545533172,NA,42.37410941,-111.5537307,NA,10.19767318,42.37406147,-111.5537186,NA,141.1359117,0,0,1,1
2,EMIG,844,ABLA,NA,5.6,0,1,0,NA,1,-,-,0,-,0,-,0,-,0,-,0,-,0,-,1 DB,1,EMIG844,42.37408296,-111.5537366,EMIG,844,ABLA,NA,5.6,0,1,0,NA,1,-,-,0,-,0,-,0,-,0,-,0,-,0,-,1 DB,2,0,2575,844,NA,Point,2218.422,NA,0.168122811,EMIG_844_606,EMIG_845_607,2.976881133,EMIG_841_604,2.808982414,NA,42.37410941,-111.5537307,NA,9.39145387,42.37406147,-111.5537186,NA,148.1571948,0,0,1,1
2,EMIG,845,ABLA,2.4,11.1,1,1,1,NA,0,-,-,0,-,1,-,0,-,0,-,0,-,0,-,NA,1,EMIG845,42.37410941,-111.5537307,EMIG,845,ABLA,2.4,11.1,1,1,1,NA,0,-,-,0,-,1,-,0,-,0,-,0,-,0,-,NA,2,0,2576,845,NA,Point,2218.968,NA,0.16670746,EMIG_845_607,EMIG_785_553,4.964341643,EMIG_847_609,0.762613312,NA,42.37407656,-111.5536898,NA,137.2874404,42.37411621,-111.5537294,NA,8.068094888,1,1,1,0
2,EMIG,846,ABLA,5.4,27.4,1.9,1,0,NA,0,-,-,0,-,0,-,0,-,0,-,0,-,0,-,NA,1,EMIG846,42.37411588,-111.5537153,EMIG,846,ABLA,5.4,27.4,1.9,1,0,NA,0,-,-,0,-,0,-,0,-,0,-,0,-,0,-,NA,2,0,2577,846,NA,Point,2218.506,NA,0.167284195,EMIG_846_608,EMIG_845_607,1.457314926,EMIG_847_609,1.161471442,NA,42.37410941,-111.5537307,NA,-119.5364047,42.37411621,-111.5537294,NA,-88.19209075,0,0,1,1
2,EMIG,847,ABLA,1.1,6.6,0,1,0,NA,1,-,-,0,-,0,-,0,-,0,-,0,-,0,-,1 DB,1,EMIG847,42.37411621,-111.5537294,EMIG,847,ABLA,1.1,6.6,0,1,1,NA,1,-,-,0,-,1,-,0,-,0,-,0,-,0,-,1 DB,2,1,2578,847,NA,Point,2219.214,NA,0.166336054,EMIG_847_609,EMIG_845_607,0.762613312,EMIG_845_607,0.762613312,NA,42.37410941,-111.5537307,NA,-171.9319042,42.37410941,-111.5537307,NA,-171.9319042,0,1,1,1
2,EMIG,848,ABLA,NA,4.3,0,1,0,NA,0,-,-,0,-,0,-,0,-,0,-,0,-,0,-,NA,1,EMIG848,42.37412402,-111.5537308,EMIG,848,ABLA,NA,4.3,0,1,0,NA,0,-,-,0,-,0,-,0,-,0,-,0,-,0,-,NA,2,0,2579,848,NA,Point,2218.831,NA,0.165722459,EMIG_848_610,EMIG_845_607,1.62230012,EMIG_847_609,0.874841056,NA,42.37410941,-111.5537307,NA,179.7092187,42.37411621,-111.5537294,NA,172.4288942,0,0,1,1
2,EMIG,849,ABLA,2.8,9.9,5.2,1,0,NA,0,-,-,0,-,0,-,0,-,0,-,0,-,0,-,NA,1,EMIG849,42.3741124,-111.5537168,EMIG,849,ABLA,2.8,9.9,5.2,1,0,NA,0,-,-,0,-,0,-,0,-,0,-,0,-,0,-,NA,2,0,2580,849,NA,Point,2220.608,NA,0.167417749,EMIG_849_611,EMIG_845_607,1.191612782,EMIG_847_609,1.12034138,NA,42.37410941,-111.5537307,NA,-106.1778217,42.37411621,-111.5537294,NA,-67.81392706,0,0,1,1
2,EMIG,850,ABLA,2.2,5.9,3.6,1,0,NA,0,-,-,0,-,0,-,0,-,0,-,0,-,0,-,NA,1,EMIG850,42.37414195,-111.5537104,EMIG,850,ABLA,2.2,5.9,3.6,1,0,NA,0,-,-,0,-,0,-,0,-,0,-,0,-,0,-,NA,2,0,2582,850,NA,Point,2220.549,NA,0.165889926,EMIG_850_612,EMIG_760_529,2.975155539,EMIG_762_531,2.257373924,NA,42.37413963,-111.5536744,NA,94.96728923,42.374126,-111.5536934,NA,141.6810669,0,0,7,6
2,EMIG,851,ABLA,5.5,22.1,2.2,1,0,NA,1,-,-,0,-,0,-,0,-,0,-,0,-,0,-,1 DB,1,EMIG851,42.37414195,-111.5537104,EMIG,851,ABLA,5.5,22.1,2.2,1,1,NA,1,-,-,1,-,0,-,0,-,0,-,0,-,0,-,1 DB,2,1,NA,851,NA,Point,2220.549,NA,0.165889926,EMIG_851_613,EMIG_760_529,2.975155539,EMIG_762_531,2.257373924,NA,42.37413963,-111.5536744,NA,94.96728923,42.374126,-111.5536934,NA,141.6810669,0,1,7,6
2,EMIG,852,ABLA,NA,4.2,0,1,0,NA,0,-,-,0,-,0,-,0,-,0,-,0,-,0,-,NA,1,EMIG852,42.3741448,-111.5537286,EMIG,852,ABLA,NA,4.2,0,1,0,NA,0,-,-,0,-,0,-,0,-,0,-,0,-,0,-,NA,2,0,2583,852,NA,Point,2220.513,NA,0.164494342,EMIG_852_614,EMIG_845_607,3.933470656,EMIG_851_613,1.531509714,NA,42.37410941,-111.5537307,NA,-177.480704,42.37414195,-111.5537104,NA,101.9251267,0,0,1,1
2,EMIG,349,ABLA,3.6,10.7,1.7,1,0,NA,0,-,-,0,-,0,-,0,-,0,-,0,-,0,-,located near 350,1,EMIG349,42.37385666,-111.5533871,EMIG,349,ABLA,3.6,10.7,1.7,1,0,NA,0,-,-,0,NA,0,NA,0,NA,0,NA,0,NA,0,NA,located near 350,2,0,2334,349,NA,Point,2210.884,NA,0.206254755,EMIG_349_615,EMIG_601_384,2.568967708,EMIG_601_384,2.568967708,NA,42.37385479,-111.5534182,NA,-94.63611273,42.37385479,-111.5534182,NA,-94.63611273,0,0,1,1
2,EMIG,579,ABLA,2,9.1,2.4,1,0,NA,0,-,-,0,-,0,-,0,-,0,-,0,-,0,-,NA,1,EMIG579,42.37385654,-111.5533023,EMIG,579,ABLA,2,9.1,2.4,1,0,NA,0,-,-,0,-,0,-,0,-,0,-,0,-,0,-,NA,2,0,2306,579,NA,Point,2212.766,NA,0.211742441,EMIG_579_616,EMIG_594_367,5.043766723,EMIG_581_356,3.39811814,NA,42.37381995,-111.5533386,NA,-143.6616479,42.37382595,-111.5533011,NA,178.3338973,0,0,1,1
