"","site","tag","species","dbh","height","canopy_ht","brooms","rot","Dead / Alive_v1","Dead / Alive_v2","Dead / Alive_v3","Dead / Alive_v4","Inf Location_v1","Inf Location_v2","Inf Location_v3","Inf Location_v4","Gouting_v1","Gouting_v2","Gouting_v3","Gouting_v4","Beetle_v1","Beetle_v2","Beetle_v3","Beetle_v4","NL_v1","NL_v2","NL_v3","NL_v4","NLW_v1","NLW_v2","NLW_v3","NLW_v4","NM_v1","NM_v2","NM_v3","NM_v4","NMW_v1","NMW_v2","NMW_v3","NMW_v4","NH_v1","NH_v2","NH_v3","NH_v4","NHW_v1","NHW_v2","NHW_v3","NHW_v4","SL_v1","SL_v2","SL_v3","SL_v4","SLW_v1","SLW_v2","SLW_v3","SLW_v4","SM_v1","SM_v2","SM_v3","SM_v4","SMW_v1","SMW_v2","SMW_v3","SMW_v4","SH_v1","SH_v2","SH_v3","SH_v4","SHW_v1","SHW_v2","SHW_v3","SHW_v4","Notes_v1","Notes_v2","Notes_v3","Notes_v4","Visit_v1","Visit_v2","Visit_v3","Visit_v4","WSB_v1","WSB_v2","WSB_v3","WSB_v4","infested_v1","infested_v2","infested_v3","infested_v4","new_infestation","tag_ID","Number","Tag #","Description","GeometryType","Elevation","GeoidOffset","distance","infestation_visit_1","infestation_visit_2","infestation_visit_3","infestation_visit_4","unique_ID","TARGET","DISTANCE","TARGET2","DISTANCE2","TARGET3","DISTANCE3","TARGET4","DISTANCE4","geometry.x","Latitude.focal","Longitude.focal","Latitude.target","Longitude.target","geometry.y","bearings1","Latitude.target2","Longitude.target2","geometry.x.x","bearings2","Latitude.target3","Longitude.target3","geometry.y.y","bearings3","Latitude.target4","Longitude.target4","geometry","bearings4","infestation_sum_Visit1_focal","infestation_sum_Visit2_focal","infestation_sum_Visit3_focal","infestation_sum_Visit4_focal","inf_sum_Visit1_target","inf_sum_Visit2_target","inf_sum_Visit3_target","inf_sum_Visit4_target"
"1","FRNK",7023,"ABLA",1.3,8.4,0,3,"0",1,1,1,1,"0","0","0","0",NA,NA,0,0,"0","0","3","3",0,0,0,0,"0","0","0",NA,0,0,0,0,"0","0","0",NA,0,0,0,0,"0","0","0",NA,0,0,0,0,"0","0","0",NA,0,0,0,0,"0","0","0",NA,0,0,0,0,"0","0","0",NA,"WOB","WOB","WOB","WOB",1,2,3,4,NA,NA,NA,NA,0,0,0,0,0,"FRNK7023",1304,7023,NA,"Point",2057.076,NA,0.0642693622665478,0,0,0,0,"FRNK_7023_1057","FRNK_7031_1064",3.52555488083792,"FRNK_7034_1067",7.37802138474627,"FRNK_7351_1074",10.1526475230875,"FRNK_7007_1631",3.37955324575097,NA,41.93361316,-111.5715475,41.9336297,-111.5715112,NA,58.6076294090611,41.93367911,-111.5715366,NA,7.0353595381298,41.93368556,-111.5714727,NA,37.6482257995834,41.93358639,-111.5715669,NA,-151.581139092266,0,0,0,0,1,0,0,1
"2","FRNK",7024,"ABLA",NA,2,0,1,"0",1,1,1,1,"0","0","0","0",NA,NA,0,0,"0","0","1","1",0,0,0,0,"0","0","0",NA,0,0,0,0,"0","0","0",NA,0,0,0,0,"0","0","0",NA,0,0,0,0,"0","0","0",NA,0,0,0,0,"0","0","0",NA,0,0,0,0,"0","0","0",NA,"WOB","WOB","WOB","WOB",1,2,3,4,NA,NA,NA,NA,0,0,0,0,0,"FRNK7024",1305,7024,NA,"Point",2057.146,NA,0.0619591841307536,0,0,0,0,"FRNK_7024_1058","FRNK_7031_1064",4.55521734133872,"FRNK_7034_1067",9.60891155479331,"FRNK_7064_1556",10.5238955922742,"FRNK_7007_1631",2.76465229124516,NA,41.93359258,-111.5715346,41.9336297,-111.5715112,NA,25.2066896142926,41.93367911,-111.5715366,NA,-0.988746986822506,41.93357651,-111.5714095,NA,99.7612595429673,41.93358639,-111.5715669,NA,-104.394395314962,0,0,0,0,1,0,0,1
"3","FRNK",7026,"ABLA",6.7,45.1,2.7,0,"0",1,1,1,1,"0","0","0","0",NA,NA,0,0,"0","0","0","0",0,0,0,0,"0","0","0",NA,0,0,0,0,"0","0","0",NA,0,0,0,0,"0","0","0",NA,0,0,0,0,"0","0","0",NA,0,0,0,0,"0","0","0",NA,0,0,0,0,"0","0","0",NA,NA,NA,NA,NA,1,2,3,4,NA,NA,NA,NA,0,0,0,0,0,"FRNK7026",1307,7026,NA,"Point",2057.075,NA,0.061089458856392,0,0,0,0,"FRNK_7026_1059","FRNK_7031_1064",3.72177804169489,"FRNK_7064_1556",9.10898010539817,"FRNK_7064_1556",9.10898010539817,"FRNK_7031_1064",3.72177804169489,NA,41.93359638,-111.5715161,41.9336297,-111.5715112,NA,6.26642619294716,41.93357651,-111.5714095,NA,104.016281273507,41.93357651,-111.5714095,NA,104.016281273507,41.9336297,-111.5715112,NA,6.26642619294716,0,0,0,0,1,0,0,1
"4","FRNK",7027,"ABLA",1.2,8.7,1.2,0,"0",1,1,1,1,"0","0","0","0",NA,NA,0,0,"0","0","0","0",0,0,0,0,"0","0","0",NA,0,0,0,0,"0","0","0",NA,0,0,0,0,"0","0","0",NA,0,0,0,0,"0","0","0",NA,0,0,0,0,"0","0","0",NA,0,0,0,0,"0","0","0",NA,"WOB, Rot in area","WOB, Rot in area","WOB, Rot in area","WOB, Rot in area",1,2,3,4,NA,NA,NA,NA,0,0,0,0,0,"FRNK7027",1308,7027,NA,"Point",2057.589,NA,0.0615894719570105,0,0,0,0,"FRNK_7027_1060","FRNK_7031_1064",2.7777106717957,"FRNK_7034_1067",8.46400937801628,"FRNK_7064_1556",9.2143670363471,"FRNK_7031_1064",2.7777106717957,NA,41.93360477,-111.571514,41.9336297,-111.5715112,NA,4.7938672799463,41.93367911,-111.5715366,NA,-12.7894742120597,41.93357651,-111.5714095,NA,109.908850390192,41.9336297,-111.5715112,NA,4.7938672799463,0,0,0,0,1,0,0,1
"5","FRNK",7028,"ABLA",NA,6.5,0,3,"0",1,1,1,1,"0","0","0","0",NA,NA,0,0,"0","0","3","3",0,0,0,0,"0","0","0",NA,0,0,0,0,"0","0","0",NA,0,0,0,0,"0","0","0",NA,0,0,0,0,"0","0","0",NA,0,0,0,0,"0","0","0",NA,0,0,0,0,"0","0","0",NA,"WOB, Rot in area, 2DB","WOB, Rot in area, 2DB","WOB, Rot in area, 2DB","WOB, Rot in area, 2DB",1,2,3,4,NA,NA,NA,NA,0,0,0,0,0,"FRNK7028",1309,7028,NA,"Point",2056.747,NA,0.0613299997271427,0,0,0,0,"FRNK_7028_1061","FRNK_7031_1064",2.36862360909178,"FRNK_7034_1067",8.23148873151067,"FRNK_7064_1556",8.65442717811802,"FRNK_7031_1064",2.36862360909178,NA,41.93360898,-111.5715044,41.9336297,-111.5715112,NA,-13.7692213341923,41.93367911,-111.5715366,NA,-18.9238821495777,41.93357651,-111.5714095,NA,114.618120768682,41.9336297,-111.5715112,NA,-13.7692213341923,0,0,0,0,1,0,0,1
"6","FRNK",7029,"ABLA",1.4,10,0,1,"0",1,1,1,1,"0","0","0","0",NA,NA,0,0,"0","0","1","1",0,0,0,0,"0","0","0",NA,0,0,0,0,"0","0","0",NA,0,0,0,0,"0","0","0",NA,0,0,0,0,"0","0","0",NA,0,0,0,0,"0","0","0",NA,0,0,0,0,"0","0","0",NA,"WOB, Rot in area","WOB, Rot in area","WOB, Rot in area","WOB, Rot in area",1,2,3,4,NA,NA,NA,NA,0,0,0,0,0,"FRNK7029",1310,7029,NA,"Point",2056.01,NA,0.0633564255162084,0,0,0,0,"FRNK_7029_1062","FRNK_7031_1064",1.95267524821249,"FRNK_7034_1067",6.91891503295129,"FRNK_7351_1074",8.85918841686954,"FRNK_7031_1064",1.95267524821249,NA,41.93361715,-111.5715277,41.9336297,-111.5715112,NA,44.4711869373309,41.93367911,-111.5715366,NA,-6.12190358322835,41.93368556,-111.5714727,NA,30.9773828175514,41.9336297,-111.5715112,NA,44.4711869373309,0,0,0,0,1,0,0,1
"7","FRNK",7030,"ABLA",18.3,31.4,12.1,0,"0",1,1,1,1,"0","0","0","0",NA,NA,0,0,"0","0","0","0",0,0,0,0,"0","0","0",NA,0,0,0,0,"0","0","0",NA,0,0,0,0,"0","0","0",NA,0,0,0,0,"0","0","0",NA,0,0,0,0,"0","0","0",NA,0,0,0,0,"0","0","0",NA,"Broken Top","Broken Top","Broken Top","Broken Top",1,2,3,4,NA,NA,NA,NA,0,0,0,0,0,"FRNK7030",1312,7030,NA,"Point",2055.805,NA,0.0661901880827408,0,0,0,0,"FRNK_7030_1063","FRNK_7032_1065",3.76710916640774,"FRNK_7034_1067",5.74760291774115,"FRNK_7349_1072",9.29069674303497,"FRNK_7032_1065",3.76710916640774,NA,41.93362997,-111.5715584,41.93365345,-111.5715256,NA,46.2079874825634,41.93367911,-111.5715366,NA,18.3277592898,41.9336971,-111.5714915,NA,36.6542167259193,41.93365345,-111.5715256,NA,46.2079874825634,0,0,0,0,1,0,0,3
"8","FRNK",7031,"ABLA",10.3,62.4,0,10,"0",1,1,1,1,"BO","0","0","BO",NA,NA,0,0,"0","0","11","11",0,0,0,1,"0","0","0",NA,1,0,0,0,"0","0","0",NA,0,0,0,0,"0","0","0",NA,0,0,0,0,"0","0","0",NA,0,0,0,0,"0","0","0",NA,0,0,0,0,"0","0","0",NA,"3DB","3DB","3DB","3DB",1,2,3,4,NA,NA,NA,NA,1,0,0,1,0,"FRNK7031",1311,7031,NA,"Point",2056.736,NA,0.0633379537152614,1,0,0,1,"FRNK_7031_1064","FRNK_7032_1065",2.894635817266,"FRNK_7034_1067",5.8762989327744,"FRNK_7351_1074",6.97531382187938,"FRNK_7032_1065",2.894635817266,NA,41.9336297,-111.5715112,41.93365345,-111.5715256,NA,-24.3577945985515,41.93367911,-111.5715366,NA,-20.9992839184328,41.93368556,-111.5714727,NA,27.2320834012878,41.93365345,-111.5715256,NA,-24.3577945985515,1,0,0,1,1,0,0,3
"9","FRNK",7032,"ABLA",NA,3.1,0,0,"0",1,1,1,1,"BO","0","0","BO",NA,NA,1,1,"0","0","0","0",0,0,0,1,"0","0","0",NA,1,0,0,1,"0","0","0",NA,0,0,0,0,"0","0","0",NA,0,0,0,0,"0","0","0",NA,0,0,0,1,"0","0","0",NA,0,0,0,0,"0","0","0",NA,"Rot in area","Rot in area","Rot in area","Rot in area",1,2,3,4,NA,NA,NA,NA,1,0,0,1,0,"FRNK7032",1313,7032,NA,"Point",2056.719,NA,0.0660504835481739,1,0,0,1,"FRNK_7032_1065","FRNK_7031_1064",2.894635817266,"FRNK_7034_1067",2.99144497251662,"FRNK_7349_1072",5.61078200250935,"FRNK_7033_1066",1.73621980810677,NA,41.93365345,-111.5715256,41.9336297,-111.5715112,NA,155.642195778368,41.93367911,-111.5715366,NA,-17.7495896556509,41.9336971,-111.5714915,NA,30.2561802177273,41.93366824,-111.5715188,NA,18.9477256093412,1,0,0,3,1,0,0,1
"10","FRNK",7033,"ABLA",NA,6.6,0,2,"0",1,1,1,1,"0","0","BO","BO",NA,NA,0,0,"0","0","3","3",0,0,0,1,"0","0","0",NA,0,0,0,1,"0","0","0",NA,0,0,0,0,"0","0","0",NA,0,0,0,1,"0","0","0",NA,0,0,0,1,"0","0","0",NA,0,0,0,0,"0","0","0",NA,"2DB","2DB","2DB","2DB",1,2,3,4,NA,NA,NA,NA,0,0,0,1,1,"FRNK7033",1314,7033,NA,"Point",2054.885,NA,0.0668501336588731,0,0,0,1,"FRNK_7033_1066","FRNK_7032_1065",1.73621980810677,"FRNK_7034_1067",1.90640421577431,"FRNK_7349_1072",3.92307052283038,"FRNK_7032_1065",1.73621980810677,NA,41.93366824,-111.5715188,41.93365345,-111.5715256,NA,-161.052269846425,41.93367911,-111.5715366,NA,-50.7223984288118,41.9336971,-111.5714915,NA,35.2347612397978,41.93365345,-111.5715256,NA,-161.052269846425,0,0,0,4,1,0,0,3
"11","FRNK",7034,"ABLA",NA,6.7,0,0,"0",1,1,1,1,"0","BO","BO","BO",NA,NA,0,0,"0","0","0","0",0,0,0,1,"0","0","0",NA,0,1,0,1,"0","0","0",NA,0,0,0,0,"0","0","0",NA,0,0,0,1,"0","0","0",NA,0,0,0,0,"0","0","0",NA,0,0,0,0,"0","0","0",NA,NA,NA,NA,NA,1,2,3,4,NA,NA,NA,NA,0,1,0,1,1,"FRNK7034",1315,7034,NA,"Point",2056.711,NA,0.0687390300223954,0,1,0,1,"FRNK_7034_1067","FRNK_7037_1069",2.08818254086738,"FRNK_7036_1068",0.184616987093329,"FRNK_7349_1072",4.23913803956352,"FRNK_7036_1068",0.184616987093329,NA,41.93367911,-111.5715366,41.93369791,-111.5715359,NA,1.59255043087018,41.93368046,-111.5715379,NA,-35.7175757148227,41.9336971,-111.5714915,NA,61.8883893962595,41.93368046,-111.5715379,NA,-35.7175757148227,0,1,0,3,1,0,0,0
"12","FRNK",7036,"ABLA",2,12.2,0,2,"0",1,1,1,1,"0","BO","BO","BO",NA,NA,0,1,"0","0","3","3",0,0,0,1,"0","0","0",NA,0,0,0,2,"0","0","0",NA,0,1,0,2,"0","0","0",NA,0,0,0,0,"0","0","0",NA,0,0,0,2,"0","0","0",NA,0,0,0,2,"0","0","0",NA,"2DB","2DB","2DB","2DB",1,2,3,4,NA,NA,NA,NA,0,1,0,1,1,"FRNK7036",1317,7036,NA,"Point",2056.768,NA,0.068922045071644,0,1,0,1,"FRNK_7036_1068","FRNK_7037_1069",1.9445668062694,"FRNK_7034_1067",0.184616987093329,"FRNK_7349_1072",4.2674990857115,"FRNK_7034_1067",0.184616987093329,NA,41.93368046,-111.5715379,41.93369791,-111.5715359,NA,4.89150505851859,41.93367911,-111.5715366,NA,144.282423416426,41.9336971,-111.5714915,NA,64.346016273129,41.93367911,-111.5715366,NA,144.282423416426,0,1,0,9,1,0,0,0
"13","FRNK",7037,"ABLA",NA,2.7,0,0,"0",1,1,1,1,"BO","0","0","0",NA,NA,0,0,"0","0","0","0",0,0,0,0,"0","0","0",NA,1,0,0,0,"0","0","0",NA,0,0,0,0,"0","0","0",NA,0,0,0,0,"0","0","0",NA,0,0,0,0,"0","0","0",NA,0,0,0,0,"0","0","0",NA,NA,NA,NA,NA,1,2,3,4,NA,NA,NA,NA,1,0,0,0,0,"FRNK7037",1318,7037,NA,"Point",2056.511,NA,0.0702369253553099,1,0,0,0,"FRNK_7037_1069","FRNK_7346_1070",1.80385609984065,"FRNK_7346_1070",1.80385609984065,"FRNK_7420_1137",3.32486902184958,"FRNK_7423_1140",1.47943938540415,NA,41.93369791,-111.5715359,41.9337123,-111.5715258,NA,27.6584119355177,41.9337123,-111.5715258,NA,27.6584119355177,41.93372677,-111.5715466,NA,-15.4742387929639,41.93370846,-111.5715468,NA,-37.6489258542982,1,0,0,0,1,2,0,8
"14","FRNK",7346,"ABLA",1.1,7.9,0,0,"0",1,1,1,1,"BO","BO","BO","BO",NA,NA,0,0,"0","0","0","0",0,0,0,2,"0","0","0",NA,1,0,0,2,"2-0","0","0",NA,0,0,0,1,"0","0","0",NA,0,1,0,2,"0","0","0",NA,0,1,0,1,"0","0","0",NA,0,0,0,0,"0","0","0",NA,NA,NA,NA,NA,1,2,3,4,NA,NA,NA,NA,1,1,0,1,0,"FRNK7346",1319,7346,NA,"Point",2055.793,NA,0.0708851788366713,1,1,0,1,"FRNK_7346_1070","FRNK_7037_1069",1.80385609984065,"FRNK_7420_1137",2.35688392071499,"FRNK_7420_1137",2.35688392071499,"FRNK_7347_1071",0.437586008800056,NA,41.9337123,-111.5715258,41.93369791,-111.5715359,NA,-152.341581314952,41.93372677,-111.5715466,NA,-47.0258368313741,41.93372677,-111.5715466,NA,-47.0258368313741,41.93371525,-111.5715223,NA,41.5379577290416,1,2,0,8,1,0,0,0
"15","FRNK",7347,"ABLA",1.6,9.7,2.5,0,"0",1,1,1,1,"0","0","0","BO",NA,NA,0,0,"0","0","0","0",0,0,0,0,"0","0","0",NA,0,0,0,0,"0","0","0",NA,0,0,0,1,"0","0","0",NA,0,0,0,0,"0","0","0",NA,0,0,0,1,"0","0","0",NA,0,0,0,1,"0","0","0",NA,NA,NA,NA,NA,1,2,3,4,NA,NA,NA,NA,0,0,0,1,1,"FRNK7347",NA,7347,NA,"Point",2056.201,NA,0.0709463930228657,0,0,0,1,"FRNK_7347_1071","FRNK_7346_1070",0.437586008800056,"FRNK_7346_1070",0.437586008800056,"FRNK_7420_1137",2.38635382477229,"FRNK_7346_1070",0.437586008800056,NA,41.93371525,-111.5715223,41.9337123,-111.5715258,NA,-138.462039932012,41.9337123,-111.5715258,NA,-138.462039932012,41.93372677,-111.5715466,NA,-57.5885992642051,41.9337123,-111.5715258,NA,-138.462039932012,0,0,0,3,1,2,0,8
"16","FRNK",7349,"ABLA",16.5,70.5,0,0,"0",1,1,1,1,"BO","BR, BO","BR, BO","BR, BO",1,1,1,1,"0","0","0","0",2,2,2,2,"0","0","0","0",2,2,2,2,"4-1","4-1","4–1","4-8",2,2,2,2,"3-6","3-5","3–4","3-5",0,2,2,2,"0","0","0",NA,2,2,2,2,"1-2","1-3","1–2","1-4",2,2,2,2,"1-16","1-18","1–23","1-25","South low obstructed, North low obstructed","South low obstructed, North low obstructed","South low obstructed, North low obstructed","South low obstructed, North low obstructed",1,2,3,4,NA,NA,NA,NA,1,1,1,1,0,"FRNK7349",1321,7349,NA,"Point",2056.503,NA,0.0677617284697957,1,1,1,1,"FRNK_7349_1072","FRNK_7350_1073",0.58784561638901,"FRNK_7350_1073",0.58784561638901,"FRNK_7350_1073",0.58784561638901,"FRNK_7350_1073",0.58784561638901,NA,41.9336971,-111.5714915,41.9336986,-111.5714847,NA,73.5417955584042,41.9336986,-111.5714847,NA,73.5417955584042,41.9336986,-111.5714847,NA,73.5417955584042,41.9336986,-111.5714847,NA,73.5417955584042,10,12,12,12,9,9,12,12
"17","FRNK",7350,"ABLA",NA,6,0,0,"0",1,1,1,1,"BO","BO","BO","BO",1,1,2,2,"0","0","0","0",2,2,2,2,"0","0","0",NA,2,2,2,2,NA,"0","0",NA,0,1,2,2,"0","0","0",NA,2,2,2,2,"0","0","0",NA,2,2,2,2,"0","0","0",NA,1,0,2,2,"0","0","0",NA,NA,NA,NA,NA,1,2,3,4,NA,NA,NA,NA,1,1,1,1,0,"FRNK7350",1322,7350,NA,"Point",2054.428,NA,0.0675318389482628,1,1,1,1,"FRNK_7350_1073","FRNK_7349_1072",0.58784561638901,"FRNK_7349_1072",0.58784561638901,"FRNK_7349_1072",0.58784561638901,"FRNK_7349_1072",0.58784561638901,NA,41.9336986,-111.5714847,41.9336971,-111.5714915,NA,-106.458199897358,41.9336971,-111.5714915,NA,-106.458199897358,41.9336971,-111.5714915,NA,-106.458199897358,41.9336971,-111.5714915,NA,-106.458199897358,9,9,12,12,10,12,12,12
"18","FRNK",7351,"ABLA",1.1,8.2,0,0,"0",1,1,1,1,"BO","BR, BO","BR, BO","BR, BO",NA,NA,1,2,"0","0","0","0",0,0,0,2,"0","0","0","2-2",1,1,2,2,"0","0","0","3-5",0,0,0,2,"0","0","0",NA,0,1,2,2,"0","0","0","1-2",1,1,0,2,"0","0","0","1-8",0,0,0,2,"0","0","0",NA,NA,NA,NA,NA,1,2,3,4,NA,NA,NA,NA,1,1,1,1,0,"FRNK7351",1324,7351,NA,"Point",2057.219,NA,0.065781388846462,1,1,1,1,"FRNK_7351_1074","FRNK_7350_1073",1.75670302473571,"FRNK_7350_1073",1.75670302473571,"FRNK_7350_1073",1.75670302473571,"FRNK_7310_1597",1.10367502421222,NA,41.93368556,-111.5714727,41.9336986,-111.5714847,NA,-34.4945531996815,41.9336986,-111.5714847,NA,-34.4945531996815,41.9336986,-111.5714847,NA,-34.4945531996815,41.9336843773333,-111.571459482167,NA,96.8330768890367,2,3,4,12,9,9,12,12
"19","FRNK",7352,"ABLA",1.5,4,0,0,"0",1,1,1,1,"BO",NA,"0","BO",NA,NA,0,0,"0","0","0","0",0,0,0,0,"0","0","0",NA,0,0,0,0,"0","0","0",NA,0,0,0,0,"0","0","0",NA,0,0,0,0,"0","0","0",NA,0,0,0,0,"0","0","0",NA,1,0,0,1,"0","0","0",NA,"Bent","Bent","Bent","Bent",1,2,3,4,NA,NA,NA,NA,1,0,0,1,0,"FRNK7352",1325,7352,NA,"Point",2056.545,NA,0.0728546938713657,1,0,0,1,"FRNK_7352_1075","FRNK_7417_1134",1.57365535441647,"FRNK_7417_1134",1.57365535441647,"FRNK_7417_1134",1.57365535441647,"FRNK_7353_1076",1.38498646243499,NA,41.93374145,-111.5715158,41.93374014,-111.5715347,NA,-95.3033088970961,41.93374014,-111.5715347,NA,-95.3033088970961,41.93374014,-111.5715347,NA,-95.3033088970961,41.93374005,-111.5714992,NA,96.4441197334956,1,0,0,1,6,7,4,5
"20","FRNK",7353,"ABLA",NA,5.9,0,3,"0",1,1,1,1,"0","0","0","BO",NA,NA,0,0,"0","0","4","4",0,0,0,0,"0","0","0",NA,0,0,0,0,"0","0","0",NA,0,0,0,0,"0","0","0",NA,0,0,0,0,"0","0","0",NA,0,0,0,1,"0","0","0",NA,0,0,0,0,"0","0","0",NA,"3DB","3DB","3DB","3DB",1,2,3,4,NA,NA,NA,NA,0,0,0,1,1,"FRNK7353",1326,7353,NA,"Point",2057.412,NA,0.071883942525688,0,0,0,1,"FRNK_7353_1076","FRNK_7352_1075",1.38498646243499,"FRNK_7417_1134",2.94317189626913,"FRNK_7417_1134",2.94317189626913,"FRNK_7356_1078",1.00574554174532,NA,41.93374005,-111.5714992,41.93374145,-111.5715158,NA,-83.5558691732098,41.93374014,-111.5715347,NA,-89.8054551931511,41.93374014,-111.5715347,NA,-89.8054551931511,41.93374181,-111.5714873,NA,78.7963032830779,0,0,0,1,1,0,0,1
"21","FRNK",7355,"ABLA",2.3,12.7,0,0,"0",1,1,1,1,"0","0","0","0",NA,NA,0,0,"0","0","0","0",0,0,0,0,"0","0","0",NA,0,0,0,0,"0","0","0",NA,0,0,0,0,"0","0","0",NA,0,0,0,0,"0","0","0",NA,0,0,0,0,"0","0","0",NA,0,0,0,0,"0","0","0",NA,NA,NA,NA,NA,1,2,3,4,NA,NA,NA,NA,0,0,0,0,0,"FRNK7355",1329,7355,NA,"Point",2056.822,NA,0.0731794362246262,0,0,0,0,"FRNK_7355_1077","FRNK_7352_1075",1.43502152634801,"FRNK_7360_1081",2.36562352669522,"FRNK_7417_1134",2.7734314836247,"FRNK_7353_1076",1.35524887470507,NA,41.93375149,-111.5715049,41.93374145,-111.5715158,NA,-140.969959340232,41.93377034,-111.5715182,NA,-27.7822328947316,41.93374014,-111.5715347,NA,-117.025176956022,41.93374005,-111.5714992,NA,159.592736560729,0,0,0,0,1,0,0,1
"22","FRNK",7356,"ABLA",2,11.2,2.2,0,"0",1,1,1,1,"0","0","0","BO",NA,NA,0,0,"0","0","0","0",0,0,0,0,"0","0","0",NA,0,0,0,0,"0","0","0",NA,0,0,0,0,"0","0","0",NA,0,0,0,0,"0","0","0",NA,0,0,0,1,"0","0","0",NA,0,0,0,0,"0","0","0",NA,NA,NA,NA,NA,1,2,3,4,NA,NA,NA,NA,0,0,0,1,1,"FRNK7356",1330,7356,NA,"Point",2055.505,NA,0.0714414388809457,0,0,0,1,"FRNK_7356_1078","FRNK_7352_1075",2.36315252846851,"FRNK_7367_1088",2.72374912707568,"FRNK_7417_1134",3.93410561141595,"FRNK_7353_1076",1.00574554174532,NA,41.93374181,-111.5714873,41.93374145,-111.5715158,NA,-90.9691536712091,41.93375181,-111.5714573,NA,65.9433836461636,41.93374014,-111.5715347,NA,-92.7014335679428,41.93374005,-111.5714992,NA,-101.2036887645,0,0,0,1,1,0,0,1
"23","FRNK",7357,"ABLA",1.1,8.2,0,0,"0",1,1,1,1,"0","0","0","0",NA,NA,0,0,"0","0","0","0",0,0,0,0,"0","0","0",NA,0,0,0,0,"0","0","0",NA,0,0,0,0,"0","0","0",NA,0,0,0,0,"0","0","0",NA,0,0,0,0,"0","0","0",NA,0,0,0,0,"0","0","0",NA,NA,NA,NA,NA,1,2,3,4,NA,NA,NA,NA,0,0,0,0,0,"FRNK7357",3847,7357,NA,"Point",2055.997,-16.96,0.0727391121191072,0,0,0,0,"FRNK_7357_1079","FRNK_7352_1075",1.44814325772798,"FRNK_7360_1081",2.79419087255997,"FRNK_7417_1134",2.9322419570705,"FRNK_7353_1076",0.964777648547558,NA,41.93374861,-111.5715012,41.93374145,-111.5715158,NA,-123.296003090503,41.93377034,-111.5715182,NA,-30.2917114743949,41.93374014,-111.5715347,NA,-108.706479413846,41.93374005,-111.5714992,NA,170.103726188894,0,0,0,0,1,0,0,1
"24","FRNK",7354,"ABLA",1.8,8.4,3.2,0,"0",1,1,1,1,"0","0","0","0",NA,NA,0,0,"0","0","0","0",0,0,0,0,"0","0","0",NA,0,0,0,0,"0","0","0",NA,0,0,0,0,"0","0","0",NA,0,0,0,0,"0","0","0",NA,0,0,0,0,"0","0","0",NA,0,0,0,0,"0","0","0",NA,NA,NA,"obstructed","obstructed",1,2,3,4,NA,NA,NA,NA,0,0,0,0,0,"FRNK7354",1327,7354,NA,"Point",2055.245,NA,0.072537297554315,0,0,0,0,"FRNK_7354_1080","FRNK_7352_1075",1.60114200838363,"FRNK_7362_1083",2.86820133428821,"FRNK_7417_1134",3.1211939139891,"FRNK_7353_1076",0.86908906631682,NA,41.93374786,-111.5714985,41.93374145,-111.5715158,NA,-116.391297953709,41.93377301,-111.5714906,NA,13.1999794122142,41.93374014,-111.5715347,NA,-105.939629737894,41.93374005,-111.5714992,NA,-176.171184420328,0,0,0,0,1,0,0,1
"25","FRNK",7360,"ABLA",6.4,41,0,4,"0",1,1,1,1,"0","BO","0","BO",NA,NA,0,0,"0","0","5","5",0,0,0,0,"0","0","0",NA,0,0,0,0,"0","0","0",NA,0,0,0,0,"0","0","0",NA,0,0,0,0,"0","0","0",NA,0,0,0,1,"0","0","0",NA,0,1,0,0,"0","0","0",NA,"4DB","4DB","4DB","4DB",1,2,3,4,NA,NA,NA,NA,0,1,0,1,1,"FRNK7360",1334,7360,NA,"Point",2054.182,NA,0.0755135025577248,0,1,0,1,"FRNK_7360_1081","FRNK_7415_1132",3.06108144779237,"FRNK_7362_1083",2.30732196626306,"FRNK_7417_1134",3.62142543319719,"FRNK_7362_1083",2.30732196626306,NA,41.93377034,-111.5715182,41.93375026,-111.5715435,NA,-136.747050337223,41.93377301,-111.5714906,NA,82.6180474731388,41.93374014,-111.5715347,NA,-157.806441785727,41.93377301,-111.5714906,NA,82.6180474731388,0,1,0,1,2,1,0,1
"26","FRNK",7361,"ABLA",NA,8,NA,0,"0",1,1,1,1,"0","0","0","0",NA,NA,0,0,"0","0","0","0",0,0,0,0,"0","0","0",NA,0,0,0,0,"0","0","0",NA,0,0,0,0,"0","0","0",NA,0,0,0,0,"0","0","0",NA,0,0,0,0,"0","0","0",NA,0,0,0,0,"0","0","0",NA,NA,NA,"low covered in the snow",NA,1,2,3,4,NA,NA,NA,NA,0,0,0,0,0,"FRNK7361",1335,7361,NA,"Point",2054.182,NA,0.0743663200870059,0,0,0,0,"FRNK_7361_1082","FRNK_7367_1088",3.55468490825607,"FRNK_7362_1083",0.193473657193045,"FRNK_7417_1134",5.3491346671521,"FRNK_7362_1083",0.193473657193045,NA,41.93377377,-111.5714885,41.93375181,-111.5714573,NA,133.308065725233,41.93377301,-111.5714906,NA,-115.858409015669,41.93374014,-111.5715347,NA,-134.270701441161,41.93377301,-111.5714906,NA,-115.858409015669,0,0,0,0,1,2,0,0
"27","FRNK",7362,"ABLA",9.7,58,5.1,6,"0",1,1,1,1,"0","BO","BO","BO",NA,NA,0,0,"0","0","7","7",0,2,0,0,"0","0","0",NA,0,0,0,0,"0","0","0",NA,0,0,0,1,"0","0","0",NA,0,0,0,0,"0","0","0",NA,0,0,0,0,"0","0","0",NA,0,0,0,0,"0","0","0",NA,"1DB, Split top","1DB, Split top","1DB, Split top","1DB, Split top",1,2,3,4,NA,NA,NA,NA,0,1,0,1,1,"FRNK7362",1337,7362,NA,"Point",2053.824,NA,0.0743984949971984,0,1,0,1,"FRNK_7362_1083","FRNK_7367_1088",3.62800360721788,"FRNK_7360_1081",2.30732196626306,"FRNK_7417_1134",5.16592671275934,"FRNK_7327_1117",1.18486850003355,NA,41.93377301,-111.5714906,41.93375181,-111.5714573,NA,130.45119252707,41.93377034,-111.5715182,NA,-97.3819340825773,41.93374014,-111.5715347,NA,-134.94848608499,41.93378353,-111.5714882,NA,9.66742541203966,0,2,0,1,1,2,0,0
"28","FRNK",7363,"ABLA",NA,4.6,0,0,"0",1,1,1,1,"0","0","0","0",NA,NA,0,0,"0","0","0","0",0,0,0,0,"0","0","0",NA,0,0,0,0,"0","0","0",NA,0,0,0,0,"0","0","0",NA,0,0,0,0,"0","0","0",NA,0,0,0,0,"0","0","0",NA,0,0,0,0,"0","0","0",NA,NA,NA,NA,NA,1,2,3,4,NA,NA,NA,NA,0,0,0,0,0,"FRNK7363",1338,7363,NA,"Point",2053.576,NA,0.0736368343504067,0,0,0,0,"FRNK_7363_1084","FRNK_7376_1097",2.58556709071317,"FRNK_7362_1083",1.63802294892188,"FRNK_7417_1134",6.53907019136747,"FRNK_7368_1089",1.42123755727331,NA,41.93377487,-111.571471,41.93378773,-111.571445,NA,56.4791577528213,41.93377301,-111.5714906,NA,-97.2429476033496,41.93374014,-111.5715347,NA,-126.135747771184,41.93376854,-111.5714561,NA,119.637798560157,0,0,0,0,1,1,0,NA
"29","FRNK",7364,"ABLA",2.3,12.5,1.7,0,"0",1,1,1,1,"0","0","0","0",NA,NA,0,0,"0","0","0","0",0,0,0,0,"0","0","0",NA,0,0,0,0,"0","0","0",NA,0,0,0,0,"0","0","0",NA,0,0,0,0,"0","0","0",NA,0,0,0,0,"0","0","0",NA,0,0,0,0,"0","0","0",NA,NA,NA,NA,NA,1,2,3,4,NA,NA,NA,NA,0,0,0,0,0,"FRNK7364",1340,7364,NA,"Point",2055.27,NA,0.0713243932609718,0,0,0,0,"FRNK_7364_1085","FRNK_7367_1088",0.76274023830974,"FRNK_7367_1088",0.76274023830974,"FRNK_7417_1134",5.80148490633091,"FRNK_7368_1089",2.04487742310203,NA,41.93375184,-111.5714665,41.93375181,-111.5714573,NA,90.250210793861,41.93375181,-111.5714573,NA,90.250210793861,41.93374014,-111.5715347,NA,-102.939253743195,41.93376854,-111.5714561,NA,24.938712636572,0,0,0,0,1,2,0,0
"30","FRNK",7365,"ABLA",1.7,9.6,2.4,0,"0",1,1,1,1,"0","0","0","0",NA,NA,0,0,"0","0","0","0",0,0,0,0,"0","0","0",NA,0,0,0,0,"0","0","0",NA,0,0,0,0,"0","0","0",NA,0,0,0,0,"0","0","0",NA,0,0,0,0,"0","0","0",NA,0,0,0,0,"0","0","0",NA,NA,NA,NA,NA,1,2,3,4,NA,NA,NA,NA,0,0,0,0,0,"FRNK7365",1341,7365,NA,"Point",2055.021,NA,0.0715953198540384,0,0,0,0,"FRNK_7365_1086","FRNK_7367_1088",1.36262556424395,"FRNK_7367_1088",1.36262556424395,"FRNK_7417_1134",5.19901248556162,"FRNK_7356_1078",1.52067610870387,NA,41.933751,-111.5714737,41.93375181,-111.5714573,NA,86.2156578979717,41.93375181,-111.5714573,NA,86.2156578979717,41.93374014,-111.5715347,NA,-103.410543721505,41.93374181,-111.5714873,NA,-132.144179955533,0,0,0,0,1,2,0,0
"31","FRNK",7366,"ABLA",3,20.3,4.9,2,"0",1,1,1,1,"0","0","0","0",NA,NA,0,0,"0","0","3","3",0,0,0,0,"0","0","0",NA,0,0,0,0,"0","0","0",NA,0,0,0,0,"0","0","0",NA,0,0,0,0,"0","0","0",NA,0,0,0,0,"0","0","0",NA,0,0,0,0,"0","0","0",NA,"1DB","1DB","1DB","1DB",1,2,3,4,NA,NA,NA,NA,0,0,0,0,0,"FRNK7366",1343,7366,NA,"Point",2056.942,NA,0.0712189749796319,0,0,0,0,"FRNK_7366_1087","FRNK_7367_1088",1.53796498680842,"FRNK_7367_1088",1.53796498680842,"FRNK_7417_1134",5.04791734362605,"FRNK_7356_1078",1.1866198801498,NA,41.93374644,-111.5714744,41.93375181,-111.5714573,NA,67.1899267996746,41.93375181,-111.5714573,NA,67.1899267996746,41.93374014,-111.5715347,NA,-97.9651221736876,41.93374181,-111.5714873,NA,-115.672314115319,0,0,0,0,1,2,0,0
"32","FRNK",7367,"ABLA",1.6,8.6,2,0,"0",1,1,1,1,"BO","BR, BO","0","0",NA,NA,0,0,"0","0","0","0",0,0,0,0,"0","0","0",NA,0,0,0,0,"0","0","0",NA,0,1,0,0,"0","0","0",NA,0,0,0,0,"0","0","0",NA,1,0,0,0,"0","0","0",NA,0,1,0,0,"0","0","0",NA,NA,NA,NA,NA,1,2,3,4,NA,NA,NA,NA,1,1,0,0,0,"FRNK7367",1345,7367,NA,"Point",2053.212,NA,0.0708835033257472,1,1,0,0,"FRNK_7367_1088","FRNK_7376_1097",4.11652440463881,"FRNK_7371_1092",2.26070347681862,"FRNK_7350_1073",6.3296135772903,"FRNK_7368_1089",1.86020481432881,NA,41.93375181,-111.5714573,41.93378773,-111.571445,NA,14.3425599619937,41.93376414,-111.5714356,NA,52.7303287378686,41.9336986,-111.5714847,NA,-158.968106391652,41.93376854,-111.5714561,NA,3.06573733475369,1,2,0,0,1,1,0,NA
"33","FRNK",7368,"ABLA",1.1,10,1.9,0,"0",1,1,1,1,"0","0","BO","BO",NA,NA,0,0,"0","0","0","0",0,0,0,0,"0","0","0",NA,0,0,0,1,"0","0","0",NA,0,0,0,0,"0","0","0",NA,0,0,0,0,"0","0","0",NA,0,0,0,1,"0","0","0",NA,0,0,0,0,"0","0","0",NA,NA,NA,NA,NA,1,2,3,4,NA,NA,NA,NA,0,0,0,1,1,"FRNK7368",1349,7368,NA,"Point",2053.417,NA,0.0723614603045598,0,0,0,1,"FRNK_7368_1089","FRNK_7367_1088",1.86020481432881,"FRNK_7371_1092",1.76838807775455,"FRNK_7417_1134",7.23923203653483,"FRNK_7371_1092",1.76838807775455,NA,41.93376854,-111.5714561,41.93375181,-111.5714573,NA,-176.934261863321,41.93376414,-111.5714356,NA,106.037106170371,41.93374014,-111.5715347,NA,-115.822227040968,41.93376414,-111.5714356,NA,106.037106170371,0,0,0,2,1,2,0,0
"34","FRNK",7369,"ABLA",NA,3.4,NA,0,"0",1,1,1,1,"0","0","0","0",NA,NA,0,0,"0","0","0","0",0,0,0,0,"0","0","0",NA,0,0,0,0,"0","0","0",NA,0,0,0,0,"0","0","0",NA,0,0,0,0,"0","0","0",NA,0,0,0,0,"0","0","0",NA,0,0,0,0,"0","0","0",NA,NA,NA,NA,NA,1,2,3,4,NA,NA,NA,NA,0,0,0,0,0,"FRNK7369",1346,7369,NA,"Point",2051.602,NA,0.0710447920668646,0,0,0,0,"FRNK_7369_1090","FRNK_7367_1088",0.184561489962627,"FRNK_7367_1088",0.184561489962627,"FRNK_7350_1073",6.34842142682972,"FRNK_7368_1089",1.79619057967131,NA,41.93375254,-111.5714593,41.93375181,-111.5714573,NA,116.050415227448,41.93375181,-111.5714573,NA,116.050415227448,41.9336986,-111.5714847,NA,-160.627658787117,41.93376854,-111.5714561,NA,8.49369402906587,0,0,0,0,1,2,0,0
"35","FRNK",7370,"ABLA",3.8,23.3,1.2,0,"0",1,1,1,1,"0","0","0","0",NA,NA,0,0,"0","0","0","0",0,0,0,0,"0","0","0",NA,0,0,0,0,"0","0","0",NA,0,0,0,0,"0","0","0",NA,0,0,0,0,"0","0","0",NA,0,0,0,0,"0","0","0",NA,0,0,0,0,"0","0","0",NA,NA,NA,NA,NA,1,2,3,4,NA,NA,NA,NA,0,0,0,0,0,"FRNK7370",1347,7370,NA,"Point",2051.798,NA,0.0715705574262692,0,0,0,0,"FRNK_7370_1091","FRNK_7367_1088",2.23918142334762,"FRNK_7371_1092",0.569719613068504,"FRNK_7417_1134",8.37847239106644,"FRNK_7371_1092",0.569719613068504,NA,41.93376766,-111.5714406,41.93375181,-111.5714573,NA,-141.806591481122,41.93376414,-111.5714356,NA,133.314326144189,41.93374014,-111.5715347,NA,-111.388606922233,41.93376414,-111.5714356,NA,133.314326144189,0,0,0,0,1,2,0,0
"36","FRNK",7371,"ABLA",5.2,37.8,5.1,0,"0",1,1,1,1,"0","BO","BO","BO",NA,NA,0,0,"0","0","0","0",0,0,0,1,"0","0","0",NA,0,0,0,1,"0","0","0",NA,0,1,0,1,"0","0","0",NA,0,0,0,1,"0","0","0",NA,0,1,0,1,"0","0","0",NA,0,1,0,0,"0","0","0",NA,NA,NA,NA,NA,1,2,3,4,NA,NA,NA,NA,0,1,0,1,1,"FRNK7371",1348,7371,NA,"Point",2054.486,NA,0.0710167218233921,0,1,0,1,"FRNK_7371_1092","FRNK_7367_1088",2.26070347681862,"FRNK_7367_1088",2.26070347681862,"FRNK_7350_1073",8.33812669996562,"FRNK_7368_1089",1.76838807775455,NA,41.93376414,-111.5714356,41.93375181,-111.5714573,NA,-127.269656760651,41.93375181,-111.5714573,NA,-127.269656760651,41.9336986,-111.5714847,NA,-150.777638183114,41.93376854,-111.5714561,NA,-73.9628801300713,0,3,0,5,1,2,0,0
"37","FRNK",7372,"ABLA",1.5,5.7,2.4,1,"0",1,1,1,1,"0","0","0","0",NA,NA,0,0,"0","0","2","2",0,0,0,0,"0","0","0",NA,0,0,0,0,"0","0","0",NA,0,0,0,0,"0","0","0",NA,0,0,0,0,"0","0","0",NA,0,0,0,0,"0","0","0",NA,0,0,0,0,"0","0","0",NA,"1DB","1DB","1DB","1DB, dead top",1,2,3,4,NA,NA,NA,NA,0,0,0,0,0,"FRNK7372",1350,7372,NA,"Point",2053.138,NA,0.0731845179002438,0,0,0,0,"FRNK_7372_1093","FRNK_7376_1097",0.583582974568381,"FRNK_7376_1097",0.583582974568381,"FRNK_7417_1134",8.75011648529935,"FRNK_7368_1089",1.77366411199233,NA,41.9337825,-111.5714457,41.93378773,-111.571445,NA,5.7071715451497,41.93378773,-111.571445,NA,5.7071715451497,41.93374014,-111.5715347,NA,-122.514129677686,41.93376854,-111.5714561,NA,-150.913898521865,0,0,0,0,1,1,0,NA
"38","FRNK",7373,"ABLA",NA,3.5,NA,0,"0",1,1,1,1,"0","0","0","0",NA,NA,0,0,"0","0","0","0",0,0,0,0,"0","0",NA,NA,0,0,0,0,"0","0",NA,NA,0,0,0,0,"0","0",NA,NA,0,0,0,0,"0","0",NA,NA,0,0,0,0,"0","0",NA,NA,0,0,0,0,"0","0",NA,NA,NA,NA,"under snow",NA,1,2,3,4,NA,NA,NA,NA,0,0,0,0,0,"FRNK7373",1351,7373,NA,"Point",2050.891,NA,0.0728839797886136,0,0,0,0,"FRNK_7373_1094","FRNK_7376_1097",0.777117272549339,"FRNK_7376_1097",0.777117272549339,"FRNK_7417_1134",9.28086457867029,"FRNK_7371_1092",2.08038227569069,NA,41.93378276,-111.5714384,41.93378773,-111.571445,NA,-44.7578579697604,41.93378773,-111.571445,NA,-44.7578579697604,41.93374014,-111.5715347,NA,-120.655794005286,41.93376414,-111.5714356,NA,173.593401761306,0,0,0,0,1,1,0,NA
"39","FRNK",7374,"ABLA",1.8,11.7,2.7,2,"0",1,1,1,1,"0","0","0","0",NA,NA,0,0,"0","0","2","2",0,0,0,0,NA,"0","0",NA,0,0,0,0,NA,"0","0",NA,0,0,0,0,NA,"0","0",NA,0,0,0,0,NA,"0","0",NA,0,0,0,0,NA,"0","0",NA,0,0,0,0,NA,"0","0",NA,NA,NA,"low under snow",NA,1,2,3,4,NA,NA,NA,NA,0,0,0,0,0,"FRNK7374",1352,7374,NA,"Point",2053.1,NA,0.074442901777803,0,0,0,0,"FRNK_7374_1095","FRNK_7376_1097",0.800701512730194,"FRNK_7376_1097",0.800701512730194,"FRNK_7417_1134",9.24454444517478,"FRNK_7368_1089",2.87947915982383,NA,41.93379403,-111.5714497,41.93378773,-111.571445,NA,150.879740253987,41.93378773,-111.571445,NA,150.879740253987,41.93374014,-111.5715347,NA,-130.333819906496,41.93376854,-111.5714561,NA,-169.381524769256,0,0,0,0,1,1,0,NA
"40","FRNK",7375,"ABLA",NA,2.9,NA,1,"0",1,1,1,1,"0","0","0","0",NA,NA,0,0,"0","0","1","1",0,0,0,0,"0","0",NA,NA,0,0,0,0,"0","0",NA,NA,0,0,0,0,"0","0",NA,NA,0,0,0,0,"0","0",NA,NA,0,0,0,0,"0","0",NA,NA,0,0,0,0,"0","0",NA,NA,NA,NA,"under snow",NA,1,2,3,4,NA,NA,NA,NA,0,0,0,0,0,"FRNK7375",1353,7375,NA,"Point",2053.589,NA,0.0742076202085057,0,0,0,0,"FRNK_7375_1096","FRNK_7376_1097",0.873969132909886,"FRNK_7376_1097",0.873969132909886,"FRNK_7417_1134",9.83532776528095,"FRNK_7368_1089",3.19175784468694,NA,41.93379523,-111.5714418,41.93378773,-111.571445,NA,-162.328710265213,41.93378773,-111.571445,NA,-162.328710265213,41.93374014,-111.5715347,NA,-128.455635132239,41.93376854,-111.5714561,NA,-158.195440748756,0,0,0,0,1,1,0,NA
"41","FRNK",7376,"ABLA",2.5,18.6,2.8,4,"0",1,1,1,NA,"BO","BO","0",NA,NA,NA,0,NA,"0","0","4",NA,0,0,0,NA,"0","0","0",NA,0,0,0,NA,"0","0","0",NA,1,1,0,NA,"0","0","0",NA,0,0,0,NA,"0","0","0",NA,0,0,0,NA,"0","0","0",NA,0,0,0,NA,"0","0","0",NA,"4DB","4DB","4DB, low under snow",NA,1,2,3,NA,NA,NA,NA,NA,1,1,0,NA,0,"FRNK7376",1354,7376,NA,"Point",2053.868,NA,0.07364315195245,1,1,0,NA,"FRNK_7376_1097","FRNK_7367_1088",4.11652440463881,"FRNK_7371_1092",2.73269194539664,"FRNK_7417_1134",9.12270769872861,"FRNK_7368_1089",2.32091682914051,NA,41.93378773,-111.571445,41.93375181,-111.5714573,NA,-165.657431818271,41.93376414,-111.5714356,NA,163.430284978428,41.93374014,-111.5715347,NA,-125.394847817113,41.93376854,-111.5714561,NA,-156.640169181212,1,1,0,NA,1,2,0,0
"42","FRNK",7377,"ABLA",1.3,8.9,2.2,3,"0",1,1,1,1,"0","0","0","0",NA,NA,0,0,"0","0","3","3",0,0,0,0,NA,NA,"0",NA,0,0,0,0,NA,NA,"0",NA,0,0,0,0,NA,NA,"0",NA,0,0,0,0,NA,NA,"0",NA,0,0,0,0,NA,NA,"0",NA,0,0,0,0,"0","0","0",NA,"2 DB","2 DB","2 DB, low under snow","2 DB",1,2,3,4,NA,NA,NA,NA,0,0,0,0,0,"FRNK7377",1355,7377,NA,"Point",2053.216,NA,0.0742608959863385,0,0,0,0,"FRNK_7377_1098","FRNK_7376_1097",0.634379375059329,"FRNK_7376_1097",0.634379375059329,"FRNK_7417_1134",9.32092650709657,"FRNK_7368_1089",2.82180480360406,NA,41.93379313,-111.5714475,41.93378773,-111.571445,NA,160.930201335299,41.93378773,-111.571445,NA,160.930201335299,41.93374014,-111.5715347,NA,-129.13982906466,41.93376854,-111.5714561,NA,-165.364352592943,0,0,0,0,1,1,0,NA
"43","FRNK",7378,"ABLA",1.1,8.5,1.4,2,"0",1,1,1,1,"0","0","0","0",NA,NA,0,0,"0","0","2","2",0,0,0,0,NA,"0","0",NA,0,0,0,0,NA,"0","0",NA,0,0,0,0,NA,"0","0",NA,0,0,0,0,NA,"0","0",NA,0,0,0,0,NA,"0","0",NA,0,0,0,0,"0","0","0",NA,"2 DB","2 DB","2 DB","2 DB",1,2,3,4,NA,NA,NA,NA,0,0,0,0,0,"FRNK7378",1356,7378,NA,"Point",2053.182,NA,0.0749317488352166,0,0,0,0,"FRNK_7378_1099","FRNK_7376_1097",1.31491001391162,"FRNK_7376_1097",1.31491001391162,"FRNK_7417_1134",9.54192605621621,"FRNK_7368_1089",3.39168840219833,NA,41.93379881,-111.5714506,41.93378773,-111.571445,NA,159.324016765951,41.93378773,-111.571445,NA,159.324016765951,41.93374014,-111.5715347,NA,-133.054097872325,41.93376854,-111.5714561,NA,-172.27371054597,0,0,0,0,1,1,0,NA
"44","FRNK",7379,"ABLA",NA,5.4,NA,0,"0",1,1,1,1,"0","0","0","0",NA,NA,0,0,"0","0","0","0",0,0,0,0,NA,"0","0",NA,0,0,0,0,NA,"0","0",NA,0,0,0,0,NA,"0","0",NA,0,0,0,0,NA,"0","0",NA,0,0,0,0,NA,"0","0",NA,0,0,0,0,"0","0","0",NA,NA,NA,"low under snow",NA,1,2,3,4,NA,NA,NA,NA,0,0,0,0,0,"FRNK7379",1357,7379,NA,"Point",2052.699,NA,0.074248171022805,0,0,0,0,"FRNK_7379_1100","FRNK_7376_1097",1.30668835866772,"FRNK_7376_1097",1.30668835866772,"FRNK_7417_1134",10.3292662858334,"FRNK_7368_1089",3.62111143078538,NA,41.93379787,-111.571437,41.93378773,-111.571445,NA,-149.497393773374,41.93378773,-111.571445,NA,-149.497393773374,41.93374014,-111.5715347,NA,-128.356082105954,41.93376854,-111.5714561,NA,-154.068482622167,0,0,0,0,1,1,0,NA
"45","FRNK",7380,"ABLA",NA,7.8,NA,1,"0",1,1,1,1,"0","0","0","0",NA,NA,0,0,"0","0","1","1",0,0,0,0,NA,"0","0",NA,0,0,0,0,NA,"0","0",NA,0,0,0,0,NA,"0","0",NA,0,0,0,0,NA,"0","0",NA,0,0,0,0,NA,"0","0",NA,0,0,0,0,"0","0","0",NA,NA,NA,NA,NA,1,2,3,4,NA,NA,NA,NA,0,0,0,0,0,"FRNK7380",1358,7380,NA,"Point",2053.214,NA,0.0764474017692281,0,0,0,0,"FRNK_7380_1101","FRNK_7376_1097",2.93329312507413,"FRNK_7376_1097",2.93329312507413,"FRNK_7417_1134",10.5148863779649,"FRNK_7386_1106",3.34819752862266,NA,41.93381326,-111.5714541,41.93378773,-111.571445,NA,165.096036052425,41.93378773,-111.571445,NA,165.096036052425,41.93374014,-111.5715347,NA,-140.542957074453,41.93383043,-111.5714873,NA,-55.2930000752522,0,0,0,0,1,1,0,NA
"46","FRNK",7381,"ABLA",NA,6.7,NA,2,"0",1,1,1,1,"0","0","0","0",NA,NA,0,0,"0","0","2","2",0,0,0,0,"0","0","0",NA,0,0,0,0,"0","0","0",NA,0,0,0,0,"0","0","0",NA,0,0,0,0,"0","0","0",NA,0,0,0,0,"0","0","0",NA,0,0,0,0,"0","0","0",NA,"WOB","WOB","WOB","WOB",1,2,3,4,NA,NA,NA,NA,0,0,0,0,0,"FRNK7381",1359,7381,NA,"Point",2051.783,NA,0.0772181425363981,0,0,0,0,"FRNK_7381_1102","FRNK_7376_1097",4.00378585899802,"FRNK_7376_1097",4.00378585899802,"FRNK_7417_1134",11.677211542174,"FRNK_7386_1106",3.25497832465806,NA,41.93382366,-111.5714491,41.93378773,-111.571445,NA,175.129840486063,41.93378773,-111.571445,NA,175.129840486063,41.93374014,-111.5715347,NA,-142.573572889005,41.93383043,-111.5714873,NA,-76.6480609133835,0,0,0,0,1,1,0,NA
"47","FRNK",7382,"ABLA",1.4,9.3,1,0,"0",1,1,1,1,"0","0","0","0",NA,NA,0,0,"0","0","0","0",0,0,0,0,"0","0","0",NA,0,0,0,0,"0","0","0",NA,0,0,0,0,"0","0","0",NA,0,0,0,0,"0","0","0",NA,0,0,0,0,"0","0","0",NA,0,0,0,0,"0","0","0",NA,NA,NA,NA,NA,1,2,3,4,NA,NA,NA,NA,0,0,0,0,0,"FRNK7382",1360,7382,NA,"Point",2052.438,NA,0.0789007860594556,0,0,0,0,"FRNK_7382_1103","FRNK_7376_1097",5.29981217042898,"FRNK_7396_1115",3.83608228198162,"FRNK_7417_1134",11.3700114529573,"FRNK_7386_1106",1.29546587412509,NA,41.9338311,-111.5714717,41.93378773,-111.571445,NA,155.312309910211,41.93380247,-111.5714976,NA,-145.961302976082,41.93374014,-111.5715347,NA,-152.653415732779,41.93383043,-111.5714873,NA,-93.29194500048,0,0,0,0,1,1,0,NA
"48","FRNK",7384,"ABLA",1.5,10.6,1.9,0,"0",1,1,1,1,"0","0","0","0",NA,NA,0,0,"0","0","0","0",0,0,0,0,"0","0","0",NA,0,0,0,0,"0","0","0",NA,0,0,0,0,"0","0","0",NA,0,0,0,0,NA,NA,"0",NA,0,0,0,0,"0","0","0",NA,0,0,0,0,"0","0","0",NA,NA,NA,NA,NA,1,2,3,4,NA,NA,NA,NA,0,0,0,0,0,"FRNK7384",1362,7384,NA,"Point",2052.856,NA,0.0773899723287417,0,0,0,0,"FRNK_7384_1104","FRNK_7376_1097",3.76503838360019,"FRNK_7396_1115",2.41252968844626,"FRNK_7417_1134",9.68577990145401,"FRNK_7389_1108",1.9050794765121,NA,41.93381431,-111.5714732,41.93378773,-111.571445,NA,141.613672868649,41.93380247,-111.5714976,NA,-123.01825607376,41.93374014,-111.5715347,NA,-148.236692915001,41.93382235,-111.5714935,NA,-62.0576900690209,0,0,0,0,1,1,0,NA
"49","FRNK",7385,"ABLA",NA,7.5,NA,4,"0",1,1,1,1,"0","0","0","0",NA,NA,0,0,"0","0","4","4",0,0,0,0,NA,"0","0",NA,0,0,0,0,NA,"0","0",NA,0,0,0,0,NA,"0","0",NA,0,0,0,0,NA,"0","0",NA,0,0,0,0,NA,"0","0",NA,0,0,0,0,NA,"0","0",NA,"2 DB","2 DB","3 DB","3 DB",1,2,3,4,NA,NA,NA,NA,0,0,0,0,0,"FRNK7385",1363,7385,NA,"Point",2052.804,NA,0.0766884648406647,0,0,0,0,"FRNK_7385_1105","FRNK_7376_1097",3.09753142074325,"FRNK_7396_1115",2.32261012897952,"FRNK_7417_1134",9.22465692092762,"FRNK_7389_1108",2.47494774052408,NA,41.93380805,-111.5714706,41.93378773,-111.571445,NA,136.74973716287,41.93380247,-111.5714976,NA,-105.470819543567,41.93374014,-111.5715347,NA,-144.823790310248,41.93382235,-111.5714935,NA,-50.0944456925475,0,0,0,0,1,1,0,NA
"50","FRNK",7386,"ABLA",3.1,3.9,0,5,"0",1,1,1,1,"0","0","0","BO",NA,NA,0,0,"0","0","5","5",0,0,0,0,"0","0","0",NA,0,0,0,1,"0","0","0",NA,0,0,0,0,"0","0","0",NA,0,0,0,0,"0","0","0",NA,0,0,0,0,"0","0","0",NA,0,0,0,0,"0","0","0",NA,"Cut, WOB, 1DB","Cut, WOB, 1DB","Cut, WOB, 1DB","Cut, WOB, 1DB",1,2,3,4,NA,NA,NA,NA,0,0,0,1,1,"FRNK7386",1364,7386,NA,"Point",2052.438,NA,0.0795284702375192,0,0,0,1,"FRNK_7386_1106","FRNK_7376_1097",5.89708227630054,"FRNK_7396_1115",3.21971992423075,"FRNK_7417_1134",10.7676614115511,"FRNK_7389_1108",1.03394843590054,NA,41.93383043,-111.5714873,41.93378773,-111.571445,NA,143.509757586709,41.93380247,-111.5714976,NA,-164.620075751241,41.93374014,-111.5715347,NA,-158.595062319106,41.93382235,-111.5714935,NA,-150.189163872382,0,0,0,1,1,1,0,NA
"51","FRNK",7387,"ABLA",NA,6.6,NA,1,"0",1,1,1,1,"0","0","0","0",NA,NA,0,0,"0","0","1","1",0,0,0,0,"0","0","0",NA,0,0,0,0,"0","0","0",NA,0,0,0,0,"0","0","0",NA,0,0,0,0,"0","0","0",NA,0,0,0,0,"0","0","0",NA,0,0,0,0,"0","0","0",NA,"WOB","WOB","WOB","WOB",1,2,3,4,NA,NA,NA,NA,0,0,0,0,0,"FRNK7387",1365,7387,NA,"Point",2052.623,NA,0.0803115948327883,0,0,0,0,"FRNK_7387_1107","FRNK_7376_1097",6.86535524829157,"FRNK_7396_1115",3.12758716175647,"FRNK_7417_1134",10.2719018284203,"FRNK_7389_1108",1.30401621303303,NA,41.93383003,-111.5715054,41.93378773,-111.571445,NA,133.164921765455,41.93380247,-111.5714976,NA,168.067368995437,41.93374014,-111.5715347,NA,-166.320891765592,41.93382235,-111.5714935,NA,130.837399797201,0,0,0,0,1,1,0,NA
"52","FRNK",7389,"ABLA",2.3,12.1,0,2,"0",1,1,1,1,"0","0","0","BO",NA,NA,0,0,"0","0","2","2",0,0,0,1,"0","0","0",NA,0,0,0,0,"0","0","0",NA,0,0,0,0,"0","0","0",NA,0,0,0,0,"0","0","0",NA,0,0,0,1,"0","0","0",NA,0,0,0,0,"0","0","0",NA,"WOB, 1DB","WOB, 1DB","WOB, 1DB","WOB, 1DB",1,2,3,4,NA,NA,NA,NA,0,0,0,1,1,"FRNK7389",1367,7389,NA,"Point",2052.492,NA,0.079055832919644,0,0,0,1,"FRNK_7389_1108","FRNK_7376_1097",5.56266694125652,"FRNK_7396_1115",2.23330833247818,"FRNK_7417_1134",9.74599250764533,"FRNK_7386_1106",1.03394843590054,NA,41.93382235,-111.5714935,41.93378773,-111.571445,NA,133.710412230538,41.93380247,-111.5714976,NA,-171.245459792552,41.93374014,-111.5715347,NA,-159.483684819013,41.93383043,-111.5714873,NA,29.8108319843324,0,0,0,2,1,1,0,NA
"53","FRNK",7390,"ABLA",1.4,10.4,2.4,1,"0",1,1,1,1,"0","0","0","0",NA,NA,0,0,"0","0","1","1",0,0,0,0,"0","0","0",NA,0,0,0,0,"0","0","0",NA,0,0,0,0,"0","0","0",NA,0,0,0,0,"0","0","0",NA,0,0,0,0,"0","0","0",NA,0,0,0,0,"0","0","0",NA,NA,NA,NA,NA,1,2,3,4,NA,NA,NA,NA,0,0,0,0,0,"FRNK7390",1368,7390,NA,"Point",2052.149,NA,0.0782431241581017,0,0,0,0,"FRNK_7390_1109","FRNK_7376_1097",4.7925808254514,"FRNK_7396_1115",1.66005278940094,"FRNK_7417_1134",9.23240163747982,"FRNK_7389_1108",0.815291180970853,NA,41.9338159,-111.5714888,41.93378773,-111.571445,NA,130.739399977072,41.93380247,-111.5714976,NA,-153.928904589796,41.93374014,-111.5715347,NA,-155.65839478255,41.93382235,-111.5714935,NA,-28.5506554728452,0,0,0,0,1,1,0,NA
"54","FRNK",7391,"ABLA",2.2,13.5,1.7,0,"0",1,1,1,1,"0","0","0","0",NA,NA,0,0,"0","0","0","0",0,0,0,0,"0","0","0",NA,0,0,0,0,"0","0","0",NA,0,0,0,0,"0","0","0",NA,0,0,0,0,"0","0","0",NA,0,0,0,0,"0","0","0",NA,0,0,0,0,"0","0","0",NA,NA,NA,NA,NA,1,2,3,4,NA,NA,NA,NA,0,0,0,0,0,"FRNK7391",1369,7391,NA,"Point",2053.783,NA,0.0767593407579031,0,0,0,0,"FRNK_7391_1110","FRNK_7376_1097",3.90128087170835,"FRNK_7396_1115",0.759255161161647,"FRNK_7417_1134",7.59754055207877,"FRNK_7327_1117",1.78437369250166,NA,41.93379958,-111.5714893,41.93378773,-111.571445,NA,109.709497468256,41.93380247,-111.5714976,NA,-64.9997103381496,41.93374014,-111.5715347,NA,-150.302997339783,41.93378353,-111.5714882,NA,177.070434405601,0,0,0,0,1,1,0,NA
"55","FRNK",7392,"ABLA",1.4,5.3,0,0,"0",1,1,1,1,"0","0","0","0",NA,NA,0,0,"0","0","0","0",0,0,0,0,"0","0","0",NA,0,0,0,0,"0","0","0",NA,0,0,0,0,"0","0","0",NA,0,0,0,0,"0","0","0",NA,0,0,0,0,"0","0","0",NA,0,0,0,0,"0","0","0",NA,"Bent","Bent","Bent","Bent",1,2,3,4,NA,NA,NA,NA,0,0,0,0,0,"FRNK7392",1370,7392,NA,"Point",2051.514,NA,0.0775326299668136,0,0,0,0,"FRNK_7392_1111","FRNK_7376_1097",4.44399354379488,"FRNK_7396_1115",0.614979684843761,"FRNK_7417_1134",8.15199016445393,"FRNK_7389_1108",1.7710675649564,NA,41.93380642,-111.5714924,41.93378773,-111.571445,NA,117.837060666261,41.93380247,-111.5714976,NA,-135.491556104243,41.93374014,-111.5715347,NA,-154.520307132624,41.93382235,-111.5714935,NA,-2.95159324835217,0,0,0,0,1,1,0,NA
"56","FRNK",7393,"ABLA",1.6,9.3,0,0,"0",1,1,1,1,"0","0","0","0",NA,NA,0,0,"0","0","0","0",0,0,0,0,NA,NA,"0",NA,0,0,0,0,"0","0","0",NA,0,0,0,0,"0","0","0",NA,0,0,0,0,NA,NA,"0",NA,0,0,0,0,"0","0","0",NA,0,0,0,0,"0","0","0",NA,NA,NA,NA,NA,1,2,3,4,NA,NA,NA,NA,0,0,0,0,0,"FRNK7393",1371,7393,NA,"Point",2051.851,NA,0.0774994324500731,0,0,0,0,"FRNK_7393_1112","FRNK_7376_1097",3.99223862893838,"FRNK_7396_1115",1.74644395890699,"FRNK_7417_1134",9.13531352265503,"FRNK_7389_1108",1.57565300231774,NA,41.93381186,-111.5714807,41.93378773,-111.571445,NA,132.15158101319,41.93380247,-111.5714976,NA,-126.653315234257,41.93374014,-111.5715347,NA,-150.655043174407,41.93382235,-111.5714935,NA,-42.3372939647278,0,0,0,0,1,1,0,NA
"57","FRNK",7394,"ABLA",1.1,8.9,0,0,"0",1,1,1,1,"0","0","0","0",NA,NA,0,0,"0","0","0","0",0,0,0,0,NA,"0","0",NA,0,0,0,0,"0","0","0",NA,0,0,0,0,"0","0","0",NA,0,0,0,0,NA,"0","0",NA,0,0,0,0,"0","0","0",NA,0,0,0,0,"0","0","0",NA,NA,NA,NA,NA,1,2,3,4,NA,NA,NA,NA,0,0,0,0,0,"FRNK7394",1372,7394,NA,"Point",2052.228,NA,0.0773983685166342,0,0,0,0,"FRNK_7394_1113","FRNK_7376_1097",4.00041734714128,"FRNK_7396_1115",1.3894985851807,"FRNK_7417_1134",8.77486501797581,"FRNK_7389_1108",1.66043841925771,NA,41.93380935,-111.5714836,41.93378773,-111.571445,NA,126.874037755266,41.93380247,-111.5714976,NA,-123.350547012403,41.93374014,-111.5715347,NA,-151.131713314147,41.93382235,-111.5714935,NA,-29.6240540182822,0,0,0,0,1,1,0,NA
"58","FRNK",7395,"ABLA",2.5,12.6,0,2,"0",1,1,1,1,"0","0","0","0",NA,NA,0,0,"0","0","2","2",0,0,0,0,"0","0","0",NA,0,0,0,0,"0","0","0",NA,0,0,0,0,"0","0","0",NA,0,0,0,0,"0","0","0",NA,0,0,0,0,"0","0","0",NA,0,0,0,0,"0","0","0",NA,NA,NA,NA,NA,1,2,3,4,NA,NA,NA,NA,0,0,0,0,0,"FRNK7395",1373,7395,NA,"Point",2052.062,NA,0.0759027440027312,0,0,0,0,"FRNK_7395_1114","FRNK_7376_1097",4.36551990097062,"FRNK_7362_1083",1.54540097046405,"FRNK_7417_1134",5.94020118388989,"FRNK_7327_1117",0.82289700104988,NA,41.93378591,-111.5714976,41.93378773,-111.571445,NA,87.3468672966259,41.93377301,-111.5714906,NA,157.943098849284,41.93374014,-111.5715347,NA,-148.815565639175,41.93378353,-111.5714882,NA,108.730979132954,0,0,0,0,1,1,0,NA
"59","FRNK",7396,"ABLA",2.2,12.5,3,1,"0",1,1,NA,NA,"0","BR, BO",NA,NA,NA,NA,NA,NA,"0","0",NA,NA,0,0,NA,NA,"0","0",NA,NA,0,2,NA,NA,"0","0",NA,NA,0,0,NA,NA,"0","0",NA,NA,0,0,NA,NA,"0","0",NA,NA,0,0,NA,NA,"0","0",NA,NA,0,1,NA,NA,"0","0",NA,NA,"WOB","WOB",NA,NA,1,2,NA,NA,NA,NA,NA,NA,0,1,NA,NA,1,"FRNK7396",1374,7396,NA,"Point",2054.564,NA,0.0774123681676855,0,1,NA,NA,"FRNK_7396_1115","FRNK_7376_1097",4.65782744531407,"FRNK_7362_1083",3.32204615126643,"FRNK_7417_1134",7.57327079863774,"FRNK_7389_1108",2.23330833247818,NA,41.93380247,-111.5714976,41.93378773,-111.571445,NA,110.570731608841,41.93377301,-111.5714906,NA,169.939173590952,41.93374014,-111.5715347,NA,-156.037448246686,41.93382235,-111.5714935,NA,8.7545374675337,0,3,NA,NA,1,1,0,NA
"60","FRNK",7397,"ABLA",NA,5.9,NA,0,"0",1,1,1,1,"0","0","0","0",NA,NA,0,0,"0","0","0","0",0,0,0,0,"0","0","0",NA,0,0,0,0,"0","0","0",NA,0,0,0,0,"0","0","0",NA,0,0,0,0,"0","0","0",NA,0,0,0,0,"0","0","0",NA,0,0,0,0,"0","0","0",NA,NA,NA,NA,NA,1,2,3,4,NA,NA,NA,NA,0,0,0,0,0,"FRNK7397",1375,7397,NA,"Point",2053.547,NA,0.076651369161485,0,0,0,0,"FRNK_7397_1116","FRNK_7376_1097",4.46228251200058,"FRNK_7396_1115",0.960593532106708,"FRNK_7417_1134",6.68530906149782,"FRNK_7327_1117",1.41251273261783,NA,41.93379383,-111.5714982,41.93378773,-111.571445,NA,98.7300978604126,41.93380247,-111.5714976,NA,2.96833463038174,41.93374014,-111.5715347,NA,-153.086594413671,41.93378353,-111.5714882,NA,144.059992695264,0,0,0,0,1,1,0,NA
"61","FRNK",7327,"ABLA",1,8.5,NA,0,"0",1,1,1,1,"0","0","0","BO",NA,NA,0,0,"0","0","0","0",0,0,0,0,NA,"0","0",NA,0,0,0,0,NA,"0","0",NA,0,0,0,0,NA,"0","0",NA,0,0,0,0,NA,"0","0",NA,0,0,0,0,NA,"0","0",NA,0,0,0,1,NA,"0","0",NA,NA,NA,NA,NA,1,2,3,4,NA,NA,NA,NA,0,0,0,1,1,"FRNK7327",3849,7327,NA,"Point",2056.004,-16.96,0.0752387374374972,0,0,0,1,"FRNK_7327_1117","FRNK_7376_1097",3.61175813053393,"FRNK_7362_1083",1.18486850003355,"FRNK_7417_1134",6.17020129958794,"FRNK_7362_1083",1.18486850003355,NA,41.93378353,-111.5714882,41.93378773,-111.571445,NA,82.5815866099424,41.93377301,-111.5714906,NA,-170.332572984109,41.93374014,-111.5715347,NA,-141.332768130045,41.93377301,-111.5714906,NA,-170.332572984109,0,0,0,1,1,1,0,NA
"62","FRNK",7399,"ABLA",1.7,11.6,0,2,"0",1,1,1,1,"0","0","0","0",NA,NA,0,0,"0","0","2","2",0,0,0,0,"0","0","0",NA,0,0,0,0,"0","0","0",NA,0,0,0,0,"0","0","0",NA,0,0,0,0,"0","0","0",NA,0,0,0,0,"0","0","0",NA,0,0,0,0,"0","0","0",NA,"WOB","WOB","WOB","WOB",1,2,3,4,NA,NA,NA,NA,0,0,0,0,0,"FRNK7399",1377,7399,NA,"Point",2054.47,NA,0.0767043949676945,0,0,0,0,"FRNK_7399_1118","FRNK_7415_1132",3.77257573880512,"FRNK_7360_1081",1.23964681717794,"FRNK_7417_1134",4.60683311485732,"FRNK_7360_1081",1.23964681717794,NA,41.93378078,-111.5715235,41.93375026,-111.5715435,NA,-153.926864065537,41.93377034,-111.5715182,NA,159.239885711929,41.93374014,-111.5715347,NA,-168.371911118269,41.93377034,-111.5715182,NA,159.239885711929,0,0,0,0,2,1,0,1
"63","FRNK",7400,"ABLA",2.4,13.1,0,4,"0",1,1,1,1,"0","0","0","0",NA,NA,0,0,"0","0","4","4",0,0,0,0,"0","0","0",NA,0,0,0,0,"0","0","0",NA,0,0,0,0,"0","0","0",NA,0,0,0,0,"0","0","0",NA,0,0,0,0,"0","0","0",NA,0,0,0,0,"0","0","0",NA,"WOB, 1DB","WOB, 1DB","WOB, 1DB","WOB, 1DB",1,2,3,4,NA,NA,NA,NA,0,0,0,0,0,"FRNK7400",1378,7400,NA,"Point",2053.417,NA,0.0772312606568966,0,0,0,0,"FRNK_7400_1119","FRNK_7415_1132",3.81097118002406,"FRNK_7360_1081",1.71895394969759,"FRNK_7417_1134",4.78244562974121,"FRNK_7402_1121",1.58657477999529,NA,41.93378307,-111.57153,41.93375026,-111.5715435,NA,-162.921256793659,41.93377034,-111.5715182,NA,145.311254974306,41.93374014,-111.5715347,NA,-175.326557532071,41.93379734,-111.571529,NA,2.99532747138055,0,0,0,0,2,1,0,1
"64","FRNK",7401,"ABLA",1.8,6,0,0,"0",1,1,1,1,"0","0","0","0",NA,NA,0,0,"0","0","0","0",0,0,0,0,"0","0","0",NA,0,0,0,0,"0","0","0",NA,0,0,0,0,"0","0","0",NA,0,0,0,0,"0","0","0",NA,0,0,0,0,"0","0","0",NA,0,0,0,0,"0","0","0",NA,"Bent","Bent","Bent","Bent",1,2,3,4,NA,NA,NA,NA,0,0,0,0,0,"FRNK7401",1379,7401,NA,"Point",2054.794,NA,0.0779788747802849,0,0,0,0,"FRNK_7401_1120","FRNK_7415_1132",4.17635579519816,"FRNK_7360_1081",2.46675160381421,"FRNK_7417_1134",5.26852463478304,"FRNK_7402_1121",1.27241084927898,NA,41.93378756,-111.571537,41.93375026,-111.5715435,NA,-172.586287189619,41.93377034,-111.5715182,NA,140.812932103263,41.93374014,-111.5715347,NA,177.925845572498,41.93379734,-111.571529,NA,31.4162121674351,0,0,0,0,2,1,0,1
"65","FRNK",7402,"ABLA",NA,7.3,NA,2,"0",1,1,1,1,"0","0","BO","BO",NA,NA,0,0,"0","0","2","2",0,0,0,0,"0","0","0",NA,0,0,0,1,"0","0","0",NA,0,0,0,0,"0","0","0",NA,0,0,0,0,"0","0","0",NA,0,0,0,0,"0","0","0",NA,0,0,0,0,"0","0","0",NA,"2DB","2DB","2DB","2DB",1,2,3,4,NA,NA,NA,NA,0,0,0,1,1,"FRNK7402",1380,7402,NA,"Point",2053.485,NA,0.0784538448167606,0,0,0,1,"FRNK_7402_1121","FRNK_7415_1132",5.36376952219191,"FRNK_7396_1115",2.66482306374596,"FRNK_7417_1134",6.36850944329641,"FRNK_7360_1081",3.12868605653618,NA,41.93379734,-111.571529,41.93375026,-111.5715435,NA,-167.048803405386,41.93380247,-111.5714976,NA,77.6581995259589,41.93374014,-111.5715347,NA,-175.744566436167,41.93377034,-111.5715182,NA,163.370326187113,0,0,0,1,2,1,0,1
"66","FRNK",7403,"ABLA",1.1,8,0,3,"0",1,1,1,1,"0","0","0","0",NA,NA,0,0,"0","0","3","3",0,0,0,0,"0","0","0",NA,0,0,0,0,"0","0","0",NA,0,0,0,0,"0","0","0",NA,0,0,0,0,"0","0","0",NA,0,0,0,0,"0","0","0",NA,0,0,0,0,"0","0","0",NA,"WOB, 1DB","WOB, 1DB","WOB, 1DB","WOB, 1DB",1,2,3,4,NA,NA,NA,NA,0,0,0,0,0,"FRNK7403",1381,7403,NA,"Point",2053.294,NA,0.0790761176736315,0,0,0,0,"FRNK_7403_1122","FRNK_7415_1132",6.41397385296347,"FRNK_7396_1115",2.32066355602959,"FRNK_7417_1134",7.39650460838785,"FRNK_7402_1121",1.05345328544079,NA,41.93380637,-111.5715251,41.93375026,-111.5715435,NA,-166.241218261465,41.93380247,-111.5714976,NA,100.754010562989,41.93374014,-111.5715347,NA,-173.822769902192,41.93379734,-111.571529,NA,-162.125924489452,0,0,0,0,2,1,0,1
"67","FRNK",7404,"ABLA",3,NA,0,0,"0",1,1,1,1,"0","0","0","0",NA,NA,0,0,"0","0","0","0",0,0,0,0,"0","0","0",NA,0,0,0,0,"0","0","0",NA,0,0,0,0,"0","0","0",NA,0,0,0,0,"0","0","0",NA,0,0,0,0,"0","0","0",NA,0,0,0,0,"0","0","0",NA,"Bent","Bent","Bent","Bent",1,2,3,4,NA,NA,NA,NA,0,0,0,0,0,"FRNK7404",1382,7404,NA,"Point",2054.008,NA,0.0807078646497174,0,0,0,0,"FRNK_7404_1123","FRNK_7415_1132",7.026674280091,"FRNK_7396_1115",4.14879405512226,"FRNK_7417_1134",8.19668288641735,"FRNK_7402_1121",2.25387945495627,NA,41.93381353,-111.5715454,41.93375026,-111.5715435,NA,178.715460390301,41.93380247,-111.5714976,NA,107.21685662692,41.93374014,-111.5715347,NA,173.786954765861,41.93379734,-111.571529,NA,142.896960215193,0,0,0,0,2,1,0,1
"68","FRNK",7405,"ABLA",NA,8.3,0,7,"0",1,1,1,1,"0","0","0","0",NA,NA,0,0,"0","0","7","7",0,0,0,0,"0","0","0",NA,0,0,0,0,"0","0","0",NA,0,0,0,0,"0","0","0",NA,0,0,0,0,"0","0","0",NA,0,0,0,0,"0","0","0",NA,0,0,0,0,"0","0","0",NA,"WOB, Rot in area, 2DB","WOB, Rot in area, 2DB","WOB, Rot in area, 2DB","WOB, Rot in area, 2DB",1,2,3,4,NA,NA,NA,NA,0,0,0,0,0,"FRNK7405",1383,7405,NA,"Point",2054.598,NA,0.084108881550008,0,0,0,0,"FRNK_7405_1124","FRNK_7483_1193",8.18751665120776,"FRNK_7410_1129",4.02686414735793,"FRNK_7485_1195",9.55686755838864,"FRNK_7410_1129",4.02686414735793,NA,41.93382983,-111.5715847,41.9338042,-111.5716773,NA,-110.338577985813,41.93379419,-111.5715937,NA,-169.321761560641,41.93380293,-111.5716942,NA,-108.211202014782,41.93379419,-111.5715937,NA,-169.321761560641,0,0,0,0,2,2,0,7
"69","FRNK",7406,"ABLA",1.8,NA,0,1,"0",1,1,1,1,"0","0","0","0",NA,NA,0,0,"0","0","1","1",0,0,0,0,"0","0","0",NA,0,0,0,0,"0","0","0",NA,0,0,0,0,"0","0","0",NA,0,0,0,0,"0","0","0",NA,0,0,0,0,"0","0","0",NA,0,0,0,0,"0","0","0",NA,"1DB","1DB","1DB","1DB",1,2,3,4,NA,NA,NA,NA,0,0,0,0,0,"FRNK7406",1384,7406,NA,"Point",2054.446,NA,0.081568602260459,0,0,0,0,"FRNK_7406_1125","FRNK_7415_1132",6.63801384254317,"FRNK_7410_1129",1.47959935352835,"FRNK_7417_1134",7.97278910484633,"FRNK_7410_1129",1.47959935352835,NA,41.93380324,-111.5715806,41.93375026,-111.5715435,NA,152.39573193271,41.93379419,-111.5715937,NA,-132.775003675475,41.93374014,-111.5715347,NA,151.49109596179,41.93379419,-111.5715937,NA,-132.775003675475,0,0,0,0,2,1,0,1
"70","FRNK",7407,"ABLA",1.7,NA,NA,0,"0",1,1,1,1,"0","0","0","0",NA,NA,0,0,"0","0","0","0",0,0,0,0,"0","0","0",NA,0,0,0,0,"0","0","0",NA,0,0,0,0,"0","0","0",NA,0,0,0,0,"0","0","0",NA,0,0,0,0,"0","0","0",NA,0,0,0,0,"0","0","0",NA,NA,NA,NA,NA,1,2,3,4,NA,NA,NA,NA,0,0,0,0,0,"FRNK7407",1385,7407,NA,"Point",2055.917,NA,0.0822711234412741,0,0,0,0,"FRNK_7407_1126","FRNK_7473_1184",5.70576969595269,"FRNK_7410_1129",0.954307257151249,"FRNK_7485_1195",8.22427467923502,"FRNK_7410_1129",0.954307257151249,NA,41.93380273,-111.571595,41.93377328,-111.5716514,NA,-124.965140294026,41.93379419,-111.5715937,NA,173.515302055765,41.93380293,-111.5716942,NA,-89.845263978022,41.93379419,-111.5715937,NA,173.515302055765,0,0,0,0,1,0,0,0
"71","FRNK",7408,"ABLA",NA,6.6,0,0,"0",1,1,1,1,"0","0","0","0",NA,NA,0,0,"0","0","0","0",0,0,0,0,"0","0","0",NA,0,0,0,0,"0","0","0",NA,0,0,0,0,"0","0","0",NA,0,0,0,0,"0","0","0",NA,0,0,0,0,"0","0","0",NA,0,0,0,0,"0","0","0",NA,NA,NA,NA,NA,1,2,3,4,NA,NA,NA,NA,0,0,0,0,0,"FRNK7408",1386,7408,NA,"Point",2056.984,NA,0.0825489606679835,0,0,0,0,"FRNK_7408_1127","FRNK_7473_1184",5.14821919182419,"FRNK_7410_1129",1.08075263858366,"FRNK_7485_1195",7.62881836434816,"FRNK_7410_1129",1.08075263858366,NA,41.93380157,-111.5716022,41.93377328,-111.5716514,NA,-127.59851883914,41.93379419,-111.5715937,NA,139.304097046472,41.93380293,-111.5716942,NA,-88.8658062816129,41.93379419,-111.5715937,NA,139.304097046472,0,0,0,0,1,0,0,0
"72","FRNK",7409,"ABLA",15.7,NA,NA,0,"0",1,1,1,1,"0","0","0","0",NA,NA,0,0,"0","0","0","0",0,0,0,0,"0","0","0",NA,0,0,0,0,"0","0","0",NA,0,0,0,0,"0","0","0",NA,0,0,0,0,"0","0","0",NA,0,0,0,0,"0","0","0",NA,0,0,0,0,"0","0","0",NA,NA,NA,NA,NA,1,2,3,4,NA,NA,NA,NA,0,0,0,0,0,"FRNK7409",1387,7409,NA,"Point",2060.976,NA,0.0864238430895607,0,0,0,0,"FRNK_7409_1128","FRNK_7483_1193",2.6814257450807,"FRNK_7482_1192",1.42040813594676,"FRNK_7485_1195",3.99009290322645,"FRNK_7483_1193",2.6814257450807,NA,41.93381715,-111.57165,41.9338042,-111.5716773,NA,-122.426998293886,41.93380728,-111.5716609,NA,-140.490521328644,41.93380293,-111.5716942,NA,-113.309247361447,41.9338042,-111.5716773,NA,-122.426998293886,0,0,0,0,2,2,0,7
"73","FRNK",7410,"ABLA",11.5,NA,0,9,"0",1,1,1,1,"0","BO","BO","BO",NA,NA,0,0,"0","0","10","10",0,0,0,2,"0","0","0",NA,0,0,0,1,"0","0","0",NA,0,0,0,0,"0","0","0",NA,0,0,0,1,"0","0","0",NA,0,0,0,1,"0","0","0",NA,0,1,0,1,"0","0","0",NA,"WOB, 6DB","WOB, 6DB","WOB, 6DB","WOB, 6DB",1,2,3,4,NA,NA,NA,NA,0,1,0,1,1,"FRNK7410",1388,7410,NA,"Point",2054.974,NA,0.0814685035390042,0,1,0,1,"FRNK_7410_1129","FRNK_7473_1184",5.3172797154836,"FRNK_7478_1189",2.71700554277551,"FRNK_7419_1136",7.72416887459643,"FRNK_7402_1121",5.37538894888689,NA,41.93379419,-111.5715937,41.93377328,-111.5716514,NA,-115.888641933307,41.93377379,-111.5716118,NA,-146.475267644036,41.9337353,-111.5715441,NA,147.834178236456,41.93379734,-111.571529,NA,86.2694269809748,0,1,0,6,1,0,0,0
"74","FRNK",7413,"ABLA",1.1,NA,0,0,"0",1,1,1,1,"0","0","0","0",NA,NA,0,0,"0","0","0","0",0,0,0,0,"0","0","0",NA,0,0,0,0,"0","0","0",NA,0,0,0,0,"0","0","0",NA,0,0,0,0,"0","0","0",NA,0,0,0,0,"0","0","0",NA,0,0,0,0,"0","0","0",NA,NA,NA,NA,NA,1,2,3,4,NA,NA,NA,NA,0,0,0,0,0,"FRNK7413",1392,7413,NA,"Point",2053.718,NA,0.0780894893715025,0,0,0,0,"FRNK_7413_1130","FRNK_7415_1132",3.2025196330069,"FRNK_7415_1132",3.2025196330069,"FRNK_7417_1134",4.51848706882522,"FRNK_7402_1121",3.20048844147722,NA,41.93377734,-111.5715568,41.93375026,-111.5715435,NA,159.8605650865,41.93375026,-111.5715435,NA,159.8605650865,41.93374014,-111.5715347,NA,156.077937737851,41.93379734,-111.571529,NA,46.0654902448156,0,0,0,0,2,1,0,1
"75","FRNK",7414,"ABLA",1.5,NA,0,0,"0",1,1,1,1,"0","0","0","0",NA,NA,0,0,"0","0","0","0",0,0,0,0,"0","0","0",NA,0,0,0,0,"0","0","0",NA,0,0,0,0,"0","0","0",NA,0,0,0,0,"0","0","0",NA,0,0,0,0,"0","0","0",NA,0,0,0,0,"0","0","0",NA,"Bent","Bent","Bent","Bent",1,2,3,4,NA,NA,NA,NA,0,0,0,0,0,"FRNK7414",1393,7414,NA,"Point",2054.287,NA,0.0762095613166251,0,0,0,0,"FRNK_7414_1131","FRNK_7415_1132",1.44041411123667,"FRNK_7415_1132",1.44041411123667,"FRNK_7419_1136",2.40979038900503,"FRNK_7415_1132",1.44041411123667,NA,41.93375327,-111.5715604,41.93375026,-111.5715435,NA,103.415912202941,41.93375026,-111.5715435,NA,103.415912202941,41.9337353,-111.5715441,NA,145.890186956518,41.93375026,-111.5715435,NA,103.415912202941,0,0,0,0,2,1,0,1
"76","FRNK",7415,"ABLA",2.6,NA,NA,0,"0",1,1,1,1,"BO","BO","0","BO",NA,NA,0,0,"0","0","0","0",0,0,0,0,"0","0","0",NA,1,1,0,1,"0","0","0",NA,0,0,0,0,"0","0","0",NA,0,0,0,0,"0","0","0",NA,1,0,0,0,"0","0","0",NA,0,0,0,0,"0","0","0",NA,NA,NA,NA,NA,1,2,3,4,NA,NA,NA,NA,1,1,0,1,0,"FRNK7415",1394,7415,NA,"Point",2054.696,NA,0.075057966622158,1,1,0,1,"FRNK_7415_1132","FRNK_7418_1135",0.89828566552276,"FRNK_7418_1135",0.89828566552276,"FRNK_7417_1134",1.33970815842008,"FRNK_7417_1134",1.33970815842008,NA,41.93375026,-111.5715435,41.93374554,-111.5715347,NA,125.690407532722,41.93374554,-111.5715347,NA,125.690407532722,41.93374014,-111.5715347,NA,147.004413776406,41.93374014,-111.5715347,NA,147.004413776406,2,1,0,1,1,1,0,0
"77","FRNK",7416,"ABLA",1.2,NA,NA,0,"0",1,1,1,1,"0","0","0","0",NA,NA,0,0,"0","0","0","0",0,0,0,0,"0","0","0",NA,0,0,0,0,"0","0","0",NA,0,0,0,0,"0","0","0",NA,0,0,0,0,"0","0","0",NA,0,0,0,0,"0","0","0",NA,0,0,0,0,"0","0","0",NA,NA,NA,NA,NA,1,2,3,4,NA,NA,NA,NA,0,0,0,0,0,"FRNK7416",1395,7416,NA,"Point",2054.9,NA,0.0756125963512979,0,0,0,0,"FRNK_7416_1133","FRNK_7415_1132",0.573348964816428,"FRNK_7415_1132",0.573348964816428,"FRNK_7417_1134",1.88600517489911,"FRNK_7415_1132",0.573348964816428,NA,41.93375329,-111.5715491,41.93375026,-111.5715435,NA,125.927988112818,41.93375026,-111.5715435,NA,125.927988112818,41.93374014,-111.5715347,NA,140.728121702522,41.93375026,-111.5715435,NA,125.927988112818,0,0,0,0,2,1,0,1
"78","FRNK",7417,"ABLA",3.6,NA,NA,0,"0",1,1,1,1,"BO","BO","BO","BO",NA,NA,0,0,"0","0","0","0",0,1,0,1,"0","0","0",NA,2,2,2,2,"0","3-1","3–0","3-0",1,1,0,0,"0","0","0",NA,1,1,0,0,"0","0","0",NA,2,2,2,1,"4-1","4-0","4–0",NA,0,0,0,1,"0","0","0",NA,NA,NA,NA,NA,1,2,3,4,NA,NA,NA,NA,1,1,1,1,0,"FRNK7417",1396,7417,NA,"Point",2054.507,NA,0.0737266539030888,1,1,1,1,"FRNK_7417_1134","FRNK_7418_1135",0.599565439182671,"FRNK_7418_1135",0.599565439182671,"FRNK_7419_1136",0.946634530887194,"FRNK_7419_1136",0.946634530887194,NA,41.93374014,-111.5715347,41.93374554,-111.5715347,NA,0,41.93374554,-111.5715347,NA,0,41.9337353,-111.5715441,NA,-124.588805090483,41.9337353,-111.5715441,NA,-124.588805090483,6,7,4,5,1,1,0,0
"79","FRNK",7418,"ABLA",NA,5.9,NA,0,"0",1,1,1,1,"BR, BO","BO","0","0",NA,NA,0,0,"0","0","0","0",0,0,0,0,"0","0","0",NA,1,1,0,0,"0","0","0",NA,0,0,0,0,"0","0","0",NA,0,0,0,0,"0","0","0",NA,0,0,0,0,"0","0","0",NA,0,0,0,0,"0","0","0",NA,NA,NA,NA,NA,1,2,3,4,NA,NA,NA,NA,1,1,0,0,0,"FRNK7418",1397,7418,NA,"Point",2055.549,NA,0.0741905297909575,1,1,0,0,"FRNK_7418_1135","FRNK_7417_1134",0.599565439182671,"FRNK_7417_1134",0.599565439182671,"FRNK_7417_1134",0.599565439182671,"FRNK_7417_1134",0.599565439182671,NA,41.93374554,-111.5715347,41.93374014,-111.5715347,NA,180,41.93374014,-111.5715347,NA,180,41.93374014,-111.5715347,NA,180,41.93374014,-111.5715347,NA,180,1,1,0,0,6,7,4,5
"80","FRNK",7419,"ABLA",4,19,2.3,0,"0",1,1,1,1,"BO","BO","BO","BO",NA,NA,0,0,"0","0","0","0",0,0,0,1,"0","0","0",NA,2,2,2,2,"4-1","4-1","4–1","4-0",2,2,2,2,"0","0","2–1","2-1",0,0,0,0,"0",NA,"0",NA,2,2,2,2,"2-0","2-0","2–0","2-0",2,2,2,2,"0","0","0",NA,"South low obstructed","South low obstructed","South low obstructed","South low obstructed",1,2,3,4,NA,NA,NA,NA,1,1,1,1,0,"FRNK7419",1398,7419,NA,"Point",2056.853,NA,0.0738130558241624,1,1,1,1,"FRNK_7419_1136","FRNK_7417_1134",0.946634530887194,"FRNK_7417_1134",0.946634530887194,"FRNK_7417_1134",0.946634530887194,"FRNK_7417_1134",0.946634530887194,NA,41.9337353,-111.5715441,41.93374014,-111.5715347,NA,55.4111886277724,41.93374014,-111.5715347,NA,55.4111886277724,41.93374014,-111.5715347,NA,55.4111886277724,41.93374014,-111.5715347,NA,55.4111886277724,8,8,8,9,6,7,4,5
"81","FRNK",7420,"ABLA",5.7,25.7,3,0,"0",1,1,1,1,"BO","BO","BO","BO",NA,NA,0,0,"0","0","0","0",2,2,2,2,"0","1-0","1–0","1-0",2,2,2,2,"4-0","4-0","4–1","4-1",2,2,2,2,"2-2","2-3","2–2","2-4",0,2,2,2,"0","2-0","2–0","2-0",2,2,2,2,"3-1","3-1","3–1","3-1",2,2,2,2,"3-2","3-1","3–1","3-1",NA,NA,NA,NA,1,2,3,4,NA,NA,NA,NA,1,1,1,1,0,"FRNK7420",1399,7420,NA,"Point",2057.636,NA,0.0732274394814406,1,1,1,1,"FRNK_7420_1137","FRNK_7419_1136",0.969505309154054,"FRNK_7419_1136",0.969505309154054,"FRNK_7419_1136",0.969505309154054,"FRNK_7421_1138",0.931518006264702,NA,41.93372677,-111.5715466,41.9337353,-111.5715441,NA,12.3441804927174,41.9337353,-111.5715441,NA,12.3441804927174,41.9337353,-111.5715441,NA,12.3441804927174,41.93371954,-111.5715409,NA,149.515565444063,10,12,12,12,8,8,8,9
"82","FRNK",7421,"ABLA",1.5,9.3,0,0,"0",1,1,1,1,"0","0","BO","BO",NA,NA,0,0,"0","0","0","0",0,0,0,0,"0","0","0",NA,0,0,0,0,"0","0","0",NA,0,0,0,1,"0","0","0",NA,0,0,0,0,"0","0","0",NA,0,0,0,1,"0","0","0",NA,0,0,0,1,"0","0","0",NA,"WOB, Rot in area","WOB, Rot in area","WOB, Rot in area","WOB, Rot in area",1,2,3,4,NA,NA,NA,NA,0,0,0,1,1,"FRNK7421",1400,7421,NA,"Point",2056.902,NA,0.0723112657968987,0,0,0,1,"FRNK_7421_1138","FRNK_7420_1137",0.931518006264702,"FRNK_7420_1137",0.931518006264702,"FRNK_7420_1137",0.931518006264702,"FRNK_7420_1137",0.931518006264702,NA,41.93371954,-111.5715409,41.93372677,-111.5715466,NA,-30.4844307467947,41.93372677,-111.5715466,NA,-30.4844307467947,41.93372677,-111.5715466,NA,-30.4844307467947,41.93372677,-111.5715466,NA,-30.4844307467947,0,0,0,3,10,12,12,12
"83","FRNK",7422,"ABLA",1.3,9.5,3.1,0,"0",1,1,1,1,"0","0","0","BO",NA,NA,0,0,"0","0","0","0",0,0,0,1,"0","0","0",NA,0,0,0,2,"0","0","0",NA,0,0,0,2,"0","0","0",NA,0,0,0,1,"0","0","0",NA,0,0,0,2,"0","0","0",NA,0,0,0,1,"0","0","0",NA,"Rot in area","Rot in area","Rot in area","Rot in area",1,2,3,4,NA,NA,NA,NA,0,0,0,1,1,"FRNK7422",1401,7422,NA,"Point",2056.247,NA,0.0725216194367525,0,0,0,1,"FRNK_7422_1139","FRNK_7420_1137",1.55262352005695,"FRNK_7420_1137",1.55262352005695,"FRNK_7420_1137",1.55262352005695,"FRNK_7423_1140",0.810025726079914,NA,41.93371377,-111.5715535,41.93372677,-111.5715466,NA,21.6194934332026,41.93372677,-111.5715466,NA,21.6194934332026,41.93372677,-111.5715466,NA,21.6194934332026,41.93370846,-111.5715468,NA,136.705982376362,0,0,0,9,10,12,12,12
"84","FRNK",7423,"ABLA",1.4,9.6,2.7,1,"0",1,1,1,1,"0","0","0","BO",NA,NA,0,0,"0","0","2","2",0,0,0,0,"0","0","0",NA,0,0,0,1,"0","0","0",NA,0,0,0,1,"0","0","0",NA,0,0,0,1,"0","0","0",NA,0,0,0,1,"0","0","0",NA,0,0,0,0,"0","0","0",NA,"Rot in area","Rot in area","Rot in area","Rot in area",1,2,3,4,NA,NA,NA,NA,0,0,0,1,1,"FRNK7423",1402,7423,NA,"Point",2055.684,NA,0.0717119905631987,0,0,0,1,"FRNK_7423_1140","FRNK_7037_1069",1.47943938540415,"FRNK_7346_1070",1.79246717698725,"FRNK_7420_1137",2.03303857202924,"FRNK_7422_1139",0.810025726079914,NA,41.93370846,-111.5715468,41.93369791,-111.5715359,NA,142.351066861556,41.9337123,-111.5715258,NA,76.2396767000119,41.93372677,-111.5715466,NA,0.467300915268893,41.93371377,-111.5715535,NA,-43.2940131462265,0,0,0,4,1,0,0,0
"85","FRNK",7424,"ABLA",1.7,11.3,0.9,0,"0",1,1,1,1,"0","0","0","BO",NA,NA,0,0,"0","0","0","0",0,0,0,0,"0","0","0",NA,0,0,0,1,"0","0","0",NA,0,0,0,1,"0","0","0",NA,0,0,0,0,"0","0","0",NA,0,0,0,1,"0","0","0",NA,0,0,0,1,"0","0","0",NA,"Rot in area","Rot in area","Rot in area","Rot in area",1,2,3,4,NA,NA,NA,NA,0,0,0,1,1,"FRNK7424",1403,7424,NA,"Point",2055.436,NA,0.0715315947285665,0,0,0,1,"FRNK_7424_1141","FRNK_7426_1143",0.898787135041307,"FRNK_7426_1143",0.898787135041307,"FRNK_7420_1137",2.96875607779041,"FRNK_7426_1143",0.898787135041307,NA,41.93370076,-111.5715549,41.9336966,-111.5715642,NA,-120.924009602816,41.9336966,-111.5715642,NA,-120.924009602816,41.93372677,-111.5715466,NA,13.4022827839529,41.9336966,-111.5715642,NA,-120.924009602816,0,0,0,4,1,2,0,5
"86","FRNK",7425,"ABLA",NA,6.6,0,1,"0",1,1,1,1,"0","0","0","BO",NA,NA,0,0,"0","0","1","1",0,0,0,0,"0","0","0",NA,0,0,0,0,"0","0","0",NA,0,0,0,0,"0","0","0",NA,0,0,0,0,"0","0","0",NA,0,0,0,1,"0","0","0",NA,0,0,0,0,"0","0","0",NA,"WOB","WOB","WOB","WOB",1,2,3,4,NA,NA,NA,NA,0,0,0,1,1,"FRNK7425",1404,7425,NA,"Point",2055.598,NA,0.0730480167505516,0,0,0,1,"FRNK_7425_1142","FRNK_7426_1143",1.36758830906232,"FRNK_7426_1143",1.36758830906232,"FRNK_7420_1137",3.03292560254098,"FRNK_7428_1145",0.58630038098891,NA,41.93370733,-111.5715723,41.9336966,-111.5715642,NA,150.591200095749,41.9336966,-111.5715642,NA,150.591200095749,41.93372677,-111.5715466,NA,44.6292145483211,41.93370205,-111.5715722,NA,179.189781791361,0,0,0,1,1,2,0,5
"87","FRNK",7426,"ABLA",1,8.1,0,1,"0",1,1,1,1,"BO","BO","BO","BO",NA,NA,0,0,"0","0","1","1",0,0,0,1,"0","0","0",NA,0,1,0,2,"0","0","0",NA,0,0,0,1,"0","0","0",NA,0,0,0,0,"0","0","0",NA,1,1,0,1,"0","0","0",NA,0,0,0,0,"0","0","0",NA,NA,NA,NA,NA,1,2,3,4,NA,NA,NA,NA,1,1,0,1,0,"FRNK7426",1405,7426,NA,"Point",2055.442,NA,0.0717207672074287,1,1,0,1,"FRNK_7426_1143","FRNK_7037_1069",2.35073906868487,"FRNK_7036_1068",2.82234557383599,"FRNK_7420_1137",3.65379501067709,"FRNK_7428_1145",0.897809895411608,NA,41.9336966,-111.5715642,41.93369791,-111.5715359,NA,86.4525931929735,41.93368046,-111.5715379,NA,129.415903171793,41.93372677,-111.5715466,NA,23.5375308147744,41.93370205,-111.5715722,NA,-47.6240509255387,1,2,0,5,1,0,0,0
"88","FRNK",7427,"ABLA",1.3,9.2,0,4,"0",1,1,1,1,"0","0","0","BO",NA,NA,0,0,"0","0","4","4",0,0,0,0,"0","0","0",NA,0,0,0,0,"0","0","0",NA,0,0,0,1,"0","0","0",NA,0,0,0,1,"0","0","0",NA,0,0,0,1,"0","0","0",NA,0,0,0,0,"0","0","0",NA,"WOB,1DB","WOB,1DB","WOB,1DB","WOB,1DB",1,2,3,4,NA,NA,NA,NA,0,0,0,1,1,"FRNK7427",1406,7427,NA,"Point",2055.741,NA,0.0713872984694606,0,0,0,1,"FRNK_7427_1144","FRNK_7426_1143",0.954129694788568,"FRNK_7426_1143",0.954129694788568,"FRNK_7420_1137",4.60736027040349,"FRNK_7426_1143",0.954129694788568,NA,41.93368886,-111.5715692,41.9336966,-111.5715642,NA,25.7508018501804,41.9336966,-111.5715642,NA,25.7508018501804,41.93372677,-111.5715466,NA,23.9957612635338,41.9336966,-111.5715642,NA,25.7508018501804,0,0,0,3,1,2,0,5
"89","FRNK",7428,"ABLA",NA,7.3,NA,11,"0",1,1,1,1,"0","0","BO","BO",NA,NA,0,0,"0","0","11","11",0,0,0,0,"0","0","0",NA,0,0,0,1,"0","0","0",NA,0,0,0,1,"0","0","0",NA,0,0,0,1,"0","0","0",NA,0,0,0,1,"0","0","0",NA,0,0,0,1,"0","0","0",NA,"WOB, Rot in area, 3DB","WOB, Rot in area, 3DB","WOB, Rot in area, 3DB","WOB, Rot in area, 3DB",1,2,3,4,NA,NA,NA,NA,0,0,0,1,1,"FRNK7428",1407,7428,NA,"Point",2056.27,NA,0.0726159429998496,0,0,0,1,"FRNK_7428_1145","FRNK_7426_1143",0.897809895411608,"FRNK_7426_1143",0.897809895411608,"FRNK_7420_1137",3.46955144507657,"FRNK_7425_1142",0.58630038098891,NA,41.93370205,-111.5715722,41.9336966,-111.5715642,NA,132.375943728299,41.9336966,-111.5715642,NA,132.375943728299,41.93372677,-111.5715466,NA,37.7138537566934,41.93370733,-111.5715723,NA,-0.810218141812096,0,0,0,5,1,2,0,5
"90","FRNK",7431,"ABLA",NA,2.6,0,0,"0",1,1,1,1,"0","0","0","0",NA,NA,0,0,"0","0","0","0",0,0,0,0,"0","0","0",NA,0,0,0,0,"0","0","0",NA,0,0,0,0,"0","0","0",NA,0,0,0,0,"0","0","0",NA,0,0,0,0,"0","0","0",NA,0,0,0,0,"0","0","0",NA,NA,NA,NA,NA,1,2,3,4,NA,NA,NA,NA,0,0,0,0,0,"FRNK7431",1411,7431,NA,"Point",2055.719,NA,0.0742736846087483,0,0,0,0,"FRNK_7431_1146","FRNK_7441_1156",2.95922329035046,"FRNK_7440_1155",1.53310170282262,"FRNK_7445_1159",3.16650172130695,"FRNK_7432_1147",1.95432440350723,NA,41.93370199,-111.571601,41.93371916,-111.5716283,NA,-49.8926400996465,41.93371292,-111.5716123,NA,-37.6670613856778,41.93369698,-111.5716386,NA,-100.117713727589,41.93371575,-111.5715863,NA,38.579453565997,0,0,0,0,1,0,0,0
"91","FRNK",7432,"ABLA",3.7,9.7,2.5,0,"0",1,1,1,1,"0","0","0","BO",NA,NA,0,0,"0","0","0","0",0,0,0,0,"0","0","0",NA,0,0,0,1,"0","0","0",NA,0,0,0,0,"0","0","0",NA,0,0,0,0,"0","0","0",NA,0,0,0,0,"0","0","0",NA,0,0,0,0,"0","0","0",NA,"Bent","Bent","Bent","Bent",1,2,3,4,NA,NA,NA,NA,0,0,0,1,1,"FRNK7432",1412,7432,NA,"Point",2055.021,NA,0.0745238049446819,0,0,0,1,"FRNK_7432_1147","FRNK_7426_1143",2.80676099969261,"FRNK_7440_1155",2.17833242292692,"FRNK_7420_1137",3.5114306156361,"FRNK_7425_1142",1.49036169462619,NA,41.93371575,-111.5715863,41.9336966,-111.5715642,NA,139.247892277685,41.93371292,-111.5716123,NA,-98.2936360982306,41.93372677,-111.5715466,NA,69.6074538981344,41.93370733,-111.5715723,NA,128.849916412064,0,0,0,1,1,2,0,5
"92","FRNK",7433,"ABLA",1.9,9,3,0,"0",1,1,1,1,"0","0","0","0",NA,NA,0,0,"0","0","0","0",0,0,0,0,"0","0","0",NA,0,0,0,0,"0","0","0",NA,0,0,0,0,"0","0","0",NA,0,0,0,0,"0","0","0",NA,0,0,0,0,"0","0","0",NA,0,0,0,0,"0","0","0",NA,"Bent","Bent","Bent","Bent",1,2,3,4,NA,NA,NA,NA,0,0,0,0,0,"FRNK7433",1413,7433,NA,"Point",2055.6,NA,0.0753407633994706,0,0,0,0,"FRNK_7433_1148","FRNK_7420_1137",3.23374692722037,"FRNK_7440_1155",2.66588359505504,"FRNK_7420_1137",3.23374692722037,"FRNK_7432_1147",1.17280994676746,NA,41.9337263,-111.5715856,41.93372677,-111.5715466,NA,89.075339616573,41.93371292,-111.5716123,NA,-123.866501053399,41.93372677,-111.5715466,NA,89.075339616573,41.93371575,-111.5715863,NA,-177.163679166415,0,0,0,0,10,12,12,12
"93","FRNK",7434,"ABLA",NA,1.6,NA,0,"0",1,1,1,1,"0","0","0","0",NA,NA,0,0,"0","0","0","0",0,0,0,0,"0","0","0",NA,0,0,0,0,"0","0","0",NA,0,0,0,0,"0","0","0",NA,0,0,0,0,"0","0","0",NA,0,0,0,0,"0","0","0",NA,0,0,0,0,"0","0","0",NA,"South medium obstructed, North medium obstructed","South medium obstructed, North medium obstructed","South medium obstructed, North medium obstructed","South medium obstructed, North medium obstructed",1,2,3,4,NA,NA,NA,NA,0,0,0,0,0,"FRNK7434",1414,7434,NA,"Point",2056.7,NA,0.0750111094671358,0,0,0,0,"FRNK_7434_1149","FRNK_7420_1137",2.73623374711965,"FRNK_7420_1137",2.73623374711965,"FRNK_7420_1137",2.73623374711965,"FRNK_7432_1147",1.30443439329943,NA,41.93372638,-111.5715796,41.93372677,-111.5715466,NA,89.0932234453,41.93372677,-111.5715466,NA,89.0932234453,41.93372677,-111.5715466,NA,89.0932234453,41.93371575,-111.5715863,NA,-154.796711582812,0,0,0,0,10,12,12,12
"94","FRNK",7435,"ABLA",3.2,12.4,2.2,0,"0",1,1,1,1,"0","0","0","0",NA,NA,0,0,"0","0","0","0",0,0,0,0,"0","0","0",NA,0,0,0,0,"0","0","0",NA,0,0,0,0,"0","0","0",NA,0,0,0,0,"0","0","0",NA,0,0,0,0,"0","0","0",NA,0,0,0,0,"0","0","0",NA,NA,NA,NA,NA,1,2,3,4,NA,NA,NA,NA,0,0,0,0,0,"FRNK7435",1415,7435,NA,"Point",2056.252,NA,0.0755342645753305,0,0,0,0,"FRNK_7435_1150","FRNK_7420_1137",2.80883281029003,"FRNK_7420_1137",2.80883281029003,"FRNK_7420_1137",2.80883281029003,"FRNK_7432_1147",1.97629770931859,NA,41.93373281,-111.5715795,41.93372677,-111.5715466,NA,103.813105701557,41.93372677,-111.5715466,NA,103.813105701557,41.93372677,-111.5715466,NA,103.813105701557,41.93371575,-111.5715863,NA,-163.425585480709,0,0,0,0,10,12,12,12
"95","FRNK",7436,"ABLA",1.2,8.4,2,0,"0",1,1,1,1,"0","0","0","0",NA,NA,0,0,"0","0","0","0",0,0,0,0,"0","0","0",NA,0,0,0,0,"0","0","0",NA,0,0,0,0,"0","0","0",NA,0,0,0,0,"0","0","0",NA,0,0,0,0,"0","0","0",NA,0,0,0,0,"0","0","0",NA,NA,NA,NA,NA,1,2,3,4,NA,NA,NA,NA,0,0,0,0,0,"FRNK7436",1416,7436,NA,"Point",2055.574,NA,0.0754155972176106,0,0,0,0,"FRNK_7436_1151","FRNK_7420_1137",2.67672359242233,"FRNK_7420_1137",2.67672359242233,"FRNK_7420_1137",2.67672359242233,"FRNK_7432_1147",1.97049367114449,NA,41.93373238,-111.571578,41.93372677,-111.5715466,NA,103.456256351339,41.93372677,-111.5715466,NA,103.456256351339,41.93372677,-111.5715466,NA,103.456256351339,41.93371575,-111.5715863,NA,-159.560932479781,0,0,0,0,10,12,12,12
"96","FRNK",7437,"ABLA",1,7.6,0,0,"0",1,1,1,1,"0","0","0","0",NA,NA,0,0,"0","0","0","0",0,0,0,0,"0","0","0",NA,0,0,0,0,"0","0","0",NA,0,0,0,0,"0","0","0",NA,0,0,0,0,"0","0","0",NA,0,0,0,0,"0","0","0",NA,0,0,0,0,"0","0","0",NA,NA,NA,NA,NA,1,2,3,4,NA,NA,NA,NA,0,0,0,0,0,"FRNK7437",1417,7437,NA,"Point",2055.664,NA,0.0774658990539695,0,0,0,0,"FRNK_7437_1152","FRNK_7441_1156",2.74811247210301,"FRNK_7440_1155",2.8102319524052,"FRNK_7420_1137",5.12474746483805,"FRNK_7432_1147",2.97730948341971,NA,41.93373787,-111.5716066,41.93371916,-111.5716283,NA,-139.106772009429,41.93371292,-111.5716123,NA,-170.319258891253,41.93372677,-111.5715466,NA,103.91532198879,41.93371575,-111.5715863,NA,145.578861499589,0,0,0,0,1,0,0,0
"97","FRNK",7439,"ABLA",NA,5.4,0,0,"0",1,1,1,1,"0","0","0","0",NA,NA,0,0,"0","0","0","0",0,0,0,0,"0","0","0",NA,0,0,0,0,"0","0","0",NA,0,0,0,0,"0","0","0",NA,0,0,0,0,"0","0","0",NA,0,0,0,0,"0","0","0",NA,0,0,0,0,"0","0","0",NA,NA,NA,NA,NA,1,2,3,4,NA,NA,NA,NA,0,0,0,0,0,"FRNK7439",1419,7439,NA,"Point",2056.684,NA,0.07555497583008,0,0,0,0,"FRNK_7439_1153","FRNK_7441_1156",2.37939881053261,"FRNK_7440_1155",1.25857730929337,"FRNK_7445_1159",4.0623514527282,"FRNK_7432_1147",1.16476115105098,NA,41.93371913,-111.5715996,41.93371916,-111.5716283,NA,-89.9197820366332,41.93371292,-111.5716123,NA,-123.219018282425,41.93369698,-111.5716386,NA,-127.257282027523,41.93371575,-111.5715863,NA,108.795890068312,0,0,0,0,1,0,0,0
"98","FRNK",7438,"ABLA",NA,6.7,NA,0,"0",1,1,1,1,"0","0","0","0",NA,NA,0,0,"0","0","0","0",0,0,0,0,"0","0","0",NA,0,0,0,0,"0","0","0",NA,0,0,0,0,"0","0","0",NA,0,0,0,0,"0","0","0",NA,0,0,0,0,"0","0","0",NA,0,0,0,0,"0","0","0",NA,NA,NA,NA,NA,1,2,3,4,NA,NA,NA,NA,0,0,0,0,0,"FRNK7438",1418,7438,NA,"Point",2057.417,NA,0.0769223093037497,0,0,0,0,"FRNK_7438_1154","FRNK_7441_1156",1.5025417288109,"FRNK_7440_1155",1.51258179412418,"FRNK_7445_1159",3.90308581887967,"FRNK_7432_1147",2.52375205090117,NA,41.93372653,-111.5716131,41.93371916,-111.5716283,NA,-122.997854248574,41.93371292,-111.5716123,NA,177.486852514602,41.93369698,-111.5716386,NA,-147.20410357959,41.93371575,-111.5715863,NA,118.311057738074,0,0,0,0,1,0,0,0
"99","FRNK",7440,"ABLA",2.8,16.5,0,1,"0",1,1,1,NA,"0","BO","0",NA,NA,NA,0,NA,"0","0","2",NA,0,0,0,NA,"0","0","0",NA,0,0,0,NA,"0","0","0",NA,0,0,0,NA,"0","0","0",NA,0,0,0,NA,"0","0","0",NA,0,1,0,NA,"0","0","0",NA,0,0,0,NA,"0","0","0",NA,"WOB","WOB","WOB, cut down",NA,1,2,3,NA,NA,NA,NA,NA,0,1,0,NA,1,"FRNK7440",1420,7440,NA,"Point",2056.758,NA,0.075794566336434,0,1,0,NA,"FRNK_7440_1155","FRNK_7441_1156",1.49652878028845,"FRNK_7445_1159",2.80829789227312,"FRNK_7445_1159",2.80829789227312,"FRNK_7432_1147",2.17833242292692,NA,41.93371292,-111.5716123,41.93371916,-111.5716283,NA,-62.421795382167,41.93369698,-111.5716386,NA,-129.06589626865,41.93369698,-111.5716386,NA,-129.06589626865,41.93371575,-111.5715863,NA,81.7063465267387,0,1,0,NA,1,0,0,0
"100","FRNK",7441,"ABLA",1,7.2,0,0,"0",1,1,1,1,"BR","0","0","0",NA,NA,0,0,"0","0","0","0",0,0,0,0,"0","0","0",NA,1,0,0,0,"0","0","0",NA,0,0,0,0,"0","0","0",NA,0,0,0,0,"0","0","0",NA,0,0,0,0,"0","0","0",NA,0,0,0,0,"0","0","0",NA,NA,NA,NA,NA,1,2,3,4,NA,NA,NA,NA,1,0,0,0,0,"FRNK7441",1421,7441,NA,"Point",2056.216,NA,0.0772205869797133,1,0,0,0,"FRNK_7441_1156","FRNK_7445_1159",2.60650882253672,"FRNK_7440_1155",1.49652878028845,"FRNK_7445_1159",2.60650882253672,"FRNK_7443_1158",1.94415080586996,NA,41.93371916,-111.5716283,41.93369698,-111.5716386,NA,-160.875951760382,41.93371292,-111.5716123,NA,117.578193925506,41.93369698,-111.5716386,NA,-160.875951760382,41.93370252,-111.5716356,NA,-161.862458961291,1,0,0,0,5,5,6,11
"101","FRNK",7442,"ABLA",NA,5.2,NA,4,"0",1,1,1,1,"0","0","0","0",NA,NA,0,0,"0","0","4","4",0,0,0,0,"0","0","0",NA,0,0,0,0,"0","0","0",NA,0,0,0,0,"0","0","0",NA,0,0,0,0,"0","0","0",NA,0,0,0,0,"0","0","0",NA,0,0,0,0,"0","0","0",NA,"WOB, 4 Dead","WOB, 4 Dead","WOB, 4 Dead","WOB, 4 Dead",1,2,3,4,NA,NA,NA,NA,0,0,0,0,0,"FRNK7442",1422,7442,NA,"Point",2055.203,NA,0.0762530652768104,0,0,0,0,"FRNK_7442_1157","FRNK_7441_1156",1.18410252689691,"FRNK_7440_1155",1.21506887105721,"FRNK_7445_1159",1.67568559086235,"FRNK_7443_1158",1.06059989016273,NA,41.93370866,-111.5716258,41.93371916,-111.5716283,NA,-10.0809463180337,41.93371292,-111.5716123,NA,67.0908778339581,41.93369698,-111.5716386,NA,-140.706741625994,41.93370252,-111.5716356,NA,-129.999125472586,0,0,0,0,1,0,0,0
"102","FRNK",7443,"ABLA",1.1,7.4,1.3,3,"0",1,1,1,1,"0","0","BO","BO",NA,NA,0,0,"0","0","3","3",0,0,0,0,"0","0","0",NA,0,0,0,0,"0","0","0",NA,0,0,0,0,"0","0","0",NA,0,0,0,0,"0","0","0",NA,0,0,0,0,"0","0","0",NA,0,0,0,1,"0","0","0",NA,"WOB","WOB","WOB","WOB",1,2,3,4,NA,NA,NA,NA,0,0,0,1,1,"FRNK7443",1423,7443,NA,"Point",2055.924,NA,0.0763621665724758,0,0,0,1,"FRNK_7443_1158","FRNK_7445_1159",0.663491041828888,"FRNK_7445_1159",0.663491041828888,"FRNK_7445_1159",0.663491041828888,"FRNK_7445_1159",0.663491041828888,NA,41.93370252,-111.5716356,41.93369698,-111.5716386,NA,-157.984224382808,41.93369698,-111.5716386,NA,-157.984224382808,41.93369698,-111.5716386,NA,-157.984224382808,41.93369698,-111.5716386,NA,-157.984224382808,0,0,0,1,5,5,6,11
"103","FRNK",7445,"ABLA",11.9,68.2,8.6,0,"0",1,1,1,1,"BO","BO","BO","BO",NA,NA,0,0,"0","0","0","0",1,1,2,2,"0","0","2–1","2-3",1,1,2,2,"0","0","0","4-1",1,1,2,2,"0","0","0",NA,0,1,0,1,"0","0","0",NA,1,1,0,2,"0","0","0",NA,1,0,0,2,"0","0","0",NA,"Rot in area","Rot in area","Rot in area","Rot in area",1,2,3,4,NA,NA,NA,NA,1,1,1,1,0,"FRNK7445",1425,7445,NA,"Point",2055.693,NA,0.0761196502351075,1,1,1,1,"FRNK_7445_1159","FRNK_7441_1156",2.60650882253672,"FRNK_7440_1155",2.80829789227312,"FRNK_7420_1137",8.3136314085257,"FRNK_7443_1158",0.663491041828888,NA,41.93369698,-111.5716386,41.93371916,-111.5716283,NA,19.1240413564331,41.93371292,-111.5716123,NA,50.9340861558414,41.93372677,-111.5715466,NA,66.555945647765,41.93370252,-111.5716356,NA,22.0157736123814,5,5,6,11,1,0,0,0
"104","FRNK",7446,"ABLA",NA,2.5,NA,0,"0",1,1,1,1,"0","0","0","0",NA,NA,0,0,"0","0","0","0",0,0,0,0,"0","0","0",NA,0,0,0,0,"0","0","0",NA,0,0,0,0,"0","0","0",NA,0,0,0,0,"0","0","0",NA,0,0,0,0,"0","0","0",NA,0,0,0,0,"0","0","0",NA,NA,NA,NA,NA,1,2,3,4,NA,NA,NA,NA,0,0,0,0,0,"FRNK7446",1426,7446,NA,"Point",2055.733,NA,0.0754055272132167,0,0,0,0,"FRNK_7446_1160","FRNK_7445_1159",3.71214171357442,"FRNK_7445_1159",3.71214171357442,"FRNK_7445_1159",3.71214171357442,"FRNK_7445_1159",3.71214171357442,NA,41.93366825,-111.5716615,41.93369698,-111.5716386,NA,30.7598982269344,41.93369698,-111.5716386,NA,30.7598982269344,41.93369698,-111.5716386,NA,30.7598982269344,41.93369698,-111.5716386,NA,30.7598982269344,0,0,0,0,5,5,6,11
"105","FRNK",7449,"ABLA",NA,2.7,NA,0,"0",1,1,1,1,"0","0","0","0",NA,NA,0,0,"0","0","0","0",0,0,0,0,"0","0","0",NA,0,0,0,0,"0","0","0",NA,0,0,0,0,"0","0","0",NA,0,0,0,0,"0","0","0",NA,0,0,0,0,"0","0","0",NA,0,0,0,0,"0","0","0",NA,NA,NA,NA,NA,1,2,3,4,NA,NA,NA,NA,0,0,0,0,0,"FRNK7449",1429,7449,NA,"Point",2055.277,NA,0.0713537085567934,0,0,0,0,"FRNK_7449_1161","FRNK_7445_1159",4.95653124895127,"FRNK_7445_1159",4.95653124895127,"FRNK_7445_1159",4.95653124895127,"FRNK_7427_1144",4.59296942081337,NA,41.9336589,-111.5716074,41.93369698,-111.5716386,NA,-31.4577294067899,41.93369698,-111.5716386,NA,-31.4577294067899,41.93369698,-111.5716386,NA,-31.4577294067899,41.93368886,-111.5715692,NA,43.5931375173933,0,0,0,0,5,5,6,11
"106","FRNK",7450,"ABLA",NA,2.5,NA,0,"0",1,1,1,1,"0","0","0","0",NA,NA,0,0,"0","0","0","0",0,0,0,0,"0","0","0",NA,0,0,0,0,"0","0","0",NA,0,0,0,0,"0","0","0",NA,0,0,0,0,"0","0","0",NA,0,0,0,0,"0","0","0",NA,0,0,0,0,"0","0","0",NA,NA,NA,NA,NA,1,2,3,4,NA,NA,NA,NA,0,0,0,0,0,"FRNK7450",1430,7450,NA,"Point",2056.197,NA,0.0723016577607487,0,0,0,0,"FRNK_7450_1162","FRNK_7445_1159",5.62806472491418,"FRNK_7445_1159",5.62806472491418,"FRNK_7445_1159",5.62806472491418,"FRNK_7445_1159",5.62806472491418,NA,41.9336463,-111.5716373,41.93369698,-111.5716386,NA,-1.09728267248031,41.93369698,-111.5716386,NA,-1.09728267248031,41.93369698,-111.5716386,NA,-1.09728267248031,41.93369698,-111.5716386,NA,-1.09728267248031,0,0,0,0,5,5,6,11
"107","FRNK",7452,"ABLA",1.7,6.9,0,0,"0",1,1,1,1,"0","0","0","0",NA,NA,0,0,"0","0","0","0",0,0,0,0,"0","0","0",NA,0,0,0,0,"0","0","0",NA,0,0,0,0,"0","0","0",NA,0,0,0,0,"0","0","0",NA,0,0,0,0,"0","0","0",NA,0,0,0,0,"0","0","0",NA,"Bent","Bent","Bent","Bent",1,2,3,4,NA,NA,NA,NA,0,0,0,0,0,"FRNK7452",1432,7452,NA,"Point",2056.377,NA,0.0740906869260956,0,0,0,0,"FRNK_7452_1163","FRNK_9_1237",6.22402771073755,"FRNK_10_1238",6.0167558628124,"FRNK_9_1237",6.22402771073755,"FRNK_21_1249",5.90119832400767,NA,41.93363875,-111.5716733,41.93358354,-111.5716863,NA,-170.028166542131,41.93358456,-111.5716732,NA,179.921051092248,41.93358354,-111.5716863,NA,-170.028166542131,41.93359158,-111.5716405,NA,152.560781973154,0,0,0,0,12,13,13,12
"108","FRNK",7453,"ABLA",NA,5,NA,1,"0",1,1,1,1,"0","0","0","0",NA,NA,0,0,"0","0","2","2",0,0,0,0,"0","0","0",NA,0,0,0,0,"0","0","0",NA,0,0,0,0,"0","0","0",NA,0,0,0,0,"0","0","0",NA,0,0,0,0,"0","0","0",NA,0,0,0,0,"0","0","0",NA,"Rot in area, 2DB","Rot in area, 2DB","Rot in area, 2DB","Rot in area, 2DB",1,2,3,4,NA,NA,NA,NA,0,0,0,0,0,"FRNK7453",1433,7453,NA,"Point",2058.094,NA,0.0765641269304725,0,0,0,0,"FRNK_7453_1164","FRNK_9_1237",6.41578322404183,"FRNK_15_1243",5.97665384434331,"FRNK_9_1237",6.41578322404183,"FRNK_13_1241",5.83038331861776,NA,41.9336382,-111.5717114,41.93358354,-111.5716863,NA,161.073982300846,41.933586,-111.5716938,NA,165.868935753798,41.93358354,-111.5716863,NA,161.073982300846,41.93358613,-111.5717023,NA,172.56514976291,0,0,0,0,12,13,13,12
"109","FRNK",7454,"ABLA",1.4,9.9,0,0,"0",1,1,1,1,"0","0","0","0",NA,NA,0,0,"0","0","0","0",0,0,0,0,"0","0","0",NA,0,0,0,0,"0","0","0",NA,0,0,0,0,"0","0","0",NA,0,0,0,0,"0","0","0",NA,0,0,0,0,"0","0","0",NA,0,0,0,0,"0","0","0",NA,"Rot in area","Rot in area","Rot in area, cut","Rot in area, cut",1,2,3,4,NA,NA,NA,NA,0,0,0,0,0,"FRNK7454",1434,7454,NA,"Point",2058.984,NA,0.0767518476183346,0,0,0,0,"FRNK_7454_1165","FRNK_9_1237",6.49686421895981,"FRNK_15_1243",6.03965775481661,"FRNK_9_1237",6.49686421895981,"FRNK_13_1241",5.86712932873402,NA,41.93363822,-111.5717142,41.93358354,-111.5716863,NA,159.143433173204,41.933586,-111.5716938,NA,163.738039325237,41.93358354,-111.5716863,NA,159.143433173204,41.93358613,-111.5717023,NA,170.319495732884,0,0,0,0,12,13,13,12
"110","FRNK",7455,"ABLA",1.1,9,0,0,"0",1,1,1,1,"0","0","0","0",NA,NA,0,0,"0","0","0","0",0,0,0,0,"0","0","0",NA,0,0,0,0,"0","0","0",NA,0,0,0,0,"0","0","0",NA,0,0,0,0,"0","0","0",NA,0,0,0,0,"0","0","0",NA,0,0,0,0,"0","0","0",NA,"Rot in area","Rot in area","Rot in area","Rot in area",1,2,3,4,NA,NA,NA,NA,0,0,0,0,0,"FRNK7455",1435,7455,NA,"Point",2058.624,NA,0.0785504818858007,0,0,0,0,"FRNK_7455_1166","FRNK_7463_1174",5.23819870761632,"FRNK_15_1243",8.01882615500304,"FRNK_9_1237",8.49372501015335,"FRNK_13_1241",7.8045126373651,NA,41.93365431,-111.5717252,41.93370134,-111.5717302,NA,-4.53889408965371,41.933586,-111.5716938,NA,161.056114283507,41.93358354,-111.5716863,NA,157.68508020975,41.93358613,-111.5717023,NA,165.920812216861,0,0,0,0,1,0,0,0
"111","FRNK",7447,"ABLA",NA,1.5,NA,0,"0",1,1,1,1,"0","0","0","0",NA,NA,0,0,"0","0","0","0",0,0,0,0,"0","0","0",NA,0,0,0,0,"0","0","0",NA,0,0,0,0,"0","0","0",NA,0,0,0,0,"0","0","0",NA,0,0,0,0,"0","0","0",NA,0,0,0,0,"0","0","0",NA,NA,NA,NA,NA,1,2,3,4,NA,NA,NA,NA,0,0,0,0,0,"FRNK7447",3848,7447,NA,"Point",2057.905,-16.96,0.0783081344815253,0,0,0,0,"FRNK_7447_1167","FRNK_7463_1174",6.52668041277917,"FRNK_15_1243",7.08257273227112,"FRNK_9_1237",7.62359444188546,"FRNK_13_1241",6.77306666838136,NA,41.9336426,-111.5717332,41.93370134,-111.5717302,NA,2.18394527870674,41.933586,-111.5716938,NA,152.535314596134,41.93358354,-111.5716863,NA,149.333923367509,41.93358613,-111.5717023,NA,157.77575151979,0,0,0,0,1,0,0,0
"112","FRNK",7456,"ABLA",2.5,1.7,0,3,"0",1,1,1,1,"0","0","0","0",NA,NA,0,0,"0","0","3","3",0,0,0,0,"0","0","0",NA,0,0,0,0,"0","0","0",NA,0,0,0,0,"0","0","0",NA,0,0,0,0,"0","0","0",NA,0,0,0,0,"0","0","0",NA,0,0,0,0,"0","0","0",NA,"1DB","1DB","1DB","1DB",1,2,3,4,NA,NA,NA,NA,0,0,0,0,0,"FRNK7456",1436,7456,NA,"Point",2057.978,NA,0.0783957064460546,0,0,0,0,"FRNK_7456_1168","FRNK_7463_1174",3.74528625035465,"FRNK_7445_1159",5.39249287101006,"FRNK_7445_1159",5.39249287101006,"FRNK_7445_1159",5.39249287101006,NA,41.93367753,-111.5716982,41.93370134,-111.5717302,NA,-45.1011038089472,41.93369698,-111.5716386,NA,66.3922508398431,41.93369698,-111.5716386,NA,66.3922508398431,41.93369698,-111.5716386,NA,66.3922508398431,0,0,0,0,1,0,0,0
"113","FRNK",7457,"ABLA",4.7,30.4,3.2,13,"0",1,1,1,1,"0","0","0","0",NA,NA,0,0,"0","0","13","13",0,0,0,0,"0","0","0",NA,0,0,0,0,"0","0","0",NA,0,0,0,0,"0","0","0",NA,0,0,0,0,"0","0","0",NA,0,0,0,0,"0","0","0",NA,0,0,0,0,"0","0","0",NA,"WOB, Rot in area, 4DB","WOB, Rot in area, 4DB","WOB, Rot in area, 4DB","WOB, Rot in area, 4DB",1,2,3,4,NA,NA,NA,NA,0,0,0,0,0,"FRNK7457",1437,7457,NA,"Point",2058.41,NA,0.0812505342072227,0,0,0,0,"FRNK_7457_1169","FRNK_7463_1174",1.27400122100048,"FRNK_7445_1159",7.55240698775326,"FRNK_7445_1159",7.55240698775326,"FRNK_7445_1159",7.55240698775326,NA,41.93368989,-111.5717292,41.93370134,-111.5717302,NA,-3.73116828204761,41.93369698,-111.5716386,NA,84.0170129983768,41.93369698,-111.5716386,NA,84.0170129983768,41.93369698,-111.5716386,NA,84.0170129983768,0,0,0,0,1,0,0,0
"114","FRNK",7458,"ABLA",1.5,8.9,0.8,0,"0",1,1,1,1,"0","0","0",NA,NA,NA,0,0,"0","0","0","0",0,0,0,0,"0","0","0",NA,0,0,0,0,"0","0","0",NA,0,0,0,0,"0","0","0",NA,0,0,0,0,"0","0","0",NA,0,0,0,0,"0","0","0",NA,0,0,0,0,"0","0","0",NA,"Rot in area","Rot in area","Rot in area","Rot in area",1,2,3,4,NA,NA,NA,NA,0,0,0,0,0,"FRNK7458",1438,7458,NA,"Point",2059.154,NA,0.0814585360437,0,0,0,0,"FRNK_7458_1170","FRNK_7463_1174",0.946288865947848,"FRNK_7445_1159",7.52525265935171,"FRNK_7445_1159",7.52525265935171,"FRNK_7445_1159",7.52525265935171,NA,41.93369285,-111.5717292,41.93370134,-111.5717302,NA,-5.02621558369118,41.93369698,-111.5716386,NA,86.5064470450248,41.93369698,-111.5716386,NA,86.5064470450248,41.93369698,-111.5716386,NA,86.5064470450248,0,0,0,0,1,0,0,0
"115","FRNK",7460,"ABLA",1.7,9.9,1.5,0,"0",1,1,1,1,"0","0","0","0",NA,NA,0,0,"0","0","0","0",0,0,0,0,"0","0","0",NA,0,0,0,0,"0","0","0",NA,0,0,0,0,"0","0","0",NA,0,0,0,0,"0","0","0",NA,0,0,0,0,"0","0","0",NA,0,0,0,0,"0","0","0",NA,NA,NA,NA,NA,1,2,3,4,NA,NA,NA,NA,0,0,0,0,0,"FRNK7460",1440,7460,NA,"Point",2059.211,NA,0.0835728589432361,0,0,0,0,"FRNK_7460_1171","FRNK_7463_1174",1.73486164991812,"FRNK_7445_1159",9.34295453534302,"FRNK_7445_1159",9.34295453534302,"FRNK_7445_1159",9.34295453534302,NA,41.93370305,-111.571751,41.93370134,-111.5717302,NA,96.2829992544729,41.93369698,-111.5716386,NA,94.1365982176044,41.93369698,-111.5716386,NA,94.1365982176044,41.93369698,-111.5716386,NA,94.1365982176044,0,0,0,0,1,0,0,0
"116","FRNK",7461,"ABLA",4.8,26.2,0,8,"0",1,1,1,1,"0","0","0","0",NA,NA,0,0,"0","0","9","9",0,0,0,0,"0","0","0",NA,0,0,0,0,"0","0","0",NA,0,0,0,0,"0","0","0",NA,0,0,0,0,"0","0","0",NA,0,0,0,0,"0","0","0",NA,0,0,0,0,"0","0","0",NA,"WOB, 2DB","WOB, 2DB","WOB, 2DB","WOB, 2DB",1,2,3,4,NA,NA,NA,NA,0,0,0,0,0,"FRNK7461",1441,7461,NA,"Point",2058.585,NA,0.0814327847589165,0,0,0,0,"FRNK_7461_1172","FRNK_7463_1174",0.702856226284291,"FRNK_7445_1159",7.14671578675939,"FRNK_7445_1159",7.14671578675939,"FRNK_7445_1159",7.14671578675939,NA,41.93369646,-111.5717248,41.93370134,-111.5717302,NA,-39.5655220971371,41.93369698,-111.5716386,NA,89.5370926776593,41.93369698,-111.5716386,NA,89.5370926776593,41.93369698,-111.5716386,NA,89.5370926776593,0,0,0,0,1,0,0,0
"117","FRNK",7462,"ABLA",NA,2,0,0,"0",1,1,1,1,"0","0","0","0",NA,NA,0,0,"0","0","0","0",0,0,0,0,"0","0","0",NA,0,0,0,0,"0","0","0",NA,0,0,0,0,"0","0","0",NA,0,0,0,0,"0","0","0",NA,0,0,0,0,"0","0","0",NA,0,0,0,0,"0","0","0",NA,NA,NA,NA,NA,1,2,3,4,NA,NA,NA,NA,0,0,0,0,0,"FRNK7462",1442,7462,NA,"Point",2059.874,NA,0.0817714099039851,0,0,0,0,"FRNK_7462_1173","FRNK_7463_1174",1.68214572773194,"FRNK_7445_1159",6.43843193345487,"FRNK_7445_1159",6.43843193345487,"FRNK_7445_1159",6.43843193345487,NA,41.93371056,-111.5717141,41.93370134,-111.5717302,NA,-127.486130478387,41.93369698,-111.5716386,NA,103.543669659959,41.93369698,-111.5716386,NA,103.543669659959,41.93369698,-111.5716386,NA,103.543669659959,0,0,0,0,1,0,0,0
"118","FRNK",7463,"ABLA",5.9,41.1,4.5,5,"0",1,1,1,1,"BO","0","0","0",NA,NA,0,0,"0","0","5","5",0,0,0,0,"0","0","0",NA,1,0,0,0,"0","0","0",NA,0,0,0,0,"0","0","0",NA,0,0,0,0,"0","0","0",NA,0,0,0,0,"0","0","0",NA,0,0,0,0,"0","0","0",NA,"3DB","3DB","3DB","3DB",1,2,3,4,NA,NA,NA,NA,1,0,0,0,0,"FRNK7463",1444,7463,NA,"Point",2059.601,NA,0.0821231088954623,1,0,0,0,"FRNK_7463_1174","FRNK_7445_1159",7.60958749004113,"FRNK_7445_1159",7.60958749004113,"FRNK_7445_1159",7.60958749004113,"FRNK_7445_1159",7.60958749004113,NA,41.93370134,-111.5717302,41.93369698,-111.5716386,NA,93.6473762472056,41.93369698,-111.5716386,NA,93.6473762472056,41.93369698,-111.5716386,NA,93.6473762472056,41.93369698,-111.5716386,NA,93.6473762472056,1,0,0,0,5,5,6,11
"119","FRNK",7464,"ABLA",10.3,48.8,0,19,"0",1,1,1,1,"0","0","0","0",NA,NA,0,0,"0","0","19","19",0,0,0,0,"0","0","0",NA,0,0,0,0,"0","0","0",NA,0,0,0,0,"0","0","0",NA,0,0,0,0,"0","0","0",NA,0,0,0,0,"0","0","0",NA,0,0,0,0,"0","0","0",NA,"3DB","3DB","3DB","3DB",1,2,3,4,NA,NA,NA,NA,0,0,0,0,0,"FRNK7464",1445,7464,NA,"Point",2059.215,NA,0.0840290780824102,0,0,0,0,"FRNK_7464_1175","FRNK_7463_1174",2.02979171235267,"FRNK_7445_1159",8.8933671411521,"FRNK_7445_1159",8.8933671411521,"FRNK_7445_1159",8.8933671411521,NA,41.93371719,-111.5717424,41.93370134,-111.5717302,NA,150.112216988797,41.93369698,-111.5716386,NA,104.614504724728,41.93369698,-111.5716386,NA,104.614504724728,41.93369698,-111.5716386,NA,104.614504724728,0,0,0,0,1,0,0,0
"120","FRNK",7465,"ABLA",NA,4.5,NA,0,"0",1,1,1,1,"0","0","0","0",NA,NA,0,0,"0","0","0","0",0,0,0,0,"0","0","0",NA,0,0,0,0,"0","0","0",NA,0,0,0,0,"0","0","0",NA,0,0,0,0,"0","0","0",NA,0,0,0,0,"0","0","0",NA,0,0,0,0,"0","0","0",NA,"Rot in area","Rot in area","Rot in area","Rot in area",1,2,3,4,NA,NA,NA,NA,0,0,0,0,0,"FRNK7465",1446,7465,NA,"Point",2057.516,NA,0.0804690869681404,0,0,0,0,"FRNK_7465_1176","FRNK_7463_1174",3.54902731394088,"FRNK_7445_1159",4.63724783221645,"FRNK_7445_1159",4.63724783221645,"FRNK_7445_1159",4.63724783221645,NA,41.93371292,-111.5716903,41.93370134,-111.5717302,NA,-111.240153179425,41.93369698,-111.5716386,NA,112.436211436637,41.93369698,-111.5716386,NA,112.436211436637,41.93369698,-111.5716386,NA,112.436211436637,0,0,0,0,1,0,0,0
"121","FRNK",7466,"ABLA",NA,2.6,NA,0,"0",1,1,1,1,"0","0","0","0",NA,NA,0,0,"0","0","0","0",0,0,0,0,"0","0","0",NA,0,0,0,0,"0","0","0",NA,0,0,0,0,"0","0","0",NA,0,0,0,0,"0","0","0",NA,0,0,0,0,"0","0","0",NA,0,0,0,0,"0","0","0",NA,NA,NA,NA,NA,1,2,3,4,NA,NA,NA,NA,0,0,0,0,0,"FRNK7466",1447,7466,NA,"Point",2058.522,NA,0.0798898183964743,0,0,0,0,"FRNK_7466_1177","FRNK_7441_1156",3.50623873891066,"FRNK_7445_1159",3.77490564618155,"FRNK_7445_1159",3.77490564618155,"FRNK_7443_1158",3.56257952820237,NA,41.93372124,-111.5716705,41.93371916,-111.5716283,NA,93.7765932802023,41.93369698,-111.5716386,NA,135.524900373366,41.93369698,-111.5716386,NA,135.524900373366,41.93370252,-111.5716356,NA,125.691701861567,0,0,0,0,1,0,0,0
"122","FRNK",7467,"ABLA",NA,5,NA,0,"0",1,1,1,1,"0","0","0","0",NA,NA,0,0,"0","0","0","0",0,0,0,0,"0","0","0",NA,0,0,0,0,"0","0","0",NA,0,0,0,0,"0","0","0",NA,0,0,0,0,"0","0","0",NA,0,0,0,0,"0","0","0",NA,0,0,0,0,"0","0","0",NA,"WOB, 2DB","WOB, 2DB","WOB, 2DB","WOB, 2DB",1,2,3,4,NA,NA,NA,NA,0,0,0,0,0,"FRNK7467",1448,7467,NA,"Point",2058.261,NA,0.0822620731880792,0,0,0,0,"FRNK_7467_1178","FRNK_7473_1184",4.14837536160267,"FRNK_7477_1188",6.12692367741983,"FRNK_7445_1159",6.275039534773,"FRNK_7443_1158",5.93605709250674,NA,41.93374349,-111.5716816,41.93377328,-111.5716514,NA,37.1245925334459,41.93377375,-111.5716198,NA,56.7450999115344,41.93369698,-111.5716386,NA,145.381043534433,41.93370252,-111.5716356,NA,140.024642537797,0,0,0,0,1,0,0,0
"123","FRNK",7468,"ABLA",4.8,25.4,0,12,"0",1,1,1,1,"0","0","0","0",NA,NA,0,0,"0","0","13","13",0,0,0,0,"0","0","0",NA,0,0,0,0,"0","0","0",NA,0,0,0,0,"0","0","0",NA,0,0,0,0,"0","0","0",NA,0,0,0,0,"0","0","0",NA,0,0,0,0,"0","0","0",NA,NA,NA,NA,NA,1,2,3,4,NA,NA,NA,NA,0,0,0,0,0,"FRNK7468",1449,7468,NA,"Point",2059.282,NA,0.0805081561295111,0,0,0,0,"FRNK_7468_1179","FRNK_7441_1156",3.30298356857063,"FRNK_7440_1155",4.77689360925572,"FRNK_7445_1159",4.87085447304052,"FRNK_7443_1158",4.40310652666235,NA,41.93373812,-111.571659,41.93371916,-111.5716283,NA,129.594134884453,41.93371292,-111.5716123,NA,125.854594462091,41.93369698,-111.5716386,NA,159.682366808723,41.93370252,-111.5716356,NA,153.858011275656,0,0,0,0,1,0,0,0
"124","FRNK",7469,"ABLA",1.2,8.3,0,0,"0",1,1,1,1,"0","0","0","0",NA,NA,0,0,"0","0","0","0",0,0,0,0,"0","0","0",NA,0,0,0,0,"0","0","0",NA,0,0,0,0,"0","0","0",NA,0,0,0,0,"0","0","0",NA,0,0,0,0,"0","0","0",NA,0,0,0,0,"0","0","0",NA,NA,NA,NA,NA,1,2,3,4,NA,NA,NA,NA,0,0,0,0,0,"FRNK7469",1450,7469,NA,"Point",2056.915,NA,0.0806909205396214,0,0,0,0,"FRNK_7469_1180","FRNK_7473_1184",3.07720627829816,"FRNK_7477_1188",4.1183214939945,"FRNK_7445_1159",5.50985179991142,"FRNK_7443_1158",4.9717624990638,NA,41.93374557,-111.5716521,41.93377328,-111.5716514,NA,1.08062339000224,41.93377375,-111.5716198,NA,40.5589249513121,41.93369698,-111.5716386,NA,168.279814338895,41.93370252,-111.5716356,NA,164.029458745734,0,0,0,0,1,0,0,0
"125","FRNK",7470,"ABLA",1,7.3,0,0,"0",1,1,1,1,"0","0","0","0",NA,NA,0,0,"0","0","0","0",0,0,0,0,"0","0","0",NA,0,0,0,0,"0","0","0",NA,0,0,0,0,"0","0","0",NA,0,0,0,0,"0","0","0",NA,0,0,0,0,"0","0","0",NA,0,0,0,0,"0","0","0",NA,NA,NA,NA,NA,1,2,3,4,NA,NA,NA,NA,0,0,0,0,0,"FRNK7470",1451,7470,NA,"Point",2056.744,NA,0.0808366104386392,0,0,0,0,"FRNK_7470_1181","FRNK_7473_1184",2.46172814856198,"FRNK_7477_1188",3.3308765596401,"FRNK_7445_1159",6.07857972693833,"FRNK_7443_1158",5.50326576919502,NA,41.9337514,-111.5716466,41.93377328,-111.5716514,NA,-9.30289697425976,41.93377375,-111.5716198,NA,41.8400739603518,41.93369698,-111.5716386,NA,173.735865088965,41.93370252,-111.5716356,NA,170.461328992864,0,0,0,0,1,0,0,0
"126","FRNK",7471,"ABLA",2.9,17.2,0,7,"0",1,1,1,1,"0","0","0","0",NA,NA,0,0,"0","0","7","7",0,0,0,0,"0","0","0",NA,0,0,0,0,"0","0","0",NA,0,0,0,0,"0","0","0",NA,0,0,0,0,"0","0","0",NA,0,0,0,0,"0","0","0",NA,0,0,0,0,"0","0","0",NA,"WOB","WOB","WOB","WOB",1,2,3,4,NA,NA,NA,NA,0,0,0,0,0,"FRNK7471",1452,7471,NA,"Point",2058.397,NA,0.0834705676418023,0,0,0,0,"FRNK_7471_1182","FRNK_7473_1184",2.10649123267902,"FRNK_7483_1193",4.40420886682658,"FRNK_7485_1195",4.57242023653645,"FRNK_7483_1193",4.40420886682658,NA,41.93376461,-111.571674,41.93377328,-111.5716514,NA,62.8072442998614,41.9338042,-111.5716773,NA,-3.56149812480624,41.93380293,-111.5716942,NA,-21.4851506477534,41.9338042,-111.5716773,NA,-3.56149812480624,0,0,0,0,1,0,0,0
"127","FRNK",7472,"ABLA",NA,4.9,NA,7,"0",1,1,1,1,"0","0","0","0",NA,NA,0,0,"0","0","7","7",0,0,0,0,"0","0","0",NA,0,0,0,0,"0","0","0",NA,0,0,0,0,"0","0","0",NA,0,0,0,0,"0","0","0",NA,0,0,0,0,"0","0","0",NA,0,0,0,0,"0","0","0",NA,"WOB, 3DB","WOB, 3DB","WOB, 3DB","WOB, 3DB",1,2,3,4,NA,NA,NA,NA,0,0,0,0,0,"FRNK7472",1453,7472,NA,"Point",2058.424,NA,0.0858397964737751,0,0,0,0,"FRNK_7472_1183","FRNK_7485_1195",2.10755098183211,"FRNK_7485_1195",2.10755098183211,"FRNK_7485_1195",2.10755098183211,"FRNK_7485_1195",2.10755098183211,NA,41.93378464,-111.5716874,41.93380293,-111.5716942,NA,-15.5152409215125,41.93380293,-111.5716942,NA,-15.5152409215125,41.93380293,-111.5716942,NA,-15.5152409215125,41.93380293,-111.5716942,NA,-15.5152409215125,0,0,0,0,2,3,2,3
"128","FRNK",7473,"ABLA",NA,4.4,NA,17,"0",1,1,1,1,"BO","0","0","0",NA,NA,0,0,"0","0","17","17",0,0,0,0,"0","0","0",NA,0,0,0,0,"0","0","0",NA,0,0,0,0,"0","0","0",NA,0,0,0,0,"0","0","0",NA,1,0,0,0,"0","0","0",NA,0,0,0,0,"0","0","0",NA,"8DB","8DB","8DB","8DB",1,2,3,4,NA,NA,NA,NA,1,0,0,0,0,"FRNK7473",1454,7473,NA,"Point",2058.425,NA,0.0828729556204474,1,0,0,0,"FRNK_7473_1184","FRNK_7483_1193",4.04927994142034,"FRNK_7477_1188",2.62034076337893,"FRNK_7485_1195",4.84030362960969,"FRNK_7483_1193",4.04927994142034,NA,41.93377328,-111.5716514,41.9338042,-111.5716773,NA,-32.0244625105766,41.93377375,-111.5716198,NA,88.8588616208039,41.93380293,-111.5716942,NA,-47.1458159372224,41.9338042,-111.5716773,NA,-32.0244625105766,1,0,0,0,2,2,0,7
"129","FRNK",7474,"ABLA",6.4,30.9,0,18,"0",1,1,1,1,"0","0","0","0",NA,NA,0,0,"0","0","18","18",0,0,0,0,"0","0","0",NA,0,0,0,0,"0","0","0",NA,0,0,0,0,"0","0","0",NA,0,0,0,0,"0","0","0",NA,0,0,0,0,"0","0","0",NA,0,0,0,0,"0","0","0",NA,"WOB, 7DB","WOB, 7DB","WOB, 7DB","WOB, 7DB",1,2,3,4,NA,NA,NA,NA,0,0,0,0,0,"FRNK7474",1455,7474,NA,"Point",2055.686,NA,0.0836838071459162,0,0,0,0,"FRNK_7474_1185","FRNK_7473_1184",1.17727446820113,"FRNK_7483_1193",3.56212837844174,"FRNK_7485_1195",4.05256201305576,"FRNK_7483_1193",3.56212837844174,NA,41.93377333,-111.5716656,41.93377328,-111.5716514,NA,90.2701792171846,41.9338042,-111.5716773,NA,-15.8016614372275,41.93380293,-111.5716942,NA,-35.8091618592528,41.9338042,-111.5716773,NA,-15.8016614372275,0,0,0,0,1,0,0,0
"130","FRNK",7475,"ABLA",4.5,8.6,0,1,"0",1,1,1,1,"0","0","0","0",NA,NA,0,0,"0","0","1","1",0,0,0,0,"0","0","0",NA,0,0,0,0,"0","0","0",NA,0,0,0,0,"0","0","0",NA,0,0,0,0,"0","0","0",NA,0,0,0,0,"0","0","0",NA,0,0,0,0,"0","0","0",NA,"Bent, 1DB","Bent, 1DB","Bent, 1DB","Bent, 1DB",1,2,3,4,NA,NA,NA,NA,0,0,0,0,0,"FRNK7475",1456,7475,NA,"Point",2057.788,NA,0.0801818555445258,0,0,0,0,"FRNK_7475_1186","FRNK_7473_1184",2.72621826278501,"FRNK_7477_1188",2.55761154925872,"FRNK_7445_1159",6.22948894724962,"FRNK_7443_1158",5.60120365308276,NA,41.93375293,-111.571633,41.93377328,-111.5716514,NA,-34.0249369473317,41.93377375,-111.5716198,NA,25.3332138521193,41.93369698,-111.5716386,NA,-175.725885280619,41.93370252,-111.5716356,NA,-177.79450082085,0,0,0,0,1,0,0,0
"131","FRNK",7476,"ABLA",NA,6.4,NA,4,"0",1,1,1,1,"0","0","0","0",NA,NA,0,0,"0","0","4","4",0,0,0,0,"0","0","0",NA,0,0,0,0,"0","0","0",NA,0,0,0,0,"0","0","0",NA,0,0,0,0,"0","0","0",NA,0,0,0,0,"0","0","0",NA,0,0,0,0,"0","0","0",NA,"WOB, 3DB","WOB, 3DB","WOB, 3DB","WOB, 3DB",1,2,3,4,NA,NA,NA,NA,0,0,0,0,0,"FRNK7476",1457,7476,NA,"Point",2055.808,NA,0.0815997763341879,0,0,0,0,"FRNK_7476_1187","FRNK_7473_1184",2.21474682099423,"FRNK_7477_1188",0.480191297364193,"FRNK_7485_1195",6.48713687863719,"FRNK_7410_1129",3.29544636418349,NA,41.9337758,-111.5716249,41.93377328,-111.5716514,NA,-97.2577742635439,41.93377375,-111.5716198,NA,118.294547464567,41.93380293,-111.5716942,NA,-62.3322201978518,41.93379419,-111.5715937,NA,51.7131729172966,0,0,0,0,1,0,0,0
"132","FRNK",7477,"ABLA",2.9,18,2.9,4,"0",1,1,1,1,"0","BO","0","0",NA,NA,0,0,"0","0","4","4",0,0,0,0,"0","0","0",NA,0,1,0,0,"0","0","0",NA,0,0,0,0,"0","0","0",NA,0,0,0,0,"0","0","0",NA,0,0,0,0,"0","0","0",NA,0,0,0,0,"0","0","0",NA,"Rot in area","Rot in area","Rot in area","Rot in area",1,2,3,4,NA,NA,NA,NA,0,1,0,0,1,"FRNK7477",1458,7477,NA,"Point",2056.833,NA,0.0811487286699463,0,1,0,0,"FRNK_7477_1188","FRNK_7473_1184",2.62034076337893,"FRNK_7478_1189",0.663260708549249,"FRNK_7485_1195",6.96730142527611,"FRNK_7410_1129",3.13570999297204,NA,41.93377375,-111.5716198,41.93377328,-111.5716514,NA,-91.1411172618268,41.93377379,-111.5716118,NA,89.6163393129444,41.93380293,-111.5716942,NA,-62.289020381438,41.93379419,-111.5715937,NA,43.6351318271427,0,1,0,0,1,0,0,0
"133","FRNK",7478,"ABLA",1.6,12.1,0,0,"0",1,1,1,1,"0","BO","0","0",NA,NA,0,0,"0","0","0","0",0,0,0,0,"0","0","0",NA,0,1,0,0,"0","0","0",NA,0,0,0,0,"0","0","0",NA,0,0,0,0,"0","0","0",NA,0,0,0,0,"0","0","0",NA,0,0,0,0,"0","0","0",NA,NA,NA,NA,NA,1,2,3,4,NA,NA,NA,NA,0,1,0,0,1,"FRNK7478",1459,7478,NA,"Point",2055.63,NA,0.0807132143661547,0,1,0,0,"FRNK_7478_1189","FRNK_7473_1184",3.28355522016042,"FRNK_7477_1188",0.663260708549249,"FRNK_7419_1136",7.05450317958707,"FRNK_7410_1129",2.71700554277551,NA,41.93377379,-111.5716118,41.93377328,-111.5716514,NA,-90.9881139866084,41.93377375,-111.5716198,NA,-90.3836553408861,41.9337353,-111.5715441,NA,127.285910575326,41.93379419,-111.5715937,NA,33.5247202602529,0,1,0,0,1,0,0,0
"134","FRNK",7479,"ABLA",2.1,15,3.5,0,"0",1,1,1,1,"0","0","0","0",NA,NA,0,0,"0","0","0","0",0,0,0,0,"0","0","0",NA,0,0,0,0,"0","0","0",NA,0,0,0,0,"0","0","0",NA,0,0,0,0,"0","0","0",NA,0,0,0,0,"0","0","0",NA,0,0,0,0,"0","0","0",NA,NA,NA,NA,NA,1,2,3,4,NA,NA,NA,NA,0,0,0,0,0,"FRNK7479",1460,7479,NA,"Point",2056.28,NA,0.0802825231122088,0,0,0,0,"FRNK_7479_1190","FRNK_7473_1184",3.30257697084476,"FRNK_7478_1189",0.596753057380227,"FRNK_7419_1136",6.73091591115487,"FRNK_7410_1129",3.24250681202738,NA,41.93376842,-111.5716121,41.93377328,-111.5716514,NA,-80.5962528828974,41.93377379,-111.5716118,NA,2.38868889356978,41.9337353,-111.5715441,NA,123.115915056011,41.93379419,-111.5715937,NA,28.0640639204963,0,0,0,0,1,0,0,0
"135","FRNK",7480,"ABLA",2.1,12.7,2.3,2,"0",1,1,1,1,"0","0","0","0",NA,NA,0,0,"0","0","2","2",0,0,0,0,"0","0","0",NA,0,0,0,0,"0","0","0",NA,0,0,0,0,"0","0","0",NA,0,0,0,0,"0","0","0",NA,0,0,0,0,"0","0","0",NA,0,0,0,0,"0","0","0",NA,"WOB","WOB","WOB","WOB",1,2,3,4,NA,NA,NA,NA,0,0,0,0,0,"FRNK7480",1461,7480,NA,"Point",2056.328,NA,0.0801995016685492,0,0,0,0,"FRNK_7480_1191","FRNK_7473_1184",3.73810639701928,"FRNK_7478_1189",0.533900884620849,"FRNK_7419_1136",6.52220611733739,"FRNK_7410_1129",2.76430064135561,NA,41.93377117,-111.5716064,41.93377328,-111.5716514,NA,-86.4067883804347,41.93377379,-111.5716118,NA,-56.9850244678841,41.9337353,-111.5715441,NA,127.635207184943,41.93379419,-111.5715937,NA,22.3890006730616,0,0,0,0,1,0,0,0
"136","FRNK",7482,"ABLA",2.8,13.2,0,14,"0",1,1,1,1,"0","BO","0","0",NA,NA,0,0,"0","0","14","14",0,1,0,0,"0","0","0",NA,0,0,0,0,"0","0","0",NA,0,0,0,0,"0","0","0",NA,0,0,0,0,"0","0","0",NA,0,0,0,0,"0","0","0",NA,0,0,0,0,"0","0","0",NA,"8DB","8DB","8DB","8DB",1,2,3,4,NA,NA,NA,NA,0,1,0,0,1,"FRNK7482",1463,7482,NA,"Point",2057.876,NA,0.0861941451601089,0,1,0,0,"FRNK_7482_1192","FRNK_7483_1193",1.40199984489776,"FRNK_7483_1193",1.40199984489776,"FRNK_7485_1195",2.80268901514372,"FRNK_7483_1193",1.40199984489776,NA,41.93380728,-111.5716609,41.9338042,-111.5716773,NA,-104.117952273597,41.9338042,-111.5716773,NA,-104.117952273597,41.93380293,-111.5716942,NA,-99.9232213707914,41.9338042,-111.5716773,NA,-104.117952273597,0,1,0,0,2,2,0,7
"137","FRNK",7483,"ABLA",5.5,33.9,5.8,8,"0",1,1,1,1,"BO","BO","BO","BO",NA,NA,0,0,"0","0","8","8",0,0,0,1,"0","0","0",NA,1,1,0,2,"0","0","0",NA,0,0,0,1,"0","0","0",NA,0,0,0,1,"0","0","0",NA,1,1,0,1,"0","0","0",NA,0,0,0,1,"0","0","0",NA,"3DB","3DB","3DB","3DB",1,2,3,4,NA,NA,NA,NA,1,1,0,1,0,"FRNK7483",1464,7483,NA,"Point",2059.31,NA,0.0868509187787153,1,1,0,1,"FRNK_7483_1193","FRNK_7485_1195",1.40818396432375,"FRNK_7482_1192",1.40199984489776,"FRNK_7485_1195",1.40818396432375,"FRNK_7485_1195",1.40818396432375,NA,41.9338042,-111.5716773,41.93380293,-111.5716942,NA,-95.746955575618,41.93380728,-111.5716609,NA,75.8820367667486,41.93380293,-111.5716942,NA,-95.746955575618,41.93380293,-111.5716942,NA,-95.746955575618,2,2,0,7,2,3,2,3
"138","FRNK",7484,"ABLA",NA,2.8,NA,0,"0",1,1,1,1,"BO","0","0","0",NA,NA,1,1,"0","0","0","0",0,0,0,0,"0","0","0",NA,1,0,0,0,"0","0","0",NA,1,0,0,0,"0","0","0",NA,0,0,0,0,"0","0","0",NA,0,0,0,0,"0","0","0",NA,0,0,0,0,"0","0","0",NA,NA,NA,NA,NA,1,2,3,4,NA,NA,NA,NA,1,0,0,0,0,"FRNK7484",1465,7484,NA,"Point",2058.116,NA,0.0885426416867623,1,0,0,0,"FRNK_7484_1194","FRNK_7483_1193",1.81340440710581,"FRNK_7483_1193",1.81340440710581,"FRNK_7485_1195",1.97812686138523,"FRNK_7483_1193",1.81340440710581,NA,41.93381943,-111.5716852,41.9338042,-111.5716773,NA,158.827672318255,41.9338042,-111.5716773,NA,158.827672318255,41.93380293,-111.5716942,NA,-157.839592560926,41.9338042,-111.5716773,NA,158.827672318255,2,0,0,0,2,2,0,7
"139","FRNK",7485,"ABLA",2.6,12.3,6,2,"0",1,1,1,1,"BO","BO","BO","BO",NA,NA,1,1,"0","0","3","3",0,1,2,2,"0","0","0",NA,2,1,0,1,"0","0","0",NA,0,0,0,0,"0","0","0",NA,0,0,0,0,"0","0","0",NA,0,1,0,0,"0","0","0",NA,0,0,0,0,"0","0","0",NA,"2DB","2DB","2DB","2DB",1,2,3,4,NA,NA,NA,NA,1,1,1,1,0,"FRNK7485",NA,7485,NA,"Point",2059.032,NA,0.0876998915738876,1,1,1,1,"FRNK_7485_1195","FRNK_7489_1197",1.24454047527173,"FRNK_7489_1197",1.24454047527173,"FRNK_7445_1159",12.6345792559194,"FRNK_7483_1193",1.40818396432375,NA,41.93380293,-111.5716942,41.93380634,-111.5717085,NA,-72.2887335182848,41.93380634,-111.5717085,NA,-72.2887335182848,41.93369698,-111.5716386,NA,158.602437807751,41.9338042,-111.5716773,NA,84.2530331305925,2,3,2,3,1,1,0,0
"140","FRNK",7486,"ABLA",8,41.8,3.5,0,"0",1,1,1,1,"BO","BO","BO","BO",NA,NA,0,0,"0","0","0","0",1,1,2,2,"0","0","0","0",2,2,2,2,"0","1-3","1–2","1-1",2,2,2,2,"0","0","0",NA,2,2,2,2,"0","0","0",NA,2,2,2,2,"0","1-1","1–1","1-1",2,2,2,2,"2-2","2-1","2–0","2-1","North low obstructed","North low obstructed","North low obstructed","North low obstructed",1,2,3,4,NA,NA,NA,NA,1,1,1,1,0,"FRNK7486",1466,7486,NA,"Point",2059.032,NA,0.0876998915738876,1,1,1,1,"FRNK_7486_1196","FRNK_7489_1197",1.24454047527173,"FRNK_7489_1197",1.24454047527173,"FRNK_7445_1159",12.6345792559194,"FRNK_7483_1193",1.40818396432375,NA,41.93380293,-111.5716942,41.93380634,-111.5717085,NA,-72.2887335182848,41.93380634,-111.5717085,NA,-72.2887335182848,41.93369698,-111.5716386,NA,158.602437807751,41.9338042,-111.5716773,NA,84.2530331305925,11,11,12,12,1,1,0,0
"141","FRNK",7489,"ABLA",1.1,9.4,0,0,"0",1,1,1,1,"BO","BO","0","0",NA,NA,0,0,"0","0","0","0",0,0,0,0,"0","0","0",NA,0,0,0,0,"0","0","0",NA,0,0,0,0,"0","0","0",NA,0,0,0,0,"0","0","0",NA,1,1,0,0,"0","0","0",NA,0,0,0,0,"0","0","0",NA,NA,NA,NA,NA,1,2,3,4,NA,NA,NA,NA,1,1,0,0,0,"FRNK7489",1467,7489,NA,"Point",2059.336,NA,0.0887892041722883,1,1,0,0,"FRNK_7489_1197","FRNK_7485_1195",1.24454047527173,"FRNK_7485_1195",1.24454047527173,"FRNK_7485_1195",1.24454047527173,"FRNK_7485_1195",1.24454047527173,NA,41.93380634,-111.5717085,41.93380293,-111.5716942,NA,107.711256925431,41.93380293,-111.5716942,NA,107.711256925431,41.93380293,-111.5716942,NA,107.711256925431,41.93380293,-111.5716942,NA,107.711256925431,1,1,0,0,2,3,2,3
"142","FRNK",7490,"ABLA",16.5,70.2,9.8,7,"0",1,1,1,1,"0","BO","0","BO",NA,NA,0,0,"0","0","7","7",0,1,0,2,"0","0","0",NA,0,0,0,1,"0","0","0",NA,0,0,0,0,"0","0","0",NA,0,0,0,0,"0","0","0",NA,0,0,0,0,"0","0","0",NA,0,0,0,0,"0","0","0",NA,"Rot in area, 2DB, Split top","Rot in area, 2DB, Split top","Rot in area, 2DB, Split top","Rot in area, 2DB, Split top",1,2,3,4,NA,NA,NA,NA,0,1,0,1,1,"FRNK7490",1468,7490,NA,"Point",2058.038,NA,0.0908425972422593,0,1,0,1,"FRNK_7490_1198","FRNK_7489_1197",2.11704564588212,"FRNK_7489_1197",2.11704564588212,"FRNK_7485_1195",3.33644937761386,"FRNK_7485_1195",3.33644937761386,NA,41.93381651,-111.5717301,41.93380634,-111.5717085,NA,122.233844110084,41.93380634,-111.5717085,NA,122.233844110084,41.93380293,-111.5716942,NA,116.866690904202,41.93380293,-111.5716942,NA,116.866690904202,0,1,0,3,1,1,0,0
"143","FRNK",7491,"ABLA",NA,3.4,NA,5,"0",1,1,1,1,"0","0","0","0",NA,NA,0,0,"0","0","5","5",0,0,0,0,"0","0","0",NA,0,0,0,0,"0","0","0",NA,0,0,0,0,"0","0","0",NA,0,0,0,0,"0","0","0",NA,0,0,0,0,"0","0","0",NA,0,0,0,0,"0","0","0",NA,"3DB","3DB","3DB","3DB",1,2,3,4,NA,NA,NA,NA,0,0,0,0,0,"FRNK7491",1469,7491,NA,"Point",2057.214,NA,0.0917071393932241,0,0,0,0,"FRNK_7491_1199","FRNK_7492_1200",1.45102891126354,"FRNK_7490_1198",1.58011747669436,"FRNK_7485_1195",4.68363948347387,"FRNK_7490_1198",1.58011747669436,NA,41.93381376,-111.5717488,41.93381235,-111.5717662,NA,-96.1937590373745,41.93381651,-111.5717301,NA,78.858348462749,41.93380293,-111.5716942,NA,104.876494970367,41.93381651,-111.5717301,NA,78.858348462749,0,0,0,0,1,0,0,0
"144","FRNK",7492,"ABLA",1.1,8.7,0,0,"0",1,1,1,1,"BO","0","0","0",NA,NA,0,0,"0","0","0","0",0,0,0,0,"0","0","0",NA,0,0,0,0,"0","0","0",NA,0,0,0,0,"0","0","0",NA,0,0,0,0,"0","0","0",NA,1,0,0,0,"0","0","0",NA,0,0,0,0,"0","0","0",NA,NA,NA,NA,NA,1,2,3,4,NA,NA,NA,NA,1,0,0,0,0,"FRNK7492",1470,7492,NA,"Point",2057.648,NA,0.0926178804410348,1,0,0,0,"FRNK_7492_1200","FRNK_7489_1197",4.82997572349134,"FRNK_7493_1201",0.838831765097371,"FRNK_7485_1195",6.06014739894524,"FRNK_7490_1198",3.02832634355418,NA,41.93381235,-111.5717662,41.93380634,-111.5717085,NA,97.9411848136046,41.9338112,-111.5717762,NA,-98.7554774796055,41.93380293,-111.5716942,NA,99.9383001450239,41.93381651,-111.5717301,NA,81.2268588022984,1,0,0,0,1,1,0,0
"145","FRNK",7493,"ABLA",1.1,8.2,0,2,"0",1,1,1,1,"0","BO","0","0",NA,NA,0,0,"0","0","2","2",0,0,0,0,"0","0","0",NA,0,0,0,0,"0","0","0",NA,0,0,0,0,"0","0","0",NA,0,0,0,0,"0","0","0",NA,0,1,0,0,"0","0","0",NA,0,0,0,0,"0","0","0",NA,"WOB","WOB","WOB","WOB",1,2,3,4,NA,NA,NA,NA,0,1,0,0,1,"FRNK7493",1471,7493,NA,"Point",2059.007,NA,0.0931211890931059,0,1,0,0,"FRNK_7493_1201","FRNK_7492_1200",0.838831765097371,"FRNK_7490_1198",3.86715807743612,"FRNK_7485_1195",6.85999710188864,"FRNK_7490_1198",3.86715807743612,NA,41.9338112,-111.5717762,41.93381235,-111.5717662,NA,81.2445158376778,41.93381651,-111.5717301,NA,81.2306835866161,41.93380293,-111.5716942,NA,97.6922065601058,41.93381651,-111.5717301,NA,81.2306835866161,0,1,0,0,1,0,0,0
"146","FRNK",7494,"ABLA",NA,3.8,NA,1,"0",1,1,1,1,"0","0","0","0",NA,NA,0,0,"0","0","1","1",0,0,0,0,"0","0","0",NA,0,0,0,0,"0","0","0",NA,0,0,0,0,"0","0","0",NA,0,0,0,0,"0","0","0",NA,0,0,0,0,"0","0","0",NA,0,0,0,0,"0","0","0",NA,"Rot in area, 1DB","Rot in area, 1DB","Rot in area, 1DB","Rot in area, 1DB",1,2,3,4,NA,NA,NA,NA,0,0,0,0,0,"FRNK7494",1472,7494,NA,"Point",2059.625,NA,0.0895650821008404,0,0,0,0,"FRNK_7494_1202","FRNK_7492_1200",3.0590400891522,"FRNK_7490_1198",2.88335055694971,"FRNK_7485_1195",4.09865591518702,"FRNK_7490_1198",2.88335055694971,NA,41.93379195,-111.5717414,41.93381235,-111.5717662,NA,-42.2313762845069,41.93381651,-111.5717301,NA,18.9602212926269,41.93380293,-111.5716942,NA,72.6958971555646,41.93381651,-111.5717301,NA,18.9602212926269,0,0,0,0,1,0,0,0
"147","FRNK",7495,"ABLA",3.2,18.4,0,4,"0",1,1,1,1,"0","0","0","0",NA,NA,0,0,"0","0","4","4",0,0,0,0,"0","0","0",NA,0,0,0,0,"0","0","0",NA,0,0,0,0,"0","0","0",NA,0,0,0,0,"0","0","0",NA,0,0,0,0,"0","0","0",NA,0,0,0,0,"0","0","0",NA,"WOB, 1DB","WOB, 1DB","WOB, 1DB","WOB, 1DB",1,2,3,4,NA,NA,NA,NA,0,0,0,0,0,"FRNK7495",1473,7495,NA,"Point",2059.323,NA,0.0850682602717246,0,0,0,0,"FRNK_7495_1203","FRNK_7463_1174",3.22925633056297,"FRNK_7489_1197",9.30908684083989,"FRNK_7485_1195",9.44216311913312,"FRNK_7485_1195",9.44216311913312,NA,41.93372758,-111.571747,41.93370134,-111.5717302,NA,154.449131495241,41.93380634,-111.5717085,NA,20.0522356653428,41.93380293,-111.5716942,NA,27.6198853018371,41.93380293,-111.5716942,NA,27.6198853018371,0,0,0,0,1,0,0,0
"148","FRNK",7496,"ABLA",3.6,18.4,0,13,"0",1,1,1,1,"0","0","0","0",NA,NA,0,0,"0","0","13","13",0,0,0,0,"0","0","0",NA,0,0,0,0,"0","0","0",NA,0,0,0,0,"0","0","0",NA,0,0,0,0,"0","0","0",NA,0,0,0,0,"0","0","0",NA,0,0,0,0,"0","0","0",NA,"5DB","5DB","5DB","5DB",1,2,3,4,NA,NA,NA,NA,0,0,0,0,0,"FRNK7496",1474,7496,NA,"Point",2057.963,NA,0.0863864686629071,0,0,0,0,"FRNK_7496_1204","FRNK_7463_1174",4.49335387615522,"FRNK_7493_1201",8.48984734325728,"FRNK_7485_1195",9.14978667156915,"FRNK_7485_1195",9.14978667156915,NA,41.9337359,-111.5717584,41.93370134,-111.5717302,NA,148.646842974247,41.9338112,-111.5717762,NA,-10.010105595999,41.93380293,-111.5716942,NA,35.5710827823667,41.93380293,-111.5716942,NA,35.5710827823667,0,0,0,0,1,0,0,0
"149","FRNK",7497,"ABLA",NA,5.2,NA,1,"0",1,1,1,1,"0","0","0","0",NA,NA,0,0,"0","0","1","1",0,0,0,0,"0","0","0",NA,0,0,0,0,"0","0","0",NA,0,0,0,0,"0","0","0",NA,0,0,0,0,"0","0","0",NA,0,0,0,0,"0","0","0",NA,0,0,0,0,"0","0","0",NA,"WOB","WOB","WOB","WOB",1,2,3,4,NA,NA,NA,NA,0,0,0,0,0,"FRNK7497",1475,7497,NA,"Point",2058.535,NA,0.0778861778497636,0,0,0,0,"FRNK_7497_1205","FRNK_12_1240",6.37515229289104,"FRNK_15_1243",5.84954104570148,"FRNK_12_1240",6.37515229289104,"FRNK_13_1241",5.27642067461952,NA,41.933616,-111.5717518,41.93357527,-111.5716976,NA,135.182845971931,41.933586,-111.5716938,NA,124.710645906434,41.93357527,-111.5716976,NA,135.182845971931,41.93358613,-111.5717023,NA,128.943081195442,0,0,0,0,8,10,8,12
"150","FRNK",7498,"ABLA",1.5,9.9,0,0,"0",1,1,1,1,"0","0","0","0",NA,NA,0,0,"0","0","0","0",0,0,0,0,"0","0","0",NA,0,0,0,0,"0","0","0",NA,0,0,0,0,"0","0","0",NA,0,0,0,0,"0","0","0",NA,0,0,0,0,"0","0","0",NA,0,0,0,0,"0","0","0",NA,NA,NA,NA,NA,1,2,3,4,NA,NA,NA,NA,0,0,0,0,0,"FRNK7498",1476,7498,NA,"Point",2058.721,NA,0.0773638804354708,0,0,0,0,"FRNK_7498_1206","FRNK_12_1240",5.78338645422292,"FRNK_7021_1211",4.49463266700385,"FRNK_12_1240",5.78338645422292,"FRNK_13_1241",5.04076981028448,NA,41.93359582,-111.5717617,41.93357527,-111.5716976,NA,113.236213080544,41.93356261,-111.5717307,NA,145.12330175337,41.93357527,-111.5716976,NA,113.236213080544,41.93358613,-111.5717023,NA,102.323826716762,0,0,0,0,8,10,8,12
"151","FRNK",7500,"ABLA",6.7,35.9,5.8,7,"0",1,1,1,1,"0","0","0","0",NA,NA,0,0,"0","0","7","7",0,0,0,0,"0","0","0",NA,0,0,0,0,"0","0","0",NA,0,0,0,0,"0","0","0",NA,0,0,0,0,"0","0","0",NA,0,0,0,0,"0","0","0",NA,0,0,0,0,"0","0","0",NA,"2DB, split top","2DB, split top","2DB, split top","2DB, split top",1,2,3,4,NA,NA,NA,NA,0,0,0,0,0,"FRNK7500",1477,7500,NA,"Point",2063.806,NA,0.0729440073186619,0,0,0,0,"FRNK_7500_1207","FRNK_12_1240",1.61435316008789,"FRNK_12_1240",1.61435316008789,"FRNK_12_1240",1.61435316008789,"FRNK_12_1240",1.61435316008789,NA,41.93357402,-111.571717,41.93357527,-111.5716976,NA,85.0681037614924,41.93357527,-111.5716976,NA,85.0681037614924,41.93357527,-111.5716976,NA,85.0681037614924,41.93357527,-111.5716976,NA,85.0681037614924,0,0,0,0,8,10,8,12
"152","FRNK",7015,"ABLA",2.4,24.9,3.6,1,"0",1,1,1,1,"0","0","0","0",NA,NA,0,0,"0","0","1","1",0,0,0,0,"0","0","0",NA,0,0,0,0,"0","0","0",NA,0,0,0,0,"0","0","0",NA,0,0,0,0,"0","0","0",NA,0,0,0,0,"0","0","0",NA,0,0,0,0,"0","0","0",NA,"1DB","1DB","1DB","1DB",1,2,3,4,NA,NA,NA,NA,0,0,0,0,0,"FRNK7015",1478,7015,NA,"Point",2057.626,NA,0.0752698786448592,0,0,0,0,"FRNK_7015_1208","FRNK_12_1240",5.00099914823113,"FRNK_7021_1211",2.16373983312373,"FRNK_12_1240",5.00099914823113,"FRNK_12_1240",5.00099914823113,NA,41.93356555,-111.5717565,41.93357527,-111.5716976,NA,77.5374892060096,41.93356261,-111.5717307,NA,98.6769811862086,41.93357527,-111.5716976,NA,77.5374892060096,41.93357527,-111.5716976,NA,77.5374892060096,0,0,0,0,8,10,8,12
"153","FRNK",7025,"ABLA",2.8,20.9,4.5,0,"0",1,1,1,1,"0","0","0","0",NA,NA,0,0,"0","0","0","0",0,0,0,0,"0","0","0",NA,0,0,0,0,"0","0","0",NA,0,0,0,0,"0","0","0",NA,0,0,0,0,"0","0","0",NA,0,0,0,0,"0","0","0",NA,0,0,0,0,"0","0","0",NA,NA,NA,NA,NA,1,2,3,4,NA,NA,NA,NA,0,0,0,0,0,"FRNK7025",1479,7025,NA,"Point",2056.819,NA,0.0747305168609962,0,0,0,0,"FRNK_7025_1209","FRNK_12_1240",4.7825278532449,"FRNK_7021_1211",1.78778830336838,"FRNK_12_1240",4.7825278532449,"FRNK_12_1240",4.7825278532449,NA,41.93356137,-111.5717522,41.93357527,-111.5716976,NA,71.1736416504262,41.93356261,-111.5717307,NA,85.5832586328263,41.93357527,-111.5716976,NA,71.1736416504262,41.93357527,-111.5716976,NA,71.1736416504262,0,0,0,0,8,10,8,12
"154","FRNK",7006,"ABLA",1.7,12,2.3,2,"0",1,1,1,1,"0","0","0","0",NA,NA,0,0,"0","0","3","3",0,0,0,0,"0","0","0",NA,0,0,0,0,"0","0","0",NA,0,0,0,0,"0","0","0",NA,0,0,0,0,"0","0","0",NA,0,0,0,0,"0","0","0",NA,0,0,0,0,"0","0","0",NA,"2DB","2DB","2DB","2DB",1,2,3,4,NA,NA,NA,NA,0,0,0,0,0,"FRNK7006",1480,7006,NA,"Point",2059.311,NA,0.0742554739566851,0,0,0,0,"FRNK_7006_1210","FRNK_12_1240",4.7517941937143,"FRNK_7021_1211",1.6708672101131,"FRNK_12_1240",4.7517941937143,"FRNK_12_1240",4.7517941937143,NA,41.93355664,-111.5717492,41.93357527,-111.5716976,NA,64.1949988719735,41.93356261,-111.5717307,NA,66.6272105010946,41.93357527,-111.5716976,NA,64.1949988719735,41.93357527,-111.5716976,NA,64.1949988719735,0,0,0,0,8,10,8,12
"155","FRNK",7021,"ABLA",5.8,39.4,5.3,0,"0",1,1,1,1,"0","BO","0","0",NA,NA,0,0,"0","0","0","0",0,0,0,0,"0","0","0",NA,0,0,0,0,"0","0","0",NA,0,0,0,0,"0","0","0",NA,0,0,0,0,"0","0","0",NA,0,1,0,0,"0","0","0",NA,0,1,0,0,"0","0","0",NA,NA,NA,NA,NA,1,2,3,4,NA,NA,NA,NA,0,1,0,0,1,"FRNK7021",1482,7021,NA,"Point",2060.624,NA,0.0732597495264285,0,1,0,0,"FRNK_7021_1211","FRNK_12_1240",3.08324767209995,"FRNK_12_1240",3.08324767209995,"FRNK_12_1240",3.08324767209995,"FRNK_12_1240",3.08324767209995,NA,41.93356261,-111.5717307,41.93357527,-111.5716976,NA,62.8772317918351,41.93357527,-111.5716976,NA,62.8772317918351,41.93357527,-111.5716976,NA,62.8772317918351,41.93357527,-111.5716976,NA,62.8772317918351,0,2,0,0,8,10,8,12
"156","FRNK",7011,"ABLA",3.2,7.2,3.6,0,"0",1,1,1,1,"0","0","0","0",NA,NA,0,0,"0","0","0","0",0,0,0,0,"0","0","0",NA,0,0,0,0,"0","0","0",NA,0,0,0,0,"0","0","0",NA,0,0,0,0,"0","0","0",NA,0,0,0,0,"0","0","0",NA,0,0,0,0,"0","0","0",NA,"Bent","Bent","Bent","Bent",1,2,3,4,NA,NA,NA,NA,0,0,0,0,0,"FRNK7011",1483,7011,NA,"Point",2059.759,NA,0.0720711133653754,0,0,0,0,"FRNK_7011_1212","FRNK_12_1240",3.50305237723034,"FRNK_7021_1211",1.47796065719005,"FRNK_12_1240",3.50305237723034,"FRNK_7328_1226",2.5912648025335,NA,41.9335504,-111.5717236,41.93357527,-111.5716976,NA,37.976368710227,41.93356261,-111.5717307,NA,-23.4702937630651,41.93357527,-111.5716976,NA,37.976368710227,41.93353988,-111.5716957,NA,116.792538957248,0,0,0,0,8,10,8,12
"157","FRNK",7038,"ABLA",3.5,17.5,2.3,0,"0",1,1,1,1,"0","0","0","0",NA,NA,0,0,"0","0","0","0",0,0,0,0,"0","0","0",NA,0,0,0,0,"0","0","0",NA,0,0,0,0,"0","0","0",NA,0,0,0,0,"0","0","0",NA,0,0,0,0,"0","0","0",NA,0,0,0,0,"0","0","0",NA,NA,NA,NA,NA,1,2,3,4,NA,NA,NA,NA,0,0,0,0,0,"FRNK7038",1497,7038,NA,"Point",2061.443,NA,0.0706241907859566,0,0,0,0,"FRNK_7038_1213","FRNK_12_1240",2.29697564837544,"FRNK_12_1240",2.29697564837544,"FRNK_12_1240",2.29697564837544,"FRNK_7328_1226",1.67930876336832,NA,41.93355466,-111.5717,41.93357527,-111.5716976,NA,4.96944659056957,41.93357527,-111.5716976,NA,4.96944659056957,41.93357527,-111.5716976,NA,4.96944659056957,41.93353988,-111.5716957,NA,167.743571662703,0,0,0,0,8,10,8,12
"158","FRNK",7003,"ABLA",2.1,13.4,2.1,0,"0",1,1,1,1,"0","0","0","0",NA,NA,0,0,"0","0","0","0",0,0,0,0,"0","0","0",NA,0,0,0,0,"0","0","0",NA,0,0,0,0,"0","0","0",NA,0,0,0,0,"0","0","0",NA,0,0,0,0,"0","0","0",NA,0,0,0,0,"0","0","0",NA,NA,NA,NA,NA,1,2,3,4,NA,NA,NA,NA,0,0,0,0,0,"FRNK7003",1485,7003,NA,"Point",2059.894,NA,0.0729881354292988,0,0,0,0,"FRNK_7003_1214","FRNK_12_1240",4.10274736567389,"FRNK_7021_1211",1.29509527672734,"FRNK_12_1240",4.10274736567389,"FRNK_7328_1226",3.54332828274605,NA,41.93355151,-111.5717355,41.93357527,-111.5716976,NA,49.9837108281438,41.93356261,-111.5717307,NA,17.895012385631,41.93357527,-111.5716976,NA,49.9837108281438,41.93353988,-111.5716957,NA,111.372341340883,0,0,0,0,8,10,8,12
"159","FRNK",7074,"ABLA",3,6.7,4.9,1,"0",1,1,1,1,"0","0","0","0",NA,NA,0,0,"0","0","1","1",0,0,0,0,"0","0","0",NA,0,0,0,0,"0","0","0",NA,0,0,0,0,"0","0","0",NA,0,0,0,0,"0","0","0",NA,0,0,0,0,"0","0","0",NA,0,0,0,0,"0","0","0",NA,"1DB, Bent","1DB, Bent","1DB, Bent","1DB, Bent",1,2,3,4,NA,NA,NA,NA,0,0,0,0,0,"FRNK7074",1491,7074,NA,"Point",2060.851,NA,0.0718919245572121,0,0,0,0,"FRNK_7074_1215","FRNK_12_1240",2.38183276762568,"FRNK_7021_1211",1.39067543955311,"FRNK_12_1240",2.38183276762568,"FRNK_12_1240",2.38183276762568,NA,41.9335582,-111.571715,41.93357527,-111.5716976,NA,37.275846710724,41.93356261,-111.5717307,NA,-69.3846962327111,41.93357527,-111.5716976,NA,37.275846710724,41.93357527,-111.5716976,NA,37.275846710724,0,0,0,0,8,10,8,12
"160","FRNK",7075,"ABLA",2.3,6.7,4.5,1,"0",1,1,1,1,"0","0","0","0",NA,NA,0,0,"0","0","1","1",0,0,0,0,"0","0","0",NA,0,0,0,0,"0","0","0",NA,0,0,0,0,"0","0","0",NA,0,0,0,0,"0","0","0",NA,0,0,0,0,"0","0","0",NA,0,0,0,0,"0","0","0",NA,"Bent","Bent","Bent","Bent",1,2,3,4,NA,NA,NA,NA,0,0,0,0,0,"FRNK7075",1490,7075,NA,"Point",2061.03,NA,0.0715398810887854,0,0,0,0,"FRNK_7075_1216","FRNK_12_1240",2.70252232113351,"FRNK_7021_1211",1.72489950380482,"FRNK_12_1240",2.70252232113351,"FRNK_7328_1226",2.14575407728954,NA,41.93355398,-111.5717134,41.93357527,-111.5716976,NA,28.992868465804,41.93356261,-111.5717307,NA,-56.2543261107499,41.93357527,-111.5716976,NA,28.992868465804,41.93353988,-111.5716957,NA,136.852466056565,0,0,0,0,8,10,8,12
"161","FRNK",7019,"ABLA",1.1,10,2.5,1,"0",1,1,1,1,"0","0","0","0",NA,NA,0,0,"0","0","1","1",0,0,0,0,"0","0","0",NA,0,0,0,0,"0","0","0",NA,0,0,0,0,"0","0","0",NA,0,0,0,0,"0","0","0",NA,0,0,0,0,"0","0","0",NA,0,0,0,0,"0","0","0",NA,"WOB","WOB","WOB","WOB",1,2,3,4,NA,NA,NA,NA,0,0,0,0,0,"FRNK7019",1484,7019,NA,"Point",2060.142,NA,0.0721799974238125,0,0,0,0,"FRNK_7019_1217","FRNK_12_1240",3.76067879773465,"FRNK_7021_1211",1.55865561505514,"FRNK_12_1240",3.76067879773465,"FRNK_7328_1226",2.72302302559943,NA,41.93354898,-111.5717262,41.93357527,-111.5716976,NA,39.0870854631567,41.93356261,-111.5717307,NA,-13.8486645190999,41.93357527,-111.5716976,NA,39.0870854631567,41.93353988,-111.5716957,NA,111.780402413554,0,0,0,0,8,10,8,12
"162","FRNK",7010,"ABLA",2.3,14.6,6.3,0,"0",1,1,1,1,"0","0","0","0",NA,NA,0,0,"0","0","0","0",0,0,0,0,"0","0","0",NA,0,0,0,0,"0","0","0",NA,0,0,0,0,"0","0","0",NA,0,0,0,0,"0","0","0",NA,0,0,0,0,"0","0","0",NA,0,0,0,0,"0","0","0",NA,NA,NA,NA,NA,1,2,3,4,NA,NA,NA,NA,0,0,0,0,0,"FRNK7010",1488,7010,NA,"Point",2060.097,NA,0.0721307292633859,0,0,0,0,"FRNK_7010_1218","FRNK_12_1240",3.45861118643054,"FRNK_7021_1211",1.39780322697518,"FRNK_12_1240",3.45861118643054,"FRNK_7328_1226",2.64861700881354,NA,41.93355109,-111.5717239,41.93357527,-111.5716976,NA,39.0821792990356,41.93356261,-111.5717307,NA,-23.7858401759053,41.93357527,-111.5716976,NA,39.0821792990356,41.93353988,-111.5716957,NA,118.029469557049,0,0,0,0,8,10,8,12
"163","FRNK",7005,"ABLA",3.7,26,0,2,"0",1,1,1,1,"0","0","0","0",NA,NA,0,0,"0","0","3","3",0,0,0,0,"0","0","0",NA,0,0,0,0,"0","0","0",NA,0,0,0,0,"0","0","0",NA,0,0,0,0,"0","0","0",NA,0,0,0,0,"0","0","0",NA,0,0,0,0,"0","0","0",NA,NA,NA,NA,NA,1,2,3,4,NA,NA,NA,NA,0,0,0,0,0,"FRNK7005",1486,7005,NA,"Point",2059.306,NA,0.0717262498712971,0,0,0,0,"FRNK_7005_1219","FRNK_12_1240",4.17891830928447,"FRNK_7021_1211",2.21068862371334,"FRNK_12_1240",4.17891830928447,"FRNK_7328_1226",2.39313982200929,NA,41.9335433,-111.5717242,41.93357527,-111.5716976,NA,31.8515416346664,41.93356261,-111.5717307,NA,-14.108874594511,41.93357527,-111.5716976,NA,31.8515416346664,41.93353988,-111.5716957,NA,99.1298250695246,0,0,0,0,8,10,8,12
"164","FRNK",7020,"ABLA",1.2,9.6,2.5,0,"0",1,1,1,1,"0","0","0","0",NA,NA,0,0,"0","0","0","0",0,0,0,0,"0","0","0",NA,0,0,0,0,"0","0","0",NA,0,0,0,0,"0","0","0",NA,0,0,0,0,"0","0","0",NA,0,0,0,0,"0","0","0",NA,0,0,0,0,"0","0","0",NA,NA,NA,NA,NA,1,2,3,4,NA,NA,NA,NA,0,0,0,0,0,"FRNK7020",1487,7020,NA,"Point",2059.793,NA,0.0716584888926167,0,0,0,0,"FRNK_7020_1220","FRNK_12_1240",3.79054174113136,"FRNK_7021_1211",2.00229702791855,"FRNK_12_1240",3.79054174113136,"FRNK_7328_1226",2.22164420449709,NA,41.93354603,-111.5717212,41.93357527,-111.5716976,NA,31.0759982792357,41.93356261,-111.5717307,NA,-23.1632165489133,41.93357527,-111.5716976,NA,31.0759982792357,41.93353988,-111.5716957,NA,107.900028221045,0,0,0,0,8,10,8,12
"165","FRNK",7323,"ABLA",6.2,38,0,0,"0",1,1,1,1,"0","0","0","0",NA,NA,0,0,"0","0","0","0",0,0,0,0,"0","0","0",NA,0,0,0,0,"0","0","0",NA,0,0,0,0,"0","0","0",NA,0,0,0,0,"0","0","0",NA,0,0,0,0,"0","0","0",NA,0,0,0,0,"0","0","0",NA,NA,NA,NA,NA,1,2,3,4,NA,NA,NA,NA,0,0,0,0,0,"FRNK7323",1499,7323,NA,"Point",2058.856,NA,0.0691094174475633,0,0,0,0,"FRNK_7323_1221","FRNK_12_1240",4.9453322747447,"FRNK_8_1236",3.62684941175876,"FRNK_12_1240",4.9453322747447,"FRNK_7328_1226",1.02566005234689,NA,41.93353073,-111.5716974,41.93357527,-111.5716976,NA,-0.192107286011632,41.93355672,-111.5716709,NA,37.2837295953237,41.93357527,-111.5716976,NA,-0.192107286011632,41.93353988,-111.5716957,NA,7.89824464478251,0,0,0,0,8,10,8,12
"166","FRNK",7056,"ABLA",3.5,6.7,2.8,0,"0",1,1,1,1,"0","0","0","0",NA,NA,0,0,"0","0","0","0",0,0,0,0,"0","0","0",NA,0,0,0,0,"0","0","0",NA,0,0,0,0,"0","0","0",NA,0,0,0,0,"0","0","0",NA,0,0,0,0,"0","0","0",NA,0,0,0,0,"0","0","0",NA,"Bent","Bent","Bent","Bent",1,2,3,4,NA,NA,NA,NA,0,0,0,0,0,"FRNK7056",1489,7056,NA,"Point",2060.664,NA,0.0712767073301236,0,0,0,0,"FRNK_7056_1222","FRNK_12_1240",3.05513398910239,"FRNK_7021_1211",2.03340983625616,"FRNK_12_1240",3.05513398910239,"FRNK_7328_1226",1.81431350408962,NA,41.93355017,-111.5717127,41.93357527,-111.5716976,NA,24.1899383982515,41.93356261,-111.5717307,NA,-47.2138760956422,41.93357527,-111.5716976,NA,24.1899383982515,41.93353988,-111.5716957,NA,129.029288512253,0,0,0,0,8,10,8,12
"167","FRNK",7119,"ABLA",2.1,14.8,1.7,0,"0",1,1,1,1,"0","0","0","0",NA,NA,0,0,"0","0","0","0",0,0,0,0,"0","0","0",NA,0,0,0,0,"0","0","0",NA,0,0,0,0,"0","0","0",NA,0,0,0,0,"0","0","0",NA,0,0,0,0,"0","0","0",NA,0,0,0,0,"0","0","0",NA,NA,NA,NA,NA,1,2,3,4,NA,NA,NA,NA,0,0,0,0,0,"FRNK7119",1495,7119,NA,"Point",2060.875,NA,0.0712562016436402,0,0,0,0,"FRNK_7119_1223","FRNK_12_1240",2.55520381447151,"FRNK_7021_1211",2.00752584314743,"FRNK_12_1240",2.55520381447151,"FRNK_7328_1226",1.93685332971728,NA,41.93355401,-111.5717094,41.93357527,-111.5716976,NA,22.5110797582399,41.93356261,-111.5717307,NA,-61.5988387555573,41.93357527,-111.5716976,NA,22.5110797582399,41.93353988,-111.5716957,NA,144.096515747625,0,0,0,0,8,10,8,12
"168","FRNK",7077,"ABLA",1.1,6.7,NA,1,"0",1,1,1,1,"0","0","0","0",NA,NA,0,0,"0","0","2","2",0,0,0,0,"0","0","0",NA,0,0,0,0,"0","0","0",NA,0,0,0,0,"0","0","0",NA,0,0,0,0,"0","0","0",NA,0,0,0,0,"0","0","0",NA,0,0,0,0,"0","0","0",NA,"Bent","Bent","Bent","Bent",1,2,3,4,NA,NA,NA,NA,0,0,0,0,0,"FRNK7077",1493,7077,NA,"Point",2061.69,NA,0.0709138441446775,0,0,0,0,"FRNK_7077_1224","FRNK_12_1240",2.76093113873586,"FRNK_7021_1211",2.34991376723678,"FRNK_12_1240",2.76093113873586,"FRNK_7328_1226",1.56637773701066,NA,41.93355135,-111.5717067,41.93357527,-111.5716976,NA,15.8581853463786,41.93356261,-111.5717307,NA,-57.8578417305622,41.93357527,-111.5716976,NA,15.8581853463786,41.93353988,-111.5716957,NA,144.393615885803,0,0,0,0,8,10,8,12
"169","FRNK",7320,"ABLA",3.7,28.4,0,0,"0",1,1,1,1,"0","0","0","0",NA,NA,0,0,"0","0","0","0",0,0,0,0,"0","0","0",NA,0,0,0,0,"0","0","0",NA,0,0,0,0,"0","0","0",NA,0,0,0,0,"0","0","0",NA,0,0,0,0,"0","0","0",NA,0,0,0,0,"0","0","0",NA,NA,NA,NA,NA,1,2,3,4,NA,NA,NA,NA,0,0,0,0,0,"FRNK7320",1501,7320,NA,"Point",2059.373,NA,0.0684395754696584,0,0,0,0,"FRNK_7320_1225","FRNK_12_1240",5.4978339209941,"FRNK_8_1236",3.8269553596671,"FRNK_12_1240",5.4978339209941,"FRNK_7328_1226",1.58180961161038,NA,41.93352595,-111.5716917,41.93357527,-111.5716976,NA,-5.10438655806364,41.93355672,-111.5716709,NA,26.7825037402371,41.93357527,-111.5716976,NA,-5.10438655806364,41.93353988,-111.5716957,NA,-12.1017588010401,0,0,0,0,8,10,8,12
"170","FRNK",7328,"ABLA",5.2,32.6,0,0,"0",1,1,1,1,"0","0","BO","BO",NA,NA,0,0,"0","0","0","0",0,0,0,2,"0","0","0",NA,0,0,0,2,"0","0","0",NA,0,0,0,1,"0","0","0",NA,0,0,0,2,"0","0","0",NA,0,0,0,2,"0","0","0",NA,0,0,0,1,"0","0","0",NA,NA,NA,NA,NA,1,2,3,4,NA,NA,NA,NA,0,0,0,1,1,"FRNK7328",1500,7328,NA,"Point",2057.962,NA,0.0694870111765002,0,0,0,1,"FRNK_7328_1226","FRNK_12_1240",3.9325302770058,"FRNK_8_1236",2.77910206547033,"FRNK_12_1240",3.9325302770058,"FRNK_12_1240",3.9325302770058,NA,41.93353988,-111.5716957,41.93357527,-111.5716976,NA,-2.29565306086796,41.93355672,-111.5716709,NA,47.7171202883359,41.93357527,-111.5716976,NA,-2.29565306086796,41.93357527,-111.5716976,NA,-2.29565306086796,0,0,0,10,8,10,8,12
"171","FRNK",7035,"ABLA",1,7.7,2.3,0,"0",1,1,1,1,"0","0","0","0",NA,NA,0,0,"0","0","0","0",0,0,0,0,"0","0","0",NA,0,0,0,0,"0","0","0",NA,0,0,0,0,"0","0","0",NA,0,0,0,0,"0","0","0",NA,0,0,0,0,"0","0","0",NA,0,0,0,0,"0","0","0",NA,NA,NA,NA,NA,1,2,3,4,NA,NA,NA,NA,0,0,0,0,0,"FRNK7035",1481,7035,NA,"Point",2061.98,NA,0.0733960552455844,0,0,0,0,"FRNK_7035_1227","FRNK_12_1240",3.21002537348583,"FRNK_7021_1211",0.150038191141224,"FRNK_12_1240",3.21002537348583,"FRNK_12_1240",3.21002537348583,NA,41.93356275,-111.5717325,41.93357527,-111.5716976,NA,64.3386703086179,41.93356261,-111.5717307,NA,95.9466389736177,41.93357527,-111.5716976,NA,64.3386703086179,41.93357527,-111.5716976,NA,64.3386703086179,0,0,0,0,8,10,8,12
"172","FRNK",1,"ABLA",5.5,32.7,0,0,"0",1,1,1,1,"0","0","0","0",NA,NA,0,0,"0","0","0","0",0,0,0,0,"0","0","0",NA,0,0,0,0,"0","0","0",NA,0,0,0,0,"0","0","0",NA,0,0,0,0,"0","0","0",NA,0,0,0,0,"0","0","0",NA,0,0,0,0,"0","0","0",NA,NA,NA,NA,NA,1,2,3,4,NA,NA,NA,NA,0,0,0,0,0,"FRNK1",1502,1,NA,"Point",2059.24,NA,0.0674129521181741,0,0,0,0,"FRNK_1_1228","FRNK_12_1240",6.11395091453019,"FRNK_8_1236",3.97553237173653,"FRNK_12_1240",6.11395091453019,"FRNK_7328_1226",2.37370330527194,NA,41.93352167,-111.5716807,41.93357527,-111.5716976,NA,-13.2479902486688,41.93355672,-111.5716709,NA,11.7926125507793,41.93357527,-111.5716976,NA,-13.2479902486688,41.93353988,-111.5716957,NA,-31.5944293121055,0,0,0,0,8,10,8,12
"173","FRNK",2,"ABLA",NA,6.5,NA,2,"0",1,1,1,1,"0","0","0","0",NA,NA,0,0,"0","0","3","3",0,0,0,0,"0","0","0",NA,0,0,0,0,"0","0","0",NA,0,0,0,0,"0","0","0",NA,0,0,0,0,"0","0","0",NA,0,0,0,0,"0","0","0",NA,0,0,0,0,"0","0","0",NA,"WOB, Rot in area","WOB, Rot in area","WOB, Rot in area","WOB, Rot in area",1,2,3,4,NA,NA,NA,NA,0,0,0,0,0,"FRNK2",1504,2,NA,"Point",2056.291,NA,0.0679286021590621,0,0,0,0,"FRNK_2_1229","FRNK_12_1240",4.28326257887125,"FRNK_8_1236",1.69464697295234,"FRNK_12_1240",4.28326257887125,"FRNK_7328_1226",1.92366165364726,NA,41.93354151,-111.5716726,41.93357527,-111.5716976,NA,-28.9401064052342,41.93355672,-111.5716709,NA,4.77067983577188,41.93357527,-111.5716976,NA,-28.9401064052342,41.93353988,-111.5716957,NA,-95.3984180055094,0,0,0,0,8,10,8,12
"174","FRNK",3,"ABLA",4.4,29.8,0,0,"0",1,1,1,1,"0","0","0","0",NA,NA,0,0,"0","0","0","0",0,0,0,0,"0","0","0",NA,0,0,0,0,"0","0","0",NA,0,0,0,0,"0","0","0",NA,0,0,0,0,"0","0","0",NA,0,0,0,0,"0","0","0",NA,0,0,0,0,"0","0","0",NA,NA,NA,NA,NA,1,2,3,4,NA,NA,NA,NA,0,0,0,0,0,"FRNK3",1503,3,NA,"Point",2057.646,NA,0.066702301370679,0,0,0,0,"FRNK_3_1230","FRNK_12_1240",6.5214581743147,"FRNK_8_1236",4.1200034928413,"FRNK_12_1240",6.5214581743147,"FRNK_7328_1226",2.9642328079208,NA,41.93351963,-111.5716724,41.93357527,-111.5716976,NA,-18.6848510067058,41.93355672,-111.5716709,NA,1.72969008900997,41.93357527,-111.5716976,NA,-18.6848510067058,41.93353988,-111.5716957,NA,-40.6678603559037,0,0,0,0,8,10,8,12
"175","FRNK",4,"ABLA",6,31.6,0,6,"0",1,1,1,1,"0","0","0","0",NA,NA,0,0,"0","0","6","6",0,0,0,0,"0","0","0",NA,0,0,0,0,"0","0","0",NA,0,0,0,0,"0","0","0",NA,0,0,0,0,"0","0","0",NA,0,0,0,0,"0","0","0",NA,0,0,0,0,"0","0","0",NA,"2DB","2DB","2DB","2DB",1,2,3,4,NA,NA,NA,NA,0,0,0,0,0,"FRNK4",1505,4,NA,"Point",2059.292,NA,0.0656557866517942,0,0,0,0,"FRNK_4_1231","FRNK_12_1240",9.28557518881653,"FRNK_8_1236",7.0834773402545,"FRNK_12_1240",9.28557518881653,"FRNK_7328_1226",5.42495938326137,NA,41.93349308,-111.5716769,41.93357527,-111.5716976,NA,-10.6506001190474,41.93355672,-111.5716709,NA,4.02690143111342,41.93357527,-111.5716976,NA,-10.6506001190474,41.93353988,-111.5716957,NA,-16.6968495240454,0,0,0,0,8,10,8,12
"176","FRNK",43,"ABLA",NA,1.1,NA,1,"0",1,1,NA,NA,"0","0",NA,NA,NA,NA,NA,NA,"0","0",NA,NA,0,0,NA,NA,"0","0",NA,NA,0,0,NA,NA,"0","0",NA,NA,0,0,NA,NA,"0","0",NA,NA,0,0,NA,NA,"0","0",NA,NA,0,0,NA,NA,"0","0",NA,NA,0,0,NA,NA,"0","0",NA,NA,"1DB","1DB",NA,NA,1,2,NA,NA,NA,NA,NA,NA,0,0,NA,NA,NA,"FRNK43",1548,43,NA,"Point",2060.394,NA,0.0701251868759838,0,0,NA,NA,"FRNK_43_1232","FRNK_12_1240",9.99725848917652,"FRNK_7021_1211",8.02740145551987,"FRNK_12_1240",9.99725848917652,"FRNK_7328_1226",6.52253551896104,NA,41.93349054,-111.5717384,41.93357527,-111.5716976,NA,19.7763296382463,41.93356261,-111.5717307,NA,4.56124272156706,41.93357527,-111.5716976,NA,19.7763296382463,41.93353988,-111.5716957,NA,32.8708465445314,0,0,NA,NA,8,10,8,12
"177","FRNK",5,"ABLA",2.2,11.1,0,2,"0",1,1,1,1,"0","0","0","0",NA,NA,0,0,"0","0","2","2",0,0,0,0,"0","0","0",NA,0,0,0,0,"0","0","0",NA,0,0,0,0,"0","0","0",NA,0,0,0,0,"0","0","0",NA,0,0,0,0,"0","0","0",NA,0,0,0,0,"0","0","0",NA,"WOB","WOB","WOB","WOB",1,2,3,4,NA,NA,NA,NA,0,0,0,0,0,"FRNK5",1506,5,NA,"Point",2058.578,NA,0.0655611264403915,0,0,0,0,"FRNK_5_1233","FRNK_9_1237",5.83891345021229,"FRNK_8_1236",3.81549208765604,"FRNK_9_1237",5.83891345021229,"FRNK_21_1249",3.96944394275949,NA,41.93355778,-111.5716249,41.93358354,-111.5716863,NA,-60.6697360177232,41.93355672,-111.5716709,NA,-91.7676076700667,41.93358354,-111.5716863,NA,-60.6697360177232,41.93359158,-111.5716405,NA,-19.0153968688975,0,0,0,0,12,13,13,12
"178","FRNK",6,"ABLA",NA,6.6,NA,4,"0",1,1,1,1,"0","0","0","0",NA,NA,0,0,"0","0","4","4",0,0,0,0,"0","0","0",NA,0,0,0,0,"0","0","0",NA,0,0,0,0,"0","0","0",NA,0,0,0,0,"0","0","0",NA,0,0,0,0,"0","0","0",NA,0,0,0,0,"0","0","0",NA,"3DB","3DB","3DB","3DB",1,2,3,4,NA,NA,NA,NA,0,0,0,0,0,"FRNK6",1507,6,NA,"Point",2057.069,NA,0.06676434166084,0,0,0,0,"FRNK_6_1234","FRNK_9_1237",4.62788940233005,"FRNK_8_1236",2.40146118857252,"FRNK_9_1237",4.62788940233005,"FRNK_21_1249",3.71050775217313,NA,41.93355818,-111.571642,41.93358354,-111.5716863,NA,-52.5240707276398,41.93355672,-111.5716709,NA,-93.870544121859,41.93358354,-111.5716863,NA,-52.5240707276398,41.93359158,-111.5716405,NA,1.92064752530477,0,0,0,0,12,13,13,12
"179","FRNK",7,"ABLA",1.3,8.3,0.6,1,"0",1,1,1,1,"0","0","0","0",NA,NA,0,0,"0","0","1","1",0,0,0,0,"0","0","0",NA,0,0,0,0,"0","0","0",NA,0,0,0,0,"0","0","0",NA,0,0,0,0,"0","0","0",NA,0,0,0,0,"0","0","0",NA,0,0,0,0,"0","0","0",NA,"Rot in area, 1DB","Rot in area, 1DB","Rot in area, 1DB","Rot in area, 1DB",1,2,3,4,NA,NA,NA,NA,0,0,0,0,0,"FRNK7",1508,7,NA,"Point",2057.963,NA,0.0682417112885281,0,0,0,0,"FRNK_7_1235","FRNK_9_1237",3.16742931897348,"FRNK_8_1236",1.41521901729704,"FRNK_9_1237",3.16742931897348,"FRNK_10_1238",2.55541437953347,NA,41.93356471,-111.5716576,41.93358354,-111.5716863,NA,-48.6952173759722,41.93355672,-111.5716709,NA,-128.818343023915,41.93358354,-111.5716863,NA,-48.6952173759722,41.93358456,-111.5716732,NA,-30.4053879695409,0,0,0,0,12,13,13,12
"180","FRNK",8,"ABLA",2.4,15.7,0,0,"0",1,1,1,1,"0","BO","0","0",NA,NA,0,0,"0","0","0","0",0,0,0,0,"0","0","0",NA,0,1,0,0,"0","0","0",NA,0,0,0,0,"0","0","0",NA,0,0,0,0,"0","0","0",NA,0,0,0,0,"0","0","0",NA,0,0,0,0,"0","0","0",NA,NA,NA,NA,NA,1,2,3,4,NA,NA,NA,NA,0,1,0,0,1,"FRNK8",1509,8,NA,"Point",2059.171,NA,0.0686898867988891,0,1,0,0,"FRNK_8_1236","FRNK_12_1240",3.02357552881146,"FRNK_12_1240",3.02357552881146,"FRNK_12_1240",3.02357552881146,"FRNK_7328_1226",2.77910206547033,NA,41.93355672,-111.5716709,41.93357527,-111.5716976,NA,-47.0635753483831,41.93357527,-111.5716976,NA,-47.0635753483831,41.93357527,-111.5716976,NA,-47.0635753483831,41.93353988,-111.5716957,NA,-132.282863138611,0,1,0,0,8,10,8,12
"181","FRNK",9,"ABLA",5.5,25.5,0,0,"0",1,1,1,1,"BR, BO","BR, BO","BR, BO","BR, BO",NA,NA,1,1,"0","0","0","0",2,2,2,2,"0","4-1","4–3","4-4",2,2,2,2,"2-2","2-2","2–2","2-3",2,2,2,2,"3-2","3-3","3–2","3-1",1,2,2,2,"0","2-2","2–1","2-2",2,2,2,2,"3-4","3-5","3–4","3-2",3,3,3,2,"1-5","1-6","1–2","1-2",NA,NA,"sm 2 dots accident","sm 2 dots accident",1,2,3,4,NA,NA,NA,NA,1,1,1,1,0,"FRNK9",1510,9,NA,"Point",2060.23,NA,0.0713758808915953,1,1,1,1,"FRNK_9_1237","FRNK_12_1240",1.31179221559433,"FRNK_15_1243",0.679140425867278,"FRNK_12_1240",1.31179221559433,"FRNK_15_1243",0.679140425867278,NA,41.93358354,-111.5716863,41.93357527,-111.5716976,NA,-134.42509224649,41.933586,-111.5716938,NA,-66.285588546664,41.93357527,-111.5716976,NA,-134.42509224649,41.933586,-111.5716938,NA,-66.285588546664,12,13,13,12,8,10,8,12
"182","FRNK",10,"ABLA",2.9,7.5,1.1,0,"0",1,1,1,1,"0","BO","BO","BO",NA,NA,0,0,"0","0","0","0",0,0,0,1,"0","0","0",NA,0,1,0,0,"0","0","0",NA,0,0,0,0,"0","0","0",NA,0,0,0,0,"0","0","0",NA,0,0,0,0,"0","0","0",NA,0,0,0,0,"0","0","0",NA,"Bent","Bent","Bent","Bent",1,2,3,4,NA,NA,NA,NA,0,1,0,1,1,"FRNK10",1511,10,NA,"Point",2057.678,NA,0.070538582972371,0,1,0,1,"FRNK_10_1238","FRNK_9_1237",1.0919570357689,"FRNK_9_1237",1.0919570357689,"FRNK_9_1237",1.0919570357689,"FRNK_9_1237",1.0919570357689,NA,41.93358456,-111.5716732,41.93358354,-111.5716863,NA,-95.9530761082956,41.93358354,-111.5716863,NA,-95.9530761082956,41.93358354,-111.5716863,NA,-95.9530761082956,41.93358354,-111.5716863,NA,-95.9530761082956,0,1,0,1,12,13,13,12
"183","FRNK",11,"ABLA",NA,7.1,NA,5,"0",1,1,1,1,"0","0","0","0",NA,NA,0,0,"0","0","5","5",0,0,0,0,"0","0","0",NA,0,0,0,0,"0","0","0",NA,0,0,0,0,"0","0","0",NA,0,0,0,0,"0","0","0",NA,0,0,0,0,"0","0","0",NA,0,0,0,0,"0","0","0",NA,"WOB, Rot in area, 1DB","WOB, Rot in area, 1DB","WOB, Rot in area, 1DB","WOB, Rot in area, 1DB",1,2,3,4,NA,NA,NA,NA,0,0,0,0,0,"FRNK11",1512,11,NA,"Point",2058.349,NA,0.0705765956256668,0,0,0,0,"FRNK_11_1239","FRNK_9_1237",1.26370646695941,"FRNK_10_1238",0.279060296867539,"FRNK_9_1237",1.26370646695941,"FRNK_10_1238",0.279060296867539,NA,41.93358681,-111.5716717,41.93358354,-111.5716863,NA,-106.696720917999,41.93358456,-111.5716732,NA,-153.536043090248,41.93358354,-111.5716863,NA,-106.696720917999,41.93358456,-111.5716732,NA,-153.536043090248,0,0,0,0,12,13,13,12
"184","FRNK",12,"ABLA",6.5,38.9,0,1,"0",1,1,1,1,"BO","BO","BO","BO",NA,NA,0,0,"0","0","1","1",2,2,2,2,"0","0","0",NA,2,2,2,2,"0","2-1","2–0","2-0",2,2,2,2,"0","0","0",NA,0,2,2,2,"0","0","0",NA,1,1,0,2,"0","0","0",NA,1,1,0,2,"0","0","0",NA,NA,NA,NA,NA,1,2,3,4,NA,NA,NA,NA,1,1,1,1,0,"FRNK12",1514,12,NA,"Point",2060.396,NA,0.0716586786839385,1,1,1,1,"FRNK_12_1240","FRNK_9_1237",1.31179221559433,"FRNK_15_1243",1.23230982757795,"FRNK_9_1237",1.31179221559433,"FRNK_15_1243",1.23230982757795,NA,41.93357527,-111.5716976,41.93358354,-111.5716863,NA,45.5749002020741,41.933586,-111.5716938,NA,14.8122335490617,41.93358354,-111.5716863,NA,45.5749002020741,41.933586,-111.5716938,NA,14.8122335490617,8,10,8,12,12,13,13,12
"185","FRNK",13,"ABLA",1.6,10.5,2.7,0,"0",1,1,1,1,"0","0","0","BO",NA,NA,0,0,"0","0","0","0",0,0,0,0,"0","0","0",NA,0,0,0,0,"0","0","0",NA,0,0,0,1,"0","0","0",NA,0,0,0,0,"0","0","0",NA,0,0,0,0,"0","0","0",NA,0,0,0,1,"0","0","0",NA,"Rot in area","Rot in area","Rot in area","Rot in area",1,2,3,4,NA,NA,NA,NA,0,0,0,1,1,"FRNK13",1515,13,NA,"Point",2060.306,NA,0.0726399319016847,0,0,0,1,"FRNK_13_1241","FRNK_12_1240",1.26718959791329,"FRNK_15_1243",0.704848582116752,"FRNK_12_1240",1.26718959791329,"FRNK_15_1243",0.704848582116752,NA,41.93358613,-111.5717023,41.93357527,-111.5716976,NA,162.091493044384,41.933586,-111.5716938,NA,91.1733895940818,41.93357527,-111.5716976,NA,162.091493044384,41.933586,-111.5716938,NA,91.1733895940818,0,0,0,2,8,10,8,12
"186","FRNK",14,"ABLA",1,7.4,4.5,0,"0",1,1,1,1,"0","0","0","0",NA,NA,0,0,"0","0","0","0",0,0,0,0,"0","0","0",NA,0,0,0,0,"0","0","0",NA,0,0,0,0,"0","0","0",NA,0,0,0,0,"0","0","0",NA,0,0,0,0,"0","0","0",NA,0,0,0,0,"0","0","0",NA,"Rot in area","Rot in area","Rot in area","Rot in area",1,2,3,4,NA,NA,NA,NA,0,0,0,0,0,"FRNK14",1516,14,NA,"Point",2060.349,NA,0.0727400842986893,0,0,0,0,"FRNK_14_1242","FRNK_9_1237",1.76393729984989,"FRNK_15_1243",1.42149745009469,"FRNK_9_1237",1.76393729984989,"FRNK_15_1243",1.42149745009469,NA,41.93359876,-111.5716924,41.93358354,-111.5716863,NA,163.339316341712,41.933586,-111.5716938,NA,-175.316460666855,41.93358354,-111.5716863,NA,163.339316341712,41.933586,-111.5716938,NA,-175.316460666855,0,0,0,0,12,13,13,12
"187","FRNK",15,"ABLA",1.8,9.4,0.8,1,"0",1,1,1,1,"0","BO","BO","BO",NA,NA,0,1,"0","0","1","1",0,1,0,1,"0","0","0",NA,0,0,0,0,"0","0","0",NA,0,0,0,0,"0","0","0",NA,0,1,0,0,"0","0","0",NA,0,0,0,0,"0","0","0",NA,0,0,0,0,"0","0","0",NA,NA,NA,NA,NA,1,2,3,4,NA,NA,NA,NA,0,1,0,1,1,"FRNK15",1518,15,NA,"Point",2058.134,NA,0.0720442387229729,0,1,0,1,"FRNK_15_1243","FRNK_9_1237",0.679140425867278,"FRNK_9_1237",0.679140425867278,"FRNK_9_1237",0.679140425867278,"FRNK_9_1237",0.679140425867278,NA,41.933586,-111.5716938,41.93358354,-111.5716863,NA,113.714406441321,41.93358354,-111.5716863,NA,113.714406441321,41.93358354,-111.5716863,NA,113.714406441321,41.93358354,-111.5716863,NA,113.714406441321,0,2,0,1,12,13,13,12
"188","FRNK",16,"ABLA",1.1,8.8,0.6,3,"0",1,1,1,1,"0","0","0","0",NA,NA,0,0,"0","0","3","3",0,0,0,0,"0","0","0",NA,0,0,0,0,"0","0","0",NA,0,0,0,0,"0","0","0",NA,0,0,0,0,"0","0","0",NA,0,0,0,0,"0","0","0",NA,0,0,0,0,"0","0","0",NA,"WOB","WOB","WOB","WOB",1,2,3,4,NA,NA,NA,NA,0,0,0,0,0,"FRNK16",1519,16,NA,"Point",2058.823,NA,0.0731927193051601,0,0,0,0,"FRNK_16_1244","FRNK_9_1237",1.82151143450979,"FRNK_15_1243",1.17002034564262,"FRNK_9_1237",1.82151143450979,"FRNK_13_1241",0.813637429928287,NA,41.93359336,-111.5717039,41.93358354,-111.5716863,NA,126.768279956894,41.933586,-111.5716938,NA,134.301733491694,41.93358354,-111.5716863,NA,126.768279956894,41.93358613,-111.5717023,NA,170.617027310578,0,0,0,0,12,13,13,12
"189","FRNK",17,"ABLA",1,8.1,0,0,"0",1,1,1,1,"0","0","0","0",NA,NA,0,0,"0","0","0","0",0,0,0,0,"0","0","0",NA,0,0,0,0,"0","0","0",NA,0,0,0,0,"0","0","0",NA,0,0,0,0,"0","0","0",NA,0,0,0,0,"0","0","0",NA,0,0,0,0,"0","0","0",NA,NA,NA,NA,NA,1,2,3,4,NA,NA,NA,NA,0,0,0,0,0,"FRNK17",1520,17,NA,"Point",2059.376,NA,0.0747568696404917,0,0,0,0,"FRNK_17_1245","FRNK_9_1237",3.38623451855335,"FRNK_15_1243",2.724596228826,"FRNK_9_1237",3.38623451855335,"FRNK_13_1241",2.20382481200368,NA,41.9336012,-111.5717196,41.93358354,-111.5716863,NA,125.383781287964,41.933586,-111.5716938,NA,128.273683528934,41.93358354,-111.5716863,NA,125.383781287964,41.93358613,-111.5717023,NA,139.397227164396,0,0,0,0,12,13,13,12
"190","FRNK",18,"ABLA",1.1,7.5,0,0,"0",1,1,1,1,"0","0","0","0",NA,NA,0,0,"0","0","0","0",0,0,0,0,"0","0","0",NA,0,0,0,0,"0","0","0",NA,0,0,0,0,"0","0","0",NA,0,0,0,0,"0","0","0",NA,0,0,0,0,"0","0","0",NA,0,0,0,0,"0","0","0",NA,NA,NA,NA,NA,1,2,3,4,NA,NA,NA,NA,0,0,0,0,0,"FRNK18",1521,18,NA,"Point",2056.618,NA,0.0664771770103919,0,0,0,0,"FRNK_18_1246","FRNK_7031_1064",6.22551252362558,"FRNK_10_1238",8.12683895422108,"FRNK_9_1237",9.1769065724703,"FRNK_7007_1631",3.24269516484886,NA,41.93361304,-111.5715829,41.9336297,-111.5715112,NA,72.7148263114134,41.93358456,-111.5716732,NA,-112.898475965082,41.93358354,-111.5716863,NA,-110.911009470848,41.93358639,-111.5715669,NA,155.853452029741,0,0,0,0,1,0,0,1
"191","FRNK",19,"ABLA",NA,5.9,NA,3,"0",1,1,1,1,"0","0","0","0",NA,NA,0,0,"0","0","3","3",0,0,0,0,"0","0","0",NA,0,0,0,0,"0","0","0",NA,0,0,0,0,"0","0","0",NA,0,0,0,0,"0","0","0",NA,0,0,0,0,"0","0","0",NA,0,0,0,0,"0","0","0",NA,"3DB","3DB","3DB","3DB",1,2,3,4,NA,NA,NA,NA,0,0,0,0,0,"FRNK19",1523,19,NA,"Point",2056.573,NA,0.0664391732899879,0,0,0,0,"FRNK_19_1247","FRNK_7031_1064",6.39692096136023,"FRNK_10_1238",7.94419745818086,"FRNK_9_1237",8.99908304276804,"FRNK_7007_1631",3.115436340368,NA,41.93361126,-111.5715843,41.9336297,-111.5715112,NA,71.33336180074,41.93358456,-111.5716732,NA,-111.911081459519,41.93358354,-111.5716863,NA,-109.999298744687,41.93358639,-111.5715669,NA,152.416712486777,0,0,0,0,1,0,0,1
"192","FRNK",20,"ABLA",2.5,15.7,0,4,"0",1,1,1,1,"0","0","0","0",NA,NA,0,0,"0","0","4","4",0,0,0,0,"0","0","0",NA,0,0,0,0,"0","0","0",NA,0,0,0,0,"0","0","0",NA,0,0,0,0,"0","0","0",NA,0,0,0,0,"0","0","0",NA,0,0,0,0,"0","0","0",NA,"WOB, Rot in area, 1DB","WOB, Rot in area, 1DB","WOB, Rot in area, 1DB","WOB, Rot in area, 1DB",1,2,3,4,NA,NA,NA,NA,0,0,0,0,0,"FRNK20",1524,20,NA,"Point",2057.041,NA,0.0667849891590691,0,0,0,0,"FRNK_20_1248","FRNK_9_1237",6.02620277561817,"FRNK_10_1238",4.93439529770239,"FRNK_9_1237",6.02620277561817,"FRNK_21_1249",2.23409090284112,NA,41.93358836,-111.5716139,41.93358354,-111.5716863,NA,-95.0949415176647,41.93358456,-111.5716732,NA,-94.9050561401396,41.93358354,-111.5716863,NA,-95.0949415176647,41.93359158,-111.5716405,NA,-80.7914295636582,0,0,0,0,12,13,13,12
"193","FRNK",21,"ABLA",2.2,5.9,0,3,"0",1,1,1,1,"0","0","BO","BO",NA,NA,0,0,"0","0","3","3",0,0,0,0,"0","0","0",NA,0,0,0,0,"0","0","0",NA,0,0,0,1,"0","0","0",NA,0,0,0,1,"0","0","0",NA,0,0,0,0,"0","0","0",NA,0,0,0,0,"0","0","0",NA,"Bent, 1DB","Bent, 1DB","Bent, 1DB","Bent, 1DB",1,2,3,4,NA,NA,NA,NA,0,0,0,1,1,"FRNK21",1525,21,NA,"Point",2057.037,NA,0.0687699749363234,0,0,0,1,"FRNK_21_1249","FRNK_9_1237",3.90061634112686,"FRNK_10_1238",2.82084683928376,"FRNK_9_1237",3.90061634112686,"FRNK_10_1238",2.82084683928376,NA,41.93359158,-111.5716405,41.93358354,-111.5716863,NA,-103.229817131795,41.93358456,-111.5716732,NA,-106.040231027442,41.93358354,-111.5716863,NA,-103.229817131795,41.93358456,-111.5716732,NA,-106.040231027442,0,0,0,2,12,13,13,12
"194","FRNK",22,"ABLA",2,10.6,0,2,"0",1,1,1,1,"0","0","0","0",NA,NA,0,0,"0","0","2","2",0,0,0,0,"0","0","0",NA,0,0,0,0,"0","0","0",NA,0,0,0,0,"0","0","0",NA,0,0,0,0,"0","0","0",NA,0,0,0,0,"0","0","0",NA,0,0,0,0,"0","0","0",NA,"2DB","2DB","2DB","2DB",1,2,3,4,NA,NA,NA,NA,0,0,0,0,0,"FRNK22",1527,22,NA,"Point",2056.827,NA,0.067651948382037,0,0,0,0,"FRNK_22_1250","FRNK_9_1237",4.5599849666683,"FRNK_10_1238",3.47458077689448,"FRNK_9_1237",4.5599849666683,"FRNK_21_1249",1.14572245868132,NA,41.93358388,-111.5716313,41.93358354,-111.5716863,NA,-90.474317455467,41.93358456,-111.5716732,NA,-88.7548805587189,41.93358354,-111.5716863,NA,-90.474317455467,41.93359158,-111.5716405,NA,-41.7378893768961,0,0,0,0,12,13,13,12
"195","FRNK",23,"ABLA",4.6,20.7,3.1,6,"0",1,1,1,1,"0","0","0","0",NA,NA,0,0,"0","0","6","6",0,0,0,0,"0","0","0",NA,0,0,0,0,"0","0","0",NA,0,0,0,0,"0","0","0",NA,0,0,0,0,"0","0","0",NA,0,0,0,0,"0","0","0",NA,0,0,0,0,"0","0","0",NA,"WOB","WOB","WOB","WOB",1,2,3,4,NA,NA,NA,NA,0,0,0,0,0,"FRNK23",1528,23,NA,"Point",2056.958,NA,0.0668876741890737,0,0,0,0,"FRNK_23_1251","FRNK_9_1237",5.22733284150456,"FRNK_10_1238",4.15597588001028,"FRNK_9_1237",5.22733284150456,"FRNK_21_1249",1.89314237164512,NA,41.93358028,-111.5716234,41.93358354,-111.5716863,NA,-86.0294299417073,41.93358456,-111.5716732,NA,-83.4341910092519,41.93358354,-111.5716863,NA,-86.0294299417073,41.93359158,-111.5716405,NA,-48.4914235419598,0,0,0,0,12,13,13,12
"196","FRNK",24,"ABLA",1.3,6.7,4.3,0,"0",1,1,1,1,"0","0","0","0",NA,NA,0,0,"0","0","0","0",0,0,0,0,"0","0","0",NA,0,0,0,0,"0","0","0",NA,0,0,0,0,"0","0","0",NA,0,0,0,0,"0","0","0",NA,0,0,0,0,"0","0","0",NA,0,0,0,0,"0","0","0",NA,"Bent","Bent","Bent","Bent",1,2,3,4,NA,NA,NA,NA,0,0,0,0,0,"FRNK24",1529,24,NA,"Point",2058.87,NA,0.067275191647892,0,0,0,0,"FRNK_24_1252","FRNK_9_1237",5.15260135214242,"FRNK_10_1238",4.06346323370164,"FRNK_9_1237",5.15260135214242,"FRNK_21_1249",1.51559293758987,NA,41.9335854,-111.5716242,41.93358354,-111.5716863,NA,-92.2970173612635,41.93358456,-111.5716732,NA,-91.3151677134122,41.93358354,-111.5716863,NA,-92.2970173612635,41.93359158,-111.5716405,NA,-63.0803881607584,0,0,0,0,12,13,13,12
"197","FRNK",25,"ABLA",1.3,9.8,1.9,2,"0",1,1,1,1,"0","0","0","0",NA,NA,0,0,"0","0","3","3",0,0,0,0,"0","0","0",NA,0,0,0,0,"0","0","0",NA,0,0,0,0,"0","0","0",NA,0,0,0,0,"0","0","0",NA,0,0,0,0,"0","0","0",NA,0,0,0,0,"0","0","0",NA,"WOB, 1DB","WOB, 1DB","WOB, 1DB","WOB, 1DB",1,2,3,4,NA,NA,NA,NA,0,0,0,0,0,"FRNK25",1530,25,NA,"Point",2058.339,NA,0.0668293437471079,0,0,0,0,"FRNK_25_1253","FRNK_9_1237",5.58809621090218,"FRNK_10_1238",4.50222383896025,"FRNK_9_1237",5.58809621090218,"FRNK_21_1249",1.9786774932203,NA,41.933584,-111.5716189,41.93358354,-111.5716863,NA,-90.5236568560358,41.93358456,-111.5716732,NA,-89.2086836286636,41.93358354,-111.5716863,NA,-90.5236568560358,41.93359158,-111.5716405,NA,-64.8277578161898,0,0,0,0,12,13,13,12
"198","FRNK",26,"ABLA",3,14.4,0,0,"0",1,1,1,1,"0","0","0","0",NA,NA,0,0,"0","0","0","0",0,0,0,0,"0","0","0",NA,0,0,0,0,"0","0","0",NA,0,0,0,0,"0","0","0",NA,0,0,0,0,"0","0","0",NA,0,0,0,0,"0","0","0",NA,0,0,0,0,"0","0","0",NA,NA,NA,NA,NA,1,2,3,4,NA,NA,NA,NA,0,0,0,0,0,"FRNK26",1531,26,NA,"Point",2058.38,NA,0.0667410835592059,0,0,0,0,"FRNK_26_1254","FRNK_9_1237",5.39421605072455,"FRNK_10_1238",4.32311295902837,"FRNK_9_1237",5.39421605072455,"FRNK_21_1249",2.03347064152375,NA,41.93358009,-111.5716214,41.93358354,-111.5716863,NA,-85.927845835035,41.93358456,-111.5716732,NA,-83.4077121370414,41.93358354,-111.5716863,NA,-85.927845835035,41.93359158,-111.5716405,NA,-51.143514990624,0,0,0,0,12,13,13,12
"199","FRNK",27,"ABLA",1.1,7.5,0,1,"0",1,1,1,1,"0","0","0","0",NA,NA,1,1,"0","0","1","1",0,0,0,0,"0","0","0",NA,0,0,0,0,"0","0","0",NA,0,0,0,0,"0","0","0",NA,0,0,0,0,"0","0","0",NA,0,0,0,0,"0","0","0",NA,0,0,0,0,"0","0","0",NA,"1DB","1DB","1DB","1DB",1,2,3,4,NA,NA,NA,NA,0,0,0,0,0,"FRNK27",1532,27,NA,"Point",2058.642,NA,0.0658333816245405,0,0,0,0,"FRNK_27_1255","FRNK_9_1237",6.44409750606343,"FRNK_10_1238",5.37345151214906,"FRNK_9_1237",6.44409750606343,"FRNK_21_1249",2.97103879559361,NA,41.9335791,-111.5716088,41.93358354,-111.5716863,NA,-85.6125376587713,41.93358456,-111.5716732,NA,-83.5221359718924,41.93358354,-111.5716863,NA,-85.6125376587713,41.93359158,-111.5716405,NA,-62.1997819234019,0,0,0,0,12,13,13,12
"200","FRNK",28,"ABLA",1.4,9.2,1.8,3,"0",1,1,1,1,"0","0","0","0",NA,NA,0,0,"0","0","3","3",0,0,0,0,"0","0","0",NA,0,0,0,0,"0","0","0",NA,0,0,0,0,"0","0","0",NA,0,0,0,0,"0","0","0",NA,0,0,0,0,"0","0","0",NA,0,0,0,0,"0","0","0",NA,"WOB, 2DB","WOB, 2DB","WOB, 2DB","WOB, 2DB",1,2,3,4,NA,NA,NA,NA,0,0,0,0,0,"FRNK28",1533,28,NA,"Point",2058.349,NA,0.066521415870248,0,0,0,0,"FRNK_28_1256","FRNK_9_1237",6.11483174262657,"FRNK_10_1238",5.02566839640112,"FRNK_9_1237",6.11483174262657,"FRNK_21_1249",2.40374717866811,NA,41.93358569,-111.5716126,41.93358354,-111.5716863,NA,-92.237304005093,41.93358456,-111.5716732,NA,-91.4305039051202,41.93358354,-111.5716863,NA,-92.237304005093,41.93359158,-111.5716405,NA,-74.212932096871,0,0,0,0,12,13,13,12
"201","FRNK",29,"ABLA",NA,8.5,NA,0,"0",1,1,1,1,"0","0","0","0",NA,NA,0,0,"0","0","0","0",0,0,0,0,"0","0","0",NA,0,0,0,0,"0","0","0",NA,0,0,0,0,"0","0","0",NA,0,0,0,0,"0","0","0",NA,0,0,0,0,"0","0","0",NA,0,0,0,0,"0","0","0",NA,"Rot in area","Rot in area","Rot in area","Rot in area",1,2,3,4,NA,NA,NA,NA,0,0,0,0,0,"FRNK29",1534,29,NA,"Point",2059.515,NA,0.0676257610399932,0,0,0,0,"FRNK_29_1257","FRNK_12_1240",17.2703208639835,"FRNK_7021_1211",15.5000808019263,"FRNK_12_1240",17.2703208639835,"FRNK_7328_1226",13.4993994655962,NA,41.93342325,-111.5717417,41.93357527,-111.5716976,NA,12.2220873383389,41.93356261,-111.5717307,NA,3.37301463369509,41.93357527,-111.5716976,NA,12.2220873383389,41.93353988,-111.5716957,NA,16.4098994083872,0,0,0,0,8,10,8,12
"202","FRNK",30,"ABLA",1.7,8.4,3.8,0,"0",1,1,1,1,"0","0","0","0",NA,NA,0,0,"0","0","0","0",0,0,0,0,"0","0","0",NA,0,0,0,0,"0","0","0",NA,0,0,0,0,"0","0","0",NA,0,0,0,0,"0","0","0",NA,0,0,0,0,"0","0","0",NA,0,0,0,0,"0","0","0",NA,"Rot in area, Leaner","Rot in area, Leaner","Rot in area, Leaner","Rot in area, Leaner",1,2,3,4,NA,NA,NA,NA,0,0,0,0,0,"FRNK30",1535,30,NA,"Point",2059.996,NA,0.0681098371446199,0,0,0,0,"FRNK_30_1258","FRNK_12_1240",17.2375807973828,"FRNK_7021_1211",15.3938630018211,"FRNK_12_1240",17.2375807973828,"FRNK_7328_1226",13.5040148394529,NA,41.93342452,-111.5717473,41.93357527,-111.5716976,NA,13.8297376798223,41.93356261,-111.5717307,NA,5.12919631268691,41.93357527,-111.5716976,NA,13.8297376798223,41.93353988,-111.5716957,NA,18.4689730896469,0,0,0,0,8,10,8,12
"203","FRNK",31,"ABLA",1.7,9,3.5,0,"0",1,1,1,1,"0","0","0","0",NA,NA,0,0,"0","0","0","0",0,0,0,0,"0","0","0",NA,0,0,0,0,"0","0","0",NA,0,0,0,0,"0","0","0",NA,0,0,0,0,"0","0","0",NA,0,0,0,0,"0","0","0",NA,0,0,0,0,"0","0","0",NA,"Rot in area, Leaner","Rot in area, Leaner","Rot in area, Leaner","Rot in area, Leaner",1,2,3,4,NA,NA,NA,NA,0,0,0,0,0,"FRNK31",1536,31,NA,"Point",2060.234,NA,0.0680198578606239,0,0,0,0,"FRNK_31_1259","FRNK_12_1240",17.4344790969492,"FRNK_7021_1211",15.5996016082026,"FRNK_12_1240",17.4344790969492,"FRNK_7328_1226",13.6944161776867,NA,41.93342264,-111.571747,41.93357527,-111.5716976,NA,13.5863930984779,41.93356261,-111.5717307,NA,4.96966835353707,41.93357527,-111.5716976,NA,13.5863930984779,41.93353988,-111.5716957,NA,18.0936053525591,0,0,0,0,8,10,8,12
"204","FRNK",32,"ABLA",2.6,12.9,4.1,0,"0",1,1,1,1,"0","0","0","0",NA,NA,0,0,"0","0","0","0",0,0,0,0,"0","0","0",NA,0,0,0,0,"0","0","0",NA,0,0,0,0,"0","0","0",NA,0,0,0,0,"0","0","0",NA,0,0,0,0,"0","0","0",NA,0,0,0,0,"0","0","0",NA,"Rot in area, Leaner","Rot in area, Leaner","Rot in area, Leaner","Rot in area, Leaner",1,2,3,4,NA,NA,NA,NA,0,0,0,0,0,"FRNK32",1537,32,NA,"Point",2060.038,NA,0.0683891857880462,0,0,0,0,"FRNK_32_1260","FRNK_12_1240",17.845376096658,"FRNK_7021_1211",15.9473056858602,"FRNK_12_1240",17.845376096658,"FRNK_7328_1226",14.1361808392267,NA,41.93341994,-111.5717529,41.93357527,-111.5716976,NA,14.8869425067967,41.93356261,-111.5717307,NA,6.62739946610536,41.93357527,-111.5716976,NA,14.8869425067967,41.93353988,-111.5716957,NA,19.6009511608601,0,0,0,0,8,10,8,12
"205","FRNK",33,"ABLA",1.8,11.1,2.6,0,"0",1,1,1,1,"0","0","0","0",NA,NA,0,0,"0","0","0","0",0,0,0,0,"0","0","0",NA,0,0,0,0,"0","0","0",NA,0,0,0,0,"0","0","0",NA,0,0,0,0,"0","0","0",NA,0,0,0,0,"0","0","0",NA,0,0,0,0,"0","0","0",NA,"Rot in area","Rot in area","Rot in area","Rot in area",1,2,3,4,NA,NA,NA,NA,0,0,0,0,0,"FRNK33",1538,33,NA,"Point",2060.084,NA,0.068390221467748,0,0,0,0,"FRNK_33_1261","FRNK_12_1240",17.8421570012169,"FRNK_7021_1211",15.9439970292973,"FRNK_12_1240",17.8421570012169,"FRNK_7328_1226",14.1330429844847,NA,41.93341997,-111.5717529,41.93357527,-111.5716976,NA,14.8896905583273,41.93356261,-111.5717307,NA,6.62878093573087,41.93357527,-111.5716976,NA,14.8896905583273,41.93353988,-111.5716957,NA,19.6054811931691,0,0,0,0,8,10,8,12
"206","FRNK",34,"ABLA",2.5,12.6,3.1,0,"0",1,1,1,1,"0","0","0","0",NA,NA,0,0,"0","0","0","0",0,0,0,0,"0","0","0",NA,0,0,0,0,"0","0","0",NA,0,0,0,0,"0","0","0",NA,0,0,0,0,"0","0","0",NA,0,0,0,0,"0","0","0",NA,0,0,0,0,"0","0","0",NA,"Rot in area","Rot in area","Rot in area","Rot in area",1,2,3,4,NA,NA,NA,NA,0,0,0,0,0,"FRNK34",1539,34,NA,"Point",2060.161,NA,0.0683911064090997,0,0,0,0,"FRNK_34_1262","FRNK_12_1240",18.5413981505835,"FRNK_7021_1211",16.6311763279132,"FRNK_12_1240",18.5413981505835,"FRNK_7328_1226",14.8329472036615,NA,41.93341397,-111.5717555,41.93357527,-111.5716976,NA,15.0044460403127,41.93356261,-111.5717307,NA,7.10149615239593,41.93357527,-111.5716976,NA,15.0044460403127,41.93353988,-111.5716957,NA,19.5263971696677,0,0,0,0,8,10,8,12
"207","FRNK",35,"ABLA",2.3,14.3,4.6,0,"0",1,1,1,1,"0","0","0","0",NA,NA,0,0,"0","0","0","0",0,0,0,0,"0","0","0",NA,0,0,0,0,"0","0","0",NA,0,0,0,0,"0","0","0",NA,0,0,0,0,"0","0","0",NA,0,0,0,0,"0","0","0",NA,0,0,0,0,"0","0","0",NA,"Rot in area","Rot in area","Rot in area","Rot in area",1,2,3,4,NA,NA,NA,NA,0,0,0,0,0,"FRNK35",1540,35,NA,"Point",2060.008,NA,0.0676230929872811,0,0,0,0,"FRNK_35_1263","FRNK_12_1240",18.0375892933941,"FRNK_7021_1211",16.2469525071266,"FRNK_12_1240",18.0375892933941,"FRNK_7328_1226",14.2702932359519,NA,41.93341665,-111.5717446,41.93357527,-111.5716976,NA,12.4757051903692,41.93356261,-111.5717307,NA,4.06739489550678,41.93357527,-111.5716976,NA,12.4757051903692,41.93353988,-111.5716957,NA,16.504701734709,0,0,0,0,8,10,8,12
"208","FRNK",36,"ABLA",1,8.9,1.6,0,"0",1,1,1,1,"0","0","0","0",NA,NA,0,0,"0","0","0","0",0,0,0,0,"0","0","0",NA,0,0,0,0,"0","0","0",NA,0,0,0,0,"0","0","0",NA,0,0,0,0,"0","0","0",NA,0,0,0,0,"0","0","0",NA,0,0,0,0,"0","0","0",NA,"Rot in area","Rot in area","Rot in area","Rot in area",1,2,3,4,NA,NA,NA,NA,0,0,0,0,0,"FRNK36",1541,36,NA,"Point",2059.946,NA,0.0674533386776256,0,0,0,0,"FRNK_36_1264","FRNK_12_1240",18.1217031799057,"FRNK_7021_1211",16.3539216053328,"FRNK_12_1240",18.1217031799057,"FRNK_7328_1226",14.3430183328329,NA,41.9334156,-111.5717429,41.93357527,-111.5716976,NA,11.9609795629077,41.93356261,-111.5717307,NA,3.54587808031718,41.93357527,-111.5716976,NA,11.9609795629077,41.93353988,-111.5716957,NA,15.8325681430547,0,0,0,0,8,10,8,12
"209","FRNK",37,"ABLA",1.2,10,2.2,0,"0",1,1,1,1,"0","0","0","0",NA,NA,0,0,"0","0","0","0",0,0,0,0,"0","0","0",NA,0,0,0,0,"0","0","0",NA,0,0,0,0,"0","0","0",NA,0,0,0,0,"0","0","0",NA,0,0,0,0,"0","0","0",NA,0,0,0,0,"0","0","0",NA,"Rot in area","Rot in area","Rot in area","Rot in area",1,2,3,4,NA,NA,NA,NA,0,0,0,0,0,"FRNK37",1542,37,NA,"Point",2059.748,NA,0.0675531108740355,0,0,0,0,"FRNK_37_1265","FRNK_12_1240",18.5581522289801,"FRNK_7021_1211",16.7651794657206,"FRNK_12_1240",18.5581522289801,"FRNK_7328_1226",14.7881422613999,NA,41.93341203,-111.5717457,41.93357527,-111.5716976,NA,12.4084944300843,41.93356261,-111.5717307,NA,4.25393392225977,41.93357527,-111.5716976,NA,12.4084944300843,41.93353988,-111.5716957,NA,16.2788588047601,0,0,0,0,8,10,8,12
"210","FRNK",38,"ABLA",1.2,9.6,0,0,"0",1,1,1,1,"0","0","0","0",NA,NA,0,0,"0","0","0","0",0,0,0,0,"0","0","0",NA,0,0,0,0,"0","0","0",NA,0,0,0,0,"0","0","0",NA,0,0,0,0,"0","0","0",NA,0,0,0,0,"0","0","0",NA,0,0,0,0,"0","0","0",NA,"Rot in area","Rot in area","Rot in area","Rot in area",1,2,3,4,NA,NA,NA,NA,0,0,0,0,0,"FRNK38",1543,38,NA,"Point",2059.476,NA,0.0672298413553731,0,0,0,0,"FRNK_38_1266","FRNK_12_1240",18.7335908368859,"FRNK_7021_1211",16.9825787853873,"FRNK_12_1240",18.7335908368859,"FRNK_7328_1226",14.9431639930512,NA,41.93340991,-111.5717425,41.93357527,-111.5716976,NA,11.4613057338671,41.93356261,-111.5717307,NA,3.30238325261512,41.93357527,-111.5716976,NA,11.4613057338671,41.93353988,-111.5716957,NA,15.049334488389,0,0,0,0,8,10,8,12
"211","FRNK",41,"ABLA",1.3,8.55,1.7,0,"0",1,1,1,1,"0","0","0","0",NA,NA,0,0,"0","0","0","0",0,0,0,0,"0","0","0",NA,0,0,0,0,"0","0","0",NA,0,0,0,0,"0","0","0",NA,0,0,0,0,"0","0","0",NA,0,0,0,0,"0","0","0",NA,0,0,0,0,"0","0","0",NA,"Rot in area","Rot in area","Rot in area","Rot in area",1,2,3,4,NA,NA,NA,NA,0,0,0,0,0,"FRNK41",1546,41,NA,"Point",2058.332,NA,0.0664134162164119,0,0,0,0,"FRNK_41_1267","FRNK_12_1240",17.8805195272646,"FRNK_7021_1211",16.2785052620808,"FRNK_12_1240",17.8805195272646,"FRNK_7328_1226",14.0370243831859,NA,41.933416,-111.5717295,41.93357527,-111.5716976,NA,8.50580588572248,41.93356261,-111.5717307,NA,-0.350169279492436,41.93357527,-111.5716976,NA,8.50580588572248,41.93353988,-111.5716957,NA,11.5153764246213,0,0,0,0,8,10,8,12
"212","FRNK",42,"ABLA",1.8,9.8,0,0,"0",1,1,1,1,"0","0","0","0",NA,NA,0,0,"0","0","0","0",0,0,0,0,"0","0","0",NA,0,0,0,0,"0","0","0",NA,0,0,0,0,"0","0","0",NA,0,0,0,0,"0","0","0",NA,0,0,0,0,"0","0","0",NA,0,0,0,0,"0","0","0",NA,"Rot in area","Rot in area","Rot in area","Rot in area",1,2,3,4,NA,NA,NA,NA,0,0,0,0,0,"FRNK42",1547,42,NA,"Point",2060.228,NA,0.0665272884119379,0,0,0,0,"FRNK_42_1268","FRNK_12_1240",18.8199283044197,"FRNK_7021_1211",17.1680766910663,"FRNK_12_1240",18.8199283044197,"FRNK_7328_1226",14.9890290569255,NA,41.93340801,-111.5717344,41.93357527,-111.5716976,NA,9.32951832353291,41.93356261,-111.5717307,NA,1.02379217736369,41.93357527,-111.5716976,NA,9.32951832353291,41.93353988,-111.5716957,NA,12.3600408282904,0,0,0,0,8,10,8,12
"213","FRNK",5808,"ABLA",NA,5.8,NA,0,"0",1,1,1,1,"0","0","0","0",NA,NA,0,0,"0","0","0","0",0,0,0,0,"0","0","0",NA,0,0,0,0,"0","0","0",NA,0,0,0,0,"0","0","0",NA,0,0,0,0,"0","0","0",NA,0,0,0,0,"0","0","0",NA,0,0,0,0,"0","0","0",NA,NA,NA,"START OF PLOT","START OF PLOT",1,2,3,4,NA,NA,NA,NA,0,0,0,0,0,"FRNK5808",844,5808,NA,"Point",2056.557,NA,0.0347663554421446,0,0,0,0,"FRNK_5808_1269","FRNK_5812_1273",2.67704645667804,"FRNK_5812_1273",2.67704645667804,"FRNK_5812_1273",2.67704645667804,"FRNK_5812_1273",2.67704645667804,NA,41.93345566,-111.5712565,41.93347453,-111.5712364,NA,38.4976016415963,41.93347453,-111.5712364,NA,38.4976016415963,41.93347453,-111.5712364,NA,38.4976016415963,41.93347453,-111.5712364,NA,38.4976016415963,0,0,0,0,9,9,8,9
"214","FRNK",5809,"ABLA",1.4,10.8,1.2,1,"0",1,1,1,1,"0","0","0","0",NA,NA,0,0,"0","0","1","1",0,0,0,0,"0","0","0",NA,0,0,0,0,"0","0","0",NA,0,0,0,0,"0","0","0",NA,0,0,0,0,"0","0","0",NA,0,0,0,0,"0","0","0",NA,0,0,0,0,"0","0","0",NA,"1DB","1DB","1DB","1DB",1,2,3,4,NA,NA,NA,NA,0,0,0,0,0,"FRNK5809",845,5809,NA,"Point",2055.538,NA,0.0358981332960369,0,0,0,0,"FRNK_5809_1270","FRNK_5812_1273",1.5558181435593,"FRNK_5812_1273",1.5558181435593,"FRNK_5812_1273",1.5558181435593,"FRNK_5812_1273",1.5558181435593,NA,41.93347083,-111.5712545,41.93347453,-111.5712364,NA,74.6894999948424,41.93347453,-111.5712364,NA,74.6894999948424,41.93347453,-111.5712364,NA,74.6894999948424,41.93347453,-111.5712364,NA,74.6894999948424,0,0,0,0,9,9,8,9
"215","FRNK",5810,"ABLA",1.3,9.4,2.5,1,"0",1,1,1,1,"0","0","0","0",NA,NA,0,0,"0","0","1","1",0,0,0,0,"0","0","0",NA,0,0,0,0,"0","0","0",NA,0,0,0,0,"0","0","0",NA,0,0,0,0,"0","0","0",NA,0,0,0,0,"0","0","0",NA,0,0,0,0,"0","0","0",NA,"1DB","1DB","1DB","1DB",1,2,3,4,NA,NA,NA,NA,0,0,0,0,0,"FRNK5810",846,5810,NA,"Point",2055.627,NA,0.0366858140620792,0,0,0,0,"FRNK_5810_1271","FRNK_5812_1273",1.44400127689139,"FRNK_5812_1273",1.44400127689139,"FRNK_5812_1273",1.44400127689139,"FRNK_5812_1273",1.44400127689139,NA,41.93348449,-111.5712476,41.93347453,-111.5712364,NA,139.981228689444,41.93347453,-111.5712364,NA,139.981228689444,41.93347453,-111.5712364,NA,139.981228689444,41.93347453,-111.5712364,NA,139.981228689444,0,0,0,0,9,9,8,9
"216","FRNK",5811,"ABLA",1.2,8.8,0,0,"0",1,1,1,1,"0","0","0","0",NA,NA,0,0,"0","0","0","0",0,0,0,0,"0","0","0",NA,0,0,0,0,"0","0","0",NA,0,0,0,0,"0","0","0",NA,0,0,0,0,"0","0","0",NA,0,0,0,0,"0","0","0",NA,0,0,0,0,"0","0","0",NA,"5DB","5DB","5DB","5DB",1,2,3,4,NA,NA,NA,NA,0,0,0,0,0,"FRNK5811",847,5811,NA,"Point",2055.988,NA,0.035148954045429,0,0,0,0,"FRNK_5811_1272","FRNK_5812_1273",0.580675450277882,"FRNK_5812_1273",0.580675450277882,"FRNK_5812_1273",0.580675450277882,"FRNK_5812_1273",0.580675450277882,NA,41.9334771,-111.5712303,41.93347453,-111.5712364,NA,-119.433182725756,41.93347453,-111.5712364,NA,-119.433182725756,41.93347453,-111.5712364,NA,-119.433182725756,41.93347453,-111.5712364,NA,-119.433182725756,0,0,0,0,9,9,8,9
"217","FRNK",5812,"ABLA",5.1,35.9,0,11,"0",1,1,1,1,"BO","BO","BR, BO","BR, BO",NA,NA,0,0,"0","0","11","11",2,2,2,2,"0","3-0","3–0","3-1",2,2,2,2,"0","0","0",NA,2,2,2,2,"0","0","0",NA,1,1,0,0,"0","0","0",NA,2,2,2,2,"0","0","0",NA,0,0,0,1,"0","0","0",NA,"0","0","0","0",1,2,3,4,NA,NA,NA,NA,1,1,1,1,0,"FRNK5812",848,5812,NA,"Point",2058.459,NA,0.035241996424754,1,1,1,1,"FRNK_5812_1273","FRNK_5850_1307",4.87289781080807,"FRNK_5816_1277",3.6198888768452,"FRNK_5850_1307",4.87289781080807,"FRNK_5816_1277",3.6198888768452,NA,41.93347453,-111.5712364,41.93350857,-111.5712735,NA,-39.1393504540636,41.93346129,-111.5711965,NA,113.960213555878,41.93350857,-111.5712735,NA,-39.1393504540636,41.93346129,-111.5711965,NA,113.960213555878,9,9,8,9,9,12,12,13
"218","FRNK",5813,"ABLA",9.5,74.5,7.7,8,"0",1,1,1,1,"0","0","BO",NA,NA,NA,0,0,"0","0","8","8",0,0,0,0,"0","0","0",NA,0,0,0,0,"0","0","0",NA,0,0,0,0,"0","0","0",NA,0,0,0,0,"0","0","0",NA,0,0,0,0,"0","0","0",NA,0,0,0,0,"0","0","0",NA,"5DB","5DB","5DB","5DB",1,2,3,4,NA,NA,NA,NA,0,0,0,0,0,"FRNK5813",850,5813,NA,"Point",2057.731,NA,0.0363950477642187,0,0,0,0,"FRNK_5813_1274","FRNK_5812_1273",2.00682904778908,"FRNK_5812_1273",2.00682904778908,"FRNK_5812_1273",2.00682904778908,"FRNK_5812_1273",2.00682904778908,NA,41.93347284,-111.5712605,41.93347453,-111.5712364,NA,84.6349069742196,41.93347453,-111.5712364,NA,84.6349069742196,41.93347453,-111.5712364,NA,84.6349069742196,41.93347453,-111.5712364,NA,84.6349069742196,0,0,0,0,9,9,8,9
"219","FRNK",5814,"ABLA",3,28.9,0,0,"0",1,1,1,1,"0","0","0","0",NA,NA,0,0,"0","0","0","0",0,0,0,0,"0","0","0",NA,0,0,0,0,"0","0","0",NA,0,0,0,0,"0","0","0",NA,0,0,0,0,"0","0","0",NA,0,0,0,0,"0","0","0",NA,0,0,0,0,"0","0","0",NA,"0","0","0","0",1,2,3,4,NA,NA,NA,NA,0,0,0,0,0,"FRNK5814",853,5814,NA,"Point",2054.058,NA,0.0367512587098789,0,0,0,0,"FRNK_5814_1275","FRNK_5812_1273",3.35219009005091,"FRNK_5812_1273",3.35219009005091,"FRNK_5812_1273",3.35219009005091,"FRNK_7052_1537",3.01061832403769,NA,41.93346684,-111.5712755,41.93347453,-111.5712364,NA,75.2437759269723,41.93347453,-111.5712364,NA,75.2437759269723,41.93347453,-111.5712364,NA,75.2437759269723,41.93348472,-111.5713028,NA,-48.7452052084969,0,0,0,0,9,9,8,9
"220","FRNK",5815,"ABLA",NA,7.2,0,0,"0",1,1,1,1,"0","0","0","0",NA,NA,0,0,"0","0","0","0",0,0,0,0,"0","0","0",NA,0,0,0,0,"0","0","0",NA,0,0,0,0,"0","0","0",NA,0,0,0,0,"0","0","0",NA,0,0,0,0,"0","0","0",NA,0,0,0,0,"0","0","0",NA,"0","0","0","0",1,2,3,4,NA,NA,NA,NA,0,0,0,0,0,"FRNK5815",854,5815,NA,"Point",2054.497,NA,0.0311080420410086,0,0,0,0,"FRNK_5815_1276","FRNK_5812_1273",4.29018258239979,"FRNK_5816_1277",1.08068841454587,"FRNK_5812_1273",4.29018258239979,"FRNK_5816_1277",1.08068841454587,NA,41.93345165,-111.5711947,41.93347453,-111.5712364,NA,-53.6911011737128,41.93346129,-111.5711965,NA,-7.93727210903838,41.93347453,-111.5712364,NA,-53.6911011737128,41.93346129,-111.5711965,NA,-7.93727210903838,0,0,0,0,9,9,8,9
"221","FRNK",5816,"ABLA",3.3,9.4,0,1,"0",1,1,1,1,"0","BO","BO","BO",NA,NA,0,0,"0","0","2","2",0,0,0,0,"0","0","0",NA,0,0,0,1,"0","0","0",NA,0,0,0,1,"0","0","0",NA,0,0,0,0,"0","0","0",NA,0,1,0,0,"0","0","0",NA,0,0,0,2,"0","0","0",NA,"Bent top, 1DB","Bent top, 1DB","Bent top, 1DB","Bent top, 1DB",1,2,3,4,NA,NA,NA,NA,0,1,0,1,1,"FRNK5816",855,5816,NA,"Point",2055.532,NA,0.0320556806601612,0,1,0,1,"FRNK_5816_1277","FRNK_5812_1273",3.6198888768452,"FRNK_5820_1280",1.20784477066873,"FRNK_5812_1273",3.6198888768452,"FRNK_5820_1280",1.20784477066873,NA,41.93346129,-111.5711965,41.93347453,-111.5712364,NA,-66.0397597802601,41.93346712,-111.5711842,NA,57.5936487452258,41.93347453,-111.5712364,NA,-66.0397597802601,41.93346712,-111.5711842,NA,57.5936487452258,0,1,0,4,9,9,8,9
"222","FRNK",5817,"ABLA",2.3,14.6,0,0,"0",1,1,1,1,"0","BO","0","0",NA,NA,0,0,"0","0","0","0",0,0,0,0,"0","0","0",NA,0,0,0,0,"0","0","0",NA,0,1,0,0,"0","0","0",NA,0,0,0,0,"0","0","0",NA,0,0,0,0,"0","0","0",NA,0,1,0,0,"0","0","0",NA,"0","0","0","0",1,2,3,4,NA,NA,NA,NA,0,1,0,0,1,"FRNK5817",856,5817,NA,"Point",2056.014,NA,0.0313110476168203,0,1,0,0,"FRNK_5817_1278","FRNK_5812_1273",6.44086174554253,"FRNK_5820_1280",2.16791867006192,"FRNK_5812_1273",6.44086174554253,"FRNK_5820_1280",2.16791867006192,NA,41.93347176,-111.5711588,41.93347453,-111.5712364,NA,-87.2630270030607,41.93346712,-111.5711842,NA,-103.747227870075,41.93347453,-111.5712364,NA,-87.2630270030607,41.93346712,-111.5711842,NA,-103.747227870075,0,2,0,0,9,9,8,9
"223","FRNK",5818,"ABLA",NA,2.4,0,0,"0",1,1,1,1,"0","0","0","0",NA,NA,0,0,"0","0","0","0",0,0,0,0,"0","0","0",NA,0,0,0,0,"0","0","0",NA,0,0,0,0,"0","0","0",NA,0,0,0,0,"0","0","0",NA,0,0,0,0,"0","0","0",NA,0,0,0,0,"0","0","0",NA,"0","0","0","0",1,2,3,4,NA,NA,NA,NA,0,0,0,0,0,"FRNK5818",857,5818,NA,"Point",2054.034,NA,0.0303437330612044,0,0,0,0,"FRNK_5818_1279","FRNK_5812_1273",5.28321700253185,"FRNK_5816_1277",1.73682671700645,"FRNK_5812_1273",5.28321700253185,"FRNK_5816_1277",1.73682671700645,NA,41.93345037,-111.5711815,41.93347453,-111.5712364,NA,-59.4865804346208,41.93346129,-111.5711965,NA,-45.7263488305719,41.93347453,-111.5712364,NA,-59.4865804346208,41.93346129,-111.5711965,NA,-45.7263488305719,0,0,0,0,9,9,8,9
"224","FRNK",5820,"ABLA",9.4,64.2,11.5,0,"0",1,1,1,1,"0","BO","BO","BO",NA,NA,0,0,"0","0","0","0",0,1,0,2,"0","0","0",NA,0,0,0,2,"0","0","0",NA,0,0,0,1,"0","0","0",NA,0,0,0,2,"0","0","0",NA,0,0,0,1,"0","0","0",NA,0,0,0,1,"0","0","0",NA,"0","0","0","0",1,2,3,4,NA,NA,NA,NA,0,1,0,1,1,"FRNK5820",859,5820,NA,"Point",2051.053,NA,0.0319981124558287,0,1,0,1,"FRNK_5820_1280","FRNK_5812_1273",4.40521035880511,"FRNK_5816_1277",1.20784477066873,"FRNK_5812_1273",4.40521035880511,"FRNK_5816_1277",1.20784477066873,NA,41.93346712,-111.5711842,41.93347453,-111.5712364,NA,-79.2359579936199,41.93346129,-111.5711965,NA,-122.406343035088,41.93347453,-111.5712364,NA,-79.2359579936199,41.93346129,-111.5711965,NA,-122.406343035088,0,1,0,9,9,9,8,9
"225","FRNK",5822,"ABLA",NA,5.9,0,0,"0",1,1,1,1,"0","0","0","0",NA,NA,0,0,"0","0","0","0",0,0,0,0,"0","0","0",NA,0,0,0,0,"0","0","0",NA,0,0,0,0,"0","0","0",NA,0,0,0,0,"0","0","0",NA,0,0,0,0,"0","0","0",NA,0,0,0,0,"0","0","0",NA,"0","0","0","0",1,2,3,4,NA,NA,NA,NA,0,0,0,0,0,"FRNK5822",861,5822,NA,"Point",2051.347,NA,0.0339777923386341,0,0,0,0,"FRNK_5822_1281","FRNK_5812_1273",5.42932367540551,"FRNK_5817_1278",2.66555229617355,"FRNK_5812_1273",5.42932367540551,"FRNK_5823_1282",0.861994208178804,NA,41.93349232,-111.5711754,41.93347453,-111.5712364,NA,-111.334262528214,41.93347176,-111.5711588,NA,148.915187416672,41.93347453,-111.5712364,NA,-111.334262528214,41.93350004,-111.5711765,NA,-6.07310641258985,0,0,0,0,9,9,8,9
"226","FRNK",5823,"ABLA",2.9,13.8,1.7,4,"0",1,1,1,1,"0","0","0","BO",NA,NA,0,0,"0","0","4","4",0,0,0,0,"0","0","0",NA,0,0,0,0,"0","0","0",NA,0,0,0,0,"0","0","0",NA,0,0,0,0,"0","0","0",NA,0,0,0,1,"0","0","0",NA,0,0,0,0,"0","0","0",NA,"WOB, 2DB","WOB, 2DB","WOB, 2DB","WOB, 2DB",1,2,3,4,NA,NA,NA,NA,0,0,0,1,1,"FRNK5823",NA,5823,NA,"Point",2051.396,NA,0.0347655264915758,0,0,0,1,"FRNK_5823_1282","FRNK_5812_1273",5.71702230487815,"FRNK_5817_1278",3.46592498710636,"FRNK_5812_1273",5.71702230487815,"FRNK_5820_1280",3.71045655600169,NA,41.93350004,-111.5711765,41.93347453,-111.5712364,NA,-119.698169396608,41.93347176,-111.5711588,NA,154.95119639979,41.93347453,-111.5712364,NA,-119.698169396608,41.93346712,-111.5711842,NA,-170.093076336375,0,0,0,1,9,9,8,9
"227","FRNK",5824,"ABLA",1.8,9.5,2.2,1,"0",1,1,1,1,"0","0","0","BO",NA,NA,0,0,"0","0","1","1",0,0,0,1,"0","0","0",NA,0,0,0,0,"0","0","0",NA,0,0,0,1,"0","0","0",NA,0,0,0,0,"0","0","0",NA,0,0,0,1,"0","0","0",NA,0,0,0,0,"0","0","0",NA,"1DB","1DB","1DB","1DB",1,2,3,4,NA,NA,NA,NA,0,0,0,1,1,"FRNK5824",863,5824,NA,"Point",2051.396,NA,0.0347655264915758,0,0,0,1,"FRNK_5824_1283","FRNK_5812_1273",5.71702230487815,"FRNK_5817_1278",3.46592498710636,"FRNK_5812_1273",5.71702230487815,"FRNK_5820_1280",3.71045655600169,NA,41.93350004,-111.5711765,41.93347453,-111.5712364,NA,-119.698169396608,41.93347176,-111.5711588,NA,154.95119639979,41.93347453,-111.5712364,NA,-119.698169396608,41.93346712,-111.5711842,NA,-170.093076336375,0,0,0,3,9,9,8,9
"228","FRNK",5825,"ABLA",NA,2.9,0,1,"0",1,1,1,1,"0","0","0","0",NA,NA,0,0,"0","0","1","1",0,0,0,0,"0","0","0",NA,0,0,0,0,"0","0","0",NA,0,0,0,0,"0","0","0",NA,0,0,0,0,"0","0","0",NA,0,0,0,0,"0","0","0",NA,0,0,0,0,"0","0","0",NA,"WOB, Rot in area","WOB, Rot in area","WOB, Rot in area","WOB, Rot in area",1,2,3,4,NA,NA,NA,NA,0,0,0,0,0,"FRNK5825",864,5825,NA,"Point",2055.034,NA,0.0343161441609859,0,0,0,0,"FRNK_5825_1284","FRNK_5812_1273",6.39042751136472,"FRNK_5817_1278",3.14367052907051,"FRNK_5812_1273",6.39042751136472,"FRNK_5823_1282",0.798869852587829,NA,41.93349942,-111.5711669,41.93347453,-111.5712364,NA,-115.623239780448,41.93347176,-111.5711588,NA,167.665633405237,41.93347453,-111.5712364,NA,-115.623239780448,41.93350004,-111.5711765,NA,-85.0566620633577,0,0,0,0,9,9,8,9
"229","FRNK",5826,"ABLA",1.8,11.44,2.33,0,"0",1,1,1,1,"0","0","0","0",NA,NA,0,0,"0","0","0","0",0,0,0,0,"0","0","0",NA,0,0,0,0,"0","0","0",NA,0,0,0,0,"0","0","0",NA,0,0,0,0,"0","0","0",NA,0,0,0,0,"0","0","0",NA,0,0,0,0,"0","0","0",NA,"0","0","0","0",1,2,3,4,NA,NA,NA,NA,0,0,0,0,0,"FRNK5826",865,5826,NA,"Point",2054.297,NA,0.0353440313866051,0,0,0,0,"FRNK_5826_1285","FRNK_5812_1273",6.46949306257101,"FRNK_5817_1278",4.15084450500081,"FRNK_5812_1273",6.46949306257101,"FRNK_5823_1282",0.925183367381507,NA,41.93350776,-111.5711723,41.93347453,-111.5712364,NA,-124.771082550155,41.93347176,-111.5711588,NA,164.357170288289,41.93347453,-111.5712364,NA,-124.771082550155,41.93350004,-111.5711765,NA,-157.891369991548,0,0,0,0,9,9,8,9
"230","FRNK",5827,"ABLA",2.5,16.9,0,0,"0",1,1,1,1,"0","0","0","0",NA,NA,0,0,"0","0","0","0",0,0,0,0,"0","0","0",NA,0,0,0,0,"0","0","0",NA,0,0,0,0,"0","0","0",NA,0,0,0,0,"0","0","0",NA,0,0,0,0,"0","0","0",NA,0,0,0,0,"0","0","0",NA,"0","0","0","0",1,2,3,4,NA,NA,NA,NA,0,0,0,0,0,"FRNK5827",866,5827,NA,"Point",2051.435,NA,0.0358995318792764,0,0,0,0,"FRNK_5827_1286","FRNK_5812_1273",5.39307709718736,"FRNK_5820_1280",4.42743775794529,"FRNK_5812_1273",5.39307709718736,"FRNK_5823_1282",1.21384129813841,NA,41.9335069,-111.5711879,41.93347453,-111.5712364,NA,-131.791439940772,41.93346712,-111.5711842,NA,176.027109692791,41.93347453,-111.5712364,NA,-131.791439940772,41.93350004,-111.5711765,NA,128.864985397023,0,0,0,0,9,9,8,9
"231","FRNK",5829,"ABLA",1.7,11.2,0,1,"0",1,1,1,1,"0","0","0","0",NA,NA,0,0,"0","0","1","1",0,0,0,0,"0","0","0",NA,0,0,0,0,"0","0","0",NA,0,0,0,0,"0","0","0",NA,0,0,0,0,"0","0","0",NA,0,0,0,0,"0","0","0",NA,0,0,0,0,"0","0","0",NA,"WOB","WOB","WOB","WOB",1,2,3,4,NA,NA,NA,NA,0,0,0,0,0,"FRNK5829",868,5829,NA,"Point",2053.927,NA,0.0381059996349666,0,0,0,0,"FRNK_5829_1287","FRNK_5844_1302",3.71399521499089,"FRNK_5844_1302",3.71399521499089,"FRNK_5844_1302",3.71399521499089,"FRNK_5823_1282",3.48576472423338,NA,41.93352133,-111.5712074,41.93354504,-111.571239,NA,-44.8613919308195,41.93354504,-111.571239,NA,-44.8613919308195,41.93354504,-111.571239,NA,-44.8613919308195,41.93350004,-111.5711765,NA,132.698581276656,0,0,0,0,12,12,12,12
"232","FRNK",5830,"ABLA",1.1,7.3,0.8,0,"0",1,1,1,1,"0","0","0","0",NA,NA,0,0,"0","0","0","0",0,0,0,0,"0","0","0",NA,0,0,0,0,"0","0","0",NA,0,0,0,0,"0","0","0",NA,0,0,0,0,"0","0","0",NA,0,0,0,0,"0","0","0",NA,0,0,0,0,"0","0","0",NA,"0","0","0","0",1,2,3,4,NA,NA,NA,NA,0,0,0,0,0,"FRNK5830",869,5830,NA,"Point",2054.376,NA,0.0378503626670663,0,0,0,0,"FRNK_5830_1288","FRNK_5844_1302",4.31084383849139,"FRNK_5844_1302",4.31084383849139,"FRNK_5844_1302",4.31084383849139,"FRNK_5823_1282",3.08326182163213,NA,41.933524,-111.5711953,41.93354504,-111.571239,NA,-57.1863078253812,41.93354504,-111.571239,NA,-57.1863078253812,41.93354504,-111.571239,NA,-57.1863078253812,41.93350004,-111.5711765,NA,149.634471582042,0,0,0,0,12,12,12,12
"233","FRNK",5831,"ABLA",7.4,10.1,NA,0,"0",1,1,NA,NA,"0","0",NA,NA,NA,NA,NA,NA,"TB","TB",NA,NA,0,0,NA,NA,"0","0",NA,NA,0,0,NA,NA,"0","0",NA,NA,0,0,NA,NA,"0","0",NA,NA,0,0,NA,NA,"0","0",NA,NA,0,0,NA,NA,"0","0",NA,NA,0,0,NA,NA,"0","0",NA,NA,"Broken top, 3-5","Broken top, 3-5",NA,NA,1,2,NA,NA,NA,NA,NA,NA,0,0,NA,NA,NA,"FRNK5831",870,5831,NA,"Point",2055.696,NA,0.0390916602542673,0,0,NA,NA,"FRNK_5831_1289","FRNK_5844_1302",3.04526419954469,"FRNK_5844_1302",3.04526419954469,"FRNK_5844_1302",3.04526419954469,"FRNK_5844_1302",3.04526419954469,NA,41.93353198,-111.5712067,41.93354504,-111.571239,NA,-61.564506672733,41.93354504,-111.571239,NA,-61.564506672733,41.93354504,-111.571239,NA,-61.564506672733,41.93354504,-111.571239,NA,-61.564506672733,0,0,NA,NA,12,12,12,12
"234","FRNK",5833,"ABLA",1.3,7.2,0.6,1,"0",1,1,1,1,"0","0","0","0",NA,NA,0,0,"0","0","1","1",0,0,0,0,"0","0","0",NA,0,0,0,0,"0","0","0",NA,0,0,0,0,"0","0","0",NA,0,0,0,0,"0","0","0",NA,0,0,0,0,"0","0","0",NA,0,0,0,0,"0","0","0",NA,"1DB","1DB","1DB","1DB",1,2,3,4,NA,NA,NA,NA,0,0,0,0,0,"FRNK5833",873,5833,NA,"Point",2051.69,NA,0.0402368353390601,0,0,0,0,"FRNK_5833_1290","FRNK_5844_1302",2.39821347788678,"FRNK_5844_1302",2.39821347788678,"FRNK_5844_1302",2.39821347788678,"FRNK_5839_1297",1.98389503537972,NA,41.93354234,-111.5712103,41.93354504,-111.571239,NA,-82.8190897492599,41.93354504,-111.571239,NA,-82.8190897492599,41.93354504,-111.571239,NA,-82.8190897492599,41.93355499,-111.5712272,NA,-44.9300350247241,0,0,0,0,12,12,12,12
"235","FRNK",5834,"ABLA",2.5,16.9,0,3,"0",1,1,1,1,"0","0","0","0",NA,NA,0,0,"0","0","3","3",0,0,0,0,"0","0","0",NA,0,0,0,0,"0","0","0",NA,0,0,0,0,"0","0","0",NA,0,0,0,0,"0","0","0",NA,0,0,0,0,"0","0","0",NA,0,0,0,0,"0","0","0",NA,"WOB","WOB","WOB","WOB",1,2,3,4,NA,NA,NA,NA,0,0,0,0,0,"FRNK5834",874,5834,NA,"Point",2050.16,NA,0.0398917327383196,0,0,0,0,"FRNK_5834_1291","FRNK_5844_1302",3.09842563624319,"FRNK_5844_1302",3.09842563624319,"FRNK_5844_1302",3.09842563624319,"FRNK_5839_1297",2.53000797766304,NA,41.93354236,-111.5712018,41.93354504,-111.571239,NA,-84.4890053990862,41.93354504,-111.571239,NA,-84.4890053990862,41.93354504,-111.571239,NA,-84.4890053990862,41.93355499,-111.5712272,NA,-56.3392887462829,0,0,0,0,12,12,12,12
"236","FRNK",5819,"ABLA",10.8,67.6,2,1,"0",1,1,1,1,"0","0","0","BO",NA,NA,0,0,"0","0","1","1",0,0,0,1,"0","0","0",NA,0,0,0,0,"0","0","0",NA,0,0,0,0,"0","0","0",NA,0,0,0,2,"0","0","0",NA,0,0,0,0,"0","0","0",NA,0,0,0,0,"0","0","0",NA,"1DB","1DB","1DB","1DB",1,2,3,4,NA,NA,NA,NA,0,0,0,1,1,"FRNK5819",893,5819,NA,"Point",2051.044,NA,0.0426985973956117,0,0,0,1,"FRNK_5819_1292","FRNK_5837_1295",0.889943592012799,"FRNK_5837_1295",0.889943592012799,"FRNK_5844_1302",4.73741298210058,"FRNK_5837_1295",0.889943592012799,NA,41.93357314,-111.571196,41.93357773,-111.5711872,NA,55.0644262311066,41.93357773,-111.5711872,NA,55.0644262311066,41.93354504,-111.571239,NA,-131.191574598996,41.93357773,-111.5711872,NA,55.0644262311066,0,0,0,3,1,1,0,4
"237","FRNK",5835,"ABLA",1.1,9.6,3.4,2,"0",1,1,1,1,"0","0","0","0",NA,NA,0,0,"0","0","2","2",0,0,0,0,"0","0","0",NA,0,0,0,0,"0","0","0",NA,0,0,0,0,"0","0","0",NA,0,0,0,0,"0","0","0",NA,0,0,0,0,"0","0","0",NA,0,0,0,0,"0","0","0",NA,"1DB","1DB","1DB","1DB",1,2,3,4,NA,NA,NA,NA,0,0,0,0,0,"FRNK5835",875,5835,NA,"Point",2059.616,NA,0.0407081371479844,0,0,0,0,"FRNK_5835_1293","FRNK_5837_1295",2.13573583388411,"FRNK_5837_1295",2.13573583388411,"FRNK_5844_1302",5.35045483247852,"FRNK_5819_1292",2.12005360120733,NA,41.93355988,-111.5711776,41.93357773,-111.5711872,NA,-21.8795894890802,41.93357773,-111.5711872,NA,-21.8795894890802,41.93354504,-111.571239,NA,-107.935958141003,41.93357314,-111.571196,NA,-46.016778901909,0,0,0,0,1,1,0,4
"238","FRNK",5836,"ABLA",NA,6.8,0,9,"0",1,1,1,1,"0","0","0","0",NA,NA,0,0,"0","0","9","9",0,0,0,0,"0","0","0",NA,0,0,0,0,"0","0","0",NA,0,0,0,0,"0","0","0",NA,0,0,0,0,"0","0","0",NA,0,0,0,0,"0","0","0",NA,0,0,0,0,"0","0","0",NA,"WOB, 6DB","WOB, 6DB","WOB, 6DB","WOB, 6DB",1,2,3,4,NA,NA,NA,NA,0,0,0,0,0,"FRNK5836",876,5836,NA,"Point",2058.594,NA,0.039334578238732,0,0,0,0,"FRNK_5836_1294","FRNK_5837_1295",3.52117927951604,"FRNK_5837_1295",3.52117927951604,"FRNK_5844_1302",6.10586603543377,"FRNK_5837_1295",3.52117927951604,NA,41.93355038,-111.5711657,41.93357773,-111.5711872,NA,-30.4121307498355,41.93357773,-111.5711872,NA,-30.4121307498355,41.93354504,-111.571239,NA,-95.5724013522133,41.93357773,-111.5711872,NA,-30.4121307498355,0,0,0,0,1,1,0,4
"239","FRNK",5837,"ABLA",2.2,11.3,2.4,1,"0",1,1,1,1,"BO","BO","BO","BO",NA,NA,0,0,"0","0","1","1",1,1,0,1,"0","0","0",NA,0,0,0,1,"0","0","0",NA,0,0,0,0,"0","0","0",NA,0,0,0,1,"0","0","0",NA,0,0,0,1,"0","0","0",NA,0,0,0,0,"0","0","0",NA,"0","0","0","0",1,2,3,4,NA,NA,NA,NA,1,1,0,1,0,"FRNK5837",877,5837,NA,"Point",2050.997,NA,0.0428420743031545,1,1,0,1,"FRNK_5837_1295","FRNK_5838_1296",1.94927484071618,"FRNK_5838_1296",1.94927484071618,"FRNK_5844_1302",5.6228932502969,"FRNK_5819_1292",0.889943592012799,NA,41.93357773,-111.5711872,41.93357488,-111.5712104,NA,-99.3424988608986,41.93357488,-111.5712104,NA,-99.3424988608986,41.93354504,-111.571239,NA,-130.20333950584,41.93357314,-111.571196,NA,-124.93556788813,1,1,0,4,1,1,0,1
"240","FRNK",5838,"ABLA",1.8,10.5,0,3,"0",1,1,1,1,"BO","BO","BO","BO",NA,NA,0,0,"0","0","3","3",0,0,0,0,"0","0","0",NA,0,0,0,0,"0","0","0",NA,0,0,0,0,"0","0","0",NA,1,1,0,0,"0","0","0",NA,0,0,0,1,"0","0","0",NA,0,0,0,0,"0","0","0",NA,"2DB","2DB","2DB","2DB",1,2,3,4,NA,NA,NA,NA,1,1,0,1,0,"FRNK5838",878,5838,NA,"Point",2052.653,NA,0.0434115517644996,1,1,0,1,"FRNK_5838_1296","FRNK_5837_1295",1.94927484071618,"FRNK_5837_1295",1.94927484071618,"FRNK_5857_1316",4.0182497103675,"FRNK_5819_1292",1.20937685259009,NA,41.93357488,-111.5712104,41.93357773,-111.5711872,NA,80.6574856352694,41.93357773,-111.5711872,NA,80.6574856352694,41.93357297,-111.5712588,NA,-93.0252507418374,41.93357314,-111.571196,NA,99.1921573469681,1,1,0,1,1,1,0,4
"241","FRNK",5839,"ABLA",3.7,23.2,3.2,4,"0",1,1,1,1,"0","0","0","BO",NA,NA,0,0,"0","0","4","4",0,0,0,0,"0","0","0",NA,0,0,0,1,"0","0","0",NA,0,0,0,1,"0","0","0",NA,0,0,0,0,"0","0","0",NA,0,0,0,1,"0","0","0",NA,0,0,0,1,"0","0","0",NA,"2DB","2DB","2DB","2DB",1,2,3,4,NA,NA,NA,NA,0,0,0,1,1,"FRNK5839",879,5839,NA,"Point",2054.605,NA,0.042157143356683,0,0,0,1,"FRNK_5839_1297","FRNK_5844_1302",1.47564777924954,"FRNK_5844_1302",1.47564777924954,"FRNK_5844_1302",1.47564777924954,"FRNK_5844_1302",1.47564777924954,NA,41.93355499,-111.5712272,41.93354504,-111.571239,NA,-138.47421522155,41.93354504,-111.571239,NA,-138.47421522155,41.93354504,-111.571239,NA,-138.47421522155,41.93354504,-111.571239,NA,-138.47421522155,0,0,0,4,12,12,12,12
"242","FRNK",5840,"ABLA",1.2,10.8,0,0,"0",1,1,1,1,"0","0","BO","BO",NA,NA,0,0,"0","0","0","0",0,0,0,0,"0","0","0",NA,0,0,0,0,"0","0","0",NA,0,0,0,0,"0","0","0",NA,0,0,0,0,"0","0","0",NA,0,0,0,1,"0","0","0",NA,0,0,0,0,"0","0","0",NA,"Bent","Bent","Bent, low covered in snow","Bent",1,2,3,4,NA,NA,NA,NA,0,0,0,1,1,"FRNK5840",880,5840,NA,"Point",2053.174,NA,0.0442987591951712,0,0,0,1,"FRNK_5840_1298","FRNK_5838_1296",1.23597130799389,"FRNK_5838_1296",1.23597130799389,"FRNK_5857_1316",2.89580627370049,"FRNK_5838_1296",1.23597130799389,NA,41.93357827,-111.5712246,41.93357488,-111.5712104,NA,107.730055147256,41.93357488,-111.5712104,NA,107.730055147256,41.93357297,-111.5712588,NA,-101.72483487522,41.93357488,-111.5712104,NA,107.730055147256,0,0,0,1,1,1,0,1
"243","FRNK",5841,"ABLA",1.3,1.3,1.8,0,"0",1,1,1,1,NA,"0","0","0",NA,NA,0,0,NA,"0","0","0",0,0,0,0,NA,"0","0",NA,0,0,0,0,NA,"0","0",NA,0,0,0,0,NA,"0","0",NA,0,0,0,0,NA,"0","0",NA,0,0,0,0,NA,"0","0",NA,0,0,0,0,NA,"0","0",NA,NA,NA,"under snow","Bent",1,2,3,4,NA,NA,NA,NA,0,0,0,0,0,"FRNK5841",881,5841,NA,"Point",2054.465,NA,0.04475712672308,0,0,0,0,"FRNK_5841_1299","FRNK_5838_1296",1.79378940785179,"FRNK_5838_1296",1.79378940785179,"FRNK_5857_1316",2.4740140778305,"FRNK_5840_1298",0.56162782966204,NA,41.93358047,-111.5712307,41.93357488,-111.5712104,NA,110.243188113827,41.93357488,-111.5712104,NA,110.243188113827,41.93357297,-111.5712588,NA,-109.669277394519,41.93357827,-111.5712246,NA,115.780678554588,0,0,0,0,1,1,0,1
"244","FRNK",5842,"ABLA",1.5,1.5,5,0,"0",1,1,1,1,NA,"0","0","0",NA,NA,0,0,NA,"0","0","0",0,0,0,0,NA,"0",NA,NA,0,0,0,0,NA,"0",NA,NA,0,0,0,0,NA,"0",NA,NA,0,0,0,0,NA,"0",NA,NA,0,0,0,0,NA,"0",NA,NA,0,0,0,0,NA,"0",NA,NA,NA,NA,"under snow",NA,1,2,3,4,NA,NA,NA,NA,0,0,0,0,0,"FRNK5842",882,5842,NA,"Point",2054.901,NA,0.0438952788218922,0,0,0,0,"FRNK_5842_1300","FRNK_5838_1296",1.90589646153476,"FRNK_5838_1296",1.90589646153476,"FRNK_5857_1316",2.1783471452811,"FRNK_5840_1298",1.07496145395602,NA,41.93357071,-111.5712327,41.93357488,-111.5712104,NA,75.9405091138342,41.93357488,-111.5712104,NA,75.9405091138342,41.93357297,-111.5712588,NA,-83.3852637506176,41.93357827,-111.5712246,NA,38.6608554575795,0,0,0,0,1,1,0,1
"245","FRNK",5843,"ABLA",NA,2.8,0,0,"0",1,1,1,1,"0","0","0","0",NA,NA,0,0,"0","0","0","0",0,0,0,0,"0","0","0",NA,0,0,0,0,"0","0","0",NA,0,0,0,0,"0","0","0",NA,0,0,0,0,"0","0","0",NA,0,0,0,0,"0","0","0",NA,0,0,0,0,"0","0","0",NA,NA,NA,NA,NA,1,2,3,4,NA,NA,NA,NA,0,0,0,0,0,"FRNK5843",883,5843,NA,"Point",2054.911,NA,0.0425269284529915,0,0,0,0,"FRNK_5843_1301","FRNK_5844_1302",0.817365069053208,"FRNK_5844_1302",0.817365069053208,"FRNK_5844_1302",0.817365069053208,"FRNK_5844_1302",0.817365069053208,NA,41.93355195,-111.5712424,41.93354504,-111.571239,NA,159.82645423,41.93354504,-111.571239,NA,159.82645423,41.93354504,-111.571239,NA,159.82645423,41.93354504,-111.571239,NA,159.82645423,0,0,0,0,12,12,12,12
"246","FRNK",5844,"ABLA",6.5,35.8,0,0,"0",1,1,1,1,"BO","BO","BO","BO",NA,NA,0,0,"0","0","0","0",2,2,2,2,NA,"1-1","4–0","4-0",2,2,2,2,NA,"4-0","3–4","3-1",2,2,2,2,NA,"3-2","3–2","3-2",2,2,2,2,NA,"4-2","0","4-2",2,2,2,2,NA,"4-2","3–2","3-3",2,2,2,2,NA,"0","1–3","1-1",NA,NA,NA,NA,1,2,3,4,NA,NA,NA,NA,1,1,1,1,0,"FRNK5844",884,5844,NA,"Point",2055.774,NA,0.041727817719216,1,1,1,1,"FRNK_5844_1302","FRNK_7189_1526",2.29386637350969,"FRNK_7189_1526",2.29386637350969,"FRNK_5857_1316",3.50875779093536,"FRNK_5839_1297",1.47564777924954,NA,41.93354504,-111.571239,41.93354791,-111.5712664,NA,-82.014786299246,41.93354791,-111.5712664,NA,-82.014786299246,41.93357297,-111.5712588,NA,-27.8942013519241,41.93355499,-111.5712272,NA,41.5257768928842,12,12,12,12,1,1,0,0
"247","FRNK",5845,"ABLA",1.2,8,1.4,1,"0",1,1,1,1,"0","0","BO","0",NA,NA,0,0,"0","0","1","1",0,0,0,0,"0","0","0",NA,0,0,0,0,"0","0","0",NA,0,0,0,0,"0","0","0",NA,0,0,0,0,"0","0","0",NA,0,0,0,0,"0","0","0",NA,0,0,0,0,"0","0","0",NA,"1DB","1DB","1DB","1DB",1,2,3,4,NA,NA,NA,NA,0,0,0,0,0,"FRNK5845",885,5845,NA,"Point",2055.452,NA,0.0406856003308725,0,0,0,0,"FRNK_5845_1303","FRNK_5844_1302",2.39245260341605,"FRNK_5844_1302",2.39245260341605,"FRNK_5844_1302",2.39245260341605,"FRNK_5844_1302",2.39245260341605,NA,41.93352641,-111.5712535,41.93354504,-111.571239,NA,30.1635952878688,41.93354504,-111.571239,NA,30.1635952878688,41.93354504,-111.571239,NA,30.1635952878688,41.93354504,-111.571239,NA,30.1635952878688,0,0,0,0,12,12,12,12
"248","FRNK",5846,"ABLA",2.2,7,3.7,1,"0",1,1,1,1,"0","0","0","0",NA,NA,0,0,"0","0","1","1",0,0,0,0,"0","0","0",NA,0,0,0,0,"0","0","0",NA,0,0,0,0,"0","0","0",NA,0,0,0,0,"0","0","0",NA,0,0,0,0,"0","0","0",NA,0,0,0,0,"0","0","0",NA,"1DB","1DB","1DB","1DB",1,2,3,4,NA,NA,NA,NA,0,0,0,0,0,"FRNK5846",886,5846,NA,"Point",2056.202,NA,0.0393170200190667,0,0,0,0,"FRNK_5846_1304","FRNK_5850_1307",1.58166050670554,"FRNK_5850_1307",1.58166050670554,"FRNK_5850_1307",1.58166050670554,"FRNK_5850_1307",1.58166050670554,NA,41.93351051,-111.5712546,41.93350857,-111.5712735,NA,-97.8271779524184,41.93350857,-111.5712735,NA,-97.8271779524184,41.93350857,-111.5712735,NA,-97.8271779524184,41.93350857,-111.5712735,NA,-97.8271779524184,0,0,0,0,9,12,12,13
"249","FRNK",5847,"ABLA",NA,3.4,0,0,"0",1,1,1,1,"0","0","0","0",NA,NA,0,0,"0","0","0","0",0,0,0,0,"0","0","0",NA,0,0,0,0,"0","0","0",NA,0,0,0,0,"0","0","0",NA,0,0,0,0,"0","0","0",NA,0,0,0,0,"0","0","0",NA,0,0,0,0,"0","0","0",NA,"0","0","0","0",1,2,3,4,NA,NA,NA,NA,0,0,0,0,0,"FRNK5847",887,5847,NA,"Point",2055.748,NA,0.0380679544762636,0,0,0,0,"FRNK_5847_1305","FRNK_5850_1307",2.94522865073109,"FRNK_5850_1307",2.94522865073109,"FRNK_5850_1307",2.94522865073109,"FRNK_5850_1307",2.94522865073109,NA,41.93350559,-111.5712382,41.93350857,-111.5712735,NA,-83.5496802538452,41.93350857,-111.5712735,NA,-83.5496802538452,41.93350857,-111.5712735,NA,-83.5496802538452,41.93350857,-111.5712735,NA,-83.5496802538452,0,0,0,0,9,12,12,13
"250","FRNK",5848,"ABLA",1.3,9,2.3,3,"0",1,1,1,1,"0","0","0","0",NA,NA,0,0,"0","0","4","4",0,0,0,0,"0","0","0",NA,0,0,0,0,"0","0","0",NA,0,0,0,0,"0","0","0",NA,0,0,0,0,"0","0","0",NA,0,0,0,0,"0","0","0",NA,0,0,0,0,"0","0","0",NA,"WOB, 1DB","WOB, 1DB","WOB, 1DB","WOB, 1DB",1,2,3,4,NA,NA,NA,NA,0,0,0,0,0,"FRNK5848",888,5848,NA,"Point",2055.27,NA,0.0396842564431494,0,0,0,0,"FRNK_5848_1306","FRNK_5850_1307",0.462775765332147,"FRNK_5850_1307",0.462775765332147,"FRNK_5850_1307",0.462775765332147,"FRNK_5850_1307",0.462775765332147,NA,41.9335046,-111.5712718,41.93350857,-111.5712735,NA,-17.7313477354442,41.93350857,-111.5712735,NA,-17.7313477354442,41.93350857,-111.5712735,NA,-17.7313477354442,41.93350857,-111.5712735,NA,-17.7313477354442,0,0,0,0,9,12,12,13
"251","FRNK",5850,"ABLA",6.3,43.5,6.9,1,"0",1,1,1,1,"BO","BO","BO","BO",NA,NA,0,0,"0","0","1","1",1,2,2,2,"0","4-0","4–0",NA,2,2,2,2,"0","3-4","3–4","3-6",2,2,2,3,"0","3-1","3–2","3-3",2,2,2,2,"0","0","0",NA,2,2,2,2,"0","3-3","3–2","3-2",0,2,2,2,"0","1-3","1–3","1-5","4DB","4DB","4DB","4DB",1,2,3,4,NA,NA,NA,NA,1,1,1,1,0,"FRNK5850",890,5850,NA,"Point",2055.971,NA,0.040114864914856,1,1,1,1,"FRNK_5850_1307","FRNK_5850_1308",1.34895016329063,"FRNK_5850_1308",1.34895016329063,"FRNK_5850_1308",1.34895016329063,"FRNK_5850_1308",1.34895016329063,NA,41.93350857,-111.5712735,41.9335151301667,-111.571287195,NA,-57.3190639565269,41.9335151301667,-111.571287195,NA,-57.3190639565269,41.9335151301667,-111.571287195,NA,-57.3190639565269,41.9335151301667,-111.571287195,NA,-57.3190639565269,9,12,12,13,9,12,12,13
"252","FRNK",5850,"ABLA",6.3,43.5,6.9,1,"0",1,1,1,1,"BO","BO","BO","BO",NA,NA,0,0,"0","0","1","1",1,2,2,2,"0","4-0","4–0",NA,2,2,2,2,"0","3-4","3–4","3-6",2,2,2,3,"0","3-1","3–2","3-3",2,2,2,2,"0","0","0",NA,2,2,2,2,"0","3-3","3–2","3-2",0,2,2,2,"0","1-3","1–3","1-5","4DB","4DB","4DB","4DB",1,2,3,4,NA,NA,NA,NA,1,1,1,1,0,"FRNK5850",5261,5850,NA,"Point",2054.339,-16.96,0.0413982503844773,1,1,1,1,"FRNK_5850_1308","FRNK_7040_1549",0.845164671765161,"FRNK_7040_1549",0.845164671765161,"FRNK_5850_1307",1.34895016329063,"FRNK_7040_1549",0.845164671765161,NA,41.9335151301667,-111.571287195,41.93351746,-111.5712969,NA,-72.1772121279774,41.93351746,-111.5712969,NA,-72.1772121279774,41.93350857,-111.5712735,NA,122.680926891546,41.93351746,-111.5712969,NA,-72.1772121279774,9,12,12,13,1,1,0,2
"253","FRNK",5851,"ABLA",3.4,24.4,5.5,7,"0",1,1,1,1,"0","0","BO","0",NA,NA,0,0,"0","0","7","7",0,0,0,0,"0","0","0",NA,0,0,0,0,"0","0","0",NA,0,0,0,0,"0","0","0",NA,0,0,0,0,"0","0","0",NA,0,0,0,0,"0","0","0",NA,0,0,0,0,"0","0","0",NA,"3DB","3DB","3DB","3DB",1,2,3,4,NA,NA,NA,NA,0,0,0,0,0,"FRNK5851",891,5851,NA,"Point",2054.739,NA,0.0413319589678429,0,0,0,0,"FRNK_5851_1309","FRNK_5850_1308",0.898299579780589,"FRNK_5850_1308",0.898299579780589,"FRNK_5850_1308",0.898299579780589,"FRNK_5850_1308",0.898299579780589,NA,41.93351975,-111.5712783,41.9335151301667,-111.571287195,NA,-124.821068383787,41.9335151301667,-111.571287195,NA,-124.821068383787,41.9335151301667,-111.571287195,NA,-124.821068383787,41.9335151301667,-111.571287195,NA,-124.821068383787,0,0,0,0,9,12,12,13
"254","FRNK",5851,"ABLA",3.4,24.4,5.5,7,"0",1,1,1,1,"0","0","BO","0",NA,NA,0,0,"0","0","7","7",0,0,0,0,"0","0","0",NA,0,0,0,0,"0","0","0",NA,0,0,0,0,"0","0","0",NA,0,0,0,0,"0","0","0",NA,0,0,0,0,"0","0","0",NA,0,0,0,0,"0","0","0",NA,"3DB","3DB","3DB","3DB",1,2,3,4,NA,NA,NA,NA,0,0,0,0,0,"FRNK5851",5262,5851,NA,"Point",2056.133,-16.96,0.0420386154931591,0,0,0,0,"FRNK_5851_1310","FRNK_5850_1308",1.32614271508625,"FRNK_5850_1308",1.32614271508625,"FRNK_5850_1308",1.32614271508625,"FRNK_5850_1308",1.32614271508625,NA,41.9335261843333,-111.571281136833,41.9335151301667,-111.571287195,NA,-157.744553818787,41.9335151301667,-111.571287195,NA,-157.744553818787,41.9335151301667,-111.571287195,NA,-157.744553818787,41.9335151301667,-111.571287195,NA,-157.744553818787,0,0,0,0,9,12,12,13
"255","FRNK",5852,"ABLA",NA,5,NA,0,"0",1,1,1,1,"0","0","0","0",NA,NA,0,0,"0","0","0","0",0,0,0,0,"0","0","0",NA,0,0,0,0,"0","0","0",NA,0,0,0,0,"0","0","0",NA,0,0,0,0,"0","0","0",NA,0,0,0,0,"0","0","0",NA,0,0,0,0,"0","0","0",NA,NA,NA,NA,NA,1,2,3,4,NA,NA,NA,NA,0,0,0,0,0,"FRNK5852",892,5852,NA,"Point",2055.579,NA,0.041694225835683,0,0,0,0,"FRNK_5852_1311","FRNK_5850_1308",1.49735806082373,"FRNK_5850_1308",1.49735806082373,"FRNK_5850_1308",1.49735806082373,"FRNK_5850_1308",1.49735806082373,NA,41.93352547,-111.5712756,41.9335151301667,-111.571287195,NA,-140.059286794087,41.9335151301667,-111.571287195,NA,-140.059286794087,41.9335151301667,-111.571287195,NA,-140.059286794087,41.9335151301667,-111.571287195,NA,-140.059286794087,0,0,0,0,9,12,12,13
"256","FRNK",5853,"ABLA",1,NA,0,0,"0",1,1,NA,NA,"0","0",NA,NA,NA,NA,NA,NA,"0","0",NA,NA,0,0,NA,NA,"0","0",NA,NA,0,0,NA,NA,"0","0",NA,NA,0,0,NA,NA,"0","0",NA,NA,0,0,NA,NA,"0","0",NA,NA,0,0,NA,NA,"0","0",NA,NA,0,0,NA,NA,"0","0",NA,NA,NA,"Not found",NA,NA,1,2,NA,NA,NA,NA,NA,NA,0,0,NA,NA,NA,"FRNK5853",894,5853,NA,"Point",2051.362,NA,0.0442931929878103,0,0,NA,NA,"FRNK_5853_1312","FRNK_5838_1296",0.908862896148232,"FRNK_5838_1296",0.908862896148232,"FRNK_5857_1316",3.96034368901211,"FRNK_5838_1296",0.908862896148232,NA,41.93358285,-111.5712129,41.93357488,-111.5712104,NA,166.81778491275,41.93357488,-111.5712104,NA,166.81778491275,41.93357297,-111.5712588,NA,-106.080730871778,41.93357488,-111.5712104,NA,166.81778491275,0,0,NA,NA,1,1,0,1
"257","FRNK",5854,"ABLA",NA,6.4,0,0,"0",1,1,1,1,"0","0","0","0",NA,NA,0,0,"0","0","0","0",0,0,0,0,"0","0","0",NA,0,0,0,0,"0","0","0",NA,0,0,0,0,"0","0","0",NA,0,0,0,0,"0","0","0",NA,0,0,0,0,"0","0","0",NA,0,0,0,0,"0","0","0",NA,NA,NA,NA,NA,1,2,3,4,NA,NA,NA,NA,0,0,0,0,0,"FRNK5854",895,5854,NA,"Point",2054.001,NA,0.0430693121573528,0,0,0,0,"FRNK_5854_1313","FRNK_7189_1526",0.185029795982997,"FRNK_7189_1526",0.185029795982997,"FRNK_5844_1302",2.18612115944213,"FRNK_5844_1302",2.18612115944213,NA,41.93354646,-111.5712653,41.93354791,-111.5712664,NA,-29.5297447885921,41.93354791,-111.5712664,NA,-29.5297447885921,41.93354504,-111.571239,NA,94.1357648109784,41.93354504,-111.571239,NA,94.1357648109784,0,0,0,0,1,1,0,0
"258","FRNK",5855,"ABLA",1,9.9,3,0,"0",1,1,1,1,"0","0","0","0",NA,NA,0,0,"0","0","0","0",0,0,0,0,"0","0","0",NA,0,0,0,0,"0","0","0",NA,0,0,0,0,"0","0","0",NA,0,0,0,0,"0","0","0",NA,0,0,0,0,"0","0","0",NA,0,0,0,0,"0","0","0",NA,NA,NA,NA,NA,1,2,3,4,NA,NA,NA,NA,0,0,0,0,0,"FRNK5855",896,5855,NA,"Point",2054.632,NA,0.043318730124363,0,0,0,0,"FRNK_5855_1314","FRNK_7189_1526",0.859394149727471,"FRNK_7189_1526",0.859394149727471,"FRNK_5844_1302",1.81416399489632,"FRNK_5844_1302",1.81416399489632,NA,41.93355274,-111.5712583,41.93354791,-111.5712664,NA,-128.610189676907,41.93354791,-111.5712664,NA,-128.610189676907,41.93354504,-111.571239,NA,118.115857257239,41.93354504,-111.571239,NA,118.115857257239,0,0,0,0,1,1,0,0
"259","FRNK",5856,"ABLA",2.6,18.1,6.4,0,"0",1,1,1,1,"BO","BO","0","0",NA,NA,0,0,"0","0","0","0",0,0,0,0,"0","0","0",NA,1,1,0,0,"0","0","0",NA,0,0,0,0,"0","0","0",NA,0,0,0,0,"0","0","0",NA,0,0,0,0,"0","0","0",NA,0,0,0,0,"0","0","0",NA,NA,NA,NA,NA,1,2,3,4,NA,NA,NA,NA,1,1,0,0,0,"FRNK5856",897,5856,NA,"Point",2054.827,NA,0.043879095678617,1,1,0,0,"FRNK_5856_1315","FRNK_7189_1526",0.689603639822865,"FRNK_7189_1526",0.689603639822865,"FRNK_5857_1316",2.72857397496118,"FRNK_7187_1524",2.48819798878505,NA,41.93355102,-111.5712736,41.93354791,-111.5712664,NA,120.048308494127,41.93354791,-111.5712664,NA,120.048308494127,41.93357297,-111.5712588,NA,26.7237066007142,41.93356959,-111.5712904,NA,-34.0399507818048,1,1,0,0,1,1,0,0
"260","FRNK",5857,"ABLA",4.4,32,0,0,"0",1,1,1,1,"BO","BO","BO","BO",NA,NA,0,0,"0","0","0","0",1,2,0,1,"0","0","0",NA,0,1,0,2,"0","0","0",NA,0,1,0,2,"0","0","0",NA,0,1,0,0,"0","0","0",NA,1,2,2,2,"0","0","3–0","3-0",2,2,2,2,"0","0","0","2-2",NA,NA,NA,NA,1,2,3,4,NA,NA,NA,NA,1,1,1,1,0,"FRNK5857",898,5857,NA,"Point",2054.616,NA,0.0452274418037027,1,1,1,1,"FRNK_5857_1316","FRNK_5861_1321",1.38673806003942,"FRNK_5861_1321",1.38673806003942,"FRNK_7184_1522",3.04110790285671,"FRNK_5861_1321",1.38673806003942,NA,41.93357297,-111.5712588,41.93358457,-111.571265,NA,-21.756713893616,41.93358457,-111.571265,NA,-21.756713893616,41.93359183,-111.5712854,NA,-46.482400469393,41.93358457,-111.571265,NA,-21.756713893616,4,9,4,9,1,2,0,3
"261","FRNK",5858,"ABLA",1.8,7,2.7,0,"0",1,1,1,1,"0","0","0","0",NA,NA,0,0,"0","0","0","0",0,0,0,0,"0","0","0",NA,0,0,0,0,"0","0","0",NA,0,0,0,0,"0","0","0",NA,0,0,0,0,"0","0","0",NA,0,0,0,0,"0","0","0",NA,0,0,0,0,"0","0","0",NA,"Bemt","Bemt","Bent","Bent",1,2,3,4,NA,NA,NA,NA,0,0,0,0,0,"FRNK5858",899,5858,NA,"Point",2054.449,NA,0.0461077865956899,0,0,0,0,"FRNK_5858_1317","FRNK_5861_1321",0.809885481313857,"FRNK_5861_1321",0.809885481313857,"FRNK_5857_1316",0.964141437348039,"FRNK_5861_1321",0.809885481313857,NA,41.93357776,-111.5712685,41.93358457,-111.571265,NA,20.9949914968219,41.93358457,-111.571265,NA,20.9949914968219,41.93357297,-111.5712588,NA,123.478007383938,41.93358457,-111.571265,NA,20.9949914968219,0,0,0,0,1,2,0,3
"262","FRNK",5859,"ABLA",NA,6.1,0,0,"0",1,1,1,1,"0","0","0","0",NA,NA,0,0,"0","0","0","0",0,0,0,0,"0","0","0",NA,0,0,0,0,"0","0","0",NA,0,0,0,0,"0","0","0",NA,0,0,0,0,"0","0","0",NA,0,0,0,0,"0","0","0",NA,0,0,0,0,"0","0","0",NA,"Bent","Bent","Bent","Bent",1,2,3,4,NA,NA,NA,NA,0,0,0,0,0,"FRNK5859",900,5859,NA,"Point",2054.593,NA,0.0454775208633052,0,0,0,0,"FRNK_5859_1318","FRNK_5857_1316",0.439037474834911,"FRNK_5857_1316",0.439037474834911,"FRNK_5857_1316",0.439037474834911,"FRNK_5857_1316",0.439037474834911,NA,41.9335766,-111.5712567,41.93357297,-111.5712588,NA,-156.636999770091,41.93357297,-111.5712588,NA,-156.636999770091,41.93357297,-111.5712588,NA,-156.636999770091,41.93357297,-111.5712588,NA,-156.636999770091,0,0,0,0,4,9,4,9
"263","FRNK",5860,"ABLA",NA,5.4,NA,0,"0",1,1,1,1,"0","0","0","0",NA,NA,0,0,"0","0","0","0",0,0,0,0,"0","0","0",NA,0,0,0,0,"0","0","0",NA,0,0,0,0,"0","0","0",NA,0,0,0,0,"0","0","0",NA,0,0,0,0,"0","0","0",NA,0,0,0,0,"0","0","0",NA,NA,NA,NA,NA,1,2,3,4,NA,NA,NA,NA,0,0,0,0,0,"FRNK5860",901,5860,NA,"Point",2054.773,NA,0.0457493369003068,0,0,0,0,"FRNK_5860_1319","FRNK_5857_1316",1.0778545090981,"FRNK_5857_1316",1.0778545090981,"FRNK_5857_1316",1.0778545090981,"FRNK_5857_1316",1.0778545090981,NA,41.93358142,-111.5712524,41.93357297,-111.5712588,NA,-150.509932694975,41.93357297,-111.5712588,NA,-150.509932694975,41.93357297,-111.5712588,NA,-150.509932694975,41.93357297,-111.5712588,NA,-150.509932694975,0,0,0,0,4,9,4,9
"264","FRNK",5769,"ABLA",1,5.5,0,0,"0",1,1,1,1,NA,"0","0","0",NA,NA,0,0,NA,"0","0","0",0,0,0,0,NA,"0",NA,NA,0,0,0,0,NA,"0",NA,NA,0,0,0,0,NA,"0",NA,NA,0,0,0,0,NA,"0",NA,NA,0,0,0,0,NA,"0",NA,NA,0,0,0,0,NA,"0",NA,NA,NA,NA,"under snow",NA,1,2,3,4,NA,NA,NA,NA,0,0,0,0,0,"FRNK5769",3778,5769,NA,"Point",2051.997,-16.96,0.0457499525488005,0,0,0,0,"FRNK_5769_1320","FRNK_5857_1316",0.891216149960234,"FRNK_5857_1316",0.891216149960234,"FRNK_5857_1316",0.891216149960234,"FRNK_5857_1316",0.891216149960234,NA,41.93358039,-111.5712547,41.93357297,-111.5712588,NA,-157.579243720181,41.93357297,-111.5712588,NA,-157.579243720181,41.93357297,-111.5712588,NA,-157.579243720181,41.93357297,-111.5712588,NA,-157.579243720181,0,0,0,0,4,9,4,9
"265","FRNK",5861,"ABLA",4.6,34.7,4.7,0,"0",1,1,1,1,"BO","BO","BO","BO",NA,NA,0,0,"0","0","0","0",0,0,0,1,"0","0","0",NA,0,0,0,1,"0","0","0",NA,0,0,0,0,"0","0","0",NA,0,0,0,0,"0","0","0",NA,0,1,0,1,"0","0","0",NA,1,1,0,0,"0","0","0",NA,NA,NA,NA,NA,1,2,3,4,NA,NA,NA,NA,1,1,0,1,0,"FRNK5861",902,5861,NA,"Point",2053.986,NA,0.0465926558237035,1,1,0,1,"FRNK_5861_1321","FRNK_5857_1316",1.38673806003942,"FRNK_5857_1316",1.38673806003942,"FRNK_5857_1316",1.38673806003942,"FRNK_5857_1316",1.38673806003942,NA,41.93358457,-111.571265,41.93357297,-111.5712588,NA,158.243281963118,41.93357297,-111.5712588,NA,158.243281963118,41.93357297,-111.5712588,NA,158.243281963118,41.93357297,-111.5712588,NA,158.243281963118,1,2,0,3,4,9,4,9
"266","FRNK",5862,"ABLA",1.5,11.1,1.7,0,"0",1,1,1,1,"0","0","0","0",NA,NA,0,0,"0","0","0","0",0,0,0,0,"0","0","0",NA,0,0,0,0,"0","0","0",NA,0,0,0,0,"0","0","0",NA,0,0,0,0,"0","0","0",NA,0,0,0,0,"0","0","0",NA,0,0,0,0,"0","0","0",NA,NA,NA,NA,NA,1,2,3,4,NA,NA,NA,NA,0,0,0,0,0,"FRNK5862",904,5862,NA,"Point",2053.746,NA,0.0474267788113874,0,0,0,0,"FRNK_5862_1322","FRNK_5861_1321",0.978179858997251,"FRNK_5861_1321",0.978179858997251,"FRNK_7184_1522",1.70001501874703,"FRNK_5861_1321",0.978179858997251,NA,41.93359338,-111.571265,41.93358457,-111.571265,NA,180,41.93358457,-111.571265,NA,180,41.93359183,-111.5712854,NA,-95.8101649154201,41.93358457,-111.571265,NA,180,0,0,0,0,1,2,0,3
"267","FRNK",5863,"ABLA",1.9,11.1,1.5,0,"0",1,1,1,1,"0","0","0","0",NA,NA,0,0,"0","0","0","0",0,0,0,0,"0","0","0",NA,0,0,0,0,"0","0","0",NA,0,0,0,0,"0","0","0",NA,0,0,0,0,"0","0","0",NA,0,0,0,0,"0","0","0",NA,0,0,0,0,"0","0","0",NA,"Bent","Bent","Bent","Bent",1,2,3,4,NA,NA,NA,NA,0,0,0,0,0,"FRNK5863",905,5863,NA,"Point",2052.39,NA,0.049691794703481,0,0,0,0,"FRNK_5863_1323","FRNK_7178_1516",3.39311947579219,"FRNK_7153_1489",2.94935166440539,"FRNK_7184_1522",4.59754332763957,"FRNK_5867_1328",2.2464208373384,NA,41.93362339,-111.5712495,41.9336185,-111.5712899,NA,-99.2075784829674,41.93364877,-111.57126,NA,-17.1667496054674,41.93359183,-111.5712854,NA,-139.656193227618,41.93361823,-111.5712233,NA,104.775706206423,0,0,0,0,1,2,0,6
"268","FRNK",5864,"ABLA",1.1,7.3,1.3,0,"0",1,1,1,1,"0","0","0","0",NA,NA,0,0,"0","0","0","0",0,0,0,0,"0","0","0",NA,0,0,0,0,"0","0","0",NA,0,0,0,0,"0","0","0",NA,0,0,0,0,"0","0","0",NA,0,0,0,0,"0","0","0",NA,0,0,0,0,"0","0","0",NA,NA,NA,NA,NA,1,2,3,4,NA,NA,NA,NA,0,0,0,0,0,"FRNK5864",906,5864,NA,"Point",2052.32,NA,0.049127413409726,0,0,0,0,"FRNK_5864_1324","FRNK_7178_1516",4.39098805927683,"FRNK_7153_1489",3.48131351753149,"FRNK_7184_1522",5.24588912442196,"FRNK_5867_1328",1.24358648324501,NA,41.93362244,-111.5712372,41.9336185,-111.5712899,NA,-95.7176706322598,41.93364877,-111.57126,NA,-32.8861565430668,41.93359183,-111.5712854,NA,-130.381090604175,41.93361823,-111.5712233,NA,112.078691592587,0,0,0,0,1,2,0,6
"269","FRNK",5865,"ABLA",1,7.7,2,0,"0",1,1,1,1,"0","0","0","0",NA,NA,0,0,"0","0","0","0",0,0,0,0,"0","0","0",NA,0,0,0,0,"0","0","0",NA,0,0,0,0,"0","0","0",NA,0,0,0,0,"0","0","0",NA,0,0,0,0,"0","0","0",NA,0,0,0,0,"0","0","0",NA,NA,NA,NA,NA,1,2,3,4,NA,NA,NA,NA,0,0,0,0,0,"FRNK5865",907,5865,NA,"Point",2052.083,NA,0.0505690980235096,0,0,0,0,"FRNK_5865_1325","FRNK_7178_1516",3.36596688358489,"FRNK_7153_1489",2.0610775264587,"FRNK_7184_1522",5.11420776020971,"FRNK_5867_1328",2.83305999522103,NA,41.93363098,-111.5712529,41.9336185,-111.5712899,NA,-114.309673401366,41.93364877,-111.57126,NA,-16.5943707265977,41.93359183,-111.5712854,NA,-148.206823114804,41.93361823,-111.5712233,NA,119.979221277834,0,0,0,0,1,2,0,6
"270","FRNK",5892,"ABLA",NA,3.8,0,0,"0",1,1,1,1,"0","0","0","0",NA,NA,0,0,"0","0","0","0",0,0,0,0,"0","0","0",NA,0,0,0,0,"0","0","0",NA,0,0,0,0,"0","0","0",NA,0,0,0,0,"0","0","0",NA,0,0,0,0,"0","0","0",NA,0,0,0,0,"0","0","0",NA,NA,NA,NA,NA,1,2,3,4,NA,NA,NA,NA,0,0,0,0,0,"FRNK5892",936,5892,NA,"Point",2052.709,NA,0.0508977791769401,0,0,0,0,"FRNK_5892_1326","FRNK_5885_1348",4.33086763600266,"FRNK_7153_1489",1.95905203573965,"FRNK_5885_1348",4.33086763600266,"FRNK_5867_1328",2.71167294620568,NA,41.93363914,-111.5712402,41.93367359,-111.5712157,NA,27.9696520802288,41.93364877,-111.57126,NA,-56.9215377886689,41.93367359,-111.5712157,NA,27.9696520802288,41.93361823,-111.5712233,NA,148.889123778804,0,0,0,0,4,5,2,9
"271","FRNK",5866,"ABLA",NA,2.3,0,0,"0",1,1,1,1,"0","0","0","0",NA,NA,0,0,"0","0","0","0",0,0,0,0,"0","0","0",NA,0,0,0,0,"0","0","0",NA,0,0,0,0,"0","0","0",NA,0,0,0,0,"0","0","0",NA,0,0,0,0,"0","0","0",NA,0,0,0,0,"0","0","0",NA,NA,NA,NA,NA,1,2,3,4,NA,NA,NA,NA,0,0,0,0,0,"FRNK5866",908,5866,NA,"Point",2052.041,NA,0.0499242778454571,0,0,0,0,"FRNK_5866_1327","FRNK_5885_1348",4.83325729259935,"FRNK_7153_1489",2.91022657463965,"FRNK_5885_1348",4.83325729259935,"FRNK_5867_1328",1.72945731289032,NA,41.93363202,-111.571233,41.93367359,-111.5712157,NA,17.2625322686789,41.93364877,-111.57126,NA,-50.279414724839,41.93367359,-111.5712157,NA,17.2625322686789,41.93361823,-111.5712233,NA,152.290157604788,0,0,0,0,4,5,2,9
"272","FRNK",5867,"ABLA",1.4,9.7,0,0,"0",1,1,1,1,"0","0","0","0",NA,NA,0,0,"0","0","0","0",0,0,0,0,"0","0","0",NA,0,0,0,0,"0","0","0",NA,0,0,0,0,"0","0","0",NA,0,0,0,0,"0","0","0",NA,0,0,0,0,"0","0","0",NA,0,0,0,1,"0","0","0",NA,NA,NA,NA,NA,1,2,3,4,NA,NA,NA,NA,0,0,0,1,1,"FRNK5867",909,5867,NA,"Point",2051.754,NA,0.0481942417349584,0,0,0,1,"FRNK_5867_1328","FRNK_5838_1296",4.93056619004519,"FRNK_7153_1489",4.55584639622825,"FRNK_5857_1316",5.82368444133406,"FRNK_5840_1298",4.43809286856066,NA,41.93361823,-111.5712233,41.93357488,-111.5712104,NA,167.472415815275,41.93364877,-111.57126,NA,-41.9017501584346,41.93357297,-111.5712588,NA,-149.643545753368,41.93357827,-111.5712246,NA,-178.608452130463,0,0,0,1,1,1,0,1
"273","FRNK",5868,"ABLA",1.9,4.2,3.7,0,"0",1,1,1,1,"0","0","0","0",NA,NA,0,0,"0","0","0","0",0,0,0,0,"0","0","0",NA,0,0,0,0,"0","0","0",NA,0,0,0,0,"0","0","0",NA,0,0,0,0,"0","0","0",NA,0,0,0,0,"0","0","0",NA,0,0,0,0,"0","0","0",NA,"Bent","Bent","Bent","Bent",1,2,3,4,NA,NA,NA,NA,0,0,0,0,0,"FRNK5868",910,5868,NA,"Point",2051.507,NA,0.0487713875298889,0,0,0,0,"FRNK_5868_1329","FRNK_5885_1348",5.33455467871721,"FRNK_5878_1340",4.24165518920168,"FRNK_5885_1348",5.33455467871721,"FRNK_5867_1328",0.8993298207586,NA,41.9336256,-111.5712188,41.93367359,-111.5712157,NA,2.76146483396509,41.93366228,-111.5712045,NA,16.2305248381533,41.93367359,-111.5712157,NA,2.76146483396509,41.93361823,-111.5712233,NA,-155.49085047751,0,0,0,0,4,5,2,9
"274","FRNK",5869,"ABLA",1.1,3.9,0,0,"0",1,1,1,1,"0","0","0","0",NA,NA,0,0,"0","0","0","0",0,0,0,0,"0","0","0",NA,0,0,0,0,"0","0","0",NA,0,0,0,0,"0","0","0",NA,0,0,0,0,"0","0","0",NA,0,0,0,0,"0","0","0",NA,0,0,0,0,"0","0","0",NA,"Bent","Bent","Bent","Bent",1,2,3,4,NA,NA,NA,NA,0,0,0,0,0,"FRNK5869",911,5869,NA,"Point",2051.684,NA,0.048479995995827,0,0,0,0,"FRNK_5869_1330","FRNK_5838_1296",5.30624220101883,"FRNK_7153_1489",4.41190718266528,"FRNK_5885_1348",5.73581246003127,"FRNK_5867_1328",0.480564576090832,NA,41.93362206,-111.5712206,41.93357488,-111.5712104,NA,170.829830976637,41.93364877,-111.57126,NA,-47.7638765609324,41.93367359,-111.5712157,NA,4.06137164985637,41.93361823,-111.5712233,NA,-152.238122224076,0,0,0,0,1,1,0,1
"275","FRNK",1150,"ABLA",NA,8,NA,0,"0",1,1,1,1,"0","0","0","0",NA,NA,0,0,"0","0","0","0",0,0,0,0,"0","0",NA,NA,0,0,0,0,"0","0",NA,NA,0,0,0,0,"0","0",NA,NA,0,0,0,0,"0","0",NA,NA,0,0,0,0,"0","0",NA,NA,0,0,0,0,"0","0",NA,NA,NA,NA,NA,NA,1,2,3,4,NA,NA,NA,NA,0,0,0,0,0,"FRNK1150",5251,1150,NA,"Point",2052.848,-16.96,0.0470034251984148,0,0,0,0,"FRNK_1150_1331","FRNK_7188_1525",1.49702578976968,"FRNK_7188_1525",1.49702578976968,"FRNK_7188_1525",1.49702578976968,"FRNK_7187_1524",0.925251077579866,NA,41.9335777451667,-111.571288104833,41.93356705,-111.5712991,NA,-142.488724843545,41.93356705,-111.5712991,NA,-142.488724843545,41.93356705,-111.5712991,NA,-142.488724843545,41.93356959,-111.5712904,NA,-168.132118148585,0,0,0,0,12,12,12,12
"276","FRNK",1151,"ABLA",NA,6.1,NA,0,"0",1,1,1,1,"0","0","0","0",NA,NA,0,0,"0","0","0","0",0,0,0,0,"0","0",NA,NA,0,0,0,0,"0","0",NA,NA,0,0,0,0,"0","0",NA,NA,0,0,0,0,"0","0",NA,NA,0,0,0,0,"0","0",NA,NA,0,0,0,0,"0","0",NA,NA,NA,NA,NA,NA,1,2,3,4,NA,NA,NA,NA,0,0,0,0,0,"FRNK1151",5252,1151,NA,"Point",2053.581,-16.96,0.0467209190280303,0,0,0,0,"FRNK_1151_1332","FRNK_5861_1321",2.69517928634201,"FRNK_5861_1321",2.69517928634201,"FRNK_5857_1316",3.26108801578125,"FRNK_5840_1298",2.42203589779299,NA,41.9335977635,-111.571237712167,41.93358457,-111.571265,NA,-122.923543579084,41.93358457,-111.571265,NA,-122.923543579084,41.93357297,-111.5712588,NA,-147.580660859487,41.93357827,-111.5712246,NA,153.3314980014,0,0,0,0,1,2,0,3
"277","FRNK",5871,"ABLA",1.6,10,0,0,"0",1,1,1,1,"0","0","0","0",NA,NA,0,0,"0","0","0","0",0,0,0,0,"0","0","0",NA,0,0,0,0,"0","0","0",NA,0,0,0,0,"0","0","0",NA,0,0,0,0,"0","0","0",NA,0,0,0,0,"0","0","0",NA,0,0,0,0,"0","0","0",NA,"Bent","Bent","Bent","Bent",1,2,3,4,NA,NA,NA,NA,0,0,0,0,0,"FRNK5871",913,5871,NA,"Point",2051.303,NA,0.0484459463677944,0,0,0,0,"FRNK_5871_1333","FRNK_5885_1348",5.39475126399042,"FRNK_5878_1340",4.15662388169643,"FRNK_5885_1348",5.39475126399042,"FRNK_5867_1328",1.2894171570378,NA,41.93362514,-111.5712108,41.93367359,-111.5712157,NA,-4.31860810467185,41.93366228,-111.5712045,NA,7.21867189356598,41.93367359,-111.5712157,NA,-4.31860810467185,41.93361823,-111.5712233,NA,-126.513648042604,0,0,0,0,4,5,2,9
"278","FRNK",5872,"ABLA",1.3,8.7,0,0,"0",1,1,1,1,"0","0","0","0",NA,NA,0,0,"0","0","0","0",0,0,0,0,"0","0","0",NA,0,0,0,0,"0","0","0",NA,0,0,0,0,"0","0","0",NA,0,0,0,0,"0","0","0",NA,0,0,0,0,"0","0","0",NA,0,0,0,0,"0","0","0",NA,"WOB","WOB","WOB","WOB",1,2,3,4,NA,NA,NA,NA,0,0,0,0,0,"FRNK5872",914,5872,NA,"Point",2050.537,NA,0.0482278868470797,0,0,0,0,"FRNK_5872_1334","FRNK_5885_1348",5.44255485779339,"FRNK_5878_1340",3.88221291364254,"FRNK_5885_1348",5.44255485779339,"FRNK_5867_1328",4.05929819535715,NA,41.93363315,-111.5711786,41.93367359,-111.5712157,NA,-34.4120369163338,41.93366228,-111.5712045,NA,-33.5801257897956,41.93367359,-111.5712157,NA,-34.4120369163338,41.93361823,-111.5712233,NA,-114.085171474232,0,0,0,0,4,5,2,9
"279","FRNK",5873,"ABLA",NA,4.8,0,2,"0",1,1,1,1,"0","0","0","0",NA,NA,0,0,"0","0","3","3",0,0,0,0,"0","0","0",NA,0,0,0,0,"0","0","0",NA,0,0,0,0,"0","0","0",NA,0,0,0,0,"0","0","0",NA,0,0,0,0,"0","0","0",NA,0,0,0,0,"0","0","0",NA,"2DB","2DB","2DB","2DB",1,2,3,4,NA,NA,NA,NA,0,0,0,0,0,"FRNK5873",915,5873,NA,"Point",2050.607,NA,0.0500635264114479,0,0,0,0,"FRNK_5873_1335","FRNK_5885_1348",3.56330537527903,"FRNK_5878_1340",2.00304887026002,"FRNK_5885_1348",3.56330537527903,"FRNK_5887_1350",2.79972408130196,NA,41.93364717,-111.5711913,41.93367359,-111.5712157,NA,-34.5902769034753,41.93366228,-111.5712045,NA,-33.1166843790898,41.93367359,-111.5712157,NA,-34.5902769034753,41.93367219,-111.5711871,NA,7.14443575055551,0,0,0,0,4,5,2,9
"280","FRNK",5874,"ABLA",1,7.3,1.4,0,"0",1,1,1,1,"0","0","0","0",NA,NA,0,0,"0","0","0","0",0,0,0,0,"0","0","0",NA,0,0,0,0,"0","0","0",NA,0,0,0,0,"0","0","0",NA,0,0,0,0,"0","0","0",NA,0,0,0,0,"0","0","0",NA,0,0,0,0,"0","0","0",NA,NA,NA,NA,NA,1,2,3,4,NA,NA,NA,NA,0,0,0,0,0,"FRNK5874",916,5874,NA,"Point",2051.721,NA,0.0498141285048017,0,0,0,0,"FRNK_5874_1336","FRNK_5885_1348",3.91695259347462,"FRNK_5878_1340",2.35936440703236,"FRNK_5885_1348",3.91695259347462,"FRNK_5887_1350",2.85989611462063,NA,41.93364646,-111.5711855,41.93367359,-111.5712157,NA,-39.7329667107791,41.93366228,-111.5712045,NA,-41.8853583875126,41.93367359,-111.5712157,NA,-39.7329667107791,41.93367219,-111.5711871,NA,-2.65848013544152,0,0,0,0,4,5,2,9
"281","FRNK",5875,"ABLA",2.3,13.5,3.4,3,"0",1,1,1,1,"0","0","0","0",NA,NA,0,0,"0","0","4","4",0,0,0,0,"0","0","0",NA,0,0,0,0,"0","0","0",NA,0,0,0,0,"0","0","0",NA,0,0,0,0,"0","0","0",NA,0,0,0,0,"0","0","0",NA,0,0,0,0,"0","0","0",NA,NA,NA,NA,NA,1,2,3,4,NA,NA,NA,NA,0,0,0,0,0,"FRNK5875",917,5875,NA,"Point",2050.83,NA,0.0507500081452237,0,0,0,0,"FRNK_5875_1337","FRNK_5885_1348",2.8507486948085,"FRNK_5878_1340",1.29291531381185,"FRNK_5885_1348",2.8507486948085,"FRNK_5887_1350",2.35091865668442,NA,41.93365224,-111.5711966,41.93367359,-111.5712157,NA,-33.743008241971,41.93366228,-111.5712045,NA,-30.4358475298122,41.93367359,-111.5712157,NA,-33.743008241971,41.93367219,-111.5711871,NA,19.5737769742108,0,0,0,0,4,5,2,9
"282","FRNK",5876,"ABLA",1.5,8.3,0,0,"0",1,1,1,1,"0","0","0","0",NA,NA,0,0,"0","0","0","0",0,0,0,0,"0","0",NA,NA,0,0,0,0,"0","0",NA,NA,0,0,0,0,"0","0",NA,NA,0,0,0,0,"0","0",NA,NA,0,0,0,0,"0","0",NA,NA,0,0,0,0,"0","0",NA,NA,"Bent","Bent","Bent","Bent",1,2,3,4,NA,NA,NA,NA,0,0,0,0,0,"FRNK5876",918,5876,NA,"Point",2051.388,NA,0.0505350544973115,0,0,0,0,"FRNK_5876_1338","FRNK_5885_1348",3.01261882966472,"FRNK_5878_1340",1.5080396805994,"FRNK_5885_1348",3.01261882966472,"FRNK_5887_1350",2.77578142588972,NA,41.93364912,-111.5712,41.93367359,-111.5712157,NA,-25.59815014138,41.93366228,-111.5712045,NA,-14.3232167364447,41.93367359,-111.5712157,NA,-25.59815014138,41.93367219,-111.5711871,NA,22.6618511135352,0,0,0,0,4,5,2,9
"283","FRNK",5877,"ABLA",3.2,3.2,0,0,"0",1,1,1,1,NA,"0","0","0",NA,NA,0,0,NA,"0","0","0",0,0,0,0,NA,"0","0",NA,0,0,0,0,NA,"0","0",NA,0,0,0,0,NA,"0","0",NA,0,0,0,0,NA,"0","0",NA,0,0,0,0,NA,"0","0",NA,0,0,0,0,NA,"0","0",NA,NA,NA,"under snow",NA,1,2,3,4,NA,NA,NA,NA,0,0,0,0,0,"FRNK5877",919,5877,NA,"Point",2051.193,NA,0.0511522315832252,0,0,0,0,"FRNK_5877_1339","FRNK_5885_1348",2.41002857415525,"FRNK_5878_1340",1.10253638456565,"FRNK_5885_1348",2.41002857415525,"FRNK_5885_1348",2.41002857415525,NA,41.93365268,-111.5712079,41.93367359,-111.5712157,NA,-15.5644896191853,41.93366228,-111.5712045,NA,14.8129929727103,41.93367359,-111.5712157,NA,-15.5644896191853,41.93367359,-111.5712157,NA,-15.5644896191853,0,0,0,0,4,5,2,9
"284","FRNK",5878,"ABLA",1.2,8.8,0,1,"0",1,1,1,1,"0","BO","0","0",NA,NA,0,0,"0","0","1","1",0,0,0,0,"0","0","0",NA,0,0,0,0,"0","0","0",NA,0,0,0,0,"0","0","0",NA,0,0,0,0,"0","0","0",NA,0,1,0,0,"0","0","0",NA,0,0,0,0,"0","0","0",NA,"1DB","1DB","1DB","1DB",1,2,3,4,NA,NA,NA,NA,0,1,0,0,1,"FRNK5878",920,5878,NA,"Point",2050.869,NA,0.0520301804194285,0,1,0,0,"FRNK_5878_1340","FRNK_5885_1348",1.56176865120949,"FRNK_5885_1348",1.56176865120949,"FRNK_5885_1348",1.56176865120949,"FRNK_5885_1348",1.56176865120949,NA,41.93366228,-111.5712045,41.93367359,-111.5712157,NA,-36.4803786128124,41.93367359,-111.5712157,NA,-36.4803786128124,41.93367359,-111.5712157,NA,-36.4803786128124,41.93367359,-111.5712157,NA,-36.4803786128124,0,1,0,0,4,5,2,9
"285","FRNK",5879,"ABLA",NA,7.6,NA,4,"0",1,1,1,1,"0","0","0","0",NA,NA,0,0,"0","0","4","4",0,0,0,0,"0","0","0",NA,0,0,0,0,"0","0","0",NA,0,0,0,0,"0","0","0",NA,0,0,0,0,"0","0","0",NA,0,0,0,0,"0","0","0",NA,0,0,0,0,"0","0","0",NA,"4DB","4DB","4DB","4DB",1,2,3,4,NA,NA,NA,NA,0,0,0,0,0,"FRNK5879",921,5879,NA,"Point",2052.393,NA,0.0528830358837765,0,0,0,0,"FRNK_5879_1341","FRNK_5885_1348",0.789890075616862,"FRNK_5885_1348",0.789890075616862,"FRNK_5885_1348",0.789890075616862,"FRNK_5885_1348",0.789890075616862,NA,41.93366659,-111.5712174,41.93367359,-111.5712157,NA,10.2783154725676,41.93367359,-111.5712157,NA,10.2783154725676,41.93367359,-111.5712157,NA,10.2783154725676,41.93367359,-111.5712157,NA,10.2783154725676,0,0,0,0,4,5,2,9
"286","FRNK",5880,"ABLA",2.2,10.8,3.9,0,"0",1,1,1,1,NA,"0","BO","0",NA,NA,0,0,NA,"0","0","0",0,0,0,0,NA,"0","0",NA,0,0,0,0,NA,"0","0",NA,0,0,0,0,NA,"0","0",NA,0,0,0,0,NA,"0","0",NA,0,0,0,0,NA,"0","0",NA,0,0,0,0,NA,"0","0",NA,NA,NA,NA,NA,1,2,3,4,NA,NA,NA,NA,0,0,0,0,0,"FRNK5880",922,5880,NA,"Point",2052.34,NA,0.0539296994933737,0,0,0,0,"FRNK_5880_1342","FRNK_5885_1348",1.49168381471433,"FRNK_7149_1485",1.43988728235464,"FRNK_5885_1348",1.49168381471433,"FRNK_5885_1348",1.49168381471433,NA,41.93367163,-111.5712335,41.93367359,-111.5712157,NA,81.6112400377929,41.9336624,-111.5712457,NA,-135.37594324747,41.93367359,-111.5712157,NA,81.6112400377929,41.93367359,-111.5712157,NA,81.6112400377929,0,0,0,0,4,5,2,9
"287","FRNK",5881,"ABLA",1,8.5,0.5,0,"0",1,1,1,1,NA,"0","0","0",NA,NA,0,0,NA,"0","0","0",0,0,0,0,NA,"0","0",NA,0,0,0,0,NA,"0","0",NA,0,0,0,0,NA,"0","0",NA,0,0,0,0,NA,"0","0",NA,0,0,0,0,NA,"0","0",NA,0,0,0,0,NA,"0","0",NA,NA,NA,NA,NA,1,2,3,4,NA,NA,NA,NA,0,0,0,0,0,"FRNK5881",923,5881,NA,"Point",2051.122,NA,0.0547673829163364,0,0,0,0,"FRNK_5881_1343","FRNK_5885_1348",2.01557550701392,"FRNK_7149_1485",1.80621894849941,"FRNK_5885_1348",2.01557550701392,"FRNK_5885_1348",2.01557550701392,NA,41.93367795,-111.5712393,41.93367359,-111.5712157,NA,103.89694066744,41.9336624,-111.5712457,NA,-162.916714033845,41.93367359,-111.5712157,NA,103.89694066744,41.93367359,-111.5712157,NA,103.89694066744,0,0,0,0,4,5,2,9
"288","FRNK",5882,"ABLA",1.7,12.1,2.4,4,"0",1,1,1,1,"0","0","0","0",NA,NA,0,0,"0","0","5","5",0,0,0,0,"0","0","0",NA,0,0,0,0,"0","0","0",NA,0,0,0,0,"0","0","0",NA,0,0,0,0,"0","0","0",NA,0,0,0,0,"0","0","0",NA,0,0,0,0,"0","0","0",NA,"2DB","2DB","2DB","2DB",1,2,3,4,NA,NA,NA,NA,0,0,0,0,0,"FRNK5882",924,5882,NA,"Point",2052.006,NA,0.05426188971753,0,0,0,0,"FRNK_5882_1344","FRNK_5885_1348",0.807490115440309,"FRNK_5885_1348",0.807490115440309,"FRNK_5885_1348",0.807490115440309,"FRNK_5885_1348",0.807490115440309,NA,41.93367823,-111.5712232,41.93367359,-111.5712157,NA,129.643160076246,41.93367359,-111.5712157,NA,129.643160076246,41.93367359,-111.5712157,NA,129.643160076246,41.93367359,-111.5712157,NA,129.643160076246,0,0,0,0,4,5,2,9
"289","FRNK",5908,"ABLA",2.4,13.7,4.6,0,"0",1,1,1,1,"0","0","0","0",NA,NA,0,0,"0","0","0","0",0,0,0,0,"0","0","0",NA,0,0,0,0,"0","0","0",NA,0,0,0,0,"0","0","0",NA,0,0,0,0,"0","0","0",NA,0,0,0,0,"0","0","0",NA,0,0,0,0,"0","0","0",NA,NA,NA,NA,NA,1,2,3,4,NA,NA,NA,NA,0,0,0,0,0,"FRNK5908",956,5908,NA,"Point",2050.849,NA,0.0541978241636072,0,0,0,0,"FRNK_5908_1345","FRNK_5885_1348",0.765181440362365,"FRNK_5885_1348",0.765181440362365,"FRNK_5885_1348",0.765181440362365,"FRNK_5885_1348",0.765181440362365,NA,41.93368039,-111.5712142,41.93367359,-111.5712157,NA,-170.646689979998,41.93367359,-111.5712157,NA,-170.646689979998,41.93367359,-111.5712157,NA,-170.646689979998,41.93367359,-111.5712157,NA,-170.646689979998,0,0,0,0,4,5,2,9
"290","FRNK",5883,"ABLA",1.8,11.6,0,1,"0",1,1,1,1,"0","0","0","0",NA,NA,0,0,"0","0","2","2",0,0,0,0,"0","0","0",NA,0,0,0,0,"0","0","0",NA,0,0,0,0,"0","0","0",NA,0,0,0,0,"0","0","0",NA,0,0,0,0,"0","0","0",NA,0,0,0,0,"0","0","0",NA,"Rot in area","Rot in area","Rot in area","Rot in area",1,2,3,4,NA,NA,NA,NA,0,0,0,0,0,"FRNK5883",925,5883,NA,"Point",2050.887,NA,0.0554082206915402,0,0,0,0,"FRNK_5883_1346","FRNK_5885_1348",2.32982314487443,"FRNK_7144_1480",2.0071593863953,"FRNK_5885_1348",2.32982314487443,"FRNK_5885_1348",2.32982314487443,NA,41.933684,-111.5712401,41.93367359,-111.5712157,NA,119.742406135498,41.93367909,-111.5712634,NA,-105.759962670644,41.93367359,-111.5712157,NA,119.742406135498,41.93367359,-111.5712157,NA,119.742406135498,0,0,0,0,4,5,2,9
"291","FRNK",5884,"ABLA",4.2,4.2,NA,0,"0",1,1,1,1,NA,"0","0","0",NA,NA,0,0,NA,"0","0","0",0,0,0,0,NA,"0",NA,NA,0,0,0,0,NA,"0",NA,NA,0,0,0,0,NA,"0",NA,NA,0,0,0,0,NA,"0",NA,NA,0,0,0,0,NA,"0",NA,NA,0,0,0,0,NA,"0",NA,NA,"Bent","Bent","Bent/ not found",NA,1,2,3,4,NA,NA,NA,NA,0,0,0,0,0,"FRNK5884",926,5884,NA,"Point",2051.16,NA,0.0554366885337173,0,0,0,0,"FRNK_5884_1347","FRNK_5885_1348",1.89293353383819,"FRNK_5885_1348",1.89293353383819,"FRNK_5885_1348",1.89293353383819,"FRNK_5885_1348",1.89293353383819,NA,41.93368888,-111.5712258,41.93367359,-111.5712157,NA,153.745745646289,41.93367359,-111.5712157,NA,153.745745646289,41.93367359,-111.5712157,NA,153.745745646289,41.93367359,-111.5712157,NA,153.745745646289,0,0,0,0,4,5,2,9
"292","FRNK",5885,"ABLA",3.8,23.5,0,0,"0",1,1,1,1,"BO","BO","BO","BO",NA,NA,0,0,"0","0","0","0",1,1,0,1,"0","0","0",NA,2,2,2,2,NA,NA,"0",NA,0,0,0,1,"0","0","0",NA,0,0,0,2,"0","0","0",NA,1,1,0,2,"0","0","0",NA,0,1,0,1,"0","0","0",NA,NA,NA,NA,NA,1,2,3,4,NA,NA,NA,NA,1,1,1,1,0,"FRNK5885",928,5885,NA,"Point",2051.097,NA,0.0535458914889706,1,1,1,1,"FRNK_5885_1348","FRNK_7126_1462",6.13924514689601,"FRNK_5878_1340",1.56176865120949,"FRNK_7184_1522",10.7610022443551,"FRNK_5887_1350",2.37619724582288,NA,41.93367359,-111.5712157,41.93372605,-111.5712391,NA,-18.4211342979309,41.93366228,-111.5712045,NA,143.519613902566,41.93359183,-111.5712854,NA,-147.521062335043,41.93367219,-111.5711871,NA,93.750767297978,4,5,2,9,1,3,0,10
"293","FRNK",5886,"ABLA",1.3,9.1,2.3,0,"0",1,1,1,1,"0","0","0","0",NA,NA,0,0,"0","0","0","0",0,0,0,0,"0","0","0",NA,0,0,0,0,"0","0","0",NA,0,0,0,0,"0","0","0",NA,0,0,0,0,"0","0","0",NA,0,0,0,0,"0","0","0",NA,0,0,0,0,"0","0","0",NA,NA,NA,NA,NA,1,2,3,4,NA,NA,NA,NA,0,0,0,0,0,"FRNK5886",929,5886,NA,"Point",2048.702,NA,0.0528533283607391,0,0,0,0,"FRNK_5886_1349","FRNK_5885_1348",2.34410868868358,"FRNK_5878_1340",2.00470390721061,"FRNK_5885_1348",2.34410868868358,"FRNK_5887_1350",0.3270056285037,NA,41.93367512,-111.5711875,41.93367359,-111.5712157,NA,-94.1558419559747,41.93366228,-111.5712045,NA,-135.328071370343,41.93367359,-111.5712157,NA,-94.1558419559747,41.93367219,-111.5711871,NA,174.179506108086,0,0,0,0,4,5,2,9
"294","FRNK",5887,"ABLA",3.9,23.2,2.5,0,"0",1,1,1,1,"0","0","0","BO",NA,NA,0,0,"0","0","0","0",0,0,0,0,"0","0","0",NA,0,0,0,0,"0","0","0",NA,0,0,0,0,"0","0","0",NA,0,0,0,2,"0","0","0",NA,0,0,0,0,"0","0","0",NA,0,0,0,0,"0","0","0",NA,NA,NA,NA,NA,1,2,3,4,NA,NA,NA,NA,0,0,0,1,1,"FRNK5887",930,5887,NA,"Point",2052.076,NA,0.0525361872158773,0,0,0,1,"FRNK_5887_1350","FRNK_5885_1348",2.37619724582288,"FRNK_5878_1340",1.81429743390172,"FRNK_5885_1348",2.37619724582288,"FRNK_5885_1348",2.37619724582288,NA,41.93367219,-111.5711871,41.93367359,-111.5712157,NA,-86.2492135895037,41.93366228,-111.5712045,NA,-127.334555259841,41.93367359,-111.5712157,NA,-86.2492135895037,41.93367359,-111.5712157,NA,-86.2492135895037,0,0,0,2,4,5,2,9
"295","FRNK",5888,"ABLA",1.6,2.6,0,0,"0",1,1,1,NA,NA,"0","0",NA,NA,NA,0,NA,NA,"0","0",NA,0,0,0,NA,NA,"0","0",NA,0,0,0,NA,NA,"0","0",NA,0,0,0,NA,NA,"0","0",NA,0,0,0,NA,NA,"0","0",NA,0,0,0,NA,NA,"0","0",NA,0,0,0,NA,NA,"0","0",NA,NA,NA,"bent",NA,1,2,3,NA,NA,NA,NA,NA,0,0,0,NA,NA,"FRNK5888",931,5888,NA,"Point",2051.587,NA,0.0541827371030667,0,0,0,NA,"FRNK_5888_1351","FRNK_5885_1348",1.52693977018832,"FRNK_5885_1348",1.52693977018832,"FRNK_5885_1348",1.52693977018832,"FRNK_5885_1348",1.52693977018832,NA,41.93368355,-111.571203,41.93367359,-111.5712157,NA,-136.40534359488,41.93367359,-111.5712157,NA,-136.40534359488,41.93367359,-111.5712157,NA,-136.40534359488,41.93367359,-111.5712157,NA,-136.40534359488,0,0,0,NA,4,5,2,9
"296","FRNK",5889,"ABLA",3.8,6.1,0,1,"0",1,1,1,1,"0","0","BO","BO",NA,NA,0,0,"0","0","1","1",0,0,0,0,"0","0","0",NA,0,0,0,0,"0","0","0",NA,0,0,0,0,"0","0","0",NA,0,0,0,0,"0","0","0",NA,0,0,0,1,"0","0","0",NA,0,0,0,0,"0","0","0",NA,"Bent, 1DB","Bent, 1DB","Bent, 1DB, beetle","Bent, 1DB, beetle",1,2,3,4,NA,NA,NA,NA,0,0,0,1,1,"FRNK5889",932,5889,NA,"Point",2051.224,NA,0.0563828851979621,0,0,0,1,"FRNK_5889_1352","FRNK_5885_1348",3.45684984503665,"FRNK_5885_1348",3.45684984503665,"FRNK_5885_1348",3.45684984503665,"FRNK_5885_1348",3.45684984503665,NA,41.93370387,-111.571206,41.93367359,-111.5712157,NA,-166.547701641483,41.93367359,-111.5712157,NA,-166.547701641483,41.93367359,-111.5712157,NA,-166.547701641483,41.93367359,-111.5712157,NA,-166.547701641483,0,0,0,1,4,5,2,9
"297","FRNK",5890,"ABLA",NA,6.5,0,1,"0",1,1,1,1,"0","0","0","0",NA,NA,0,0,"0","0","1","1",0,0,0,0,"0","0","0",NA,0,0,0,0,"0","0","0",NA,0,0,0,0,"0","0","0",NA,0,0,0,0,"0","0","0",NA,0,0,0,0,"0","0","0",NA,0,0,0,0,"0","0","0",NA,NA,NA,NA,NA,1,2,3,4,NA,NA,NA,NA,0,0,0,0,0,"FRNK5890",934,5890,NA,"Point",2050.772,NA,0.0570226118448486,0,0,0,0,"FRNK_5890_1353","FRNK_7126_1462",2.97366291046737,"FRNK_7126_1462",2.97366291046737,"FRNK_5885_1348",3.858631399285,"FRNK_5889_1352",0.71365656118392,NA,41.93370825,-111.5712123,41.93372605,-111.5712391,NA,-48.3470843625988,41.93372605,-111.5712391,NA,-48.3470843625988,41.93367359,-111.5712157,NA,-175.810709308271,41.93370387,-111.571206,NA,132.956275035379,0,0,0,0,1,3,0,10
"298","FRNK",5891,"ABLA",3.1,9.7,0,0,"0",1,1,NA,NA,"0","0",NA,NA,NA,NA,NA,NA,"TB","TB",NA,NA,0,0,NA,NA,"0","0",NA,NA,0,0,NA,NA,"0","0",NA,NA,0,0,NA,NA,"0","0",NA,NA,0,0,NA,NA,"0","0",NA,NA,0,0,NA,NA,"0","0",NA,NA,0,0,NA,NA,"0","0",NA,NA,"Dying CR","Dying CR",NA,NA,1,2,NA,NA,NA,NA,NA,NA,0,0,NA,NA,NA,"FRNK5891",935,5891,NA,"Point",2050.964,NA,0.0572413087940592,0,0,NA,NA,"FRNK_5891_1354","FRNK_7126_1462",3.4099379347443,"FRNK_5906_1366",3.38750771410395,"FRNK_5885_1348",4.55602179551358,"FRNK_5889_1352",1.10289310594576,NA,41.93371327,-111.5712017,41.93372605,-111.5712391,NA,-65.4095999450981,41.93374368,-111.571205,NA,-4.63248782347997,41.93367359,-111.5712157,NA,-165.240767155496,41.93370387,-111.571206,NA,-161.141248066026,0,0,NA,NA,1,3,0,10
"299","FRNK",5895,"ABLA",1.6,14.6,1.6,2,"0",1,1,1,1,"0","0","0","0",NA,NA,0,0,"0","0","2","2",0,0,0,0,"0","0","0",NA,0,0,0,0,"0","0","0",NA,0,0,0,0,"0","0","0",NA,0,0,0,0,"0","0","0",NA,0,0,0,0,"0","0","0",NA,0,0,0,0,"0","0","0",NA,"Rot in area","Rot in area","Rot in area","Rot in area",1,2,3,4,NA,NA,NA,NA,0,0,0,0,0,"FRNK5895",939,5895,NA,"Point",2048.015,NA,0.0558910018139194,0,0,0,0,"FRNK_5895_1355","FRNK_5885_1348",4.94322213657916,"FRNK_5909_1368",4.29830982721917,"FRNK_5885_1348",4.94322213657916,"FRNK_5889_1352",2.49399669209861,NA,41.93370694,-111.5711762,41.93367359,-111.5712157,NA,-138.510782181967,41.93374364,-111.5711927,NA,-18.5572381556245,41.93367359,-111.5712157,NA,-138.510782181967,41.93370387,-111.571206,NA,-97.8554096704124,0,0,0,0,4,5,2,9
"300","FRNK",5896,"ABLA",3.3,27,0,4,"0",1,1,1,1,"0","0","0","0",NA,NA,0,0,"0","0","4","4",0,0,0,0,"0","0","0",NA,0,0,0,0,"0","0","0",NA,0,0,0,0,"0","0","0",NA,0,0,0,0,"0","0","0",NA,0,0,0,0,"0","0","0",NA,0,0,0,0,"0","0","0",NA,"Rot in area, 3DB","Rot in area, 3DB","Rot in area, 3DB","Rot in area, 3DB",1,2,3,4,NA,NA,NA,NA,0,0,0,0,0,"FRNK5896",940,5896,NA,"Point",2049.537,NA,0.0539658554472636,0,0,0,0,"FRNK_5896_1356","FRNK_5885_1348",4.45713242953536,"FRNK_5878_1340",4.43482572490301,"FRNK_5885_1348",4.45713242953536,"FRNK_5887_1350",2.65368834821348,NA,41.93369091,-111.5711672,41.93367359,-111.5712157,NA,-115.559895628849,41.93366228,-111.5712045,NA,-135.789488253225,41.93367359,-111.5712157,NA,-115.559895628849,41.93367219,-111.5711871,NA,-141.558829590719,0,0,0,0,4,5,2,9
"301","FRNK",5897,"ABLA",3.7,25.3,0,5,"0",1,1,1,1,"0","0","0","0",NA,NA,0,0,"0","0","5","5",0,0,0,0,"0","0","0",NA,0,0,0,0,"0","0","0",NA,0,0,0,0,"0","0","0",NA,0,0,0,0,"0","0","0",NA,0,0,0,0,"0","0","0",NA,0,0,0,0,"0","0","0",NA,"Rot in area, 2DB","Rot in area, 2DB","Rot in area, 2DB","Rot in area, 2DB",1,2,3,4,NA,NA,NA,NA,0,0,0,0,0,"FRNK5897",941,5897,NA,"Point",2055.788,NA,0.053351876740921,0,0,0,0,"FRNK_5897_1357","FRNK_5885_1348",5.7726779188595,"FRNK_5878_1340",5.46843890927416,"FRNK_5885_1348",5.7726779188595,"FRNK_5887_1350",3.66124051448312,NA,41.93368924,-111.5711493,41.93367359,-111.5712157,NA,-107.518208250915,41.93366228,-111.5712045,NA,-123.18833473811,41.93367359,-111.5712157,NA,-107.518208250915,41.93367219,-111.5711871,NA,-121.13507529636,0,0,0,0,4,5,2,9
"302","FRNK",5898,"ABLA",1.7,12.5,1.2,6,"0",1,1,1,1,"0","0","0","0",NA,NA,0,0,"0","0","6","6",0,0,0,0,"0","0","0",NA,0,0,0,0,"0","0","0",NA,0,0,0,0,"0","0","0",NA,0,0,0,0,"0","0","0",NA,0,0,0,0,"0","0","0",NA,0,0,0,0,"0","0","0",NA,"Rot in area, 3DB","Rot in area, 3DB","Rot in area, 3DB","Rot in area, 3DB",1,2,3,4,NA,NA,NA,NA,0,0,0,0,0,"FRNK5898",942,5898,NA,"Point",2048.539,NA,0.0526365477710243,0,0,0,0,"FRNK_5898_1358","FRNK_5885_1348",6.38408800099257,"FRNK_5878_1340",5.88251076779142,"FRNK_5885_1348",6.38408800099257,"FRNK_5887_1350",4.13007001797699,NA,41.93368452,-111.5711401,41.93367359,-111.5712157,NA,-100.95813484726,41.93366228,-111.5712045,NA,-114.820257379943,41.93367359,-111.5712157,NA,-100.95813484726,41.93367219,-111.5711871,NA,-109.358203825999,0,0,0,0,4,5,2,9
"303","FRNK",5899,"ABLA",NA,5.7,NA,4,"0",1,1,1,1,"0","0","0","0",NA,NA,0,0,"0","0","4","4",0,0,0,0,"0","0","0",NA,0,0,0,0,"0","0","0",NA,0,0,0,0,"0","0","0",NA,0,0,0,0,"0","0","0",NA,0,0,0,0,"0","0","0",NA,0,0,0,0,"0","0","0",NA,"3DB","3DB","3DB","3DB",1,2,3,4,NA,NA,NA,NA,0,0,0,0,0,"FRNK5899",943,5899,NA,"Point",2051.476,NA,0.0537357026923606,0,0,0,0,"FRNK_5899_1359","FRNK_5885_1348",4.91305240589574,"FRNK_5878_1340",4.77182589381715,"FRNK_5885_1348",4.91305240589574,"FRNK_5887_1350",2.96228421440069,NA,41.93369025,-111.5711608,41.93367359,-111.5712157,NA,-112.117110767689,41.93366228,-111.5712045,NA,-130.60228648954,41.93367359,-111.5712157,NA,-112.117110767689,41.93367219,-111.5711871,NA,-132.602992217279,0,0,0,0,4,5,2,9
"304","FRNK",5900,"ABLA",4.3,27.7,0,7,"0",1,1,1,1,"0","0","0","0",NA,NA,0,0,"0","0","7","7",0,0,0,0,"0","0","0",NA,0,0,0,0,"0","0","0",NA,0,0,0,0,"0","0","0",NA,0,0,0,0,"0","0","0",NA,0,0,0,0,"0","0","0",NA,0,0,0,0,"0","0","0",NA,"5DB","5DB","5DB","5DB",1,2,3,4,NA,NA,NA,NA,0,0,0,0,0,"FRNK5900",944,5900,NA,"Point",2051.868,NA,0.0571959054543316,0,0,0,0,"FRNK_5900_1360","FRNK_7126_1462",4.77439812975103,"FRNK_5909_1368",2.9961895556279,"FRNK_5885_1348",5.61687486412238,"FRNK_5889_1352",2.47623703213656,NA,41.93371773,-111.5711826,41.93372605,-111.5712391,NA,-78.8437406087333,41.93374364,-111.5711927,NA,-16.2286376744987,41.93367359,-111.5712157,NA,-150.753981106099,41.93370387,-111.571206,NA,-128.422890068019,0,0,0,0,1,3,0,10
"305","FRNK",5901,"ABLA",NA,3.7,0,0,"0",1,1,1,1,"0","0","0","0",NA,NA,0,0,"0","0","0","0",0,0,0,0,"0","0","0",NA,0,0,0,0,"0","0","0",NA,0,0,0,0,"0","0","0",NA,0,0,0,0,"0","0","0",NA,0,0,0,0,"0","0","0",NA,0,0,0,0,"0","0","0",NA,NA,NA,NA,NA,1,2,3,4,NA,NA,NA,NA,0,0,0,0,0,"FRNK5901",946,5901,NA,"Point",2047.41,NA,0.0580136301257807,0,0,0,0,"FRNK_5901_1361","FRNK_7126_1462",5.07417547240656,"FRNK_5909_1368",2.25687177120803,"FRNK_5885_1348",6.66608440187427,"FRNK_5902_1362",1.97428132300881,NA,41.93372658,-111.5711779,41.93372605,-111.5712391,NA,-90.6644651409177,41.93374364,-111.5711927,NA,-32.9341814060985,41.93367359,-111.5712157,NA,-151.958091244703,41.93374436,-111.5711776,NA,0.721823574020301,0,0,0,0,1,3,0,10
"306","FRNK",5902,"ABLA",9.4,47.4,14,3,"0",1,1,1,1,"0","0","0","BO",NA,NA,0,0,"0","0","3","3",0,0,0,0,"0","0","0",NA,0,0,0,1,"0","0","0",NA,0,0,0,0,"0","0","0",NA,0,0,0,0,"0","0","0",NA,0,0,0,0,"0","0","0",NA,0,0,0,0,"0","0","0",NA,"3DB","3DB","3DB","3DB",1,2,3,4,NA,NA,NA,NA,0,0,0,1,1,"FRNK5902",947,5902,NA,"Point",2049.985,NA,0.0598948921252768,0,0,0,1,"FRNK_5902_1362","FRNK_7126_1462",5.48905875435567,"FRNK_5909_1368",1.25442691497843,"FRNK_5919_1377",5.09223726644429,"FRNK_5909_1368",1.25442691497843,NA,41.93374436,-111.5711776,41.93372605,-111.5712391,NA,-111.738284819167,41.93374364,-111.5711927,NA,-93.6538135134089,41.9337891413333,-111.571190863167,NA,-12.470387228677,41.93374364,-111.5711927,NA,-93.6538135134089,0,0,0,1,1,3,0,10
"307","FRNK",5903,"ABLA",6.7,45.7,6,3,"0",1,1,1,1,"0","0","0","BO",NA,NA,0,0,"0","0","3","3",0,0,0,0,"0","0","0",NA,0,0,0,0,"0","0","0",NA,0,0,0,1,"0","0","0",NA,0,0,0,0,"0","0","0",NA,0,0,0,0,"0","0","0",NA,0,0,0,0,"0","0","0",NA,NA,NA,NA,NA,1,2,3,4,NA,NA,NA,NA,0,0,0,1,1,"FRNK5903",949,5903,NA,"Point",2048.255,NA,0.0611737090004494,0,0,0,1,"FRNK_5903_1363","FRNK_7126_1462",3.88798545106084,"FRNK_5906_1366",0.694139526483151,"FRNK_5919_1377",4.5043753839492,"FRNK_5906_1366",0.694139526483151,NA,41.93374993,-111.5712048,41.93372605,-111.5712391,NA,-132.996196929919,41.93374368,-111.571205,NA,-178.631225513364,41.9337891413333,-111.571190863167,NA,14.8634158523409,41.93374368,-111.571205,NA,-178.631225513364,0,0,0,1,1,3,0,10
"308","FRNK",5904,"ABLA",3.2,13.6,4.8,8,"0",1,1,1,1,"0","0","0","0",NA,NA,0,0,"0","0","8","8",0,0,0,0,"0","0","0",NA,0,0,0,0,"0","0","0",NA,0,0,0,0,"0","0","0",NA,0,0,0,0,"0","0","0",NA,0,0,0,0,"0","0","0",NA,0,0,0,0,"0","0","0",NA,"7DB","7DB","7DB, beetle","7DB, beetle",1,2,3,4,NA,NA,NA,NA,0,0,0,0,0,"FRNK5904",950,5904,NA,"Point",2052.818,NA,0.0651211404187144,0,0,0,0,"FRNK_5904_1364","FRNK_5990_1437",4.53715279256741,"FRNK_5915_1374",2.22206068212834,"FRNK_5919_1377",2.73777387796336,"FRNK_5958_1413",2.62805133852623,NA,41.93378287,-111.5712228,41.93376884,-111.5712742,NA,-110.080126111672,41.93378313,-111.571196,NA,89.255610321065,41.9337891413333,-111.571190863167,NA,75.2658397419561,41.93379292,-111.5712515,NA,-64.8749494008262,0,0,0,0,1,0,0,0
"309","FRNK",5905,"ABLA",NA,2.9,0,1,"0",1,1,1,1,"0","0","0","0",NA,NA,0,0,"0","0","1","1",0,0,0,0,"0","0","0",NA,0,0,0,0,"0","0","0",NA,0,0,0,0,"0","0","0",NA,0,0,0,0,"0","0","0",NA,0,0,0,0,"0","0","0",NA,0,0,0,0,"0","0","0",NA,"4 Dead, 1DB","4 Dead, 1DB","5 Dead, 1DB","5 Dead, 1DB",1,2,3,4,NA,NA,NA,NA,0,0,0,0,0,"FRNK5905",951,5905,NA,"Point",2048.542,NA,0.0618192988045872,0,0,0,0,"FRNK_5905_1365","FRNK_7126_1462",2.59175670213499,"FRNK_7127_1463",1.59213779662205,"FRNK_5919_1377",5.63476152320233,"FRNK_7127_1463",1.59213779662205,NA,41.9337488,-111.5712321,41.93372605,-111.5712391,NA,-167.060749520614,41.93373513,-111.5712379,NA,-162.421179687216,41.9337891413333,-111.571190863167,NA,37.3533055237898,41.93373513,-111.5712379,NA,-162.421179687216,0,0,0,0,1,3,0,10
"310","FRNK",5906,"ABLA",6.7,42.5,1.6,2,"0",1,1,1,1,"0","BO","BO","BO",NA,NA,0,0,"0","0","2","2",0,1,0,2,"0","0","0","3-1",0,0,0,1,"0","0","0",NA,0,0,0,1,"0","0","0",NA,0,0,0,0,"0","0","0",NA,0,0,0,1,"0","0","0",NA,0,0,0,0,"0","0","0",NA,"1DB","1DB","1DB","1DB",1,2,3,4,NA,NA,NA,NA,0,1,0,1,1,"FRNK5906",954,5906,NA,"Point",2048.31,NA,0.060521443109237,0,1,0,1,"FRNK_5906_1366","FRNK_7126_1462",3.43862035778103,"FRNK_5909_1368",1.01975058950006,"FRNK_5919_1377",5.18188322607697,"FRNK_5903_1363",0.694139526483151,NA,41.93374368,-111.571205,41.93372605,-111.5712391,NA,-124.698649071919,41.93374364,-111.5711927,NA,90.2495315806285,41.9337891413333,-111.571190863167,NA,13.0721147035766,41.93374993,-111.5712048,NA,1.36877435298143,0,1,0,5,1,3,0,10
"311","FRNK",5907,"ABLA",NA,3.3,0,0,"0",1,1,1,1,"0","0","0","0",NA,NA,0,0,"0","0","0","0",0,0,0,0,"0","0","0",NA,0,0,0,0,"0","0","0",NA,0,0,0,0,"0","0","0",NA,0,0,0,0,"0","0","0",NA,0,0,0,0,"0","0","0",NA,0,0,0,0,"0","0","0",NA,NA,NA,NA,NA,1,2,3,4,NA,NA,NA,NA,0,0,0,0,0,"FRNK5907",955,5907,NA,"Point",2050.189,NA,0.0606824595659443,0,0,0,0,"FRNK_5907_1367","FRNK_7126_1462",4.35053512292999,"FRNK_5909_1368",0.492670055477971,"FRNK_5919_1377",4.62368464019436,"FRNK_5909_1368",0.492670055477971,NA,41.93374763,-111.5711953,41.93372605,-111.5712391,NA,-123.418211822331,41.93374364,-111.5711927,NA,154.053988725034,41.9337891413333,-111.571190863167,NA,4.56300675773775,41.93374364,-111.5711927,NA,154.053988725034,0,0,0,0,1,3,0,10
"312","FRNK",5909,"ABLA",3.9,NA,0,0,"0",1,1,1,1,"0","BO","0","BO",NA,NA,0,0,"0","0","0","0",0,1,0,0,"0","0","0",NA,0,0,0,0,"0","0","0",NA,0,0,0,0,"0","0","0",NA,0,0,0,0,"0","0","0",NA,0,0,0,1,"0","0","0",NA,0,0,0,1,"0","0","0",NA,NA,NA,NA,NA,1,2,3,4,NA,NA,NA,NA,0,1,0,1,1,"FRNK5909",957,5909,NA,"Point",2051.293,NA,0.0601939277337021,0,1,0,1,"FRNK_5909_1368","FRNK_7126_1462",4.31420998242238,"FRNK_5906_1366",1.01975058950006,"FRNK_5919_1377",5.05433649420264,"FRNK_5906_1366",1.01975058950006,NA,41.93374364,-111.5711927,41.93372605,-111.5712391,NA,-116.91682123814,41.93374368,-111.571205,NA,-89.7504601996407,41.9337891413333,-111.571190863167,NA,1.72654659470546,41.93374368,-111.571205,NA,-89.7504601996407,0,1,0,2,1,3,0,10
"313","FRNK",5910,"ABLA",NA,4.7,NA,0,"0",1,1,1,1,"0","0","0","0",NA,NA,0,0,"0","0","0","0",0,0,0,0,"0","0","0",NA,0,0,0,0,"0","0","0",NA,0,0,0,0,"0","0","0",NA,0,0,0,0,"0","0","0",NA,0,0,0,0,"0","0","0",NA,0,0,0,0,"0","0","0",NA,"Rot in area","Rot in area","Rot in area","Rot in area",1,2,3,4,NA,NA,NA,NA,0,0,0,0,0,"FRNK5910",958,5910,NA,"Point",2050.851,NA,0.0620437991389835,0,0,0,0,"FRNK_5910_1369","FRNK_7126_1462",4.21605529066882,"FRNK_5906_1366",1.52515743849418,"FRNK_5919_1377",3.89413678019051,"FRNK_5903_1363",0.878114378621595,NA,41.93375698,-111.5712096,41.93372605,-111.5712391,NA,-144.542638983807,41.93374368,-111.571205,NA,165.519493981469,41.9337891413333,-111.571190863167,NA,23.5097385265021,41.93374993,-111.5712048,NA,153.051831378268,0,0,0,0,1,3,0,10
"314","FRNK",5911,"ABLA",5.9,47.3,16.9,0,"0",1,1,1,1,"0","0","0","0",NA,NA,0,0,"0","0","0","0",0,0,0,0,"0","0","0",NA,0,0,0,0,"0","0","0",NA,0,0,0,0,"0","0","0",NA,0,0,0,0,"0","0","0",NA,0,0,0,0,"0","0","0",NA,0,0,0,0,"0","0","0",NA,NA,NA,NA,NA,1,2,3,4,NA,NA,NA,NA,0,0,0,0,0,"FRNK5911",959,5911,NA,"Point",2048.946,NA,0.0651019978483157,0,0,0,0,"FRNK_5911_1370","FRNK_5921_1379",3.95505503010908,"FRNK_5915_1374",0.73638390325641,"FRNK_5919_1377",0.978866471925121,"FRNK_5919_1377",0.978866471925121,NA,41.93378765,-111.5712025,41.93382266,-111.5711937,NA,10.6299513466016,41.93378313,-111.571196,NA,132.962332279893,41.9337891413333,-111.571190863167,NA,80.2610942222675,41.9337891413333,-111.571190863167,NA,80.2610942222675,0,0,0,0,1,6,4,5
"315","FRNK",5912,"ABLA",3.4,23.6,7.7,1,"0",1,1,1,1,"0","0","0","0",NA,NA,0,0,"0","0","1","1",0,0,0,0,"0","0","0",NA,0,0,0,0,"0","0","0",NA,0,0,0,0,"0","0","0",NA,0,0,0,0,"0","0","0",NA,0,0,0,0,"0","0","0",NA,0,0,0,0,"0","0","0",NA,NA,NA,NA,NA,1,2,3,4,NA,NA,NA,NA,0,0,0,0,0,"FRNK5912",960,5912,NA,"Point",2050.186,NA,0.0642384290718578,0,0,0,0,"FRNK_5912_1371","FRNK_5921_1379",4.69766747673835,"FRNK_5915_1374",0.349685443783177,"FRNK_5919_1377",1.14141251908371,"FRNK_5917_1641",1.07977222767255,NA,41.93378049,-111.5711983,41.93382266,-111.5711937,NA,4.65651049073324,41.93378313,-111.571196,NA,33.0451025614914,41.9337891413333,-111.571190863167,NA,32.6951581688581,41.93378427,-111.5711863,NA,67.1270342937751,0,0,0,0,1,6,4,5
"316","FRNK",5913,"ABLA",7.1,42.7,6.5,1,"0",1,1,1,1,"0","0","0","0",NA,NA,0,0,"0","0","1","1",0,0,0,0,"0","0","0",NA,0,0,0,0,"0","0","0",NA,0,0,0,0,"0","0","0",NA,0,0,0,0,"0","0","0",NA,0,0,0,0,"0","0","0",NA,0,0,0,0,"0","0","0",NA,NA,NA,NA,NA,1,2,3,4,NA,NA,NA,NA,0,0,0,0,0,"FRNK5913",961,5913,NA,"Point",2049.177,NA,0.0639232218511084,0,0,0,0,"FRNK_5913_1372","FRNK_5921_1379",4.88652150902394,"FRNK_5915_1374",0.542114204783667,"FRNK_5919_1377",1.18369380708213,"FRNK_5917_1641",0.857818271242466,NA,41.93377865,-111.5711934,41.93382266,-111.5711937,NA,-0.291628618462971,41.93378313,-111.571196,NA,-23.4294090112511,41.9337891413333,-111.571190863167,NA,10.2346168360275,41.93378427,-111.5711863,NA,43.3296554822007,0,0,0,0,1,6,4,5
"317","FRNK",5914,"ABLA",3.1,23.9,9,0,"0",1,1,1,1,"0","0","BO","0",NA,NA,0,0,"0","0","0","0",0,0,0,0,"0","0","0",NA,0,0,0,0,"0","0","0",NA,0,0,0,0,"0","0","0",NA,0,0,0,0,"0","0","0",NA,0,0,0,0,"0","0","0",NA,0,0,0,0,"0","0","0",NA,"Cut","Cut","Cut","Cut",1,2,3,4,NA,NA,NA,NA,0,0,0,0,0,"FRNK5914",962,5914,NA,"Point",2049.645,NA,0.0640311400934366,0,0,0,0,"FRNK_5914_1373","FRNK_5921_1379",5.05022753401839,"FRNK_5915_1374",0.79905267413863,"FRNK_5919_1377",1.58738656450549,"FRNK_5917_1641",1.51090033916788,NA,41.93377762,-111.5712022,41.93382266,-111.5711937,NA,8.02110734646523,41.93378313,-111.571196,NA,40.0369153053844,41.9337891413333,-111.571190863167,NA,36.306018818535,41.93378427,-111.5711863,NA,60.7458345580885,0,0,0,0,1,6,4,5
"318","FRNK",5915,"ABLA",4.9,6.2,0,0,"0",1,1,1,1,"0","BO","BO","0",NA,NA,0,0,"0","0","0","0",0,0,0,0,"0","0","0",NA,0,1,0,0,"0","0","0",NA,0,0,0,0,"0","0","0",NA,0,0,0,0,"0","0","0",NA,0,0,0,0,"0","0","0",NA,0,0,0,0,"0","0","0",NA,"2-3","2-3","2-4","2-4",1,2,3,4,NA,NA,NA,NA,0,1,0,0,1,"FRNK5915",963,5915,NA,"Point",2049.046,NA,0.0644625544975424,0,1,0,0,"FRNK_5915_1374","FRNK_5921_1379",4.39318115889823,"FRNK_5919_1377",0.791736478239787,"FRNK_5919_1377",0.791736478239787,"FRNK_5919_1377",0.791736478239787,NA,41.93378313,-111.571196,41.93382266,-111.5711937,NA,2.48766567249642,41.9337891413333,-111.571190863167,NA,32.5406008814701,41.9337891413333,-111.571190863167,NA,32.5406008814701,41.9337891413333,-111.571190863167,NA,32.5406008814701,0,1,0,0,1,6,4,5
"319","FRNK",5918,"ABLA",1.2,9,0,0,"0",1,1,1,1,"0","0","0","0",NA,NA,0,0,"0","0","0","0",0,0,0,0,"0","0","0",NA,0,0,0,0,"0","0","0",NA,0,0,0,0,"0","0","0",NA,0,0,0,0,"0","0","0",NA,0,0,0,0,"0","0","0",NA,0,0,0,0,"0","0","0",NA,NA,NA,NA,NA,1,2,3,4,NA,NA,NA,NA,0,0,0,0,0,"FRNK5918",967,5918,NA,"Point",2049.413,NA,0.0657573117556926,0,0,0,0,"FRNK_5918_1375","FRNK_5921_1379",3.03190011922135,"FRNK_5919_1377",0.797226962877181,"FRNK_5919_1377",0.797226962877181,"FRNK_5919_1377",0.797226962877181,NA,41.93379539,-111.5711956,41.93382266,-111.5711937,NA,2.97811260414404,41.9337891413333,-111.571190863167,NA,150.488674606619,41.9337891413333,-111.571190863167,NA,150.488674606619,41.9337891413333,-111.571190863167,NA,150.488674606619,0,0,0,0,1,6,4,5
"320","FRNK",5919,"ABLA",6.2,46,11.6,0,"0",1,1,1,1,"0","BO","BO","BO",NA,NA,0,0,"0","0","0","0",0,2,2,2,"0","0","0",NA,0,1,0,2,"0","0","0",NA,0,0,0,1,"0","0","0",NA,0,2,2,2,"0","0","3–3","3-3",0,1,2,2,"0","0","3–1","3-1",0,1,0,1,"0","0","0",NA,NA,NA,NA,NA,1,2,3,4,NA,NA,NA,NA,0,1,1,1,1,"FRNK5919",968,5919,NA,"Point",2050.56,NA,0.0675183736937272,0,1,1,1,"FRNK_5919_1376","FRNK_5921_1379",1.2620997483978,"FRNK_5937_1394",0.998499079154791,"FRNK_5921_1379",1.2620997483978,"FRNK_5937_1394",0.998499079154791,NA,41.93381158,-111.5711971,41.93382266,-111.5711937,NA,12.9053717884358,41.93382027,-111.5712002,NA,-14.9154810931737,41.93382266,-111.5711937,NA,12.9053717884358,41.93382027,-111.5712002,NA,-14.9154810931737,0,7,6,10,1,6,4,5
"321","FRNK",5919,"ABLA",6.2,46,11.6,0,"0",1,1,1,1,"0","BO","BO","BO",NA,NA,0,0,"0","0","0","0",0,2,2,2,"0","0","0",NA,0,1,0,2,"0","0","0",NA,0,0,0,1,"0","0","0",NA,0,2,2,2,"0","0","3–3","3-3",0,1,2,2,"0","0","3–1","3-1",0,1,0,1,"0","0","0",NA,NA,NA,NA,NA,1,2,3,4,NA,NA,NA,NA,0,1,1,1,1,"FRNK5919",5257,5919,NA,"Point",2047.976,-16.96,0.0649793992397506,0,1,1,1,"FRNK_5919_1377","FRNK_5921_1379",3.72902292221147,"FRNK_5915_1374",0.791736478239787,"FRNK_5919_1376",2.54447078941581,"FRNK_5917_1641",0.660043769642748,NA,41.9337891413333,-111.571190863167,41.93382266,-111.5711937,NA,-3.61604552759547,41.93378313,-111.571196,NA,-147.459395685732,41.93381158,-111.5711971,NA,-11.7248941506159,41.93378427,-111.5711863,NA,145.028918316309,0,7,6,10,1,6,4,5
"322","FRNK",5920,"ABLA",2,0,0,0,"0",1,1,NA,NA,"0","0",NA,NA,NA,NA,NA,NA,"0","TB",NA,NA,0,0,NA,NA,"0","0",NA,NA,0,0,NA,NA,"0","0",NA,NA,0,0,NA,NA,"0","0",NA,NA,0,0,NA,NA,"0","0",NA,NA,0,0,NA,NA,"0","0",NA,NA,0,0,NA,NA,"0","0",NA,NA,"Bent","Bent",NA,NA,1,2,NA,NA,NA,NA,NA,NA,0,0,NA,NA,NA,"FRNK5920",969,5920,NA,"Point",2053.062,NA,0.0682537100879309,0,0,NA,NA,"FRNK_5920_1378","FRNK_5921_1379",1.91959707093485,"FRNK_5921_1379",1.91959707093485,"FRNK_5921_1379",1.91959707093485,"FRNK_5921_1379",1.91959707093485,NA,41.93382384,-111.5711706,41.93382266,-111.5711937,NA,-93.913580615145,41.93382266,-111.5711937,NA,-93.913580615145,41.93382266,-111.5711937,NA,-93.913580615145,41.93382266,-111.5711937,NA,-93.913580615145,0,0,NA,NA,1,6,4,5
"323","FRNK",5921,"ABLA",4.7,36.7,13.2,0,"0",1,1,1,1,"BO","BO","BO","BO",NA,NA,0,0,"0","0","0","0",0,2,2,2,"0","2-1","2–2","2-0",0,1,2,1,"0","0","0",NA,0,0,0,0,"0","0","0",NA,0,1,0,1,"0","0","0",NA,1,1,0,1,"0","0","0",NA,0,1,0,0,"0","0","0",NA,NA,NA,NA,NA,1,2,3,4,NA,NA,NA,NA,1,1,1,1,0,"FRNK5921",970,5921,NA,"Point",2051.311,NA,0.0686239327418617,1,1,1,1,"FRNK_5921_1379","FRNK_5990_1437",8.95821827519481,"FRNK_5937_1394",0.600680151456874,"FRNK_5919_1376",1.2620997483978,"FRNK_5937_1394",0.600680151456874,NA,41.93382266,-111.5711937,41.93376884,-111.5712742,NA,-131.840527961614,41.93382027,-111.5712002,NA,-116.216945782993,41.93381158,-111.5711971,NA,-167.09462593944,41.93382027,-111.5712002,NA,-116.216945782993,1,6,4,5,1,0,0,0
"324","FRNK",5922,"ABLA",NA,2.9,0,1,"0",1,1,1,1,"0","0","0","0",NA,NA,0,0,"0","0","2","2",0,0,0,0,"0","0","0",NA,0,0,0,0,"0","0","0",NA,0,0,0,0,"0","0","0",NA,0,0,0,0,"0","0","0",NA,0,0,0,0,"0","0","0",NA,0,0,0,0,"0","0","0",NA,NA,NA,NA,NA,1,2,3,4,NA,NA,NA,NA,0,0,0,0,0,"FRNK5922",971,5922,NA,"Point",2051.04,NA,0.0663941960972705,0,0,0,0,"FRNK_5922_1380","FRNK_5921_1379",2.27714154680824,"FRNK_5919_1376",1.1303657421368,"FRNK_5919_1376",1.1303657421368,"FRNK_5919_1376",1.1303657421368,NA,41.9338022,-111.5711918,41.93382266,-111.5711937,NA,-3.96659056454577,41.93381158,-111.5711971,NA,-22.8751151964054,41.93381158,-111.5711971,NA,-22.8751151964054,41.93381158,-111.5711971,NA,-22.8751151964054,0,0,0,0,1,6,4,5
"325","FRNK",5923,"ABLA",NA,3.3,0,0,"0",1,1,1,1,"0","0","0","0",NA,NA,0,0,"0","0","0","0",0,0,0,0,"0","0","0",NA,0,0,0,0,"0","0","0",NA,0,0,0,0,"0","0","0",NA,0,0,0,0,"0","0","0",NA,0,0,0,0,"0","0","0",NA,0,0,0,0,"0","0","0",NA,NA,NA,NA,NA,1,2,3,4,NA,NA,NA,NA,0,0,0,0,0,"FRNK5923",972,5923,NA,"Point",2049.27,NA,0.0686363264273144,0,0,0,0,"FRNK_5923_1381","FRNK_5921_1379",0.313702908799149,"FRNK_5921_1379",0.313702908799149,"FRNK_5921_1379",0.313702908799149,"FRNK_5921_1379",0.313702908799149,NA,41.93382353,-111.5711901,41.93382266,-111.5711937,NA,-107.934163932657,41.93382266,-111.5711937,NA,-107.934163932657,41.93382266,-111.5711937,NA,-107.934163932657,41.93382266,-111.5711937,NA,-107.934163932657,0,0,0,0,1,6,4,5
"326","FRNK",5924,"ABLA",1.3,8.6,0,3,"0",1,1,1,1,"0","0","0","0",NA,NA,0,0,"0","0","4","4",0,0,0,0,"0","0","0",NA,0,0,0,0,"0","0","0",NA,0,0,0,0,"0","0","0",NA,0,0,0,0,"0","0","0",NA,0,0,0,0,"0","0","0",NA,0,0,0,0,"0","0","0",NA,"1DB","1DB","1DB","1DB",1,2,3,4,NA,NA,NA,NA,0,0,0,0,0,"FRNK5924",973,5924,NA,"Point",2047.814,NA,0.0690135755844707,0,0,0,0,"FRNK_5924_1382","FRNK_5921_1379",0.538094646066367,"FRNK_5921_1379",0.538094646066367,"FRNK_5921_1379",0.538094646066367,"FRNK_5921_1379",0.538094646066367,NA,41.93382511,-111.5711993,41.93382266,-111.5711937,NA,120.366794821225,41.93382266,-111.5711937,NA,120.366794821225,41.93382266,-111.5711937,NA,120.366794821225,41.93382266,-111.5711937,NA,120.366794821225,0,0,0,0,1,6,4,5
"327","FRNK",5925,"ABLA",1.4,11.6,7,0,"0",1,1,1,1,"0","BO","0","0",NA,NA,0,0,"0","0","0","0",0,0,0,0,"0","0","0",NA,0,0,0,0,"0","0","0",NA,0,0,0,0,"0","0","0",NA,0,0,0,0,"0","0","0",NA,0,0,0,0,"0","0","0",NA,0,1,0,0,"0","0","0",NA,"Bent","Bent","Bent","Bent",1,2,3,4,NA,NA,NA,NA,0,1,0,0,1,"FRNK5925",974,5925,NA,"Point",2048.483,NA,0.0687441697307394,0,1,0,0,"FRNK_5925_1383","FRNK_5921_1379",2.13981509307103,"FRNK_5936_1393",0.714815732212439,"FRNK_5919_1376",1.94215476073187,"FRNK_5926_1384",1.54787891886912,NA,41.93381817,-111.5712188,41.93382266,-111.5711937,NA,76.5275920113297,41.93381771,-111.5712102,NA,94.0973126066211,41.93381158,-111.5711971,NA,112.132032327168,41.93380878,-111.5712326,NA,-132.341836762553,0,1,0,0,1,6,4,5
"328","FRNK",5926,"ABLA",4.3,37.6,6.1,2,"0",1,1,1,1,"0","BO","BO","BO",NA,NA,0,0,"0","0","3","3",0,0,0,1,"0","0","0",NA,0,1,0,1,"0","0","0",NA,0,1,0,1,"0","0","0",NA,0,0,0,0,"0","0","0",NA,0,1,0,1,"0","0","0",NA,0,0,0,2,"0","0","0",NA,NA,NA,NA,NA,1,2,3,4,NA,NA,NA,NA,0,1,0,1,1,"FRNK5926",975,5926,NA,"Point",2049.825,NA,0.0681094855842687,0,1,0,1,"FRNK_5926_1384","FRNK_5921_1379",3.57432902796613,"FRNK_5925_1383",1.54787891886912,"FRNK_5919_1376",2.95952554563438,"FRNK_5958_1413",2.35715104234621,NA,41.93380878,-111.5712326,41.93382266,-111.5711937,NA,64.4588321490963,41.93381817,-111.5712188,NA,47.6581540152971,41.93381158,-111.5711971,NA,83.9701819165922,41.93379292,-111.5712515,NA,-138.336798527575,0,3,0,6,1,6,4,5
"329","FRNK",5927,"ABLA",NA,6.3,0,0,"0",1,1,1,1,"0","0","0","0",NA,NA,0,0,"0","0","0","0",0,0,0,0,"0","0","0",NA,0,0,0,0,"0","0","0",NA,0,0,0,0,"0","0","0",NA,0,0,0,0,"0","0","0",NA,0,0,0,0,"0","0","0",NA,0,0,0,0,"0","0","0",NA,NA,NA,NA,NA,1,2,3,4,NA,NA,NA,NA,0,0,0,0,0,"FRNK5927",976,5927,NA,"Point",2050.037,NA,0.0687066460236409,0,0,0,0,"FRNK_5927_1385","FRNK_5921_1379",3.40378162507627,"FRNK_5926_1384",0.614904432209875,"FRNK_5919_1376",3.0080934010786,"FRNK_5926_1384",0.614904432209875,NA,41.9338143,-111.5712332,41.93382266,-111.5711937,NA,74.1749059004783,41.93380878,-111.5712326,NA,175.359921016929,41.93381158,-111.5711971,NA,95.7620155596656,41.93380878,-111.5712326,NA,175.359921016929,0,0,0,0,1,6,4,5
"330","FRNK",5928,"ABLA",2,10.8,0,0,"0",1,1,1,1,"0","0","0","0",NA,NA,0,0,"0","0","0","0",0,0,0,0,"0","0","0",NA,0,0,0,0,"0","0","0",NA,0,0,0,0,"0","0","0",NA,0,0,0,0,"0","0","0",NA,0,0,0,0,"0","0","0",NA,0,0,0,0,"0","0","0",NA,NA,NA,NA,NA,1,2,3,4,NA,NA,NA,NA,0,0,0,0,0,"FRNK5928",977,5928,NA,"Point",2049.588,NA,0.0670879621918697,0,0,0,0,"FRNK_5928_1386","FRNK_5921_1379",4.16318419085155,"FRNK_5926_1384",1.08147016145135,"FRNK_5919_1376",3.26336925659236,"FRNK_5926_1384",1.08147016145135,NA,41.93379904,-111.5712327,41.93382266,-111.5711937,NA,50.9545153142498,41.93380878,-111.5712326,NA,0.43923466966835,41.93381158,-111.5711971,NA,64.7446915036318,41.93380878,-111.5712326,NA,0.43923466966835,0,0,0,0,1,6,4,5
"331","FRNK",5929,"ABLA",NA,7.4,0,8,"0",1,1,1,1,"0","0","0","0",NA,NA,0,0,"0","0","8","8",0,0,0,0,"0","0","0",NA,0,0,0,0,"0","0","0",NA,0,0,0,0,"0","0","0",NA,0,0,0,0,"0","0","0",NA,0,0,0,0,"0","0","0",NA,0,0,0,0,"0","0","0",NA,"2DB","2DB","2DB","2DB",1,2,3,4,NA,NA,NA,NA,0,0,0,0,0,"FRNK5929",1006,5929,NA,"Point",2048.708,NA,0.0669953421115252,0,0,0,0,"FRNK_5929_1387","FRNK_5921_1379",3.67671006404422,"FRNK_5926_1384",1.13262389338541,"FRNK_5919_1376",2.71766498047349,"FRNK_5926_1384",1.13262389338541,NA,41.93379989,-111.5712259,41.93382266,-111.5711937,NA,46.5582377718378,41.93380878,-111.5712326,NA,-29.3685769838995,41.93381158,-111.5711971,NA,61.4714273798505,41.93380878,-111.5712326,NA,-29.3685769838995,0,0,0,0,1,6,4,5
"332","FRNK",5930,"ABLA",1.6,7.8,0,1,"0",1,1,1,1,"0","0","0","0",NA,NA,0,0,"0","0","1","1",0,0,0,0,"0","0","0",NA,0,0,0,0,"0","0","0",NA,0,0,0,0,"0","0","0",NA,0,0,0,0,"0","0","0",NA,0,0,0,0,"0","0","0",NA,0,0,0,0,"0","0","0",NA,"1DB","1DB","1DB","1DB",1,2,3,4,NA,NA,NA,NA,0,0,0,0,0,"FRNK5930",979,5930,NA,"Point",2049.204,NA,0.0669594962748281,0,0,0,0,"FRNK_5930_1388","FRNK_5990_1437",4.33605278477333,"FRNK_5926_1384",1.41075346434555,"FRNK_5919_1376",3.73269369260871,"FRNK_5958_1413",1.23795543094302,NA,41.93379659,-111.5712374,41.93376884,-111.5712742,NA,-135.281882437895,41.93380878,-111.5712326,NA,16.3844667870489,41.93381158,-111.5711971,NA,63.5200618078551,41.93379292,-111.5712515,NA,-109.217648050567,0,0,0,0,1,0,0,0
"333","FRNK",5932,"ABLA",1.4,9.6,5.7,1,"0",1,1,1,1,"0","0","0","0",NA,NA,0,0,"0","0","2","2",0,0,0,0,"0","0","0",NA,0,0,0,0,"0","0","0",NA,0,0,0,0,"0","0","0",NA,0,0,0,0,"0","0","0",NA,0,0,0,0,"0","0","0",NA,0,0,0,0,"0","0","0",NA,NA,NA,NA,NA,1,2,3,4,NA,NA,NA,NA,0,0,0,0,0,"FRNK5932",981,5932,NA,"Point",2050.603,NA,0.0677826949697076,0,0,0,0,"FRNK_5932_1389","FRNK_5921_1379",3.80471246463334,"FRNK_5926_1384",0.37344822393876,"FRNK_5919_1376",3.0849910873121,"FRNK_5926_1384",0.37344822393876,NA,41.93380547,-111.5712334,41.93382266,-111.5711937,NA,59.8910663080348,41.93380878,-111.5712326,NA,10.2300195345522,41.93381158,-111.5711971,NA,77.2966828661532,41.93380878,-111.5712326,NA,10.2300195345522,0,0,0,0,1,6,4,5
"334","FRNK",5933,"ABLA",1.2,5.5,4.9,0,"0",1,1,1,1,"0","0","0","0",NA,NA,0,0,"0","0","0","0",0,0,0,0,"0","0","0",NA,0,0,0,0,"0","0","0",NA,0,0,0,0,"0","0","0",NA,0,0,0,0,"0","0","0",NA,0,0,0,0,"0","0","0",NA,0,0,0,0,"0","0","0",NA,"Bent","Bent","Bent","Bent",1,2,3,4,NA,NA,NA,NA,0,0,0,0,0,"FRNK5933",982,5933,NA,"Point",2050.572,NA,0.0678823723288496,0,0,0,0,"FRNK_5933_1390","FRNK_5921_1379",4.12525793727125,"FRNK_5926_1384",0.572025982636369,"FRNK_5919_1376",3.43720820945344,"FRNK_5926_1384",0.572025982636369,NA,41.93380531,-111.5712377,41.93382266,-111.5711937,NA,62.1620394630598,41.93380878,-111.5712326,NA,47.6599467867196,41.93381158,-111.5711971,NA,78.3146271415737,41.93380878,-111.5712326,NA,47.6599467867196,0,0,0,0,1,6,4,5
"335","FRNK",5934,"ABLA",NA,1.2,NA,0,"0",1,1,1,1,"0","0","0","0",NA,NA,0,0,"0","0","0","0",0,0,0,0,"0","0","0",NA,0,0,0,0,"0","0","0",NA,0,0,0,0,"0","0","0",NA,0,0,0,0,"0","0","0",NA,0,0,0,0,"0","0","0",NA,0,0,0,0,"0","0","0",NA,NA,NA,NA,NA,1,2,3,4,NA,NA,NA,NA,0,0,0,0,0,"FRNK5934",983,5934,NA,"Point",2050.152,NA,0.0681156151254806,0,0,0,0,"FRNK_5934_1391","FRNK_5921_1379",4.12084935974139,"FRNK_5926_1384",0.550276554997561,"FRNK_5919_1376",3.49910587352336,"FRNK_5926_1384",0.550276554997561,NA,41.93380722,-111.5712389,41.93382266,-111.5711937,NA,65.4170713723397,41.93380878,-111.5712326,NA,71.6533710711207,41.93381158,-111.5711971,NA,82.0477347315007,41.93380878,-111.5712326,NA,71.6533710711207,0,0,0,0,1,6,4,5
"336","FRNK",5935,"ABLA",NA,4.4,NA,0,"0",1,1,1,1,"0","0","0","0",NA,NA,0,0,"0","0","0","0",0,0,0,0,"0","0","0",NA,0,0,0,0,"0","0","0",NA,0,0,0,0,"0","0","0",NA,0,0,0,0,"0","0","0",NA,0,0,0,0,"0","0","0",NA,0,0,0,0,"0","0","0",NA,NA,NA,NA,NA,1,2,3,4,NA,NA,NA,NA,0,0,0,0,0,"FRNK5935",984,5935,NA,"Point",2049.917,NA,0.0683475588306117,0,0,0,0,"FRNK_5935_1392","FRNK_5921_1379",1.66105196886717,"FRNK_5936_1393",0.21867355069085,"FRNK_5919_1376",1.30991305123546,"FRNK_5937_1394",1.06037579101274,NA,41.93381609,-111.5712117,41.93382266,-111.5711937,NA,63.9495543547021,41.93381771,-111.5712102,NA,34.6592586452881,41.93381158,-111.5711971,NA,112.474722339478,41.93382027,-111.5712002,NA,64.0438798371367,0,0,0,0,1,6,4,5
"337","FRNK",5936,"ABLA",3.5,19.4,6,4,"0",1,1,1,1,"0","BO","0","0",NA,NA,0,0,"0","0","4","4",0,0,0,0,"0","0","0",NA,0,0,0,0,"0","0","0",NA,0,0,0,0,"0","0","0",NA,0,0,0,0,"0","0","0",NA,0,1,0,0,"0","0","0",NA,0,0,0,0,"0","0","0",NA,"4DB","4DB","4DB, BIB","4DB, BIB",1,2,3,4,NA,NA,NA,NA,0,1,0,0,1,"FRNK5936",985,5936,NA,"Point",2045.334,NA,0.0684830818427191,0,1,0,0,"FRNK_5936_1393","FRNK_5921_1379",1.4742222953539,"FRNK_5925_1383",0.714815732212439,"FRNK_5919_1376",1.28170835061518,"FRNK_5937_1394",0.876428240038254,NA,41.93381771,-111.5712102,41.93382266,-111.5711937,NA,68.1111054163287,41.93381817,-111.5712188,NA,-85.9026816462417,41.93381158,-111.5711971,NA,122.074658605973,41.93382027,-111.5712002,NA,71.0759446284155,0,1,0,0,1,6,4,5
"338","FRNK",5937,"ABLA",5.3,30,4.5,4,"0",1,1,1,1,"0","BO","BO","BO",NA,NA,0,0,"0","0","4","4",0,0,0,2,"0","0","0",NA,0,1,0,1,"0","0","0",NA,0,0,0,0,"0","0","0",NA,0,0,0,1,"0","0","0",NA,0,0,0,1,"0","0","0",NA,0,0,0,0,"0","0","0",NA,"3DB","3DB","3DB","3DB",1,2,3,4,NA,NA,NA,NA,0,1,0,1,1,"FRNK5937",986,5937,NA,"Point",2047.449,NA,0.0685177616636643,0,1,0,1,"FRNK_5937_1394","FRNK_5921_1379",0.600680151456874,"FRNK_5921_1379",0.600680151456874,"FRNK_5921_1379",0.600680151456874,"FRNK_5921_1379",0.600680151456874,NA,41.93382027,-111.5712002,41.93382266,-111.5711937,NA,63.7830498732401,41.93382266,-111.5711937,NA,63.7830498732401,41.93382266,-111.5711937,NA,63.7830498732401,41.93382266,-111.5711937,NA,63.7830498732401,0,1,0,5,1,6,4,5
"339","FRNK",5938,"ABLA",NA,3.9,NA,0,"0",1,1,1,1,"0","0","0","0",NA,NA,0,0,"0","0","0","0",0,0,0,0,"0","0","0",NA,0,0,0,0,"0","0","0",NA,0,0,0,0,"0","0","0",NA,0,0,0,0,"0","0","0",NA,0,0,0,0,"0","0","0",NA,0,0,0,0,"0","0","0",NA,NA,NA,NA,NA,1,2,3,4,NA,NA,NA,NA,0,0,0,0,0,"FRNK5938",987,5938,NA,"Point",2048.36,NA,0.0691550383342892,0,0,0,0,"FRNK_5938_1395","FRNK_5921_1379",0.913947084210609,"FRNK_5937_1394",0.65399508255525,"FRNK_5921_1379",0.913947084210609,"FRNK_5937_1394",0.65399508255525,NA,41.93382539,-111.5712041,41.93382266,-111.5711937,NA,109.369155805436,41.93382027,-111.5712002,NA,150.370116010518,41.93382266,-111.5711937,NA,109.369155805436,41.93382027,-111.5712002,NA,150.370116010518,0,0,0,0,1,6,4,5
"340","FRNK",5938,"ABLA",NA,3.9,NA,0,"0",1,1,1,1,"0","0","0","0",NA,NA,0,0,"0","0","0","0",0,0,0,0,"0","0","0",NA,0,0,0,0,"0","0","0",NA,0,0,0,0,"0","0","0",NA,0,0,0,0,"0","0","0",NA,0,0,0,0,"0","0","0",NA,0,0,0,0,"0","0","0",NA,NA,NA,NA,NA,1,2,3,4,NA,NA,NA,NA,0,0,0,0,0,"FRNK5938",5258,5938,NA,"Point",2045.892,-16.96,0.069500356384784,0,0,0,0,"FRNK_5938_1396","FRNK_5921_1379",1.32230464034348,"FRNK_5937_1394",1.05806086303576,"FRNK_5921_1379",1.32230464034348,"FRNK_5937_1394",1.05806086303576,NA,41.9338277385,-111.571208126667,41.93382266,-111.5711937,NA,115.241144844909,41.93382027,-111.5712002,NA,141.603216260753,41.93382266,-111.5711937,NA,115.241144844909,41.93382027,-111.5712002,NA,141.603216260753,0,0,0,0,1,6,4,5
"341","FRNK",5939,"ABLA",1,7.2,2.9,0,"0",1,1,1,1,"0","0","0","0",NA,NA,0,0,"0","0","0","0",0,0,0,0,"0","0","0",NA,0,0,0,0,"0","0","0",NA,0,0,0,0,"0","0","0",NA,0,0,0,0,"0","0","0",NA,0,0,0,0,"0","0","0",NA,0,0,0,0,"0","0","0",NA,NA,NA,NA,NA,1,2,3,4,NA,NA,NA,NA,0,0,0,0,0,"FRNK5939",988,5939,NA,"Point",2044.461,NA,0.0720321019423633,0,0,0,0,"FRNK_5939_1397","FRNK_5921_1379",3.56395844198431,"FRNK_5925_1383",3.47386751679915,"FRNK_5921_1379",3.56395844198431,"FRNK_5941_1400",2.49325972787625,NA,41.93384944,-111.5712174,41.93382266,-111.5711937,NA,146.5427165698,41.93381817,-111.5712188,NA,-178.08529230182,41.93382266,-111.5711937,NA,146.5427165698,41.93383581,-111.5711935,NA,127.371123394062,0,0,0,0,1,6,4,5
"342","FRNK",5939,"ABLA",1,7.2,2.9,0,"0",1,1,1,1,"0","0","0","0",NA,NA,0,0,"0","0","0","0",0,0,0,0,"0","0","0",NA,0,0,0,0,"0","0","0",NA,0,0,0,0,"0","0","0",NA,0,0,0,0,"0","0","0",NA,0,0,0,0,"0","0","0",NA,0,0,0,0,"0","0","0",NA,NA,NA,NA,NA,1,2,3,4,NA,NA,NA,NA,0,0,0,0,0,"FRNK5939",5259,5939,NA,"Point",2046.029,-16.96,0.0711796016898799,0,0,0,0,"FRNK_5939_1398","FRNK_5921_1379",2.70647435014808,"FRNK_5921_1379",2.70647435014808,"FRNK_5921_1379",2.70647435014808,"FRNK_5941_1400",1.25168251374483,NA,41.933846977,-111.5711914315,41.93382266,-111.5711937,NA,-176.015334790852,41.93382266,-111.5711937,NA,-176.015334790852,41.93382266,-111.5711937,NA,-176.015334790852,41.93383581,-111.5711935,NA,-172.125259804235,0,0,0,0,1,6,4,5
"343","FRNK",5940,"ABLA",1.6,10.8,5.5,0,"0",1,1,1,1,"0","0","0","0",NA,NA,0,0,"0","0","0","0",0,0,0,0,"0","0","0",NA,0,0,0,0,"0","0","0",NA,0,0,0,0,"0","0","0",NA,0,0,0,0,"0","0","0",NA,0,0,0,0,"0","0","0",NA,0,0,0,0,"0","0","0",NA,"Bent","Bent","Bent","Bent",1,2,3,4,NA,NA,NA,NA,0,0,0,0,0,"FRNK5940",989,5940,NA,"Point",2046.431,NA,0.0711789176058303,0,0,0,0,"FRNK_5940_1399","FRNK_5921_1379",2.64082655421988,"FRNK_5921_1379",2.64082655421988,"FRNK_5921_1379",2.64082655421988,"FRNK_5941_1400",1.59380452067883,NA,41.93384305,-111.5712101,41.93382266,-111.5711937,NA,149.011980324725,41.93382266,-111.5711937,NA,149.011980324725,41.93382266,-111.5711937,NA,149.011980324725,41.93383581,-111.5711935,NA,120.289310611501,0,0,0,0,1,6,4,5
"344","FRNK",5941,"ABLA",2.8,20.1,6.6,1,"0",1,1,1,1,"0","0","BO","BO",NA,NA,0,0,"0","0","1","1",0,0,0,0,"0","0","0",NA,0,0,0,0,"0","0","0",NA,0,0,0,1,"0","0","0",NA,0,0,0,0,"0","0","0",NA,0,0,0,1,"0","0","0",NA,0,0,0,1,"0","0","0",NA,NA,NA,NA,NA,1,2,3,4,NA,NA,NA,NA,0,0,0,1,1,"FRNK5941",990,5941,NA,"Point",2047.475,NA,0.0700272026636131,0,0,0,1,"FRNK_5941_1400","FRNK_5921_1379",1.46014699707964,"FRNK_5921_1379",1.46014699707964,"FRNK_5921_1379",1.46014699707964,"FRNK_5921_1379",1.46014699707964,NA,41.93383581,-111.5711935,41.93382266,-111.5711937,NA,-179.349346822303,41.93382266,-111.5711937,NA,-179.349346822303,41.93382266,-111.5711937,NA,-179.349346822303,41.93382266,-111.5711937,NA,-179.349346822303,0,0,0,3,1,6,4,5
"345","FRNK",5942,"ABLA",2,11.8,1.9,5,"0",1,1,1,1,"0","0","0","0",NA,NA,0,0,"0","TB","5","5",0,0,0,0,"0","0","0",NA,0,0,0,0,"0","0","0",NA,0,0,0,0,"0","0","0",NA,0,0,0,0,"0","0","0",NA,0,0,0,0,"0","0","0",NA,0,0,0,0,"0","0","0",NA,"5DB","5DB","5DB","5DB",1,2,3,4,NA,NA,NA,NA,0,0,0,0,0,"FRNK5942",992,5942,NA,"Point",2047.941,NA,0.0714127283519578,0,0,0,0,"FRNK_5942_1401","FRNK_5921_1379",2.79080512522356,"FRNK_5921_1379",2.79080512522356,"FRNK_5921_1379",2.79080512522356,"FRNK_5941_1400",1.40500110266706,NA,41.93384723,-111.5712008,41.93382266,-111.5711937,NA,167.823862537994,41.93382266,-111.5711937,NA,167.823862537994,41.93382266,-111.5711937,NA,167.823862537994,41.93383581,-111.5711935,NA,154.484517608235,0,0,0,0,1,6,4,5
"346","FRNK",5946,"ABLA",NA,7,0,0,"0",1,1,1,1,"0","0","0","0",NA,NA,0,0,"0","0","0","0",0,0,0,0,"0","0","0",NA,0,0,0,0,"0","0","0",NA,0,0,0,0,"0","0","0",NA,0,0,0,0,"0","0","0",NA,0,0,0,0,"0","0","0",NA,0,0,0,0,"0","0","0",NA,NA,NA,NA,NA,1,2,3,4,NA,NA,NA,NA,0,0,0,0,0,"FRNK5946",996,5946,NA,"Point",2050.434,NA,0.0687616780375645,0,0,0,0,"FRNK_5946_1402","FRNK_5921_1379",2.56962186614842,"FRNK_5925_1383",0.430014323302168,"FRNK_5919_1376",2.29805130253748,"FRNK_5926_1384",1.1806174033626,NA,41.93381714,-111.5712238,41.93382266,-111.5711937,NA,76.2011766596882,41.93381817,-111.5712188,NA,74.5766931965458,41.93381158,-111.5711971,NA,105.58287563441,41.93380878,-111.5712326,NA,-141.832952024741,0,0,0,0,1,6,4,5
"347","FRNK",5947,"ABLA",6.4,49,0,14,"0",1,1,1,1,"0","0","0","0",NA,NA,0,0,"0","0","14","14",0,0,0,0,"0","0","0",NA,0,0,0,0,"0","0","0",NA,0,0,0,0,"0","0","0",NA,0,0,0,0,"0","0","0",NA,0,0,0,0,"0","0","0",NA,0,0,0,0,"0","0","0",NA,"2DB","2DB","2DB","2DB",1,2,3,4,NA,NA,NA,NA,0,0,0,0,0,"FRNK5947",997,5947,NA,"Point",2051.905,NA,0.073211707840845,0,0,0,0,"FRNK_5947_1403","FRNK_5965_1420",5.00581409929025,"FRNK_5951_1407",2.27652721112234,"FRNK_5921_1379",8.86474939907184,"FRNK_5951_1407",2.27652721112234,NA,41.93383957,-111.5712982,41.933795,-111.5713073,NA,-171.331744743669,41.93382521,-111.5712786,NA,134.456287103432,41.93382266,-111.5711937,NA,102.227651670554,41.93382521,-111.5712786,NA,134.456287103432,0,0,0,0,1,1,0,0
"348","FRNK",5948,"ABLA",NA,4.2,0,6,"0",1,1,1,1,"0","0","0","0",NA,NA,0,0,"0","0","6","6",0,0,0,0,"0","0","0",NA,0,0,0,0,"0","0","0",NA,0,0,0,0,"0","0","0",NA,0,0,0,0,"0","0","0",NA,0,0,0,0,"0","0","0",NA,0,0,0,0,"0","0","0",NA,"2DB","2DB","2DB","2DB",1,2,3,4,NA,NA,NA,NA,0,0,0,0,0,"FRNK5948",998,5948,NA,"Point",2052.064,NA,0.0729215397991284,0,0,0,0,"FRNK_5948_1404","FRNK_5965_1420",6.3730504011732,"FRNK_5951_1407",2.32110728106646,"FRNK_5921_1379",6.75524014641474,"FRNK_5951_1407",2.32110728106646,NA,41.93384498,-111.5712695,41.933795,-111.5713073,NA,-150.545488194163,41.93382521,-111.5712786,NA,-161.032293940399,41.93382266,-111.5711937,NA,111.521854511219,41.93382521,-111.5712786,NA,-161.032293940399,0,0,0,0,1,1,0,0
"349","FRNK",5949,"ABLA",NA,2.8,NA,5,"0",1,1,1,1,"0","0","0","0",NA,NA,0,0,"0","0","5","5",0,0,0,0,"0","0","0",NA,0,0,0,0,"0","0","0",NA,0,0,0,0,"0","0","0",NA,0,0,0,0,"0","0","0",NA,0,0,0,0,"0","0","0",NA,0,0,0,0,"0","0","0",NA,NA,NA,NA,NA,1,2,3,4,NA,NA,NA,NA,0,0,0,0,0,"FRNK5949",999,5949,NA,"Point",2049.211,NA,0.0742177766178916,0,0,0,0,"FRNK_5949_1405","FRNK_5965_1420",6.19660891231414,"FRNK_5951_1407",3.09942848203316,"FRNK_5921_1379",8.97324718677001,"FRNK_5951_1407",3.09942848203316,NA,41.93385011,-111.5712955,41.933795,-111.5713073,NA,-170.916447138829,41.93382521,-111.5712786,NA,153.124526991808,41.93382266,-111.5711937,NA,109.85570455581,41.93382521,-111.5712786,NA,153.124526991808,0,0,0,0,1,1,0,0
"350","FRNK",5950,"ABLA",11,50.3,7.9,23,"0",1,1,1,1,"0","0","0","0",NA,NA,0,0,"0","0","23","23",0,0,0,0,"0","0","0",NA,0,0,0,0,"0","0","0",NA,0,0,0,0,"0","0","0",NA,0,0,0,0,"0","0","0",NA,0,0,0,0,"0","0","0",NA,0,0,0,0,"0","0","0",NA,"8DB","8DB","8DB","8DB",1,2,3,4,NA,NA,NA,NA,0,0,0,0,0,"FRNK5950",1000,5950,NA,"Point",2050.456,NA,0.0705283895618661,0,0,0,0,"FRNK_5950_1406","FRNK_5965_1420",3.03306447285103,"FRNK_5951_1407",1.07952023847289,"FRNK_5919_1376",7.39677552544106,"FRNK_5951_1407",1.07952023847289,NA,41.93381721,-111.571286,41.933795,-111.5713073,NA,-144.393612934308,41.93382521,-111.5712786,NA,34.6324442182406,41.93381158,-111.5711971,NA,94.8478264278642,41.93382521,-111.5712786,NA,34.6324442182406,0,0,0,0,1,1,0,0
"351","FRNK",5951,"ABLA",1.3,7.7,0,3,"0",1,1,1,1,"0","BO","BO","BO",NA,NA,0,0,"0","0","3","3",0,1,0,0,"0","0","0",NA,0,0,0,1,"0","0","0",NA,0,0,0,0,"0","0","0",NA,0,0,0,0,"0","0","0",NA,0,0,0,0,"0","0","0",NA,0,0,0,0,"0","0","0",NA,"3DB","3DB","3DB","3DB",1,2,3,4,NA,NA,NA,NA,0,1,0,1,1,"FRNK5951",1001,5951,NA,"Point",2052.841,NA,0.0711300163237903,0,1,0,1,"FRNK_5951_1407","FRNK_5961_1416",4.09593950620593,"FRNK_5961_1416",4.09593950620593,"FRNK_5919_1376",6.92421328924517,"FRNK_5973_1424",3.31072088294837,NA,41.93382521,-111.5712786,41.9337906,-111.5712957,NA,-159.749805624832,41.9337906,-111.5712957,NA,-159.749805624832,41.93381158,-111.5711971,NA,102.624369607636,41.93380945,-111.5713125,NA,-121.906736026152,0,1,0,1,1,1,0,0
"352","FRNK",5944,"ABLA",2.3,7.8,NA,7,"0",1,1,1,1,"0","0","0","0",NA,NA,0,0,NA,"0","7","7",0,0,0,0,NA,"0","0",NA,0,0,0,0,NA,"0","0",NA,0,0,0,0,NA,"0","0",NA,0,0,0,0,NA,"0","0",NA,0,0,0,0,NA,"0","0",NA,0,0,0,0,NA,"0","0",NA,"4 DB, Leaner","4 DB, Leaner","5 DB, Leaner","5 DB, Leaner",1,2,3,4,NA,NA,NA,NA,0,0,0,0,0,"FRNK5944",994,5944,NA,"Point",2047.834,NA,0.0718242346473294,0,0,0,0,"FRNK_5944_1408","FRNK_5921_1379",3.45424644014233,"FRNK_5925_1383",3.19855271081787,"FRNK_5921_1379",3.45424644014233,"FRNK_5941_1400",2.50070238632214,NA,41.93384697,-111.5712197,41.93382266,-111.5711937,NA,141.389103340521,41.93381817,-111.5712188,NA,178.663295967966,41.93382266,-111.5711937,NA,141.389103340521,41.93383581,-111.5711935,NA,119.702819249728,0,0,0,0,1,6,4,5
"353","FRNK",5952,"ABLA",1.8,14.2,1.1,1,"0",1,1,1,1,"0","0","0","0",NA,NA,0,0,"0","0","1","1",0,0,0,0,NA,"0","0",NA,0,0,0,0,NA,"0","0",NA,0,0,0,0,NA,"0","0",NA,0,0,0,0,NA,"0","0",NA,0,0,0,0,NA,"0","0",NA,0,0,0,0,NA,"0","0",NA,NA,NA,NA,NA,1,2,3,4,NA,NA,NA,NA,0,0,0,0,0,"FRNK5952",1002,5952,NA,"Point",2049.322,NA,0.0699263257189118,0,0,0,0,"FRNK_5952_1409","FRNK_5921_1379",4.61063792711409,"FRNK_5926_1384",1.99847485869788,"FRNK_5919_1376",4.47284468702265,"FRNK_5926_1384",1.99847485869788,NA,41.93382176,-111.5712493,41.93382266,-111.5711937,NA,88.7580976696895,41.93380878,-111.5712326,NA,136.148571575184,41.93381158,-111.5711971,NA,104.637377637607,41.93380878,-111.5712326,NA,136.148571575184,0,0,0,0,1,6,4,5
"354","FRNK",5954,"ABLA",1.5,7.7,4.7,4,"0",1,1,1,1,"0","0","0","0",NA,NA,0,0,"0","0","4","4",0,0,0,0,"0","0","0",NA,0,0,0,0,"0","0","0",NA,0,0,0,0,"0","0","0",NA,0,0,0,0,"0","0","0",NA,0,0,0,0,"0","0","0",NA,0,0,0,0,"0","0","0",NA,"3DB","3DB","3DB","3DB",1,2,3,4,NA,NA,NA,NA,0,0,0,0,0,"FRNK5954",1004,5954,NA,"Point",2046.897,NA,0.0675855155767632,0,0,0,0,"FRNK_5954_1410","FRNK_5961_1416",3.66968246656191,"FRNK_5926_1384",2.02359525158347,"FRNK_5919_1376",4.83492723215674,"FRNK_5958_1413",0.620911171858719,NA,41.93379844,-111.5712527,41.9337906,-111.5712957,NA,-103.721832645924,41.93380878,-111.5712326,NA,55.435385633586,41.93381158,-111.5711971,NA,72.4371985092934,41.93379292,-111.5712515,NA,170.779917520348,0,0,0,0,1,1,0,0
"355","FRNK",5956,"ABLA",1.2,8.2,4.9,1,"0",1,1,1,1,"0","0","0","0",NA,NA,0,0,"0","0","1","1",0,0,0,0,"0","0","0",NA,0,0,0,0,"0","0","0",NA,0,0,0,0,"0","0","0",NA,0,0,0,0,"0","0","0",NA,0,0,0,0,"0","0","0",NA,0,0,0,0,"0","0","0",NA,"1DB","1DB","1DB","1DB",1,2,3,4,NA,NA,NA,NA,0,0,0,0,0,"FRNK5956",1007,5956,NA,"Point",2048.726,NA,0.0678683151615047,0,0,0,0,"FRNK_5956_1411","FRNK_5961_1416",4.31723672489485,"FRNK_5926_1384",1.31007095810001,"FRNK_5919_1376",4.19126684920763,"FRNK_5958_1413",1.18899516299602,NA,41.9338029,-111.5712463,41.9337906,-111.5712957,NA,-108.441181235237,41.93380878,-111.5712326,NA,60.1097911565245,41.93381158,-111.5711971,NA,76.7063598144937,41.93379292,-111.5712515,NA,-158.741076807388,0,0,0,0,1,1,0,0
"356","FRNK",5957,"ABLA",3.3,13.1,0,7,"0",1,1,1,1,"0","0","0","0",NA,NA,0,0,"0","0","7","7",0,0,0,0,"0","0","0",NA,0,0,0,0,"0","0","0",NA,0,0,0,0,"0","0","0",NA,0,0,0,0,"0","0","0",NA,0,0,0,0,"0","0","0",NA,0,0,0,0,"0","0","0",NA,"4DB","4DB","4DB","4DB",1,2,3,4,NA,NA,NA,NA,0,0,0,0,0,"FRNK5957",1008,5957,NA,"Point",2048.126,NA,0.0680535841769166,0,0,0,0,"FRNK_5957_1412","FRNK_5961_1416",3.2789986427803,"FRNK_5926_1384",2.32827400935109,"FRNK_5919_1376",5.24277426396046,"FRNK_5958_1413",1.10344505147255,NA,41.93380123,-111.5712588,41.9337906,-111.5712957,NA,-111.096740120407,41.93380878,-111.5712326,NA,68.8970875336088,41.93381158,-111.5711971,NA,77.3384792695743,41.93379292,-111.5712515,NA,146.737570369353,0,0,0,0,1,1,0,0
"357","FRNK",5958,"ABLA",1.1,4.4,0,0,"0",1,1,1,1,"0","0","0","BO",NA,NA,0,0,"0","0","0","0",0,0,0,0,"0","0","0",NA,0,0,0,0,"0","0","0",NA,0,0,0,0,"0","0","0",NA,0,0,0,0,"0","0","0",NA,0,0,0,0,"0","0","0",NA,0,0,0,1,"0","0","0",NA,NA,NA,NA,NA,1,2,3,4,NA,NA,NA,NA,0,0,0,1,1,"FRNK5958",1009,5958,NA,"Point",2049.186,NA,0.0669758688297857,0,0,0,1,"FRNK_5958_1413","FRNK_5990_1437",3.26955718420706,"FRNK_5926_1384",2.35715104234621,"FRNK_5919_1376",4.9631858247712,"FRNK_5926_1384",2.35715104234621,NA,41.93379292,-111.5712515,41.93376884,-111.5712742,NA,-144.858273555664,41.93380878,-111.5712326,NA,41.663188842093,41.93381158,-111.5711971,NA,65.3269209046978,41.93380878,-111.5712326,NA,41.663188842093,0,0,0,1,1,0,0,0
"358","FRNK",5959,"ABLA",NA,4.2,NA,0,"0",1,1,1,1,"0","0","0","0",NA,NA,0,0,"0","0","0","0",0,0,0,0,"0","0","0",NA,0,0,0,0,"0","0","0",NA,0,0,0,0,"0","0","0",NA,0,0,0,0,"0","0","0",NA,0,0,0,0,"0","0","0",NA,0,0,0,0,"0","0","0",NA,NA,NA,NA,NA,1,2,3,4,NA,NA,NA,NA,0,0,0,0,0,"FRNK5959",1010,5959,NA,"Point",2049.152,NA,0.0652826748046679,0,0,0,0,"FRNK_5959_1414","FRNK_5990_1437",2.60226068003036,"FRNK_5926_1384",3.5460067291071,"FRNK_5919_1377",4.6860609704843,"FRNK_5958_1413",1.69459039410543,NA,41.93377833,-111.5712455,41.93376884,-111.5712742,NA,-113.885462137023,41.93380878,-111.5712326,NA,17.553858066402,41.9337891413333,-111.571190863167,NA,75.1575514387495,41.93379292,-111.5712515,NA,-17.0701567634032,0,0,0,0,1,0,0,0
"359","FRNK",5960,"ABLA",NA,5.7,NA,0,"0",1,1,1,1,"0","0","0","0",NA,NA,0,0,"0","0","0","0",0,0,0,0,"0","0","0",NA,0,0,0,0,"0","0","0",NA,0,0,0,0,"0","0","0",NA,0,0,0,0,"0","0","0",NA,0,0,0,0,"0","0","0",NA,0,0,0,0,"0","0","0",NA,NA,NA,NA,NA,1,2,3,4,NA,NA,NA,NA,0,0,0,0,0,"FRNK5960",1011,5960,NA,"Point",2047.377,NA,0.0655026681869659,0,0,0,0,"FRNK_5960_1415","FRNK_5990_1437",0.898513416584836,"FRNK_5961_1416",3.03057043642977,"FRNK_7104_1444",4.22935743658549,"FRNK_5958_1413",2.39645473022928,NA,41.93377438,-111.5712663,41.93376884,-111.5712742,NA,-133.20305507417,41.9337906,-111.5712957,NA,-53.5407956162378,41.9337488,-111.5713041,NA,-132.185673083439,41.93379292,-111.5712515,NA,30.7976855652666,0,0,0,0,1,0,0,0
"360","FRNK",5961,"ABLA",3,16.7,0,0,"0",1,1,1,1,"BO","BO","BO","0",NA,NA,0,0,"0","0","0","0",0,0,0,0,"0","0","0",NA,0,0,0,0,"0","0","0",NA,0,0,0,0,"0","0","0",NA,0,0,0,0,"0","0","0",NA,1,1,0,0,"0","0","0",NA,0,0,0,0,"0","0","0",NA,NA,NA,NA,NA,1,2,3,4,NA,NA,NA,NA,1,1,0,0,0,"FRNK5961",1013,5961,NA,"Point",2044.406,NA,0.0681097658813761,1,1,0,0,"FRNK_5961_1416","FRNK_5965_1420",1.07867741703475,"FRNK_5965_1420",1.07867741703475,"FRNK_7104_1444",4.69303876361168,"FRNK_5974_1425",2.14111616921915,NA,41.9337906,-111.5712957,41.933795,-111.5713073,NA,-63.069991626316,41.933795,-111.5713073,NA,-63.069991626316,41.9337488,-111.5713041,NA,-171.46626056506,41.93379514,-111.5713208,NA,-76.3831277245612,1,1,0,0,1,1,0,0
"361","FRNK",5962,"ABLA",NA,3.9,NA,1,"0",1,1,1,1,"0","0","0","0",NA,NA,0,0,"0","0","1","1",0,0,0,0,"0","0","0",NA,0,0,0,0,"0","0","0",NA,0,0,0,0,"0","0","0",NA,0,0,0,0,"0","0","0",NA,0,0,0,0,"0","0","0",NA,0,0,0,0,"0","0","0",NA,"Rot in area, 1DB","Rot in area, 1DB","Rot in area, 1DB","Rot in area, 1DB",1,2,3,4,NA,NA,NA,NA,0,0,0,0,0,"FRNK5962",1014,5962,NA,"Point",2048.328,NA,0.0684904155338455,0,0,0,0,"FRNK_5962_1417","FRNK_5961_1416",1.58236018810182,"FRNK_5961_1416",1.58236018810182,"FRNK_7104_1444",5.92249559002074,"FRNK_5958_1413",2.49290500822782,NA,41.93379912,-111.5712804,41.9337906,-111.5712957,NA,-126.714572974388,41.9337906,-111.5712957,NA,-126.714572974388,41.9337488,-111.5713041,NA,-160.624166197981,41.93379292,-111.5712515,NA,106.029932193582,0,0,0,0,1,1,0,0
"362","FRNK",5963,"ABLA",2.2,12.5,0,3,"0",1,1,1,1,"0","0","0","0",NA,NA,0,0,"0","0","3","3",0,0,0,0,"0","0","0",NA,0,0,0,0,"0","0","0",NA,0,0,0,0,"0","0","0",NA,0,0,0,0,"0","0","0",NA,0,0,0,0,"0","0","0",NA,0,0,0,0,"0","0","0",NA,"1DB","1DB","1DB","1DB",1,2,3,4,NA,NA,NA,NA,0,0,0,0,0,"FRNK5963",1015,5963,NA,"Point",2050.415,NA,0.0678712916264412,0,0,0,0,"FRNK_5963_1418","FRNK_5961_1416",0.74855635658633,"FRNK_5961_1416",0.74855635658633,"FRNK_7104_1444",4.91739038330974,"FRNK_5974_1425",2.86175668401848,NA,41.93379114,-111.5712867,41.9337906,-111.5712957,NA,-94.5940940016365,41.9337906,-111.5712957,NA,-94.5940940016365,41.9337488,-111.5713041,NA,-162.940844280224,41.93379514,-111.5713208,NA,-81.0720406218091,0,0,0,0,1,1,0,0
"363","FRNK",5964,"ABLA",3,15,3,1,"0",1,1,1,1,"0","0","0","0",NA,NA,0,0,"0","0","1","1",0,0,0,0,"0","0","0",NA,0,0,0,0,"0","0","0",NA,0,0,0,0,"0","0","0",NA,0,0,0,0,"0","0","0",NA,0,0,0,0,"0","0","0",NA,0,0,0,0,"0","0","0",NA,"1DB","1DB","1DB","1DB",1,2,3,4,NA,NA,NA,NA,0,0,0,0,0,"FRNK5964",1016,5964,NA,"Point",2051.177,NA,0.0685025771846818,0,0,0,0,"FRNK_5964_1419","FRNK_5961_1416",0.428805573841879,"FRNK_5961_1416",0.428805573841879,"FRNK_7104_1444",4.94670343751036,"FRNK_5974_1425",1.77871238865494,NA,41.93379322,-111.5712995,41.9337906,-111.5712957,NA,132.718476809847,41.9337906,-111.5712957,NA,132.718476809847,41.9337488,-111.5713041,NA,-175.578389827405,41.93379514,-111.5713208,NA,-83.1165426000617,0,0,0,0,1,1,0,0
"364","FRNK",5965,"ABLA",NA,1.6,NA,0,"0",1,1,1,1,"BO","BO","0","0",NA,NA,0,0,"0","0","0","0",0,0,0,0,"0","0","0",NA,1,1,0,0,"0","0","0",NA,0,0,0,0,"0","0","0",NA,0,0,0,0,"0","0","0",NA,0,0,0,0,"0","0","0",NA,0,0,0,0,"0","0","0",NA,NA,NA,NA,NA,1,2,3,4,NA,NA,NA,NA,1,1,0,0,0,"FRNK5965",1017,5965,NA,"Point",2048.346,NA,0.0689448078577634,1,1,0,0,"FRNK_5965_1420","FRNK_5961_1416",1.07867741703475,"FRNK_5961_1416",1.07867741703475,"FRNK_7104_1444",5.13647122558361,"FRNK_5974_1425",1.11933488597313,NA,41.933795,-111.5713073,41.9337906,-111.5712957,NA,116.930000621735,41.9337906,-111.5712957,NA,116.930000621735,41.9337488,-111.5713041,NA,177.039359067617,41.93379514,-111.5713208,NA,-89.2042990346047,1,1,0,0,1,1,0,0
"365","FRNK",5967,"ABLA",6.9,46.2,9.3,2,"0",1,1,1,1,"0","0","0","0",NA,NA,0,0,"0","0","3","3",0,0,0,0,"0","0","0",NA,0,0,0,1,"0","0","0",NA,0,0,0,0,"0","0","0",NA,0,0,0,0,"0","0","0",NA,0,0,0,1,"0","0","0",NA,0,0,0,0,"0","0","0",NA,"1DB","1DB","1DB","1DB",1,2,3,4,NA,NA,NA,NA,0,0,0,1,1,"FRNK5967",NA,5967,NA,"Point",2053.378,NA,0.0686222855072794,0,0,0,1,"FRNK_5967_1421","FRNK_5974_1425",1.11608794560424,"FRNK_5974_1425",1.11608794560424,"FRNK_7104_1444",4.44873063686179,"FRNK_5974_1425",1.11608794560424,NA,41.93378564,-111.5713252,41.93379514,-111.5713208,NA,19.0772454700709,41.93379514,-111.5713208,NA,19.0772454700709,41.9337488,-111.5713041,NA,156.845250557273,41.93379514,-111.5713208,NA,19.0772454700709,0,0,0,2,1,2,0,9
"366","FRNK",5969,"ABLA",NA,3.5,NA,1,"0",1,1,1,1,"0","0","0","0",NA,NA,0,0,"0","0","1","1",0,0,0,0,"0","0","0",NA,0,0,0,0,"0","0","0",NA,0,0,0,0,"0","0","0",NA,0,0,0,0,"0","0","0",NA,0,0,0,0,"0","0","0",NA,0,0,0,0,"0","0","0",NA,"2 Dead, 1DB","2 Dead, 1DB","2 Dead, 1DB","2 Dead, 1DB",1,2,3,4,NA,NA,NA,NA,0,0,0,0,0,"FRNK5969",1020,5969,NA,"Point",2050.323,NA,0.0696048177988156,0,0,0,0,"FRNK_5969_1422","FRNK_5965_1420",0.946819118762863,"FRNK_5965_1420",0.946819118762863,"FRNK_7104_1444",6.00744959442497,"FRNK_5973_1424",1.07201380813181,NA,41.9338029,-111.571303,41.933795,-111.5713073,NA,-157.881829884676,41.933795,-111.5713073,NA,-157.881829884676,41.9337488,-111.5713041,NA,-179.130185646936,41.93380945,-111.5713125,NA,-47.2815123384225,0,0,0,0,1,1,0,0
"367","FRNK",5971,"ABLA",1.7,10.9,0,1,"0",1,1,1,1,"0","0","0","0",NA,NA,0,0,"0","0","1","1",0,0,0,0,"0","0","0",NA,0,0,0,0,"0","0","0",NA,0,0,0,0,"0","0","0",NA,0,0,0,0,"0","0","0",NA,0,0,0,0,"0","0","0",NA,0,0,0,0,"0","0","0",NA,"1DB","1DB","1DB","1DB",1,2,3,4,NA,NA,NA,NA,0,0,0,0,0,"FRNK5971",1021,5971,NA,"Point",2050.161,NA,0.0713473919453723,0,0,0,0,"FRNK_5971_1423","FRNK_5974_1425",2.4187743810948,"FRNK_5974_1425",2.4187743810948,"FRNK_7104_1444",7.54782076852269,"FRNK_5973_1424",0.780059684563457,NA,41.93381636,-111.5713142,41.93379514,-111.5713208,NA,-166.925310815059,41.93379514,-111.5713208,NA,-166.925310815059,41.9337488,-111.5713041,NA,173.63054866687,41.93380945,-111.5713125,NA,169.590743557678,0,0,0,0,1,2,0,9
"368","FRNK",5973,"ABLA",1.4,12.4,6.4,0,"0",1,1,1,1,"0","0","0","0",NA,NA,0,0,"0","0","0","0",0,0,0,0,"0","0","0",NA,0,0,0,1,"0","0","0",NA,0,0,0,1,"0","0","0",NA,0,0,0,0,"0","0","0",NA,0,0,0,0,"0","0","0",NA,0,0,0,0,"0","0","0",NA,NA,NA,NA,NA,1,2,3,4,NA,NA,NA,NA,0,0,0,1,1,"FRNK5973",1024,5973,NA,"Point",2051.258,NA,0.07058766158005,0,0,0,1,"FRNK_5973_1424","FRNK_5965_1420",1.6613041140035,"FRNK_5965_1420",1.6613041140035,"FRNK_7104_1444",6.76992231228073,"FRNK_5974_1425",1.73145734705623,NA,41.93380945,-111.5713125,41.933795,-111.5713073,NA,164.959560341507,41.933795,-111.5713073,NA,164.959560341507,41.9337488,-111.5713041,NA,174.095653115064,41.93379514,-111.5713208,NA,-156.582955858955,0,0,0,2,1,1,0,0
"369","FRNK",5974,"ABLA",9.5,62.6,7.3,6,"0",1,1,1,1,"BO","BO","BO","BO",NA,NA,0,0,"0","0","6","6",0,0,0,0,"0","0","0",NA,0,1,0,2,"0","0","0",NA,0,0,0,2,"0","0","0",NA,0,0,0,1,"0","0","0",NA,0,0,0,2,"0","0","0",NA,1,1,0,2,"0","0","0",NA,"4DB","4DB","4DB","4DB",1,2,3,4,NA,NA,NA,NA,1,1,0,1,0,"FRNK5974",1025,5974,NA,"Point",2048.7,NA,0.0694223605871103,1,1,0,1,"FRNK_5974_1425","FRNK_5965_1420",1.11933488597313,"FRNK_5965_1420",1.11933488597313,"FRNK_7104_1444",5.32818720827126,"FRNK_5967_1421",1.11608794560424,NA,41.93379514,-111.5713208,41.933795,-111.5713073,NA,90.7956919437305,41.933795,-111.5713073,NA,90.7956919437305,41.9337488,-111.5713041,NA,164.938874411906,41.93378564,-111.5713252,NA,-160.922751589535,1,2,0,9,1,1,0,0
"370","FRNK",5975,"ABLA",NA,6,NA,4,"0",1,1,1,1,"0","0","0","0",NA,NA,0,0,"0","0","4","4",0,0,0,0,"0","0","0",NA,0,0,0,0,"0","0","0",NA,0,0,0,0,"0","0","0",NA,0,0,0,0,"0","0","0",NA,0,0,0,0,"0","0","0",NA,0,0,0,0,"0","0","0",NA,"1 Dead, 1DB","1 Dead, 1DB","1 Dead, 1DB","1 Dead, 1DB",1,2,3,4,NA,NA,NA,NA,0,0,0,0,0,"FRNK5975",1027,5975,NA,"Point",2054.737,NA,0.070846349048766,0,0,0,0,"FRNK_5975_1426","FRNK_7329_1612",2.04860044537873,"FRNK_5977_1428",1.3181683134893,"FRNK_7104_1444",6.7178168672838,"FRNK_5974_1425",2.33096487384294,NA,41.93379951,-111.5713483,41.93378899,-111.5713686,NA,-124.761794381297,41.93381138,-111.571348,NA,1.08114281776641,41.9337488,-111.5713041,NA,146.94253032189,41.93379514,-111.5713208,NA,102.01429059716,0,0,0,0,4,0,0,0
"371","FRNK",5976,"ABLA",1.1,8.8,0,0,"0",1,1,1,1,"0","0","0","0",NA,NA,0,0,"0","0","0","0",0,0,0,0,"0","0","0",NA,0,0,0,0,"0","0","0",NA,0,0,0,0,"0","0","0",NA,0,0,0,0,"0","0","0",NA,0,0,0,0,"0","0","0",NA,0,0,0,0,"0","0","0",NA,NA,NA,NA,NA,1,2,3,4,NA,NA,NA,NA,0,0,0,0,0,"FRNK5976",1028,5976,NA,"Point",2054.762,NA,0.0710281673512179,0,0,0,0,"FRNK_5976_1427","FRNK_7329_1612",1.94563651265208,"FRNK_5977_1428",1.23992979132664,"FRNK_7104_1444",6.91565447853083,"FRNK_5974_1425",2.55507297362546,NA,41.93380041,-111.5713508,41.93378899,-111.5713686,NA,-130.669835162073,41.93381138,-111.571348,NA,10.7904142461649,41.9337488,-111.5713041,NA,145.954876772031,41.93379514,-111.5713208,NA,103.238649415244,0,0,0,0,4,0,0,0
"372","FRNK",5977,"ABLA",2.7,12.5,1.2,5,"0",1,1,1,1,"0","BO","0","0",NA,NA,0,0,"0","0","6","6",0,0,0,0,NA,"0","0",NA,0,0,0,0,NA,"0","0",NA,0,1,0,0,NA,"0","0",NA,0,0,0,0,NA,"0","0",NA,0,0,0,0,NA,"0","0",NA,0,0,0,0,NA,NA,"0",NA,"Bent, 4 DB,","Bent, 4 DB,","Bent, 4 DB,","Bent, 4 DB",1,2,3,4,NA,NA,NA,NA,0,1,0,0,1,"FRNK5977",1029,5977,NA,"Point",2052.403,NA,0.0720197426592824,0,1,0,0,"FRNK_5977_1428","FRNK_5974_1425",2.88729747056743,"FRNK_5974_1425",2.88729747056743,"FRNK_7104_1444",7.84380253540331,"FRNK_5974_1425",2.88729747056743,NA,41.93381138,-111.571348,41.93379514,-111.5713208,NA,128.646003738124,41.93379514,-111.5713208,NA,128.646003738124,41.9337488,-111.5713041,NA,152.354159703228,41.93379514,-111.5713208,NA,128.646003738124,0,1,0,0,1,2,0,9
"373","FRNK",5978,"ABLA",NA,7.6,NA,0,"0",1,1,1,1,"0","0","0","0",NA,NA,0,0,"0","0","0","0",0,0,0,0,"0","0","0",NA,0,0,0,0,"0","0","0",NA,0,0,0,0,"0","0","0",NA,0,0,0,0,"0","0","0",NA,0,0,0,0,"0","0","0",NA,0,0,0,0,"0","0","0",NA,NA,NA,NA,NA,1,2,3,4,NA,NA,NA,NA,0,0,0,0,0,"FRNK5978",1030,5978,NA,"Point",2051.104,NA,0.0733145255155259,0,0,0,0,"FRNK_5978_1429","FRNK_7329_1612",3.65309863541485,"FRNK_5977_1428",1.31871770498596,"FRNK_7104_1444",9.14709699669389,"FRNK_5973_1424",3.94747836258786,NA,41.93382085,-111.5713576,41.93378899,-111.5713686,NA,-165.543737132686,41.93381138,-111.571348,NA,142.876383366911,41.9337488,-111.5713041,NA,150.993858329586,41.93380945,-111.5713125,NA,108.702075165008,0,0,0,0,4,0,0,0
"374","FRNK",5979,"ABLA",4.6,30.2,2.5,5,"0",1,1,1,1,"0","0","0","0",NA,NA,0,0,"0","0","5","5",0,0,0,0,"0","0","0",NA,0,0,0,0,"0","0","0",NA,0,0,0,0,"0","0","0",NA,0,0,0,0,"0","0","0",NA,0,0,0,0,"0","0","0",NA,0,0,0,0,"0","0","0",NA,"3DB","3DB","3DB","3DB",1,2,3,4,NA,NA,NA,NA,0,0,0,0,0,"FRNK5979",1031,5979,NA,"Point",2051.948,NA,0.073589974308195,0,0,0,0,"FRNK_5979_1430","FRNK_5974_1425",4.22011206719875,"FRNK_5977_1428",1.68180199486442,"FRNK_7104_1444",9.41370131948127,"FRNK_5973_1424",3.6105218746154,NA,41.93382648,-111.5713496,41.93379514,-111.5713208,NA,145.543046467137,41.93381138,-111.571348,NA,175.476200435643,41.9337488,-111.5713041,NA,156.377110798528,41.93380945,-111.5713125,NA,121.581155774533,0,0,0,0,1,2,0,9
"375","FRNK",5980,"ABLA",2.8,17.9,3.2,3,"0",1,1,1,1,"0","0","0","0",NA,NA,0,0,"0","0","3","3",0,0,0,0,"0","0",NA,NA,0,0,0,0,"0","0",NA,NA,0,0,0,0,"0","0",NA,NA,0,0,0,0,"0","0",NA,NA,0,0,0,0,"0","0",NA,NA,0,0,0,0,"0","0",NA,NA,NA,NA,"bent, under snow","bent",1,2,3,4,NA,NA,NA,NA,0,0,0,0,0,"FRNK5980",1032,5980,NA,"Point",2049.727,NA,0.0733631953496608,0,0,0,0,"FRNK_5980_1431","FRNK_7329_1612",3.99838684640855,"FRNK_5977_1428",1.35685772399074,"FRNK_7104_1444",9.1822723095025,"FRNK_5973_1424",3.67358220234641,NA,41.93382304,-111.5713529,41.93378899,-111.5713686,NA,-161.001936960855,41.93381138,-111.571348,NA,162.578668602212,41.9337488,-111.5713041,NA,153.857191410725,41.93380945,-111.5713125,NA,114.251643708486,0,0,0,0,4,0,0,0
"376","FRNK",5981,"ABLA",2.9,18.4,3.8,1,"0",1,1,1,1,"0","0","0","0",NA,NA,0,0,"0","0","1","1",0,0,0,0,"0","0",NA,NA,0,0,0,0,"0","0",NA,NA,0,0,0,0,"0","0",NA,NA,0,0,0,0,"0","0",NA,NA,0,0,0,0,"0","0",NA,NA,0,0,0,0,"0","0",NA,NA,NA,NA,"bent, under snow","bent",1,2,3,4,NA,NA,NA,NA,0,0,0,0,0,"FRNK5981",1034,5981,NA,"Point",2050.007,NA,0.0733139985986148,0,0,0,0,"FRNK_5981_1432","FRNK_7329_1612",3.46725705063621,"FRNK_5977_1428",1.40475866062532,"FRNK_7104_1444",9.16592466974562,"FRNK_5973_1424",4.16201764197466,NA,41.93381967,-111.5713608,41.93378899,-111.5713686,NA,-169.251047113986,41.93381138,-111.571348,NA,130.937301434465,41.9337488,-111.5713041,NA,149.146057740695,41.93380945,-111.5713125,NA,105.82141541246,0,0,0,0,4,0,0,0
"377","FRNK",5982,"ABLA",NA,6.9,0,2,"0",1,1,1,1,"0","0","0","0",NA,NA,0,0,"0","0","2","2",0,0,0,0,"0","0",NA,NA,0,0,0,0,"0","0",NA,NA,0,0,0,0,"0","0",NA,NA,0,0,0,0,"0","0",NA,NA,0,0,0,0,"0","0",NA,NA,0,0,0,0,"0","0",NA,NA,"1DB","1DB","1 DB, bent, under snow","1DB, bent",1,2,3,4,NA,NA,NA,NA,0,0,0,0,0,"FRNK5982",1035,5982,NA,"Point",2051.585,NA,0.0709860317984065,0,0,0,0,"FRNK_5982_1433","FRNK_7329_1612",2.05981217475231,"FRNK_5977_1428",1.20325079254777,"FRNK_7104_1444",6.85808974177889,"FRNK_5974_1425",2.43076055240508,NA,41.93380058,-111.5713492,41.93378899,-111.5713686,NA,-128.663029344026,41.93381138,-111.571348,NA,4.74272641518891,41.9337488,-111.5713041,NA,146.961476197241,41.93379514,-111.5713208,NA,104.387849524385,0,0,0,0,4,0,0,0
"378","FRNK",5983,"ABLA",3.4,18.5,2.2,0,"0",1,1,1,1,"0","0","0","0",NA,NA,0,0,"0","0","0","0",0,0,0,0,"0","0","0",NA,0,0,0,0,"0","0","0",NA,0,0,0,0,"0","0","0",NA,0,0,0,0,"0","0","0",NA,0,0,0,0,"0","0","0",NA,0,0,0,0,"0","0","0",NA,"Bent","Bent","Bent","Bent",1,2,3,4,NA,NA,NA,NA,0,0,0,0,0,"FRNK5983",1036,5983,NA,"Point",2052.744,NA,0.0701291501199479,0,0,0,0,"FRNK_5983_1434","FRNK_7329_1612",1.88475280315853,"FRNK_5977_1428",2.04785341049249,"FRNK_7104_1444",6.03390892420896,"FRNK_5967_1421",1.94441052333538,NA,41.93379297,-111.5713465,41.93378899,-111.5713686,NA,-103.559873579195,41.93381138,-111.571348,NA,-3.48150153123594,41.9337488,-111.5713041,NA,144.368144173827,41.93378564,-111.5713252,NA,114.743768266285,0,0,0,0,4,0,0,0
"379","FRNK",5988,"ABLA",2.2,14.4,0,0,"0",1,1,1,1,"0","BO","BO","BO",NA,NA,0,0,"0","0","0","0",0,0,0,0,"0","0","0",NA,0,0,0,0,"0","0","0",NA,0,0,0,1,"0","0","0",NA,0,0,0,0,"0","0","0",NA,0,1,0,1,"0","0","0",NA,0,0,0,1,"0","0","0",NA,NA,NA,NA,NA,1,2,3,4,NA,NA,NA,NA,0,1,0,1,1,"FRNK5988",1042,5988,NA,"Point",2049.849,NA,0.0665372346582856,0,1,0,1,"FRNK_5988_1435","FRNK_7104_1444",2.40461038901976,"FRNK_7105_1445",2.13905947304486,"FRNK_7104_1444",2.40461038901976,"FRNK_5995_1442",1.60614389097172,NA,41.93376976,-111.5713114,41.9337488,-111.5713041,NA,165.422566680804,41.93375157,-111.5713029,NA,160.765007152157,41.9337488,-111.5713041,NA,165.422566680804,41.93375707,-111.5713021,NA,151.311572586437,0,1,0,3,1,2,10,11
"380","FRNK",5989,"ABLA",NA,3.3,0,0,"0",1,1,1,1,"0","0","0","0",NA,NA,0,0,"0","0","0","0",0,0,0,0,"0","0","0",NA,0,0,0,0,"0","0","0",NA,0,0,0,0,"0","0","0",NA,0,0,0,0,"0","0","0",NA,0,0,0,0,"0","0","0",NA,0,0,0,0,"0","0","0",NA,NA,NA,NA,NA,1,2,3,4,NA,NA,NA,NA,0,0,0,0,0,"FRNK5989",1043,5989,NA,"Point",2052.104,NA,0.0663819073628143,0,0,0,0,"FRNK_5989_1436","FRNK_5990_1437",1.79823914398009,"FRNK_5988_1435",1.45132307414566,"FRNK_7104_1444",2.89262948154522,"FRNK_5988_1435",1.45132307414566,NA,41.93377391,-111.5712948,41.93376884,-111.5712742,NA,108.242676150611,41.93376976,-111.5713114,NA,-108.511050199026,41.9337488,-111.5713041,NA,-164.541065797123,41.93376976,-111.5713114,NA,-108.511050199026,0,0,0,0,1,0,0,0
"381","FRNK",5990,"ABLA",3.2,12,2.4,3,"0",1,1,1,1,"BO","0","0","0",NA,NA,0,0,"0","0","4","4",0,0,0,0,"0","0","0",NA,0,0,0,0,"0","0","0",NA,1,0,0,0,"0","0","0",NA,0,0,0,0,"0","0","0",NA,0,0,0,0,"0","0","0",NA,0,0,0,0,"0","0","0",NA,"Bent, 2DB","Bent, 2DB","Bent, 2DB","Bent, 2DB",1,2,3,4,NA,NA,NA,NA,1,0,0,0,0,"FRNK5990",1044,5990,NA,"Point",2051.977,NA,0.0651847325161546,1,0,0,0,"FRNK_5990_1437","FRNK_5961_1416",3.00239812266812,"FRNK_5961_1416",3.00239812266812,"FRNK_7104_1444",3.33102387158863,"FRNK_5995_1442",2.65670845348982,NA,41.93376884,-111.5712742,41.9337906,-111.5712957,NA,-36.4188016279541,41.9337906,-111.5712957,NA,-36.4188016279541,41.9337488,-111.5713041,NA,-131.911262187959,41.93375707,-111.5713021,NA,-119.465423403595,1,0,0,0,1,1,0,0
"382","FRNK",5991,"ABLA",NA,7.3,0,0,"0",1,1,1,1,"0","0","0","0",NA,NA,0,0,"0","0","0","0",0,0,0,0,"0","0","0",NA,0,0,0,0,"0","0","0",NA,0,0,0,0,"0","0","0",NA,0,0,0,0,"0","0","0",NA,0,0,0,0,"0","0","0",NA,0,0,0,0,"0","0","0",NA,"Bent, 1 Dead","Bent, 1 Dead","Bent, 1 Dead","Bent, 1 Dead",1,2,3,4,NA,NA,NA,NA,0,0,0,0,0,"FRNK5991",1045,5991,NA,"Point",2051.398,NA,0.0655848069954451,0,0,0,0,"FRNK_5991_1438","FRNK_5990_1437",0.817946322480717,"FRNK_5961_1416",2.89481306043882,"FRNK_7104_1444",4.1391846950333,"FRNK_5958_1413",2.45315494580386,NA,41.93377463,-111.5712681,41.93376884,-111.5712742,NA,-141.808904047916,41.9337906,-111.5712957,NA,-52.227341810983,41.9337488,-111.5713041,NA,-133.857798051149,41.93379292,-111.5712515,NA,34.1253983578643,0,0,0,0,1,0,0,0
"383","FRNK",5992,"ABLA",1.6,11.6,0.9,1,"1",1,1,1,1,NA,NA,"0","0",NA,NA,0,0,NA,NA,"1","1",0,0,0,0,NA,NA,"0",NA,0,0,0,0,NA,NA,"0",NA,0,0,0,0,NA,NA,"0",NA,0,0,0,0,NA,NA,"0",NA,0,0,0,0,NA,NA,"0",NA,0,0,0,0,NA,NA,"0",NA,NA,NA,NA,NA,1,2,3,4,NA,NA,NA,NA,0,0,0,0,0,"FRNK5992",1046,5992,NA,"Point",2052.673,NA,0.0629565362430772,0,0,0,0,"FRNK_5992_1439","FRNK_5990_1437",2.3718217678704,"FRNK_7127_1463",2.44166930714872,"FRNK_7104_1444",4.11556135196937,"FRNK_7127_1463",2.44166930714872,NA,41.93375314,-111.5712548,41.93376884,-111.5712742,NA,-42.6966263943928,41.93373513,-111.5712379,NA,144.982132617959,41.9337488,-111.5713041,NA,-96.7239171996207,41.93373513,-111.5712379,NA,144.982132617959,0,0,0,0,1,0,0,0
"384","FRNK",5993,"ABLA",2.2,14.3,0,1,"0",1,1,1,1,"0","0","0","0",NA,NA,0,0,"0","0","1","1",0,0,0,0,"0","0","0",NA,0,0,0,0,"0","0","0",NA,0,0,0,0,"0","0","0",NA,0,0,0,0,"0","0","0",NA,0,0,0,0,"0","0","0",NA,0,0,0,0,"0","0","0",NA,"1DB","1DB","1DB","1DB",1,2,3,4,NA,NA,NA,NA,0,0,0,0,0,"FRNK5993",1047,5993,NA,"Point",2052.005,NA,0.0639962002950677,0,0,0,0,"FRNK_5993_1440","FRNK_5990_1437",1.40581856514911,"FRNK_7105_1445",2.21965925858088,"FRNK_7104_1444",2.40541992339451,"FRNK_5995_1442",2.09079652442475,NA,41.93375634,-111.5712769,41.93376884,-111.5712742,NA,9.16208125952934,41.93375157,-111.5713029,NA,-103.804061487572,41.9337488,-111.5713041,NA,-110.367181601705,41.93375707,-111.5713021,NA,-87.7782917273459,0,0,0,0,1,0,0,0
"385","FRNK",5994,"ABLA",NA,6.6,0,0,"0",1,1,1,1,"0","0","0","0",NA,NA,0,0,"0","0","0","0",0,0,0,0,"0","0","0",NA,0,0,0,0,"0","0","0",NA,0,0,0,0,"0","0","0",NA,0,0,0,0,"0","0","0",NA,0,0,0,0,"0","0","0",NA,0,0,0,0,"0","0","0",NA,NA,NA,NA,NA,1,2,3,4,NA,NA,NA,NA,0,0,0,0,0,"FRNK5994",1048,5994,NA,"Point",2051.968,NA,0.0644936316963601,0,0,0,0,"FRNK_5994_1441","FRNK_7104_1444",1.25342477753783,"FRNK_7105_1445",0.994858591827919,"FRNK_7104_1444",1.25342477753783,"FRNK_5995_1442",0.804069480339881,NA,41.93375604,-111.5712925,41.9337488,-111.5713041,NA,-129.891233633387,41.93375157,-111.5713029,NA,-119.925386060014,41.9337488,-111.5713041,NA,-129.891233633387,41.93375707,-111.5713021,NA,-81.8231793177756,0,0,0,0,1,2,10,11
"386","FRNK",5995,"ABLA",1.3,7.7,4.5,0,"0",1,1,1,1,"0","0","0","BO",NA,NA,0,0,"0","0","0","0",0,0,0,0,"0","0","0",NA,0,0,0,0,"0","0","0",NA,0,0,0,1,"0","0","0",NA,0,0,0,0,"0","0","0",NA,0,0,0,1,"0","0","0",NA,0,0,0,0,"0","0","0",NA,NA,NA,NA,NA,1,2,3,4,NA,NA,NA,NA,0,0,0,1,1,"FRNK5995",1049,5995,NA,"Point",2051.152,NA,0.0649327342015592,0,0,0,1,"FRNK_5995_1442","FRNK_7104_1444",0.933074258282522,"FRNK_7105_1445",0.614259682438179,"FRNK_7104_1444",0.933074258282522,"FRNK_7105_1445",0.614259682438179,NA,41.93375707,-111.5713021,41.9337488,-111.5713041,NA,-169.763916521573,41.93375157,-111.5713029,NA,-173.80141152019,41.9337488,-111.5713041,NA,-169.763916521573,41.93375157,-111.5713029,NA,-173.80141152019,0,0,0,2,1,2,10,11
"387","FRNK",7102,"ABLA",1.7,15.3,11.1,0,"0",1,1,1,1,"0","0","0","BO",NA,NA,0,0,"0","0","0","0",0,0,0,0,"0","0","0",NA,0,0,0,0,"0","0","0",NA,0,0,0,0,"0","0","0",NA,0,0,0,0,"0","0","0",NA,0,0,0,0,"0","0","0",NA,0,0,0,1,"0","0","0",NA,NA,NA,NA,NA,1,2,3,4,NA,NA,NA,NA,0,0,0,1,1,"FRNK7102",1056,7102,NA,"Point",2048.318,NA,0.0645834535850303,0,0,0,1,"FRNK_7102_1443","FRNK_7104_1444",1.00378869435366,"FRNK_7104_1444",1.00378869435366,"FRNK_7104_1444",1.00378869435366,"FRNK_7104_1444",1.00378869435366,NA,41.93374848,-111.5713162,41.9337488,-111.5713041,NA,87.9715480209569,41.9337488,-111.5713041,NA,87.9715480209569,41.9337488,-111.5713041,NA,87.9715480209569,41.9337488,-111.5713041,NA,87.9715480209569,0,0,0,1,1,2,10,11
"388","FRNK",7104,"ABLA",1.6,11.1,9.1,0,"0",1,1,1,1,"BO","BO","BO","BO",NA,NA,0,0,"0","0","0","0",0,0,2,2,"0","0","1–7","1-4",0,1,2,2,"0","0","4–2","4-5",1,0,2,2,"0","0","0",NA,0,0,0,1,"0","0","0",NA,0,0,2,2,"0","0","3–0","3-1",0,1,2,2,"0","0","0",NA,NA,NA,NA,NA,1,2,3,4,NA,NA,NA,NA,1,1,1,1,0,"FRNK7104",1059,7104,NA,"Point",2052.226,NA,0.0641740727491035,1,1,1,1,"FRNK_7104_1444","FRNK_5990_1437",3.33102387158863,"FRNK_7105_1445",0.323245472098546,"FRNK_5919_1377",10.4017675773772,"FRNK_7105_1445",0.323245472098546,NA,41.9337488,-111.5713041,41.93376884,-111.5712742,NA,48.0887178307387,41.93375157,-111.5713029,NA,17.9251986739872,41.9337891413333,-111.571190863167,NA,64.4935696327324,41.93375157,-111.5713029,NA,17.9251986739872,1,2,10,11,1,0,0,0
"389","FRNK",7105,"ABLA",1.3,9.8,2,0,"0",1,1,1,1,"0","BO","0","0",NA,NA,0,0,"0","0","0","0",0,0,0,0,"0","0","0",NA,0,0,0,0,"0","0","0",NA,0,0,0,0,"0","0","0",NA,0,0,0,0,"0","0","0",NA,0,0,0,1,"0","0","0",NA,0,1,0,0,"0","0","0",NA,NA,NA,NA,NA,1,2,3,4,NA,NA,NA,NA,0,1,0,1,1,"FRNK7105",1060,7105,NA,"Point",2051.191,NA,0.0644087396517111,0,1,0,1,"FRNK_7105_1445","FRNK_7104_1444",0.323245472098546,"FRNK_7104_1444",0.323245472098546,"FRNK_7104_1444",0.323245472098546,"FRNK_7104_1444",0.323245472098546,NA,41.93375157,-111.5713029,41.9337488,-111.5713041,NA,-162.074800524088,41.9337488,-111.5713041,NA,-162.074800524088,41.9337488,-111.5713041,NA,-162.074800524088,41.9337488,-111.5713041,NA,-162.074800524088,0,1,0,1,1,2,10,11
"390","FRNK",7106,"ABLA",1.1,7.6,0,0,"0",1,1,1,1,"0","0","0","0",NA,NA,0,0,"0","0","0","0",0,0,0,0,"0","0","0",NA,0,0,0,0,"0","0","0",NA,0,0,0,0,"0","0","0",NA,0,0,0,0,"0","0","0",NA,0,0,0,0,"0","0","0",NA,0,0,0,0,"0","0","0",NA,NA,NA,NA,NA,1,2,3,4,NA,NA,NA,NA,0,0,0,0,0,"FRNK7106",1061,7106,NA,"Point",2052.747,NA,0.0642272214485497,0,0,0,0,"FRNK_7106_1446","FRNK_5990_1437",1.37655973464017,"FRNK_7105_1445",1.95884238654635,"FRNK_7104_1444",2.16969572271153,"FRNK_5995_1442",1.78285014211562,NA,41.9337574,-111.5712806,41.93376884,-111.5712742,NA,22.6717583516694,41.93375157,-111.5713029,NA,-109.29636644378,41.9337488,-111.5713041,NA,-116.109676494397,41.93375707,-111.5713021,NA,-91.1775855483386,0,0,0,0,1,0,0,0
"391","FRNK",7107,"ABLA",NA,5.2,0,0,"0",1,1,1,1,"0","0","0","0",NA,NA,0,0,"0","0","0","0",0,0,0,0,"0","0","0",NA,0,0,0,0,"0","0","0",NA,0,0,0,0,"0","0","0",NA,0,0,0,0,"0","0","0",NA,0,0,0,0,"0","0","0",NA,0,0,0,0,"0","0","0",NA,NA,NA,NA,NA,1,2,3,4,NA,NA,NA,NA,0,0,0,0,0,"FRNK7107",1063,7107,NA,"Point",2051.53,NA,0.063367267983359,0,0,0,0,"FRNK_7107_1447","FRNK_7104_1444",1.75089257685752,"FRNK_7105_1445",1.69345902263105,"FRNK_7104_1444",1.75089257685752,"FRNK_7105_1445",1.69345902263105,NA,41.93374813,-111.571283,41.9337488,-111.5713041,NA,-87.5649225842936,41.93375157,-111.5713029,NA,-76.9652676566481,41.9337488,-111.5713041,NA,-87.5649225842936,41.93375157,-111.5713029,NA,-76.9652676566481,0,0,0,0,1,2,10,11
"392","FRNK",7108,"ABLA",5.2,30.3,0,1,"0",1,1,1,1,"0","0","0","0",NA,NA,0,0,"0","0","2","2",0,0,0,0,"0","0","0",NA,0,0,0,0,"0","0","0",NA,0,0,0,0,"0","0","0",NA,0,0,0,0,"0","0","0",NA,0,0,0,0,"0","0","0",NA,0,0,0,0,"0","0","0",NA,"1DB","1DB","1DB","1DB",1,2,3,4,NA,NA,NA,NA,0,0,0,0,0,"FRNK7108",1065,7108,NA,"Point",2051.024,NA,0.0629025321074512,0,0,0,0,"FRNK_7108_1448","FRNK_7104_1444",1.28080647265113,"FRNK_7104_1444",1.28080647265113,"FRNK_7104_1444",1.28080647265113,"FRNK_7104_1444",1.28080647265113,NA,41.93373786,-111.5712992,41.9337488,-111.5713041,NA,-18.4920925752983,41.9337488,-111.5713041,NA,-18.4920925752983,41.9337488,-111.5713041,NA,-18.4920925752983,41.9337488,-111.5713041,NA,-18.4920925752983,0,0,0,0,1,2,10,11
"393","FRNK",5970,"ABLA",3.1,23.6,1.9,0,"0",1,1,1,1,"0","0","0","0",NA,NA,0,0,"0","0","0","0",0,0,0,0,"0","0","0",NA,0,0,0,0,"0","0","0",NA,0,0,0,0,"0","0","0",NA,0,0,0,0,"0","0","0",NA,0,0,0,0,"0","0","0",NA,0,0,0,0,"0","0","0",NA,NA,NA,NA,NA,1,2,3,4,NA,NA,NA,NA,0,0,0,0,0,"FRNK5970",3779,5970,NA,"Point",2051.593,-16.96,0.0661264978092184,0,0,0,0,"FRNK_5970_1449","FRNK_7104_1444",2.49751418122892,"FRNK_5988_1435",2.08938994732639,"FRNK_7104_1444",2.49751418122892,"FRNK_7102_1443",1.66710646353039,NA,41.93375831,-111.5713314,41.9337488,-111.5713041,NA,115.010274167617,41.93376976,-111.5713114,NA,52.522085386321,41.9337488,-111.5713041,NA,115.010274167617,41.93374848,-111.5713162,NA,130.895834403714,0,0,0,0,1,2,10,11
"394","FRNK",7109,"ABLA",NA,3.2,NA,0,"0",1,1,1,1,"0","0","0","0",NA,NA,0,0,"0","0","0","0",0,0,0,0,"0","0","0",NA,0,0,0,0,"0","0","0",NA,0,0,0,0,"0","0","0",NA,0,0,0,0,"0","0","0",NA,0,0,0,0,"0","0","0",NA,0,0,0,0,"0","0","0",NA,NA,NA,NA,NA,1,2,3,4,NA,NA,NA,NA,0,0,0,0,0,"FRNK7109",1066,7109,NA,"Point",2051.063,NA,0.0623233478419436,0,0,0,0,"FRNK_7109_1450","FRNK_7104_1444",3.19754183681751,"FRNK_7104_1444",3.19754183681751,"FRNK_7104_1444",3.19754183681751,"FRNK_7102_1443",2.83493808052858,NA,41.93372333,-111.5713221,41.9337488,-111.5713041,NA,27.8205196036771,41.9337488,-111.5713041,NA,27.8205196036771,41.9337488,-111.5713041,NA,27.8205196036771,41.93374848,-111.5713162,NA,9.93561033168381,0,0,0,0,1,2,10,11
"395","FRNK",7114,"ABLA",2.1,15.3,0,2,"0",1,1,1,1,"0","0","0","0",NA,NA,0,0,"0","0","2","2",0,0,0,0,"0","0","0",NA,0,0,0,0,"0","0","0",NA,0,0,0,0,"0","0","0",NA,0,0,0,0,"0","0","0",NA,0,0,0,0,"0","0","0",NA,0,0,0,0,"0","0","0",NA,"1DB","1DB","1DB","1DB",1,2,3,4,NA,NA,NA,NA,0,0,0,0,0,"FRNK7114",1072,7114,NA,"Point",2051.797,NA,0.0634233926623226,0,0,0,0,"FRNK_7114_1451","FRNK_7104_1444",3.12646112535129,"FRNK_7104_1444",3.12646112535129,"FRNK_7104_1444",3.12646112535129,"FRNK_7102_1443",2.42823026160628,NA,41.93373036,-111.5713326,41.9337488,-111.5713041,NA,49.0906989928725,41.9337488,-111.5713041,NA,49.0906989928725,41.9337488,-111.5713041,NA,49.0906989928725,41.93374848,-111.5713162,NA,34.0513983238077,0,0,0,0,1,2,10,11
"396","FRNK",7115,"ABLA",NA,4.3,0,1,"0",1,1,1,1,"0","0","0","0",NA,NA,0,0,"0","0","1","1",0,0,0,0,"0","0","0",NA,0,0,0,0,"0","0","0",NA,0,0,0,0,"0","0","0",NA,0,0,0,0,"0","0","0",NA,0,0,0,0,"0","0","0",NA,0,0,0,0,"0","0","0",NA,"1DB","1DB","1DB","1DB",1,2,3,4,NA,NA,NA,NA,0,0,0,0,0,"FRNK7115",1073,7115,NA,"Point",2053.67,NA,0.0609343902624918,0,0,0,0,"FRNK_7115_1452","FRNK_7104_1444",3.70325466022677,"FRNK_7125_1461",3.03757567541527,"FRNK_7104_1444",3.70325466022677,"FRNK_7104_1444",3.70325466022677,NA,41.93371548,-111.5713061,41.9337488,-111.5713041,NA,2.56625003831302,41.93370344,-111.5712732,NA,116.109657769255,41.9337488,-111.5713041,NA,2.56625003831302,41.9337488,-111.5713041,NA,2.56625003831302,0,0,0,0,1,2,10,11
"397","FRNK",7116,"ABLA",1.3,10,0,0,"0",1,1,1,1,"0","0","0","0",NA,NA,0,0,"0","0","0","0",0,0,0,0,"0","0","0",NA,0,0,0,0,"0","0","0",NA,0,0,0,0,"0","0","0",NA,0,0,0,0,"0","0","0",NA,0,0,0,0,"0","0","0",NA,0,0,0,0,"0","0","0",NA,NA,NA,NA,NA,1,2,3,4,NA,NA,NA,NA,0,0,0,0,0,"FRNK7116",1074,7116,NA,"Point",2051.887,NA,0.0593442789048356,0,0,0,0,"FRNK_7116_1453","FRNK_7104_1444",5.97023106558765,"FRNK_7137_1472",3.41642264279258,"FRNK_7104_1444",5.97023106558765,"FRNK_7102_1443",5.86534710723113,NA,41.93369566,-111.5713151,41.9337488,-111.5713041,NA,8.78642944894118,41.93366489,-111.571315,NA,179.860960954923,41.9337488,-111.5713041,NA,8.78642944894118,41.93374848,-111.5713162,NA,-0.890889421839481,0,0,0,0,1,2,10,11
"398","FRNK",7117,"ABLA",1.6,9.6,0,1,"0",1,1,1,1,"0","0","0","0",NA,NA,0,0,"0","0","2","2",0,0,0,0,"0","0","0",NA,0,0,0,0,"0","0","0",NA,0,0,0,0,"0","0","0",NA,0,0,0,0,"0","0","0",NA,0,0,0,0,"0","0","0",NA,0,0,0,0,"0","0","0",NA,NA,NA,NA,NA,1,2,3,4,NA,NA,NA,NA,0,0,0,0,0,"FRNK7117",1075,7117,NA,"Point",2052.507,NA,0.0591943831674893,0,0,0,0,"FRNK_7117_1454","FRNK_7104_1444",5.74847408035223,"FRNK_7125_1461",2.95365087432219,"FRNK_7104_1444",5.74847408035223,"FRNK_7124_1460",5.72834324013739,NA,41.9336971,-111.5713078,41.9337488,-111.5713041,NA,3.05888259579093,41.93370344,-111.5712732,NA,76.2121796193863,41.9337488,-111.5713041,NA,3.05888259579093,41.93372119,-111.5712467,NA,62.1648627304955,0,0,0,0,1,2,10,11
"399","FRNK",7118,"ABLA",1.8,13.3,3.6,0,"0",1,1,1,1,"0","0","0","0",NA,NA,0,0,"0","0","0","0",0,0,0,0,"0","0","0",NA,0,0,0,0,"0","0","0",NA,0,0,0,0,"0","0","0",NA,0,0,0,0,"0","0","0",NA,0,0,0,0,"0","0","0",NA,0,0,0,0,"0","0","0",NA,NA,NA,NA,NA,1,2,3,4,NA,NA,NA,NA,0,0,0,0,0,"FRNK7118",1076,7118,NA,"Point",2053.182,NA,0.0603287852293279,0,0,0,0,"FRNK_7118_1455","FRNK_7104_1444",3.85012896547317,"FRNK_7125_1461",1.84261144505216,"FRNK_7104_1444",3.85012896547317,"FRNK_7124_1460",3.34562769301699,NA,41.93371668,-111.5712866,41.9337488,-111.5713041,NA,-22.1375708673509,41.93370344,-111.5712732,NA,142.9210487953,41.9337488,-111.5713041,NA,-22.1375708673509,41.93372119,-111.5712467,NA,81.3920440167803,0,0,0,0,1,2,10,11
"400","FRNK",5943,"ABLA",29.3,NA,NA,0,"0",1,1,NA,NA,NA,"0",NA,NA,NA,NA,NA,NA,NA,"0",NA,NA,0,0,NA,NA,NA,"0",NA,NA,0,0,NA,NA,NA,"0",NA,NA,0,0,NA,NA,NA,"0",NA,NA,0,0,NA,NA,NA,"0",NA,NA,0,0,NA,NA,NA,"0",NA,NA,0,0,NA,NA,NA,"0",NA,NA,"3-5, out of order","3-5, out of order",NA,NA,1,2,NA,NA,NA,NA,NA,NA,0,0,NA,NA,NA,"FRNK5943",993,5943,NA,"Point",2046.885,NA,0.0712774557705193,0,0,NA,NA,"FRNK_5943_1456","FRNK_5921_1379",3.11516049902379,"FRNK_5925_1383",2.58710667721157,"FRNK_5921_1379",3.11516049902379,"FRNK_5941_1400",2.4180686687799,NA,41.93384137,-111.5712217,41.93382266,-111.5711937,NA,131.825347827456,41.93381817,-111.5712188,NA,174.667662374475,41.93382266,-111.5711937,NA,131.825347827456,41.93383581,-111.5711935,NA,104.791289137349,0,0,NA,NA,1,6,4,5
"401","FRNK",7120,"ABLA",10.7,56.4,3.5,11,"0",1,1,1,1,"0","0","BO","0",NA,NA,0,0,"0","0","11","11",0,0,0,0,"0","0","0",NA,0,0,0,0,"0","0","0",NA,0,0,0,0,"0","0","0",NA,0,0,0,0,"0","0","0",NA,0,0,0,0,"0","0","0",NA,0,0,0,0,"0","0","0",NA,"5DB","5DB","5DB","5DB",1,2,3,4,NA,NA,NA,NA,0,0,0,0,0,"FRNK7120",1078,7120,NA,"Point",2050.445,NA,0.06216798445119,0,0,0,0,"FRNK_7120_1457","FRNK_7104_1444",2.15974635516343,"FRNK_7104_1444",2.15974635516343,"FRNK_7104_1444",2.15974635516343,"FRNK_7104_1444",2.15974635516343,NA,41.9337294,-111.5713022,41.9337488,-111.5713041,NA,-4.18257733254993,41.9337488,-111.5713041,NA,-4.18257733254993,41.9337488,-111.5713041,NA,-4.18257733254993,41.9337488,-111.5713041,NA,-4.18257733254993,0,0,0,0,1,2,10,11
"402","FRNK",7121,"ABLA",NA,6.5,0,2,"0",1,1,1,1,"0","0","0","0",NA,NA,0,0,"0","0","2","2",0,0,0,0,"0","0","0",NA,0,0,0,0,"0","0","0",NA,0,0,0,0,"0","0","0",NA,0,0,0,0,"0","0","0",NA,0,0,0,0,"0","0","0",NA,0,0,0,0,"0","0","0",NA,"WOB, 1 Dead, 1DB","WOB, 1 Dead, 1DB","WOB, 1 Dead, 1DB","WOB, 1 Dead, 1DB",1,2,3,4,NA,NA,NA,NA,0,0,0,0,0,"FRNK7121",1079,7121,NA,"Point",2050.677,NA,0.0618785368493874,0,0,0,0,"FRNK_7121_1458","FRNK_7104_1444",2.35938143266258,"FRNK_7104_1444",2.35938143266258,"FRNK_7104_1444",2.35938143266258,"FRNK_7104_1444",2.35938143266258,NA,41.93373228,-111.5712862,41.9337488,-111.5713041,NA,-38.9752013416697,41.9337488,-111.5713041,NA,-38.9752013416697,41.9337488,-111.5713041,NA,-38.9752013416697,41.9337488,-111.5713041,NA,-38.9752013416697,0,0,0,0,1,2,10,11
"403","FRNK",7122,"ABLA",NA,7.8,NA,8,"8",1,1,1,1,NA,NA,"0","0",NA,NA,0,0,NA,NA,"8","8",0,0,0,0,NA,NA,"0",NA,0,0,0,0,NA,NA,"0",NA,0,0,0,0,NA,NA,"0",NA,0,0,0,0,NA,NA,"0",NA,0,0,0,0,NA,NA,"0",NA,0,0,0,0,NA,NA,"0",NA,"2 DB","2 DB","2 DB","2 DB",1,2,3,4,NA,NA,NA,NA,0,0,0,0,0,"FRNK7122",1080,7122,NA,"Point",2050.47,NA,0.0613978112723947,0,0,0,0,"FRNK_7122_1459","FRNK_7104_1444",3.00726573969571,"FRNK_7104_1444",3.00726573969571,"FRNK_7104_1444",3.00726573969571,"FRNK_7124_1460",2.73724808754198,NA,41.93373063,-111.5712772,41.9337488,-111.5713041,NA,-47.8672272006693,41.9337488,-111.5713041,NA,-47.8672272006693,41.9337488,-111.5713041,NA,-47.8672272006693,41.93372119,-111.5712467,NA,112.514257058424,0,0,0,0,1,2,10,11
"404","FRNK",7124,"ABLA",4,34.3,0,4,"0",1,1,1,1,"0","0","BO","BO",NA,NA,0,0,"0","0","4","4",0,0,0,0,"0","0","0",NA,0,0,0,1,"0","0","0",NA,0,0,0,0,"0","0","0",NA,0,0,0,0,"0","0","0",NA,0,0,0,0,"0","0","0",NA,0,0,0,0,"0","0","0",NA,"1DB","1DB","1DB","1DB",1,2,3,4,NA,NA,NA,NA,0,0,0,1,1,"FRNK7124",1082,7124,NA,"Point",2049.405,NA,0.0594186928800942,0,0,0,1,"FRNK_7124_1460","FRNK_7126_1462",0.829568327963456,"FRNK_7126_1462",0.829568327963456,"FRNK_7104_1444",5.66071816080142,"FRNK_7126_1462",0.829568327963456,NA,41.93372119,-111.5712467,41.93372605,-111.5712391,NA,49.4229896590864,41.93372605,-111.5712391,NA,49.4229896590864,41.9337488,-111.5713041,NA,-57.2108379861455,41.93372605,-111.5712391,NA,49.4229896590864,0,0,0,1,1,3,0,10
"405","FRNK",7125,"ABLA",3.2,23.4,3.1,0,"0",1,1,1,1,"0","BO","BO","0",NA,NA,0,0,"0","0","0","0",0,0,0,0,"0","0","0",NA,0,0,0,0,"0","0","0",NA,0,1,0,0,"0","0","0",NA,0,0,0,0,"0","0","0",NA,0,0,0,0,"0","0","0",NA,0,0,0,0,"0","0","0",NA,NA,NA,NA,NA,1,2,3,4,NA,NA,NA,NA,0,1,0,0,1,"FRNK7125",1083,7125,NA,"Point",2052.063,NA,0.0585207618895197,0,1,0,0,"FRNK_7125_1461","FRNK_7126_1462",3.78081304628411,"FRNK_7144_1480",2.82303914288774,"FRNK_7104_1444",5.65044945735403,"FRNK_7124_1460",2.95141559266794,NA,41.93370344,-111.5712732,41.93372605,-111.5712391,NA,48.395495009168,41.93367909,-111.5712634,NA,163.273567844798,41.9337488,-111.5713041,NA,-26.9606033118232,41.93372119,-111.5712467,NA,48.1067114788773,0,1,0,0,1,3,0,10
"406","FRNK",7126,"ABLA",3,20.9,0,0,"0",1,1,1,1,"BO","BO","BO","BO",NA,NA,0,0,"0","0","0","0",0,1,0,2,"0","0","0",NA,1,1,0,1,"0","0","0",NA,0,0,0,1,"0","0","0",NA,0,0,0,2,"0","0","0",NA,0,1,0,2,"0","0","0",NA,0,0,0,2,"0","0","0",NA,NA,NA,NA,NA,1,2,3,4,NA,NA,NA,NA,1,1,0,1,0,"FRNK7126",1085,7126,NA,"Point",2051.714,NA,0.0596768728389523,1,1,0,1,"FRNK_7126_1462","FRNK_5990_1437",5.57136101301632,"FRNK_7127_1463",1.01305503907866,"FRNK_7104_1444",5.95150276310253,"FRNK_7124_1460",0.829568327963456,NA,41.93372605,-111.5712391,41.93376884,-111.5712742,NA,-31.4874945761299,41.93373513,-111.5712379,NA,5.63580791966522,41.9337488,-111.5713041,NA,-64.8859138763128,41.93372119,-111.5712467,NA,-130.577005262057,1,3,0,10,1,0,0,0
"407","FRNK",7127,"ABLA",NA,4.2,0,0,"0",1,1,1,1,"0","BO","0","BO",NA,NA,0,0,"0","0","0","0",0,0,0,1,"0","0","0",NA,0,0,0,0,"0","0","0",NA,0,0,0,0,"0","0","0",NA,0,1,0,0,"0","0","0",NA,0,0,0,0,"0","0","0",NA,0,0,0,0,"0","0","0",NA,NA,NA,NA,NA,1,2,3,4,NA,NA,NA,NA,0,1,0,1,1,"FRNK7127",1086,7127,NA,"Point",2048.734,NA,0.0605763598876428,0,1,0,1,"FRNK_7127_1463","FRNK_7126_1462",1.01305503907866,"FRNK_7126_1462",1.01305503907866,"FRNK_7104_1444",5.69436552345277,"FRNK_7126_1462",1.01305503907866,NA,41.93373513,-111.5712379,41.93372605,-111.5712391,NA,-174.36419127841,41.93372605,-111.5712391,NA,-174.36419127841,41.9337488,-111.5713041,NA,-74.5413666144929,41.93372605,-111.5712391,NA,-174.36419127841,0,1,0,1,1,3,0,10
"408","FRNK",7128,"ABLA",NA,4.4,0,0,"0",1,1,1,1,"0","0","0","0",NA,NA,0,0,"0","0","0","0",0,0,0,0,"0","0","0",NA,0,0,0,0,"0","0","0",NA,0,0,0,0,"0","0","0",NA,0,0,0,0,"0","0","0",NA,0,0,0,0,"0","0","0",NA,0,0,0,0,"0","0","0",NA,NA,NA,NA,NA,1,2,3,4,NA,NA,NA,NA,0,0,0,0,0,"FRNK7128",1087,7128,NA,"Point",2054.399,NA,0.0605338152397486,0,0,0,0,"FRNK_7128_1464","FRNK_7104_1444",8.21281661871708,"FRNK_7137_1472",4.56156270917298,"FRNK_7104_1444",8.21281661871708,"FRNK_7100_1587",5.38454625322679,NA,41.93368799,-111.5713605,41.9337488,-111.5713041,NA,34.7042135099524,41.93366489,-111.571315,NA,124.212576284589,41.9337488,-111.5713041,NA,34.7042135099524,41.93365225,-111.5714044,NA,-137.473703453835,0,0,0,0,1,2,10,11
"409","FRNK",7129,"ABLA",NA,0.9,0,0,"0",1,1,1,1,"0","0","0","0",NA,NA,0,0,"0","0","0","0",0,0,0,0,"0","0","0",NA,0,0,0,0,"0","0","0",NA,0,0,0,0,"0","0","0",NA,0,0,0,0,"0","0","0",NA,0,0,0,0,"0","0","0",NA,0,0,0,0,"0","0","0",NA,NA,NA,NA,NA,1,2,3,4,NA,NA,NA,NA,0,0,0,0,0,"FRNK7129",1088,7129,NA,"Point",2052.066,NA,0.059659942053205,0,0,0,0,"FRNK_7129_1465","FRNK_7104_1444",7.89947647945615,"FRNK_7137_1472",3.46007966407465,"FRNK_7104_1444",7.89947647945615,"FRNK_7166_1502",5.9126493295018,NA,41.93368516,-111.5713467,41.9337488,-111.5713041,NA,26.5572024896994,41.93366489,-111.571315,NA,130.575138104552,41.9337488,-111.5713041,NA,26.5572024896994,41.93363612,-111.5713189,NA,157.057592327167,0,0,0,0,1,2,10,11
"410","FRNK",7130,"ABLA",1.4,9.3,0.9,2,"0",1,1,1,1,"0","0","0","0",NA,NA,0,0,"0","0","3","3",0,0,0,0,"0","0","0",NA,0,0,0,0,"0","0","0",NA,0,0,0,0,"0","0","0",NA,0,0,0,0,"0","0","0",NA,0,0,0,0,"0","0","0",NA,0,0,0,0,"0","0","0",NA,"1DB","1DB","1DB","1DB",1,2,3,4,NA,NA,NA,NA,0,0,0,0,0,"FRNK7130",1089,7130,NA,"Point",2050.316,NA,0.0597080721500772,0,0,0,0,"FRNK_7130_1466","FRNK_7104_1444",5.47973327412049,"FRNK_7125_1461",3.37971764308968,"FRNK_7104_1444",5.47973327412049,"FRNK_7102_1443",5.39008249577371,NA,41.93369997,-111.5713137,41.9337488,-111.5713041,NA,8.35137633605766,41.93370344,-111.5712732,NA,83.4542330012161,41.9337488,-111.5713041,NA,8.35137633605766,41.93374848,-111.5713162,NA,-2.20373322264567,0,0,0,0,1,2,10,11
"411","FRNK",7131,"ABLA",2.1,13.7,0,0,"0",1,1,1,1,"0","0","0","0",NA,NA,0,0,"0","0","0","0",0,0,0,0,"0","0","0",NA,0,0,0,0,"0","0","0",NA,0,0,0,0,"0","0","0",NA,0,0,0,0,"0","0","0",NA,0,0,0,0,"0","0","0",NA,0,0,0,0,"0","0","0",NA,NA,NA,NA,NA,1,2,3,4,NA,NA,NA,NA,0,0,0,0,0,"FRNK7131",1090,7131,NA,"Point",2051.002,NA,0.0591931319588231,0,0,0,0,"FRNK_7131_1467","FRNK_7104_1444",5.66364298749099,"FRNK_7125_1461",2.79023389929331,"FRNK_7104_1444",5.66364298749099,"FRNK_7124_1460",5.55957066494641,NA,41.93369781,-111.571306,41.9337488,-111.5713041,NA,1.59375321882569,41.93370344,-111.5712732,NA,77.0540097140695,41.9337488,-111.5713041,NA,1.59375321882569,41.93372119,-111.5712467,NA,62.1651778584103,0,0,0,0,1,2,10,11
"412","FRNK",7133,"ABLA",NA,4,NA,0,"0",1,1,1,1,"0","0","0","0",NA,NA,0,0,"0","0","0","0",0,0,0,0,"0","0","0",NA,0,0,0,0,"0","0","0",NA,0,0,0,0,"0","0","0",NA,0,0,0,0,"0","0","0",NA,0,0,0,0,"0","0","0",NA,0,0,0,0,"0","0","0",NA,NA,NA,NA,NA,1,2,3,4,NA,NA,NA,NA,0,0,0,0,0,"FRNK7133",1093,7133,NA,"Point",2051.977,NA,0.0581589577379527,0,0,0,0,"FRNK_7133_1468","FRNK_7126_1462",6.41181472839831,"FRNK_7125_1461",2.64226711805302,"FRNK_7104_1444",6.55241092346633,"FRNK_7124_1460",5.58272133060257,NA,41.93368989,-111.5712994,41.93372605,-111.5712391,NA,51.2320759806528,41.93370344,-111.5712732,NA,55.2926977758299,41.9337488,-111.5713041,NA,-3.40926198146007,41.93372119,-111.5712467,NA,51.5008599602659,0,0,0,0,1,3,0,10
"413","FRNK",7134,"ABLA",4.5,28.5,4.5,0,"0",1,1,1,1,"0","0","0","0",NA,NA,0,0,"0","0","0","0",0,0,0,0,"0","0","0",NA,0,0,0,0,"0","0","0",NA,0,0,0,0,"0","0","0",NA,0,0,0,0,"0","0","0",NA,0,0,0,0,"0","0","0",NA,0,0,0,0,"0","0","0",NA,NA,NA,NA,NA,1,2,3,4,NA,NA,NA,NA,0,0,0,0,0,"FRNK7134",1095,7134,NA,"Point",2052.872,NA,0.0572770903690064,0,0,0,0,"FRNK_7134_1469","FRNK_7178_1516",6.77653756441167,"FRNK_7137_1472",1.70591079575636,"FRNK_5885_1348",7.44785739280059,"FRNK_7165_1501",4.47824146900078,NA,41.93367844,-111.5713053,41.9336185,-111.5712899,NA,169.140130838071,41.93366489,-111.571315,NA,-151.874004425021,41.93367359,-111.5712157,NA,94.1462149595538,41.93363811,-111.5713046,NA,179.257475518613,0,0,0,0,1,2,0,6
"414","FRNK",7135,"ABLA",3.6,22.9,3,1,"0",1,1,1,1,"0","0","0","0",NA,NA,0,0,"0","0","1","1",0,0,0,0,"0","0","0",NA,0,0,0,0,"0","0","0",NA,0,0,0,0,"0","0","0",NA,0,0,0,0,"0","0","0",NA,0,0,0,0,"0","0","0",NA,0,0,0,0,"0","0","0",NA,"1DB","1DB","1DB","1DB",1,2,3,4,NA,NA,NA,NA,0,0,0,0,0,"FRNK7135",1096,7135,NA,"Point",2053.643,NA,0.0579734795251677,0,0,0,0,"FRNK_7135_1470","FRNK_7126_1462",6.0783973658666,"FRNK_7125_1461",2.29788782870573,"FRNK_7104_1444",6.57675931120724,"FRNK_7124_1460",5.24887844865332,NA,41.93369002,-111.5712943,41.93372605,-111.5712391,NA,48.8418432776706,41.93370344,-111.5712732,NA,49.5762750504176,41.9337488,-111.5713041,NA,-7.0963064628571,41.93372119,-111.5712467,NA,48.7500015269271,0,0,0,0,1,3,0,10
"415","FRNK",7136,"ABLA",1.9,12.7,1.4,2,"0",1,1,1,1,"0","0","0","0",NA,NA,0,0,"0","0","2","2",0,0,0,0,"0","0","0",NA,0,0,0,0,"0","0","0",NA,0,0,0,0,"0","0","0",NA,0,0,0,0,"0","0","0",NA,0,0,0,0,"0","0","0",NA,0,0,0,0,"0","0","0",NA,"1DB","1DB","1DB","1DB",1,2,3,4,NA,NA,NA,NA,0,0,0,0,0,"FRNK7136",1098,7136,NA,"Point",2048.978,NA,0.0564547892085819,0,0,0,0,"FRNK_7136_1471","FRNK_7178_1516",5.8473578083499,"FRNK_7137_1472",0.961681113546343,"FRNK_5885_1348",7.45645618266681,"FRNK_7165_1501",3.52601215635476,NA,41.93366986,-111.5713055,41.9336185,-111.5712899,NA,167.221510983747,41.93366489,-111.571315,NA,-125.016335646149,41.93367359,-111.5712157,NA,86.8160265094651,41.93363811,-111.5713046,NA,178.787451260518,0,0,0,0,1,2,0,6
"416","FRNK",7137,"ABLA",2.3,17,0,1,"0",1,1,1,1,"0","BO","0","0",NA,NA,0,0,"0","0","1","1",0,0,0,0,"0","0","0",NA,0,0,0,0,"0","0","0",NA,0,0,0,0,"0","0","0",NA,0,0,0,0,"0","0","0",NA,0,1,0,0,"0","0","0",NA,0,0,0,0,"0","0","0",NA,NA,NA,NA,NA,1,2,3,4,NA,NA,NA,NA,0,1,0,0,1,"FRNK7137",1099,7137,NA,"Point",2049.344,NA,0.0563727992080237,0,1,0,0,"FRNK_7137_1472","FRNK_7178_1516",5.55518922451843,"FRNK_7166_1502",3.21067351688061,"FRNK_5885_1348",8.28902926497161,"FRNK_7165_1501",3.09589001900122,NA,41.93366489,-111.571315,41.9336185,-111.5712899,NA,158.000797642611,41.93363612,-111.5713189,NA,-174.220192385589,41.93367359,-111.5712157,NA,83.3077662432074,41.93363811,-111.5713046,NA,163.828990856991,0,1,0,0,1,2,0,6
"417","FRNK",7138,"ABLA",1.1,9,0.6,0,"0",1,1,1,1,"0","0","0","0",NA,NA,0,0,"0","0","0","0",0,0,0,0,"0","0","0",NA,0,0,0,0,"0","0","0",NA,0,0,0,0,"0","0","0",NA,0,0,0,0,"0","0","0",NA,0,0,0,0,"0","0","0",NA,0,0,0,0,"0","0","0",NA,NA,NA,NA,NA,1,2,3,4,NA,NA,NA,NA,0,0,0,0,0,"FRNK7138",1101,7138,NA,"Point",2050.358,NA,0.0554818111260313,0,0,0,0,"FRNK_7138_1473","FRNK_7178_1516",4.9280895167107,"FRNK_7137_1472",1.30897957312695,"FRNK_5885_1348",7.06804912493294,"FRNK_7165_1501",2.71653453185881,NA,41.93366229,-111.5712996,41.9336185,-111.5712899,NA,170.608219144655,41.93366489,-111.571315,NA,-77.2593646359256,41.93367359,-111.5712157,NA,79.775240953045,41.93363811,-111.5713046,NA,-171.222660839124,0,0,0,0,1,2,0,6
"418","FRNK",7140,"ABLA",NA,7,0,0,"0",1,1,1,1,"0","0","0","0",NA,NA,0,0,"0","0","0","0",0,0,0,0,"0","0","0",NA,0,0,0,0,"0","0","0",NA,0,0,0,0,"0","0","0",NA,0,0,0,0,"0","0","0",NA,0,0,0,0,"0","0","0",NA,0,0,0,0,"0","0","0",NA,NA,NA,NA,NA,1,2,3,4,NA,NA,NA,NA,0,0,0,0,0,"FRNK7140",1103,7140,NA,"Point",2051.804,NA,0.0550240650725234,0,0,0,0,"FRNK_7140_1474","FRNK_7178_1516",5.22512199400104,"FRNK_7144_1480",2.14667299726028,"FRNK_5885_1348",5.51933371820118,"FRNK_7165_1501",3.56722831840145,NA,41.93366512,-111.5712813,41.9336185,-111.5712899,NA,-172.157269715819,41.93367909,-111.5712634,NA,43.7338299473674,41.93367359,-111.5712157,NA,80.1895862544119,41.93363811,-111.5713046,NA,-147.213170806173,0,0,0,0,1,2,0,6
"419","FRNK",7141,"ABLA",2.1,14.5,2.7,1,"0",1,1,1,1,"0","0","0","0",NA,NA,0,0,"0","0","2","2",0,0,0,0,"0","0","0",NA,0,0,0,0,"0","0","0",NA,0,0,0,0,"0","0","0",NA,0,0,0,0,"0","0","0",NA,0,0,0,0,"0","0","0",NA,0,0,0,0,"0","0","0",NA,NA,NA,NA,NA,1,2,3,4,NA,NA,NA,NA,0,0,0,0,0,"FRNK7141",1104,7141,NA,"Point",2051.703,NA,0.0551774920113372,0,0,0,0,"FRNK_7141_1475","FRNK_5885_1348",4.89754311231925,"FRNK_7144_1480",1.41999232398514,"FRNK_5885_1348",4.89754311231925,"FRNK_7165_1501",4.27299903657453,NA,41.93366935,-111.5712745,41.93367359,-111.5712157,NA,84.483982239295,41.93367909,-111.5712634,NA,40.3962725552255,41.93367359,-111.5712157,NA,84.483982239295,41.93363811,-111.5713046,NA,-144.267025335978,0,0,0,0,4,5,2,9
"420","FRNK",7142,"ABLA",2.1,10.9,0,0,"0",1,1,1,1,"0","0","0","0",NA,NA,0,0,"TB","TB","0","0",0,0,0,0,"0","0","0",NA,0,0,0,0,"0","0","0",NA,0,0,0,0,"0","0","0",NA,0,0,0,0,"0","0","0",NA,0,0,0,0,"0","0","0",NA,0,0,0,0,"0","0","0",NA,"Bent, Dead Stem","Bent, Dead Stem","Bent, Dead Stem","Bent, Dead Stem",1,2,3,4,NA,NA,NA,NA,0,0,0,0,0,"FRNK7142",1105,7142,NA,"Point",2050.43,NA,0.054830348069311,0,0,0,0,"FRNK_7142_1476","FRNK_5885_1348",4.19136219077426,"FRNK_7144_1480",1.12621187291309,"FRNK_5885_1348",4.19136219077426,"FRNK_5885_1348",4.19136219077426,NA,41.93366912,-111.5712659,41.93367359,-111.5712157,NA,83.1995287896507,41.93367909,-111.5712634,NA,10.6049910094989,41.93367359,-111.5712157,NA,83.1995287896507,41.93367359,-111.5712157,NA,83.1995287896507,0,0,0,0,4,5,2,9
"421","FRNK",5972,"ABLA",1.7,10.9,0,0,"0",1,1,1,1,"0","0","0","0",NA,NA,0,0,"TB","TB","0","0",0,0,0,0,"0","0","0",NA,0,0,0,0,"0","0","0",NA,0,0,0,0,"0","0","0",NA,0,0,0,0,"0","0","0",NA,0,0,0,0,"0","0","0",NA,0,0,0,0,"0","0","0",NA,"Dead Stem","Dead Stem","Dead Stem","Dead Stem",1,2,3,4,NA,NA,NA,NA,0,0,0,0,0,"FRNK5972",1023,5972,NA,"Point",2049.869,NA,0.0714039306622777,0,0,0,0,"FRNK_5972_1477","FRNK_5974_1425",2.1609106461401,"FRNK_5974_1425",2.1609106461401,"FRNK_7104_1444",7.44209533485761,"FRNK_5973_1424",0.920439080336474,NA,41.9338146,-111.5713212,41.93379514,-111.5713208,NA,179.120679378033,41.93379514,-111.5713208,NA,179.120679378033,41.9337488,-111.5713041,NA,169.018275458042,41.93380945,-111.5713125,NA,128.406278832063,0,0,0,0,1,2,0,9
"422","FRNK",5893,"ABLA",1.1,10.9,0,0,"0",1,1,1,1,"0","0","0","0",NA,NA,0,0,"TB","TB","0","0",0,0,0,0,"0","0","0",NA,0,0,0,0,"0","0","0",NA,0,0,0,0,"0","0","0",NA,0,0,0,0,"0","0","0",NA,0,0,0,0,"0","0","0",NA,0,0,0,0,"0","0","0",NA,"Dead Stem","Dead Stem","Dead Stem","Dead Stem",1,2,3,4,NA,NA,NA,NA,0,0,0,0,0,"FRNK5893",5255,5893,NA,"Point",2052.212,-16.96,0.0543048648017355,0,0,0,0,"FRNK_5893_1478","FRNK_5885_1348",4.22077797893467,"FRNK_7149_1485",1.61330402331702,"FRNK_5885_1348",4.22077797893467,"FRNK_5885_1348",4.22077797893467,NA,41.933664154,-111.571265017167,41.93367359,-111.5712157,NA,75.6277280489134,41.9336624,-111.5712457,NA,96.9332814460708,41.93367359,-111.5712157,NA,75.6277280489134,41.93367359,-111.5712157,NA,75.6277280489134,0,0,0,0,4,5,2,9
"423","FRNK",7143,"ABLA",1.6,12.5,2.7,1,"0",1,1,1,1,"0","0","0","0",NA,NA,0,0,"0","0","2","2",0,0,0,0,NA,"0","0",NA,0,0,0,0,NA,"0","0",NA,0,0,0,0,NA,"0","0",NA,0,0,0,0,NA,"0","0",NA,0,0,0,0,NA,"0","0",NA,0,0,0,0,NA,NA,"0",NA,"1 DB","1 DB","2 DB","2 DB",1,2,3,4,NA,NA,NA,NA,0,0,0,0,0,"FRNK7143",1106,7143,NA,"Point",2051.242,NA,0.0563648794115852,0,0,0,0,"FRNK_7143_1479","FRNK_5885_1348",5.12298729726436,"FRNK_7144_1480",1.12160715912639,"FRNK_5885_1348",5.12298729726436,"FRNK_5885_1348",5.12298729726436,NA,41.93368048,-111.5712768,41.93367359,-111.5712157,NA,98.5879151250058,41.93367909,-111.5712634,NA,97.9089586315377,41.93367359,-111.5712157,NA,98.5879151250058,41.93367359,-111.5712157,NA,98.5879151250058,0,0,0,0,4,5,2,9
"424","FRNK",7144,"ABLA",NA,7.8,NA,0,"0",1,1,1,1,"0","BO","0","0",NA,NA,0,0,"0","0","0","0",0,0,0,0,"0","0","0",NA,0,1,0,0,"0","0","0",NA,0,0,0,0,"0","0","0",NA,0,0,0,0,"0","0","0",NA,0,0,0,0,"0","0","0",NA,0,0,0,0,"0","0","0",NA,NA,NA,NA,NA,1,2,3,4,NA,NA,NA,NA,0,1,0,0,1,"FRNK7144",1107,7144,NA,"Point",2052.568,NA,0.0557307952443426,0,1,0,0,"FRNK_7144_1480","FRNK_5885_1348",4.00148095944088,"FRNK_7149_1485",2.36375675813039,"FRNK_5885_1348",4.00148095944088,"FRNK_5885_1348",4.00148095944088,NA,41.93367909,-111.5712634,41.93367359,-111.5712157,NA,98.7782301288685,41.9336624,-111.5712457,NA,141.624997312388,41.93367359,-111.5712157,NA,98.7782301288685,41.93367359,-111.5712157,NA,98.7782301288685,0,1,0,0,4,5,2,9
"425","FRNK",7145,"ABLA",2.6,14.1,0,0,"0",1,1,1,1,"0","0","0","0",NA,NA,0,0,"0","0","0","0",0,0,0,0,"0","0","0",NA,0,0,0,0,"0","0","0",NA,0,0,0,0,"0","0","0",NA,0,0,0,0,"0","0","0",NA,0,0,0,0,"0","0","0",NA,0,0,0,0,"0","0","0",NA,"Bent","Bent","Bent, low covered in snow","Bent",1,2,3,4,NA,NA,NA,NA,0,0,0,0,0,"FRNK7145",1109,7145,NA,"Point",2053.203,NA,0.0551857867453806,0,0,0,0,"FRNK_7145_1481","FRNK_5885_1348",3.76519383070083,"FRNK_7144_1480",0.547256527101128,"FRNK_5885_1348",3.76519383070083,"FRNK_5885_1348",3.76519383070083,NA,41.93367447,-111.5712611,41.93367359,-111.5712157,NA,91.486979926004,41.93367909,-111.5712634,NA,-20.391636757673,41.93367359,-111.5712157,NA,91.486979926004,41.93367359,-111.5712157,NA,91.486979926004,0,0,0,0,4,5,2,9
"426","FRNK",7146,"ABLA",1.8,7.1,2.8,0,"0",1,1,1,1,"0","0","0","0",NA,NA,0,0,"0","0","0","0",0,0,0,0,"0","0","0",NA,0,0,0,0,"0","0","0",NA,0,0,0,0,"0","0","0",NA,0,0,0,0,"0","0","0",NA,0,0,0,0,"0","0","0",NA,0,0,0,0,"0","0","0",NA,"Bent","Bent","Bent","Bent",1,2,3,4,NA,NA,NA,NA,0,0,0,0,0,"FRNK7146",1110,7146,NA,"Point",2052.954,NA,0.0546076545722972,0,0,0,0,"FRNK_7146_1482","FRNK_5885_1348",3.68923386490582,"FRNK_7144_1480",1.14328919009914,"FRNK_5885_1348",3.68923386490582,"FRNK_5885_1348",3.68923386490582,NA,41.93366915,-111.5712598,41.93367359,-111.5712157,NA,82.3208340469552,41.93367909,-111.5712634,NA,-15.1326557196691,41.93367359,-111.5712157,NA,82.3208340469552,41.93367359,-111.5712157,NA,82.3208340469552,0,0,0,0,4,5,2,9
"427","FRNK",7147,"ABLA",2.7,15.1,3.9,0,"0",1,1,1,1,"0","0","0","0",NA,NA,0,0,"0","0","0","0",0,0,0,0,"0","0","0",NA,0,0,0,0,"0","0","0",NA,0,0,0,0,"0","0","0",NA,0,0,0,0,"0","0","0",NA,0,0,0,0,"0","0","0",NA,0,0,0,0,"0","0","0",NA,NA,NA,NA,NA,1,2,3,4,NA,NA,NA,NA,0,0,0,0,0,"FRNK7147",NA,7147,NA,"Point",2053.071,NA,0.0540986793877909,0,0,0,0,"FRNK_7147_1483","FRNK_5885_1348",4.15410659735072,"FRNK_7149_1485",1.48419825271603,"FRNK_5885_1348",4.15410659735072,"FRNK_5885_1348",4.15410659735072,NA,41.93366261,-111.5712636,41.93367359,-111.5712157,NA,72.9340154073894,41.9336624,-111.5712457,NA,90.90013530285,41.93367359,-111.5712157,NA,72.9340154073894,41.93367359,-111.5712157,NA,72.9340154073894,0,0,0,0,4,5,2,9
"428","FRNK",7148,"ABLA",2.2,15,3.1,0,"0",1,1,1,1,"0","0","0","0",NA,NA,0,0,"0","0","0","0",0,0,0,0,"0","0","0",NA,0,0,0,0,"0","0","0",NA,0,0,0,0,"0","0","0",NA,0,0,0,0,"0","0","0",NA,0,0,0,0,"0","0","0",NA,0,0,0,0,"0","0","0",NA,NA,NA,NA,NA,1,2,3,4,NA,NA,NA,NA,0,0,0,0,0,"FRNK7148",1111,7148,NA,"Point",2053.071,NA,0.0540986793877909,0,0,0,0,"FRNK_7148_1484","FRNK_5885_1348",4.15410659735072,"FRNK_7149_1485",1.48419825271603,"FRNK_5885_1348",4.15410659735072,"FRNK_5885_1348",4.15410659735072,NA,41.93366261,-111.5712636,41.93367359,-111.5712157,NA,72.9340154073894,41.9336624,-111.5712457,NA,90.90013530285,41.93367359,-111.5712157,NA,72.9340154073894,41.93367359,-111.5712157,NA,72.9340154073894,0,0,0,0,4,5,2,9
"429","FRNK",7149,"ABLA",2.6,14.9,0,2,"0",1,1,1,1,"0","BR","0","0",NA,NA,0,0,"0","0","3","3",0,0,0,0,"0","0","0",NA,0,0,0,0,"0","0","0",NA,0,1,0,0,"0","0","0",NA,0,0,0,0,"0","0","0",NA,0,1,0,0,"0","0","0",NA,0,0,0,0,"0","0","0",NA,NA,NA,NA,NA,1,2,3,4,NA,NA,NA,NA,0,1,0,0,1,"FRNK7149",1113,7149,NA,"Point",2051.488,NA,0.0534223848969068,0,1,0,0,"FRNK_7149_1485","FRNK_5885_1348",2.78023078679403,"FRNK_7153_1489",1.92243574565603,"FRNK_5885_1348",2.78023078679403,"FRNK_5885_1348",2.78023078679403,NA,41.9336624,-111.5712457,41.93367359,-111.5712157,NA,63.4562318924892,41.93364877,-111.57126,NA,-141.924901620749,41.93367359,-111.5712157,NA,63.4562318924892,41.93367359,-111.5712157,NA,63.4562318924892,0,2,0,0,4,5,2,9
"430","FRNK",7150,"ABLA",NA,0.9,0,0,"0",1,1,1,1,"0","0","0","0",NA,NA,0,0,"0","0","0","0",0,0,0,0,"0","0",NA,NA,0,0,0,0,"0","0",NA,NA,0,0,0,0,"0","0",NA,NA,0,0,0,0,"0","0",NA,NA,0,0,0,0,"0","0",NA,NA,0,0,0,0,"0","0",NA,NA,"Rot in area","Rot in area","Rot in area, under snow","Rot in area",1,2,3,4,NA,NA,NA,NA,0,0,0,0,0,"FRNK7150",1114,7150,NA,"Point",2051.481,NA,0.0540663612114241,0,0,0,0,"FRNK_7150_1486","FRNK_5885_1348",3.19910827285129,"FRNK_7149_1485",0.738399742480802,"FRNK_5885_1348",3.19910827285129,"FRNK_5885_1348",3.19910827285129,NA,41.93366621,-111.571253,41.93367359,-111.5712157,NA,75.1590921955469,41.9336624,-111.5712457,NA,124.952460654131,41.93367359,-111.5712157,NA,75.1590921955469,41.93367359,-111.5712157,NA,75.1590921955469,0,0,0,0,4,5,2,9
"431","FRNK",7151,"ABLA",1.7,7.9,3.3,1,"0",1,1,1,1,"0","0","0","0",NA,NA,0,0,"0","0","2","2",0,0,0,0,"0","0","0",NA,0,0,0,0,"0","0","0",NA,0,0,0,0,"0","0","0",NA,0,0,0,0,"0","0","0",NA,0,0,0,0,"0","0","0",NA,0,0,0,0,"0","0","0",NA,"Rot in area, Dead top","Rot in area, Dead top","Rot in area, Dead top","Rot in area, Dead top",1,2,3,4,NA,NA,NA,NA,0,0,0,0,0,"FRNK7151",1115,7151,NA,"Point",2052.125,NA,0.053920883437035,0,0,0,0,"FRNK_7151_1487","FRNK_7178_1516",4.71510209160631,"FRNK_7153_1489",1.35023219051638,"FRNK_5885_1348",4.81861901393165,"FRNK_7165_1501",3.63473306159962,NA,41.93365831,-111.5712701,41.9336185,-111.5712899,NA,-159.626126889208,41.93364877,-111.57126,NA,141.672749322706,41.93367359,-111.5712157,NA,69.3852814917361,41.93363811,-111.5713046,NA,-128.101151843498,0,0,0,0,1,2,0,6
"432","FRNK",7152,"ABLA",NA,5.9,NA,0,"0",1,1,1,1,"0","0","0","0",NA,NA,0,0,"0","0","0","0",0,0,0,0,"0","0",NA,NA,0,0,0,0,"0","0",NA,NA,0,0,0,0,"0","0",NA,NA,0,0,0,0,"0","0",NA,NA,0,0,0,0,"0","0",NA,NA,0,0,0,0,"0","0",NA,NA,NA,NA,"under snow",NA,1,2,3,4,NA,NA,NA,NA,0,0,0,0,0,"FRNK7152",1116,7152,NA,"Point",2052.176,NA,0.0540538804877021,0,0,0,0,"FRNK_7152_1488","FRNK_5885_1348",4.17829264916757,"FRNK_7149_1485",1.49262947962755,"FRNK_5885_1348",4.17829264916757,"FRNK_5885_1348",4.17829264916757,NA,41.93366212,-111.5712637,41.93367359,-111.5712157,NA,72.2541724576709,41.9336624,-111.5712457,NA,88.8065476849477,41.93367359,-111.5712157,NA,72.2541724576709,41.93367359,-111.5712157,NA,72.2541724576709,0,0,0,0,4,5,2,9
"433","FRNK",7153,"ABLA",4.3,24.7,2.2,0,"0",1,1,1,1,"0","BR","0","0",NA,NA,0,0,"0","0","0","0",0,0,0,0,"0","0","0",NA,0,0,0,0,"0","0","0",NA,0,1,0,0,"0","0","0",NA,0,0,0,0,"0","0","0",NA,0,0,0,0,"0","0","0",NA,0,0,0,0,"0","0","0",NA,"Rot in area","Rot in area","Rot in area","Rot in area",1,2,3,4,NA,NA,NA,NA,0,1,0,0,1,"FRNK7153",1117,7153,NA,"Point",2052.992,NA,0.0525938318676528,0,1,0,0,"FRNK_7153_1489","FRNK_7178_1516",4.17618357794721,"FRNK_7149_1485",1.92243574565603,"FRNK_5885_1348",4.59165240792263,"FRNK_7165_1501",3.88241481321606,NA,41.93364877,-111.57126,41.9336185,-111.5712899,NA,-143.588731443023,41.9336624,-111.5712457,NA,38.0750888229947,41.93367359,-111.5712157,NA,53.1177823363565,41.93363811,-111.5713046,NA,-107.749626652328,0,1,0,0,1,2,0,6
"434","FRNK",7154,"ABLA",3,16.6,2.5,6,"0",1,1,1,1,"0","0","0","0",NA,NA,0,0,"0","0","6","6",0,0,0,0,"0","0","0",NA,0,0,0,0,"0","0","0",NA,0,0,0,0,"0","0","0",NA,0,0,0,0,"0","0","0",NA,0,0,0,0,"0","0","0",NA,0,0,0,0,"0","0","0",NA,NA,NA,NA,NA,1,2,3,4,NA,NA,NA,NA,0,0,0,0,0,"FRNK7154",1119,7154,NA,"Point",2050.127,NA,0.0540119943718364,0,0,0,0,"FRNK_7154_1490","FRNK_7178_1516",4.001770550869,"FRNK_7153_1489",1.98239292914923,"FRNK_5885_1348",5.96704557412868,"FRNK_7165_1501",2.53736574296321,NA,41.93365415,-111.5712828,41.9336185,-111.5712899,NA,-171.541505961137,41.93364877,-111.57126,NA,107.537203197875,41.93367359,-111.5712157,NA,68.7937444994814,41.93363811,-111.5713046,NA,-134.578185630445,0,0,0,0,1,2,0,6
"435","FRNK",7155,"ABLA",4.3,28.9,0,4,"0",1,1,1,1,"0","0","BO","0",NA,NA,0,0,"0","0","4","4",0,0,0,0,"0","0","0",NA,0,0,0,0,"0","0","0",NA,0,0,0,0,"0","0","0",NA,0,0,0,0,"0","0","0",NA,0,0,0,0,"0","0","0",NA,0,0,0,0,"0","0","0",NA,"WOB, Rot in area","WOB, Rot in area","WOB, Rot in area","WOB, Rot in area",1,2,3,4,NA,NA,NA,NA,0,0,0,0,0,"FRNK7155",1120,7155,NA,"Point",2051.194,NA,0.0548840144122714,0,0,0,0,"FRNK_7155_1491","FRNK_7178_1516",4.15916392706079,"FRNK_7137_1472",1.51759853567451,"FRNK_7184_1522",7.12799481651479,"FRNK_7165_1501",1.84803330958261,NA,41.9336547,-111.5713028,41.9336185,-111.5712899,NA,165.09958604056,41.93366489,-111.571315,NA,-41.7960951895989,41.93359183,-111.5712854,NA,168.323829073672,41.93363811,-111.5713046,NA,-175.368262720101,0,0,0,0,1,2,0,6
"436","FRNK",7156,"ABLA",2.4,16.5,0,6,"0",1,1,1,1,"0","0","0","0",NA,NA,0,0,"0","0","6","6",0,0,0,0,"0","0","0",NA,0,0,0,0,"0","0","0",NA,0,0,0,0,"0","0","0",NA,0,0,0,0,"0","0","0",NA,0,0,0,0,"0","0","0",NA,0,0,0,0,"0","0","0",NA,"1DB","1DB","1DB","1DB",1,2,3,4,NA,NA,NA,NA,0,0,0,0,0,"FRNK7156",1121,7156,NA,"Point",2052.07,NA,0.0521452599591878,0,0,0,0,"FRNK_7156_1492","FRNK_7178_1516",2.57397408269887,"FRNK_7153_1489",1.63896272336499,"FRNK_7184_1522",5.26433712138176,"FRNK_7164_1500",2.33945110835757,NA,41.9336385,-111.5712742,41.9336185,-111.5712899,NA,-149.623088100294,41.93364877,-111.57126,NA,45.9141373105372,41.93359183,-111.5712854,NA,-169.840770083447,41.93363126,-111.5713007,NA,-110.097036953531,0,0,0,0,1,2,0,6
"437","FRNK",7157,"ABLA",2.5,17.9,0,3,"0",1,1,1,1,"0","0","0","0",NA,NA,0,0,"0","0","3","3",0,0,0,0,"0","0","0",NA,0,0,0,0,"0","0","0",NA,0,0,0,0,"0","0","0",NA,0,0,0,0,"0","0","0",NA,0,0,0,0,"0","0","0",NA,0,0,0,0,"0","0","0",NA,"WOB","WOB","WOB","WOB",1,2,3,4,NA,NA,NA,NA,0,0,0,0,0,"FRNK7157",1122,7157,NA,"Point",2052.504,NA,0.0523123198548306,0,0,0,0,"FRNK_7157_1493","FRNK_7178_1516",3.07324825040489,"FRNK_7153_1489",1.13269070285924,"FRNK_7184_1522",5.70217945215805,"FRNK_7164_1500",2.79849817479011,NA,41.9336419,-111.5712701,41.9336185,-111.5712899,NA,-147.714556966108,41.93364877,-111.57126,NA,47.6681579406414,41.93359183,-111.5712854,NA,-167.14690823251,41.93363126,-111.5713007,NA,-114.969936809547,0,0,0,0,1,2,0,6
"438","FRNK",7158,"ABLA",NA,7.3,NA,0,"0",1,1,1,1,"0","0","0","0",NA,NA,0,0,"0","0","0","0",0,0,0,0,"0","0","0",NA,0,0,0,0,"0","0","0",NA,0,0,0,0,"0","0","0",NA,0,0,0,0,"0","0","0",NA,0,0,0,0,"0","0","0",NA,0,0,0,0,"0","0","0",NA,NA,NA,NA,NA,1,2,3,4,NA,NA,NA,NA,0,0,0,0,0,"FRNK7158",1123,7158,NA,"Point",2052.513,NA,0.0508716042852482,0,0,0,0,"FRNK_7158_1494","FRNK_7178_1516",2.95750252507819,"FRNK_7153_1489",1.89970373275761,"FRNK_7184_1522",4.9400067551527,"FRNK_7178_1516",2.95750252507819,NA,41.93363168,-111.5712589,41.9336185,-111.5712899,NA,-119.656808462976,41.93364877,-111.57126,NA,-2.75157761800023,41.93359183,-111.5712854,NA,-153.593431902664,41.9336185,-111.5712899,NA,-119.656808462976,0,0,0,0,1,2,0,6
"439","FRNK",7159,"ABLA",1.5,9.3,2.5,1,"0",1,1,1,1,"0","0","0","0",NA,NA,0,0,"0","0","1","1",0,0,0,0,"0","0","0",NA,0,0,0,0,"0","0","0",NA,0,0,0,0,"0","0","0",NA,0,0,0,0,"0","0","0",NA,0,0,0,0,"0","0","0",NA,0,0,0,0,"0","0","0",NA,"WOB","WOB","WOB","WOB",1,2,3,4,NA,NA,NA,NA,0,0,0,0,0,"FRNK7159",1124,7159,NA,"Point",2052.999,NA,0.0508686559708002,0,0,0,0,"FRNK_7159_1495","FRNK_7178_1516",2.12410187075537,"FRNK_7178_1516",2.12410187075537,"FRNK_7184_1522",4.28089536466617,"FRNK_7178_1516",2.12410187075537,NA,41.93362805,-111.5712677,41.9336185,-111.5712899,NA,-119.946795153425,41.9336185,-111.5712899,NA,-119.946795153425,41.93359183,-111.5712854,NA,-159.953231850263,41.9336185,-111.5712899,NA,-119.946795153425,0,0,0,0,1,2,0,6
"440","FRNK",7160,"ABLA",1.1,10,0,2,"0",1,1,1,1,"0","0","0","0",NA,NA,0,0,"0","0","2","2",0,0,0,0,"0","0","0",NA,0,0,0,0,"0","0","0",NA,0,0,0,0,"0","0","0",NA,0,0,0,0,"0","0","0",NA,0,0,0,0,"0","0","0",NA,0,0,0,0,"0","0","0",NA,"WOB","WOB","WOB","WOB",1,2,3,4,NA,NA,NA,NA,0,0,0,0,0,"FRNK7160",1125,7160,NA,"Point",2052.205,NA,0.0502175500836128,0,0,0,0,"FRNK_7160_1496","FRNK_7178_1516",2.10162919213638,"FRNK_7178_1516",2.10162919213638,"FRNK_7184_1522",3.7905374228116,"FRNK_7178_1516",2.10162919213638,NA,41.93362242,-111.5712651,41.9336185,-111.5712899,NA,-101.952246214211,41.9336185,-111.5712899,NA,-101.952246214211,41.93359183,-111.5712854,NA,-153.640750934718,41.9336185,-111.5712899,NA,-101.952246214211,0,0,0,0,1,2,0,6
"441","FRNK",7161,"ABLA",NA,6.6,NA,0,"0",1,1,1,1,"0","0","0","0",NA,NA,0,0,"0","0","0","0",0,0,0,0,NA,NA,"0",NA,0,0,0,0,NA,NA,"0",NA,0,0,0,0,NA,NA,"0",NA,0,0,0,0,NA,NA,"0",NA,0,0,0,0,NA,NA,"0",NA,0,0,0,0,NA,NA,"0",NA,NA,NA,NA,NA,1,2,3,4,NA,NA,NA,NA,0,0,0,0,0,"FRNK7161",1126,7161,NA,"Point",2053.899,NA,0.0485174293763105,0,0,0,0,"FRNK_7161_1497","FRNK_5861_1321",3.32489337815096,"FRNK_5861_1321",3.32489337815096,"FRNK_7184_1522",3.78692490524927,"FRNK_5867_1328",2.19892097691464,NA,41.93361183,-111.5712484,41.93358457,-111.571265,NA,-155.548691721273,41.93358457,-111.571265,NA,-155.548691721273,41.93359183,-111.5712854,NA,-125.901193140993,41.93361823,-111.5712233,NA,71.1460552397279,0,0,0,0,1,2,0,3
"442","FRNK",7162,"ABLA",1.3,10.6,0,0,"0",1,1,1,1,"0","0","0","0",NA,NA,0,0,"0","0","0","0",0,0,0,0,"0","0","0",NA,0,0,0,0,"0","0","0",NA,0,0,0,0,"0","0","0",NA,0,0,0,0,"0","0","0",NA,0,0,0,0,"0","0","0",NA,0,0,0,0,"0","0","0",NA,NA,NA,NA,NA,1,2,3,4,NA,NA,NA,NA,0,0,0,0,0,"FRNK7162",1127,7162,NA,"Point",2052.609,NA,0.0500261450046177,0,0,0,0,"FRNK_7162_1498","FRNK_7178_1516",1.48824711026952,"FRNK_7178_1516",1.48824711026952,"FRNK_7184_1522",3.05798137333825,"FRNK_7177_1515",1.48510469415872,NA,41.93361749,-111.571272,41.9336185,-111.5712899,NA,-85.6786026838881,41.9336185,-111.5712899,NA,-85.6786026838881,41.93359183,-111.5712854,NA,-158.697498160408,41.933615,-111.5712896,NA,-100.728732437057,0,0,0,0,1,2,0,6
"443","FRNK",7163,"ABLA",NA,3,NA,0,"0",1,1,1,1,"0","0","0","0",NA,NA,0,0,"0","0","0","0",0,0,0,0,"0","0","0",NA,0,0,0,0,"0","0","0",NA,0,0,0,0,"0","0","0",NA,0,0,0,0,"0","0","0",NA,0,0,0,0,"0","0","0",NA,0,0,0,0,"0","0","0",NA,NA,NA,NA,NA,1,2,3,4,NA,NA,NA,NA,0,0,0,0,0,"FRNK7163",1128,7163,NA,"Point",2051.813,NA,0.0501697945876902,0,0,0,0,"FRNK_7163_1499","FRNK_7178_1516",1.10815468908846,"FRNK_7178_1516",1.10815468908846,"FRNK_7184_1522",2.87869507159302,"FRNK_7177_1515",1.09074343462051,NA,41.93361693,-111.5712767,41.9336185,-111.5712899,NA,-80.9495019380183,41.9336185,-111.5712899,NA,-80.9495019380183,41.93359183,-111.5712854,NA,-165.489428864973,41.933615,-111.5712896,NA,-101.330110218284,0,0,0,0,1,2,0,6
"444","FRNK",7164,"ABLA",2,13.8,0,0,"0",1,1,1,1,"0","0","BO","BO",NA,NA,0,0,"0","0","0","0",0,0,0,0,"0","0","0",NA,0,0,0,0,"0","0","0",NA,0,0,0,0,"0","0","0",NA,0,0,0,1,"0","0","0",NA,0,0,0,0,"0","0","0",NA,0,0,0,0,"0","0","0",NA,NA,NA,NA,NA,1,2,3,4,NA,NA,NA,NA,0,0,0,1,1,"FRNK7164",1129,7164,NA,"Point",2051.744,NA,0.0525611640758463,0,0,0,1,"FRNK_7164_1500","FRNK_7178_1516",1.67597595632981,"FRNK_7166_1502",1.60247288628865,"FRNK_7184_1522",4.55799652734885,"FRNK_7165_1501",0.826435422849894,NA,41.93363126,-111.5713007,41.9336185,-111.5712899,NA,147.707185283119,41.93363612,-111.5713189,NA,-70.3219106246592,41.93359183,-111.5712854,NA,163.841612581393,41.93363811,-111.5713046,NA,-23.0315594435993,0,0,0,1,1,2,0,6
"445","FRNK",7165,"ABLA",NA,5,0,0,"0",1,1,1,1,"0","0","BO","BO",NA,NA,0,0,"0","0","0","0",0,0,0,1,"0","0","0",NA,0,0,0,0,"0","0","0",NA,0,0,0,0,"0","0","0",NA,0,0,0,0,"0","0","0",NA,0,0,0,0,"0","0","0",NA,0,0,0,0,"0","0","0",NA,NA,NA,NA,NA,1,2,3,4,NA,NA,NA,NA,0,0,0,1,1,"FRNK7165",1130,7165,NA,"Point",2051.57,NA,0.0533789269696491,0,0,0,1,"FRNK_7165_1501","FRNK_7178_1516",2.49518594226824,"FRNK_7166_1502",1.20596792616215,"FRNK_7184_1522",5.37940199395235,"FRNK_7164_1500",0.826435422849894,NA,41.93363811,-111.5713046,41.9336185,-111.5712899,NA,150.762729414065,41.93363612,-111.5713189,NA,-100.557053856088,41.93359183,-111.5712854,NA,162.78815857737,41.93363126,-111.5713007,NA,156.96843795015,0,0,0,1,1,2,0,6
"446","FRNK",7166,"ABLA",16.4,82.8,9.5,0,"0",1,1,1,1,"0","BO","BO","BO",NA,NA,0,0,"0","0","0","0",0,0,0,0,"0","0","0",NA,0,0,0,0,"0","0","0",NA,0,0,0,0,"0","0","0",NA,0,0,0,1,"0","0","0",NA,0,1,0,1,"0","0","0",NA,0,0,0,0,"0","0","0",NA,"Split top","Split top","Split top","Split top",1,2,3,4,NA,NA,NA,NA,0,1,0,1,1,"FRNK7166",1131,7166,NA,"Point",2051.858,NA,0.0538209444902801,0,1,0,1,"FRNK_7166_1502","FRNK_7178_1516",3.09965567973348,"FRNK_7178_1516",3.09965567973348,"FRNK_7184_1522",5.64764833698424,"FRNK_7165_1501",1.20596792616215,NA,41.93363612,-111.5713189,41.9336185,-111.5712899,NA,129.135296110656,41.9336185,-111.5712899,NA,129.135296110656,41.93359183,-111.5712854,NA,150.542948055516,41.93363811,-111.5713046,NA,79.4429365876593,0,1,0,2,1,2,0,6
"447","FRNK",7167,"ABLA",1.1,9,0,0,"0",1,1,1,1,"0","0","0","0",NA,NA,0,0,"0","0","0","0",0,0,0,0,"0","0","0",NA,0,0,0,0,"0","0","0",NA,0,0,0,0,"0","0","0",NA,0,0,0,0,"0","0","0",NA,0,0,0,0,"0","0","0",NA,0,0,0,0,"0","0","0",NA,NA,NA,NA,NA,1,2,3,4,NA,NA,NA,NA,0,0,0,0,0,"FRNK7167",1132,7167,NA,"Point",2052.721,NA,0.0552052460537196,0,0,0,0,"FRNK_7167_1503","FRNK_7178_1516",5.77082507706424,"FRNK_7166_1502",3.21181871582426,"FRNK_7184_1522",7.422893701834,"FRNK_7095_1582",2.00685036183259,NA,41.93363177,-111.5713572,41.9336185,-111.5712899,NA,104.792211091461,41.93363612,-111.5713189,NA,81.3512197300916,41.93359183,-111.5712854,NA,126.685108367032,41.93362096,-111.5713766,NA,-126.731937393118,0,0,0,0,1,2,0,6
"448","FRNK",7168,"ABLA",NA,2,NA,0,"0",1,1,1,1,"0","0","0","0",NA,NA,0,0,"0","0","0","0",0,0,0,0,"0","0","0",NA,0,0,0,0,"0","0","0",NA,0,0,0,0,"0","0","0",NA,0,0,0,0,"0","0","0",NA,0,0,0,0,"0","0","0",NA,0,0,0,0,"0","0","0",NA,NA,NA,NA,NA,1,2,3,4,NA,NA,NA,NA,0,0,0,0,0,"FRNK7168",1133,7168,NA,"Point",2051.726,NA,0.0565033765036351,0,0,0,0,"FRNK_7168_1504","FRNK_7178_1516",6.99537074796413,"FRNK_7166_1502",4.20464194031945,"FRNK_7064_1556",7.75480403940003,"FRNK_7095_1582",2.15504136366513,NA,41.93363961,-111.5713694,41.9336185,-111.5712899,NA,109.576053284307,41.93363612,-111.5713189,NA,95.287826034661,41.93357651,-111.5714095,NA,-154.614541155853,41.93362096,-111.5713766,NA,-163.919421620357,0,0,0,0,1,2,0,6
"449","FRNK",7169,"ABLA",1.2,8.4,0,0,"0",1,1,1,1,"0","0","0","0",NA,NA,0,0,"0","0","0","0",0,0,0,0,"0","0","0",NA,0,0,0,0,"0","0","0",NA,0,0,0,0,"0","0","0",NA,0,0,0,0,"0","0","0",NA,0,0,0,0,"0","0","0",NA,0,0,0,0,"0","0","0",NA,NA,NA,NA,NA,1,2,3,4,NA,NA,NA,NA,0,0,0,0,0,"FRNK7169",1134,7169,NA,"Point",2053.384,NA,0.0554120766165618,0,0,0,0,"FRNK_7169_1505","FRNK_7178_1516",6.05010438549416,"FRNK_7166_1502",3.47500338198379,"FRNK_7064_1556",7.40674346556734,"FRNK_7095_1582",1.83416413401251,NA,41.93363229,-111.5713605,41.9336185,-111.5712899,NA,104.659352437154,41.93363612,-111.5713189,NA,82.9708988898016,41.93357651,-111.5714095,NA,-146.737734609513,41.93362096,-111.5713766,NA,-133.30315570452,0,0,0,0,1,2,0,6
"450","FRNK",7170,"ABLA",1,6.9,2.8,0,"0",1,1,1,1,"0","0","0","0",NA,NA,0,0,"0","0","0","0",0,0,0,0,"0","0","0",NA,0,0,0,0,"0","0","0",NA,0,0,0,0,"0","0","0",NA,0,0,0,0,"0","0","0",NA,0,0,0,0,"0","0","0",NA,0,0,0,0,"0","0","0",NA,NA,NA,NA,NA,1,2,3,4,NA,NA,NA,NA,0,0,0,0,0,"FRNK7170",1135,7170,NA,"Point",2052.626,NA,0.0538064240147487,0,0,0,0,"FRNK_7170_1506","FRNK_7178_1516",4.25271353962851,"FRNK_7166_1502",2.15450476767115,"FRNK_7184_1522",5.87674982277282,"FRNK_7171_1507",1.24434417468811,NA,41.93362522,-111.5713404,41.9336185,-111.5712899,NA,100.104655125466,41.93363612,-111.5713189,NA,55.8249859408527,41.93359183,-111.5712854,NA,129.112405853663,41.9336156,-111.5713327,NA,149.134679582642,0,0,0,0,1,2,0,6
"451","FRNK",7171,"ABLA",1.7,12,0,0,"0",1,1,1,1,"0","0","BO","BO",NA,NA,0,0,"0","0","0","0",0,0,0,0,"0","0","0",NA,0,0,0,0,"0","0","0",NA,0,0,0,0,"0","0","0",NA,0,0,0,0,"0","0","0",NA,0,0,0,1,"0","0","0",NA,0,0,0,0,"0","0","0",NA,NA,NA,NA,NA,1,2,3,4,NA,NA,NA,NA,0,0,0,1,1,"FRNK7171",1136,7171,NA,"Point",2054.393,NA,0.0525649799104424,0,0,0,1,"FRNK_7171_1507","FRNK_7178_1516",3.56295293415756,"FRNK_7166_1502",2.54947855330369,"FRNK_7184_1522",4.72685383836427,"FRNK_7171_1508",1.54442369719434,NA,41.9336156,-111.5713327,41.9336185,-111.5712899,NA,84.8150153339373,41.93363612,-111.5713189,NA,26.6640919290403,41.93359183,-111.5712854,NA,123.941155054983,41.9336045881667,-111.5713440815,NA,-142.340444416437,0,0,0,1,1,2,0,6
"452","FRNK",7171,"ABLA",1.7,12,0,0,"0",1,1,1,1,"0","0","BO","BO",NA,NA,0,0,"0","0","0","0",0,0,0,0,"0","0","0",NA,0,0,0,0,"0","0","0",NA,0,0,0,0,"0","0","0",NA,0,0,0,0,"0","0","0",NA,0,0,0,1,"0","0","0",NA,0,0,0,0,"0","0","0",NA,NA,NA,NA,NA,1,2,3,4,NA,NA,NA,NA,0,0,0,1,1,"FRNK7171",5253,7171,NA,"Point",2054.15,-16.96,0.0521262897894135,0,0,0,1,"FRNK_7171_1508","FRNK_7178_1516",4.75012512365034,"FRNK_7166_1502",4.07620774339037,"FRNK_7184_1522",5.06707774186869,"FRNK_7171_1507",1.54442369719434,NA,41.9336045881667,-111.5713440815,41.9336185,-111.5712899,NA,71.0235784116255,41.93363612,-111.5713189,NA,30.8082148207061,41.93359183,-111.5712854,NA,106.233868025089,41.9336156,-111.5713327,NA,37.6595479776589,0,0,0,1,1,2,0,6
"453","FRNK",7172,"ABLA",3,4.5,0,0,"0",1,1,1,1,"0","0","0","0",NA,NA,0,0,"0","0","0","0",0,0,0,0,"0","0","0",NA,0,0,0,0,"0","0","0",NA,0,0,0,0,"0","0","0",NA,0,0,0,0,"0","0","0",NA,0,0,0,0,"0","0","0",NA,0,0,0,0,"0","0","0",NA,"Bent","Bent","Bent","Bent",1,2,3,4,NA,NA,NA,NA,0,0,0,0,0,"FRNK7172",1137,7172,NA,"Point",2054.485,NA,0.052722554822944,0,0,0,0,"FRNK_7172_1509","FRNK_7178_1516",4.30859472080568,"FRNK_7166_1502",3.18907317088591,"FRNK_7184_1522",5.18493941075172,"FRNK_7171_1507",0.779158740952932,NA,41.93361277,-111.5713413,41.9336185,-111.5712899,NA,81.5086596219941,41.93363612,-111.5713189,NA,35.614574668287,41.93359183,-111.5712854,NA,116.641732163368,41.9336156,-111.5713327,NA,66.2168059142068,0,0,0,0,1,2,0,6
"454","FRNK",7172,"ABLA",3,4.5,0,0,"0",1,1,1,1,"0","0","0","0",NA,NA,0,0,"0","0","0","0",0,0,0,0,"0","0","0",NA,0,0,0,0,"0","0","0",NA,0,0,0,0,"0","0","0",NA,0,0,0,0,"0","0","0",NA,0,0,0,0,"0","0","0",NA,0,0,0,0,"0","0","0",NA,"Bent","Bent","Bent","Bent",1,2,3,4,NA,NA,NA,NA,0,0,0,0,0,"FRNK7172",5254,7172,NA,"Point",2056.148,-16.96,0.052322025106256,0,0,0,0,"FRNK_7172_1510","FRNK_7178_1516",3.61356419992292,"FRNK_7166_1502",2.82906654015917,"FRNK_7184_1522",4.57290620022894,"FRNK_7171_1507",0.304571097368732,NA,41.9336128585,-111.5713328265,41.9336185,-111.5712899,NA,80.0178489418482,41.93363612,-111.5713189,NA,24.0865791364104,41.93359183,-111.5712854,NA,120.702064437806,41.9336156,-111.5713327,NA,1.97331278336598,0,0,0,0,1,2,0,6
"455","FRNK",7173,"ABLA",NA,2.4,NA,0,"0",1,1,1,1,"0","0","0","0",NA,NA,0,0,"0","0","0","0",0,0,0,0,"0","0","0",NA,0,0,0,0,"0","0","0",NA,0,0,0,0,"0","0","0",NA,0,0,0,0,"0","0","0",NA,0,0,0,0,"0","0","0",NA,0,0,0,0,"0","0","0",NA,"Bent","Bent","Bent","Bent",1,2,3,4,NA,NA,NA,NA,0,0,0,0,0,"FRNK7173",1138,7173,NA,"Point",2054.63,NA,0.0501413728695218,0,0,0,0,"FRNK_7173_1511","FRNK_7184_1522",2.95792999237538,"FRNK_7184_1522",2.95792999237538,"FRNK_7184_1522",2.95792999237538,"FRNK_7174_1512",1.91252143079397,NA,41.93359515,-111.5713208,41.93359183,-111.5712854,NA,97.1588870460999,41.93359183,-111.5712854,NA,97.1588870460999,41.93359183,-111.5712854,NA,97.1588870460999,41.93360544,-111.5713023,NA,53.3173926906423,0,0,0,0,2,3,2,9
"456","FRNK",7174,"ABLA",NA,7.7,NA,1,"0",1,1,1,1,"0","0","0","BO",NA,NA,0,0,"0","0","2","2",0,0,0,1,"0","0","0",NA,0,0,0,1,"0","0","0",NA,0,0,0,0,"0","0","0",NA,0,0,0,1,"0","0","0",NA,0,0,0,0,"0","0","0",NA,0,0,0,0,"0","0","0",NA,"Rot in area","Rot in area","Rot in area","Rot in area",1,2,3,4,NA,NA,NA,NA,0,0,0,1,1,"FRNK7174",1139,7174,NA,"Point",2053.964,NA,0.0502135776842662,0,0,0,1,"FRNK_7174_1512","FRNK_7178_1516",1.77750591217039,"FRNK_7178_1516",1.77750591217039,"FRNK_7184_1522",2.06073178131315,"FRNK_7177_1515",1.49508928391178,NA,41.93360544,-111.5713023,41.9336185,-111.5712899,NA,35.3350863685783,41.9336185,-111.5712899,NA,35.3350863685783,41.93359183,-111.5712854,NA,137.163441450405,41.933615,-111.5712896,NA,44.7683756397356,0,0,0,3,1,2,0,6
"457","FRNK",7175,"ABLA",NA,6.8,NA,0,"0",1,1,1,1,"0","0","0","0",NA,NA,0,0,"0","0","0","0",0,0,0,0,"0","0","0",NA,0,0,0,0,"0","0","0",NA,0,0,0,0,"0","0","0",NA,0,0,0,0,"0","0","0",NA,0,0,0,0,"0","0","0",NA,0,0,0,0,"0","0","0",NA,"Rot in area","Rot in area","Rot in area","Rot in area",1,2,3,4,NA,NA,NA,NA,0,0,0,0,0,"FRNK7175",1140,7175,NA,"Point",2054.317,NA,0.0488379370841543,0,0,0,0,"FRNK_7175_1513","FRNK_7184_1522",1.66195289006206,"FRNK_7184_1522",1.66195289006206,"FRNK_7184_1522",1.66195289006206,"FRNK_7184_1522",1.66195289006206,NA,41.93358906,-111.5713051,41.93359183,-111.5712854,NA,79.3355787909393,41.93359183,-111.5712854,NA,79.3355787909393,41.93359183,-111.5712854,NA,79.3355787909393,41.93359183,-111.5712854,NA,79.3355787909393,0,0,0,0,2,3,2,9
"458","FRNK",7176,"ABLA",2.2,10.4,6.1,0,"0",1,1,1,1,"0","0","0","0",NA,NA,0,0,"0","0","0","0",0,0,0,0,"0","0","0",NA,0,0,0,0,"0","0","0",NA,0,0,0,0,"0","0","0",NA,0,0,0,0,"0","0","0",NA,0,0,0,0,"0","0","0",NA,0,0,0,0,"0","0","0",NA,"Bent, Rot in area","Bent, Rot in area","Bent, Rot in area","Bent, Rot in area",1,2,3,4,NA,NA,NA,NA,0,0,0,0,0,"FRNK7176",1141,7176,NA,"Point",2053.319,NA,0.0482730552938104,0,0,0,0,"FRNK_7176_1514","FRNK_7184_1522",1.3487852912503,"FRNK_7184_1522",1.3487852912503,"FRNK_7184_1522",1.3487852912503,"FRNK_7184_1522",1.3487852912503,NA,41.93358577,-111.5712995,41.93359183,-111.5712854,NA,60.0758494279803,41.93359183,-111.5712854,NA,60.0758494279803,41.93359183,-111.5712854,NA,60.0758494279803,41.93359183,-111.5712854,NA,60.0758494279803,0,0,0,0,2,3,2,9
"459","FRNK",7177,"ABLA",1.1,9.1,0,0,"0",1,1,1,1,"0","0","0","BO",NA,NA,0,0,"0","0","0","0",0,0,0,0,"0","0","0",NA,0,0,0,1,"0","0","0",NA,0,0,0,0,"0","0","0",NA,0,0,0,0,"0","0","0",NA,0,0,0,1,"0","0","0",NA,0,0,0,0,"0","0","0",NA,NA,NA,NA,NA,1,2,3,4,NA,NA,NA,NA,0,0,0,1,1,"FRNK7177",1142,7177,NA,"Point",2052.418,NA,0.0505406093563687,0,0,0,1,"FRNK_7177_1515","FRNK_7178_1516",0.389402324069281,"FRNK_7178_1516",0.389402324069281,"FRNK_7184_1522",2.59603797657251,"FRNK_7178_1516",0.389402324069281,NA,41.933615,-111.5712896,41.9336185,-111.5712899,NA,-3.66207019295134,41.9336185,-111.5712899,NA,-3.66207019295134,41.93359183,-111.5712854,NA,172.29171903111,41.9336185,-111.5712899,NA,-3.66207019295134,0,0,0,2,1,2,0,6
"460","FRNK",7178,"ABLA",1.1,9.3,0,0,"0",1,1,1,1,"BR","BR","BO","BO",NA,NA,0,0,"0","0","0","0",0,0,0,0,"0","0","0",NA,1,1,0,2,"0","0","0",NA,0,0,0,1,"0","0","0",NA,0,0,0,0,"0","0","0",NA,0,1,0,2,"0","0","0",NA,0,0,0,1,"0","0","0",NA,NA,NA,NA,NA,1,2,3,4,NA,NA,NA,NA,1,1,0,1,0,"FRNK7178",1143,7178,NA,"Point",2052.883,NA,0.0508845562820415,1,1,0,1,"FRNK_7178_1516","FRNK_7184_1522",2.98459618126106,"FRNK_7184_1522",2.98459618126106,"FRNK_7184_1522",2.98459618126106,"FRNK_7177_1515",0.389402324069281,NA,41.9336185,-111.5712899,41.93359183,-111.5712854,NA,172.819199506434,41.93359183,-111.5712854,NA,172.819199506434,41.93359183,-111.5712854,NA,172.819199506434,41.933615,-111.5712896,NA,176.337929606568,1,2,0,6,2,3,2,9
"461","FRNK",7179,"ABLA",1.5,10.7,1.2,0,"0",1,1,1,1,"0","0","0","0",NA,NA,0,0,"0","0","0","0",0,0,0,0,"0","0","0",NA,0,0,0,0,"0","0","0",NA,0,0,0,0,"0","0","0",NA,0,0,0,0,"0","0","0",NA,0,0,0,0,"0","0","0",NA,0,0,0,0,"0","0","0",NA,"Rot in area","Rot in area","Rot in area","Rot in area",1,2,3,4,NA,NA,NA,NA,0,0,0,0,0,"FRNK7179",1144,7179,NA,"Point",2052.053,NA,0.048034589822736,0,0,0,0,"FRNK_7179_1517","FRNK_5861_1321",1.56507831021102,"FRNK_5861_1321",1.56507831021102,"FRNK_7184_1522",1.63682614136945,"FRNK_5861_1321",1.56507831021102,NA,41.93359851,-111.5712678,41.93358457,-111.571265,NA,171.470259919713,41.93358457,-111.571265,NA,171.470259919713,41.93359183,-111.5712854,NA,-116.944264771743,41.93358457,-111.571265,NA,171.470259919713,0,0,0,0,1,2,0,3
"462","FRNK",7180,"ABLA",1.4,10.2,3.9,0,"0",1,1,1,1,"0","0","0","0",NA,NA,0,0,"0","0","0","0",0,0,0,0,"0","0","0",NA,0,0,0,0,"0","0","0",NA,0,0,0,0,"0","0","0",NA,0,0,0,0,"0","0","0",NA,0,0,0,0,"0","0","0",NA,0,0,0,0,"0","0","0",NA,"Rot in area","Rot in area","Rot in area","Rot in area",1,2,3,4,NA,NA,NA,NA,0,0,0,0,0,"FRNK7180",1145,7180,NA,"Point",2053.914,NA,0.0475169325340474,0,0,0,0,"FRNK_7180_1518","FRNK_7184_1522",0.733242292572807,"FRNK_7184_1522",0.733242292572807,"FRNK_7184_1522",0.733242292572807,"FRNK_7184_1522",0.733242292572807,NA,41.93358833,-111.5712779,41.93359183,-111.5712854,NA,-57.9955753153696,41.93359183,-111.5712854,NA,-57.9955753153696,41.93359183,-111.5712854,NA,-57.9955753153696,41.93359183,-111.5712854,NA,-57.9955753153696,0,0,0,0,2,3,2,9
"463","FRNK",7181,"ABLA",NA,6.3,NA,0,"0",1,1,1,1,"0","0","0","0",NA,NA,0,0,"0","0","0","0",0,0,0,0,"0","0","0",NA,0,0,0,0,"0","0","0",NA,0,0,0,0,"0","0","0",NA,0,0,0,0,"0","0","0",NA,0,0,0,0,"0","0","0",NA,0,0,0,0,"0","0","0",NA,"Rot in area","Rot in area","Rot in area","Rot in area",1,2,3,4,NA,NA,NA,NA,0,0,0,0,0,"FRNK7181",1146,7181,NA,"Point",2053.153,NA,0.047410421865698,0,0,0,0,"FRNK_7181_1519","FRNK_5861_1321",0.823098969949529,"FRNK_5861_1321",0.823098969949529,"FRNK_7184_1522",1.18852483561415,"FRNK_5861_1321",0.823098969949529,NA,41.93359036,-111.5712712,41.93358457,-111.571265,NA,141.355239663858,41.93358457,-111.571265,NA,141.355239663858,41.93359183,-111.5712854,NA,-82.1068686788774,41.93358457,-111.571265,NA,141.355239663858,0,0,0,0,1,2,0,3
"464","FRNK",7182,"ABLA",1.2,10,4.4,0,"0",1,1,1,1,"0","0","0","0",NA,NA,0,0,"0","0","0","0",0,0,0,0,"0","0","0",NA,0,0,0,0,"0","0","0",NA,0,0,0,0,"0","0","0",NA,0,0,0,0,"0","0","0",NA,0,0,0,0,"0","0","0",NA,0,0,0,0,"0","0","0",NA,NA,NA,NA,NA,1,2,3,4,NA,NA,NA,NA,0,0,0,0,0,"FRNK7182",1147,7182,NA,"Point",2052.999,NA,0.0469720507868914,0,0,0,0,"FRNK_7182_1520","FRNK_5861_1321",1.03893034389395,"FRNK_5861_1321",1.03893034389395,"FRNK_7184_1522",1.20857001227572,"FRNK_5861_1321",1.03893034389395,NA,41.93358278,-111.5712773,41.93358457,-111.571265,NA,78.9714784317302,41.93358457,-111.571265,NA,78.9714784317302,41.93359183,-111.5712854,NA,-33.7552899227692,41.93358457,-111.571265,NA,78.9714784317302,0,0,0,0,1,2,0,3
"465","FRNK",7183,"ABLA",NA,6.2,NA,0,"0",1,1,1,1,"0","0","0","0",NA,NA,0,0,"0","0","0","0",0,0,0,0,"0","0","0",NA,0,0,0,0,"0","0","0",NA,0,0,0,0,"0","0","0",NA,0,0,0,0,"0","0","0",NA,0,0,0,0,"0","0","0",NA,0,0,0,0,"0","0","0",NA,NA,NA,NA,NA,1,2,3,4,NA,NA,NA,NA,0,0,0,0,0,"FRNK7183",1148,7183,NA,"Point",2052.485,NA,0.0471820038209513,0,0,0,0,"FRNK_7183_1521","FRNK_7184_1522",1.26743921924216,"FRNK_7184_1522",1.26743921924216,"FRNK_7184_1522",1.26743921924216,"FRNK_7187_1524",1.24626957301062,NA,41.93358045,-111.5712866,41.93359183,-111.5712854,NA,4.50204148991506,41.93359183,-111.5712854,NA,4.50204148991506,41.93359183,-111.5712854,NA,4.50204148991506,41.93356959,-111.5712904,NA,-165.357409910543,0,0,0,0,2,3,2,9
"466","FRNK",7184,"ABLA",2.8,12.7,5.3,0,"0",1,1,1,1,"BO","BO","BO","BO",NA,NA,0,0,"0","0","0","0",0,0,0,0,"0","0","0",NA,2,2,2,2,"2-0","0","0","3-1",0,0,0,2,"0","0","0",NA,0,0,0,1,"0","0","0",NA,0,1,0,2,"0","0","0",NA,0,0,0,2,"0","0","0",NA,NA,NA,NA,NA,1,2,3,4,NA,NA,NA,NA,1,1,1,1,0,"FRNK7184",1149,7184,NA,"Point",2053.839,NA,0.0481809714406654,1,1,1,1,"FRNK_7184_1522","FRNK_5861_1321",1.87355350131049,"FRNK_5861_1321",1.87355350131049,"FRNK_7188_1525",2.97656432861563,"FRNK_5861_1321",1.87355350131049,NA,41.93359183,-111.5712854,41.93358457,-111.571265,NA,115.482945289806,41.93358457,-111.571265,NA,115.482945289806,41.93356705,-111.5712991,NA,-157.568107634154,41.93358457,-111.571265,NA,115.482945289806,2,3,2,9,1,2,0,3
"467","FRNK",7185,"ABLA",2.1,15.7,7,0,"0",1,1,1,1,"0","0","0","0",NA,NA,0,0,"0","0","0","0",0,0,0,0,"0","0","0",NA,0,0,0,0,"0","0","0",NA,0,0,0,0,"0","0","0",NA,0,0,0,0,"0","0","0",NA,0,0,0,0,"0","0","0",NA,0,0,0,0,"0","0","0",NA,"Rot in area","Rot in area","Rot in area","Rot in area",1,2,3,4,NA,NA,NA,NA,0,0,0,0,0,"FRNK7185",1150,7185,NA,"Point",2054.36,NA,0.0451822480247481,0,0,0,0,"FRNK_7185_1523","FRNK_5856_1315",1.393340945329,"FRNK_5856_1315",1.393340945329,"FRNK_7188_1525",1.82521877979666,"FRNK_7187_1524",1.27025906024218,NA,41.93356319,-111.5712777,41.93355102,-111.5712736,NA,165.879821920333,41.93355102,-111.5712736,NA,165.879821920333,41.93356705,-111.5712991,NA,-76.4196144624421,41.93356959,-111.5712904,NA,-55.984968044361,0,0,0,0,1,1,0,0
"468","FRNK",7187,"ABLA",1.7,10.1,5.7,0,"0",1,1,1,1,"0","0","BO","BO",NA,NA,0,0,"0","0","0","0",0,0,0,0,"0","0","0",NA,0,0,0,0,"0","0","0",NA,0,0,0,0,"0","0","0",NA,0,0,0,0,"0","0","0",NA,0,0,0,1,"0","0","2–0","2-0",0,0,0,1,"0","0","0",NA,NA,NA,NA,NA,1,2,3,4,NA,NA,NA,NA,0,0,0,1,1,"FRNK7187",1152,7187,NA,"Point",2053.655,NA,0.0463674055675477,0,0,0,1,"FRNK_7187_1524","FRNK_7188_1525",0.774455919375546,"FRNK_7188_1525",0.774455919375546,"FRNK_7188_1525",0.774455919375546,"FRNK_7188_1525",0.774455919375546,NA,41.93356959,-111.5712904,41.93356705,-111.5712991,NA,-111.355253222116,41.93356705,-111.5712991,NA,-111.355253222116,41.93356705,-111.5712991,NA,-111.355253222116,41.93356705,-111.5712991,NA,-111.355253222116,0,0,0,2,12,12,12,12
"469","FRNK",7188,"ABLA",8,50.4,9.2,0,"0",1,1,1,1,"BO","BO","BO","BO",NA,NA,0,0,"0","0","0","0",2,2,2,2,"0","0","3–1","3-0",2,2,2,2,"2-0","2-0","2–3","2-3",2,2,2,2,"4-8","4-4","4–3","4-1",2,2,2,2,"0","2-0","2–1","2-1",2,2,2,2,"1-2","1-1","1–0","1-0",2,2,2,2,"4-4","4-4","4–5","4-1","NL obstructed","NL obstructed","NL obstructed","NL obstructed",1,2,3,4,NA,NA,NA,NA,1,1,1,1,0,"FRNK7188",1153,7188,NA,"Point",2054.441,NA,0.046557985982494,1,1,1,1,"FRNK_7188_1525","FRNK_5856_1315",2.76354752083426,"FRNK_5856_1315",2.76354752083426,"FRNK_7184_1522",2.97656432861563,"FRNK_7200_1531",0.425633530964234,NA,41.93356705,-111.5712991,41.93355102,-111.5712736,NA,130.093344415938,41.93355102,-111.5712736,NA,130.093344415938,41.93359183,-111.5712854,NA,22.4318832105655,41.93356661,-111.5713042,NA,-96.5908341880167,12,12,12,12,1,1,0,0
"470","FRNK",7189,"ABLA",2.2,23.1,7.8,0,"0",1,1,1,1,"BO","BO","0","0",NA,NA,0,0,"0","0","0","0",0,0,0,0,"0","0","0",NA,0,0,0,0,"0","0","0",NA,0,0,0,0,"0","0","0",NA,0,0,0,0,"0","0","0",NA,1,1,0,0,"0","0","0",NA,0,0,0,0,"0","0","0",NA,NA,NA,NA,NA,1,2,3,4,NA,NA,NA,NA,1,1,0,0,0,"FRNK7189",1154,7189,NA,"Point",2056.479,NA,0.043253595019081,1,1,0,0,"FRNK_7189_1526","FRNK_5856_1315",0.689603639822865,"FRNK_5856_1315",0.689603639822865,"FRNK_5844_1302",2.29386637350969,"FRNK_5844_1302",2.29386637350969,NA,41.93354791,-111.5712664,41.93355102,-111.5712736,NA,-59.9516866943413,41.93355102,-111.5712736,NA,-59.9516866943413,41.93354504,-111.571239,NA,97.9851953902044,41.93354504,-111.571239,NA,97.9851953902044,1,1,0,0,1,1,0,0
"471","FRNK",7193,"ABLA",13,58.9,13,15,"0",1,1,1,1,"0","0","0","0",NA,NA,0,0,"0","0","16","16",0,0,0,0,"0","0","0",NA,0,0,0,0,"0","0","0",NA,0,0,0,0,"0","0","0",NA,0,0,0,0,"0","0","0",NA,0,0,0,0,"0","0","0",NA,0,0,0,0,"0","0","0",NA,"WOB, 11DB, Split top","WOB, 11DB, Split top","WOB, 11DB, Split top","WOB, 11DB, Split top",1,2,3,4,NA,NA,NA,NA,0,0,0,0,0,"FRNK7193",1159,7193,NA,"Point",2054.544,NA,0.0507145048043313,0,0,0,0,"FRNK_7193_1527","FRNK_7064_1556",4.71745610310284,"FRNK_7064_1556",4.71745610310284,"FRNK_7064_1556",4.71745610310284,"FRNK_7171_1508",2.49892331071664,NA,41.93358316,-111.5713533,41.93357651,-111.5714095,NA,-99.0046661060682,41.93357651,-111.5714095,NA,-99.0046661060682,41.93357651,-111.5714095,NA,-99.0046661060682,41.9336045881667,-111.5713440815,NA,17.8086536785185,0,0,0,0,3,5,4,12
"472","FRNK",7195,"ABLA",1.5,9.1,2.6,1,"0",1,1,1,1,"0","0","0","0",NA,NA,0,0,"0","0","1","1",0,0,0,0,"0","0","0",NA,0,0,0,0,"0","0","0",NA,0,0,0,0,"0","0","0",NA,0,0,0,0,"0","0","0",NA,0,0,0,0,"0","0","0",NA,0,0,0,0,"0","0","0",NA,"WOB","WOB","WOB","WOB",1,2,3,4,NA,NA,NA,NA,0,0,0,0,0,"FRNK7195",1161,7195,NA,"Point",2051.353,NA,0.0507754505199605,0,0,0,0,"FRNK_7195_1528","FRNK_7064_1556",3.24054170739235,"FRNK_7064_1556",3.24054170739235,"FRNK_7064_1556",3.24054170739235,"FRNK_7064_1556",3.24054170739235,NA,41.93357298,-111.5713707,41.93357651,-111.5714095,NA,-83.053150063713,41.93357651,-111.5714095,NA,-83.053150063713,41.93357651,-111.5714095,NA,-83.053150063713,41.93357651,-111.5714095,NA,-83.053150063713,0,0,0,0,3,5,4,12
"473","FRNK",7196,"ABLA",NA,8.9,0,3,"0",1,1,1,1,"0","0","0","0",NA,NA,0,0,"0","0","3","3",0,0,0,0,"0","0","0",NA,0,0,0,0,"0","0","0",NA,0,0,0,0,"0","0","0",NA,0,0,0,0,"0","0","0",NA,0,0,0,0,"0","0","0",NA,0,0,0,0,"0","0","0",NA,"WOB, 1 Dead, 1DB","WOB, 1 Dead, 1DB","WOB, 1 Dead, 1DB","WOB, 1 Dead, 1DB",1,2,3,4,NA,NA,NA,NA,0,0,0,0,0,"FRNK7196",1162,7196,NA,"Point",2054.332,NA,0.0486501982165931,0,0,0,0,"FRNK_7196_1529","FRNK_7045_1544",3.68085820409681,"FRNK_7045_1544",3.68085820409681,"FRNK_7064_1556",4.74438297575714,"FRNK_7060_1552",3.50386491420524,NA,41.93355383,-111.571361,41.93352177,-111.5713497,NA,165.255074414647,41.93352177,-111.5713497,NA,165.255074414647,41.93357651,-111.5714095,NA,-57.942508660572,41.93353805,-111.5713976,NA,-120.002459494988,0,0,0,0,1,1,0,0
"474","FRNK",7198,"ABLA",3.1,8.2,0,9,"0",1,1,1,1,"0","0","0","0",NA,NA,0,0,"0","0","9","9",0,0,0,0,"0","0","0",NA,0,0,0,0,"0","0","0",NA,0,0,0,0,"0","0","0",NA,0,0,0,0,"0","0","0",NA,0,0,0,0,"0","0","0",NA,0,0,0,0,"0","0","0",NA,"Bent, WOB, 6DB, Split at bottom","Bent, WOB, 6DB, Split at bottom","Bent, WOB, 6DB, Split at bottom","Bent, WOB, 6DB, Split at bottom",1,2,3,4,NA,NA,NA,NA,0,0,0,0,0,"FRNK7198",1164,7198,NA,"Point",2054.201,NA,0.0476281199153735,0,0,0,0,"FRNK_7198_1530","FRNK_7188_1525",3.71551585350358,"FRNK_7188_1525",3.71551585350358,"FRNK_7188_1525",3.71551585350358,"FRNK_7200_1531",3.30600750750734,NA,41.93355479,-111.5713408,41.93356705,-111.5712991,NA,68.5083653087973,41.93356705,-111.5712991,NA,68.5083653087973,41.93356705,-111.5712991,NA,68.5083653087973,41.93356661,-111.5713042,NA,66.6111637432855,0,0,0,0,12,12,12,12
"475","FRNK",7200,"ABLA",8.6,41.9,0,7,"0",1,1,1,1,"0","0","0","BO",NA,NA,0,0,"0","0","8","8",0,0,0,1,"0","0","0",NA,0,0,0,0,"0","0","0",NA,0,0,0,0,"0","0","0",NA,0,0,0,0,"0","0","0",NA,0,0,0,0,"0","0","0",NA,0,0,0,0,"0","0","0",NA,NA,NA,NA,NA,1,2,3,4,NA,NA,NA,NA,0,0,0,1,1,"FRNK7200",1166,7200,NA,"Point",2055.207,NA,0.0467688701057495,0,0,0,1,"FRNK_7200_1531","FRNK_7188_1525",0.425633530964234,"FRNK_7188_1525",0.425633530964234,"FRNK_7188_1525",0.425633530964234,"FRNK_7188_1525",0.425633530964234,NA,41.93356661,-111.5713042,41.93356705,-111.5712991,NA,83.409162403814,41.93356705,-111.5712991,NA,83.409162403814,41.93356705,-111.5712991,NA,83.409162403814,41.93356705,-111.5712991,NA,83.409162403814,0,0,0,1,12,12,12,12
"476","FRNK",7058,"ABLA",1.5,9.7,0,0,"0",1,1,1,1,"0","0","0","0",NA,NA,0,0,"0","0","0","0",0,0,0,0,"0","0","0",NA,0,0,0,0,"0","0","0",NA,0,0,0,0,"0","0","0",NA,0,0,0,0,"0","0","0",NA,0,0,0,0,"0","0","0",NA,0,0,0,0,"0","0","0",NA,NA,NA,NA,NA,1,2,3,4,NA,NA,NA,NA,0,0,0,0,0,"FRNK7058",1189,7058,NA,"Point",2057.936,NA,0.0386218241879229,0,0,0,0,"FRNK_7058_1532","FRNK_5850_1307",5.00801756443653,"FRNK_5850_1307",5.00801756443653,"FRNK_5850_1307",5.00801756443653,"FRNK_7048_1541",1.17436761509861,NA,41.93346955,-111.5713038,41.93350857,-111.5712735,NA,30.1063393331475,41.93350857,-111.5712735,NA,30.1063393331475,41.93350857,-111.5712735,NA,30.1063393331475,41.93347517,-111.5713158,NA,-57.9037478565021,0,0,0,0,9,12,12,13
"477","FRNK",7057,"ABLA",NA,4.7,0,11,"0",1,1,1,1,"0","0","0","0",NA,NA,0,0,"0","0","11","11",0,0,0,0,"0","0","0",NA,0,0,0,0,"0","0","0",NA,0,0,0,0,"0","0","0",NA,0,0,0,0,"0","0","0",NA,0,0,0,0,"0","0","0",NA,0,0,0,0,"0","0","0",NA,"WOB, Rot in area, 7DB","WOB, Rot in area, 7DB","WOB, Rot in area, 7DB","WOB, Rot in area, 7DB",1,2,3,4,NA,NA,NA,NA,0,0,0,0,0,"FRNK7057",1188,7057,NA,"Point",2056.382,NA,0.0385270504846756,0,0,0,0,"FRNK_7057_1533","FRNK_5850_1307",3.8611524354232,"FRNK_5850_1307",3.8611524354232,"FRNK_5850_1307",3.8611524354232,"FRNK_7052_1537",1.22416479051542,NA,41.93347682,-111.5712925,41.93350857,-111.5712735,NA,24.0770679485688,41.93350857,-111.5712735,NA,24.0770679485688,41.93350857,-111.5712735,NA,24.0770679485688,41.93348472,-111.5713028,NA,-44.2318598730723,0,0,0,0,9,12,12,13
"478","FRNK",7055,"ABLA",1.3,9.5,4.3,3,"0",1,1,1,1,"0","0","BO","BO",NA,NA,0,0,"0","0","3","3",0,0,0,0,"0","0","0",NA,0,0,0,0,"0","0","0",NA,0,0,0,0,"0","0","0",NA,0,0,0,0,"0","0","0",NA,0,0,0,1,"0","0","0",NA,0,0,0,0,"0","0","0",NA,NA,NA,NA,NA,1,2,3,4,NA,NA,NA,NA,0,0,0,1,1,"FRNK7055",1186,7055,NA,"Point",2053.89,NA,0.0408717397757347,0,0,0,1,"FRNK_7055_1534","FRNK_5850_1308",1.1231662184502,"FRNK_5850_1308",1.1231662184502,"FRNK_5850_1308",1.1231662184502,"FRNK_5850_1308",1.1231662184502,NA,41.93350573,-111.5712922,41.9335151301667,-111.571287195,NA,21.6812118284113,41.9335151301667,-111.571287195,NA,21.6812118284113,41.9335151301667,-111.571287195,NA,21.6812118284113,41.9335151301667,-111.571287195,NA,21.6812118284113,0,0,0,1,9,12,12,13
"479","FRNK",7054,"ABLA",3.6,21.6,8,0,"0",1,1,NA,NA,"0","0",NA,NA,NA,NA,NA,NA,"0","0",NA,NA,0,0,NA,NA,"0","0",NA,NA,0,0,NA,NA,"0","0",NA,NA,0,0,NA,NA,"0","0",NA,NA,0,0,NA,NA,"0","0",NA,NA,0,0,NA,NA,"0","0",NA,NA,0,0,NA,NA,"0","0",NA,NA,NA,NA,NA,NA,1,2,NA,NA,NA,NA,NA,NA,0,0,NA,NA,NA,"FRNK7054",1184,7054,NA,"Point",2056.503,NA,0.0391572771648595,0,0,NA,NA,"FRNK_7054_1535","FRNK_5850_1307",3.36069946604274,"FRNK_5850_1307",3.36069946604274,"FRNK_5850_1307",3.36069946604274,"FRNK_7052_1537",0.67717508440916,NA,41.93348291,-111.571295,41.93350857,-111.5712735,NA,32.0317918786165,41.93350857,-111.5712735,NA,32.0317918786165,41.93350857,-111.5712735,NA,32.0317918786165,41.93348472,-111.5713028,NA,-72.7362759294325,0,0,NA,NA,9,12,12,13
"480","FRNK",7053,"ABLA",2.1,5.7,3,1,"0",1,1,1,1,"0","0","0","0",NA,NA,0,0,"0","0","2","2",0,0,0,0,"0","0","0",NA,0,0,0,0,"0","0","0",NA,0,0,0,0,"0","0","0",NA,0,0,0,0,"0","0","0",NA,0,0,0,0,"0","0","0",NA,0,0,0,0,"0","0","0",NA,"Bent, SL obstructed","Bent, SL obstructed","Bent, SL obstructed","Bent, SL obstructed",1,2,3,4,NA,NA,NA,NA,0,0,0,0,0,"FRNK7053",1183,7053,NA,"Point",2056.027,NA,0.0404782281543955,0,0,0,0,"FRNK_7053_1536","FRNK_7040_1549",2.91874035133518,"FRNK_7040_1549",2.91874035133518,"FRNK_5850_1308",2.9836181830075,"FRNK_7052_1537",0.831188435235864,NA,41.93349195,-111.5713054,41.93351746,-111.5712969,NA,13.9715628027971,41.93351746,-111.5712969,NA,13.9715628027971,41.9335151301667,-111.571287195,NA,30.3887197597868,41.93348472,-111.5713028,NA,164.969420617604,0,0,0,0,1,1,0,2
"481","FRNK",7052,"ABLA",1.9,13.3,1.5,0,"0",1,1,1,1,"0","0","BO","BO",NA,NA,0,0,"0","0","0","0",0,0,0,0,"0","0","0",NA,0,0,0,0,"0","0","0",NA,0,0,0,0,"0","0","0",NA,0,0,0,0,"0","0","0",NA,0,0,0,1,"0","0","0",NA,0,0,0,0,"0","0","0",NA,NA,NA,NA,NA,1,2,3,4,NA,NA,NA,NA,0,0,0,1,1,"FRNK7052",1182,7052,NA,"Point",2054.463,NA,0.0397508040345832,0,0,0,1,"FRNK_7052_1537","FRNK_5850_1307",3.59347909093648,"FRNK_5850_1307",3.59347909093648,"FRNK_5850_1307",3.59347909093648,"FRNK_7048_1541",1.51193077998225,NA,41.93348472,-111.5713028,41.93350857,-111.5712735,NA,42.5309023161508,41.93350857,-111.5712735,NA,42.5309023161508,41.93350857,-111.5712735,NA,42.5309023161508,41.93347517,-111.5713158,NA,-134.532745247605,0,0,0,1,9,12,12,13
"482","FRNK",7051,"ABLA",1.4,10.5,2.5,1,"0",1,1,1,1,"0","0","0","0",NA,NA,0,0,"0","0","1","1",0,0,0,0,"0","0","0",NA,0,0,0,0,"0","0","0",NA,0,0,0,0,"0","0","0",NA,0,0,0,0,"0","0","0",NA,0,0,0,0,"0","0","0",NA,0,0,0,0,"0","0","0",NA,"1DB, Dead top","1DB, Dead top","1DB, Dead top","1DB, Dead top",1,2,3,4,NA,NA,NA,NA,0,0,0,0,0,"FRNK7051",1181,7051,NA,"Point",2055.955,NA,0.0412186208895384,0,0,0,0,"FRNK_7051_1538","FRNK_7040_1549",2.92095419029648,"FRNK_7040_1549",2.92095419029648,"FRNK_5850_1308",3.20705633440119,"FRNK_7052_1537",1.4701651735142,NA,41.93349467,-111.5713145,41.93351746,-111.5712969,NA,29.9698699721533,41.93351746,-111.5712969,NA,29.9698699721533,41.9335151301667,-111.571287195,NA,44.8994991218885,41.93348472,-111.5713028,NA,138.716083378987,0,0,0,0,1,1,0,2
"483","FRNK",7050,"ABLA",9.4,47,15.6,1,"0",1,1,1,1,"0","0","0","0",NA,NA,0,0,"0","0","1","1",0,0,0,0,"0","0","0",NA,0,0,0,0,"0","0","0",NA,0,0,0,0,"0","0","0",NA,0,0,0,0,"0","0","0",NA,0,0,0,0,"0","0","0",NA,0,0,0,0,"0","0","0",NA,"1DB, gaping wound","1DB, gaping wound","1DB, gaping wound","1DB, gaping wound",1,2,3,4,NA,NA,NA,NA,0,0,0,0,0,"FRNK7050",1180,7050,NA,"Point",2061.433,NA,0.0392242392179799,0,0,0,0,"FRNK_7050_1539","FRNK_5850_1307",5.578218736097,"FRNK_5850_1307",5.578218736097,"FRNK_5850_1307",5.578218736097,"FRNK_7048_1541",0.707614857214972,NA,41.93346885,-111.5713147,41.93350857,-111.5712735,NA,37.7584210334149,41.93350857,-111.5712735,NA,37.7584210334149,41.93350857,-111.5712735,NA,37.7584210334149,41.93347517,-111.5713158,NA,-7.40482124132946,0,0,0,0,9,12,12,13
"484","FRNK",7049,"ABLA",1.6,12,5,0,"0",1,1,1,1,"0","0","0","0",NA,NA,0,0,"0","0","0","0",0,0,0,0,"0","0","0",NA,0,0,0,0,"0","0","0",NA,0,0,0,0,"0","0","0",NA,0,0,0,0,"0","0","0",NA,0,0,0,0,"0","0","0",NA,0,0,0,0,"0","0","0",NA,NA,NA,NA,NA,1,2,3,4,NA,NA,NA,NA,0,0,0,0,0,"FRNK7049",1179,7049,NA,"Point",2063.764,NA,0.0389899161345077,0,0,0,0,"FRNK_7049_1540","FRNK_7040_1549",6.88519481560309,"FRNK_7040_1549",6.88519481560309,"FRNK_5850_1307",6.90733220482475,"FRNK_7048_1541",1.93516100568836,NA,41.93345864,-111.5713232,41.93351746,-111.5712969,NA,18.4624906462662,41.93351746,-111.5712969,NA,18.4624906462662,41.93350857,-111.5712735,NA,36.6217880458436,41.93347517,-111.5713158,NA,18.4834425814463,0,0,0,0,1,1,0,2
"485","FRNK",7048,"ABLA",1.3,10,0,0,"0",1,1,1,1,"0","0","0","BO",NA,NA,0,0,"0","0","0","0",0,0,0,0,"0","0","0",NA,0,0,0,1,"0","0","0",NA,0,0,0,0,"0","0","0",NA,0,0,0,0,"0","0","0",NA,0,0,0,0,"0","0","0",NA,0,0,0,0,"0","0","0",NA,NA,NA,NA,NA,1,2,3,4,NA,NA,NA,NA,0,0,0,1,1,"FRNK7048",1178,7048,NA,"Point",2055.747,NA,0.0397713736844823,0,0,0,1,"FRNK_7048_1541","FRNK_7040_1549",4.95003398988122,"FRNK_7040_1549",4.95003398988122,"FRNK_5850_1308",5.03084130700959,"FRNK_7052_1537",1.51193077998225,NA,41.93347517,-111.5713158,41.93351746,-111.5712969,NA,18.4543046644225,41.93351746,-111.5712969,NA,18.4543046644225,41.9335151301667,-111.571287195,NA,28.1250741046719,41.93348472,-111.5713028,NA,45.4672460649194,0,0,0,1,1,1,0,2
"486","FRNK",7047,"ABLA",2.7,10.7,0,5,"0",1,1,1,1,"0","0","0","0",NA,NA,0,0,"0","0","5","5",0,0,0,0,"0","0","0",NA,0,0,0,0,"0","0","0",NA,0,0,0,0,"0","0","0",NA,0,0,0,0,"0","0","0",NA,0,0,0,0,"0","0","0",NA,0,0,0,0,"0","0","0",NA,"WOB","WOB","WOB","WOB",1,2,3,4,NA,NA,NA,NA,0,0,0,0,0,"FRNK7047",1177,7047,NA,"Point",2056.47,NA,0.0437151457138326,0,0,0,0,"FRNK_7047_1542","FRNK_7045_1544",2.13053206052821,"FRNK_7045_1544",2.13053206052821,"FRNK_5850_1308",5.08930881626945,"FRNK_7044_1545",2.2119787590906,NA,41.93350275,-111.5713463,41.93352177,-111.5713497,NA,-7.60282446687081,41.93352177,-111.5713497,NA,-7.60282446687081,41.9335151301667,-111.571287195,NA,74.3302842772481,41.93352267,-111.5713467,NA,-0.859021803438928,0,0,0,0,1,1,0,0
"487","FRNK",7046,"ABLA",NA,4.9,0,2,"0",1,1,1,1,"0","0","0","0",NA,NA,0,0,"0","0","2","2",0,0,0,0,"0","0","0",NA,0,0,0,0,"0","0","0",NA,0,0,0,0,"0","0","0",NA,0,0,0,0,"0","0","0",NA,0,0,0,0,"0","0","0",NA,0,0,0,0,"0","0","0",NA,"Rot in area, 2DB","Rot in area, 2DB","Rot in area, 2DB","Rot in area, 2DB",1,2,3,4,NA,NA,NA,NA,0,0,0,0,0,"FRNK7046",1176,7046,NA,"Point",2056.08,NA,0.0445411376642765,0,0,0,0,"FRNK_7046_1543","FRNK_7045_1544",1.52258527902731,"FRNK_7045_1544",1.52258527902731,"FRNK_5850_1308",5.50839530713737,"FRNK_7044_1545",1.68093708015971,NA,41.93350828,-111.571353,41.93352177,-111.5713497,NA,10.351574800888,41.93352177,-111.5713497,NA,10.351574800888,41.9335151301667,-111.571287195,NA,82.0634381788856,41.93352267,-111.5713467,NA,18.1028904757971,0,0,0,0,1,1,0,0
"488","FRNK",7045,"ABLA",NA,1.9,0,0,"0",1,1,1,1,"BO","0","0","0",NA,NA,0,0,"0","0","0","0",0,0,0,0,"0","0","0",NA,0,0,0,0,"0","0","0",NA,0,0,0,0,"0","0","0",NA,0,0,0,0,"0","0","0",NA,1,1,0,0,"0","0","0",NA,0,0,0,0,"0","0","0",NA,NA,NA,NA,NA,1,2,3,4,NA,NA,NA,NA,1,1,0,0,0,"FRNK7045",1175,7045,NA,"Point",2056.092,NA,0.0454089165852966,1,1,0,0,"FRNK_7045_1544","FRNK_7040_1549",4.40351923295932,"FRNK_7040_1549",4.40351923295932,"FRNK_5850_1308",5.23422123320601,"FRNK_7044_1545",0.268041492548899,NA,41.93352177,-111.5713497,41.93351746,-111.5712969,NA,96.2387865547551,41.93351746,-111.5712969,NA,96.2387865547551,41.9335151301667,-111.571287195,NA,98.0968462780818,41.93352267,-111.5713467,NA,68.1112034960855,1,1,0,0,1,1,0,2
"489","FRNK",7044,"ABLA",9.7,49.8,0,9,"0",1,1,1,1,"0","0","0","0",NA,NA,0,0,"0","0","9","9",0,0,0,0,"0","0","0",NA,0,0,0,1,"0","0","0",NA,0,0,0,0,"0","0","0",NA,0,0,0,0,"0","0","0",NA,0,0,0,1,"0","0","0",NA,0,0,0,0,"0","0","0",NA,"WOB, 2DB","WOB, 2DB","WOB, 2DB","WOB, 2DB",1,2,3,4,NA,NA,NA,NA,0,0,0,1,1,"FRNK7044",1174,7044,NA,"Point",2054.766,NA,0.0453083323970662,0,0,0,1,"FRNK_7044_1545","FRNK_7045_1544",0.268041492548899,"FRNK_7045_1544",0.268041492548899,"FRNK_5850_1308",5.00385045439053,"FRNK_7042_1547",3.36575861816097,NA,41.93352267,-111.5713467,41.93352177,-111.5713497,NA,-111.888794499111,41.93352177,-111.5713497,NA,-111.888794499111,41.9335151301667,-111.571287195,NA,99.6309483442818,41.93350971,-111.57131,NA,115.31078779445,0,0,0,2,1,1,0,0
"490","FRNK",7043,"ABLA",1.4,7.8,0,2,"0",1,1,1,1,"0","0","0","0",NA,NA,0,0,"0","0","2","2",0,0,0,0,"0","0","0",NA,0,0,0,0,"0","0","0",NA,0,0,0,0,"0","0","0",NA,0,0,0,0,"0","0","0",NA,0,0,0,0,"0","0","0",NA,0,0,0,0,"0","0","0",NA,"2DB, SL & SM obstructed","2DB, SL & SM obstructed","2DB, SL & SM obstructed","2DB, SL & SM obstructed",1,2,3,4,NA,NA,NA,NA,0,0,0,0,0,"FRNK7043",1173,7043,NA,"Point",2054.028,NA,0.0430735793474747,0,0,0,0,"FRNK_7043_1546","FRNK_7040_1549",1.89098694333357,"FRNK_7040_1549",1.89098694333357,"FRNK_5850_1308",2.66349256404234,"FRNK_7042_1547",0.921182630115053,NA,41.93351425,-111.5713193,41.93351746,-111.5712969,NA,79.1360516369994,41.93351746,-111.5712969,NA,79.1360516369994,41.9335151301667,-111.571287195,NA,87.8972938278734,41.93350971,-111.57131,NA,123.17571830335,0,0,0,0,1,1,0,2
"491","FRNK",7042,"ABLA",2.1,15.2,3.9,0,"0",1,1,1,1,"0","0","0","0",NA,NA,0,0,"0","0","0","0",0,0,0,0,"0","0","0",NA,0,0,0,0,"0","0","0",NA,0,0,0,1,"0","0","0",NA,0,0,0,0,"0","0","0",NA,0,0,0,0,"0","0","0",NA,0,0,0,0,"0","0","0",NA,NA,NA,NA,NA,1,2,3,4,NA,NA,NA,NA,0,0,0,1,1,"FRNK7042",1172,7042,NA,"Point",2055.868,NA,0.042181951772695,0,0,0,1,"FRNK_7042_1547","FRNK_7040_1549",1.38563536620885,"FRNK_7040_1549",1.38563536620885,"FRNK_5850_1308",1.98414022674108,"FRNK_7040_1549",1.38563536620885,NA,41.93350971,-111.57131,41.93351746,-111.5712969,NA,51.6103866104286,41.93351746,-111.5712969,NA,51.6103866104286,41.9335151301667,-111.571287195,NA,72.3436270774822,41.93351746,-111.5712969,NA,51.6103866104286,0,0,0,1,1,1,0,2
"492","FRNK",7041,"ABLA",1.2,10.9,6.9,0,"0",1,1,1,1,"0","0","0","0",NA,NA,0,0,"0","0","0","0",0,0,0,0,"0","0","0",NA,0,0,0,0,"0","0","0",NA,0,0,0,0,"0","0","0",NA,0,0,0,0,"0","0","0",NA,0,0,0,0,"0","0","0",NA,0,0,0,0,"0","0","0",NA,NA,NA,NA,NA,1,2,3,4,NA,NA,NA,NA,0,0,0,0,0,"FRNK7041",1171,7041,NA,"Point",2054.639,NA,0.041699138410533,0,0,0,0,"FRNK_7041_1548","FRNK_7040_1549",1.73189147575069,"FRNK_7040_1549",1.73189147575069,"FRNK_5850_1308",2.13657236660072,"FRNK_7042_1547",0.571649022682896,NA,41.93350464,-111.5713088,41.93351746,-111.5712969,NA,34.7262304391793,41.93351746,-111.5712969,NA,34.7262304391793,41.9335151301667,-111.571287195,NA,56.9658013284608,41.93350971,-111.57131,NA,-10.0225411375292,0,0,0,0,1,1,0,2
"493","FRNK",7040,"ABLA",NA,3.9,0,1,"0",1,1,1,1,"BR","BO","BO","BO",NA,NA,0,0,"0","0","1","1",0,0,0,0,"0","0","0",NA,0,1,0,1,"0","0","0",NA,0,0,0,0,"0","0","0",NA,0,0,0,0,"0","0","0",NA,0,0,0,1,"0","0","0",NA,1,0,0,0,"0","0","0",NA,NA,NA,NA,NA,1,2,3,4,NA,NA,NA,NA,1,1,0,1,0,"FRNK7040",1169,7040,NA,"Point",2054.878,NA,0.0421134034705917,1,1,0,1,"FRNK_7040_1549","FRNK_5850_1308",0.845164671765161,"FRNK_5850_1308",0.845164671765161,"FRNK_5850_1308",0.845164671765161,"FRNK_5850_1308",0.845164671765161,NA,41.93351746,-111.5712969,41.9335151301667,-111.571287195,NA,107.822781386483,41.9335151301667,-111.571287195,NA,107.822781386483,41.9335151301667,-111.571287195,NA,107.822781386483,41.9335151301667,-111.571287195,NA,107.822781386483,1,1,0,2,9,12,12,13
"494","FRNK",7039,"ABLA",1.2,7.5,5,1,"0",1,1,1,1,"0","0","0","0",NA,NA,0,0,"0","0","1","1",0,0,0,0,"0","0","0",NA,0,0,0,0,"0","0","0",NA,0,0,0,0,"0","0","0",NA,0,0,0,0,"0","0","0",NA,0,0,0,0,"0","0","0",NA,0,0,0,0,"0","0","0",NA,"1DB","1DB","1DB","1DB",1,2,3,4,NA,NA,NA,NA,0,0,0,0,0,"FRNK7039",1168,7039,NA,"Point",2053.98,NA,0.0416217279973926,0,0,0,0,"FRNK_7039_1550","FRNK_5850_1308",0.303525958359859,"FRNK_5850_1308",0.303525958359859,"FRNK_5850_1308",0.303525958359859,"FRNK_5850_1308",0.303525958359859,NA,41.93351786,-111.571287,41.9335151301667,-111.571287195,NA,-176.946814099255,41.9335151301667,-111.571287195,NA,-176.946814099255,41.9335151301667,-111.571287195,NA,-176.946814099255,41.9335151301667,-111.571287195,NA,-176.946814099255,0,0,0,0,9,12,12,13
"495","FRNK",7059,"ABLA",9,49.8,0,0,"0",1,1,1,1,"BO","0","0","0",NA,NA,0,0,"0","0","0","0",0,0,0,0,"0","0","0",NA,1,0,0,0,"0","0","0",NA,0,0,0,0,"0","0","0",NA,0,0,0,0,"0","0","0",NA,0,0,0,0,"0","0","0",NA,0,0,0,0,"0","0","0",NA,NA,NA,NA,NA,1,2,3,4,NA,NA,NA,NA,1,0,0,0,0,"FRNK7059",1190,7059,NA,"Point",2055.411,NA,0.0496229797039655,1,0,0,0,"FRNK_7059_1551","FRNK_7064_1556",4.80743019743937,"FRNK_7064_1556",4.80743019743937,"FRNK_7064_1556",4.80743019743937,"FRNK_7060_1552",0.860415110771293,NA,41.9335333,-111.5714058,41.93357651,-111.5714095,NA,-3.65841011744205,41.93357651,-111.5714095,NA,-3.65841011744205,41.93357651,-111.5714095,NA,-3.65841011744205,41.93353805,-111.5713976,NA,52.1965409681075,1,0,0,0,3,5,4,12
"496","FRNK",7060,"ABLA",11.6,56.2,0,0,"0",1,1,1,1,"0","0","0","0",NA,NA,0,0,"0","0","0","0",0,0,0,0,"0","0","0",NA,0,0,0,1,"0","0","0",NA,0,0,0,0,"0","0","0",NA,0,0,0,0,"0","0","0",NA,0,0,0,1,"0","0","0",NA,0,0,0,0,"0","0","0",NA,"(TB on branch), Split top","(TB on branch), Split top","(TB on branch), Split top","(TB on branch), Split top",1,2,3,4,NA,NA,NA,NA,0,0,0,1,1,"FRNK7060",1191,7060,NA,"Point",2052.814,NA,0.0494942468374299,0,0,0,1,"FRNK_7060_1552","FRNK_7059_1551",0.860415110771293,"FRNK_7045_1544",4.36322886386383,"FRNK_7064_1556",4.38272477800009,"FRNK_7064_1556",4.38272477800009,NA,41.93353805,-111.5713976,41.9335333,-111.5714058,NA,-127.803453552094,41.93352177,-111.5713497,NA,114.473681400733,41.93357651,-111.5714095,NA,-13.0091592215278,41.93357651,-111.5714095,NA,-13.0091592215278,0,0,0,2,1,0,0,0
"497","FRNK",7061,"ABLA",NA,3.8,NA,0,"0",1,1,1,1,"0","0","0","0",NA,NA,0,0,"0","0","0","0",0,0,0,0,"0","0","0",NA,0,0,0,0,"0","0","0",NA,0,0,0,0,"0","0","0",NA,0,0,0,0,"0","0","0",NA,0,0,0,0,"0","0","0",NA,0,0,0,0,"0","0","0",NA,"Rot in area","Rot in area","Rot in area","Rot in area",1,2,3,4,NA,NA,NA,NA,0,0,0,0,0,"FRNK7061",1192,7061,NA,"Point",2051.93,NA,0.0484907146131595,0,0,0,0,"FRNK_7061_1553","FRNK_7059_1551",1.30740142307837,"FRNK_7045_1544",4.26149283242612,"FRNK_7064_1556",6.08559638630079,"FRNK_7060_1552",1.79893654934069,NA,41.93352206,-111.5714011,41.9335333,-111.5714058,NA,-17.3399403436555,41.93352177,-111.5713497,NA,90.4329009747469,41.93357651,-111.5714095,NA,-6.57108556947629,41.93353805,-111.5713976,NA,9.28244651637974,0,0,0,0,1,0,0,0
"498","FRNK",7062,"ABLA",1,9.5,0,0,"0",1,1,1,1,"0","0","0","0",NA,NA,0,0,"0","0","0","0",0,0,0,0,"0","0","0",NA,0,0,0,0,"0","0","0",NA,0,0,0,0,"0","0","0",NA,0,0,0,0,"0","0","0",NA,0,0,0,0,"0","0","0",NA,0,0,0,0,"0","0","0",NA,NA,NA,NA,NA,1,2,3,4,NA,NA,NA,NA,0,0,0,0,0,"FRNK7062",1193,7062,NA,"Point",2054.754,NA,0.0468674484492624,0,0,0,0,"FRNK_7062_1554","FRNK_7045_1544",2.37396267344835,"FRNK_7045_1544",2.37396267344835,"FRNK_7064_1556",6.89152946141007,"FRNK_7044_1545",2.63426526767285,NA,41.93351904,-111.5713781,41.93352177,-111.5713497,NA,82.6642939308724,41.93352177,-111.5713497,NA,82.6642939308724,41.93357651,-111.5714095,NA,-22.1941361936376,41.93352267,-111.5713467,NA,81.1991990541673,0,0,0,0,1,1,0,0
"499","FRNK",7063,"ABLA",NA,3.7,NA,0,"0",1,1,1,1,"0","0","0","0",NA,NA,0,0,"0","0","0","0",0,0,0,0,"0","0","0",NA,0,0,0,0,"0","0","0",NA,0,0,0,0,"0","0","0",NA,0,0,0,0,"0","0","0",NA,0,0,0,0,"0","0","0",NA,0,0,0,0,"0","0","0",NA,NA,NA,NA,NA,1,2,3,4,NA,NA,NA,NA,0,0,0,0,0,"FRNK7063",1194,7063,NA,"Point",2055.23,NA,0.0519189484545965,0,0,0,0,"FRNK_7063_1555","FRNK_7064_1556",1.30778024192825,"FRNK_7064_1556",1.30778024192825,"FRNK_7064_1556",1.30778024192825,"FRNK_7064_1556",1.30778024192825,NA,41.93356772,-111.571399,41.93357651,-111.5714095,NA,-41.7315599258103,41.93357651,-111.5714095,NA,-41.7315599258103,41.93357651,-111.5714095,NA,-41.7315599258103,41.93357651,-111.5714095,NA,-41.7315599258103,0,0,0,0,3,5,4,12
"500","FRNK",7064,"ABLA",4.9,27.8,0,6,"0",1,1,1,1,"BO","BO","BO","BO",NA,NA,0,0,"0","0","6","6",0,0,0,2,"0","0","0","3-1",1,1,2,2,"0","0","0","3-2",0,0,0,2,"0","0","0","2-1",0,1,0,2,"0","0","0",NA,1,2,2,2,"2-0","2-0","2–0","2-0",1,1,0,2,"0","0","0",NA,"WOB, Rot in area, 3DB","WOB, Rot in area, 3DB","WOB, Rot in area, 3DB","WOB, Rot in area, 3DB",1,2,3,4,NA,NA,NA,NA,1,1,1,1,0,"FRNK7064",1195,7064,NA,"Point",2055.187,NA,0.0532258309975467,1,1,1,1,"FRNK_7064_1556","FRNK_7065_1557",0.736808132910594,"FRNK_7045_1544",7.84343282439607,"FRNK_7188_1525",9.21289157766367,"FRNK_7065_1557",0.736808132910594,NA,41.93357651,-111.5714095,41.93358292,-111.5714118,NA,-14.9986931636344,41.93352177,-111.5713497,NA,140.795261411461,41.93356705,-111.5712991,NA,96.5464147033622,41.93358292,-111.5714118,NA,-14.9986931636344,3,5,4,12,2,0,0,2
"501","FRNK",7065,"ABLA",3.1,19.6,0,1,"0",1,1,1,1,"BO","0","0","BO",NA,NA,0,0,"0","0","1","1",0,0,0,0,"0","0","0",NA,0,0,0,1,"0","0","0",NA,1,0,0,0,"0","0","0",NA,0,0,0,0,"0","0","0",NA,1,0,0,1,"0","0","0",NA,0,0,0,0,"0","0","0",NA,"1DB","1DB","1DB","1DB",1,2,3,4,NA,NA,NA,NA,1,0,0,1,0,"FRNK7065",1196,7065,NA,"Point",2055.853,NA,0.053875276140174,1,0,0,1,"FRNK_7065_1557","FRNK_7064_1556",0.736808132910594,"FRNK_7064_1556",0.736808132910594,"FRNK_7064_1556",0.736808132910594,"FRNK_7064_1556",0.736808132910594,NA,41.93358292,-111.5714118,41.93357651,-111.5714095,NA,165.001305299348,41.93357651,-111.5714095,NA,165.001305299348,41.93357651,-111.5714095,NA,165.001305299348,41.93357651,-111.5714095,NA,165.001305299348,2,0,0,2,3,5,4,12
"502","FRNK",7066,"ABLA",1.5,9.6,3.7,0,"0",1,1,1,1,"0","0","0","0",NA,NA,0,0,"0","0","0","0",0,0,0,0,"0","0","0",NA,0,0,0,0,"0","0","0",NA,0,0,0,0,"0","0","0",NA,0,0,0,0,"0","0","0",NA,0,0,0,0,"0","0","0",NA,0,0,0,0,"0","0","0",NA,NA,NA,NA,NA,1,2,3,4,NA,NA,NA,NA,0,0,0,0,0,"FRNK7066",1197,7066,NA,"Point",2054.981,NA,0.0547400405837757,0,0,0,0,"FRNK_7066_1558","FRNK_7065_1557",0.866090497725155,"FRNK_7064_1556",1.54541309773437,"FRNK_7064_1556",1.54541309773437,"FRNK_7065_1557",0.866090497725155,NA,41.93358835,-111.5714193,41.93358292,-111.5714118,NA,134.115925003044,41.93357651,-111.5714095,NA,148.282225091969,41.93357651,-111.5714095,NA,148.282225091969,41.93358292,-111.5714118,NA,134.115925003044,0,0,0,0,2,0,0,2
"503","FRNK",7067,"ABLA",1.8,13.2,3.2,0,"0",1,1,1,1,"0","0","0","0",NA,NA,0,0,"0","0","0","0",0,0,0,0,"0","0","0",NA,0,0,0,0,"0","0","0",NA,0,0,0,0,"0","0","0",NA,0,0,0,0,"0","0","0",NA,0,0,0,0,"0","0","0",NA,0,0,0,0,"0","0","0",NA,NA,NA,NA,NA,1,2,3,4,NA,NA,NA,NA,0,0,0,0,0,"FRNK7067",1198,7067,NA,"Point",2055.001,NA,0.054078344514301,0,0,0,0,"FRNK_7067_1559","FRNK_7065_1557",1.08414064370702,"FRNK_7064_1556",1.10976459392916,"FRNK_7064_1556",1.10976459392916,"FRNK_7065_1557",1.08414064370702,NA,41.93357764,-111.5714228,41.93358292,-111.5714118,NA,57.2657468355141,41.93357651,-111.5714095,NA,96.4914579548441,41.93357651,-111.5714095,NA,96.4914579548441,41.93358292,-111.5714118,NA,57.2657468355141,0,0,0,0,2,0,0,2
"504","FRNK",7068,"ABLA",NA,6.1,0,0,"0",1,1,1,1,"0","0","0","0",NA,NA,0,0,"0","0","0","0",0,0,0,0,"0","0","0",NA,0,0,0,0,"0","0","0",NA,0,0,0,0,"0","0","0",NA,0,0,0,0,"0","0","0",NA,0,0,0,0,"0","0","0",NA,0,0,0,0,"0","0","0",NA,NA,NA,NA,NA,1,2,3,4,NA,NA,NA,NA,0,0,0,0,0,"FRNK7068",1199,7068,NA,"Point",2055.528,NA,0.054415878612774,0,0,0,0,"FRNK_7068_1560","FRNK_7065_1557",0.551123916701934,"FRNK_7064_1556",1.27445068208459,"FRNK_7064_1556",1.27445068208459,"FRNK_7065_1557",0.551123916701934,NA,41.93358714,-111.5714153,41.93358292,-111.5714118,NA,148.230212452068,41.93357651,-111.5714095,NA,157.833244923958,41.93357651,-111.5714095,NA,157.833244923958,41.93358292,-111.5714118,NA,148.230212452068,0,0,0,0,2,0,0,2
"505","FRNK",7069,"ABLA",1.3,9,1.2,0,"0",1,1,1,1,"0","0","0","0",NA,NA,0,0,"0","0","0","0",0,0,0,0,"0","0","0",NA,0,0,0,0,"0","0","0",NA,0,0,0,0,"0","0","0",NA,0,0,0,0,"0","0","0",NA,0,0,0,0,"0","0","0",NA,0,0,0,0,"0","0","0",NA,NA,NA,NA,NA,1,2,3,4,NA,NA,NA,NA,0,0,0,0,0,"FRNK7069",1200,7069,NA,"Point",2057.016,NA,0.0535555529639105,0,0,0,0,"FRNK_7069_1561","FRNK_7064_1556",1.65553846807968,"FRNK_7064_1556",1.65553846807968,"FRNK_7064_1556",1.65553846807968,"FRNK_7064_1556",1.65553846807968,NA,41.93356845,-111.5714263,41.93357651,-111.5714095,NA,57.2786774173254,41.93357651,-111.5714095,NA,57.2786774173254,41.93357651,-111.5714095,NA,57.2786774173254,41.93357651,-111.5714095,NA,57.2786774173254,0,0,0,0,3,5,4,12
"506","FRNK",7070,"ABLA",NA,4.4,0,0,"0",1,1,1,1,"0","0","0","0",NA,NA,0,0,"0","0","0","0",0,0,0,0,"0","0","0",NA,0,0,0,0,"0","0","0",NA,0,0,0,0,"0","0","0",NA,0,0,0,0,"0","0","0",NA,0,0,0,0,"0","0","0",NA,0,0,0,0,"0","0","0",NA,"Rot in area","Rot in area","Rot in area","Rot in area",1,2,3,4,NA,NA,NA,NA,0,0,0,0,0,"FRNK7070",1202,7070,NA,"Point",2054.502,NA,0.0561680470858837,0,0,0,0,"FRNK_7070_1562","FRNK_7065_1557",2.42147636696942,"FRNK_7064_1556",3.15158188206816,"FRNK_7064_1556",3.15158188206816,"FRNK_7065_1557",2.42147636696942,NA,41.93360287,-111.5714236,41.93358292,-111.5714118,NA,156.171159193633,41.93357651,-111.5714095,NA,158.227835938599,41.93357651,-111.5714095,NA,158.227835938599,41.93358292,-111.5714118,NA,156.171159193633,0,0,0,0,2,0,0,2
"507","FRNK",7071,"ABLA",14.4,79.7,0,5,"0",1,1,1,1,"0","0","0","0",NA,NA,0,0,"0","0","6","6",0,0,0,0,"0","0","0",NA,0,0,0,0,"0","0","0",NA,0,0,0,0,"0","0","0",NA,0,0,0,0,"0","0","0",NA,0,0,0,0,"0","0","0",NA,0,0,0,0,"0","0","0",NA,"Rot in area, 2DB","Rot in area, 2DB","Rot in area, 2DB","Rot in area, 2DB",1,2,3,4,NA,NA,NA,NA,0,0,0,0,0,"FRNK7071",1203,7071,NA,"Point",2053.788,NA,0.0573274889999933,0,0,0,0,"FRNK_7071_1563","FRNK_7065_1557",3.47911358853997,"FRNK_7064_1556",4.17640383799712,"FRNK_7064_1556",4.17640383799712,"FRNK_7091_1578",3.13818469856853,NA,41.93360836,-111.5714363,41.93358292,-111.5714118,NA,144.279916013353,41.93357651,-111.5714095,NA,147.858770175278,41.93357651,-111.5714095,NA,147.858770175278,41.93362479,-111.5714055,NA,54.4578133006757,0,0,0,0,2,0,0,2
"508","FRNK",7072,"ABLA",NA,6.8,NA,0,"0",1,1,1,1,"0","0","0","0",NA,NA,0,0,"0","0","0","0",0,0,0,0,"0","0","0",NA,0,0,0,0,"0","0","0",NA,0,0,0,0,"0","0","0",NA,0,0,0,0,"0","0","0",NA,0,0,0,0,"0","0","0",NA,0,0,0,0,"0","0","0",NA,"Rot in area","Rot in area","Rot in area","Rot in area",1,2,3,4,NA,NA,NA,NA,0,0,0,0,0,"FRNK7072",1205,7072,NA,"Point",2052.549,NA,0.0573404312188142,0,0,0,0,"FRNK_7072_1564","FRNK_7065_1557",3.50060746754404,"FRNK_7064_1556",4.20185466946233,"FRNK_7064_1556",4.20185466946233,"FRNK_7091_1578",3.0722560364776,NA,41.93360886,-111.5714358,41.93358292,-111.5714118,NA,145.361309138052,41.93357651,-111.5714095,NA,148.74014974593,41.93357651,-111.5714095,NA,148.74014974593,41.93362479,-111.5714055,NA,54.8508611036183,0,0,0,0,2,0,0,2
"509","FRNK",7073,"ABLA",NA,6.9,NA,7,"0",1,1,1,1,"0","0","0","0",NA,NA,0,0,"0","0","7","7",0,0,0,0,"0","0","0",NA,0,0,0,0,"0","0","0",NA,0,0,0,0,"0","0","0",NA,0,0,0,0,"0","0","0",NA,0,0,0,0,"0","0","0",NA,0,0,0,0,"0","0","0",NA,"WOB, 1 Dead, 3DB","WOB, 1 Dead, 3DB","WOB, 1 Dead, 3DB","WOB, 1 Dead, 3DB",1,2,3,4,NA,NA,NA,NA,0,0,0,0,0,"FRNK7073",1206,7073,NA,"Point",2053.734,NA,0.058765785673353,0,0,0,0,"FRNK_7073_1565","FRNK_7031_1064",4.58155986697429,"FRNK_7064_1556",5.91910713310596,"FRNK_7064_1556",5.91910713310596,"FRNK_7031_1064",4.58155986697429,NA,41.93359905,-111.5714742,41.9336297,-111.5715112,NA,-42.031256578297,41.93357651,-111.5714095,NA,115.011809648876,41.93357651,-111.5714095,NA,115.011809648876,41.9336297,-111.5715112,NA,-42.031256578297,0,0,0,0,1,0,0,1
"510","FRNK",7076,"ABLA",1.7,9.8,1.6,7,"0",1,1,1,1,"0","0","0","0",NA,NA,0,0,"0","0","7","7",0,0,0,0,"0","0","0",NA,0,0,0,0,"0","0","0",NA,0,0,0,0,"0","0","0",NA,0,0,0,0,"0","0","0",NA,0,0,0,0,"0","0","0",NA,0,0,0,0,"0","0","0",NA,"WOB, 5DB","WOB, 5DB","WOB, 5DB","WOB, 5DB",1,2,3,4,NA,NA,NA,NA,0,0,0,0,0,"FRNK7076",1209,7076,NA,"Point",2054.192,NA,0.0575018495993666,0,0,0,0,"FRNK_7076_1566","FRNK_7065_1557",4.60039094190399,"FRNK_7064_1556",4.93083242477345,"FRNK_7064_1556",4.93083242477345,"FRNK_7065_1557",4.60039094190399,NA,41.93358841,-111.5714668,41.93358292,-111.5714118,NA,97.6141434718266,41.93357651,-111.5714095,NA,105.542875782544,41.93357651,-111.5714095,NA,105.542875782544,41.93358292,-111.5714118,NA,97.6141434718266,0,0,0,0,2,0,0,2
"511","FRNK",7079,"ABLA",1.7,10.6,1.5,1,"0",1,1,1,1,"0","0","0","0",NA,NA,1,0,"0","0","1","1",0,0,0,0,"0","0","0",NA,0,0,0,0,"0","0","0",NA,0,0,0,0,"0","0","0",NA,0,0,0,0,"0","0","0",NA,0,0,0,0,"0","0","0",NA,0,0,0,0,"0","0","0",NA,"1DB","1DB","1DB","1DB",1,2,3,4,NA,NA,NA,NA,0,0,0,0,0,"FRNK7079",1212,7079,NA,"Point",2054.872,NA,0.0559477658498847,0,0,0,0,"FRNK_7079_1567","FRNK_7065_1557",3.82937054654427,"FRNK_7064_1556",3.93877938979376,"FRNK_7064_1556",3.93877938979376,"FRNK_7065_1557",3.82937054654427,NA,41.93357582,-111.571457,41.93358292,-111.5714118,NA,78.1200876815682,41.93357651,-111.5714095,NA,88.8854836339076,41.93357651,-111.5714095,NA,88.8854836339076,41.93358292,-111.5714118,NA,78.1200876815682,0,0,0,0,2,0,0,2
"512","FRNK",7080,"ABLA",1.1,3,0,1,"0",1,1,1,1,"0","0","0","0",NA,NA,0,0,"0","0","1","1",0,0,0,0,"0","0","0",NA,0,0,0,0,"0","0","0",NA,0,0,0,0,"0","0","0",NA,0,0,0,0,"0","0","0",NA,0,0,0,0,"0","0","0",NA,0,0,0,0,"0","0","0",NA,"Bent, 1DB","Bent, 1DB","Bent, 1DB","Bent, 1DB",1,2,3,4,NA,NA,NA,NA,0,0,0,0,0,"FRNK7080",1213,7080,NA,"Point",2055.792,NA,0.055899791190209,0,0,0,0,"FRNK_7080_1568","FRNK_7064_1556",4.86813433830674,"FRNK_7064_1556",4.86813433830674,"FRNK_7064_1556",4.86813433830674,"FRNK_7064_1556",4.86813433830674,NA,41.93356727,-111.5714669,41.93357651,-111.5714095,NA,77.8341097058189,41.93357651,-111.5714095,NA,77.8341097058189,41.93357651,-111.5714095,NA,77.8341097058189,41.93357651,-111.5714095,NA,77.8341097058189,0,0,0,0,3,5,4,12
"513","FRNK",7081,"ABLA",2.1,11.5,0,1,"0",1,1,1,1,"0","0","0","0",NA,NA,0,0,"0","0","1","1",0,0,0,0,"0","0","0",NA,0,0,0,0,"0","0","0",NA,0,0,0,0,"0","0","0",NA,0,0,0,0,"0","0","0",NA,0,0,0,0,"0","0","0",NA,0,0,0,0,"0","0","0",NA,NA,NA,NA,NA,1,2,3,4,NA,NA,NA,NA,0,0,0,0,0,"FRNK7081",1214,7081,NA,"Point",2055.5,NA,0.0556666594606954,0,0,0,0,"FRNK_7081_1569","FRNK_7064_1556",4.53071235112146,"FRNK_7064_1556",4.53071235112146,"FRNK_7064_1556",4.53071235112146,"FRNK_7064_1556",4.53071235112146,NA,41.9335675,-111.5714628,41.93357651,-111.5714095,NA,77.2438959438795,41.93357651,-111.5714095,NA,77.2438959438795,41.93357651,-111.5714095,NA,77.2438959438795,41.93357651,-111.5714095,NA,77.2438959438795,0,0,0,0,3,5,4,12
"514","FRNK",7082,"ABLA",1.3,8.9,0.7,0,"0",1,1,1,1,"0","0","0","0",NA,NA,0,0,"0","0","0","0",0,0,0,0,"0","0","0",NA,0,0,0,0,"0","0","0",NA,0,0,0,0,"0","0","0",NA,0,0,0,0,"0","0","0",NA,0,0,0,0,"0","0","0",NA,0,0,0,0,"0","0","0",NA,NA,NA,NA,NA,1,2,3,4,NA,NA,NA,NA,0,0,0,0,0,"FRNK7082",1215,7082,NA,"Point",2054.827,NA,0.0566219566104697,0,0,0,0,"FRNK_7082_1570","FRNK_7065_1557",4.84893723701044,"FRNK_7064_1556",4.96088065514578,"FRNK_7064_1556",4.96088065514578,"FRNK_7065_1557",4.84893723701044,NA,41.93357493,-111.5714693,41.93358292,-111.5714118,NA,79.4580838253573,41.93357651,-111.5714095,NA,87.9734440870202,41.93357651,-111.5714095,NA,87.9734440870202,41.93358292,-111.5714118,NA,79.4580838253573,0,0,0,0,2,0,0,2
"515","FRNK",7083,"ABLA",2.3,12.9,1.9,0,"0",1,1,1,1,"0","0","0","0",NA,NA,0,0,"0","0","0","0",0,0,0,0,"0","0","0",NA,0,0,0,0,"0","0","0",NA,0,0,0,0,"0","0","0",NA,0,0,0,0,"0","0","0",NA,0,0,0,0,"0","0","0",NA,0,0,0,0,"0","0","0",NA,NA,NA,NA,NA,1,2,3,4,NA,NA,NA,NA,0,0,0,0,0,"FRNK7083",1216,7083,NA,"Point",2054.977,NA,0.0579205236999538,0,0,0,0,"FRNK_7083_1571","FRNK_7031_1064",5.89545482700612,"FRNK_7064_1556",6.13749483979959,"FRNK_7064_1556",6.13749483979959,"FRNK_7031_1064",5.89545482700612,NA,41.93358086,-111.5714833,41.9336297,-111.5715112,NA,-23.100732187331,41.93357651,-111.5714095,NA,94.5134689192367,41.93357651,-111.5714095,NA,94.5134689192367,41.9336297,-111.5715112,NA,-23.100732187331,0,0,0,0,1,0,0,1
"516","FRNK",7084,"ABLA",NA,6.2,0,2,"0",1,1,1,1,"0","0","0","0",NA,NA,0,0,"0","0","2","2",0,0,0,0,"0","0","0",NA,0,0,0,0,"0","0","0",NA,0,0,0,0,"0","0","0",NA,0,0,0,0,"0","0","0",NA,0,0,0,0,"0","0","0",NA,0,0,0,0,"0","0","0",NA,"WOB, 1 Dead, 1DB","WOB, 1 Dead, 1DB","WOB, 1 Dead, 1DB","WOB, 1 Dead, 1DB",1,2,3,4,NA,NA,NA,NA,0,0,0,0,0,"FRNK7084",1217,7084,NA,"Point",2057.047,NA,0.0578545168268187,0,0,0,0,"FRNK_7084_1572","FRNK_7031_1064",6.30319650447297,"FRNK_7064_1556",6.5754979431252,"FRNK_7064_1556",6.5754979431252,"FRNK_7031_1064",6.30319650447297,NA,41.93357545,-111.5714888,41.9336297,-111.5715112,NA,-17.1351780419495,41.93357651,-111.5714095,NA,88.9744022031902,41.93357651,-111.5714095,NA,88.9744022031902,41.9336297,-111.5715112,NA,-17.1351780419495,0,0,0,0,1,0,0,1
"517","FRNK",7086,"ABLA",1.6,9.9,1.9,1,"0",1,1,1,1,"0","0","0","0",NA,NA,0,0,"0","0","1","1",0,0,0,0,"0","0","0",NA,0,0,0,0,"0","0","0",NA,0,0,0,0,"0","0","0",NA,0,0,0,0,"0","0","0",NA,0,0,0,0,"0","0","0",NA,0,0,0,0,"0","0","0",NA,NA,NA,NA,NA,1,2,3,4,NA,NA,NA,NA,0,0,0,0,0,"FRNK7086",1219,7086,NA,"Point",2057.756,NA,0.055915948954108,0,0,0,0,"FRNK_7086_1573","FRNK_7064_1556",5.38611797337052,"FRNK_7064_1556",5.38611797337052,"FRNK_7064_1556",5.38611797337052,"FRNK_7064_1556",5.38611797337052,NA,41.93356327,-111.571472,41.93357651,-111.5714095,NA,74.1611484783837,41.93357651,-111.5714095,NA,74.1611484783837,41.93357651,-111.5714095,NA,74.1611484783837,41.93357651,-111.5714095,NA,74.1611484783837,0,0,0,0,3,5,4,12
"518","FRNK",7087,"ABLA",1.1,8,0,0,"0",1,1,1,1,"0","0","0","0",NA,NA,0,0,"0","0","0","0",0,0,0,0,"0","0","0",NA,0,0,0,0,"0","0","0",NA,0,0,0,0,"0","0","0",NA,0,0,0,0,"0","0","0",NA,0,0,0,0,"0","0","0",NA,0,0,0,0,"0","0","0",NA,NA,NA,NA,NA,1,2,3,4,NA,NA,NA,NA,0,0,0,0,0,"FRNK7087",1220,7087,NA,"Point",2057.612,NA,0.0554703371373311,0,0,0,0,"FRNK_7087_1574","FRNK_7064_1556",5.08565299753256,"FRNK_7064_1556",5.08565299753256,"FRNK_7064_1556",5.08565299753256,"FRNK_7064_1556",5.08565299753256,NA,41.93356117,-111.5714673,41.93357651,-111.5714095,NA,70.4332280892088,41.93357651,-111.5714095,NA,70.4332280892088,41.93357651,-111.5714095,NA,70.4332280892088,41.93357651,-111.5714095,NA,70.4332280892088,0,0,0,0,3,5,4,12
"519","FRNK",7088,"ABLA",1.5,9.8,1.9,3,"0",1,1,1,1,"0","0","0","0",NA,NA,0,0,"0","0","3","3",0,0,0,0,"0","0","0",NA,0,0,0,0,"0","0","0",NA,0,0,0,0,"0","0","0",NA,0,0,0,0,"0","0","0",NA,0,0,0,0,"0","0","0",NA,0,0,0,0,"0","0","0",NA,"WOB","WOB","WOB","WOB",1,2,3,4,NA,NA,NA,NA,0,0,0,0,0,"FRNK7088",1221,7088,NA,"Point",2057.329,NA,0.0567540510536249,0,0,0,0,"FRNK_7088_1575","FRNK_7064_1556",6.84503858180222,"FRNK_7064_1556",6.84503858180222,"FRNK_7064_1556",6.84503858180222,"FRNK_7064_1556",6.84503858180222,NA,41.93356014,-111.5714891,41.93357651,-111.5714095,NA,74.601452972031,41.93357651,-111.5714095,NA,74.601452972031,41.93357651,-111.5714095,NA,74.601452972031,41.93357651,-111.5714095,NA,74.601452972031,0,0,0,0,3,5,4,12
"520","FRNK",7089,"ABLA",1.4,10.4,0,3,"0",1,1,1,1,"0","0","0","0",NA,NA,0,0,"0","0","3","3",0,0,0,0,"0","0","0",NA,0,0,0,0,"0","0","0",NA,0,0,0,0,"0","0","0",NA,0,0,0,0,"0","0","0",NA,0,0,0,0,"0","0","0",NA,0,0,0,0,"0","0","0",NA,"WOB","WOB","WOB","WOB",1,2,3,4,NA,NA,NA,NA,0,0,0,0,0,"FRNK7089",1222,7089,NA,"Point",2057.735,NA,0.0582054034224381,0,0,0,0,"FRNK_7089_1576","FRNK_7031_1064",6.44158655622676,"FRNK_7064_1556",7.34213282967494,"FRNK_7064_1556",7.34213282967494,"FRNK_7007_1631",5.92359815292158,NA,41.93357254,-111.5714979,41.9336297,-111.5715112,NA,-9.85623424073127,41.93357651,-111.5714095,NA,86.5580965962544,41.93357651,-111.5714095,NA,86.5580965962544,41.93358639,-111.5715669,NA,-74.9535659834976,0,0,0,0,1,0,0,1
"521","FRNK",7090,"ABLA",5.9,31.3,0,8,"0",1,1,1,1,"0","0","0","0",NA,NA,0,0,"0","0","8","8",0,0,0,0,"0","0","0",NA,0,0,0,0,"0","0","0",NA,0,0,0,0,"0","0","0",NA,0,0,0,0,"0","0","0",NA,0,0,0,0,"0","0","0",NA,0,0,0,0,"0","0","0",NA,"WOB, Rot in area, 1DB","WOB, Rot in area, 1DB","WOB, Rot in area, 1DB","WOB, Rot in area, 1DB",1,2,3,4,NA,NA,NA,NA,0,0,0,0,0,"FRNK7090",1223,7090,NA,"Point",2054.087,NA,0.059899264853364,0,0,0,0,"FRNK_7090_1577","FRNK_7351_1074",5.90954137191241,"FRNK_7351_1074",5.90954137191241,"FRNK_7351_1074",5.90954137191241,"FRNK_7100_1587",1.59121237299584,NA,41.9336477,-111.5714226,41.93368556,-111.5714727,NA,-44.6569487268538,41.93368556,-111.5714727,NA,-44.6569487268538,41.93368556,-111.5714727,NA,-44.6569487268538,41.93365225,-111.5714044,NA,71.4889714423465,0,0,0,0,2,3,4,12
"522","FRNK",7091,"ABLA",3.1,20.9,0,0,"0",1,1,1,1,"0","0","0","0",NA,NA,0,0,"0","0","0","0",0,0,0,0,"0","0","0",NA,0,0,0,0,"0","0","0",NA,0,0,0,0,"0","0","0",NA,0,0,0,0,"0","0","0",NA,0,0,0,1,"0","0","0",NA,0,0,0,0,"0","0","0",NA,"Rot in area","Rot in area","Rot in area","Rot in area",1,2,3,4,NA,NA,NA,NA,0,0,0,1,1,"FRNK7091",1224,7091,NA,"Point",2053.607,NA,0.057031453874159,0,0,0,1,"FRNK_7091_1578","FRNK_7065_1557",4.67810170247465,"FRNK_7064_1556",5.37080688099462,"FRNK_7064_1556",5.37080688099462,"FRNK_7095_1582",2.43342580658082,NA,41.93362479,-111.5714055,41.93358292,-111.5714118,NA,-173.589590101934,41.93357651,-111.5714095,NA,-176.459983299277,41.93357651,-111.5714095,NA,-176.459983299277,41.93362096,-111.5713766,NA,100.064247724158,0,0,0,1,2,0,0,2
"523","FRNK",7092,"ABLA",NA,5,NA,0,"0",1,1,1,1,"0","0","0","0",NA,NA,0,0,"0","0","0","0",0,0,0,0,NA,NA,NA,NA,0,0,0,0,NA,NA,NA,NA,0,0,0,0,NA,NA,NA,NA,0,0,0,0,NA,NA,NA,NA,0,0,0,0,NA,NA,NA,NA,0,0,0,0,NA,NA,NA,NA,NA,NA,"under snow",NA,1,2,3,4,NA,NA,NA,NA,0,0,0,0,0,"FRNK7092",1225,7092,NA,"Point",2053.166,NA,0.0573504515272813,0,0,0,0,"FRNK_7092_1579","FRNK_7065_1557",5.60346633616743,"FRNK_7064_1556",6.27401586708019,"FRNK_7064_1556",6.27401586708019,"FRNK_7091_1578",1.01224300947218,NA,41.93363246,-111.5713989,41.93358292,-111.5714118,NA,-168.996924002057,41.93357651,-111.5714095,NA,-171.948084461819,41.93357651,-111.5714095,NA,-171.948084461819,41.93362479,-111.5714055,NA,-147.278164263882,0,0,0,0,2,0,0,2
"524","FRNK",7093,"ABLA",NA,6.7,0,0,"0",1,1,1,1,"0","0","0","0",NA,NA,0,0,"0","0","0","0",0,0,0,0,"0","0","0",NA,0,0,0,0,"0","0","0",NA,0,0,0,0,"0","0","0",NA,0,0,0,0,"0","0","0",NA,0,0,0,0,"0","0","0",NA,0,0,0,0,"0","0","0",NA,"Rot in area","Rot in area","Rot in area","Rot in area",1,2,3,4,NA,NA,NA,NA,0,0,0,0,0,"FRNK7093",1226,7093,NA,"Point",2053.508,NA,0.056030054255581,0,0,0,0,"FRNK_7093_1580","FRNK_7065_1557",6.37943997996564,"FRNK_7166_1502",4.48716862697375,"FRNK_7064_1556",6.91627754834351,"FRNK_7095_1582",1.31406595946449,NA,41.93363245,-111.5713728,41.93358292,-111.5714118,NA,-149.5466605545,41.93363612,-111.5713189,NA,84.7897406348352,41.93357651,-111.5714095,NA,-153.90084688241,41.93362096,-111.5713766,NA,-166.128429730446,0,0,0,0,2,0,0,2
"525","FRNK",7094,"ABLA",1.2,8.9,0.9,0,"0",1,1,1,1,"0","0","0","0",NA,NA,0,0,"0","0","0","0",0,0,0,0,"0","0","0",NA,0,0,0,0,"0","0","0",NA,0,0,0,0,"0","0","0",NA,0,0,0,0,"0","0","0",NA,0,0,0,0,"0","0","0",NA,0,0,0,0,"0","0","0",NA,"Rot in area","Rot in area","Rot in area","Rot in area",1,2,3,4,NA,NA,NA,NA,0,0,0,0,0,"FRNK7094",1227,7094,NA,"Point",2052.209,NA,0.0562424134916059,0,0,0,0,"FRNK_7094_1581","FRNK_7065_1557",5.78399449185996,"FRNK_7166_1502",5.24416858223331,"FRNK_7064_1556",6.36115544315259,"FRNK_7095_1582",1.0736449907058,NA,41.93362988,-111.5713816,41.93358292,-111.5714118,NA,-154.349694188968,41.93363612,-111.5713189,NA,82.4081758841961,41.93357651,-111.5714095,NA,-158.676995301286,41.93362096,-111.5713766,NA,157.288225435666,0,0,0,0,2,0,0,2
"526","FRNK",7095,"ABLA",1.6,10.7,2.2,0,"0",1,1,1,1,"0","0","0","BO",NA,NA,0,0,"0","0","0","0",0,0,0,0,"0","0","0",NA,0,0,0,0,"0","0","0",NA,0,0,0,0,"0","0","0",NA,0,0,0,0,"0","0","0",NA,0,0,0,1,"0","0","0",NA,0,0,0,0,"0","0","0",NA,"Rot in area","Rot in area","Rot in area","Rot in area",1,2,3,4,NA,NA,NA,NA,0,0,0,1,1,"FRNK7095",1228,7095,NA,"Point",2052.412,NA,0.0552047879330641,0,0,0,1,"FRNK_7095_1582","FRNK_7065_1557",5.13373692587846,"FRNK_7166_1502",5.07116908660976,"FRNK_7064_1556",5.63889481611525,"FRNK_7091_1578",2.43342580658082,NA,41.93362096,-111.5713766,41.93358292,-111.5714118,NA,-145.35755145249,41.93363612,-111.5713189,NA,70.6146042241852,41.93357651,-111.5714095,NA,-151.071812417829,41.93362479,-111.5714055,NA,-79.9357329628612,0,0,0,1,2,0,0,2
"527","FRNK",7096,"ABLA",2.6,17.2,3.2,1,"0",1,1,1,1,"0","0","0","0",NA,NA,0,0,"0","0","2","2",0,0,0,0,"0","0","0",NA,0,0,0,0,"0","0","0",NA,0,0,0,0,"0","0","0",NA,0,0,0,0,"0","0","0",NA,0,0,0,0,"0","0","0",NA,0,0,0,0,"0","0","0",NA,"Rot in area, 1DB","Rot in area, 1DB","Rot in area, 1DB","Rot in area, 1DB",1,2,3,4,NA,NA,NA,NA,0,0,0,0,0,"FRNK7096",1229,7096,NA,"Point",2053.616,NA,0.0545975425909052,0,0,0,0,"FRNK_7096_1583","FRNK_7065_1557",5.18087364339389,"FRNK_7166_1502",4.71733686237096,"FRNK_7064_1556",5.61890403159202,"FRNK_7095_1582",0.639807586293489,NA,41.93361774,-111.5713702,41.93358292,-111.5714118,NA,-138.26423185024,41.93363612,-111.5713189,NA,64.3669954951606,41.93357651,-111.5714095,NA,-144.558959880501,41.93362096,-111.5713766,NA,-56.0277784842513,0,0,0,0,2,0,0,2
"528","FRNK",7078,"ABLA",2.5,5.7,0,0,"0",1,1,1,1,"0","0","0","0",NA,NA,0,0,"0","0","0","0",0,0,0,0,"0","0","0",NA,0,0,0,0,"0","0","0",NA,0,0,0,0,"0","0","0",NA,0,0,0,0,"0","0","0",NA,0,0,0,0,"0","0","0",NA,0,0,0,0,"0","0","0",NA,"Rot in area","Rot in area","Rot in area","Rot in area",1,2,3,4,NA,NA,NA,NA,0,0,0,0,0,"FRNK7078",3780,7078,NA,"Point",2056.159,-16.96,0.0528745880904557,0,0,0,0,"FRNK_7078_1584","FRNK_7065_1557",4.92285261139812,"FRNK_7166_1502",4.90002293911306,"FRNK_7064_1556",5.14700390249016,"FRNK_7171_1508",1.29562099323456,NA,41.93360419,-111.5713597,41.93358292,-111.5714118,NA,-118.66750612073,41.93363612,-111.5713189,NA,43.6550753681327,41.93357651,-111.5714095,NA,-126.663184714674,41.9336045881667,-111.5713440815,NA,88.0445898279306,0,0,0,0,2,0,0,2
"529","FRNK",7097,"ABLA",NA,3.3,NA,0,"0",1,1,1,1,"0","0","0","0",NA,NA,0,0,"0","0","0","0",0,0,0,0,NA,NA,NA,NA,0,0,0,0,NA,NA,NA,NA,0,0,0,0,NA,NA,NA,NA,0,0,0,0,NA,NA,NA,NA,0,0,0,0,NA,NA,NA,NA,0,0,0,0,NA,NA,NA,NA,NA,NA,"under snow",NA,1,2,3,4,NA,NA,NA,NA,0,0,0,0,0,"FRNK7097",1230,7097,NA,"Point",2052.423,NA,0.056543599504049,0,0,0,0,"FRNK_7097_1585","FRNK_7065_1557",4.17755976135307,"FRNK_7064_1556",4.85983215788361,"FRNK_7064_1556",4.85983215788361,"FRNK_7091_1578",0.539515584767616,NA,41.93362008,-111.5714039,41.93358292,-111.5714118,NA,-170.979963490267,41.93357651,-111.5714095,NA,-174.518011921109,41.93357651,-111.5714095,NA,-174.518011921109,41.93362479,-111.5714055,NA,-14.2331198304953,0,0,0,0,2,0,0,2
"530","FRNK",7099,"ABLA",NA,5.9,0,1,"0",1,1,1,1,"0","0","0","0",NA,NA,0,0,"0","0","2","2",0,0,0,0,"0","0","0",NA,0,0,0,0,"0","0","0",NA,0,0,0,0,"0","0","0",NA,0,0,0,0,"0","0","0",NA,0,0,0,0,"0","0","0",NA,0,0,0,0,"0","0","0",NA,"1DB","1DB","1DB","1DB",1,2,3,4,NA,NA,NA,NA,0,0,0,0,0,"FRNK7099",1232,7099,NA,"Point",2054.846,NA,0.058612481024021,0,0,0,0,"FRNK_7099_1586","FRNK_7065_1557",6.94284428689364,"FRNK_7166_1502",6.96835162101051,"FRNK_7351_1074",7.38309286923226,"FRNK_7100_1587",0.824007759561229,NA,41.93364503,-111.5714021,41.93358292,-111.5714118,NA,-173.348513571713,41.93363612,-111.5713189,NA,98.1617141207794,41.93368556,-111.5714727,NA,-52.4458690636112,41.93365225,-111.5714044,NA,-13.3800915392742,0,0,0,0,2,0,0,2
"531","FRNK",7100,"ABLA",1.2,8.8,0,0,"0",1,1,1,1,"0","0","0","0",NA,NA,0,0,"0","0","0","0",0,0,0,0,"0","0","0",NA,0,0,0,0,"0","0","0",NA,0,0,0,0,"0","0","0",NA,0,0,0,0,"0","0","0",NA,0,0,0,1,"0","0","0",NA,0,0,0,0,"0","0","0",NA,"Rot in area","Rot in area","Rot in area","Rot in area",1,2,3,4,NA,NA,NA,NA,0,0,0,1,1,"FRNK7100",1233,7100,NA,"Point",2054.899,NA,0.0593639375062303,0,0,0,1,"FRNK_7100_1587","FRNK_7351_1074",6.76328028286588,"FRNK_7351_1074",6.76328028286588,"FRNK_7351_1074",6.76328028286588,"FRNK_7091_1578",3.0502647879966,NA,41.93365225,-111.5714044,41.93368556,-111.5714727,NA,-56.8495022963598,41.93368556,-111.5714727,NA,-56.8495022963598,41.93368556,-111.5714727,NA,-56.8495022963598,41.93362479,-111.5714055,NA,-178.286721184543,0,0,0,1,2,3,4,12
"532","FRNK",7301,"ABLA",1.1,8.4,0.9,0,"0",1,1,1,1,"0","0","0","0",NA,NA,0,0,"0","0","0","0",0,0,0,0,"0","0","0",NA,0,0,0,0,"0","0","0",NA,0,0,0,0,"0","0","0",NA,0,0,0,0,"0","0","0",NA,0,0,0,0,"0","0","0",NA,0,0,0,0,"0","0","0",NA,NA,NA,NA,NA,1,2,3,4,NA,NA,NA,NA,0,0,0,0,0,"FRNK7301",1234,7301,NA,"Point",2054.354,NA,0.0578457494645118,0,0,0,0,"FRNK_7301_1588","FRNK_7065_1557",6.87269301152943,"FRNK_7166_1502",6.00689889150628,"FRNK_7064_1556",7.52172888698792,"FRNK_7100_1587",1.54019646012432,NA,41.9336428,-111.5713908,41.93358292,-111.5714118,NA,-165.325639286394,41.93363612,-111.5713189,NA,97.0925079946844,41.93357651,-111.5714095,NA,-168.105216324125,41.93365225,-111.5714044,NA,-47.0595790678594,0,0,0,0,2,0,0,2
"533","FRNK",7302,"ABLA",2.1,12.9,0,1,"0",1,1,1,1,"0","0","0","0",NA,NA,0,0,"0","0","1","1",0,0,0,0,"0","0","0",NA,0,0,0,0,"0","0","0",NA,0,0,0,0,"0","0","0",NA,0,0,0,0,"0","0","0",NA,0,0,0,0,"0","0","0",NA,0,0,0,0,"0","0","0",NA,"1DB","1DB","1DB","1DB",1,2,3,4,NA,NA,NA,NA,0,0,0,0,0,"FRNK7302",1236,7302,NA,"Point",2053.289,NA,0.0582859880903615,0,0,0,0,"FRNK_7302_1589","FRNK_7178_1516",8.01875554998259,"FRNK_7137_1472",4.60679632803622,"FRNK_7351_1074",9.01138704662704,"FRNK_7100_1587",2.94822843571309,NA,41.93365898,-111.57137,41.9336185,-111.5712899,NA,124.090421252488,41.93366489,-111.571315,NA,81.8109312943834,41.93368556,-111.5714727,NA,-70.883095494115,41.93365225,-111.5714044,NA,-104.681902314621,0,0,0,0,1,2,0,6
"534","FRNK",7303,"ABLA",NA,8.3,0,1,"0",1,1,1,1,"0","0","0","0",NA,NA,0,0,"0","0","1","1",0,0,0,0,"0","0","0",NA,0,0,0,0,"0","0","0",NA,0,0,0,0,"0","0","0",NA,0,0,0,0,"0","0","0",NA,0,0,0,0,"0","0","0",NA,0,0,0,0,"0","0","0",NA,"WOB, Rot in area","WOB, Rot in area","WOB, Rot in area","WOB, Rot in area",1,2,3,4,NA,NA,NA,NA,0,0,0,0,0,"FRNK7303",1237,7303,NA,"Point",2052.467,NA,0.0586277907080098,0,0,0,0,"FRNK_7303_1590","FRNK_7178_1516",8.39738174745284,"FRNK_7137_1472",4.91404847050257,"FRNK_7351_1074",8.63758368191584,"FRNK_7100_1587",2.68736992499583,NA,41.93366065,-111.571374,41.9336185,-111.5712899,NA,123.869911544761,41.93366489,-111.571315,NA,84.5025664931029,41.93368556,-111.5714727,NA,-71.3248148960287,41.93365225,-111.5714044,NA,-110.307102652998,0,0,0,0,1,2,0,6
"535","FRNK",7304,"ABLA",1.1,8.2,0,0,"0",1,1,1,1,"0","0","0","0",NA,NA,0,0,"0","0","0","0",0,0,0,0,"0","0","0",NA,0,0,0,0,"0","0","0",NA,0,0,0,0,"0","0","0",NA,0,0,0,0,"0","0","0",NA,0,0,0,0,"0","0","0",NA,0,0,0,0,"0","0","0",NA,NA,NA,NA,NA,1,2,3,4,NA,NA,NA,NA,0,0,0,0,0,"FRNK7304",1238,7304,NA,"Point",2052.531,NA,0.0589028177809971,0,0,0,0,"FRNK_7304_1591","FRNK_7178_1516",8.56525308428936,"FRNK_7137_1472",4.83435527994159,"FRNK_7351_1074",8.58055473431738,"FRNK_7100_1587",2.89114434230696,NA,41.93366403,-111.5713733,41.9336185,-111.5712899,NA,126.171276431169,41.93366489,-111.571315,NA,88.8682225036261,41.93368556,-111.5714727,NA,-73.8236691396213,41.93365225,-111.5714044,NA,-116.897474404629,0,0,0,0,1,2,0,6
"536","FRNK",7305,"ABLA",NA,5.8,0,0,"0",1,1,1,1,"0","0","0","0",NA,NA,0,0,"0","0","0","0",0,0,0,0,"0","0","0",NA,0,0,0,0,"0","0","0",NA,0,0,0,0,"0","0","0",NA,0,0,0,0,"0","0","0",NA,0,0,0,0,"0","0","0",NA,0,0,0,0,"0","0","0",NA,"Rot in area","Rot in area","Rot in area","Rot in area",1,2,3,4,NA,NA,NA,NA,0,0,0,0,0,"FRNK7305",1239,7305,NA,"Point",2053.105,NA,0.0610915214195427,0,0,0,0,"FRNK_7305_1592","FRNK_7351_1074",7.04545789008875,"FRNK_7137_1472",6.29236257518042,"FRNK_7351_1074",7.04545789008875,"FRNK_7100_1587",3.40844428571805,NA,41.9336804,-111.571388,41.93368556,-111.5714727,NA,-85.3356797430521,41.93366489,-111.571315,NA,105.883259794293,41.93368556,-111.5714727,NA,-85.3356797430521,41.93365225,-111.5714044,NA,-156.490054754687,0,0,0,0,2,3,4,12
"537","FRNK",7306,"ABLA",NA,3.4,0,0,"0",1,1,1,1,"0","0","0","0",NA,NA,0,0,"0","0","0","0",0,0,0,0,"0","0","0",NA,0,0,0,0,"0","0","0",NA,0,0,0,0,"0","0","0",NA,0,0,0,0,"0","0","0",NA,0,0,0,0,"0","0","0",NA,0,0,0,0,"0","0","0",NA,"Rot in area","Rot in area","Rot in area","Rot in area",1,2,3,4,NA,NA,NA,NA,0,0,0,0,0,"FRNK7306",1240,7306,NA,"Point",2053.048,NA,0.0617122910827526,0,0,0,0,"FRNK_7306_1593","FRNK_7351_1074",6.05674414708834,"FRNK_7351_1074",6.05674414708834,"FRNK_7351_1074",6.05674414708834,"FRNK_7100_1587",3.21385820347373,NA,41.933681,-111.5713999,41.93368556,-111.5714727,NA,-85.2048702528029,41.93368556,-111.5714727,NA,-85.2048702528029,41.93368556,-111.5714727,NA,-85.2048702528029,41.93365225,-111.5714044,NA,-173.33386606649,0,0,0,0,2,3,4,12
"538","FRNK",7307,"ABLA",NA,3.2,0,0,"0",1,1,1,1,"0","0","0","0",NA,NA,0,0,"0","0","0","0",0,0,0,0,"0","0","0",NA,0,0,0,0,"0","0","0",NA,0,0,0,0,"0","0","0",NA,0,0,0,0,"0","0","0",NA,0,0,0,0,"0","0","0",NA,0,0,0,0,"0","0","0",NA,NA,NA,NA,NA,1,2,3,4,NA,NA,NA,NA,0,0,0,0,0,"FRNK7307",1241,7307,NA,"Point",2052.484,NA,0.0625907336627847,0,0,0,0,"FRNK_7307_1594","FRNK_7351_1074",4.45877645533207,"FRNK_7351_1074",4.45877645533207,"FRNK_7351_1074",4.45877645533207,"FRNK_7100_1587",3.34320514472685,NA,41.9336802,-111.5714194,41.93368556,-111.5714727,NA,-82.3296788559468,41.93368556,-111.5714727,NA,-82.3296788559468,41.93368556,-111.5714727,NA,-82.3296788559468,41.93365225,-111.5714044,NA,158.162535975456,0,0,0,0,2,3,4,12
"539","FRNK",7308,"ABLA",NA,3.4,0,2,"0",1,1,1,1,"0","0","0","0",NA,NA,0,0,"0","0","3","3",0,0,0,0,"0","0","0",NA,0,0,0,0,"0","0","0",NA,0,0,0,0,"0","0","0",NA,0,0,0,0,"0","0","0",NA,0,0,0,0,"0","0","0",NA,0,0,0,0,"0","0","0",NA,"WOB, 1DB","WOB, 1DB","WOB, 1DB","WOB, 1DB",1,2,3,4,NA,NA,NA,NA,0,0,0,0,0,"FRNK7308",1242,7308,NA,"Point",2052.895,NA,0.0621558968244718,0,0,0,0,"FRNK_7308_1595","FRNK_7351_1074",4.3579064027375,"FRNK_7351_1074",4.3579064027375,"FRNK_7351_1074",4.3579064027375,"FRNK_7100_1587",2.8004347199993,NA,41.93367345,-111.5714227,41.93368556,-111.5714727,NA,-72.0288202374124,41.93368556,-111.5714727,NA,-72.0288202374124,41.93368556,-111.5714727,NA,-72.0288202374124,41.93365225,-111.5714044,NA,147.196124276871,0,0,0,0,2,3,4,12
"540","FRNK",7309,"ABLA",NA,5,0,0,"0",1,1,1,1,"0","0","0","0",NA,NA,0,0,"0","0","0","0",0,0,0,0,"0","0","0",NA,0,0,0,0,"0","0","0",NA,0,0,0,0,"0","0","0",NA,0,0,0,0,"0","0","0",NA,0,0,0,0,"0","0","0",NA,0,0,0,0,"0","0","0",NA,NA,NA,NA,NA,1,2,3,4,NA,NA,NA,NA,0,0,0,0,0,"FRNK7309",1243,7309,NA,"Point",2054.007,NA,0.0617028907076661,0,0,0,0,"FRNK_7309_1596","FRNK_7351_1074",4.10181715959791,"FRNK_7351_1074",4.10181715959791,"FRNK_7351_1074",4.10181715959791,"FRNK_7100_1587",3.41045598203489,NA,41.93365475,-111.5714454,41.93368556,-111.5714727,NA,-33.4896973442219,41.93368556,-111.5714727,NA,-33.4896973442219,41.93368556,-111.5714727,NA,-33.4896973442219,41.93365225,-111.5714044,NA,94.6684465706959,0,0,0,0,2,3,4,12
"541","FRNK",7310,"ABLA",NA,7.2,0,1,"0",1,1,1,1,"0","0","0","BO",NA,NA,0,0,"0","0","2","2",0,0,0,0,"0","0","0",NA,0,0,0,1,"0","0","0",NA,0,0,0,0,"0","0","0",NA,0,0,0,1,"0","0","0",NA,0,0,0,0,"0","0","0",NA,0,0,0,0,"0","0","0",NA,"WOB","WOB","WOB","WOB",1,2,3,4,NA,NA,NA,NA,0,0,0,1,1,"FRNK7310",5256,7310,NA,"Point",2054.918,-16.96,0.0649890411772855,0,0,0,1,"FRNK_7310_1597","FRNK_7351_1074",1.10367502421222,"FRNK_7351_1074",1.10367502421222,"FRNK_7351_1074",1.10367502421222,"FRNK_7351_1074",1.10367502421222,NA,41.9336843773333,-111.571459482167,41.93368556,-111.5714727,NA,-83.1669142778816,41.93368556,-111.5714727,NA,-83.1669142778816,41.93368556,-111.5714727,NA,-83.1669142778816,41.93368556,-111.5714727,NA,-83.1669142778816,0,0,0,2,2,3,4,12
"542","FRNK",7311,"ABLA",NA,6.3,0,0,"0",1,1,1,1,"0","0","BO","0",NA,NA,0,0,"0","0","0","0",0,0,0,0,"0","0","0",NA,0,0,0,0,"0","0","0",NA,0,0,0,0,"0","0","0",NA,0,0,0,0,"0","0","0",NA,0,0,0,0,"0","0","0",NA,0,0,0,0,"0","0","0",NA,"Rot in area","Rot in area","Rot in area","Rot in area",1,2,3,4,NA,NA,NA,NA,0,0,0,0,0,"FRNK7311",1245,7311,NA,"Point",2053.534,NA,0.0647672870991153,0,0,0,0,"FRNK_7311_1598","FRNK_7351_1074",2.93749787656582,"FRNK_7351_1074",2.93749787656582,"FRNK_7351_1074",2.93749787656582,"FRNK_7310_1597",1.99044113488975,NA,41.93369373,-111.571439,41.93368556,-111.5714727,NA,-107.987346013029,41.93368556,-111.5714727,NA,-107.987346013029,41.93368556,-111.5714727,NA,-107.987346013029,41.9336843773333,-111.571459482167,NA,-121.447000476306,0,0,0,0,2,3,4,12
"543","FRNK",7312,"ABLA",NA,6.2,0,0,"0",1,1,1,1,"0","0","0","0",NA,NA,0,0,"0","0","0","0",0,0,0,0,"0","0","0",NA,0,0,0,0,"0","0","0",NA,0,0,0,0,"0","0","0",NA,0,0,0,0,"0","0","0",NA,0,0,0,0,"0","0","0",NA,0,0,0,0,"0","0","0",NA,NA,NA,NA,NA,1,2,3,4,NA,NA,NA,NA,0,0,0,0,0,"FRNK7312",1246,7312,NA,"Point",2052.966,NA,0.0670824012804247,0,0,0,0,"FRNK_7312_1599","FRNK_7367_1088",3.82298391251462,"FRNK_7367_1088",3.82298391251462,"FRNK_7350_1073",5.64961044350901,"FRNK_7313_1600",2.03544931819913,NA,41.93372579,-111.5714271,41.93375181,-111.5714573,NA,-40.9136881051803,41.93375181,-111.5714573,NA,-40.9136881051803,41.9336986,-111.5714847,NA,-122.300465013157,41.93374411,-111.5714262,NA,2.10081059817751,0,0,0,0,1,2,0,0
"544","FRNK",7313,"ABLA",2.1,15,0,1,"0",1,1,1,1,"0","0","BO","BO",NA,NA,0,0,"0","0","2","2",0,0,0,0,"0","0","0",NA,0,0,0,1,"0","0","0",NA,0,0,0,0,"0","0","0",NA,0,0,0,0,"0","0","0",NA,0,0,0,0,"0","0","0",NA,0,0,0,0,"0","0","0",NA,"WOB","WOB","WOB","WOB",1,2,3,4,NA,NA,NA,NA,0,0,0,1,1,"FRNK7313",1247,7313,NA,"Point",2053.652,NA,0.0687284254114851,0,0,0,1,"FRNK_7313_1600","FRNK_7367_1088",2.71641364835758,"FRNK_7371_1092",2.35653468950554,"FRNK_7350_1073",7.00394502523276,"FRNK_7371_1092",2.35653468950554,NA,41.93374411,-111.5714262,41.93375181,-111.5714573,NA,-71.655496260817,41.93376414,-111.5714356,NA,-19.311472766316,41.9336986,-111.5714847,NA,-136.174401184124,41.93376414,-111.5714356,NA,-19.311472766316,0,0,0,1,1,2,0,0
"545","FRNK",7314,"ABLA",1.3,10.2,0,0,"0",1,1,1,1,"0","0","0","0",NA,NA,0,0,"0","0","0","0",0,0,0,0,"0","0","0",NA,0,0,0,0,"0","0","0",NA,0,0,0,0,"0","0","0",NA,0,0,0,0,"0","0","0",NA,0,0,0,0,"0","0","0",NA,0,0,0,0,"0","0","0",NA,NA,NA,NA,NA,1,2,3,4,NA,NA,NA,NA,0,0,0,0,0,"FRNK7314",1249,7314,NA,"Point",2050.682,NA,0.0688276487179277,0,0,0,0,"FRNK_7314_1601","FRNK_7367_1088",2.23271628257672,"FRNK_7367_1088",2.23271628257672,"FRNK_7350_1073",6.27727709117134,"FRNK_7313_1600",0.777810065034322,NA,41.93374099,-111.5714346,41.93375181,-111.5714573,NA,-57.4478284531554,41.93375181,-111.5714573,NA,-57.4478284531554,41.9336986,-111.5714847,NA,-138.571470742818,41.93374411,-111.5714262,NA,63.5527930980751,0,0,0,0,1,2,0,0
"546","FRNK",7315,"ABLA",3.1,21.6,2.2,0,"0",1,1,1,1,"0","0","0","0",NA,NA,0,0,"0","0","0","0",0,0,0,0,"0","0","0",NA,0,0,0,0,"0","0","0",NA,0,0,0,0,"0","0","0",NA,0,0,0,0,"0","0","0",NA,0,0,0,0,"0","0","0",NA,0,0,0,0,"0","0","0",NA,NA,NA,NA,NA,1,2,3,4,NA,NA,NA,NA,0,0,0,0,0,"FRNK7315",1250,7315,NA,"Point",2054.16,NA,0.0709349587167846,0,0,0,0,"FRNK_7315_1602","FRNK_7367_1088",2.60742942774707,"FRNK_7371_1092",0.361189496006826,"FRNK_7350_1073",8.61392427554087,"FRNK_7371_1092",0.361189496006826,NA,41.93376524,-111.5714315,41.93375181,-111.5714573,NA,-124.881545487943,41.93376414,-111.5714356,NA,-109.763774457212,41.9336986,-111.5714847,NA,-149.200840325837,41.93376414,-111.5714356,NA,-109.763774457212,0,0,0,0,1,2,0,0
"547","FRNK",7316,"ABLA",NA,4.3,0,2,"0",1,1,1,1,"0","0","0","0",NA,NA,0,0,"0","0","2","2",0,0,0,0,"0","0","0",NA,0,0,0,0,"0","0","0",NA,0,0,0,0,"0","0","0",NA,0,0,0,0,"0","0","0",NA,0,0,0,0,"0","0","0",NA,0,0,0,0,"0","0","0",NA,"2DB","2DB","2DB","2DB",1,2,3,4,NA,NA,NA,NA,0,0,0,0,0,"FRNK7316",1252,7316,NA,"Point",2053.633,NA,0.0707433914190788,0,0,0,0,"FRNK_7316_1603","FRNK_7329_1612",3.06479304998395,"FRNK_7371_1092",3.13749672051178,"FRNK_7104_1444",8.67800550386386,"FRNK_7317_1604",1.90420771709224,NA,41.93377685,-111.5714018,41.93378899,-111.5713686,NA,63.9085360910203,41.93376414,-111.5714356,NA,-116.729887946689,41.9337488,-111.5713041,NA,111.031726618754,41.9337599,-111.5713983,NA,171.23491242634,0,0,0,0,4,0,0,0
"548","FRNK",7317,"ABLA",2.3,13.3,2.8,1,"0",1,1,1,1,"0","0","0","0",NA,NA,0,0,"0","0","1","1",0,0,0,0,"0","0","0",NA,0,0,0,0,"0","0","0",NA,0,0,0,0,"0","0","0",NA,0,0,0,0,"0","0","0",NA,0,0,0,0,"0","0","0",NA,0,0,0,1,"0","0","0",NA,"Rot in area","Rot in area","Rot in area","Rot in area",1,2,3,4,NA,NA,NA,NA,0,0,0,1,1,"FRNK7317",1253,7317,NA,"Point",2053.748,NA,0.068976852781587,0,0,0,1,"FRNK_7317_1604","FRNK_7329_1612",4.06141038396468,"FRNK_7371_1092",3.12801287617933,"FRNK_7104_1444",7.90636864219523,"FRNK_7313_1600",2.90239793640427,NA,41.9337599,-111.5713983,41.93378899,-111.5713686,NA,37.320077437535,41.93376414,-111.5714356,NA,-81.3440107860543,41.9337488,-111.5713041,NA,98.9677709874487,41.93374411,-111.5714262,NA,-127.160013322897,0,0,0,1,4,0,0,0
"549","FRNK",7318,"ABLA",1.4,9.8,3.4,0,"0",1,1,1,1,"0","0","0","0",NA,NA,0,0,"0","0","0","0",0,0,0,0,"0","0","0",NA,0,0,0,0,"0","0","0",NA,0,0,0,0,"0","0","0",NA,0,0,0,0,"0","0","0",NA,0,0,0,0,"0","0","0",NA,0,0,0,0,"0","0","0",NA,"Rot in area","Rot in area","Rot in area","Rot in area",1,2,3,4,NA,NA,NA,NA,0,0,0,0,0,"FRNK7318",1254,7318,NA,"Point",2053.266,NA,0.0679503635908818,0,0,0,0,"FRNK_7318_1605","FRNK_7367_1088",4.86900944527358,"FRNK_7371_1092",3.49600717908934,"FRNK_7104_1444",7.84289276537474,"FRNK_7317_1604",1.22178712735851,NA,41.9337489,-111.5713987,41.93375181,-111.5714573,NA,-86.1951344702857,41.93376414,-111.5714356,NA,-61.052273587391,41.9337488,-111.5713041,NA,90.0810811718571,41.9337599,-111.5713983,NA,1.55533897800133,0,0,0,0,1,2,0,0
"550","FRNK",7319,"ABLA",1.5,11.6,4.5,0,"0",1,1,1,1,"0","0","0","0",NA,NA,0,0,"0","0","0","0",0,0,0,0,"0","0","0",NA,0,0,0,0,"0","0","0",NA,0,0,0,0,"0","0","0",NA,0,0,0,0,"0","0","0",NA,0,0,0,0,"0","0","0",NA,0,0,0,0,"0","0","0",NA,NA,NA,NA,NA,1,2,3,4,NA,NA,NA,NA,0,0,0,0,0,"FRNK7319",1255,7319,NA,"Point",2055.973,NA,0.0684773986820574,0,0,0,0,"FRNK_7319_1606","FRNK_7329_1612",3.84361080284743,"FRNK_7371_1092",3.8271596414726,"FRNK_7104_1444",7.20782034072058,"FRNK_7317_1604",0.702096893063478,NA,41.93375832,-111.5713901,41.93378899,-111.5713686,NA,27.6293241906736,41.93376414,-111.5714356,NA,-80.2792898252372,41.9337488,-111.5713041,NA,98.4326877712009,41.9337599,-111.5713983,NA,-75.5305608966988,0,0,0,0,4,0,0,0
"551","FRNK",7321,"ABLA",1,9,0,0,"0",1,1,1,1,"0","0","0","0",NA,NA,0,0,"0","0","0","0",0,0,0,0,"0","0","0",NA,0,0,0,0,"0","0","0",NA,0,0,0,0,"0","0","0",NA,0,0,0,0,"0","0","0",NA,0,0,0,0,"0","0","0",NA,0,0,0,0,"0","0","0",NA,NA,NA,NA,NA,1,2,3,4,NA,NA,NA,NA,0,0,0,0,0,"FRNK7321",1257,7321,NA,"Point",2048.899,NA,0.0657547591373524,0,0,0,0,"FRNK_7321_1607","FRNK_7329_1612",5.91407060509024,"FRNK_7371_1092",5.8379317493465,"FRNK_7104_1444",6.13555308826415,"FRNK_7317_1604",3.22760788694152,NA,41.93373602,-111.5713761,41.93378899,-111.5713686,NA,6.03511014317047,41.93376414,-111.5714356,NA,-57.668985746052,41.9337488,-111.5713041,NA,76.6281018435574,41.9337599,-111.5713983,NA,-34.7668865257891,0,0,0,0,4,0,0,0
"552","FRNK",7322,"ABLA",NA,5.6,0,0,"0",1,1,1,1,"0","0","0","0",NA,NA,0,0,"0","0","0","0",0,0,0,0,"0","0","0",NA,0,0,0,0,"0","0","0",NA,0,0,0,0,"0","0","0",NA,0,0,0,0,"0","0","0",NA,0,0,0,0,"0","0","0",NA,0,0,0,0,"0","0","0",NA,NA,NA,NA,NA,1,2,3,4,NA,NA,NA,NA,0,0,0,0,0,"FRNK7322",1259,7322,NA,"Point",2050.443,NA,0.0644900710714826,0,0,0,0,"FRNK_7322_1608","FRNK_7104_1444",5.04001615660623,"FRNK_7104_1444",5.04001615660623,"FRNK_7104_1444",5.04001615660623,"FRNK_7102_1443",4.12879025984233,NA,41.93373011,-111.5713595,41.9337488,-111.5713041,NA,65.6859664687007,41.9337488,-111.5713041,NA,65.6859664687007,41.9337488,-111.5713041,NA,65.6859664687007,41.93374848,-111.5713162,NA,60.3959892440412,0,0,0,0,1,2,10,11
"553","FRNK",7324,"ABLA",4.1,30,5.4,5,"0",1,1,1,1,"0","0","0","0",NA,NA,0,0,"0","0","5","5",0,0,0,0,"0","0","0",NA,0,0,0,0,"0","0","0",NA,0,0,0,0,"0","0","0",NA,0,0,0,0,"0","0","0",NA,0,0,0,0,"0","0","0",NA,0,0,0,0,"0","0","0",NA,"WOB, 1DB","WOB, 1DB","WOB, 1DB","WOB, 1DB",1,2,3,4,NA,NA,NA,NA,0,0,0,0,0,"FRNK7324",NA,7324,NA,"Point",2052.715,NA,0.0694783263743234,0,0,0,0,"FRNK_7324_1609","FRNK_7329_1612",2.45426116170808,"FRNK_7371_1092",4.22685595177652,"FRNK_7104_1444",7.16882346131201,"FRNK_7317_1604",1.61424162752641,NA,41.93377079,-111.5713854,41.93378899,-111.5713686,NA,34.5767198490549,41.93376414,-111.5714356,NA,-100.060109767542,41.9337488,-111.5713041,NA,109.912236616649,41.9337599,-111.5713983,NA,-138.506859033248,0,0,0,0,4,0,0,0
"554","FRNK",7325,"ABLA",3.8,28.8,5.5,2,"0",1,1,1,1,"0","0","0","0",NA,NA,0,0,"0","0","2","2",0,0,0,0,"0","0","0",NA,0,0,0,0,"0","0","0",NA,0,0,0,0,"0","0","0",NA,0,0,0,0,"0","0","0",NA,0,0,0,0,"0","0","0",NA,0,0,0,0,"0","0","0",NA,"1DB","1DB","1DB","1DB",1,2,3,4,NA,NA,NA,NA,0,0,0,0,0,"FRNK7325",1261,7325,NA,"Point",2052.715,NA,0.0694783263743234,0,0,0,0,"FRNK_7325_1610","FRNK_7329_1612",2.45426116170808,"FRNK_7371_1092",4.22685595177652,"FRNK_7104_1444",7.16882346131201,"FRNK_7317_1604",1.61424162752641,NA,41.93377079,-111.5713854,41.93378899,-111.5713686,NA,34.5767198490549,41.93376414,-111.5714356,NA,-100.060109767542,41.9337488,-111.5713041,NA,109.912236616649,41.9337599,-111.5713983,NA,-138.506859033248,0,0,0,0,4,0,0,0
"555","FRNK",7326,"ABLA",1.6,10.4,5.1,3,"0",1,1,1,1,"0","0","0","0",NA,NA,0,0,"0","0","3","3",0,0,0,0,"0","0",NA,NA,0,0,0,0,"0","0",NA,NA,0,0,0,0,"0","0",NA,NA,0,0,0,0,"0","0",NA,NA,0,0,0,0,"0","0",NA,NA,0,0,0,0,"0","0",NA,NA,"2DB","2DB","2DB, under snow/fallen tree","2DB",1,2,3,4,NA,NA,NA,NA,0,0,0,0,0,"FRNK7326",1262,7326,NA,"Point",2053.202,NA,0.0694889812786707,0,0,0,0,"FRNK_7326_1611","FRNK_7329_1612",1.72162750084014,"FRNK_5977_1428",4.71319778614655,"FRNK_7104_1444",6.65328716287677,"FRNK_7317_1604",2.43896773013332,NA,41.93377465,-111.5713765,41.93378899,-111.5713686,NA,22.360188854352,41.93381138,-111.571348,NA,30.0872501701463,41.9337488,-111.5713041,NA,115.555593808955,41.9337599,-111.5713983,NA,-132.180874843137,0,0,0,0,4,0,0,0
"556","FRNK",7329,"ABLA",NA,7.8,0,0,"0",1,1,1,1,"BR","0","0","0",NA,NA,0,0,"0","0","0","0",0,0,0,0,"0","0","0",NA,0,0,0,0,"0","0","0",NA,2,0,0,0,"0","0","0",NA,0,0,0,0,"0","0","0",NA,0,0,0,0,"0","0","0",NA,2,0,0,0,"0","0","0",NA,"Bent","Bent","Bent","Bent",1,2,3,4,NA,NA,NA,NA,1,0,0,0,0,"FRNK7329",1265,7329,NA,"Point",2051.289,NA,0.0705755440917961,1,0,0,0,"FRNK_7329_1612","FRNK_5974_1425",4.02129164489585,"FRNK_5977_1428",3.01609895284699,"FRNK_7104_1444",6.96471174610976,"FRNK_5967_1421",3.61728194581236,NA,41.93378899,-111.5713686,41.93379514,-111.5713208,NA,80.223459376855,41.93381138,-111.571348,NA,34.4889302607613,41.9337488,-111.5713041,NA,129.84434084817,41.93378564,-111.5713252,NA,95.9019447857486,4,0,0,0,1,2,0,9
"557","FRNK",7330,"ABLA",1.9,12.4,1.6,0,"0",1,1,1,1,"0","0","0","0",NA,NA,0,0,"0","0","0","0",0,0,0,0,"0","0","0",NA,0,0,0,0,"0","0","0",NA,0,0,0,0,"0","0","0",NA,0,0,0,0,"0","0","0",NA,0,0,0,0,"0","0","0",NA,0,0,0,0,"0","0","0",NA,"Bent","Bent","Bent/top under snow/obstructed","Bent/obstructed",1,2,3,4,NA,NA,NA,NA,0,0,0,0,0,"FRNK7330",1266,7330,NA,"Point",2052.351,NA,0.070901635119001,0,0,0,0,"FRNK_7330_1613","FRNK_7329_1612",0.382754335270332,"FRNK_5977_1428",2.69432456863358,"FRNK_7104_1444",7.19697408765974,"FRNK_5967_1421",3.65190057954185,NA,41.93379243,-111.5713683,41.93378899,-111.5713686,NA,-176.274244859142,41.93381138,-111.571348,NA,38.6558343165912,41.9337488,-111.5713041,NA,132.306576888883,41.93378564,-111.5713252,NA,101.913788405183,0,0,0,0,4,0,0,0
"558","FRNK",7331,"ABLA",1.1,7.8,0,0,"0",1,1,1,1,NA,"0","0","0",NA,NA,0,0,NA,"0","0","0",0,0,0,0,NA,"0","0",NA,0,0,0,0,NA,"0","0",NA,0,0,0,0,NA,"0","0",NA,0,0,0,0,NA,"0","0",NA,0,0,0,0,NA,"0","0",NA,0,0,0,0,NA,"0","0",NA,NA,NA,NA,NA,1,2,3,4,NA,NA,NA,NA,0,0,0,0,0,"FRNK7331",1267,7331,NA,"Point",2054.464,NA,0.0719904508107772,0,0,0,0,"FRNK_7331_1614","FRNK_7329_1612",1.82726393984503,"FRNK_5977_1428",3.84362567631103,"FRNK_7104_1444",8.72395541290587,"FRNK_7317_1604",3.9966785634012,NA,41.93379522,-111.571389,41.93378899,-111.5713686,NA,112.244230481321,41.93381138,-111.571348,NA,62.1723558466111,41.9337488,-111.5713041,NA,126.213194782537,41.9337599,-111.5713983,NA,-168.876989343573,0,0,0,0,4,0,0,0
"559","FRNK",7332,"ABLA",2.4,16.4,3,0,"0",1,1,1,1,"0","0","0","0",NA,NA,0,0,"0","0","0","0",0,0,0,0,"0","0","0",NA,0,0,0,0,"0","0","0",NA,0,0,0,0,"0","0","0",NA,0,0,0,0,"0","0","0",NA,0,0,0,0,"0","0","0",NA,0,0,0,0,"0","0","0",NA,NA,NA,NA,NA,1,2,3,4,NA,NA,NA,NA,0,0,0,0,0,"FRNK7332",1268,7332,NA,"Point",2052.39,NA,0.070796449275513,0,0,0,0,"FRNK_7332_1615","FRNK_7329_1612",1.22851775972057,"FRNK_5977_1428",1.88269281589321,"FRNK_7104_1444",6.80960873240196,"FRNK_5967_1421",2.85910937938879,NA,41.93379578,-111.5713569,41.93378899,-111.5713686,NA,-127.854957133215,41.93381138,-111.571348,NA,23.0738739384552,41.9337488,-111.5713041,NA,139.996792608144,41.93378564,-111.5713252,NA,113.189690930706,0,0,0,0,4,0,0,0
"560","FRNK",7333,"ABLA",3.2,21.6,2.3,0,"0",1,1,1,1,"0","0","0","0",NA,NA,0,0,"0","0","0","0",0,0,0,0,"0","0","0",NA,0,0,0,0,"0","0","0",NA,0,0,0,0,"0","0","0",NA,0,0,0,0,"0","0","0",NA,0,0,0,0,"0","0","0",NA,0,0,0,0,"0","0","0",NA,NA,NA,"top under snow/obstructed","obstructed",1,2,3,4,NA,NA,NA,NA,0,0,0,0,0,"FRNK7333",1269,7333,NA,"Point",2054.64,NA,0.0725868964951417,0,0,0,0,"FRNK_7333_1616","FRNK_7329_1612",2.24653224247567,"FRNK_5977_1428",1.76567312346622,"FRNK_7104_1444",8.60485461195449,"FRNK_5974_1425",4.29868820268379,NA,41.93380922,-111.5713691,41.93378899,-111.5713686,NA,178.942722327398,41.93381138,-111.571348,NA,82.1935459552255,41.9337488,-111.5713041,NA,141.225287800988,41.93379514,-111.5713208,NA,111.325845076804,0,0,0,0,4,0,0,0
"561","FRNK",7334,"ABLA",4.5,4.5,NA,0,"0",1,1,1,1,"0","0","0","0",NA,NA,0,0,"0","0","0","0",0,0,0,0,"0","0","0",NA,0,0,0,0,"0","0","0",NA,0,0,0,0,"0","0","0",NA,0,0,0,0,"0","0","0",NA,0,0,0,0,"0","0","0",NA,0,0,0,0,"0","0","0",NA,NA,NA,"change in dbh",NA,1,2,3,4,NA,NA,NA,NA,0,0,0,0,0,"FRNK7334",1270,7334,NA,"Point",2053.148,NA,0.0729824676901384,0,0,0,0,"FRNK_7334_1617","FRNK_7329_1612",2.83856847979015,"FRNK_5977_1428",1.51507746076494,"FRNK_7104_1444",8.90675960790428,"FRNK_5974_1425",4.30404572288991,NA,41.93381447,-111.5713658,41.93378899,-111.5713686,NA,-175.309155934419,41.93381138,-111.571348,NA,103.08797242405,41.9337488,-111.5713041,NA,144.948326641519,41.93379514,-111.5713208,NA,119.910860163244,0,0,0,0,4,0,0,0
"562","FRNK",7335,"ABLA",NA,7.6,0,1,"0",1,1,1,1,"0","0","0","0",NA,NA,0,0,"0","0","2","2",0,0,0,0,"0","0","0",NA,0,0,0,0,"0","0","0",NA,0,0,0,0,"0","0","0",NA,0,0,0,0,"0","0","0",NA,0,0,0,0,"0","0","0",NA,0,0,0,0,"0","0","0",NA,"1DB","1DB","1DB","1DB",1,2,3,4,NA,NA,NA,NA,0,0,0,0,0,"FRNK7335",1271,7335,NA,"Point",2052.756,NA,0.0740666398923289,0,0,0,0,"FRNK_7335_1618","FRNK_7329_1612",3.51244261534123,"FRNK_5977_1428",3.07922711764353,"FRNK_7104_1444",10.1804815192357,"FRNK_5974_1425",5.83852760556796,NA,41.93381849,-111.5713839,41.93378899,-111.5713686,NA,158.83023427221,41.93381138,-111.571348,NA,104.854889841784,41.9337488,-111.5713041,NA,139.469012409019,41.93379514,-111.5713208,NA,116.362193375155,0,0,0,0,4,0,0,0
"563","FRNK",7336,"ABLA",4.6,38,0,0,"0",1,1,1,1,"0","0","0","0",NA,NA,0,0,"0","0","0","0",0,0,0,0,"0","0","0",NA,0,0,0,0,"0","0","0",NA,0,0,0,0,"0","0","0",NA,0,0,0,0,"0","0","0",NA,0,0,0,0,"0","0","0",NA,0,0,0,0,"0","0","0",NA,NA,NA,"obstructed","obstructed",1,2,3,4,NA,NA,NA,NA,0,0,0,0,0,"FRNK7336",1272,7336,NA,"Point",2052.593,NA,0.0745880381919691,0,0,0,0,"FRNK_7336_1619","FRNK_7329_1612",4.0413951855833,"FRNK_5977_1428",4.12618725786153,"FRNK_7104_1444",10.920808361426,"FRNK_7317_1604",6.52756550035404,NA,41.93381868,-111.5713968,41.93378899,-111.5713686,NA,144.654997037874,41.93381138,-111.571348,NA,101.328492289839,41.9337488,-111.5713041,NA,135.272497308035,41.9337599,-111.5713983,NA,-178.908374773505,0,0,0,0,4,0,0,0
"564","FRNK",7337,"ABLA",1,8.1,0,1,"0",1,1,1,1,"0","0","0","0",NA,NA,0,0,"0","0","2","2",0,0,0,0,NA,"0","0",NA,0,0,0,0,NA,"0","0",NA,0,0,0,0,NA,"0","0",NA,0,0,0,0,NA,"0","0",NA,0,0,0,0,NA,"0","0",NA,0,0,0,0,NA,"0","0",NA,"1 DB","1 DB","1 DB, low under snow","1 DB",1,2,3,4,NA,NA,NA,NA,0,0,0,0,0,"FRNK7337",1273,7337,NA,"Point",2052.712,NA,0.0773355966692435,0,0,0,0,"FRNK_7337_1620","FRNK_7376_1097",4.61399795607621,"FRNK_7376_1097",4.61399795607621,"FRNK_7417_1134",12.637307878608,"FRNK_7386_1106",3.95739755243717,NA,41.93382909,-111.5714396,41.93378773,-111.571445,NA,-174.431897069434,41.93378773,-111.571445,NA,-174.431897069434,41.93374014,-111.5715347,NA,-141.398953323019,41.93383043,-111.5714873,NA,-87.8454024543553,0,0,0,0,1,1,0,NA
"565","FRNK",7338,"ABLA",NA,5.3,NA,0,"0",1,1,1,1,NA,"0","0","0",NA,NA,0,0,NA,"0","0","0",0,0,0,0,NA,"0",NA,NA,0,0,0,0,NA,"0",NA,NA,0,0,0,0,NA,"0",NA,NA,0,0,0,0,NA,"0",NA,NA,0,0,0,0,NA,"0",NA,NA,0,0,0,0,NA,"0",NA,NA,"2 DB","2 DB","2 DB, under snow","2 DB",1,2,3,4,NA,NA,NA,NA,0,0,0,0,0,"FRNK7338",1274,7338,NA,"Point",2053.073,NA,0.0762356253412832,0,0,0,0,"FRNK_7338_1621","FRNK_7376_1097",3.45033924603396,"FRNK_7376_1097",3.45033924603396,"FRNK_7417_1134",11.8242028329883,"FRNK_7386_1106",4.30957048412832,NA,41.93381835,-111.5714379,41.93378773,-111.571445,NA,-170.177248892056,41.93378773,-111.571445,NA,-170.177248892056,41.93374014,-111.5715347,NA,-137.256591340312,41.93383043,-111.5714873,NA,-71.8668569698876,0,0,0,0,1,1,0,NA
"566","FRNK",7339,"ABLA",1.9,2.8,0,0,"0",1,1,1,1,NA,"0","0","0",NA,NA,0,0,NA,"0","0","0",0,0,0,0,NA,"0","0",NA,0,0,0,0,NA,"0","0",NA,0,0,0,0,NA,"0","0",NA,0,0,0,0,NA,"0","0",NA,0,0,0,0,NA,"0","0",NA,0,0,0,0,NA,"0","0",NA,"Bent",", Bent","Bent, low under snow","Bent",1,2,3,4,NA,NA,NA,NA,0,0,0,0,0,"FRNK7339",1275,7339,NA,"Point",2052.617,NA,0.0750883914636464,0,0,0,0,"FRNK_7339_1622","FRNK_7376_1097",2.59938322813219,"FRNK_7376_1097",2.59938322813219,"FRNK_7417_1134",11.4495109500878,"FRNK_7368_1089",4.91996624992429,NA,41.933809,-111.5714319,41.93378773,-111.571445,NA,-155.303199026342,41.93378773,-111.571445,NA,-155.303199026342,41.93374014,-111.5715347,NA,-131.894677976452,41.93376854,-111.5714561,NA,-155.933845073812,0,0,0,0,1,1,0,NA
"567","FRNK",7340,"ABLA",1,8.4,0,0,"0",1,1,1,1,"0","0","0","0",NA,NA,0,0,"0","0","0","0",0,0,0,0,NA,"0","0",NA,0,0,0,0,NA,"0","0",NA,0,0,0,0,NA,"0","0",NA,0,0,0,0,NA,"0","0",NA,0,0,0,0,NA,"0","0",NA,0,0,0,0,NA,"0","0",NA,NA,NA,"Bent, low under snow","Bent",1,2,3,4,NA,NA,NA,NA,0,0,0,0,0,"FRNK7340",1276,7340,NA,"Point",2052.784,NA,0.0742707293079505,0,0,0,0,"FRNK_7340_1623","FRNK_7376_1097",1.94234281024569,"FRNK_7376_1097",1.94234281024569,"FRNK_7417_1134",11.0095299133835,"FRNK_7371_1092",4.14329378012807,NA,41.93380123,-111.5714301,41.93378773,-111.571445,NA,-140.507143582193,41.93378773,-111.571445,NA,-140.507143582193,41.93374014,-111.5715347,NA,-128.031131519084,41.93376414,-111.5714356,NA,-173.681633868769,0,0,0,0,1,1,0,NA
"568","FRNK",7342,"ABLA",2.7,17.1,1.6,0,"0",1,1,1,1,"0","0","0","0",NA,NA,0,0,"0","0","0","0",0,0,0,0,"0","0","0",NA,0,0,0,0,"0","0","0",NA,0,0,0,0,"0","0","0",NA,0,0,0,0,"0","0","0",NA,0,0,0,0,"0","0","0",NA,0,0,0,0,"0","0","0",NA,"Bent, 1DB","Bent, 1DB","Bent, 1DB","Bent, 1DB",1,2,3,4,NA,NA,NA,NA,0,0,0,0,0,"FRNK7342",1278,7342,NA,"Point",2053.109,NA,0.0739792428547707,0,0,0,0,"FRNK_7342_1624","FRNK_7376_1097",3.01426896548519,"FRNK_7376_1097",3.01426896548519,"FRNK_7104_1444",11.1510609803575,"FRNK_7371_1092",4.74019534039448,NA,41.9338043,-111.5714162,41.93378773,-111.571445,NA,-127.615250935611,41.93378773,-111.571445,NA,-127.615250935611,41.9337488,-111.5713041,NA,123.546294171898,41.93376414,-111.5714356,NA,-160.165471213839,0,0,0,0,1,1,0,NA
"569","FRNK",7343,"ABLA",NA,7.3,0,0,"0",1,1,1,1,"0","0","0","0",NA,NA,0,0,"0","0","0","0",0,0,0,0,"0","0","0",NA,0,0,0,0,"0","0","0",NA,0,0,0,0,"0","0","0",NA,0,0,0,0,"0","0","0",NA,0,0,0,0,"0","0","0",NA,0,0,0,0,"0","0","0",NA,"WOB, 2DB","WOB, 2DB","WOB, 2DB","WOB, 2DB",1,2,3,4,NA,NA,NA,NA,0,0,0,0,0,"FRNK7343",1279,7343,NA,"Point",2052.403,NA,0.0735779227889567,0,0,0,0,"FRNK_7343_1625","FRNK_7376_1097",2.9762821787089,"FRNK_7376_1097",2.9762821787089,"FRNK_7104_1444",10.798676070339,"FRNK_7371_1092",4.48275769109419,NA,41.93380112,-111.5714139,41.93378773,-111.571445,NA,-119.967965933331,41.93378773,-111.571445,NA,-119.967965933331,41.9337488,-111.5713041,NA,122.544001528322,41.93376414,-111.5714356,NA,-156.338797885651,0,0,0,0,1,1,0,NA
"570","FRNK",7344,"ABLA",2.2,4.8,0,0,"0",1,1,1,1,NA,"0","0","0",NA,NA,0,0,NA,"0","0","0",0,0,0,0,"0","0",NA,NA,0,0,0,0,"0","0",NA,NA,0,0,0,0,"0","0",NA,NA,0,0,0,0,"0","0",NA,NA,0,0,0,0,"0","0",NA,NA,0,0,0,0,"0","0",NA,NA,"Bent, Rot in area","Bent, Rot in area","Bent, Rot in area, under snow","Bent, Rot in area",1,2,3,4,NA,NA,NA,NA,0,0,0,0,0,"FRNK7344",1280,7344,NA,"Point",2052.659,NA,0.0719647014407199,0,0,0,0,"FRNK_7344_1626","FRNK_7329_1612",2.24443108144318,"FRNK_7376_1097",4.15194712970535,"FRNK_7104_1444",8.97375242711914,"FRNK_7317_1604",3.60930327478087,NA,41.93379233,-111.5713953,41.93378899,-111.5713686,NA,99.5104569250398,41.93378773,-111.571445,NA,-97.0659714799601,41.9337488,-111.5713041,NA,122.587601058949,41.9337599,-111.5713983,NA,-176.048613974378,0,0,0,0,4,0,0,0
"571","FRNK",7345,"ABLA",NA,2.8,NA,0,"0",1,1,1,1,"0","0","0","0",NA,NA,0,0,"0","0","0","0",0,0,0,0,"0","0",NA,NA,0,0,0,0,"0","0",NA,NA,0,0,0,0,"0","0",NA,NA,0,0,0,0,"0","0",NA,NA,0,0,0,0,"0","0",NA,NA,0,0,0,0,"0","0",NA,NA,"WOB, 2DB","WOB, 2DB","WOB, 2DB, under snow","WOB, 2DB",1,2,3,4,NA,NA,NA,NA,0,0,0,0,0,"FRNK7345",1281,7345,NA,"Point",2053.643,NA,0.0716713141878429,0,0,0,0,"FRNK_7345_1627","FRNK_7376_1097",2.11983551138664,"FRNK_7371_1092",1.64960819399457,"FRNK_7350_1073",9.98242284980335,"FRNK_7371_1092",1.64960819399457,NA,41.93377642,-111.5714244,41.93378773,-111.571445,NA,-53.6736306161098,41.93376414,-111.5714356,NA,-145.744256643846,41.9336986,-111.5714847,NA,-149.946899511523,41.93376414,-111.5714356,NA,-145.744256643846,0,0,0,0,1,1,0,NA
"572","FRNK",7001,"ABLA",NA,5.5,NA,0,"0",1,1,1,1,"0","0","0","0",NA,NA,0,0,"0","0","0","0",0,0,0,0,"0","0","0",NA,0,0,0,0,"0","0","0",NA,0,0,0,0,"0","0","0",NA,0,0,0,0,"0","0","0",NA,0,0,0,0,"0","0","0",NA,0,0,0,0,"0","0","0",NA,"WOB, Rot in area, 10DB, Return to border","WOB, Rot in area, 10DB, Return to border","WOB, Rot in area, 10DB, Return to border","WOB, Rot in area, 10DB, Return to border",1,2,3,4,NA,NA,NA,NA,0,0,0,0,0,"FRNK7001",1282,7001,NA,"Point",2057.264,NA,0.0608792561671423,0,0,0,0,"FRNK_7001_1628","FRNK_7031_1064",9.31964290182868,"FRNK_8_1236",9.24943492349618,"FRNK_9_1237",11.024467908771,"FRNK_7007_1631",3.66386414909456,NA,41.93355387,-111.5715594,41.9336297,-111.5715112,NA,25.3900836119837,41.93355672,-111.5716709,NA,-88.0394039636539,41.93358354,-111.5716863,NA,-72.613500565571,41.93358639,-111.5715669,NA,-9.77096472680235,0,0,0,0,1,0,0,1
"573","FRNK",7002,"ABLA",1.4,9,0,0,"0",1,1,1,1,"0","0","0","0",NA,NA,0,0,"0","0","0","0",0,0,0,0,"0","0","0",NA,0,0,0,0,"0","0","0",NA,0,0,0,0,"0","0","0",NA,0,0,0,0,"0","0","0",NA,0,0,0,0,"0","0","0",NA,0,0,0,0,"0","0","0",NA,NA,NA,NA,NA,1,2,3,4,NA,NA,NA,NA,0,0,0,0,0,"FRNK7002",1283,7002,NA,"Point",2057.955,NA,0.0590223141785033,0,0,0,0,"FRNK_7002_1629","FRNK_7031_1064",8.97727228596325,"FRNK_7064_1556",10.750988717275,"FRNK_7064_1556",10.750988717275,"FRNK_7007_1631",4.78362885606676,NA,41.93355074,-111.5715345,41.9336297,-111.5715112,NA,12.4259464712498,41.93357651,-111.5714095,NA,74.5653037404709,41.93357651,-111.5714095,NA,74.5653037404709,41.93358639,-111.5715669,NA,-34.1617081200492,0,0,0,0,1,0,0,1
"574","FRNK",7004,"ABLA",3.4,23.3,3.9,0,"0",1,1,1,1,"0","0","0","0",NA,NA,0,0,"0","0","0","0",0,0,0,0,"0","0","0",NA,0,0,0,0,"0","0","0",NA,0,0,0,0,"0","0","0",NA,0,0,0,0,"0","0","0",NA,0,0,0,0,"0","0","0",NA,0,0,0,0,"0","0","0",NA,NA,NA,NA,NA,1,2,3,4,NA,NA,NA,NA,0,0,0,0,0,"FRNK7004",1286,7004,NA,"Point",2057.337,NA,0.0643211666275982,0,0,0,0,"FRNK_7004_1630","FRNK_7031_1064",7.08359349485944,"FRNK_10_1238",8.04477720830045,"FRNK_9_1237",9.13547651163088,"FRNK_7007_1631",0.810032688167581,NA,41.93358838,-111.5715763,41.9336297,-111.5715112,NA,49.6342986415424,41.93358456,-111.5716732,NA,-93.0221188868,41.93358354,-111.5716863,NA,-93.3722958012517,41.93358639,-111.5715669,NA,105.829039961197,0,0,0,0,1,0,0,1
"575","FRNK",7007,"ABLA",2.9,12.6,2.2,0,"0",1,1,1,1,"0","0","0","BO",NA,NA,0,0,"0","0","0","0",0,0,0,2,"0","0","0",NA,0,0,0,1,"0","0","0",NA,0,0,0,0,"0","0","0",NA,0,0,0,2,"0","0","0",NA,0,0,0,0,"0","0","0",NA,0,0,0,0,"0","0","0",NA,"Bent, 1DB","Bent, 1DB","Bent, 1DB","Bent, 1DB",1,2,3,4,NA,NA,NA,NA,0,0,0,1,1,"FRNK7007",1288,7007,NA,"Point",2055.496,NA,0.0635751485934323,0,0,0,1,"FRNK_7007_1631","FRNK_7031_1064",6.66697759422338,"FRNK_10_1238",8.81524698943099,"FRNK_9_1237",9.90402979583044,"FRNK_21_1249",6.12902882005249,NA,41.93358639,-111.5715669,41.9336297,-111.5715112,NA,43.8399788807935,41.93358456,-111.5716732,NA,-91.3207141863107,41.93358354,-111.5716863,NA,-91.8308924367915,41.93359158,-111.5716405,NA,-84.6050794995471,0,0,0,5,1,0,0,1
"576","FRNK",7008,"ABLA",1.6,9.7,1.8,0,"0",1,1,1,1,"0","0","0","0",NA,NA,0,0,"0","0","0","0",0,0,0,0,"0","0","0",NA,0,0,0,0,"0","0","0",NA,0,0,0,0,"0","0","0",NA,0,0,0,0,"0","0","0",NA,0,0,0,0,"0","0","0",NA,0,0,0,0,"0","0","0",NA,"Bent","Bent","Bent","Bent",1,2,3,4,NA,NA,NA,NA,0,0,0,0,0,"FRNK7008",1289,7008,NA,"Point",2055.798,NA,0.0634155420543303,0,0,0,0,"FRNK_7008_1632","FRNK_7031_1064",7.21270979467332,"FRNK_10_1238",8.59555869901735,"FRNK_9_1237",9.6776501980371,"FRNK_7007_1631",0.582145379301108,NA,41.93358155,-111.5715696,41.9336297,-111.5715112,NA,42.165479064934,41.93358456,-111.5716732,NA,-87.771697906115,41.93358354,-111.5716863,NA,-88.6917242467964,41.93358639,-111.5715669,NA,22.6139002040753,0,0,0,0,1,0,0,1
"577","FRNK",7009,"ABLA",4.4,33.7,5.7,0,"0",1,1,1,1,"0","0","0","0",NA,NA,0,0,"0","0","0","0",0,0,0,0,"0","0","0",NA,0,0,0,0,"0","0","0",NA,0,0,0,0,"0","0","0",NA,0,0,0,0,"0","0","0",NA,0,0,0,0,"0","0","0",NA,0,0,0,0,"0","0","0",NA,NA,NA,NA,NA,1,2,3,4,NA,NA,NA,NA,0,0,0,0,0,"FRNK7009",1290,7009,NA,"Point",2056.533,NA,0.0632015147076058,0,0,0,0,"FRNK_7009_1633","FRNK_7031_1064",7.31222448663634,"FRNK_10_1238",8.70619343818524,"FRNK_9_1237",9.78454874346206,"FRNK_7007_1631",0.767372657545611,NA,41.93357957,-111.5715684,41.9336297,-111.5715112,NA,40.4310824004188,41.93358456,-111.5716732,NA,-86.3513229674429,41.93358354,-111.5716863,NA,-87.4179253520242,41.93358639,-111.5715669,NA,9.32637627505082,0,0,0,0,1,0,0,1
"578","FRNK",7012,"ABLA",3.7,7,0,0,"0",1,1,1,1,"0","0","0","0",NA,NA,0,0,"0","0","0","0",0,0,0,0,"0","0","0",NA,0,0,0,0,"0","0","0",NA,0,0,0,0,"0","0","0",NA,0,0,0,0,"0","0","0",NA,0,0,0,0,"0","0","0",NA,0,0,0,0,"0","0","0",NA,"Broken top","Broken top","Broken top","Broken top",1,2,3,4,NA,NA,NA,NA,0,0,0,0,0,"FRNK7012",1292,7012,NA,"Point",2058.723,NA,0.0607402150412803,0,0,0,0,"FRNK_7012_1634","FRNK_7031_1064",6.51300666026559,"FRNK_7064_1556",10.5076244023265,"FRNK_7064_1556",10.5076244023265,"FRNK_7007_1631",2.888457256328,NA,41.93357409,-111.5715362,41.9336297,-111.5715112,NA,18.5560444285297,41.93357651,-111.5714095,NA,88.5346675592765,41.93357651,-111.5714095,NA,88.5346675592765,41.93358639,-111.5715669,NA,-61.7834653191409,0,0,0,0,1,0,0,1
"579","FRNK",7013,"ABLA",5.1,37.7,0,0,"0",1,1,1,1,"0","0","0","0",NA,NA,0,0,"0","0","0","0",0,0,0,0,"0","0","0",NA,0,0,0,0,"0","0","0",NA,0,0,0,0,"0","0","0",NA,0,0,0,0,"0","0","0",NA,0,0,0,0,"0","0","0",NA,0,0,0,0,"0","0","0",NA,"WOB, 1DB","WOB, 1DB","WOB, 1DB","WOB, 1DB",1,2,3,4,NA,NA,NA,NA,0,0,0,0,0,"FRNK7013",1294,7013,NA,"Point",2057.269,NA,0.0619476439003545,0,0,0,0,"FRNK_7013_1635","FRNK_7031_1064",7.67715324368047,"FRNK_8_1236",9.41688433448604,"FRNK_9_1237",10.6708716100222,"FRNK_7007_1631",1.89917906502991,NA,41.93357039,-111.5715588,41.9336297,-111.5715112,NA,30.9329411548402,41.93355672,-111.5716709,NA,-99.2752048631148,41.93358354,-111.5716863,NA,-82.1357346117937,41.93358639,-111.5715669,NA,-20.7073001408766,0,0,0,0,1,0,0,1
"580","FRNK",7014,"ABLA",7.5,39.9,0,0,"0",1,1,1,1,"0","0","0","0",NA,NA,0,0,"0","0","0","0",0,0,0,0,"0","0","0",NA,0,0,0,0,"0","0","0",NA,0,0,0,0,"0","0","0",NA,0,0,0,0,"0","0","0",NA,0,0,0,0,"0","0","0",NA,0,0,0,0,"0","0","0",NA,"WOB, 2DB","WOB, 2DB","WOB, 2DB","WOB, 2DB",1,2,3,4,NA,NA,NA,NA,0,0,0,0,0,"FRNK7014",1295,7014,NA,"Point",2057.078,NA,0.0606376981302246,0,0,0,0,"FRNK_7014_1636","FRNK_7031_1064",7.79864416893956,"FRNK_8_1236",10.4544139650929,"FRNK_7064_1556",11.3329296344363,"FRNK_7007_1631",3.04980460767203,NA,41.93356421,-111.5715452,41.9336297,-111.5715112,NA,21.1891241077826,41.93355672,-111.5716709,NA,-94.5624977444377,41.93357651,-111.5714095,NA,83.0786955130273,41.93358639,-111.5715669,NA,-36.1494435549215,0,0,0,0,1,0,0,1
"581","FRNK",7016,"ABLA",NA,4.7,0,0,"0",1,1,1,1,"0","0","0","0",NA,NA,0,0,"0","0","0","0",0,0,0,0,"0","0","0",NA,0,0,0,0,"0","0","0",NA,0,0,0,0,"0","0","0",NA,0,0,0,0,"0","0","0",NA,0,0,0,0,"0","0","0",NA,0,0,0,0,"0","0","0",NA,"WOB","WOB","WOB","WOB",1,2,3,4,NA,NA,NA,NA,0,0,0,0,0,"FRNK7016",1297,7016,NA,"Point",2056.118,NA,0.0601302641387722,0,0,0,0,"FRNK_7016_1637","FRNK_7031_1064",6.44913933990466,"FRNK_7064_1556",9.82393474462952,"FRNK_7064_1556",9.82393474462952,"FRNK_7007_1631",3.56014558540145,NA,41.93357297,-111.5715279,41.9336297,-111.5715112,NA,12.3970049878735,41.93357651,-111.5714095,NA,87.7069862084147,41.93357651,-111.5714095,NA,87.7069862084147,41.93358639,-111.5715669,NA,-65.2581122300864,0,0,0,0,1,0,0,1
"582","FRNK",7017,"ABLA",3.4,28.8,2.8,0,"0",1,1,1,1,"0","0","0","0",NA,NA,0,0,"0","0","0","0",0,0,0,0,"0","0","0",NA,0,0,0,0,"0","0","0",NA,0,0,0,0,"0","0","0",NA,0,0,0,0,"0","0","0",NA,0,0,0,0,"0","0","0",NA,0,0,0,0,"0","0","0",NA,"Bent","Bent","Bent","Bent",1,2,3,4,NA,NA,NA,NA,0,0,0,0,0,"FRNK7017",1298,7017,NA,"Point",2057.078,NA,0.0629014652301963,0,0,0,0,"FRNK_7017_1638","FRNK_7031_1064",6.06785577333025,"FRNK_10_1238",9.70264306303212,"FRNK_9_1237",10.7914169441038,"FRNK_7007_1631",0.887400272184011,NA,41.9335866,-111.5715562,41.9336297,-111.5715112,NA,37.9403644213045,41.93358456,-111.5716732,NA,-91.3376186867452,41.93358354,-111.5716863,NA,-91.8041378455598,41.93358639,-111.5715669,NA,-91.5056156945079,0,0,0,0,1,0,0,1
"583","FRNK",7018,"ABLA",6.1,40.9,3.2,0,"0",1,1,1,1,"0","0","0","0",NA,NA,0,0,"0","0","0","0",0,0,0,0,"0","0","0",NA,0,0,0,0,"0","0","0",NA,0,0,0,0,"0","0","0",NA,0,0,0,0,"0","0","0",NA,0,0,0,0,"0","0","0",NA,0,0,0,0,"0","0","0",NA,NA,NA,NA,NA,1,2,3,4,NA,NA,NA,NA,0,0,0,0,0,"FRNK7018",1299,7018,NA,"Point",2056.947,NA,0.0626389389429914,0,0,0,0,"FRNK_7018_1639","FRNK_7031_1064",5.1430182236461,"FRNK_7034_1067",9.74978942743425,"FRNK_7064_1556",11.4811897520405,"FRNK_7007_1631",1.7878330098442,NA,41.93359161,-111.5715465,41.9336297,-111.5715112,NA,34.6832514057669,41.93367911,-111.5715366,NA,4.82905414902715,41.93357651,-111.5714095,NA,98.3967034910756,41.93358639,-111.5715669,NA,-108.915903065014,0,0,0,0,1,0,0,1
"584","FRNK",7022,"ABLA",NA,4.8,NA,0,"0",1,1,1,1,"0","0","0","0",NA,NA,0,0,"0","0","0","0",0,0,0,0,"0","0","0",NA,0,0,0,0,"0","0","0",NA,0,0,0,0,"0","0","0",NA,0,0,0,0,"0","0","0",NA,0,0,0,0,"0","0","0",NA,0,0,0,0,"0","0","0",NA,NA,NA,NA,NA,1,2,3,4,NA,NA,NA,NA,0,0,0,0,0,"FRNK7022",1303,7022,NA,"Point",2057.327,NA,0.0639070324576162,0,0,0,0,"FRNK_7022_1640","FRNK_7031_1064",4.03642704205254,"FRNK_7034_1067",8.08642324004729,"FRNK_7351_1074",10.7905267120124,"FRNK_7007_1631",2.71172877324198,NA,41.93360688,-111.5715491,41.9336297,-111.5715112,NA,51.1183700967338,41.93367911,-111.5715366,NA,7.36304395005333,41.93368556,-111.5714727,NA,35.9441920717464,41.93358639,-111.5715669,NA,-147.029900331276,0,0,0,0,1,0,0,1
"585","FRNK",5917,"ABLA",1.1,8.5,NA,0,"0",NA,1,1,1,NA,"0","BO","BO",NA,NA,0,0,NA,"0","0","0",NA,0,0,0,NA,"0","0",NA,NA,0,0,0,NA,"0","0",NA,NA,0,0,0,NA,"0","0",NA,NA,0,0,0,NA,"0","0",NA,NA,0,0,1,NA,"0","0",NA,NA,0,0,0,NA,"0","0",NA,NA,NA,NA,NA,NA,2,3,4,NA,NA,NA,NA,NA,0,0,1,NA,"FRNK5917",965,5917,NA,"Point",2051.287,NA,0.0643529564047852,NA,0,0,1,"FRNK_5917_1641","FRNK_5921_1379",4.30639078958478,"FRNK_5919_1377",0.660043769642748,"FRNK_5919_1377",0.660043769642748,"FRNK_5919_1377",0.660043769642748,NA,41.93378427,-111.5711863,41.93382266,-111.5711937,NA,-8.19040209678205,41.9337891413333,-111.571190863167,NA,-34.9710786342573,41.9337891413333,-111.571190863167,NA,-34.9710786342573,41.9337891413333,-111.571190863167,NA,-34.9710786342573,NA,0,0,1,1,6,4,5
"586","FRNK",5832,"ABLA",1.3,10.1,2,3,"3",NA,NA,1,1,NA,NA,"0","0",NA,NA,0,0,NA,NA,"3","3",NA,NA,0,0,NA,NA,"0",NA,NA,NA,0,0,NA,NA,"0",NA,NA,NA,0,0,NA,NA,"0",NA,NA,NA,0,0,NA,NA,"0",NA,NA,NA,0,0,NA,NA,"0",NA,NA,NA,0,0,NA,NA,"0",NA,NA,NA,"1DB","1DB",NA,NA,3,4,NA,NA,NA,NA,NA,NA,0,0,NA,"FRNK5832",872,5832,NA,"Point",2054.893,NA,0.0397422238621655,NA,NA,0,0,"FRNK_5832_1642","FRNK_5844_1302",3.00097775023611,"FRNK_5844_1302",3.00097775023611,"FRNK_5844_1302",3.00097775023611,"FRNK_5839_1297",2.5706556722822,NA,41.93354015,-111.5712034,41.93354504,-111.571239,NA,-79.576580313616,41.93354504,-111.571239,NA,-79.576580313616,41.93354504,-111.571239,NA,-79.576580313616,41.93355499,-111.5712272,NA,-50.1363447838955,NA,NA,0,0,12,12,12,12
"587","FRNK",7101,"ABLA",NA,3.5,0,0,"0",NA,NA,1,NA,NA,NA,"0",NA,NA,NA,0,NA,NA,NA,"0",NA,NA,NA,0,NA,NA,NA,NA,NA,NA,NA,0,NA,NA,NA,NA,NA,NA,NA,0,NA,NA,NA,NA,NA,NA,NA,0,NA,NA,NA,NA,NA,NA,NA,0,NA,NA,NA,NA,NA,NA,NA,0,NA,NA,NA,NA,NA,NA,NA,"1 Dead",NA,NA,NA,3,NA,NA,NA,NA,NA,NA,NA,0,NA,NA,"FRNK7101",1055,7101,NA,"Point",2049.183,NA,0.0644443138302595,NA,NA,0,NA,"FRNK_7101_1643","FRNK_7104_1444",1.67430142586363,"FRNK_7104_1444",1.67430142586363,"FRNK_7104_1444",1.67430142586363,"FRNK_7102_1443",0.752045415602862,NA,41.93374436,-111.5713234,41.9337488,-111.5713041,NA,72.8762227938593,41.9337488,-111.5713041,NA,72.8762227938593,41.9337488,-111.5713041,NA,72.8762227938593,41.93374848,-111.5713162,NA,52.5355233926752,NA,NA,0,NA,1,2,10,11
"588","FRNK",7451,"ABLA",NA,NA,NA,0,"0",NA,NA,1,1,NA,NA,"0","0",NA,NA,0,0,NA,NA,"0","0",NA,NA,0,0,NA,NA,"0",NA,NA,NA,0,0,NA,NA,"0",NA,NA,NA,0,0,NA,NA,"0",NA,NA,NA,0,0,NA,NA,"0",NA,NA,NA,0,0,NA,NA,"0",NA,NA,NA,0,0,NA,NA,"0",NA,NA,NA,"??","??",NA,NA,3,4,NA,NA,NA,NA,NA,NA,0,0,NA,"FRNK7451",1431,7451,NA,"Point",2056.014,NA,0.0728835241869818,NA,NA,0,0,"FRNK_7451_1644","FRNK_7445_1159",5.75788176763425,"FRNK_7445_1159",5.75788176763425,"FRNK_7445_1159",5.75788176763425,"FRNK_7445_1159",5.75788176763425,NA,41.93364553,-111.5716473,41.93369698,-111.5716386,NA,7.19625660006302,41.93369698,-111.5716386,NA,7.19625660006302,41.93369698,-111.5716386,NA,7.19625660006302,41.93369698,-111.5716386,NA,7.19625660006302,NA,NA,0,0,5,5,6,11
