"","site","tag","species","dbh","height","canopy_ht","brooms","rot","Dead / Alive_v1","Dead / Alive_v2","Dead / Alive_v3","Dead / Alive_v4","Inf Location_v1","Inf Location_v2","Inf Location_v3","Inf Location_v4","Gouting_v1","Gouting_v2","Gouting_v3","Gouting_v4","Beetle_v1","Beetle_v2","Beetle_v3","Beetle_v4","NL_v1","NL_v2","NL_v3","NL_v4","NLW_v1","NLW_v2","NLW_v3","NLW_v4","NM_v1","NM_v2","NM_v3","NM_v4","NMW_v1","NMW_v2","NMW_v3","NMW_v4","NH_v1","NH_v2","NH_v3","NH_v4","NHW_v1","NHW_v2","NHW_v3","NHW_v4","SL_v1","SL_v2","SL_v3","SL_v4","SLW_v1","SLW_v2","SLW_v3","SLW_v4","SM_v1","SM_v2","SM_v3","SM_v4","SMW_v1","SMW_v2","SMW_v3","SMW_v4","SH_v1","SH_v2","SH_v3","SH_v4","SHW_v1","SHW_v2","SHW_v3","SHW_v4","Notes_v1","Notes_v2","Notes_v3","Notes_v4","Visit_v1","Visit_v2","Visit_v3","Visit_v4","WSB_v1","WSB_v2","WSB_v3","WSB_v4","infested_v1","infested_v2","infested_v3","infested_v4","new_infestation","tag_ID","Number","Tag #","Description","GeometryType","Elevation","GeoidOffset","distance","infestation_visit_1","infestation_visit_2","infestation_visit_3","infestation_visit_4","unique_ID","TARGET","DISTANCE","TARGET2","DISTANCE2","TARGET3","DISTANCE3","TARGET4","DISTANCE4","geometry.x","Latitude.focal","Longitude.focal","Latitude.target","Longitude.target","geometry.y","bearings1","Latitude.target2","Longitude.target2","geometry.x.x","bearings2","Latitude.target3","Longitude.target3","geometry.y.y","bearings3","Latitude.target4","Longitude.target4","geometry","bearings4"
"1","MOCR",5009,"ABCO",2.7,12.3,0,0,"0",1,1,1,1,"0","BO","0","0",1,1,1,1,"0","0","0","0",0,0,0,0,"0","0","0",NA,0,1,0,0,"0","0","0",NA,0,0,0,0,"0","0","0",NA,0,0,0,0,"0","0","0",NA,0,0,0,0,"0","0","0",NA,0,0,0,0,"0","0","0",NA,NA,NA,NA,NA,1,2,3,4,NA,NA,NA,NA,0,1,0,0,1,"MOCR5009",14,5009,NA,"Point",2521.46,NA,0.0992546591664861,0,1,0,0,"MOCR_5009_1645","MOCR_5010_1671",0.43278052494667,"MOCR_5010_1671",0.43278052494667,"MOCR_5063_1715",4.45869342576881,"MOCR_5010_1671",0.43278052494667,NA,41.40942553,-111.5340326,41.40942941,-111.5340331,NA,-5.54127541361699,41.40942941,-111.5340331,NA,-5.54127541361699,41.4094042,-111.5340778,NA,-122.080509303336,41.40942941,-111.5340331,NA,-5.54127541361699
"2","MOCR",5021,"ABCO",19.8,64.1,7.7,0,"0",1,1,1,1,"0","0","0","0",1,1,2,2,"0","0","0","0",0,0,0,0,"0","0","0",NA,0,0,0,0,"0","0","0",NA,0,0,0,0,"0","0","0",NA,0,0,0,0,"0","0","0",NA,0,0,0,0,"0","0","0",NA,0,0,0,0,"0","0","0",NA,NA,NA,NA,NA,1,2,3,4,NA,NA,NA,NA,0,0,0,0,0,"MOCR5021",24,5021,NA,"Point",2523.744,NA,0.0771002672571239,0,0,0,0,"MOCR_5021_1646","MOCR_5034_1690",6.17219789091248,"MOCR_5041_1695",2.54463020546826,"MOCR_5040_1694",3.42860827983561,"MOCR_5040_1694",3.42860827983561,NA,41.40941763,-111.5337533,41.40937597,-111.5337044,NA,138.533553862379,41.4093992,-111.5337714,NA,-143.522047926912,41.40938977,-111.533771,NA,-154.438317763094,41.40938977,-111.533771,NA,-154.438317763094
"3","MOCR",5022,"ABCO",23.5,87.4,12.9,0,"0",1,1,1,1,"0","0","0","0",NA,NA,0,0,"0","0","0","0",0,0,0,0,"0","0","0",NA,0,0,0,0,"0","0","0",NA,0,0,0,0,"0","0","0",NA,0,0,0,0,"0","0","0",NA,0,0,0,0,"0","0","0",NA,0,0,0,0,"0","0","0",NA,"Rot in area","Rot in area","Rot in area","Rot in area",1,2,3,4,NA,NA,NA,NA,0,0,0,0,0,"MOCR5022",25,5022,NA,"Point",2527.906,NA,0.0729921063398333,0,0,0,0,"MOCR_5022_1647","MOCR_5034_1690",2.43746767131038,"MOCR_5034_1690",2.43746767131038,"MOCR_5035_1691",2.43746767131038,"MOCR_5034_1690",2.43746767131038,NA,41.40939732,-111.5337112,41.40937597,-111.5337044,NA,166.516057697376,41.40937597,-111.5337044,NA,166.516057697376,41.40937597,-111.5337044,NA,166.516057697376,41.40937597,-111.5337044,NA,166.516057697376
"4","MOCR",5038,"ABCO",5.6,NA,NA,1,"0",1,1,NA,NA,"0","0",NA,NA,2,NA,NA,NA,"0","0",NA,NA,0,0,NA,NA,"0",NA,NA,NA,0,0,NA,NA,"0",NA,NA,NA,0,0,NA,NA,"0",NA,NA,NA,0,0,NA,NA,"0",NA,NA,NA,0,0,NA,NA,"0",NA,NA,NA,0,0,NA,NA,"0",NA,NA,NA,"Rot in area","Rot in area / not found",NA,NA,1,2,NA,NA,NA,NA,NA,NA,0,0,NA,NA,NA,"MOCR5038",36,5038,NA,"Point",2526.125,NA,0.0560511817776509,0,0,NA,NA,"MOCR_5038_1648","MOCR_5032_1688",7.61498448689042,"MOCR_5032_1688",7.61498448689042,"MOCR_5032_1688",7.61498448689042,"MOCR_5032_1688",7.61498448689042,NA,41.40931674,-111.5335348,41.40938442,-111.5335496,NA,-9.34871523914044,41.40938442,-111.5335496,NA,-9.34871523914044,41.40938442,-111.5335496,NA,-9.34871523914044,41.40938442,-111.5335496,NA,-9.34871523914044
"5","MOCR",5042,"ABCO",3,8.6,0.9,0,"0",1,1,1,1,"0","0","BO","BO",2,2,1,2,"0","0","0","0",0,0,0,0,"0","0","0",NA,0,0,0,1,"0","0","0",NA,0,0,0,0,"0","0","0",NA,0,0,0,0,"0","0","0",NA,0,0,0,0,"0","0","0",NA,0,0,0,0,"0","0","0",NA,"Rot in area","Rot in area","Rot in area","Rot in area",1,2,3,4,NA,NA,NA,NA,0,0,0,1,1,"MOCR5042",40,5042,NA,"Point",2522.1,NA,0.0748566474988296,0,0,0,1,"MOCR_5042_1649","MOCR_5045_1697",6.27277820354218,"MOCR_5040_1694",6.01187025671789,"MOCR_5040_1694",6.01187025671789,"MOCR_5040_1694",6.01187025671789,NA,41.40933593,-111.5337633,41.40930717,-111.5338279,NA,-120.598226212547,41.40938977,-111.533771,NA,-6.14532107283184,41.40938977,-111.533771,NA,-6.14532107283184,41.40938977,-111.533771,NA,-6.14532107283184
"6","MOCR",5043,"ABCO",9.9,12.2,0,0,"0",1,1,1,1,"0","0","BO","0",1,0,0,0,"0","0","0","0",0,0,0,0,"0","0","0",NA,0,0,0,0,"0","0","0",NA,0,0,0,0,"0","0","0",NA,0,0,0,0,"0","0","0",NA,0,0,0,0,"0","0","0",NA,0,0,0,0,"0","0","0",NA,NA,NA,NA,NA,1,2,3,4,NA,NA,NA,NA,0,0,0,0,0,"MOCR5043",41,5043,NA,"Point",2525.318,NA,0.0751430708470735,0,0,0,0,"MOCR_5043_1650","MOCR_5045_1697",4.24605336616179,"MOCR_5045_1697",4.24605336616179,"MOCR_5045_1697",4.24605336616179,"MOCR_5042_1649",3.4262271416104,NA,41.40930687,-111.5337771,41.40930717,-111.5338279,NA,-89.55055054346,41.40930717,-111.5338279,NA,-89.55055054346,41.40930717,-111.5338279,NA,-89.55055054346,41.40933593,-111.5337633,NA,19.6725509781378
"7","MOCR",5134,"ABLA",13.3,NA,NA,1,"0",1,1,1,1,"0","BO","BO","BO",1,1,1,1,"0","0","0","0",2,2,2,2,"0","0","0",NA,0,0,0,0,"0","0","0",NA,0,0,0,0,"0","0","0",NA,0,0,0,0,"0","0","0",NA,0,0,0,0,"0","0","0",NA,0,0,0,0,"0","0","0",NA,NA,NA,NA,NA,1,2,3,4,NA,NA,NA,NA,1,1,1,1,0,"MOCR5134",119,5134,NA,"Point",2532.517,NA,0.0709212768363615,1,1,1,1,"MOCR_5134_1651","MOCR_5135_1774",2.16966612693962,"MOCR_5135_1774",2.16966612693962,"MOCR_5275_1898",3.39635021463207,"MOCR_5135_1774",2.16966612693962,NA,41.4091917,-111.5337495,41.40920231,-111.5337713,NA,-57.1183500333837,41.40920231,-111.5337713,NA,-57.1183500333837,41.40916225,-111.5337385,NA,164.294026615766,41.40920231,-111.5337713,NA,-57.1183500333837
"8","MOCR",1,"ABLA",2.5,16.4,1.5,0,"0",1,1,1,1,"0","0","0","BO",0,0,0,0,"0","0","0","0",0,0,0,0,"0","0","0",NA,0,0,0,0,"0","0","0",NA,0,0,0,1,"0","0","0",NA,0,0,0,0,"0","0","0",NA,0,0,0,0,"0","0","0",NA,0,0,0,0,"0","0","0",NA,NA,NA,NA,NA,1,2,3,4,NA,NA,NA,NA,0,0,0,1,1,"MOCR1",NA,1,NA,"Point",2515.734,NA,0.103708563513837,0,0,0,1,"MOCR_1_1652","MOCR_5008_1670",4.15609310577424,"MOCR_5001_1663",4.07390887548259,"MOCR_5063_1715",6.08265168322996,"MOCR_5003_1665",1.65523820521902,NA,41.40945891,-111.5340739,41.40943217,-111.5340391,NA,135.585473907289,41.4094911,-111.5340973,NA,-28.6904894219249,41.4094042,-111.5340778,NA,-176.928078450683,41.40945861,-111.5340937,NA,-91.1529539377086
"9","MOCR",2,"ABLA",1.3,8,3.6,0,"0",1,1,1,1,"BO","0","0","0",0,0,0,0,"0","0","0","0",0,0,0,0,"0","0","0",NA,1,0,0,0,"0","0","0",NA,0,0,0,0,"0","0","0",NA,0,0,0,0,"0","0","0",NA,0,0,0,0,"0","0","0",NA,0,0,0,0,"0","0","0",NA,NA,NA,NA,NA,1,2,3,4,NA,NA,NA,NA,1,0,0,0,0,"MOCR2",NA,2,NA,"Point",2515.734,NA,0.103708563513837,1,0,0,0,"MOCR_2_1653","MOCR_5008_1670",4.15609310577424,"MOCR_5001_1663",4.07390887548259,"MOCR_5063_1715",6.08265168322996,"MOCR_5003_1665",1.65523820521902,NA,41.40945891,-111.5340739,41.40943217,-111.5340391,NA,135.585473907289,41.4094911,-111.5340973,NA,-28.6904894219249,41.4094042,-111.5340778,NA,-176.928078450683,41.40945861,-111.5340937,NA,-91.1529539377086
"10","MOCR",3,"ABLA",1.2,8.6,0,0,"0",1,1,1,1,"0","0","0","0",0,0,0,0,"0","0","0","0",0,0,0,0,"0","0","0",NA,0,0,0,0,"0","0","0",NA,0,0,0,0,"0","0","0",NA,0,0,0,0,"0","0","0",NA,0,0,0,0,"0","0","0",NA,0,0,0,0,"0","0","0",NA,NA,NA,NA,NA,1,2,3,4,NA,NA,NA,NA,0,0,0,0,0,"MOCR3",NA,3,NA,"Point",2515.734,NA,0.103708563513837,0,0,0,0,"MOCR_3_1654","MOCR_5008_1670",4.15609310577424,"MOCR_5001_1663",4.07390887548259,"MOCR_5063_1715",6.08265168322996,"MOCR_5003_1665",1.65523820521902,NA,41.40945891,-111.5340739,41.40943217,-111.5340391,NA,135.585473907289,41.4094911,-111.5340973,NA,-28.6904894219249,41.4094042,-111.5340778,NA,-176.928078450683,41.40945861,-111.5340937,NA,-91.1529539377086
"11","MOCR",4,"ABLA",NA,3.1,NA,0,"0",1,1,1,1,"0","0","0","0",0,0,0,0,"0","0","0","0",0,0,0,0,"0","0","0",NA,0,0,0,0,"0","0","0",NA,0,0,0,0,"0","0","0",NA,0,0,0,0,"0","0","0",NA,0,0,0,0,"0","0","0",NA,0,0,0,0,"0","0","0",NA,"Rot in area","Rot in area","Rot in area","Rot in area",1,2,3,4,NA,NA,NA,NA,0,0,0,0,0,"MOCR4",NA,4,NA,"Point",2515.734,NA,0.103708563513837,0,0,0,0,"MOCR_4_1655","MOCR_5008_1670",4.15609310577424,"MOCR_5001_1663",4.07390887548259,"MOCR_5063_1715",6.08265168322996,"MOCR_5003_1665",1.65523820521902,NA,41.40945891,-111.5340739,41.40943217,-111.5340391,NA,135.585473907289,41.4094911,-111.5340973,NA,-28.6904894219249,41.4094042,-111.5340778,NA,-176.928078450683,41.40945861,-111.5340937,NA,-91.1529539377086
"12","MOCR",5,"ABLA",1.6,NA,NA,0,"0",1,1,1,1,"0","BO","0","0",0,0,0,0,"0","0","0","0",0,0,0,0,"0","0","0",NA,0,0,0,0,"0","0","0",NA,0,0,0,0,"0","0","0",NA,0,0,0,0,"0","0","0",NA,0,1,0,0,"0","0","0",NA,0,0,0,0,"0","0","0",NA,NA,NA,NA,NA,1,2,3,4,NA,NA,NA,NA,0,1,0,0,1,"MOCR5",NA,5,NA,"Point",2515.734,NA,0.103708563513837,0,1,0,0,"MOCR_5_1656","MOCR_5008_1670",4.15609310577424,"MOCR_5001_1663",4.07390887548259,"MOCR_5063_1715",6.08265168322996,"MOCR_5003_1665",1.65523820521902,NA,41.40945891,-111.5340739,41.40943217,-111.5340391,NA,135.585473907289,41.4094911,-111.5340973,NA,-28.6904894219249,41.4094042,-111.5340778,NA,-176.928078450683,41.40945861,-111.5340937,NA,-91.1529539377086
"13","MOCR",6,"ABLA",NA,5.8,NA,0,"0",1,1,1,1,"BO","BR, BO","BR, BO","BR, BO",0,1,1,1,"0","0","0","0",0,0,0,0,"0","0","0",NA,1,2,0,0,"0","0","0",NA,0,1,0,0,"0","0","0",NA,0,0,0,0,"0","0","0",NA,1,2,2,2,"0","0","0",NA,0,0,0,0,"0","0","0",NA,NA,NA,NA,NA,1,2,3,4,NA,NA,NA,NA,1,1,1,1,0,"MOCR6",43,6,NA,"Point",2524.585,NA,0.0792759697971124,1,1,1,1,"MOCR_6_1657","MOCR_5118_1763",0.962580760230139,"MOCR_5044_1696",0.846106818430444,"MOCR_5111_1759",1.8329366266063,"MOCR_5111_1759",1.8329366266063,NA,41.40930717,-111.5338279,41.4092985,-111.533828,NA,-179.50249285801,41.4093025,-111.5338359,NA,-127.789640388995,41.40929722,-111.5338454,NA,-127.061134116066,41.40929722,-111.5338454,NA,-127.061134116066
"14","MOCR",7,"ABLA",1.2,NA,NA,0,"0",1,1,1,1,"0","0","BO","0",1,1,1,1,"0","0","0","0",0,0,0,0,"0","0","0",NA,0,0,0,0,"0","0","0",NA,0,0,0,0,"0","0","0",NA,0,0,0,0,"0","0","0",NA,0,0,0,0,"0","0","0",NA,0,0,0,0,"0","0","0",NA,NA,NA,NA,NA,1,2,3,4,NA,NA,NA,NA,0,0,0,0,0,"MOCR7",NA,7,NA,"Point",2526.837,NA,0.0967996142734915,0,0,0,0,"MOCR_7_1658","MOCR_5050_1702",2.50196393805924,"MOCR_5050_1702",2.50196393805924,"MOCR_5069_1720",3.04448814898456,"MOCR_5050_1702",2.50196393805924,NA,41.40937616,-111.5340215,41.40937952,-111.5339919,NA,81.4255682733546,41.40937952,-111.5339919,NA,81.4255682733546,41.40936455,-111.5340545,NA,-115.047495917788,41.40937952,-111.5339919,NA,81.4255682733546
"15","MOCR",8,"ABLA",1,NA,NA,0,"0",1,1,1,1,"0","0","0","0",0,1,1,1,"0","0","0","0",0,0,0,0,"0","0","0",NA,0,0,0,0,"0","0","0",NA,0,0,0,0,"0","0","0",NA,0,0,0,0,"0","0","0",NA,0,0,0,0,"0","0","0",NA,0,0,0,0,"0","0","0",NA,NA,NA,NA,NA,1,2,3,4,NA,NA,NA,NA,0,0,0,0,0,"MOCR8",NA,8,NA,"Point",2526.837,NA,0.0967996142734915,0,0,0,0,"MOCR_8_1659","MOCR_5050_1702",2.50196393805924,"MOCR_5050_1702",2.50196393805924,"MOCR_5069_1720",3.04448814898456,"MOCR_5050_1702",2.50196393805924,NA,41.40937616,-111.5340215,41.40937952,-111.5339919,NA,81.4255682733546,41.40937952,-111.5339919,NA,81.4255682733546,41.40936455,-111.5340545,NA,-115.047495917788,41.40937952,-111.5339919,NA,81.4255682733546
"16","MOCR",9,"ABLA",NA,3.5,NA,0,"0",1,1,1,1,"BO","BO","0","0",1,0,0,0,"0","0","0","0",0,0,0,0,"0","0","0",NA,0,0,0,0,"0","0","0",NA,0,1,0,0,"0","0","0",NA,0,0,0,0,"0","0","0",NA,1,0,0,0,"0","0","0",NA,0,0,0,0,"0","0","0",NA,NA,NA,NA,NA,1,2,3,4,NA,NA,NA,NA,1,1,0,0,0,"MOCR9",NA,9,NA,"Point",2526.837,NA,0.0967996142734915,1,1,0,0,"MOCR_9_1660","MOCR_5050_1702",2.50196393805924,"MOCR_5050_1702",2.50196393805924,"MOCR_5069_1720",3.04448814898456,"MOCR_5050_1702",2.50196393805924,NA,41.40937616,-111.5340215,41.40937952,-111.5339919,NA,81.4255682733546,41.40937952,-111.5339919,NA,81.4255682733546,41.40936455,-111.5340545,NA,-115.047495917788,41.40937952,-111.5339919,NA,81.4255682733546
"17","MOCR",10,"ABLA",NA,6.5,NA,0,"0",1,1,1,1,"0","0","0","0",0,0,0,0,"0","0","0","0",0,0,0,0,"0","0","0",NA,0,0,0,0,"0","0","0",NA,0,0,0,0,"0","0","0",NA,0,0,0,0,"0","0","0",NA,0,0,0,0,"0","0","0",NA,0,0,0,0,"0","0","0",NA,NA,NA,NA,NA,1,2,3,4,NA,NA,NA,NA,0,0,0,0,0,"MOCR10",NA,10,NA,"Point",2522.152,NA,0.096648750806948,0,0,0,0,"MOCR_10_1661","MOCR_5049_1701",1.57492400394914,"MOCR_9_1660",1.57492400394914,"MOCR_5069_1720",4.32098465291498,"MOCR_5049_1701",1.57492400394914,NA,41.40938939,-111.5340147,41.40937616,-111.5340215,NA,-158.846035250099,41.40937616,-111.5340215,NA,-158.846035250099,41.40936455,-111.5340545,NA,-129.65922343754,41.40937616,-111.5340215,NA,-158.846035250099
"18","MOCR",11,"ABLA",NA,6,NA,0,"0",1,1,1,1,"0","0","0","0",1,1,0,0,"0","0","0","0",0,0,0,0,"0","0","0",NA,0,0,0,0,"0","0","0",NA,0,0,0,0,"0","0","0",NA,0,0,0,0,"0","0","0",NA,0,0,0,0,"0","0","0",NA,0,0,0,0,"0","0","0",NA,NA,NA,NA,NA,1,2,3,4,NA,NA,NA,NA,0,0,0,0,0,"MOCR11",52,11,NA,"Point",2517.042,NA,0.0976278776220737,0,0,0,0,"MOCR_11_1662","MOCR_5014_1675",1.1530302568142,"MOCR_5014_1675",1.1530302568142,"MOCR_5063_1715",5.03038017140697,"MOCR_5010_1671",2.38716205396178,NA,41.40941102,-111.5340183,41.40942067,-111.5340132,NA,21.6964683071987,41.40942067,-111.5340132,NA,21.6964683071987,41.4094042,-111.5340778,NA,-98.6568636654397,41.40942941,-111.5340331,NA,-31.2107868135805
"19","MOCR",5001,"ABLA",10.2,49.5,0,0,"0",1,1,1,1,"0","BO","BO","0",1,1,0,1,"0","0","0","0",0,0,0,0,"0","0","0",NA,0,0,0,0,"0","0","0",NA,0,1,0,0,"0","0","0",NA,0,0,0,0,"0","0","0",NA,0,0,0,0,"0","0","0",NA,0,0,0,0,"0","0","0",NA,NA,NA,NA,NA,1,2,3,4,NA,NA,NA,NA,0,1,0,0,1,"MOCR5001",5,5001,NA,"Point",2522.91,NA,0.106773338033382,0,1,0,0,"MOCR_5001_1663","MOCR_2_1653",4.07390887548259,"MOCR_5_1656",4.07390887548259,"MOCR_5063_1715",9.78434863554879,"MOCR_5003_1665",3.61957209419011,NA,41.4094911,-111.5340973,41.40945891,-111.5340739,NA,151.309495100475,41.40945891,-111.5340739,NA,151.309495100475,41.4094042,-111.5340778,NA,170.411244763014,41.40945861,-111.5340937,NA,175.231555360748
"20","MOCR",5002,"ABLA",12.9,52.4,0,0,"0",1,1,1,1,"BO","BO","0","BO",0,0,0,0,"0","0","0","0",0,0,0,0,"0","0","0",NA,0,0,0,0,"0","0","0",NA,0,0,0,0,"0","0","0",NA,0,0,0,1,"0","0","0",NA,1,1,0,0,"0","0","0",NA,0,0,0,0,"0","0","0",NA,NA,NA,"w/ 1,2,3,4,5 bifur",NA,1,2,3,4,NA,NA,NA,NA,1,1,0,1,0,"MOCR5002",6,5002,NA,"Point",2515.734,NA,0.103708563513837,1,1,0,1,"MOCR_5002_1664","MOCR_5008_1670",4.15609310577424,"MOCR_5001_1663",4.07390887548259,"MOCR_5063_1715",6.08265168322996,"MOCR_5003_1665",1.65523820521902,NA,41.40945891,-111.5340739,41.40943217,-111.5340391,NA,135.585473907289,41.4094911,-111.5340973,NA,-28.6904894219249,41.4094042,-111.5340778,NA,-176.928078450683,41.40945861,-111.5340937,NA,-91.1529539377086
"21","MOCR",5003,"ABLA",1.3,9,0,0,"0",1,1,1,1,"0","0","0","BO",0,0,0,0,"0","0","0","0",0,0,0,0,"0","0","0",NA,0,0,0,0,"0","0","0",NA,0,0,0,0,"0","0","0",NA,0,0,0,0,"0","0","0",NA,0,0,0,1,"0","0","0",NA,0,0,0,0,"0","0","0",NA,NA,NA,NA,NA,1,2,3,4,NA,NA,NA,NA,0,0,0,1,1,"MOCR5003",7,5003,NA,"Point",2517.662,NA,0.105256507231064,0,0,0,1,"MOCR_5003_1665","MOCR_2_1653",1.65523820521902,"MOCR_5_1656",1.65523820521902,"MOCR_5063_1715",6.18506161207926,"MOCR_1_1652",1.65523820521902,NA,41.40945861,-111.5340937,41.40945891,-111.5340739,NA,88.8470329658648,41.40945891,-111.5340739,NA,88.8470329658648,41.4094042,-111.5340778,NA,167.592533335218,41.40945891,-111.5340739,NA,88.8470329658648
"22","MOCR",5004,"ABLA",NA,3.4,NA,0,"0",1,1,1,1,"0","0","0","0",0,1,0,0,"0","0","0","0",0,0,0,0,"0","0","0",NA,0,0,0,0,"0","0","0",NA,0,0,0,0,"0","0","0",NA,0,0,0,0,"0","0","0",NA,0,0,0,0,"0","0","0",NA,0,0,0,0,"0","0","0",NA,NA,NA,NA,NA,1,2,3,4,NA,NA,NA,NA,0,0,0,0,0,"MOCR5004",8,5004,NA,"Point",2519.303,NA,0.104281415480365,0,0,0,0,"MOCR_5004_1666","MOCR_2_1653",0.643962983503293,"MOCR_5_1656",0.643962983503293,"MOCR_5063_1715",6.54235249119019,"MOCR_1_1652",0.643962983503293,NA,41.40946312,-111.5340792,41.40945891,-111.5340739,NA,136.536266566742,41.40945891,-111.5340739,NA,136.536266566742,41.4094042,-111.5340778,NA,178.975179922754,41.40945891,-111.5340739,NA,136.536266566742
"23","MOCR",5005,"ABLA",NA,2.6,NA,0,"0",1,1,1,1,"0","0","0","0",0,1,1,0,"0","0","0","0",0,0,0,0,"0","0","0",NA,0,0,0,0,"0","0","0",NA,0,0,0,0,"0","0","0",NA,0,0,0,0,"0","0","0",NA,0,0,0,0,"0","0","0",NA,0,0,0,0,"0","0","0",NA,NA,NA,NA,NA,1,2,3,4,NA,NA,NA,NA,0,0,0,0,0,"MOCR5005",9,5005,NA,"Point",2519.723,NA,0.106422367551394,0,0,0,0,"MOCR_5005_1667","MOCR_2_1653",2.7285407040763,"MOCR_5_1656",2.7285407040763,"MOCR_5063_1715",7.14443308054925,"MOCR_5003_1665",1.22010442355648,NA,41.40946508,-111.5341055,41.40945891,-111.5340739,NA,104.539515041772,41.40945891,-111.5340739,NA,104.539515041772,41.4094042,-111.5340778,NA,161.091622137371,41.40945861,-111.5340937,NA,126.06624517155
"24","MOCR",5006,"ABLA",NA,3.5,NA,0,"0",1,1,1,1,"0","0","0","0",0,1,0,0,"0","0","0","0",0,0,0,0,NA,"0","0",NA,0,0,0,0,"0","0","0",NA,0,0,0,0,"0","0","0",NA,0,0,0,0,NA,"0","0",NA,0,0,0,0,"0","0","0",NA,0,0,0,0,"0","0","0",NA,"North low obstructed, South low obstructed","North low obstructed, South low obstructed","North low obstructed, South low obstructed","North low obstructed, South low obstructed",1,2,3,4,NA,NA,NA,NA,0,0,0,0,0,"MOCR5006",11,5006,NA,"Point",2520.452,NA,0.104995897627924,0,0,0,0,"MOCR_5006_1668","MOCR_2_1653",2.41169429047817,"MOCR_5_1656",2.41169429047817,"MOCR_5063_1715",4.82153920683733,"MOCR_5003_1665",1.49371300862833,NA,41.40944531,-111.5340964,41.40945891,-111.5340739,NA,51.2397048137952,41.40945891,-111.5340739,NA,51.2397048137952,41.4094042,-111.5340778,NA,161.190075989915,41.40945861,-111.5340937,NA,8.68945879410299
"25","MOCR",5007,"ABLA",NA,3.3,NA,0,"0",1,1,1,1,"0","0","0","0",0,0,0,0,"0","0","0","0",0,0,0,0,"0","0","0",NA,0,0,0,0,"0","0","0",NA,0,0,0,0,"0","0","0",NA,0,0,0,0,"0","0","0",NA,0,0,0,0,"0","0","0",NA,0,0,0,0,"0","0","0",NA,NA,NA,"low under snow",NA,1,2,3,4,NA,NA,NA,NA,0,0,0,0,0,"MOCR5007",12,5007,NA,"Point",2520.742,NA,0.101745013971656,0,0,0,0,"MOCR_5007_1669","MOCR_5008_1670",2.13010436256332,"MOCR_5066_1717",1.83373987314982,"MOCR_5063_1715",2.7621599034501,"MOCR_5010_1671",2.55953870088859,NA,41.40942663,-111.5340635,41.40943217,-111.5340391,NA,73.2173097208044,41.40941189,-111.5340734,NA,-153.176893695209,41.4094042,-111.5340778,NA,-154.360458018439,41.40942941,-111.5340331,NA,83.0742598420371
"26","MOCR",5008,"ABLA",3.9,27.5,0,0,"0",1,1,1,1,"BO","BO","0","0",0,0,0,0,"0","0","0","0",0,0,0,0,"0","0","0",NA,0,0,0,0,"0","0","0",NA,0,0,0,0,"0","0","0",NA,0,1,0,0,"0","0","0",NA,1,1,0,0,"0","0","0",NA,0,0,0,0,"0","0","0",NA,NA,NA,NA,NA,1,2,3,4,NA,NA,NA,NA,1,1,0,0,0,"MOCR5008",13,5008,NA,"Point",2521.287,NA,0.100000223456959,1,1,0,0,"MOCR_5008_1670","MOCR_5010_1671",0.58768928619175,"MOCR_5010_1671",0.58768928619175,"MOCR_5063_1715",4.48386150845369,"MOCR_5010_1671",0.58768928619175,NA,41.40943217,-111.5340391,41.40942941,-111.5340331,NA,121.425561433143,41.40942941,-111.5340331,NA,121.425561433143,41.4094042,-111.5340778,NA,-133.831134471372,41.40942941,-111.5340331,NA,121.425561433143
"27","MOCR",5010,"ABLA",9.4,49.9,0,1,"0",1,1,1,1,"BO","BO","0","BO",1,1,1,1,"0","0","0","0",1,1,0,0,"0","0","0",NA,1,2,0,0,"0","0","0",NA,0,0,0,1,"0","0","0",NA,0,0,0,0,"0","0","0",NA,1,1,0,0,"0","0","0",NA,2,2,0,0,"0","0","0",NA,NA,NA,NA,NA,1,2,3,4,NA,NA,NA,NA,1,1,0,1,0,"MOCR5010",NA,5010,NA,"Point",2521.592,NA,0.0994287545169222,1,1,0,1,"MOCR_5010_1671","MOCR_5008_1670",0.58768928619175,"MOCR_5009_1645",0.43278052494667,"MOCR_5063_1715",4.6681483610296,"MOCR_5057_1709",2.38716205396178,NA,41.40942941,-111.5340331,41.40943217,-111.5340391,NA,-58.5744345982449,41.40942553,-111.5340326,NA,174.458724255665,41.4094042,-111.5340778,NA,-126.838106756912,41.40941102,-111.5340183,NA,148.789203397179
"28","MOCR",5011,"ABLA",4.3,36.2,0,1,"0",1,1,1,1,"BO","BO","0","0",0,0,0,0,"0","0","0","0",0,0,0,0,"0","0","0",NA,0,0,0,0,"0","0","0",NA,1,0,0,0,"0","0","0",NA,0,0,0,0,"0","0","0",NA,0,0,0,0,"0","0","0",NA,0,1,0,0,"0","0","0",NA,NA,NA,NA,NA,1,2,3,4,NA,NA,NA,NA,1,1,0,0,0,"MOCR5011",NA,5011,NA,"Point",2521.592,NA,0.0994287545169222,1,1,0,0,"MOCR_5011_1672","MOCR_5008_1670",0.58768928619175,"MOCR_5009_1645",0.43278052494667,"MOCR_5063_1715",4.6681483610296,"MOCR_5057_1709",2.38716205396178,NA,41.40942941,-111.5340331,41.40943217,-111.5340391,NA,-58.5744345982449,41.40942553,-111.5340326,NA,174.458724255665,41.4094042,-111.5340778,NA,-126.838106756912,41.40941102,-111.5340183,NA,148.789203397179
"29","MOCR",5012,"ABLA",2.5,10.4,0,0,"0",1,1,1,1,"BR, BO","BR, BO","BO","BR, BO",0,2,1,1,"0","0","0","0",0,1,0,0,"0","0","0",NA,1,1,0,1,"0","0","0",NA,1,1,0,1,"0","0","0",NA,0,0,0,0,"0","0","0",NA,0,1,0,0,"0","0","0",NA,0,0,0,0,"0","0","0",NA,NA,NA,NA,NA,1,2,3,4,NA,NA,NA,NA,1,1,0,1,0,"MOCR5012",15,5012,NA,"Point",2521.592,NA,0.0994287545169222,1,1,0,1,"MOCR_5012_1673","MOCR_5008_1670",0.58768928619175,"MOCR_5009_1645",0.43278052494667,"MOCR_5063_1715",4.6681483610296,"MOCR_5057_1709",2.38716205396178,NA,41.40942941,-111.5340331,41.40943217,-111.5340391,NA,-58.5744345982449,41.40942553,-111.5340326,NA,174.458724255665,41.4094042,-111.5340778,NA,-126.838106756912,41.40941102,-111.5340183,NA,148.789203397179
"30","MOCR",5013,"ABLA",NA,7,NA,0,"0",1,1,1,1,"0","0","BO","0",0,0,0,0,"0","0","0","0",0,0,0,0,"0","0","0",NA,0,0,0,0,"0","0","0",NA,0,0,0,0,"0","0","0",NA,0,0,0,0,"0","0","0",NA,0,0,0,0,"0","0","0",NA,0,0,0,0,"0","0","0",NA,NA,NA,NA,NA,1,2,3,4,NA,NA,NA,NA,0,0,0,0,0,"MOCR5013",16,5013,NA,"Point",2522.175,NA,0.0998657972976746,0,0,0,0,"MOCR_5013_1674","MOCR_5010_1671",1.04476719891043,"MOCR_5009_1645",0.823566501481489,"MOCR_5063_1715",3.64508485990202,"MOCR_5010_1671",1.04476719891043,NA,41.40942251,-111.5340416,41.40942941,-111.5340331,NA,42.8434047681465,41.40942553,-111.5340326,NA,65.9766830671686,41.4094042,-111.5340778,NA,-123.895259263856,41.40942941,-111.5340331,NA,42.8434047681465
"31","MOCR",5014,"ABLA",3.5,19.6,NA,0,"0",1,1,1,1,"0","BO","0","0",0,1,1,0,"0","0","0","0",0,0,0,0,"0","0","0",NA,1,1,0,0,"0","0","0",NA,0,0,0,0,"0","0","0",NA,0,0,0,0,"0","0","0",NA,0,0,0,0,"0","0","0",NA,0,0,0,0,"0","0","0",NA,NA,NA,NA,NA,1,2,3,4,NA,NA,NA,NA,1,1,0,0,0,"MOCR5014",17,5014,NA,"Point",2521.195,NA,0.0975489481977867,1,1,0,0,"MOCR_5014_1675","MOCR_5057_1709",1.1530302568142,"MOCR_5056_1708",1.1530302568142,"MOCR_5063_1715",5.70054614283011,"MOCR_5057_1709",1.1530302568142,NA,41.40942067,-111.5340132,41.40941102,-111.5340183,NA,-158.303528319482,41.40941102,-111.5340183,NA,-158.303528319482,41.4094042,-111.5340778,NA,-108.70881111075,41.40941102,-111.5340183,NA,-158.303528319482
"32","MOCR",5015,"ABLA",NA,6.4,NA,0,"0",1,1,1,1,"0","0","BO","0",0,1,0,0,"0","0","0","0",0,0,0,0,"0","0","0",NA,0,0,0,0,"0","0","0",NA,0,0,0,0,"0","0","0",NA,0,0,0,0,"0","0","0",NA,0,0,0,0,"0","0","0",NA,0,0,0,0,"0","0","0",NA,NA,NA,NA,NA,1,2,3,4,NA,NA,NA,NA,0,0,0,0,0,"MOCR5015",18,5015,NA,"Point",2523.613,NA,0.0958509207293857,0,0,0,0,"MOCR_5015_1676","MOCR_5014_1675",1.72059837641002,"MOCR_5014_1675",1.72059837641002,"MOCR_5063_1715",7.01727558497708,"MOCR_5057_1709",1.98689550245237,NA,41.40941372,-111.5339948,41.40942067,-111.5340132,NA,-63.3561770209091,41.40942067,-111.5340132,NA,-63.3561770209091,41.4094042,-111.5340778,NA,-98.6625793828538,41.40941102,-111.5340183,NA,-98.677089669806
"33","MOCR",5016,"ABLA",NA,5.1,NA,0,"0",1,1,1,1,"0","0","0","0",0,1,0,1,"0","0","0","0",0,0,0,0,NA,"0","0",NA,0,0,0,0,"0","0","0",NA,0,0,0,0,"0","0","0",NA,0,0,0,0,"0","0","0",NA,0,0,0,0,"0","0","0",NA,0,0,0,0,"0","0","0",NA,"North low obstructed, South low obstructed","North low obstructed, South low obstructed","North low obstructed, South low obstructed","North low obstructed, South low obstructed",1,2,3,4,NA,NA,NA,NA,0,0,0,0,0,"MOCR5016",19,5016,NA,"Point",2522.847,NA,0.0969518470966966,0,0,0,0,"MOCR_5016_1677","MOCR_5014_1675",2.80551462422345,"MOCR_5019_1680",2.70938844962327,"MOCR_5063_1715",8.0526650009894,"MOCR_5019_1680",2.70938844962327,NA,41.40944228,-111.5339958,41.40942067,-111.5340132,NA,-148.77666419109,41.40943467,-111.533965,NA,108.169418451852,41.4094042,-111.5340778,NA,-121.668194004642,41.40943467,-111.533965,NA,108.169418451852
"34","MOCR",5017,"ABLA",NA,NA,NA,0,"0",1,1,1,1,"0","0","0","0",0,0,0,1,"0","0","0","0",0,0,0,0,NA,"0",NA,NA,0,0,0,0,"0","0",NA,NA,0,0,0,0,"0","0",NA,NA,0,0,0,0,"0","0",NA,NA,0,0,0,0,"0","0",NA,NA,0,0,0,0,"0","0",NA,NA,NA,NA,"under snow/not found",NA,1,2,3,4,NA,NA,NA,NA,0,0,0,0,0,"MOCR5017",21,5017,NA,"Point",2520.153,NA,0.0993541609641562,0,0,0,0,"MOCR_5017_1678","MOCR_5008_1670",3.07814577781707,"MOCR_5008_1670",3.07814577781707,"MOCR_5063_1715",7.50164529691821,"MOCR_5010_1671",3.13378076820978,NA,41.40945583,-111.5340199,41.40943217,-111.5340391,NA,-148.577938009341,41.40943217,-111.5340391,NA,-148.577938009341,41.4094042,-111.5340778,NA,-139.826521953084,41.40942941,-111.5340331,NA,-159.386822572663
"35","MOCR",5018,"ABLA",NA,7,NA,0,"0",1,1,1,1,NA,"0","0","0",NA,1,1,2,NA,"0","0","0",0,0,0,0,NA,"0",NA,NA,0,0,0,0,NA,"0",NA,NA,0,0,0,0,NA,"0",NA,NA,0,0,0,0,NA,"0",NA,NA,0,0,0,0,NA,"0",NA,NA,0,0,0,0,NA,"0",NA,NA,"Buried",NA,"under snow/not found",NA,1,2,3,4,NA,NA,NA,NA,0,0,0,0,0,"MOCR5018",20,5018,NA,"Point",2519.778,NA,0.0966888266794364,0,0,0,0,"MOCR_5018_1679","MOCR_5014_1675",3.63575542692963,"MOCR_5019_1680",2.54502673651151,"MOCR_5063_1715",8.84220071921841,"MOCR_5019_1680",2.54502673651151,NA,41.40944818,-111.5339896,41.40942067,-111.5340132,NA,-147.14386340138,41.40943467,-111.533965,NA,126.110063325515,41.4094042,-111.5340778,NA,-123.518059821712,41.40943467,-111.533965,NA,126.110063325515
"36","MOCR",5019,"ABLA",13.4,56.3,0,0,"0",1,1,1,1,"0","BO","0","BO",1,1,1,1,"0","0","0","0",0,0,0,2,"0","0","0",NA,0,0,0,0,"0","0","0",NA,0,0,0,0,"0","0","0",NA,0,1,0,0,"0","0","0",NA,0,0,0,0,"0","0","0",NA,0,0,0,0,"0","0","0",NA,NA,NA,NA,NA,1,2,3,4,NA,NA,NA,NA,0,1,0,1,1,"MOCR5019",22,5019,NA,"Point",2523.175,NA,0.0942482992383345,0,1,0,1,"MOCR_5019_1680","MOCR_5014_1675",4.3180371533153,"MOCR_5014_1675",4.3180371533153,"MOCR_5063_1715",10.0164487002753,"MOCR_5057_1709",5.1710500897333,NA,41.40943467,-111.533965,41.40942067,-111.5340132,NA,-111.097170815551,41.40942067,-111.5340132,NA,-111.097170815551,41.4094042,-111.5340778,NA,-109.738159210627,41.40941102,-111.5340183,NA,-120.514382469847
"37","MOCR",5020,"ABLA",NA,6.2,NA,0,"0",1,1,1,1,"0","0","0","0",0,0,0,0,"0","0","0","0",0,0,0,0,"0","0",NA,NA,0,0,0,0,"0","0","0",NA,0,0,0,0,"0","0","0",NA,0,0,0,0,"0","0",NA,NA,0,0,0,0,"0","0","0",NA,0,0,0,0,"0","0","0",NA,NA,NA,"low under snow",NA,1,2,3,4,NA,NA,NA,NA,0,0,0,0,0,"MOCR5020",23,5020,NA,"Point",2521.39,NA,0.0936383156073796,0,0,0,0,"MOCR_5020_1681","MOCR_5014_1675",4.18139109573462,"MOCR_5019_1680",1.42237519113177,"MOCR_5063_1715",9.77854837709417,"MOCR_5019_1680",1.42237519113177,NA,41.40942193,-111.5339632,41.40942067,-111.5340132,NA,-91.9171293231229,41.40943467,-111.533965,NA,-6.07157852665556,41.4094042,-111.5340778,NA,-101.612742988601,41.40943467,-111.533965,NA,-6.07157852665556
"38","MOCR",5023,"ABLA",26.4,88.9,12.1,0,"0",1,1,1,1,"BO","BO","BO","BO",1,1,0,1,"0","0","0","0",0,2,2,2,"0","0","0","2-10",0,0,0,2,"0","0","0",NA,1,1,0,0,"0","0","0",NA,0,2,2,2,"0","0","0",NA,0,0,0,0,"0","0","0",NA,0,0,0,0,"0","0","0",NA,"Rot in area","Rot in area","Rot in area","Rot in area",1,2,3,4,NA,NA,NA,NA,1,1,1,1,0,"MOCR5023",26,5023,NA,"Point",2524.766,NA,0.0677696032929892,1,1,1,1,"MOCR_5023_1682","MOCR_5034_1690",6.39388688516549,"MOCR_5034_1690",6.39388688516549,"MOCR_5035_1691",6.39388688516549,"MOCR_5034_1690",6.39388688516549,NA,41.40940509,-111.5336384,41.40937597,-111.5337044,NA,-120.372796507784,41.40937597,-111.5337044,NA,-120.372796507784,41.40937597,-111.5337044,NA,-120.372796507784,41.40937597,-111.5337044,NA,-120.372796507784
"39","MOCR",5025,"ABLA",NA,5.9,NA,1,"0",1,1,1,1,"0","0","0","0",0,0,1,1,"0","0","0","0",0,0,0,0,"0","0","0",NA,0,0,0,0,"0","0","0",NA,0,0,0,0,"0","0","0",NA,0,0,0,0,"0","0","0",NA,0,0,0,0,"0","0","0",NA,0,0,0,0,"0","0","0",NA,NA,NA,NA,NA,1,2,3,4,NA,NA,NA,NA,0,0,0,0,0,"MOCR5025",28,5025,NA,"Point",2522.879,NA,0.0698595551056288,0,0,0,0,"MOCR_5025_1683","MOCR_5029_1686",2.74674087011963,"MOCR_5023_1682",10.4070270451788,"MOCR_5023_1682",10.4070270451788,"MOCR_5023_1682",10.4070270451788,NA,41.40949443,-111.5336007,41.40947299,-111.5335843,NA,150.063640030515,41.40940509,-111.5336384,NA,-162.375548177259,41.40940509,-111.5336384,NA,-162.375548177259,41.40940509,-111.5336384,NA,-162.375548177259
"40","MOCR",5026,"ABLA",2,9.9,0,0,"0",1,1,1,1,"0","0","0","0",0,0,1,1,"0","0","0","0",0,0,0,0,"0","0","0",NA,0,0,0,0,"0","0","0",NA,0,0,0,0,"0","0","0",NA,0,0,0,0,"0","0","0",NA,0,0,0,0,"0","0","0",NA,0,0,0,0,"0","0","0",NA,NA,NA,NA,NA,1,2,3,4,NA,NA,NA,NA,0,0,0,0,0,"MOCR5026",NA,5026,NA,"Point",2523.067,NA,0.0700035512940045,0,0,0,0,"MOCR_5026_1684","MOCR_5029_1686",2.95399178894326,"MOCR_5023_1682",10.6125053849856,"MOCR_5023_1682",10.6125053849856,"MOCR_5023_1682",10.6125053849856,NA,41.40949644,-111.533601,41.40947299,-111.5335843,NA,151.802406568377,41.40940509,-111.5336384,NA,-162.869348422361,41.40940509,-111.5336384,NA,-162.869348422361,41.40940509,-111.5336384,NA,-162.869348422361
"41","MOCR",5027,"ABLA",1.3,7.9,0,0,"0",1,1,1,1,"0","0","0","0",0,0,1,1,"0","0","0","0",0,0,0,0,"0","0","0",NA,0,0,0,0,"0","0","0",NA,0,0,0,0,"0","0","0",NA,0,0,0,0,"0","0","0",NA,0,0,0,0,"0","0","0",NA,0,0,0,0,"0","0","0",NA,NA,NA,NA,NA,1,2,3,4,NA,NA,NA,NA,0,0,0,0,0,"MOCR5027",29,5027,NA,"Point",2523.067,NA,0.0700035512940045,0,0,0,0,"MOCR_5027_1685","MOCR_5029_1686",2.95399178894326,"MOCR_5023_1682",10.6125053849856,"MOCR_5023_1682",10.6125053849856,"MOCR_5023_1682",10.6125053849856,NA,41.40949644,-111.533601,41.40947299,-111.5335843,NA,151.802406568377,41.40940509,-111.5336384,NA,-162.869348422361,41.40940509,-111.5336384,NA,-162.869348422361,41.40940509,-111.5336384,NA,-162.869348422361
"42","MOCR",5029,"ABLA",4,14.9,0,0,"0",1,1,1,1,"BO","0","BO","0",2,2,2,1,"0","0","0","0",0,0,0,0,"0","0","0",NA,0,0,0,0,"0","0","0",NA,1,0,0,0,"0","0","0",NA,0,0,0,0,"0","0","0",NA,0,0,0,0,"0","0","0",NA,0,0,0,0,"0","0","0",NA,"Rot in area","Rot in area","Rot in area","Rot in area",1,2,3,4,NA,NA,NA,NA,1,0,0,0,0,"MOCR5029",30,5029,NA,"Point",2523.82,NA,0.0674177564717566,1,0,0,0,"MOCR_5029_1686","MOCR_5023_1682",8.79042176463869,"MOCR_5023_1682",8.79042176463869,"MOCR_5023_1682",8.79042176463869,"MOCR_5023_1682",8.79042176463869,NA,41.40947299,-111.5335843,41.40940509,-111.5336384,NA,-149.043092004476,41.40940509,-111.5336384,NA,-149.043092004476,41.40940509,-111.5336384,NA,-149.043092004476,41.40940509,-111.5336384,NA,-149.043092004476
"43","MOCR",5031,"ABLA",NA,4.5,NA,1,"0",1,1,1,1,"0","0","0","0",2,2,1,1,"0","0","0","0",0,0,0,0,"0","0","0",NA,0,0,0,0,"0","0","0",NA,0,0,0,0,"0","0","0",NA,0,0,0,0,"0","0","0",NA,0,0,0,0,"0","0","0",NA,0,0,0,0,"0","0","0",NA,"1DB","1DB","1DB","1DB",1,2,3,4,NA,NA,NA,NA,0,0,0,0,0,"MOCR5031",32,5031,NA,"Point",2525.532,NA,0.0584101009565422,0,0,0,0,"MOCR_5031_1687","MOCR_5032_1688",2.42598052933197,"MOCR_5032_1688",2.42598052933197,"MOCR_5032_1688",2.42598052933197,"MOCR_5032_1688",2.42598052933197,NA,41.40939163,-111.5335222,41.40938442,-111.5335496,NA,-109.265801865911,41.40938442,-111.5335496,NA,-109.265801865911,41.40938442,-111.5335496,NA,-109.265801865911,41.40938442,-111.5335496,NA,-109.265801865911
"44","MOCR",5032,"ABLA",21.3,63.7,10.5,0,"0",1,1,1,1,"BO","BO","BO","BO",NA,NA,0,0,"0","0","0","0",2,2,2,2,"1-8","1-5","1–1","1-4",2,2,2,1,"1-0","0","0",NA,0,0,0,0,"0","0","0",NA,2,2,2,2,"0","0","0",NA,0,0,0,0,"0","0","0",NA,0,0,0,0,"0","0","0",NA,NA,NA,"broken top",NA,1,2,3,4,NA,NA,NA,NA,1,1,1,1,0,"MOCR5032",33,5032,NA,"Point",2525.519,NA,0.0600924757706095,1,1,1,1,"MOCR_5032_1688","MOCR_5023_1682",7.76865981044734,"MOCR_5023_1682",7.76865981044734,"MOCR_5023_1682",7.76865981044734,"MOCR_5023_1682",7.76865981044734,NA,41.40938442,-111.5335496,41.40940509,-111.5336384,NA,-72.8190339382474,41.40940509,-111.5336384,NA,-72.8190339382474,41.40940509,-111.5336384,NA,-72.8190339382474,41.40940509,-111.5336384,NA,-72.8190339382474
"45","MOCR",5033,"ABLA",15.4,57.7,9.4,0,"0",1,1,1,1,"0","0","0","BO",0,0,1,1,"0","0","0","0",0,0,0,1,"0","0","0",NA,0,0,0,0,"0","0","0",NA,0,0,0,0,"0","0","0",NA,0,0,0,0,"0","0","0",NA,0,0,0,0,"0","0","0",NA,0,0,0,0,"0","0","0",NA,NA,NA,NA,NA,1,2,3,4,NA,NA,NA,NA,0,0,0,1,1,"MOCR5033",34,5033,NA,"Point",2526.979,NA,0.0655532730978191,0,0,0,1,"MOCR_5033_1689","MOCR_5126_1768",4.61952563456036,"MOCR_5126_1768",4.61952563456036,"MOCR_5126_1768",4.61952563456036,"MOCR_5126_1768",4.61952563456036,NA,41.40929949,-111.533661,41.40927809,-111.5336136,NA,120.95078569799,41.40927809,-111.5336136,NA,120.95078569799,41.40927809,-111.5336136,NA,120.95078569799,41.40927809,-111.5336136,NA,120.95078569799
"46","MOCR",5034,"ABLA",3.4,23,0,0,"0",1,1,1,1,"BO","BO","BO","BO",1,1,1,1,"0","0","0","0",0,0,0,0,"0","0","0",NA,0,0,0,1,"0","0","0",NA,0,0,0,0,"0","0","0",NA,1,0,0,1,"0","0","0",NA,1,1,0,1,"0","0","0",NA,0,1,0,0,"0","0","0",NA,NA,NA,NA,NA,1,2,3,4,NA,NA,NA,NA,1,1,0,1,0,"MOCR5034",NA,5034,NA,"Point",2522.989,NA,0.0715965734829832,1,1,0,1,"MOCR_5034_1690","MOCR_5023_1682",6.39388688516549,"MOCR_5040_1694",5.77348834339313,"MOCR_5040_1694",5.77348834339313,"MOCR_5040_1694",5.77348834339313,NA,41.40937597,-111.5337044,41.40940509,-111.5336384,NA,59.6271598375195,41.40938977,-111.533771,NA,-74.6113770612721,41.40938977,-111.533771,NA,-74.6113770612721,41.40938977,-111.533771,NA,-74.6113770612721
"47","MOCR",5035,"ABLA",1.1,27,0,0,"0",1,1,1,1,"BO","BO","BO","BO",0,1,1,1,"0","0","0","0",0,0,0,1,"0","0","0",NA,0,1,0,1,"0","0","0",NA,0,0,0,0,"0","0","0",NA,0,0,0,1,"0","0","0",NA,0,0,0,0,"0","0","0",NA,2,2,2,2,"0","0","0",NA,NA,NA,NA,NA,1,2,3,4,NA,NA,NA,NA,1,1,1,1,0,"MOCR5035",NA,5035,NA,"Point",2522.989,NA,0.0715965734829832,1,1,1,1,"MOCR_5035_1691","MOCR_5023_1682",6.39388688516549,"MOCR_5040_1694",5.77348834339313,"MOCR_5040_1694",5.77348834339313,"MOCR_5040_1694",5.77348834339313,NA,41.40937597,-111.5337044,41.40940509,-111.5336384,NA,59.6271598375195,41.40938977,-111.533771,NA,-74.6113770612721,41.40938977,-111.533771,NA,-74.6113770612721,41.40938977,-111.533771,NA,-74.6113770612721
"48","MOCR",5036,"ABLA",25.8,11.6,0,0,"0",1,1,1,1,"0","BO","BO","0",1,1,1,2,"0","0","0","0",0,0,0,0,"0","0","0",NA,0,0,0,0,"0","0","0",NA,0,0,0,0,"0","0","0",NA,0,1,0,0,"0","0","0",NA,0,0,0,0,"0","0","0",NA,0,0,0,0,"0","0","0",NA,NA,NA,NA,NA,1,2,3,4,NA,NA,NA,NA,0,1,0,0,1,"MOCR5036",NA,5036,NA,"Point",2522.989,NA,0.0715965734829832,0,1,0,0,"MOCR_5036_1692","MOCR_5023_1682",6.39388688516549,"MOCR_5040_1694",5.77348834339313,"MOCR_5040_1694",5.77348834339313,"MOCR_5040_1694",5.77348834339313,NA,41.40937597,-111.5337044,41.40940509,-111.5336384,NA,59.6271598375195,41.40938977,-111.533771,NA,-74.6113770612721,41.40938977,-111.533771,NA,-74.6113770612721,41.40938977,-111.533771,NA,-74.6113770612721
"49","MOCR",5037,"ABLA",26.3,4.8,0,0,"0",1,1,1,1,"BO","BR, BO","BR, BO","BR, BO",0,1,1,2,"0","0","0","0",0,1,0,1,"0","0","0",NA,1,0,0,1,"0","0","0",NA,0,1,0,0,"0","0","0",NA,0,0,0,1,"0","0","0",NA,1,2,0,0,"0","0","0",NA,2,1,0,1,"0","0","0",NA,NA,NA,NA,NA,1,2,3,4,NA,NA,NA,NA,1,1,0,1,0,"MOCR5037",35,5037,NA,"Point",2522.989,NA,0.0715965734829832,1,1,0,1,"MOCR_5037_1693","MOCR_5023_1682",6.39388688516549,"MOCR_5040_1694",5.77348834339313,"MOCR_5040_1694",5.77348834339313,"MOCR_5040_1694",5.77348834339313,NA,41.40937597,-111.5337044,41.40940509,-111.5336384,NA,59.6271598375195,41.40938977,-111.533771,NA,-74.6113770612721,41.40938977,-111.533771,NA,-74.6113770612721,41.40938977,-111.533771,NA,-74.6113770612721
"50","MOCR",5040,"ABLA",2.2,62.4,11.8,0,"0",1,1,1,1,"0","BO","BO","BO",0,1,1,1,"0","0","0","0",0,0,0,1,"0","0","0",NA,0,0,0,0,"0","0","0",NA,0,0,0,0,"0","0","0",NA,0,2,2,2,"0","0","0",NA,0,0,0,0,"0","0","0",NA,0,0,0,0,"0","0","0",NA,NA,NA,"Broken top",NA,1,2,3,4,NA,NA,NA,NA,0,1,1,1,1,"MOCR5040",38,5040,NA,"Point",2524.997,NA,0.077336936093081,0,1,1,1,"MOCR_5040_1694","MOCR_5034_1690",5.77348834339313,"MOCR_5041_1695",1.04745345840073,"MOCR_5035_1691",5.77348834339313,"MOCR_5034_1690",5.77348834339313,NA,41.40938977,-111.533771,41.40937597,-111.5337044,NA,105.388578887177,41.4093992,-111.5337714,NA,-1.82906611988176,41.40937597,-111.5337044,NA,105.388578887177,41.40937597,-111.5337044,NA,105.388578887177
"51","MOCR",5041,"ABLA",3.4,37.7,6.3,0,"0",1,1,1,1,"0","BO","0","0",0,0,0,0,"0","0","0","0",0,0,0,0,"0","0","0",NA,0,0,0,0,"0","0","0",NA,0,0,0,0,"0","0","0",NA,0,0,0,0,"0","0","0",NA,0,1,0,0,"0","0","0",NA,0,0,0,0,"0","0","0",NA,NA,NA,NA,NA,1,2,3,4,NA,NA,NA,NA,0,1,0,0,1,"MOCR5041",39,5041,NA,"Point",2517.881,NA,0.0777372985500293,0,1,0,0,"MOCR_5041_1695","MOCR_5034_1690",6.16526153891472,"MOCR_5040_1694",1.04745345840073,"MOCR_5040_1694",1.04745345840073,"MOCR_5040_1694",1.04745345840073,NA,41.4093992,-111.5337714,41.40937597,-111.5337044,NA,114.72798542086,41.40938977,-111.533771,NA,178.170933615544,41.40938977,-111.533771,NA,178.170933615544,41.40938977,-111.533771,NA,178.170933615544
"52","MOCR",5044,"ABLA",14.2,19.5,0,0,"0",1,1,1,1,"0","BO","0","0",0,0,0,1,"0","0","0","0",0,0,0,0,"0","0","0",NA,0,0,0,0,"0","0","0",NA,0,0,0,0,"0","0","0",NA,0,1,0,0,"0","0","0",NA,0,0,0,0,"0","0","0",NA,0,0,0,0,"0","0","0",NA,NA,NA,NA,NA,1,2,3,4,NA,NA,NA,NA,0,1,0,0,1,"MOCR5044",42,5044,NA,"Point",2525.074,NA,0.0798139980112704,0,1,0,0,"MOCR_5044_1696","MOCR_5118_1763",0.795733596400381,"MOCR_5045_1697",0.846106818430444,"MOCR_5045_1697",0.846106818430444,"MOCR_5045_1697",0.846106818430444,NA,41.4093025,-111.5338359,41.4092985,-111.533828,NA,123.922900114455,41.40930717,-111.5338279,NA,52.2103543195351,41.40930717,-111.5338279,NA,52.2103543195351,41.40930717,-111.5338279,NA,52.2103543195351
"53","MOCR",5045,"ABLA",19,6.8,0,1,"0",1,1,1,1,"BR, BO","BR, BO","BR, BO","BR, BO",0,1,2,2,"0","0","0","0",0,0,0,0,"0","0","0",NA,2,2,2,1,"0","0","0",NA,0,0,0,1,"0","0","0",NA,0,0,0,0,"0","0","0",NA,0,0,0,0,"0","0","0",NA,0,0,0,0,"0","0","0",NA,"Broken top","Broken top","Broken top","Broken top",1,2,3,4,NA,NA,NA,NA,1,1,1,1,0,"MOCR5045",NA,5045,NA,"Point",2524.585,NA,0.0792759697971124,1,1,1,1,"MOCR_5045_1697","MOCR_5118_1763",0.962580760230139,"MOCR_5044_1696",0.846106818430444,"MOCR_5111_1759",1.8329366266063,"MOCR_5111_1759",1.8329366266063,NA,41.40930717,-111.5338279,41.4092985,-111.533828,NA,-179.50249285801,41.4093025,-111.5338359,NA,-127.789640388995,41.40929722,-111.5338454,NA,-127.061134116066,41.40929722,-111.5338454,NA,-127.061134116066
"54","MOCR",5046,"ABLA",6.5,31.8,2.7,1,"0",1,1,1,1,"BR, BO","BR, BO","BR, BO","BR, BO",1,1,2,2,"0","0","0","0",0,2,2,2,"0","0","0",NA,3,2,2,2,"2-1","2-1","2–0","2-0",2,2,2,2,NA,"1-2","0",NA,2,2,2,2,NA,"3-2","3–2","3-1",2,2,2,2,"3-0","0","0",NA,2,2,2,2,NA,"0","0",NA,"Rot in area","Rot in area","Rot in area/ damage to high split top","Rot in area",1,2,3,4,NA,NA,NA,NA,1,1,1,1,0,"MOCR5046",44,5046,NA,"Point",2527.701,NA,0.083557091097689,1,1,1,1,"MOCR_5046_1698","MOCR_5112_1760",4.09788727970782,"MOCR_5108_1757",3.24207083885994,"MOCR_5112_1760",4.09788727970782,"MOCR_5108_1757",3.24207083885994,NA,41.40932764,-111.5338742,41.40929683,-111.5338472,NA,146.585201131551,41.40929987,-111.5338862,NA,-161.979205347615,41.40929683,-111.5338472,NA,146.585201131551,41.40929987,-111.5338862,NA,-161.979205347615
"55","MOCR",5047,"ABLA",2.8,52.8,8,0,"0",1,1,1,1,"0","0","0","0",2,1,1,1,"0","0","0","0",0,0,0,0,"0","0","0",NA,0,0,0,0,"0","0","0",NA,0,0,0,0,"0","0","0",NA,0,0,0,0,"0","0","0",NA,0,0,0,0,"0","0","0",NA,0,0,0,0,"0","0","0",NA,"Broken top","Broken top","Broken top","Broken top",1,2,3,4,NA,NA,NA,NA,0,0,0,0,0,"MOCR5047",45,5047,NA,"Point",2526.329,NA,0.0877108373544381,0,0,0,0,"MOCR_5047_1699","MOCR_5046_1698",4.168043293355,"MOCR_5046_1698",4.168043293355,"MOCR_5046_1698",4.168043293355,"MOCR_5046_1698",4.168043293355,NA,41.40933859,-111.5339219,41.40932764,-111.5338742,NA,106.957619232807,41.40932764,-111.5338742,NA,106.957619232807,41.40932764,-111.5338742,NA,106.957619232807,41.40932764,-111.5338742,NA,106.957619232807
"56","MOCR",5048,"ABLA",7,36.8,NA,0,"0",1,1,1,1,"0","0","0","0",0,0,0,0,"0","0","0","0",0,0,0,0,"0","0","0",NA,0,0,0,0,"0","0","0",NA,0,0,0,0,"0","0","0",NA,0,0,0,0,"0","0","0",NA,0,0,0,0,"0","0","0",NA,0,0,0,0,"0","0","0",NA,NA,NA,NA,NA,1,2,3,4,NA,NA,NA,NA,0,0,0,0,0,"MOCR5048",46,5048,NA,"Point",2527.369,NA,0.0903324635488929,0,0,0,0,"MOCR_5048_1700","MOCR_5050_1702",5.42044329975451,"MOCR_5050_1702",5.42044329975451,"MOCR_5046_1698",6.79331857777244,"MOCR_5050_1702",5.42044329975451,NA,41.40934001,-111.5339538,41.40937952,-111.5339919,NA,-35.9788617186717,41.40937952,-111.5339919,NA,-35.9788617186717,41.40932764,-111.5338742,NA,101.663114197805,41.40937952,-111.5339919,NA,-35.9788617186717
"57","MOCR",5049,"ABLA",4.4,36.1,0,0,"0",1,1,1,1,"BR, BO","0","0","BO",0,0,1,1,"0","0","0","0",0,0,0,0,"0","0","0",NA,0,0,0,0,"0","0","0",NA,0,0,0,1,"0","0","0",NA,0,0,0,0,"0","0","0",NA,1,0,0,0,"0","0","0",NA,1,0,0,1,"0","0","0",NA,NA,NA,NA,NA,1,2,3,4,NA,NA,NA,NA,1,0,0,1,0,"MOCR5049",47,5049,NA,"Point",2526.837,NA,0.0967996142734915,1,0,0,1,"MOCR_5049_1701","MOCR_5050_1702",2.50196393805924,"MOCR_5050_1702",2.50196393805924,"MOCR_5069_1720",3.04448814898456,"MOCR_5050_1702",2.50196393805924,NA,41.40937616,-111.5340215,41.40937952,-111.5339919,NA,81.4255682733546,41.40937952,-111.5339919,NA,81.4255682733546,41.40936455,-111.5340545,NA,-115.047495917788,41.40937952,-111.5339919,NA,81.4255682733546
"58","MOCR",5050,"ABLA",11.8,9.7,1.2,0,"0",1,1,1,1,"BO","BO","BO","BO",0,1,0,1,"0","0","0","0",0,0,0,0,"0","0","0",NA,1,1,0,1,"0","0","0",NA,0,1,0,1,"0","0","0",NA,0,1,0,0,"0","0","0",NA,1,0,0,1,"0","0","0",NA,0,0,0,0,"0","0","0",NA,NA,NA,NA,NA,1,2,3,4,NA,NA,NA,NA,1,1,0,1,0,"MOCR5050",48,5050,NA,"Point",2521.445,NA,0.0945194273502275,1,1,0,1,"MOCR_5050_1702","MOCR_5051_1703",0.371138035483776,"MOCR_5051_1703",0.371138035483776,"MOCR_5069_1720",5.48979112994095,"MOCR_5051_1703",0.371138035483776,NA,41.40937952,-111.5339919,41.40938223,-111.5339893,NA,35.8401183585157,41.40938223,-111.5339893,NA,35.8401183585157,41.40936455,-111.5340545,NA,-107.622139418604,41.40938223,-111.5339893,NA,35.8401183585157
"59","MOCR",5051,"ABLA",1.9,34.5,0,0,"0",1,1,1,1,"BO","BO","BO","BO",0,0,1,1,"0","0","0","0",0,0,0,0,"0","0","0",NA,0,0,0,0,"0","0","0",NA,0,1,0,0,"0","0","0",NA,0,0,0,1,"0","0","0",NA,1,1,0,0,"0","0","0",NA,0,0,0,0,"0","0","0",NA,NA,NA,NA,NA,1,2,3,4,NA,NA,NA,NA,1,1,0,1,0,"MOCR5051",49,5051,NA,"Point",2522.553,NA,0.0943930840754887,1,1,0,1,"MOCR_5051_1703","MOCR_5050_1702",0.371138035483776,"MOCR_5050_1702",0.371138035483776,"MOCR_5069_1720",5.79220352431232,"MOCR_5050_1702",0.371138035483776,NA,41.40938223,-111.5339893,41.40937952,-111.5339919,NA,-144.159879921754,41.40937952,-111.5339919,NA,-144.159879921754,41.40936455,-111.5340545,NA,-109.808356473143,41.40937952,-111.5339919,NA,-144.159879921754
"60","MOCR",5052,"ABLA",4.4,32.6,0,0,"0",1,1,1,1,"0","BO","BO","0",0,0,0,1,"0","0","0","0",0,0,0,0,"0","0","0",NA,0,1,0,0,"0","0","0",NA,0,0,0,0,"0","0","0",NA,0,0,0,0,"0","0","0",NA,0,0,0,0,"0","0","0",NA,0,0,0,0,"0","0","0",NA,NA,NA,NA,NA,1,2,3,4,NA,NA,NA,NA,0,1,0,0,1,"MOCR5052",NA,5052,NA,"Point",2522.553,NA,0.0943930840754887,0,1,0,0,"MOCR_5052_1704","MOCR_5050_1702",0.371138035483776,"MOCR_5050_1702",0.371138035483776,"MOCR_5069_1720",5.79220352431232,"MOCR_5050_1702",0.371138035483776,NA,41.40938223,-111.5339893,41.40937952,-111.5339919,NA,-144.159879921754,41.40937952,-111.5339919,NA,-144.159879921754,41.40936455,-111.5340545,NA,-109.808356473143,41.40937952,-111.5339919,NA,-144.159879921754
"61","MOCR",5053,"ABLA",4.3,43.8,0,1,"0",1,1,1,1,"0","0","BO","0",2,2,0,1,"0","0","0","0",0,0,0,0,"0","0","0",NA,0,0,0,0,"0","0","0",NA,0,0,0,0,"0","0","0",NA,0,0,0,0,"0","0","0",NA,0,0,0,0,"0","0","0",NA,0,0,0,0,"0","0","0",NA,NA,NA,NA,NA,1,2,3,4,NA,NA,NA,NA,0,0,0,0,0,"MOCR5053",50,5053,NA,"Point",2522.152,NA,0.096648750806948,0,0,0,0,"MOCR_5053_1705","MOCR_5049_1701",1.57492400394914,"MOCR_9_1660",1.57492400394914,"MOCR_5069_1720",4.32098465291498,"MOCR_5049_1701",1.57492400394914,NA,41.40938939,-111.5340147,41.40937616,-111.5340215,NA,-158.846035250099,41.40937616,-111.5340215,NA,-158.846035250099,41.40936455,-111.5340545,NA,-129.65922343754,41.40937616,-111.5340215,NA,-158.846035250099
"62","MOCR",5054,"ABLA",4.9,11.1,2.7,0,"0",1,1,1,1,"BO","BO","BO","BO",0,1,0,0,"0","0","0","0",0,0,0,0,"0","0","0",NA,1,1,0,0,"0","0","0",NA,0,0,0,0,"0","0","0",NA,0,0,0,0,"0","0","0",NA,0,0,0,0,"0","0","0",NA,0,0,0,1,"0","0","0",NA,NA,NA,NA,NA,1,2,3,4,NA,NA,NA,NA,1,1,0,1,0,"MOCR5054",51,5054,NA,"Point",2523.642,NA,0.0991017114234692,1,1,0,1,"MOCR_5054_1706","MOCR_5049_1701",2.67933345400473,"MOCR_9_1660",2.67933345400473,"MOCR_5063_1715",3.08478307421634,"MOCR_5049_1701",2.67933345400473,NA,41.40939357,-111.5340437,41.40937616,-111.5340215,NA,136.169849421103,41.40937616,-111.5340215,NA,136.169849421103,41.4094042,-111.5340778,NA,-67.5070533960757,41.40937616,-111.5340215,NA,136.169849421103
"63","MOCR",5055,"ABLA",3.5,6.6,NA,0,"0",1,1,1,1,"BO","BO","0","0",1,1,0,0,"0","0","0","0",0,0,0,0,"0","0","0",NA,1,1,0,0,"0","0","0",NA,0,0,0,0,"0","0","0",NA,0,0,0,0,"0","0","0",NA,0,0,0,0,"0","0","0",NA,0,0,0,0,"0","0","0",NA,NA,NA,NA,NA,1,2,3,4,NA,NA,NA,NA,1,1,0,0,0,"MOCR5055",NA,5055,NA,"Point",2523.642,NA,0.0991017114234692,1,1,0,0,"MOCR_5055_1707","MOCR_5049_1701",2.67933345400473,"MOCR_9_1660",2.67933345400473,"MOCR_5063_1715",3.08478307421634,"MOCR_5049_1701",2.67933345400473,NA,41.40939357,-111.5340437,41.40937616,-111.5340215,NA,136.169849421103,41.40937616,-111.5340215,NA,136.169849421103,41.4094042,-111.5340778,NA,-67.5070533960757,41.40937616,-111.5340215,NA,136.169849421103
"64","MOCR",5056,"ABLA",4.6,30.4,0.4,0,"0",1,1,1,1,"0","BO","0","0",0,0,0,0,"0","0","0","0",0,1,0,0,"0","0","0",NA,0,0,0,0,"0","0","0",NA,0,0,0,0,"0","0","0",NA,0,0,0,0,"0","0","0",NA,0,0,0,0,"0","0","0",NA,0,0,0,0,"0","0","0",NA,NA,NA,NA,NA,1,2,3,4,NA,NA,NA,NA,0,1,0,0,1,"MOCR5056",NA,5056,NA,"Point",2517.042,NA,0.0976278776220737,0,1,0,0,"MOCR_5056_1708","MOCR_5014_1675",1.1530302568142,"MOCR_5014_1675",1.1530302568142,"MOCR_5063_1715",5.03038017140697,"MOCR_5010_1671",2.38716205396178,NA,41.40941102,-111.5340183,41.40942067,-111.5340132,NA,21.6964683071987,41.40942067,-111.5340132,NA,21.6964683071987,41.4094042,-111.5340778,NA,-98.6568636654397,41.40942941,-111.5340331,NA,-31.2107868135805
"65","MOCR",5057,"ABLA",4.9,33.6,0.6,0,"0",1,1,1,1,"BO","BO","BO","BO",1,1,0,0,"0","0","0","0",0,1,0,0,"0","0","0",NA,0,1,0,0,"0","0","0",NA,0,0,0,1,"0","0","0",NA,0,0,0,0,"0","0","0",NA,1,0,0,1,"0","0","0",NA,0,0,0,1,"0","0","0",NA,NA,NA,NA,NA,1,2,3,4,NA,NA,NA,NA,1,1,0,1,0,"MOCR5057",NA,5057,NA,"Point",2517.042,NA,0.0976278776220737,1,1,0,1,"MOCR_5057_1709","MOCR_5014_1675",1.1530302568142,"MOCR_5014_1675",1.1530302568142,"MOCR_5063_1715",5.03038017140697,"MOCR_5010_1671",2.38716205396178,NA,41.40941102,-111.5340183,41.40942067,-111.5340132,NA,21.6964683071987,41.40942067,-111.5340132,NA,21.6964683071987,41.4094042,-111.5340778,NA,-98.6568636654397,41.40942941,-111.5340331,NA,-31.2107868135805
"66","MOCR",5058,"ABLA",1.3,24.3,0.4,0,"0",1,1,1,1,"BO","BO","BO","0",0,0,0,0,"0","0","0","0",0,1,0,0,"0","0","0",NA,1,1,0,0,"0","0","0",NA,1,1,0,0,"0","0","0",NA,0,0,0,0,"0","0","0",NA,0,0,0,0,"0","0","0",NA,0,0,0,0,"0","0","0",NA,NA,NA,NA,NA,1,2,3,4,NA,NA,NA,NA,1,1,0,0,0,"MOCR5058",NA,5058,NA,"Point",2517.042,NA,0.0976278776220737,1,1,0,0,"MOCR_5058_1710","MOCR_5014_1675",1.1530302568142,"MOCR_5014_1675",1.1530302568142,"MOCR_5063_1715",5.03038017140697,"MOCR_5010_1671",2.38716205396178,NA,41.40941102,-111.5340183,41.40942067,-111.5340132,NA,21.6964683071987,41.40942067,-111.5340132,NA,21.6964683071987,41.4094042,-111.5340778,NA,-98.6568636654397,41.40942941,-111.5340331,NA,-31.2107868135805
"67","MOCR",5059,"ABLA",4.6,31.2,0.3,0,"0",1,1,1,1,"BO","BO","0","0",0,0,0,0,"0","0","0","0",0,1,0,0,"0","0","0",NA,0,0,0,0,"0","0","0",NA,0,0,0,0,"0","0","0",NA,0,0,0,0,"0","0","0",NA,0,0,0,0,"0","0","0",NA,1,0,0,0,"0","0","0",NA,NA,NA,NA,NA,1,2,3,4,NA,NA,NA,NA,1,1,0,0,0,"MOCR5059",NA,5059,NA,"Point",2517.042,NA,0.0976278776220737,1,1,0,0,"MOCR_5059_1711","MOCR_5014_1675",1.1530302568142,"MOCR_5014_1675",1.1530302568142,"MOCR_5063_1715",5.03038017140697,"MOCR_5010_1671",2.38716205396178,NA,41.40941102,-111.5340183,41.40942067,-111.5340132,NA,21.6964683071987,41.40942067,-111.5340132,NA,21.6964683071987,41.4094042,-111.5340778,NA,-98.6568636654397,41.40942941,-111.5340331,NA,-31.2107868135805
"68","MOCR",5060,"ABLA",NA,5.2,NA,0,"0",1,1,1,1,NA,"0","0","0",NA,1,1,1,NA,"0","0","0",0,0,0,0,NA,"0",NA,NA,0,0,0,0,NA,"0",NA,NA,0,0,0,0,NA,"0",NA,NA,0,0,0,0,NA,"0",NA,NA,0,0,0,0,NA,"0",NA,NA,0,0,0,0,NA,"0",NA,NA,"Buried",NA,"under snow",NA,1,2,3,4,NA,NA,NA,NA,0,0,0,0,0,"MOCR5060",53,5060,NA,"Point",2522.534,NA,0.0987652154466655,0,0,0,0,"MOCR_5060_1712","MOCR_5054_1706",0.380425028067887,"MOCR_5054_1706",0.380425028067887,"MOCR_5069_1720",3.18578746148892,"MOCR_5054_1706",0.380425028067887,NA,41.40939121,-111.5340404,41.40939357,-111.5340437,NA,-46.470883990272,41.40939357,-111.5340437,NA,-46.470883990272,41.40936455,-111.5340545,NA,-158.28918496816,41.40939357,-111.5340437,NA,-46.470883990272
"69","MOCR",5061,"ABLA",1.3,8.3,0,0,"0",1,1,1,1,"0","0","BO","BO",0,1,0,1,"0","0","0","0",0,0,0,0,"0","0","0",NA,0,0,0,0,"0","0","0",NA,0,0,0,0,"0","0","0",NA,0,0,0,0,"0","0","0",NA,0,0,0,0,"0","0","0",NA,0,0,0,1,"0","0","0",NA,NA,NA,NA,NA,1,2,3,4,NA,NA,NA,NA,0,0,0,1,1,"MOCR5061",54,5061,NA,"Point",2524.204,NA,0.101804813666795,0,0,0,1,"MOCR_5061_1713","MOCR_5067_1718",2.4861105440616,"MOCR_5066_1717",1.13046999478618,"MOCR_5063_1715",0.400964304718015,"MOCR_5063_1715",0.400964304718015,NA,41.40940173,-111.5340743,41.40938141,-111.5340868,NA,-155.150254494545,41.40941189,-111.5340734,NA,3.81535368784282,41.4094042,-111.5340778,NA,-46.8507945844006,41.4094042,-111.5340778,NA,-46.8507945844006
"70","MOCR",5062,"ABLA",NA,NA,NA,0,"0",1,1,1,1,"0","0","0","0",1,1,1,1,"0","0","0","0",0,0,0,0,"0","0",NA,NA,0,0,0,0,"0","0",NA,NA,0,0,0,0,"0","0",NA,NA,0,0,0,0,"0","0",NA,NA,0,0,0,0,"0","0",NA,NA,0,0,0,0,"0","0",NA,NA,NA,NA,"under snow",NA,1,2,3,4,NA,NA,NA,NA,0,0,0,0,0,"MOCR5062",55,5062,NA,"Point",2523.202,NA,0.102374150119292,0,0,0,0,"MOCR_5062_1714","MOCR_5067_1718",2.39156704416744,"MOCR_5066_1717",1.22324378768792,"MOCR_5063_1715",0.33296043211509,"MOCR_5063_1715",0.33296043211509,NA,41.40940252,-111.5340811,41.40938141,-111.5340868,NA,-168.509527852434,41.40941189,-111.5340734,NA,31.7437192940784,41.4094042,-111.5340778,NA,55.9325746486824,41.4094042,-111.5340778,NA,55.9325746486824
"71","MOCR",5063,"ABLA",3,16.7,0,0,"0",1,1,1,1,"0","0","BO","BO",1,1,0,1,"0","0","0","0",0,0,0,0,"0","0","0",NA,0,0,0,1,"0","0","0",NA,0,0,0,0,"0","0","0",NA,0,0,0,0,"0","0","0",NA,0,0,2,1,"0","0","0",NA,0,0,0,0,"0","0","0",NA,NA,NA,NA,NA,1,2,3,4,NA,NA,NA,NA,0,0,1,1,1,"MOCR5063",56,5063,NA,"Point",2523.268,NA,0.102161338729995,0,0,1,1,"MOCR_5063_1715","MOCR_5067_1718",2.63960255491785,"MOCR_5066_1717",0.929583253674706,"MOCR_5069_1720",4.81348773015223,"MOCR_5061_1713",0.400964304718015,NA,41.4094042,-111.5340778,41.40938141,-111.5340868,NA,-163.442445854848,41.40941189,-111.5340734,NA,23.3042971442542,41.40936455,-111.5340545,NA,156.135210314293,41.40940173,-111.5340743,NA,133.149203100577
"72","MOCR",5065,"ABLA",1.3,6.9,NA,0,"0",1,1,1,1,"0","0","0","0",1,1,0,0,"0","0","0","0",0,0,0,0,"0","0","0",NA,0,0,0,0,"0","0","0",NA,0,0,0,0,"0","0","0",NA,0,0,0,0,"0","0","0",NA,0,0,0,0,"0","0","0",NA,0,0,0,0,"0","0","0",NA,NA,NA,NA,NA,1,2,3,4,NA,NA,NA,NA,0,0,0,0,0,"MOCR5065",58,5065,NA,"Point",2522.905,NA,0.101193395445149,0,0,0,0,"MOCR_5065_1716","MOCR_5054_1706",2.17087022581106,"MOCR_5066_1717",1.10257067165438,"MOCR_5063_1715",0.996040864482511,"MOCR_5061_1713",0.736021329471209,NA,41.40940372,-111.5340659,41.40939357,-111.5340437,NA,121.270521131553,41.40941189,-111.5340734,NA,-34.6486138923225,41.4094042,-111.5340778,NA,-86.9331227452795,41.40940173,-111.5340743,NA,-107.467691472899
"73","MOCR",5066,"ABLA",NA,7.5,NA,0,"0",1,1,1,1,NA,"BO","0","0",NA,1,1,1,NA,"0","0","0",0,0,0,0,NA,"0",NA,NA,0,1,0,0,NA,"0",NA,NA,0,0,0,0,NA,"0",NA,NA,0,0,0,0,NA,"0",NA,NA,0,0,0,0,NA,"0",NA,NA,0,0,0,0,NA,"0",NA,NA,"Buried",NA,"under snow",NA,1,2,3,4,NA,NA,NA,NA,0,1,0,0,1,"MOCR5066",59,5066,NA,"Point",2522.087,NA,0.102050519804234,0,1,0,0,"MOCR_5066_1717","MOCR_5054_1706",3.2091741124579,"MOCR_5054_1706",3.2091741124579,"MOCR_5063_1715",0.929583253674706,"MOCR_5063_1715",0.929583253674706,NA,41.40941189,-111.5340734,41.40939357,-111.5340437,NA,129.329049017009,41.40939357,-111.5340437,NA,129.329049017009,41.4094042,-111.5340778,NA,-156.695699945432,41.4094042,-111.5340778,NA,-156.695699945432
"74","MOCR",5067,"ABLA",11.1,52.9,9,0,"0",1,1,1,1,"0","BO","BO","BO",0,1,1,1,"0","0","0","0",0,0,0,1,"0","0","0",NA,1,0,0,0,"0","0","0",NA,0,1,0,1,"0","0","0",NA,0,0,0,0,"0","0","0",NA,0,1,0,0,"0","0","0",NA,0,0,0,0,"0","0","0",NA,NA,NA,NA,NA,1,2,3,4,NA,NA,NA,NA,1,1,0,1,0,"MOCR5067",60,5067,NA,"Point",2524.021,NA,0.10221266775446,1,1,0,1,"MOCR_5067_1718","MOCR_5054_1706",3.84699770565254,"MOCR_5066_1717",3.56442195062571,"MOCR_5063_1715",2.63960255491785,"MOCR_5061_1713",2.4861105440616,NA,41.40938141,-111.5340868,41.40939357,-111.5340437,NA,69.4561294756835,41.40941189,-111.5340734,NA,18.3132761238461,41.4094042,-111.5340778,NA,16.5575481922386,41.40940173,-111.5340743,NA,24.8497372375198
"75","MOCR",5068,"ABLA",2.4,15.2,1.6,0,"0",1,1,1,1,"0","0","0","0",0,0,0,0,"0","0","0","0",0,0,0,0,"0","0","0",NA,0,0,0,0,"0","0","0",NA,0,0,0,0,"0","0","0",NA,0,0,0,0,"0","0","0",NA,0,0,0,0,"0","0","0",NA,0,0,0,0,"0","0","0",NA,NA,NA,NA,NA,1,2,3,4,NA,NA,NA,NA,0,0,0,0,0,"MOCR5068",61,5068,NA,"Point",2524.616,NA,0.0993986476804359,0,0,0,0,"MOCR_5068_1719","MOCR_5054_1706",1.45402731041707,"MOCR_5054_1706",1.45402731041707,"MOCR_5069_1720",1.94477235272897,"MOCR_5054_1706",1.45402731041707,NA,41.40938194,-111.5340517,41.40939357,-111.5340437,NA,27.3780463902171,41.40939357,-111.5340437,NA,27.3780463902171,41.40936455,-111.5340545,NA,-173.08847852103,41.40939357,-111.5340437,NA,27.3780463902171
"76","MOCR",5069,"ABLA",6.3,29.9,2,0,"0",1,1,1,1,"0","0","0","BO",0,0,0,1,"0","0","0","0",0,0,0,0,"0","0","0",NA,0,0,0,0,"0","0","0",NA,0,0,0,0,"0","0","0",NA,0,0,0,0,"0","0","0",NA,0,0,2,2,"0","0","0",NA,0,0,0,0,"0","0","0",NA,NA,NA,NA,NA,1,2,3,4,NA,NA,NA,NA,0,0,1,1,1,"MOCR5069",62,5069,NA,"Point",2522.397,NA,0.0991389600065615,0,0,1,1,"MOCR_5069_1720","MOCR_5049_1701",3.04448814898456,"MOCR_9_1660",3.04448814898456,"MOCR_5073_1724",4.77364978250656,"MOCR_5049_1701",3.04448814898456,NA,41.40936455,-111.5340545,41.40937616,-111.5340215,NA,64.9524822548726,41.40937616,-111.5340215,NA,64.9524822548726,41.40932184,-111.5340479,NA,173.364164015019,41.40937616,-111.5340215,NA,64.9524822548726
"77","MOCR",5070,"ABLA",NA,6.8,NA,0,"0",1,1,1,1,"0","0","0","0",0,0,0,0,"0","0","0","0",0,0,0,0,"0","0","0",NA,0,0,0,0,"0","0","0",NA,0,0,0,0,"0","0","0",NA,0,0,0,0,"0","0","0",NA,0,0,0,0,"0","0","0",NA,0,0,0,0,"0","0","0",NA,NA,NA,NA,NA,1,2,3,4,NA,NA,NA,NA,0,0,0,0,0,"MOCR5070",63,5070,NA,"Point",2525.692,NA,0.0976375214331775,0,0,0,0,"MOCR_5070_1721","MOCR_5049_1701",2.21753384466439,"MOCR_9_1660",2.21753384466439,"MOCR_5069_1720",1.50969332971567,"MOCR_5069_1720",1.50969332971567,NA,41.40936017,-111.5340374,41.40937616,-111.5340215,NA,36.8188433148766,41.40937616,-111.5340215,NA,36.8188433148766,41.40936455,-111.5340545,NA,-71.2101856716595,41.40936455,-111.5340545,NA,-71.2101856716595
"78","MOCR",5071,"ABLA",NA,NA,NA,0,"0",1,1,1,1,"0","0","0","0",1,0,0,0,"0","0","0","0",0,0,0,0,"0","0",NA,NA,0,0,0,0,"0","0",NA,NA,0,0,0,0,"0","0","0",NA,0,0,0,0,"0","0",NA,NA,0,0,0,0,"0","0",NA,NA,0,0,0,0,"0","0","0",NA,NA,NA,"low and middle under snow",NA,1,2,3,4,NA,NA,NA,NA,0,0,0,0,0,"MOCR5071",64,5071,NA,"Point",2524.249,NA,0.098346472524603,0,0,0,0,"MOCR_5071_1722","MOCR_5079_1730",2.28242656407176,"MOCR_5079_1730",2.28242656407176,"MOCR_5069_1720",2.07190324753761,"MOCR_5069_1720",2.07190324753761,NA,41.40934612,-111.5340506,41.40933458,-111.534028,NA,124.147143974036,41.40933458,-111.534028,NA,124.147143974036,41.40936455,-111.5340545,NA,-9.051777031276,41.40936455,-111.5340545,NA,-9.051777031276
"79","MOCR",5072,"ABLA",2.3,14.6,1.8,0,"0",1,1,1,1,"0","0","0","0",1,0,0,1,"0","0","0","0",0,0,0,0,"0","0","0",NA,0,0,0,0,"0","0","0",NA,0,0,0,0,"0","0","0",NA,0,0,0,0,"0","0","0",NA,0,0,0,0,"0","0","0",NA,0,0,0,0,"0","0","0",NA,NA,NA,NA,NA,1,2,3,4,NA,NA,NA,NA,0,0,0,0,0,"MOCR5072",65,5072,NA,"Point",2524.414,NA,0.0985649441917392,0,0,0,0,"MOCR_5072_1723","MOCR_5073_1724",2.04315754971989,"MOCR_5073_1724",2.04315754971989,"MOCR_5073_1724",2.04315754971989,"MOCR_5073_1724",2.04315754971989,NA,41.40933938,-111.5340553,41.40932184,-111.5340479,NA,162.379078200773,41.40932184,-111.5340479,NA,162.379078200773,41.40932184,-111.5340479,NA,162.379078200773,41.40932184,-111.5340479,NA,162.379078200773
"80","MOCR",5073,"ABLA",6.5,42,3.2,3,"0",1,1,1,1,"BO","BO","BO","BO",0,0,1,1,"0","0","0","0",2,2,2,2,"0","0","2–1","2-1",2,2,2,2,"3-3","3-6","3–3","3-4",2,2,2,2,"3-0","3-2","3–1","3-0",2,2,2,2,"0","0","0",NA,2,2,2,2,"3-6","3-5","3–4","3-3",2,2,2,2,"2-1","2-1","2–1","2-0","1DB","1DB","1DB","1DB",1,2,3,4,NA,NA,NA,NA,1,1,1,1,0,"MOCR5073",NA,5073,NA,"Point",2524.548,NA,0.0975594341664034,1,1,1,1,"MOCR_5073_1724","MOCR_5087_1737",2.01016504419505,"MOCR_5079_1730",2.183338272311,"MOCR_5069_1720",4.77364978250656,"MOCR_5079_1730",2.183338272311,NA,41.40932184,-111.5340479,41.4093057,-111.5340588,NA,-153.049930985062,41.40933458,-111.534028,NA,49.6230283886547,41.40936455,-111.5340545,NA,-6.63583161951515,41.40933458,-111.534028,NA,49.6230283886547
"81","MOCR",5074,"ABLA",3.8,32,3,0,"0",1,1,1,1,"BO","BO","BO","BO",0,0,1,1,"0","0","0","0",2,2,2,2,"0","0","2–1","2-1",2,2,2,2,"0","0","0",NA,2,2,2,2,"0","0","0",NA,2,2,2,2,"0","0","0",NA,2,2,2,2,"3-6","3-5","3–4","3-3",2,2,2,2,"2-0","2-1","2–0","2-0",NA,NA,NA,NA,1,2,3,4,NA,NA,NA,NA,1,1,1,1,0,"MOCR5074",NA,5074,NA,"Point",2524.548,NA,0.0975594341664034,1,1,1,1,"MOCR_5074_1725","MOCR_5087_1737",2.01016504419505,"MOCR_5079_1730",2.183338272311,"MOCR_5069_1720",4.77364978250656,"MOCR_5079_1730",2.183338272311,NA,41.40932184,-111.5340479,41.4093057,-111.5340588,NA,-153.049930985062,41.40933458,-111.534028,NA,49.6230283886547,41.40936455,-111.5340545,NA,-6.63583161951515,41.40933458,-111.534028,NA,49.6230283886547
"82","MOCR",5075,"ABLA",3.4,24,2.9,0,"0",1,1,1,1,"BO","BO","BO","BO",0,0,1,1,"0","0","0","0",2,2,2,2,"0","0","2–1","2-1",2,2,2,2,"4-1","4-2","4–1","4-0",2,2,2,2,"0","0","0",NA,2,2,2,2,"0","0","0",NA,2,2,2,2,"3-6","3-5","3–4","3-3",2,2,2,2,"0","0","0",NA,NA,NA,NA,NA,1,2,3,4,NA,NA,NA,NA,1,1,1,1,0,"MOCR5075",66,5075,NA,"Point",2524.548,NA,0.0975594341664034,1,1,1,1,"MOCR_5075_1726","MOCR_5087_1737",2.01016504419505,"MOCR_5079_1730",2.183338272311,"MOCR_5069_1720",4.77364978250656,"MOCR_5079_1730",2.183338272311,NA,41.40932184,-111.5340479,41.4093057,-111.5340588,NA,-153.049930985062,41.40933458,-111.534028,NA,49.6230283886547,41.40936455,-111.5340545,NA,-6.63583161951515,41.40933458,-111.534028,NA,49.6230283886547
"83","MOCR",5076,"ABLA",NA,6.5,NA,0,"0",1,1,1,1,"0","0","0","0",1,0,0,0,"0","0","0","0",0,0,0,0,"0","0","0",NA,0,0,0,0,"0","0","0",NA,0,0,0,0,"0","0","0",NA,0,0,0,0,"0","0","0",NA,0,0,0,0,"0","0","0",NA,0,0,0,0,"0","0","0",NA,NA,NA,NA,NA,1,2,3,4,NA,NA,NA,NA,0,0,0,0,0,"MOCR5076",67,5076,NA,"Point",2523.406,NA,0.0965523238036921,0,0,0,0,"MOCR_5076_1727","MOCR_5079_1730",0.740579431588559,"MOCR_5079_1730",0.740579431588559,"MOCR_5073_1724",1.46414971432181,"MOCR_5079_1730",0.740579431588559,NA,41.40932935,-111.5340335,41.40933458,-111.534028,NA,38.3690978430449,41.40933458,-111.534028,NA,38.3690978430449,41.40932184,-111.5340479,NA,-124.711928725054,41.40933458,-111.534028,NA,38.3690978430449
"84","MOCR",5077,"ABLA",NA,6.1,NA,0,"0",1,1,1,1,"BO","BO","0","0",2,0,0,0,"0","0","0","0",0,0,0,0,"0","0","0",NA,1,0,0,0,"0","0","0",NA,0,0,0,0,"0","0","0",NA,0,0,0,0,"0","0","0",NA,0,0,0,0,"0","0","0",NA,0,0,0,0,"0","0","0",NA,NA,NA,NA,NA,1,2,3,4,NA,NA,NA,NA,1,0,0,0,0,"MOCR5077",2165,5077,NA,"Point",2535.473,NA,0.0726599996423323,1,0,0,0,"MOCR_5077_1728","MOCR_5279_1902",1.59105501938348,"MOCR_5279_1902",1.59105501938348,"MOCR_5279_1902",1.59105501938348,"MOCR_5279_1902",1.59105501938348,NA,41.40912178,-111.5337715,41.40912349,-111.5337904,NA,-83.1471444111005,41.40912349,-111.5337904,NA,-83.1471444111005,41.40912349,-111.5337904,NA,-83.1471444111005,41.40912349,-111.5337904,NA,-83.1471444111005
"85","MOCR",5078,"ABLA",3.1,NA,NA,0,"0",1,1,1,1,"0","0","0","0",0,0,0,0,"0","0","0","0",0,0,0,0,"0","0","0",NA,0,0,0,0,"0","0","0",NA,0,0,0,0,"0","0","0",NA,0,0,0,0,"0","0","0",NA,0,0,0,0,"0","0","0",NA,0,0,0,0,"0","0","0",NA,"Bent","Bent","Bent","Bent",1,2,3,4,NA,NA,NA,NA,0,0,0,0,0,"MOCR5078",68,5078,NA,"Point",2523.516,NA,0.0964194532316215,0,0,0,0,"MOCR_5078_1729","MOCR_5079_1730",0.349649079301382,"MOCR_5079_1730",0.349649079301382,"MOCR_5073_1724",2.32281799596344,"MOCR_5079_1730",0.349649079301382,NA,41.40933752,-111.5340295,41.40933458,-111.534028,NA,158.987947975193,41.40933458,-111.534028,NA,158.987947975193,41.40932184,-111.5340479,NA,-138.541247643191,41.40933458,-111.534028,NA,158.987947975193
"86","MOCR",5079,"ABLA",3,18,0,0,"0",1,1,1,1,"0","BO","BO","BO",0,0,1,1,"0","0","0","0",0,0,0,0,"0","0","0",NA,0,1,0,1,"0","0","0",NA,1,1,0,1,"0","0","0",NA,0,0,0,0,"0","0","0",NA,1,0,0,0,"0","0","0",NA,1,1,0,0,"0","0","0",NA,"Rot in area","Rot in area","Rot in area","Rot in area",1,2,3,4,NA,NA,NA,NA,1,1,0,1,0,"MOCR5079",69,5079,NA,"Point",2524.966,NA,0.0962267213296322,1,1,0,1,"MOCR_5079_1730","MOCR_5073_1724",2.183338272311,"MOCR_5073_1724",2.183338272311,"MOCR_5073_1724",2.183338272311,"MOCR_5073_1724",2.183338272311,NA,41.40933458,-111.534028,41.40932184,-111.5340479,NA,-130.376958448809,41.40932184,-111.5340479,NA,-130.376958448809,41.40932184,-111.5340479,NA,-130.376958448809,41.40932184,-111.5340479,NA,-130.376958448809
"87","MOCR",5081,"ABLA",1.2,8.4,2.1,0,"0",1,1,1,1,"0","0","0","0",0,0,0,0,"0","0","0","0",0,0,0,0,"0","0","0",NA,0,0,0,0,"0","0","0",NA,0,0,0,0,"0","0","0",NA,0,0,0,0,"0","0","0",NA,0,0,0,0,"0","0","0",NA,0,0,0,0,"0","0","0",NA,"Rot in area","Rot in area","Rot in area","Rot in area",1,2,3,4,NA,NA,NA,NA,0,0,0,0,0,"MOCR5081",71,5081,NA,"Point",2525.419,NA,0.0960810395884399,0,0,0,0,"MOCR_5081_1731","MOCR_5079_1730",1.00806236712834,"MOCR_5079_1730",1.00806236712834,"MOCR_5073_1724",1.6478496476397,"MOCR_5079_1730",1.00806236712834,NA,41.40932552,-111.5340288,41.40933458,-111.534028,NA,3.80322824643276,41.40933458,-111.534028,NA,3.80322824643276,41.40932184,-111.5340479,NA,-104.355144555288,41.40933458,-111.534028,NA,3.80322824643276
"88","MOCR",5082,"ABLA",1.7,9.9,2,0,"0",1,1,1,1,"0","0","0","0",0,0,0,0,"0","0","0","0",0,0,0,0,"0","0","0",NA,0,0,0,0,"0","0","0",NA,0,0,0,0,"0","0","0",NA,0,0,0,0,"0","0","0",NA,0,0,0,0,"0","0","0",NA,0,0,0,0,"0","0","0",NA,"Rot in area","Rot in area","Rot in area","Rot in area",1,2,3,4,NA,NA,NA,NA,0,0,0,0,0,"MOCR5082",72,5082,NA,"Point",2525.381,NA,0.0965204193327781,0,0,0,0,"MOCR_5082_1732","MOCR_5079_1730",0.942975428834643,"MOCR_5079_1730",0.942975428834643,"MOCR_5073_1724",1.33017330147101,"MOCR_5079_1730",0.942975428834643,NA,41.40932725,-111.5340337,41.40933458,-111.534028,NA,30.3461231636797,41.40933458,-111.534028,NA,30.3461231636797,41.40932184,-111.5340479,NA,-116.842161577646,41.40933458,-111.534028,NA,30.3461231636797
"89","MOCR",5083,"ABLA",1.7,NA,NA,0,"0",1,1,1,1,NA,NA,"0",NA,NA,0,0,0,NA,"0","0","0",0,0,0,0,NA,"0",NA,NA,0,0,0,0,NA,"0",NA,NA,0,0,0,0,NA,"0",NA,NA,0,0,0,0,NA,"0",NA,NA,0,0,0,0,NA,"0",NA,NA,0,0,0,0,NA,"0",NA,NA,"(Return)",NA,"under snow",NA,1,2,3,4,NA,NA,NA,NA,0,0,0,0,0,"MOCR5083",NA,5083,NA,"Point",2525.897,NA,0.10170555727642,0,0,0,0,"MOCR_5083_1733","MOCR_5087_1737",3.92211911258652,"MOCR_5073_1724",4.17457227199751,"MOCR_5073_1724",4.17457227199751,"MOCR_5086_1736",3.93630312093054,NA,41.40932557,-111.5340976,41.4093057,-111.5340588,NA,124.224929595041,41.40932184,-111.5340479,NA,95.6929159715618,41.40932184,-111.5340479,NA,95.6929159715618,41.40930422,-111.53406,NA,127.024657301746
"90","MOCR",5084,"ABLA",4.8,10.4,1.4,0,"0",1,1,1,1,NA,NA,"0",NA,NA,0,0,0,NA,"0","0","0",0,0,0,0,NA,"0","0",NA,0,0,0,0,NA,"0","0",NA,0,0,0,0,NA,"0","0",NA,0,0,0,0,NA,"0","0",NA,0,0,0,0,NA,"0","0",NA,0,0,0,0,NA,"0","0",NA,"(Return)",NA,NA,NA,1,2,3,4,NA,NA,NA,NA,0,0,0,0,0,"MOCR5084",NA,5084,NA,"Point",2525.897,NA,0.10170555727642,0,0,0,0,"MOCR_5084_1734","MOCR_5087_1737",3.92211911258652,"MOCR_5073_1724",4.17457227199751,"MOCR_5073_1724",4.17457227199751,"MOCR_5086_1736",3.93630312093054,NA,41.40932557,-111.5340976,41.4093057,-111.5340588,NA,124.224929595041,41.40932184,-111.5340479,NA,95.6929159715618,41.40932184,-111.5340479,NA,95.6929159715618,41.40930422,-111.53406,NA,127.024657301746
"91","MOCR",5085,"ABLA",2.5,NA,NA,0,NA,1,1,1,1,NA,NA,"0",NA,NA,NA,NA,0,NA,NA,NA,NA,0,0,0,0,NA,NA,NA,NA,0,0,0,0,NA,NA,NA,NA,0,0,0,0,NA,NA,NA,NA,0,0,0,0,NA,NA,NA,NA,0,0,0,0,NA,NA,NA,NA,0,0,0,0,NA,NA,NA,NA,"(Return)","Not found","Not found","Not found",1,2,3,4,NA,NA,NA,NA,0,0,0,0,0,"MOCR5085",73,5085,NA,"Point",2525.897,NA,0.10170555727642,0,0,0,0,"MOCR_5085_1735","MOCR_5087_1737",3.92211911258652,"MOCR_5073_1724",4.17457227199751,"MOCR_5073_1724",4.17457227199751,"MOCR_5086_1736",3.93630312093054,NA,41.40932557,-111.5340976,41.4093057,-111.5340588,NA,124.224929595041,41.40932184,-111.5340479,NA,95.6929159715618,41.40932184,-111.5340479,NA,95.6929159715618,41.40930422,-111.53406,NA,127.024657301746
"92","MOCR",5086,"ABLA",2.3,11.8,1,0,"0",1,1,1,1,"0","0","0","BO",0,0,0,0,"0","0","0","0",0,0,0,0,"0","0","0",NA,0,0,0,0,"0","0","0",NA,0,0,0,1,"0","0","0",NA,0,0,0,0,"0","0","0",NA,0,0,0,0,"0","0","0",NA,0,0,0,0,"0","0","0",NA,NA,NA,NA,NA,1,2,3,4,NA,NA,NA,NA,0,0,0,1,1,"MOCR5086",74,5086,NA,"Point",2526.205,NA,0.0981856875670905,0,0,0,1,"MOCR_5086_1736","MOCR_5087_1737",0.192502656506694,"MOCR_5073_1724",2.20213791686744,"MOCR_5073_1724",2.20213791686744,"MOCR_5073_1724",2.20213791686744,NA,41.40930422,-111.53406,41.4093057,-111.5340588,NA,31.4005766469772,41.40932184,-111.5340479,NA,27.3387203125441,41.40932184,-111.5340479,NA,27.3387203125441,41.40932184,-111.5340479,NA,27.3387203125441
"93","MOCR",5087,"ABLA",6.3,29.9,2,2,"0",1,1,1,1,"0","0","0","0",0,0,0,0,"0","0","0","0",0,0,0,0,"0","0","0",NA,0,0,0,0,"0","0","0",NA,0,0,0,0,"0","0","0",NA,0,0,0,0,"0","0","0",NA,1,0,0,0,"0","0","0",NA,1,0,0,0,"0","0","0",NA,NA,NA,NA,NA,1,2,3,4,NA,NA,NA,NA,1,0,0,0,0,"MOCR5087",75,5087,NA,"Point",2526.33,NA,0.098116262008793,1,0,0,0,"MOCR_5087_1737","MOCR_5073_1724",2.01016504419505,"MOCR_5073_1724",2.01016504419505,"MOCR_5073_1724",2.01016504419505,"MOCR_5086_1736",0.192502656506694,NA,41.4093057,-111.5340588,41.40932184,-111.5340479,NA,26.95006180531,41.40932184,-111.5340479,NA,26.95006180531,41.40932184,-111.5340479,NA,26.95006180531,41.40930422,-111.53406,NA,-148.599422559302
"94","MOCR",5089,"ABLA",NA,NA,NA,0,"0",1,1,1,1,NA,"0","0","0",NA,0,0,0,NA,"0","0","0",0,0,0,0,NA,"0","0",NA,0,0,0,0,NA,"0","0",NA,0,0,0,0,NA,"0","0",NA,0,0,0,0,NA,"0","0",NA,0,0,0,0,NA,"0","0",NA,0,0,0,0,NA,"0","0",NA,"Buried",NA,"under snow",NA,1,2,3,4,NA,NA,NA,NA,0,0,0,0,0,"MOCR5089",77,5089,NA,"Point",2525.599,NA,0.0892261114841135,0,0,0,0,"MOCR_5089_1738","MOCR_5094_1743",2.87410916540821,"MOCR_5094_1743",2.87410916540821,"MOCR_5094_1743",2.87410916540821,"MOCR_5094_1743",2.87410916540821,NA,41.40929189,-111.5339538,41.40926644,-111.5339601,NA,-169.443290157398,41.40926644,-111.5339601,NA,-169.443290157398,41.40926644,-111.5339601,NA,-169.443290157398,41.40926644,-111.5339601,NA,-169.443290157398
"95","MOCR",5090,"ABLA",NA,5.8,NA,0,"0",1,1,1,1,"0","0","0","0",0,0,0,0,"0","0","0","0",0,0,0,0,"0","0","0",NA,0,0,0,0,"0","0","0",NA,0,0,0,0,"0","0","0",NA,0,0,0,0,"0","0","0",NA,0,0,0,0,"0","0","0",NA,0,0,0,0,"0","0","0",NA,NA,NA,NA,NA,1,2,3,4,NA,NA,NA,NA,0,0,0,0,0,"MOCR5090",78,5090,NA,"Point",2525.897,NA,0.0874463411314888,0,0,0,0,"MOCR_5090_1739","MOCR_5091_1740",2.17789643636986,"MOCR_5091_1740",2.17789643636986,"MOCR_5094_1743",3.39143258023958,"MOCR_5091_1740",2.17789643636986,NA,41.40928904,-111.5339328,41.40927586,-111.5339135,NA,132.21090961269,41.40927586,-111.5339135,NA,132.21090961269,41.40926644,-111.5339601,NA,-137.716205089595,41.40927586,-111.5339135,NA,132.21090961269
"96","MOCR",5091,"ABLA",NA,5.7,NA,0,"0",1,1,1,1,"0","BO","BO","BO",1,0,1,2,"0","0","0","0",0,0,0,1,"0","0","0",NA,0,0,0,0,"0","0","0",NA,1,1,0,0,"0","0","0",NA,0,0,0,0,"0","0","0",NA,0,0,0,0,"0","0","0",NA,0,0,0,0,"0","0","0",NA,"Rot in area","Rot in area","Rot in area","Rot in area",1,2,3,4,NA,NA,NA,NA,1,1,0,1,0,"MOCR5091",79,5091,NA,"Point",2525.769,NA,0.0856093432410383,1,1,0,1,"MOCR_5091_1740","MOCR_5103_1751",1.70086015501486,"MOCR_5101_1749",1.70086015501486,"MOCR_5103_1751",1.70086015501486,"MOCR_5103_1751",1.70086015501486,NA,41.40927586,-111.5339135,41.4092642,-111.5339003,NA,139.559704282773,41.4092642,-111.5339003,NA,139.559704282773,41.4092642,-111.5339003,NA,139.559704282773,41.4092642,-111.5339003,NA,139.559704282773
"97","MOCR",5092,"ABLA",6.2,24.1,3.4,0,"0",1,1,1,1,"0","BO","BO","0",1,1,1,1,"0","0","0","0",0,1,0,0,"0","0","0",NA,0,0,0,0,"0","0","0",NA,0,1,0,0,"0","0","0",NA,0,0,0,0,"0","0","0",NA,0,0,0,0,"0","0","0",NA,0,0,0,0,"0","0","0",NA,NA,NA,"bifur",NA,1,2,3,4,NA,NA,NA,NA,0,1,0,0,1,"MOCR5092",80,5092,NA,"Point",2526.862,NA,0.0858124416662144,0,1,0,0,"MOCR_5092_1741","MOCR_5103_1751",1.61448628984208,"MOCR_5101_1749",1.61448628984208,"MOCR_5103_1751",1.61448628984208,"MOCR_5103_1751",1.61448628984208,NA,41.40926086,-111.5339191,41.4092642,-111.5339003,NA,76.7220526330475,41.4092642,-111.5339003,NA,76.7220526330475,41.4092642,-111.5339003,NA,76.7220526330475,41.4092642,-111.5339003,NA,76.7220526330475
"98","MOCR",5093,"ABLA",1.4,9.2,3.4,0,"0",1,1,1,1,"0","BO","0","BO",1,1,1,2,"0","0","0","0",0,1,0,0,"0","0","0",NA,0,0,0,0,"0","0","0",NA,0,0,0,1,"0","0","0",NA,0,0,0,0,"0","0","0",NA,0,1,0,1,"0","0","0",NA,0,0,0,1,"0","0","0",NA,NA,NA,"-11-",NA,1,2,3,4,NA,NA,NA,NA,0,1,0,1,1,"MOCR5093",NA,5093,NA,"Point",2526.862,NA,0.0858124416662144,0,1,0,1,"MOCR_5093_1742","MOCR_5103_1751",1.61448628984208,"MOCR_5101_1749",1.61448628984208,"MOCR_5103_1751",1.61448628984208,"MOCR_5103_1751",1.61448628984208,NA,41.40926086,-111.5339191,41.4092642,-111.5339003,NA,76.7220526330475,41.4092642,-111.5339003,NA,76.7220526330475,41.4092642,-111.5339003,NA,76.7220526330475,41.4092642,-111.5339003,NA,76.7220526330475
"99","MOCR",5094,"ABLA",1.2,7.4,1.8,0,"0",1,1,1,1,"0","BR, BO","BR, BO","BR, BO",0,0,0,0,"0","0","0","0",0,0,0,0,"0","0","0",NA,1,1,0,1,"0","0","0",NA,0,0,0,1,"0","0","0",NA,0,1,0,1,"0","0","0",NA,1,1,2,2,"0","0","0",NA,0,0,0,0,"0","0","0",NA,NA,NA,NA,NA,1,2,3,4,NA,NA,NA,NA,1,1,1,1,0,"MOCR5094",81,5094,NA,"Point",2531.178,NA,0.0892856077507574,1,1,1,1,"MOCR_5094_1743","MOCR_5095_1744",1.44255848309733,"MOCR_5095_1744",1.44255848309733,"MOCR_5095_1744",1.44255848309733,"MOCR_5095_1744",1.44255848309733,NA,41.40926644,-111.5339601,41.40925649,-111.533949,NA,139.97444194051,41.40925649,-111.533949,NA,139.97444194051,41.40925649,-111.533949,NA,139.97444194051,41.40925649,-111.533949,NA,139.97444194051
"100","MOCR",5095,"ABLA",NA,6.9,0.7,0,"0",1,1,1,1,"0","BO","BO","BO",1,0,0,0,"0","0","0","0",1,2,2,2,"0","0","0",NA,1,2,2,2,"0","0","0",NA,0,1,0,0,"0","0","0",NA,1,1,0,0,"0","0","0",NA,1,1,0,1,"0","0","0",NA,0,0,0,0,"0","0","0",NA,NA,NA,NA,NA,1,2,3,4,NA,NA,NA,NA,1,1,1,1,0,"MOCR5095",82,5095,NA,"Point",2528.898,NA,0.0882132610672311,1,1,1,1,"MOCR_5095_1744","MOCR_5094_1743",1.44255848309733,"MOCR_5094_1743",1.44255848309733,"MOCR_5094_1743",1.44255848309733,"MOCR_5094_1743",1.44255848309733,NA,41.40925649,-111.533949,41.40926644,-111.5339601,NA,-40.0255507175831,41.40926644,-111.5339601,NA,-40.0255507175831,41.40926644,-111.5339601,NA,-40.0255507175831,41.40926644,-111.5339601,NA,-40.0255507175831
"101","MOCR",5096,"ABLA",NA,3.7,NA,0,"0",1,1,1,1,"0","0","0","0",0,0,0,0,"0","0","0","0",0,0,0,0,"0","0",NA,NA,0,0,0,0,"0","0",NA,NA,0,0,0,0,"0","0",NA,NA,0,0,0,0,"0","0",NA,NA,0,0,0,0,"0","0",NA,NA,0,0,0,0,"0","0",NA,NA,NA,NA,"under snow",NA,1,2,3,4,NA,NA,NA,NA,0,0,0,0,0,"MOCR5096",2166,5096,NA,"Point",2536.16,NA,0.0567795000123849,0,0,0,0,"MOCR_5096_1745","MOCR_5227_1857",0.966246744278937,"MOCR_5227_1857",0.966246744278937,"MOCR_5227_1857",0.966246744278937,"MOCR_5227_1857",0.966246744278937,NA,41.40907842,-111.5335753,41.40907835,-111.533563739833,NA,90.4608242920908,41.40907835,-111.533563739833,NA,90.4608242920908,41.40907835,-111.533563739833,NA,90.4608242920908,41.40907835,-111.533563739833,NA,90.4608242920908
"102","MOCR",5098,"ABLA",23.8,134.7,18.7,0,"0",1,1,1,1,"0","BO","BO","BO",NA,NA,NA,NA,"0","0","0","0",0,2,2,2,"0","0","0",NA,0,0,0,1,"0","0","0",NA,0,0,0,0,"0","0","0",NA,0,0,0,1,"0","0","0",NA,0,0,0,0,"0","0","0",NA,0,0,0,0,"0","0","0",NA,"Rot in area","Rot in area","Rot in area","Rot in area",1,2,3,4,NA,NA,NA,NA,0,1,1,1,1,"MOCR5098",85,5098,NA,"Point",2526.869,NA,0.0862193019792748,0,1,1,1,"MOCR_5098_1746","MOCR_5095_1744",2.13845908378223,"MOCR_5092_1741",1.62548187045734,"MOCR_5095_1744",2.13845908378223,"MOCR_5093_1742",1.62548187045734,NA,41.40924732,-111.5339265,41.40925649,-111.533949,NA,-61.5710032567894,41.40926086,-111.5339191,NA,22.3648535183366,41.40925649,-111.533949,NA,-61.5710032567894,41.40926086,-111.5339191,NA,22.3648535183366
"103","MOCR",5099,"ABLA",2.2,15.2,3.7,0,"0",1,1,1,1,"0","0","0","0",0,0,1,1,"0","0","0","0",0,0,0,0,"0","0","0",NA,0,0,0,0,"0","0","0",NA,0,0,0,0,"0","0","0",NA,0,0,0,0,"0","0","0",NA,0,0,0,0,"0","0","0",NA,0,0,0,0,"0","0","0",NA,"Rot in area","Rot in area","Rot in area","Rot in area",1,2,3,4,NA,NA,NA,NA,0,0,0,0,0,"MOCR5099",86,5099,NA,"Point",2528.242,NA,0.0830092820337093,0,0,0,0,"MOCR_5099_1747","MOCR_5105_1754",1.16822452894471,"MOCR_5104_1752",1.1641100061977,"MOCR_5105_1754",1.16822452894471,"MOCR_5104_1752",1.1641100061977,NA,41.40926387,-111.5338845,41.40925338,-111.5338834,NA,175.486150537542,41.40925673,-111.5338743,NA,132.916776179094,41.40925338,-111.5338834,NA,175.486150537542,41.40925673,-111.5338743,NA,132.916776179094
"104","MOCR",5100,"ABLA",8.4,53.6,5.5,0,"0",1,1,1,1,"0","0","0","0",0,0,1,1,"0","0","0","0",0,0,0,0,"0","0","0",NA,0,0,0,0,"0","0","0",NA,0,0,0,0,"0","0","0",NA,0,0,0,0,"0","0","0",NA,0,0,0,0,"0","0","0",NA,0,0,0,0,"0","0","0",NA,"Rot in area","Rot in area","Rot in area","Rot in area",1,2,3,4,NA,NA,NA,NA,0,0,0,0,0,"MOCR5100",NA,5100,NA,"Point",2528.242,NA,0.0830092820337093,0,0,0,0,"MOCR_5100_1748","MOCR_5105_1754",1.16822452894471,"MOCR_5104_1752",1.1641100061977,"MOCR_5105_1754",1.16822452894471,"MOCR_5104_1752",1.1641100061977,NA,41.40926387,-111.5338845,41.40925338,-111.5338834,NA,175.486150537542,41.40925673,-111.5338743,NA,132.916776179094,41.40925338,-111.5338834,NA,175.486150537542,41.40925673,-111.5338743,NA,132.916776179094
"105","MOCR",5101,"ABLA",21.6,97.6,33.9,0,"0",1,1,1,1,"0","BO","BO","0",0,1,0,0,"0","0","0","0",0,1,0,0,"0","0","0",NA,0,0,0,0,"0","0","0",NA,0,0,0,0,"0","0","0",NA,0,0,0,0,"0","0","0",NA,0,0,0,0,"0","0","0",NA,0,0,0,0,"0","0","0",NA,NA,NA,NA,NA,1,2,3,4,NA,NA,NA,NA,0,1,0,0,1,"MOCR5101",87,5101,NA,"Point",2524.22,NA,0.0843170680442679,0,1,0,0,"MOCR_5101_1749","MOCR_5091_1740",1.70086015501486,"MOCR_5092_1741",1.61448628984208,"MOCR_5105_1754",1.85423628105606,"MOCR_5093_1742",1.61448628984208,NA,41.4092642,-111.5339003,41.40927586,-111.5339135,NA,-40.4402869863083,41.40926086,-111.5339191,NA,-103.27793493201,41.40925338,-111.5338834,NA,130.378504957846,41.40926086,-111.5339191,NA,-103.27793493201
"106","MOCR",5102,"ABLA",7.3,35.7,0,0,"0",1,1,1,1,"0","BO","0","0",1,1,1,1,"0","0","0","0",0,0,0,0,"0","0","0",NA,0,1,0,0,"0","0","0",NA,0,0,0,0,"0","0","0",NA,0,0,0,0,"0","0","0",NA,0,0,0,0,"0","0","0",NA,0,0,0,0,"0","0","0",NA,NA,NA,NA,NA,1,2,3,4,NA,NA,NA,NA,0,1,0,0,1,"MOCR5102",NA,5102,NA,"Point",2524.22,NA,0.0843170680442679,0,1,0,0,"MOCR_5102_1750","MOCR_5091_1740",1.70086015501486,"MOCR_5092_1741",1.61448628984208,"MOCR_5105_1754",1.85423628105606,"MOCR_5093_1742",1.61448628984208,NA,41.4092642,-111.5339003,41.40927586,-111.5339135,NA,-40.4402869863083,41.40926086,-111.5339191,NA,-103.27793493201,41.40925338,-111.5338834,NA,130.378504957846,41.40926086,-111.5339191,NA,-103.27793493201
"107","MOCR",5103,"ABLA",3.3,47.4,12.3,0,"0",1,1,1,1,"BO","BO","0","BO",0,0,0,0,"0","0","0","0",1,1,0,2,"0","0","0",NA,1,1,2,2,"0","0","0",NA,2,2,2,2,"0","1-0","1–0","1-0",0,1,0,0,"0","0","0",NA,2,2,0,1,"0","0","0",NA,2,2,2,2,"1-1","1-1","1–0",NA,NA,NA,NA,"entry holes",1,2,3,4,NA,NA,NA,NA,1,1,1,1,0,"MOCR5103",NA,5103,NA,"Point",2524.22,NA,0.0843170680442679,1,1,1,1,"MOCR_5103_1751","MOCR_5091_1740",1.70086015501486,"MOCR_5092_1741",1.61448628984208,"MOCR_5105_1754",1.85423628105606,"MOCR_5093_1742",1.61448628984208,NA,41.4092642,-111.5339003,41.40927586,-111.5339135,NA,-40.4402869863083,41.40926086,-111.5339191,NA,-103.27793493201,41.40925338,-111.5338834,NA,130.378504957846,41.40926086,-111.5339191,NA,-103.27793493201
"108","MOCR",5104,"ABLA",7.8,39.7,25.2,0,"0",1,1,1,1,"0","BO","BO","BO",0,0,1,1,"0","0","0","0",0,1,0,0,"0","0","0",NA,0,0,0,1,"0","0","0",NA,0,0,0,0,"0","0","0",NA,0,0,0,0,"0","0","0",NA,0,0,0,0,"0","0","0",NA,0,0,0,0,"0","0","0",NA,NA,NA,NA,NA,1,2,3,4,NA,NA,NA,NA,0,1,0,1,1,"MOCR5104",89,5104,NA,"Point",2530.703,NA,0.0820492084121871,0,1,0,1,"MOCR_5104_1752","MOCR_5105_1753",0.26848086558697,"MOCR_5105_1753",0.26848086558697,"MOCR_5105_1753",0.26848086558697,"MOCR_5105_1753",0.26848086558697,NA,41.40925673,-111.5338743,41.40925777,-111.5338714,NA,64.5290926171042,41.40925777,-111.5338714,NA,64.5290926171042,41.40925777,-111.5338714,NA,64.5290926171042,41.40925777,-111.5338714,NA,64.5290926171042
"109","MOCR",5105,"ABLA",2.5,13.1,3.7,0,"0",1,1,1,1,"BR, BO","BR, BO","BO","BR, BO",1,1,0,0,"0","0","0","0",0,0,0,0,"0","0","0",NA,2,2,2,1,"0","0","0",NA,0,0,0,0,"0","0","0",NA,0,0,0,0,"0","0","0",NA,0,1,0,1,"0","0","0",NA,0,1,0,1,"0","0","0",NA,NA,NA,NA,NA,1,2,3,4,NA,NA,NA,NA,1,1,1,1,0,"MOCR5105",91,5105,NA,"Point",2529.025,NA,0.0818269692849256,1,1,1,1,"MOCR_5105_1753","MOCR_5105_1754",1.11512144739801,"MOCR_5104_1752",0.26848086558697,"MOCR_5105_1754",1.11512144739801,"MOCR_5104_1752",0.26848086558697,NA,41.40925777,-111.5338714,41.40925338,-111.5338834,NA,-115.916635624024,41.40925673,-111.5338743,NA,-115.47090546474,41.40925338,-111.5338834,NA,-115.916635624024,41.40925673,-111.5338743,NA,-115.47090546474
"110","MOCR",5105,"ABLA",2.5,13.1,3.7,0,"0",1,1,1,1,"BR, BO","BR, BO","BO","BR, BO",1,1,0,0,"0","0","0","0",0,0,0,0,"0","0","0",NA,2,2,2,1,"0","0","0",NA,0,0,0,0,"0","0","0",NA,0,0,0,0,"0","0","0",NA,0,1,0,1,"0","0","0",NA,0,1,0,1,"0","0","0",NA,NA,NA,NA,NA,1,2,3,4,NA,NA,NA,NA,1,1,1,1,0,"MOCR5105",90,5105,NA,"Point",2525.807,NA,0.0827469924303994,1,1,1,1,"MOCR_5105_1754","MOCR_5105_1753",1.11512144739801,"MOCR_5104_1752",0.846651282227237,"MOCR_5105_1753",1.11512144739801,"MOCR_5104_1752",0.846651282227237,NA,41.40925338,-111.5338834,41.40925777,-111.5338714,NA,64.0833564387799,41.40925673,-111.5338743,NA,63.9420126011916,41.40925777,-111.5338714,NA,64.0833564387799,41.40925673,-111.5338743,NA,63.9420126011916
"111","MOCR",5106,"ABLA",3.5,7,3.9,0,"0",1,1,1,1,"BR, BO","BR, BO","BO","BR, BO",1,1,0,0,"0","0","0","0",2,2,2,1,"0","0","0",NA,2,2,2,2,"3-2","3-6","3–4","3-2",2,2,2,2,"4-2","4-10","4–6","4-2",0,1,0,0,"0","0","0",NA,0,0,2,2,"0","0","0",NA,2,2,2,2,"1-0","0","0",NA,NA,NA,NA,NA,1,2,3,4,NA,NA,NA,NA,1,1,1,1,0,"MOCR5106",92,5106,NA,"Point",2523.334,NA,0.0799584773279827,1,1,1,1,"MOCR_5106_1755","MOCR_5114_1762",0.701739192618781,"MOCR_5114_1762",0.701739192618781,"MOCR_5105_1753",2.65008637754305,"MOCR_5114_1762",0.701739192618781,NA,41.40927175,-111.5338457,41.40927659,-111.5338511,NA,-40.0286982650587,41.40927659,-111.5338511,NA,-40.0286982650587,41.40925777,-111.5338714,NA,-125.849934137315,41.40927659,-111.5338511,NA,-40.0286982650587
"112","MOCR",5107,"ABLA",NA,2.1,NA,0,"0",1,1,1,1,"0","0","0","0",0,0,0,0,"0","0","0","0",0,0,0,0,"0","0",NA,NA,0,0,0,0,"0","0",NA,NA,0,0,0,0,"0","0",NA,NA,0,0,0,0,"0","0",NA,NA,0,0,0,0,"0","0",NA,NA,0,0,0,0,"0","0",NA,NA,NA,NA,"under snow",NA,1,2,3,4,NA,NA,NA,NA,0,0,0,0,0,"MOCR5107",2167,5107,NA,"Point",2535.912,NA,0.0581994248868654,0,0,0,0,"MOCR_5107_1756","MOCR_5230_1862",2.16489037404997,"MOCR_5227_1858",2.32664690346214,"MOCR_5227_1858",2.32664690346214,"MOCR_5227_1858",2.32664690346214,NA,41.40906221,-111.5335892,41.40907187,-111.5336117,NA,-60.304848363241,41.4090515405,-111.533565240833,NA,120.604841578272,41.4090515405,-111.533565240833,NA,120.604841578272,41.4090515405,-111.533565240833,NA,120.604841578272
"113","MOCR",5108,"ABLA",1.3,8.2,NA,0,"0",1,1,1,1,"0","BO","BO","BO",1,1,0,0,"0","0","0","0",0,0,0,0,"0","0","0",NA,0,0,0,0,"0","0","0",NA,0,0,0,1,"0","0","0",NA,0,0,0,0,"0","0","0",NA,0,1,0,0,"0","0","0",NA,0,0,0,0,"0","0","0",NA,NA,NA,NA,NA,1,2,3,4,NA,NA,NA,NA,0,1,0,1,1,"MOCR5108",94,5108,NA,"Point",2522.775,NA,0.083857611786638,0,1,0,1,"MOCR_5108_1757","MOCR_5110_1758",2.55857734661487,"MOCR_5110_1758",2.55857734661487,"MOCR_5046_1698",3.24207083885994,"MOCR_5046_1698",3.24207083885994,NA,41.40929987,-111.5338862,41.40928901,-111.5338592,NA,118.114162821866,41.40928901,-111.5338592,NA,118.114162821866,41.40932764,-111.5338742,NA,18.0207867151796,41.40932764,-111.5338742,NA,18.0207867151796
"114","MOCR",5110,"ABLA",1.8,10.4,0,0,"0",1,1,1,1,"BR, BO","BO","BO","0",1,1,0,1,"0","0","0","0",0,1,0,0,"0","0","0",NA,1,1,0,0,"0","0","0",NA,0,0,0,0,"0","0","0",NA,0,0,0,0,"0","0","0",NA,0,0,0,0,"0","0","0",NA,1,1,0,0,"0","0","0",NA,NA,NA,NA,NA,1,2,3,4,NA,NA,NA,NA,1,1,0,0,0,"MOCR5110",96,5110,NA,"Point",2524.579,NA,0.0814131431427228,1,1,0,0,"MOCR_5110_1758","MOCR_5112_1760",1.32653268948542,"MOCR_5112_1760",1.32653268948542,"MOCR_5112_1760",1.32653268948542,"MOCR_5112_1760",1.32653268948542,NA,41.40928901,-111.5338592,41.40929683,-111.5338472,NA,49.1204346231751,41.40929683,-111.5338472,NA,49.1204346231751,41.40929683,-111.5338472,NA,49.1204346231751,41.40929683,-111.5338472,NA,49.1204346231751
"115","MOCR",5111,"ABLA",1.8,12.8,0,0,"0",1,1,1,1,"BO","BO","BO","BO",1,1,2,2,"0","0","0","0",1,1,0,0,"0","0","0",NA,1,2,2,2,"0","0","0",NA,0,1,0,1,"0","0","0",NA,0,0,0,0,"0","0","0",NA,1,1,2,1,"0","0","0",NA,0,0,0,1,"0","0","0",NA,NA,NA,NA,NA,1,2,3,4,NA,NA,NA,NA,1,1,1,1,0,"MOCR5111",97,5111,NA,"Point",2525.522,NA,0.08046581669786,1,1,1,1,"MOCR_5111_1759","MOCR_5112_1760",0.156552656029372,"MOCR_5112_1760",0.156552656029372,"MOCR_5112_1760",0.156552656029372,"MOCR_5112_1760",0.156552656029372,NA,41.40929722,-111.5338454,41.40929683,-111.5338472,NA,-106.055627976397,41.40929683,-111.5338472,NA,-106.055627976397,41.40929683,-111.5338472,NA,-106.055627976397,41.40929683,-111.5338472,NA,-106.055627976397
"116","MOCR",5112,"ABLA",2.1,7.3,0,0,"0",1,1,1,1,"BO","BO","BO","BO",1,1,1,2,"0","0","0","0",0,0,0,0,"0","0","0",NA,1,1,2,1,"0","0","0",NA,0,0,0,1,"0","0","0",NA,0,0,0,0,"0","0","0",NA,0,0,2,1,"0","0","0",NA,0,0,0,1,"0","0","0",NA,NA,NA,NA,NA,1,2,3,4,NA,NA,NA,NA,1,1,1,1,0,"MOCR5112",98,5112,NA,"Point",2524.848,NA,0.0806038992534378,1,1,1,1,"MOCR_5112_1760","MOCR_5111_1759",0.156552656029372,"MOCR_5111_1759",0.156552656029372,"MOCR_5111_1759",0.156552656029372,"MOCR_5111_1759",0.156552656029372,NA,41.40929683,-111.5338472,41.40929722,-111.5338454,NA,73.944370833023,41.40929722,-111.5338454,NA,73.944370833023,41.40929722,-111.5338454,NA,73.944370833023,41.40929722,-111.5338454,NA,73.944370833023
"117","MOCR",5113,"ABLA",NA,6.5,NA,0,"0",1,1,1,1,NA,"0","0","0",NA,1,1,1,NA,"0","0","0",0,0,0,0,NA,"0",NA,NA,0,0,0,0,NA,"0",NA,NA,0,0,0,0,NA,"0",NA,NA,0,0,0,0,NA,"0",NA,NA,0,0,0,0,NA,"0",NA,NA,0,0,0,0,NA,"0",NA,NA,"Buried",NA,"under snow",NA,1,2,3,4,NA,NA,NA,NA,0,0,0,0,0,"MOCR5113",99,5113,NA,"Point",2526.947,NA,0.0786380694771023,0,0,0,0,"MOCR_5113_1761","MOCR_5106_1755",1.33774202004916,"MOCR_5106_1755",1.33774202004916,"MOCR_5106_1755",1.33774202004916,"MOCR_5106_1755",1.33774202004916,NA,41.40927144,-111.5338297,41.40927175,-111.5338457,NA,-88.5257772223967,41.40927175,-111.5338457,NA,-88.5257772223967,41.40927175,-111.5338457,NA,-88.5257772223967,41.40927175,-111.5338457,NA,-88.5257772223967
"118","MOCR",5114,"ABLA",NA,4.1,NA,3,"0",1,1,1,1,"BO","BO","BO","BO",1,1,0,1,"0","0","0","0",1,1,0,1,"0","0","0",NA,1,1,0,0,"0","0","0",NA,0,0,0,0,"0","0","0",NA,0,0,0,0,"0","0","0",NA,0,0,0,0,"0","0","0",NA,0,0,0,0,"0","0","0",NA,"Rot in area","Rot in area","Rot in area","Rot in area",1,2,3,4,NA,NA,NA,NA,1,1,0,1,0,"MOCR5114",100,5114,NA,"Point",2527.459,NA,0.0804953534967306,1,1,0,1,"MOCR_5114_1762","MOCR_5106_1755",0.701739192618781,"MOCR_5106_1755",0.701739192618781,"MOCR_5106_1755",0.701739192618781,"MOCR_5106_1755",0.701739192618781,NA,41.40927659,-111.5338511,41.40927175,-111.5338457,NA,139.971298163202,41.40927175,-111.5338457,NA,139.971298163202,41.40927175,-111.5338457,NA,139.971298163202,41.40927175,-111.5338457,NA,139.971298163202
"119","MOCR",5118,"ABLA",NA,3.4,NA,1,"0",1,1,1,1,"BO","0","0","0",1,1,0,0,"0","0","0","0",1,0,0,0,"0","0","0",NA,0,0,0,0,"0","0","0",NA,0,0,0,0,"0","0","0",NA,0,0,0,0,"0","0","0",NA,0,0,0,0,"0","0","0",NA,0,0,0,0,"0","0","0",NA,NA,NA,"low under snow",NA,1,2,3,4,NA,NA,NA,NA,1,0,0,0,0,"MOCR5118",104,5118,NA,"Point",2525.15,NA,0.0790758356652627,1,0,0,0,"MOCR_5118_1763","MOCR_5045_1697",0.962580760230139,"MOCR_5044_1696",0.795733596400381,"MOCR_5045_1697",0.962580760230139,"MOCR_5045_1697",0.962580760230139,NA,41.4092985,-111.533828,41.40930717,-111.5338279,NA,0.497507075846924,41.4093025,-111.5338359,NA,-56.0770946602194,41.40930717,-111.5338279,NA,0.497507075846924,41.40930717,-111.5338279,NA,0.497507075846924
"120","MOCR",5120,"ABLA",NA,6.9,NA,1,"0",1,1,1,1,"0","0","0","0",1,1,0,0,"0","0","0","0",0,0,0,0,"0","0","0",NA,0,0,0,0,"0","0","0",NA,0,0,0,0,"0","0","0",NA,0,0,0,0,"0","0","0",NA,0,0,0,0,"0","0","0",NA,0,0,0,0,"0","0","0",NA,NA,NA,"-11-",NA,1,2,3,4,NA,NA,NA,NA,0,0,0,0,0,"MOCR5120",106,5120,NA,"Point",2525.348,NA,0.0777406521063158,0,0,0,0,"MOCR_5120_1764","MOCR_5118_1763",1.37074732738633,"MOCR_5045_1697",1.66426344915434,"MOCR_5045_1697",1.66426344915434,"MOCR_5045_1697",1.66426344915434,NA,41.40929856,-111.5338116,41.4092985,-111.533828,NA,-90.2784270893346,41.40930717,-111.5338279,NA,-54.9452996779934,41.40930717,-111.5338279,NA,-54.9452996779934,41.40930717,-111.5338279,NA,-54.9452996779934
"121","MOCR",5122,"ABLA",2.1,12.9,1.7,0,"0",1,1,1,1,"0","0","0","BO",1,1,1,1,"0","0","0","0",0,0,0,1,"0","0","0",NA,0,0,0,0,"0","0","0",NA,0,0,0,0,"0","0","0",NA,0,0,0,0,"0","0","0",NA,0,0,0,0,"0","0","0",NA,0,0,0,0,"0","0","0",NA,NA,NA,NA,NA,1,2,3,4,NA,NA,NA,NA,0,0,0,1,1,"MOCR5122",108,5122,NA,"Point",2526.962,NA,0.0722383069058629,0,0,0,1,"MOCR_5122_1765","MOCR_5135_1774",5.52365836223302,"MOCR_5135_1774",5.52365836223302,"MOCR_5134_1651",6.58732276100571,"MOCR_5133_1773",5.27840110509952,NA,41.4092508,-111.5337565,41.40920231,-111.5337713,NA,-167.059072871344,41.40920231,-111.5337713,NA,-167.059072871344,41.4091917,-111.5337495,NA,174.904421225046,41.40922008,-111.5337083,NA,130.250504631395
"122","MOCR",5123,"ABLA",8.6,47.6,4.3,0,"0",1,1,1,1,"BO","BO","BO","BO",1,1,1,1,"0","0","0","0",2,2,2,2,"4-0","4-0","4–1","4-1",2,2,2,2,"3-1","3-2","3–1","1-0",2,2,2,1,"0","0","0",NA,2,2,2,2,"3-0","3-0","3–0","3-0",2,2,2,2,"1-1","1-1","1–1","1-0",2,2,2,1,"0","0","0",NA,"Rot in area","Rot in area","Rot in area","Rot in area",1,2,3,4,NA,NA,NA,NA,1,1,1,1,0,"MOCR5123",109,5123,NA,"Point",2530.486,NA,0.062018744444901,1,1,1,1,"MOCR_5123_1766","MOCR_5125_1767",0.868145397606109,"MOCR_5125_1767",0.868145397606109,"MOCR_5125_1767",0.868145397606109,"MOCR_5125_1767",0.868145397606109,NA,41.40925346,-111.5336315,41.40925723,-111.5336224,NA,61.1763744959214,41.40925723,-111.5336224,NA,61.1763744959214,41.40925723,-111.5336224,NA,61.1763744959214,41.40925723,-111.5336224,NA,61.1763744959214
"123","MOCR",5125,"ABLA",NA,12,7,0,"0",1,1,1,1,"BO","BO","BO","BO",0,1,1,1,"0","0","0","0",0,2,2,2,"0","1-2","1–1","1-7",0,0,0,2,"0","0","0",NA,0,1,0,0,"0","0","0",NA,3,3,3,3,NA,NA,"0",NA,2,2,2,2,"0","0","0",NA,0,0,0,0,"0","0","0",NA,NA,NA,NA,NA,1,2,3,4,NA,NA,NA,NA,1,1,1,1,0,"MOCR5125",111,5125,NA,"Point",2525.716,NA,0.0613542744006103,1,1,1,1,"MOCR_5125_1767","MOCR_5123_1766",0.868145397606109,"MOCR_5123_1766",0.868145397606109,"MOCR_5123_1766",0.868145397606109,"MOCR_5123_1766",0.868145397606109,NA,41.40925723,-111.5336224,41.40925346,-111.5336315,NA,-118.823619485038,41.40925346,-111.5336315,NA,-118.823619485038,41.40925346,-111.5336315,NA,-118.823619485038,41.40925346,-111.5336315,NA,-118.823619485038
"124","MOCR",5126,"ABLA",1,35.3,5,0,"0",1,1,1,1,"BR, BO","BR, BO","BR, BO","BR, BO",2,2,2,2,"0","0","0","0",0,2,0,1,"0","0","0",NA,1,1,0,1,"0","0","0",NA,0,1,2,1,"0","0","0",NA,0,0,0,0,"0","0","0",NA,1,1,0,1,"0","0","0",NA,2,2,2,1,"1-0","1-0","1–0",NA,NA,NA,NA,NA,1,2,3,4,NA,NA,NA,NA,1,1,1,1,0,"MOCR5126",112,5126,NA,"Point",2528.714,NA,0.0611374565478093,1,1,1,1,"MOCR_5126_1768","MOCR_5125_1767",2.42987254978944,"MOCR_5125_1767",2.42987254978944,"MOCR_5125_1767",2.42987254978944,"MOCR_5125_1767",2.42987254978944,NA,41.40927809,-111.5336136,41.40925723,-111.5336224,NA,-162.38034664293,41.40925723,-111.5336224,NA,-162.38034664293,41.40925723,-111.5336224,NA,-162.38034664293,41.40925723,-111.5336224,NA,-162.38034664293
"125","MOCR",5128,"ABLA",18,41.5,4.9,0,"0",1,1,1,1,"0","0","0","0",0,0,0,0,"0","0","0","0",0,0,0,0,"0","0","0",NA,0,0,0,0,"0","0","0",NA,0,0,0,0,"0","0","0",NA,0,0,0,0,"0","0","0",NA,0,0,0,0,"0","0","0",NA,0,0,0,0,"0","0","0",NA,NA,NA,NA,NA,1,2,3,4,NA,NA,NA,NA,0,0,0,0,0,"MOCR5128",114,5128,NA,"Point",2531.757,NA,0.0641614918827408,0,0,0,0,"MOCR_5128_1769","MOCR_5129_1770",2.09847942764208,"MOCR_5129_1770",2.09847942764208,"MOCR_5129_1770",2.09847942764208,"MOCR_5129_1770",2.09847942764208,NA,41.40919864,-111.5336675,41.40921248,-111.5336846,NA,-42.9283739343799,41.40921248,-111.5336846,NA,-42.9283739343799,41.40921248,-111.5336846,NA,-42.9283739343799,41.40921248,-111.5336846,NA,-42.9283739343799
"126","MOCR",5129,"ABLA",6.9,39.7,3.1,1,"0",1,1,1,1,"BO","BR, BO","BR, BO","BR, BO",0,1,2,2,"0","0","0","0",0,1,0,1,"0","0","0",NA,0,0,0,1,"0","0","0",NA,0,1,0,0,"0","0","0",NA,0,0,0,0,"0","0","0",NA,2,2,2,2,"0","0","0",NA,0,0,0,0,"0","0","0",NA,"1DB","1DB","1DB","1DB",1,2,3,4,NA,NA,NA,NA,1,1,1,1,0,"MOCR5129",115,5129,NA,"Point",2529.825,NA,0.0657298120570127,1,1,1,1,"MOCR_5129_1770","MOCR_5134_1651",5.89462761382353,"MOCR_5206_1843",4.39919193652726,"MOCR_5134_1651",5.89462761382353,"MOCR_5131_1772",2.07197513711034,NA,41.40921248,-111.5336846,41.4091917,-111.5337495,NA,-113.039937160284,41.40917761,-111.5337096,NA,-151.641880461092,41.4091917,-111.5337495,NA,-113.039937160284,41.40922592,-111.5337018,NA,-43.9340239107078
"127","MOCR",5130,"ABLA",5.8,12.1,7.2,0,"0",1,1,1,1,"0","0","0","BO",1,1,0,1,"0","0","0","0",0,0,0,1,"0","0","0",NA,0,0,0,0,"0","0","0",NA,0,0,0,0,"0","0","0",NA,0,0,0,0,"0","0","0",NA,0,0,0,0,"0","0","0",NA,0,0,0,0,"0","0","0",NA,NA,NA,NA,NA,1,2,3,4,NA,NA,NA,NA,0,0,0,1,1,"MOCR5130",NA,5130,NA,"Point",2529.825,NA,0.0657298120570127,0,0,0,1,"MOCR_5130_1771","MOCR_5134_1651",5.89462761382353,"MOCR_5206_1843",4.39919193652726,"MOCR_5134_1651",5.89462761382353,"MOCR_5131_1772",2.07197513711034,NA,41.40921248,-111.5336846,41.4091917,-111.5337495,NA,-113.039937160284,41.40917761,-111.5337096,NA,-151.641880461092,41.4091917,-111.5337495,NA,-113.039937160284,41.40922592,-111.5337018,NA,-43.9340239107078
"128","MOCR",5131,"ABLA",3.2,61.3,7.1,0,"0",1,1,1,1,"0","0","0","BO",0,0,0,0,"0","0","0","0",0,0,0,1,"0","0","0",NA,0,0,0,0,"0","0","0",NA,0,0,0,0,"0","0","0",NA,0,0,0,0,"0","0","0",NA,0,0,0,0,"0","0","0",NA,0,0,0,0,"0","0","0",NA,NA,NA,NA,NA,1,2,3,4,NA,NA,NA,NA,0,0,0,1,1,"MOCR5131",116,5131,NA,"Point",2529.114,NA,0.0673295953115192,0,0,0,1,"MOCR_5131_1772","MOCR_5129_1770",2.07197513711034,"MOCR_5129_1770",2.07197513711034,"MOCR_5129_1770",2.07197513711034,"MOCR_5133_1773",0.845883366708068,NA,41.40922592,-111.5337018,41.40921248,-111.5336846,NA,136.065964712652,41.40921248,-111.5336846,NA,136.065964712652,41.40921248,-111.5336846,NA,136.065964712652,41.40922008,-111.5337083,NA,-140.039346123735
"129","MOCR",5133,"ABLA",3.6,70.1,4.8,0,"0",1,1,1,1,"0","0","0","BO",0,0,0,0,"0","0","0","0",0,0,0,1,"0","0","0",NA,0,0,0,0,"0","0","0",NA,0,0,0,0,"0","0","0",NA,0,0,0,0,"0","0","0",NA,0,0,0,0,"0","0","0",NA,0,0,0,0,"0","0","0",NA,NA,NA,NA,NA,1,2,3,4,NA,NA,NA,NA,0,0,0,1,1,"MOCR5133",118,5133,NA,"Point",2529.826,NA,0.0677885422716397,0,0,0,1,"MOCR_5133_1773","MOCR_5129_1770",2.15308830848551,"MOCR_5129_1770",2.15308830848551,"MOCR_5129_1770",2.15308830848551,"MOCR_5131_1772",0.845883366708068,NA,41.40922008,-111.5337083,41.40921248,-111.5336846,NA,113.07154069499,41.40921248,-111.5336846,NA,113.07154069499,41.40921248,-111.5336846,NA,113.07154069499,41.40922592,-111.5337018,NA,39.9606495769525
"130","MOCR",5135,"ABLA",33.6,55.3,0,0,"0",1,1,1,1,"BR, BO","BR, BO","BR, BO","BR, BO",1,1,0,0,"0","0","0","0",0,0,0,1,"0","0","0",NA,1,1,0,0,"0","0","0",NA,0,0,0,0,"0","0","0",NA,0,1,0,1,"0","0","0",NA,0,0,0,0,"0","0","0",NA,1,1,0,0,"0","0","0",NA,NA,NA,NA,NA,1,2,3,4,NA,NA,NA,NA,1,1,0,1,0,"MOCR5135",120,5135,NA,"Point",2533.851,NA,0.0728218738901148,1,1,0,1,"MOCR_5135_1774","MOCR_5134_1651",2.16966612693962,"MOCR_5134_1651",2.16966612693962,"MOCR_5134_1651",2.16966612693962,"MOCR_5134_1651",2.16966612693962,NA,41.40920231,-111.5337713,41.4091917,-111.5337495,NA,122.881635547393,41.4091917,-111.5337495,NA,122.881635547393,41.4091917,-111.5337495,NA,122.881635547393,41.4091917,-111.5337495,NA,122.881635547393
"131","MOCR",5136,"ABLA",10.4,2.4,NA,0,"0",1,1,1,1,"0","0","0","0",1,1,1,1,"0","0","0","0",0,0,0,0,"0","0",NA,NA,0,0,0,0,"0","0",NA,NA,0,0,0,0,"0","0",NA,NA,0,0,0,0,"0","0",NA,NA,0,0,0,0,"0","0",NA,NA,0,0,0,0,"0","0",NA,NA,NA,NA,"under snow",NA,1,2,3,4,NA,NA,NA,NA,0,0,0,0,0,"MOCR5136",121,5136,NA,"Point",2528.309,NA,0.0786790713027233,0,0,0,0,"MOCR_5136_1775","MOCR_5200_1837",1.71344141974412,"MOCR_5200_1837",1.71344141974412,"MOCR_5139_1778",5.86481655188012,"MOCR_5200_1837",1.71344141974412,NA,41.4091954,-111.5338424,41.409180281,-111.533838281833,NA,168.411381107589,41.409180281,-111.533838281833,NA,168.411381107589,41.40920929,-111.5339101,NA,-74.7556513614183,41.409180281,-111.533838281833,NA,168.411381107589
"132","MOCR",5137,"ABLA",NA,4.8,NA,0,NA,1,1,1,1,"0","0","0","0",1,1,1,1,NA,NA,NA,NA,0,0,0,0,NA,"0","0",NA,0,0,0,0,NA,"0","0",NA,0,0,0,0,"0","0","0",NA,0,0,0,0,NA,"0","0",NA,0,0,0,0,NA,"0","0",NA,0,0,0,0,"0","0","0",NA,"(Return)",NA,NA,NA,1,2,3,4,NA,NA,NA,NA,0,0,0,0,0,"MOCR5137",122,5137,NA,"Point",2527.514,NA,0.0776036513935913,0,0,0,0,"MOCR_5137_1776","MOCR_5106_1755",4.31035233273117,"MOCR_5138_1777",1.56259890711435,"MOCR_5106_1755",4.31035233273117,"MOCR_5106_1755",4.31035233273117,NA,41.40923646,-111.5338242,41.40927175,-111.5338457,NA,-24.6391711460156,41.40923358,-111.5338425,NA,-101.807210331424,41.40927175,-111.5338457,NA,-24.6391711460156,41.40927175,-111.5338457,NA,-24.6391711460156
"133","MOCR",5138,"ABLA",NA,4.4,NA,0,"0",1,1,1,1,"0","BO","BO","0",2,1,1,1,"0","0","0","0",0,1,0,0,"0","0","0",NA,0,0,0,0,"0","0","0",NA,0,0,0,0,"0","0","0",NA,0,0,0,0,"0","0","0",NA,0,0,0,0,"0","0","0",NA,0,0,0,0,"0","0","0",NA,NA,NA,NA,NA,1,2,3,4,NA,NA,NA,NA,0,1,0,0,1,"MOCR5138",123,5138,NA,"Point",2527.74,NA,0.0790792883891413,0,1,0,0,"MOCR_5138_1777","MOCR_5105_1753",3.61205644063892,"MOCR_5105_1753",3.61205644063892,"MOCR_5105_1753",3.61205644063892,"MOCR_5105_1753",3.61205644063892,NA,41.40923358,-111.5338425,41.40925777,-111.5338714,NA,-41.969265032419,41.40925777,-111.5338714,NA,-41.969265032419,41.40925777,-111.5338714,NA,-41.969265032419,41.40925777,-111.5338714,NA,-41.969265032419
"134","MOCR",5139,"ABLA",2,9.9,1.3,0,"0",1,1,1,1,"0","0","BO","0",1,1,1,1,"0","0","0","0",0,0,0,0,"0","0","0",NA,0,0,2,0,"0","0","0",NA,0,0,0,0,"0","0","0",NA,0,0,0,0,"0","0","0",NA,0,0,0,0,"0","0","0",NA,0,0,0,0,"0","0","0",NA,NA,NA,NA,NA,1,2,3,4,NA,NA,NA,NA,0,0,1,0,1,"MOCR5139",126,5139,NA,"Point",2529.736,NA,0.0844222739043558,0,0,1,0,"MOCR_5139_1778","MOCR_5185_1822",3.93471135461476,"MOCR_5185_1822",3.93471135461476,"MOCR_5098_1746",4.43903103363903,"MOCR_5140_1779",2.01979602898021,NA,41.40920929,-111.5339101,41.40917498,-111.5339219,NA,-165.483656080902,41.40917498,-111.5339219,NA,-165.483656080902,41.40924732,-111.5339265,NA,-17.9863775012163,41.40922525,-111.5339217,NA,-28.6867130231903
"135","MOCR",5140,"ABLA",NA,3.6,NA,0,"0",1,1,1,1,"0","0","BO","BO",1,1,1,1,"0","0","0","0",0,0,0,1,"0","0","0",NA,0,0,0,0,"0","0","0",NA,0,0,0,0,"0","0","0",NA,0,0,0,0,"0","0","0",NA,0,0,0,0,"0","0","0",NA,0,0,0,0,"0","0","0",NA,NA,NA,NA,NA,1,2,3,4,NA,NA,NA,NA,0,0,0,1,1,"MOCR5140",128,5140,NA,"Point",2528.94,NA,0.0855442766733883,0,0,0,1,"MOCR_5140_1779","MOCR_5095_1744",4.15154818119902,"MOCR_5098_1746",2.48284165001984,"MOCR_5139_1778",2.01979602898021,"MOCR_5098_1746",2.48284165001984,NA,41.40922525,-111.5339217,41.40925649,-111.533949,NA,-33.3408391068348,41.40924732,-111.5339265,NA,-9.29890621023359,41.40920929,-111.5339101,NA,151.313279304192,41.40924732,-111.5339265,NA,-9.29890621023359
"136","MOCR",5141,"ABLA",NA,5.6,NA,2,"0",1,1,1,1,"0","0","0","0",1,1,0,0,"0","0","0","0",0,0,0,0,"0","0","0",NA,0,0,0,0,"0","0","0",NA,0,0,0,0,"0","0","0",NA,0,0,0,0,"0","0","0",NA,0,0,0,0,"0","0","0",NA,0,0,0,0,"0","0","0",NA,NA,NA,NA,NA,1,2,3,4,NA,NA,NA,NA,0,0,0,0,0,"MOCR5141",129,5141,NA,"Point",2528.22,NA,0.0874103320882699,0,0,0,0,"MOCR_5141_1780","MOCR_5095_1744",2.86177731033587,"MOCR_5098_1746",2.29214357110774,"MOCR_5098_1746",2.29214357110774,"MOCR_5140_1779",1.92499758064538,NA,41.40923106,-111.5339434,41.40925649,-111.533949,NA,-9.4132379450535,41.40924732,-111.5339265,NA,38.0424665108554,41.40924732,-111.5339265,NA,38.0424665108554,41.40922525,-111.5339217,NA,109.577355432425
"137","MOCR",5142,"ABLA",3.8,23,3.3,0,"0",1,1,1,1,"0","0","BO","BO",0,0,0,0,"0","0","0","0",0,0,0,1,"0","0","0",NA,0,0,0,1,"0","0","0",NA,0,0,0,0,"0","0","0",NA,0,0,0,0,"0","0","0",NA,0,0,0,1,"0","0","0",NA,0,0,0,0,"0","0","0",NA,NA,NA,NA,NA,1,2,3,4,NA,NA,NA,NA,0,0,0,1,1,"MOCR5142",130,5142,NA,"Point",2529.537,NA,0.086780677232584,0,0,0,1,"MOCR_5142_1781","MOCR_5185_1822",3.19358134895281,"MOCR_5185_1822",3.19358134895281,"MOCR_5139_1778",2.62475031142237,"MOCR_5140_1779",3.10793177003573,NA,41.40920059,-111.5339393,41.40917498,-111.5339219,NA,152.910169775712,41.40917498,-111.5339219,NA,152.910169775712,41.40920929,-111.5339101,NA,68.4084412754397,41.40922525,-111.5339217,NA,28.2496856850881
"138","MOCR",5143,"ABLA",2.4,6.6,0,0,NA,1,1,1,1,"0","0","BO","0",0,0,0,0,NA,NA,NA,NA,0,0,0,0,NA,"0","0",NA,0,0,0,0,NA,"0","0",NA,0,0,0,0,NA,"0","0",NA,0,0,0,0,NA,"0","0",NA,0,0,0,0,NA,"0","0",NA,0,0,0,0,NA,"0","0",NA,"(Return)",NA,"mid and high under snow",NA,1,2,3,4,NA,NA,NA,NA,0,0,0,0,0,"MOCR5143",131,5143,NA,"Point",2531.428,NA,0.0875633612911708,0,0,0,0,"MOCR_5143_1782","MOCR_5095_1744",3.97847045702311,"MOCR_5098_1746",3.39948092921547,"MOCR_5139_1778",3.30325606697196,"MOCR_5140_1779",2.14160013243258,NA,41.4092207,-111.5339466,41.40925649,-111.533949,NA,-2.89008512842198,41.40924732,-111.5339265,NA,29.6162226523139,41.40920929,-111.5339101,NA,112.549527914277,41.40922525,-111.5339217,NA,76.3570155764117
"139","MOCR",5144,"ABLA",18.3,63,0,0,"0",1,1,1,1,"0","0","BO","BO",0,0,0,0,"0","0","0","0",0,0,0,2,"0","0","0",NA,0,0,0,1,"0","0","0",NA,0,0,0,0,"0","0","0",NA,0,0,0,1,"0","0","0",NA,0,0,0,1,"0","0","0",NA,0,0,0,0,"0","0","0",NA,NA,NA,NA,"entry holes",1,2,3,4,NA,NA,NA,NA,0,0,0,1,1,"MOCR5144",133,5144,NA,"Point",2527.783,NA,0.0892059116663532,0,0,0,1,"MOCR_5144_1783","MOCR_5191_1828",3.44346938658132,"MOCR_5177_1814",2.33816801648286,"MOCR_5139_1778",5.77803117304327,"MOCR_5177_1814",2.33816801648286,NA,41.40918292,-111.5339697,41.40916232,-111.5339389,NA,131.617902554285,41.40916554,-111.5339855,NA,-145.611956400346,41.40920929,-111.5339101,NA,59.5571824505031,41.40916554,-111.5339855,NA,-145.611956400346
"140","MOCR",5145,"ABLA",5.8,4.7,1.1,0,"0",1,1,1,1,"0","0","0","0",0,0,0,1,"0","0","0","0",0,0,0,0,"0","0","0",NA,0,0,0,0,"0","0","0",NA,0,0,0,0,"0","0","0",NA,0,0,0,0,"0","0","0",NA,0,0,0,0,"0","0","0",NA,0,0,0,0,"0","0","0",NA,"cut","cut","cut","cut / entry holes",1,2,3,4,NA,NA,NA,NA,0,0,0,0,0,"MOCR5145",134,5145,NA,"Point",2532.892,NA,0.0916959682671236,0,0,0,0,"MOCR_5145_1784","MOCR_5094_1743",3.18698174245266,"MOCR_5094_1743",3.18698174245266,"MOCR_5094_1743",3.18698174245266,"MOCR_5148_1786",2.16868515799688,NA,41.40925083,-111.5339921,41.40926644,-111.5339601,NA,57.0585025105911,41.40926644,-111.5339601,NA,57.0585025105911,41.40926644,-111.5339601,NA,57.0585025105911,41.40925482,-111.5340175,NA,-78.2139519246539
"141","MOCR",5146,"ABLA",NA,2.3,NA,0,"0",1,1,1,1,"0","0","0","0",2,2,1,2,"0","0","0","0",0,0,0,0,"0","0","0",NA,0,0,0,0,"0","0","0",NA,0,0,0,0,"0","0","0",NA,0,0,0,0,"0","0","0",NA,0,0,0,0,"0","0","0",NA,0,0,0,0,"0","0","0",NA,NA,NA,NA,NA,1,2,3,4,NA,NA,NA,NA,0,0,0,0,0,"MOCR5146",135,5146,NA,"Point",2530.261,NA,0.0913273595667859,0,0,0,0,"MOCR_5146_1785","MOCR_5095_1744",5.04985942281684,"MOCR_5095_1744",5.04985942281684,"MOCR_5095_1744",5.04985942281684,"MOCR_5148_1786",4.03841503397793,NA,41.40922416,-111.5339915,41.40925649,-111.533949,NA,44.702515382281,41.40925649,-111.533949,NA,44.702515382281,41.40925649,-111.533949,NA,44.702515382281,41.40925482,-111.5340175,NA,-32.5550763376081
"142","MOCR",5148,"ABLA",2.1,7.7,0,0,"0",1,1,1,1,NA,"0","0","BO",NA,NA,NA,1,NA,"0","0","0",0,0,0,0,NA,"0",NA,NA,0,0,0,0,NA,"0",NA,NA,0,0,0,1,NA,"0",NA,NA,0,0,0,0,NA,"0",NA,NA,0,0,0,2,NA,"0",NA,NA,0,0,0,1,NA,"0",NA,NA,"(Return)",NA,"under snow",NA,1,2,3,4,NA,NA,NA,NA,0,0,0,1,1,"MOCR5148",NA,5148,NA,"Point",2530.023,NA,0.0938529864294884,0,0,0,1,"MOCR_5148_1786","MOCR_5150_1788",1.41569594615966,"MOCR_5150_1788",1.41569594615966,"MOCR_5149_1787",1.57943871688663,"MOCR_5150_1788",1.41569594615966,NA,41.40925482,-111.5340175,41.40925695,-111.5340342,NA,-80.3844362981125,41.40925695,-111.5340342,NA,-80.3844362981125,41.40925626,-111.5340363,NA,-84.1906318949591,41.40925695,-111.5340342,NA,-80.3844362981125
"143","MOCR",5149,"ABLA",7.4,15.2,1.8,1,"0",1,1,1,1,"BO","BO","BO","BO",0,0,0,0,"0","0","0","0",1,1,0,1,"0","0","0",NA,2,2,2,1,"0","0","0",NA,1,1,0,0,"0","0","0",NA,0,0,0,0,"0","0","0",NA,1,1,0,1,"0","0","0",NA,0,0,0,0,"0","0","0",NA,NA,NA,"leaner",NA,1,2,3,4,NA,NA,NA,NA,1,1,1,1,0,"MOCR5149",137,5149,NA,"Point",2528.786,NA,0.0954285553397846,1,1,1,1,"MOCR_5149_1787","MOCR_5150_1788",0.191508811630482,"MOCR_5150_1788",0.191508811630482,"MOCR_5156_1794",3.52806401510996,"MOCR_5150_1788",0.191508811630482,NA,41.40925626,-111.5340363,41.40925695,-111.5340342,NA,66.4217022960341,41.40925695,-111.5340342,NA,66.4217022960341,41.40923017,-111.5340604,NA,-145.184289829673,41.40925695,-111.5340342,NA,66.4217022960341
"144","MOCR",5150,"ABLA",7.2,38.4,0.4,0,"0",1,1,1,1,"BO","BO","BO","BO",0,0,0,1,"0","0","0","0",0,1,0,0,"0","0","0",NA,1,1,0,0,"0","0","0",NA,1,0,0,0,"0","0","0",NA,0,0,0,1,"0","0","0",NA,1,0,0,0,"0","0","0",NA,1,1,0,0,"0","0","0",NA,NA,NA,NA,NA,1,2,3,4,NA,NA,NA,NA,1,1,0,1,0,"MOCR5150",138,5150,NA,"Point",2530.196,NA,0.0952644344317887,1,1,0,1,"MOCR_5150_1788","MOCR_5149_1787",0.191508811630482,"MOCR_5149_1787",0.191508811630482,"MOCR_5149_1787",0.191508811630482,"MOCR_5149_1787",0.191508811630482,NA,41.40925695,-111.5340342,41.40925626,-111.5340363,NA,-113.578296314957,41.40925626,-111.5340363,NA,-113.578296314957,41.40925626,-111.5340363,NA,-113.578296314957,41.40925626,-111.5340363,NA,-113.578296314957
"145","MOCR",5151,"ABLA",1.4,8,0.6,0,"0",1,1,1,1,"BO","BO","BO","BO",0,0,0,0,"0","0","0","0",0,0,0,1,"0","0","0",NA,1,1,0,0,"0","0","0",NA,0,0,0,0,"0","0","0",NA,1,1,0,1,"0","0","0",NA,1,1,0,1,"0","0","0",NA,0,0,0,0,"0","0","0",NA,NA,NA,NA,NA,1,2,3,4,NA,NA,NA,NA,1,1,0,1,0,"MOCR5151",NA,5151,NA,"Point",2530.196,NA,0.0952644344317887,1,1,0,1,"MOCR_5151_1789","MOCR_5149_1787",0.191508811630482,"MOCR_5149_1787",0.191508811630482,"MOCR_5149_1787",0.191508811630482,"MOCR_5149_1787",0.191508811630482,NA,41.40925695,-111.5340342,41.40925626,-111.5340363,NA,-113.578296314957,41.40925626,-111.5340363,NA,-113.578296314957,41.40925626,-111.5340363,NA,-113.578296314957,41.40925626,-111.5340363,NA,-113.578296314957
"146","MOCR",5152,"ABLA",1.6,8.1,0,0,"0",1,1,1,1,"0","0","0","BO",0,0,0,0,"0","0","0","0",0,0,0,0,NA,"0",NA,NA,0,0,0,1,NA,"0","0",NA,0,0,0,0,"0","0","0",NA,0,0,0,0,NA,"0",NA,NA,0,0,0,0,NA,"0","0",NA,0,0,0,0,"0","0","0",NA,"Buried",NA,"low under snow",NA,1,2,3,4,NA,NA,NA,NA,0,0,0,1,1,"MOCR5152",140,5152,NA,"Point",2529.075,NA,0.0941138986008494,0,0,0,1,"MOCR_5152_1790","MOCR_5150_1788",2.0920579469317,"MOCR_5150_1788",2.0920579469317,"MOCR_5149_1787",2.26683015816827,"MOCR_5148_1786",1.80970523909016,NA,41.40927112,-111.5340177,41.40925695,-111.5340342,NA,-138.760908526141,41.40925695,-111.5340342,NA,-138.760908526141,41.40925626,-111.5340363,NA,-136.700798048299,41.40925482,-111.5340175,NA,179.470751426339
"147","MOCR",5153,"ABLA",NA,3.9,NA,0,"0",1,1,1,1,NA,"0","0","0",NA,0,0,0,NA,"0","0","0",0,0,0,0,NA,"0","0",NA,0,0,0,0,NA,"0","0",NA,0,0,0,0,NA,"0","0",NA,0,0,0,0,NA,"0","0",NA,0,0,0,0,NA,"0","0",NA,0,0,0,0,NA,"0","0",NA,"Buried",NA,"under snow",NA,1,2,3,4,NA,NA,NA,NA,0,0,0,0,0,"MOCR5153",141,5153,NA,"Point",2527.871,NA,0.0940820618153567,0,0,0,0,"MOCR_5153_1791","MOCR_5150_1788",1.61987940606408,"MOCR_5150_1788",1.61987940606408,"MOCR_5149_1787",1.80775861773333,"MOCR_5152_1790",0.63772458487259,NA,41.4092654,-111.5340184,41.40925695,-111.5340342,NA,-125.389338848592,41.40925695,-111.5340342,NA,-125.389338848592,41.40925626,-111.5340363,NA,-124.14685496979,41.40927112,-111.5340177,NA,5.26389531842141
"148","MOCR",5154,"ABLA",8.2,44.2,0.2,2,"0",1,1,1,1,"0","BO","BO","BO",0,0,0,0,"0","0","0","0",0,1,0,1,"0","0","0",NA,0,0,0,1,"0","0","0",NA,0,0,0,0,"0","0","0",NA,0,0,0,0,"0","0","0",NA,0,0,0,0,"0","0","0",NA,0,0,0,0,"0","0","0",NA,"Rot in area, 1DB","Rot in area, 1DB","Rot in area, 1DB","Rot in area, 1DB",1,2,3,4,NA,NA,NA,NA,0,1,0,1,1,"MOCR5154",142,5154,NA,"Point",2529.934,NA,0.096447122437214,0,1,0,1,"MOCR_5154_1792","MOCR_5156_1794",1.7627761167643,"MOCR_5155_1793",1.7627761167643,"MOCR_5156_1794",1.7627761167643,"MOCR_5156_1794",1.7627761167643,NA,41.40924419,-111.5340505,41.40923017,-111.5340604,NA,-152.00437384068,41.40923017,-111.5340604,NA,-152.00437384068,41.40923017,-111.5340604,NA,-152.00437384068,41.40923017,-111.5340604,NA,-152.00437384068
"149","MOCR",5155,"ABLA",2.9,NA,1.9,0,"0",1,1,1,1,"0","BO","0","0",0,0,0,0,"0","0","0","0",0,0,0,0,"0","0","0",NA,0,0,0,0,"0","0","0",NA,0,0,0,0,NA,"0",NA,NA,0,0,0,0,"0","0","0",NA,0,0,0,0,"0","0","0",NA,0,1,0,0,NA,"0",NA,NA,"Buried",NA,"high under snow",NA,1,2,3,4,NA,NA,NA,NA,0,1,0,0,1,"MOCR5155",143,5155,NA,"Point",2532.538,NA,0.0971105369322436,0,1,0,0,"MOCR_5155_1793","MOCR_5149_1787",3.52806401510996,"MOCR_5154_1792",1.7627761167643,"MOCR_5149_1787",3.52806401510996,"MOCR_5154_1792",1.7627761167643,NA,41.40923017,-111.5340604,41.40925626,-111.5340363,NA,34.8156942297946,41.40924419,-111.5340505,NA,27.9956196111357,41.40925626,-111.5340363,NA,34.8156942297946,41.40924419,-111.5340505,NA,27.9956196111357
"150","MOCR",5156,"ABLA",7.8,41,0.7,0,"0",1,1,1,1,"BR, BO","BR, BO","BR, BO","BR, BO",1,0,0,0,"0","0","0","0",1,0,0,0,"0","0","0",NA,2,2,2,2,"0","2-1","2–0",NA,2,2,0,1,"0","0","0",NA,0,1,0,0,"0","0","0",NA,2,2,2,2,"0","0","0",NA,2,2,2,2,"2-0","2-0","2–0","2-0",NA,NA,NA,NA,1,2,3,4,NA,NA,NA,NA,1,1,1,1,0,"MOCR5156",NA,5156,NA,"Point",2532.538,NA,0.0971105369322436,1,1,1,1,"MOCR_5156_1794","MOCR_5149_1787",3.52806401510996,"MOCR_5154_1792",1.7627761167643,"MOCR_5149_1787",3.52806401510996,"MOCR_5154_1792",1.7627761167643,NA,41.40923017,-111.5340604,41.40925626,-111.5340363,NA,34.8156942297946,41.40924419,-111.5340505,NA,27.9956196111357,41.40925626,-111.5340363,NA,34.8156942297946,41.40924419,-111.5340505,NA,27.9956196111357
"151","MOCR",5157,"ABLA",NA,0.2,NA,0,"0",1,1,1,1,"0","0","0","0",1,NA,NA,0,"0","0","0","0",0,0,0,0,NA,"0",NA,NA,0,0,0,0,NA,"0",NA,NA,0,0,0,0,NA,"0",NA,NA,0,0,0,0,NA,"0",NA,NA,0,0,0,0,NA,"0",NA,NA,0,0,0,0,NA,"0",NA,NA,"Buried","not found","not found/ under snow","not found",1,2,3,4,NA,NA,NA,NA,0,0,0,0,0,"MOCR5157",145,5157,NA,"Point",2532.189,NA,0.0970982831546381,0,0,0,0,"MOCR_5157_1795","MOCR_5156_1794",0.40932278593023,"MOCR_5155_1793",0.40932278593023,"MOCR_5156_1794",0.40932278593023,"MOCR_5156_1794",0.40932278593023,NA,41.40922649,-111.5340607,41.40923017,-111.5340604,NA,3.51203513314861,41.40923017,-111.5340604,NA,3.51203513314861,41.40923017,-111.5340604,NA,3.51203513314861,41.40923017,-111.5340604,NA,3.51203513314861
"152","MOCR",5158,"ABLA",12,58.3,3.7,0,"0",1,1,1,1,"0","0","0","0",0,0,0,0,"0","0","0","0",0,2,0,0,"0","0","0",NA,0,0,0,0,"0","0","0",NA,0,0,0,0,"0","0","0",NA,0,0,0,0,"0","0","0",NA,0,0,0,0,"0","0","0",NA,0,0,0,0,"0","0","0",NA,"Rot in area","Rot in area","Rot in area/ split top","Rot in area",1,2,3,4,NA,NA,NA,NA,0,1,0,0,1,"MOCR5158",152,5158,NA,"Point",2529.135,NA,0.101769756614464,0,1,0,0,"MOCR_5158_1796","MOCR_5161_1799",4.69630159795758,"MOCR_5160_1798",4.26637051711787,"MOCR_5161_1799",4.69630159795758,"MOCR_5160_1798",4.26637051711787,NA,41.40922584,-111.534117,41.40918518,-111.5341015,NA,163.986873351059,41.40919255,-111.5340915,NA,150.028869803757,41.40918518,-111.5341015,NA,163.986873351059,41.40919255,-111.5340915,NA,150.028869803757
"153","MOCR",5159,"ABLA",10.6,56.4,8.5,0,"0",1,1,1,1,"0","0","0","0",0,0,0,0,"0","0","0","0",0,0,0,0,"0","0","0",NA,0,0,0,0,"0","0","0",NA,0,0,0,0,"0","0","0",NA,0,0,0,0,"0",NA,"0",NA,0,0,0,0,"0",NA,"0",NA,0,0,0,0,"0",NA,"0",NA,NA,NA,"south side obscured",NA,1,2,3,4,NA,NA,NA,NA,0,0,0,0,0,"MOCR5159",153,5159,NA,"Point",2529.468,NA,0.101004726118407,0,0,0,0,"MOCR_5159_1797","MOCR_5161_1799",1.56672598133536,"MOCR_5161_1799",1.56672598133536,"MOCR_5161_1799",1.56672598133536,"MOCR_5161_1799",1.56672598133536,NA,41.4091976,-111.5341104,41.40918518,-111.5341015,NA,151.6539950891,41.40918518,-111.5341015,NA,151.6539950891,41.40918518,-111.5341015,NA,151.6539950891,41.40918518,-111.5341015,NA,151.6539950891
"154","MOCR",5160,"ABLA",1.3,2.4,1.5,0,"0",1,1,1,1,NA,"BO","0","BO",NA,0,0,0,NA,"0","0","0",0,1,0,1,NA,"0","0",NA,0,1,0,1,NA,"0","0",NA,0,0,0,0,NA,"0","0",NA,0,0,0,0,NA,"0","0",NA,0,0,0,0,NA,"0","0",NA,0,0,0,0,NA,"0","0",NA,NA,NA,NA,"bent",1,2,3,4,NA,NA,NA,NA,0,1,0,1,1,"MOCR5160",154,5160,NA,"Point",2533.75,NA,0.0994018863613539,0,1,0,1,"MOCR_5160_1798","MOCR_5161_1799",1.16964300046487,"MOCR_5161_1799",1.16964300046487,"MOCR_5161_1799",1.16964300046487,"MOCR_5161_1799",1.16964300046487,NA,41.40919255,-111.5340915,41.40918518,-111.5341015,NA,-134.39053500481,41.40918518,-111.5341015,NA,-134.39053500481,41.40918518,-111.5341015,NA,-134.39053500481,41.40918518,-111.5341015,NA,-134.39053500481
"155","MOCR",5161,"ABLA",3.4,12.3,2.2,0,"0",1,1,1,1,"BO","BO","BO","BO",1,0,0,0,"0","0","0","0",1,1,0,0,"0","0","0",NA,2,2,2,2,"2-0","2-0","2–0","2-0",2,2,2,2,"0","0","0",NA,0,0,0,0,"0","0","0",NA,0,1,0,0,"0","0","0",NA,0,0,0,0,"0","0","0",NA,NA,NA,"broken top",NA,1,2,3,4,NA,NA,NA,NA,1,1,1,1,0,"MOCR5161",155,5161,NA,"Point",2530.966,NA,0.100198629382689,1,1,1,1,"MOCR_5161_1799","MOCR_5163_1801",2.07276307330376,"MOCR_5160_1798",1.16964300046487,"MOCR_5163_1801",2.07276307330376,"MOCR_5160_1798",1.16964300046487,NA,41.40918518,-111.5341015,41.40916756,-111.5341097,NA,-160.691537323863,41.40919255,-111.5340915,NA,45.609458380868,41.40916756,-111.5341097,NA,-160.691537323863,41.40919255,-111.5340915,NA,45.609458380868
"156","MOCR",5162,"ABLA",1.9,7.2,2.4,0,"0",1,1,1,1,"BO","BR, BO","BR, BO","BR, BO",1,0,0,1,"0","0","0","0",2,2,2,2,"0","0","0",NA,2,2,2,2,"0","0","1–1","1-1",1,1,0,1,"0","0","0",NA,0,0,0,0,"0","0","0",NA,0,1,0,0,"0","0","0",NA,0,0,0,0,"0","0","0",NA,NA,NA,NA,NA,1,2,3,4,NA,NA,NA,NA,1,1,1,1,0,"MOCR5162",157,5162,NA,"Point",2533.679,NA,0.0999977933435702,1,1,1,1,"MOCR_5162_1800","MOCR_5163_1801",0.923912526290545,"MOCR_5163_1801",0.923912526290545,"MOCR_5163_1801",0.923912526290545,"MOCR_5163_1801",0.923912526290545,NA,41.40916371,-111.5340999,41.40916756,-111.5341097,NA,-62.4432016355863,41.40916756,-111.5341097,NA,-62.4432016355863,41.40916756,-111.5341097,NA,-62.4432016355863,41.40916756,-111.5341097,NA,-62.4432016355863
"157","MOCR",5163,"ABLA",3.4,21.8,5.8,0,"0",1,1,1,1,"BO","BO","BO","BO",0,0,0,0,"0","0","0","0",1,1,0,2,"0","0","0",NA,1,1,2,2,"0","0","0","1-1",0,0,0,1,"0","0","0",NA,0,0,0,0,"0","0","0",NA,1,0,0,0,"0","0","0",NA,0,0,0,0,"0","0","0",NA,NA,NA,NA,NA,1,2,3,4,NA,NA,NA,NA,1,1,1,1,0,"MOCR5163",158,5163,NA,"Point",2531.913,NA,0.100822824844763,1,1,1,1,"MOCR_5163_1801","MOCR_5162_1800",0.923912526290545,"MOCR_5162_1800",0.923912526290545,"MOCR_5162_1800",0.923912526290545,"MOCR_5162_1800",0.923912526290545,NA,41.40916756,-111.5341097,41.40916371,-111.5340999,NA,117.556791882382,41.40916371,-111.5340999,NA,117.556791882382,41.40916371,-111.5340999,NA,117.556791882382,41.40916371,-111.5340999,NA,117.556791882382
"158","MOCR",5165,"ABLA",3.8,16.1,3.1,0,"0",1,1,1,1,"0","0","0","BO",0,0,0,0,"0","0","0","0",0,0,0,1,"0","0","0",NA,0,0,0,1,"0","0","0",NA,0,0,0,0,"0","0","0",NA,0,0,0,0,"0","0","0",NA,0,0,0,0,"0","0","0",NA,0,0,0,0,"0","0","0",NA,NA,NA,"leaner",NA,1,2,3,4,NA,NA,NA,NA,0,0,0,1,1,"MOCR5165",160,5165,NA,"Point",2532.107,NA,0.10171016684847,0,0,0,1,"MOCR_5165_1802","MOCR_5163_1801",1.20941550810511,"MOCR_5163_1801",1.20941550810511,"MOCR_5163_1801",1.20941550810511,"MOCR_5163_1801",1.20941550810511,NA,41.40916031,-111.5341205,41.40916756,-111.5341097,NA,48.2774045714086,41.40916756,-111.5341097,NA,48.2774045714086,41.40916756,-111.5341097,NA,48.2774045714086,41.40916756,-111.5341097,NA,48.2774045714086
"159","MOCR",5166,"ABLA",6.9,46.4,0.9,0,"0",1,1,1,1,"BO","BO","BO","BO",0,0,0,0,"0","0","0","0",2,2,2,2,"0","0","0",NA,1,2,0,2,"0","0","0",NA,2,1,0,1,"0","0","0",NA,1,2,2,2,"0","0","0",NA,2,2,0,1,"0","0","0",NA,2,2,0,2,"0","0","0",NA,NA,NA,"trifurcated",NA,1,2,3,4,NA,NA,NA,NA,1,1,1,1,0,"MOCR5166",NA,5166,NA,"Point",2534.88,NA,0.0976914341141756,1,1,1,1,"MOCR_5166_1803","MOCR_5169_1806",1.94455023036121,"MOCR_5162_1800",2.99389519337336,"MOCR_5162_1800",2.99389519337336,"MOCR_5169_1806",1.94455023036121,NA,41.40914643,-111.5340724,41.40913774,-111.5340926,NA,-119.744799408548,41.40916371,-111.5340999,NA,-50.1499948521982,41.40916371,-111.5340999,NA,-50.1499948521982,41.40913774,-111.5340926,NA,-119.744799408548
"160","MOCR",5167,"ABLA",8.2,46.4,0.9,0,"0",1,1,1,1,"BO","BO","BO","BO",0,0,0,0,"0","0","0","0",2,2,2,2,"0","0","0",NA,1,1,0,2,"0","0","0",NA,1,1,0,2,"0","0","0",NA,1,2,2,2,"0","0","0",NA,1,1,0,1,"0","0","0",NA,1,1,0,2,"0","0","0",NA,NA,NA,"-11-",NA,1,2,3,4,NA,NA,NA,NA,1,1,1,1,0,"MOCR5167",NA,5167,NA,"Point",2534.88,NA,0.0976914341141756,1,1,1,1,"MOCR_5167_1804","MOCR_5169_1806",1.94455023036121,"MOCR_5162_1800",2.99389519337336,"MOCR_5162_1800",2.99389519337336,"MOCR_5169_1806",1.94455023036121,NA,41.40914643,-111.5340724,41.40913774,-111.5340926,NA,-119.744799408548,41.40916371,-111.5340999,NA,-50.1499948521982,41.40916371,-111.5340999,NA,-50.1499948521982,41.40913774,-111.5340926,NA,-119.744799408548
"161","MOCR",5168,"ABLA",7.7,46.4,0.9,0,"0",1,1,1,1,"BO","BO","BO","BO",0,0,0,0,"0","0","0","0",2,2,2,2,"0","0","0",NA,2,1,0,2,"0","0","0",NA,2,1,0,1,"0","0","0",NA,1,2,2,2,"0","0","0",NA,2,2,0,2,"0","0","0",NA,1,2,2,1,"0","0","0",NA,NA,NA,"-11-",NA,1,2,3,4,NA,NA,NA,NA,1,1,1,1,0,"MOCR5168",162,5168,NA,"Point",2534.88,NA,0.0976914341141756,1,1,1,1,"MOCR_5168_1805","MOCR_5169_1806",1.94455023036121,"MOCR_5162_1800",2.99389519337336,"MOCR_5162_1800",2.99389519337336,"MOCR_5169_1806",1.94455023036121,NA,41.40914643,-111.5340724,41.40913774,-111.5340926,NA,-119.744799408548,41.40916371,-111.5340999,NA,-50.1499948521982,41.40916371,-111.5340999,NA,-50.1499948521982,41.40913774,-111.5340926,NA,-119.744799408548
"162","MOCR",5169,"ABLA",NA,3.8,NA,0,"0",1,1,1,1,"BO","0","BO","BO",3,3,2,2,"0","0","0","0",0,0,0,0,"0","0","0",NA,0,0,0,1,"0","0","0",NA,0,0,0,0,"0","0","0",NA,0,0,0,0,"0","0","0",NA,1,0,0,0,"0","0","0",NA,0,0,0,0,"0","0","0",NA,NA,NA,NA,NA,1,2,3,4,NA,NA,NA,NA,1,0,0,1,0,"MOCR5169",163,5169,NA,"Point",2534.007,NA,0.0993835253647398,1,0,0,1,"MOCR_5169_1806","MOCR_5166_1803",1.94455023036121,"MOCR_5166_1803",1.94455023036121,"MOCR_5166_1803",1.94455023036121,"MOCR_5166_1803",1.94455023036121,NA,41.40913774,-111.5340926,41.40914643,-111.5340724,NA,60.2551872305351,41.40914643,-111.5340724,NA,60.2551872305351,41.40914643,-111.5340724,NA,60.2551872305351,41.40914643,-111.5340724,NA,60.2551872305351
"163","MOCR",5170,"ABLA",23.5,67.5,9.3,0,"0",1,1,1,1,"BO","BO","BO","BO",1,1,1,1,"0","0","0","0",3,3,3,3,"4-5","4-3","4–4","4-3",0,0,0,0,"0","0","0",NA,0,0,0,0,"0","0","0",NA,0,0,2,1,"0","0","0",NA,0,0,0,0,"0","0","0",NA,0,0,0,0,"0","0","0",NA,NA,NA,NA,NA,1,2,3,4,NA,NA,NA,NA,1,1,1,1,0,"MOCR5170",164,5170,NA,"Point",2533.577,NA,0.100295158798222,1,1,1,1,"MOCR_5170_1807","MOCR_5169_1806",4.18500592004333,"MOCR_5172_1809",4.40728356629373,"MOCR_5172_1809",4.40728356629373,"MOCR_5169_1806",4.18500592004333,NA,41.4091007,-111.5341019,41.40913774,-111.5340926,NA,10.7040532356274,41.40908979,-111.5340512,NA,105.951539420266,41.40908979,-111.5340512,NA,105.951539420266,41.40913774,-111.5340926,NA,10.7040532356274
"164","MOCR",5171,"ABLA",40.1,61.4,10.2,0,"0",1,1,1,1,"0","0","0","0",NA,NA,0,0,"0","0","0","0",0,0,0,0,"0","0","0",NA,0,0,0,0,"0","0","0",NA,0,0,0,0,"0","0","0",NA,0,0,0,0,"0","0","0",NA,0,0,0,0,"0","0","0",NA,0,0,0,0,"0","0","0",NA,NA,NA,"broken/split top",NA,1,2,3,4,NA,NA,NA,NA,0,0,0,0,0,"MOCR5171",167,5171,NA,"Point",2535.906,NA,0.0999408099066413,0,0,0,0,"MOCR_5171_1808","MOCR_5170_1807",4.47711440107411,"MOCR_5170_1807",4.47711440107411,"MOCR_5170_1807",4.47711440107411,"MOCR_5170_1807",4.47711440107411,NA,41.40906086,-111.5340936,41.4091007,-111.5341019,NA,-8.9138567008156,41.4091007,-111.5341019,NA,-8.9138567008156,41.4091007,-111.5341019,NA,-8.9138567008156,41.4091007,-111.5341019,NA,-8.9138567008156
"165","MOCR",5172,"ABLA",5.5,24.6,2,0,"0",1,1,1,1,"BO","BO","BO","BO",1,1,1,1,"0","0","0","0",2,2,2,2,"0","0","0",NA,2,2,2,2,"1-0","1-0","1–0","1-0",2,2,2,2,"0","0","0",NA,1,2,2,2,"0","0","0",NA,2,2,2,2,NA,"1-0","1–0","1-0",2,2,2,2,"4-0","4-0","4–0","4-0",NA,NA,NA,NA,1,2,3,4,NA,NA,NA,NA,1,1,1,1,0,"MOCR5172",171,5172,NA,"Point",2531.957,NA,0.096148727500269,1,1,1,1,"MOCR_5172_1809","MOCR_5173_1810",2.8663675731822,"MOCR_5173_1810",2.8663675731822,"MOCR_5170_1807",4.40728356629373,"MOCR_5303_1926",2.80702837026704,NA,41.40908979,-111.5340512,41.40911556,-111.5340491,NA,3.51068193344416,41.40911556,-111.5340491,NA,3.51068193344416,41.4091007,-111.5341019,NA,-74.0484270451853,41.40909987,-111.5340204,NA,66.5048223361382
"166","MOCR",5173,"ABLA",5.1,36,0,0,"0",1,1,1,1,"BO","BO","BO","BO",0,0,0,1,"0","0","0","0",1,1,0,1,"0","0","1–1",NA,1,1,0,0,"0","0","0",NA,0,0,0,0,"0","0","0",NA,0,0,0,0,"0","0","0",NA,0,0,0,0,"0","0","0",NA,0,0,0,0,"0","0","0",NA,NA,NA,NA,NA,1,2,3,4,NA,NA,NA,NA,1,1,0,1,0,"MOCR5173",NA,5173,NA,"Point",2531.702,NA,0.0958200671607456,1,1,0,1,"MOCR_5173_1810","MOCR_5172_1809",2.8663675731822,"MOCR_5172_1809",2.8663675731822,"MOCR_5172_1809",2.8663675731822,"MOCR_5172_1809",2.8663675731822,NA,41.40911556,-111.5340491,41.40908979,-111.5340512,NA,-176.489316677551,41.40908979,-111.5340512,NA,-176.489316677551,41.40908979,-111.5340512,NA,-176.489316677551,41.40908979,-111.5340512,NA,-176.489316677551
"167","MOCR",5174,"ABLA",4.1,26.2,0,0,"0",1,1,1,1,"BO","BO","BO","BO",1,0,0,0,"0","0","0","0",1,1,0,1,"0","0","1–1",NA,1,1,0,0,"0","0","0",NA,0,0,0,0,"0","0","0",NA,0,0,0,0,"0","0","0",NA,0,0,0,0,"0","0","0",NA,0,0,0,0,"0","0","0",NA,NA,NA,NA,NA,1,2,3,4,NA,NA,NA,NA,1,1,0,1,0,"MOCR5174",173,5174,NA,"Point",2531.702,NA,0.0958200671607456,1,1,0,1,"MOCR_5174_1811","MOCR_5172_1809",2.8663675731822,"MOCR_5172_1809",2.8663675731822,"MOCR_5172_1809",2.8663675731822,"MOCR_5172_1809",2.8663675731822,NA,41.40911556,-111.5340491,41.40908979,-111.5340512,NA,-176.489316677551,41.40908979,-111.5340512,NA,-176.489316677551,41.40908979,-111.5340512,NA,-176.489316677551,41.40908979,-111.5340512,NA,-176.489316677551
"168","MOCR",5175,"ABLA",8.7,50.2,0,0,"0",1,1,1,1,"BO","0","0","0",0,0,0,0,"0","0","0","0",1,0,0,0,"0","0","0",NA,0,0,0,0,"0","0","0",NA,0,0,0,0,"0","0","0",NA,0,0,0,0,"0","0","0",NA,0,0,0,0,"0","0","0",NA,0,0,0,0,"0","0","0",NA,NA,NA,NA,NA,1,2,3,4,NA,NA,NA,NA,1,0,0,0,0,"MOCR5175",175,5175,NA,"Point",2531.933,NA,0.0919951434346013,1,0,0,0,"MOCR_5175_1812","MOCR_5302_1925",2.02891581030287,"MOCR_5177_1814",2.52572240742016,"MOCR_5166_1803",5.71011006958887,"MOCR_5302_1925",2.02891581030287,NA,41.40914761,-111.5340041,41.40912941,-111.5340063,NA,-174.800193626881,41.40916554,-111.5339855,NA,37.9891456860691,41.40914643,-111.5340724,NA,-91.3145965857448,41.40912941,-111.5340063,NA,-174.800193626881
"169","MOCR",5176,"ABLA",8.9,50.7,0,0,"0",1,1,1,1,"0","BO","0","0",1,1,0,0,"0","0","0","0",0,1,0,0,"0","0","0",NA,0,0,0,0,"0","0","0",NA,0,0,0,0,"0","0","0",NA,0,0,0,0,"0","0","0",NA,0,0,0,0,"0","0","0",NA,0,0,0,0,"0","0","0",NA,NA,NA,NA,NA,1,2,3,4,NA,NA,NA,NA,0,1,0,0,1,"MOCR5176",176,5176,NA,"Point",2531.268,NA,0.0918467545812823,0,1,0,0,"MOCR_5176_1813","MOCR_5175_1812",2.984866735993,"MOCR_5177_1814",1.68296403125101,"MOCR_5166_1803",6.67008384925,"MOCR_5177_1814",1.68296403125101,NA,41.40917444,-111.5340018,41.40914761,-111.5340041,NA,-176.307371132835,41.40916554,-111.5339855,NA,125.951937743521,41.40914643,-111.5340724,NA,-117.78867049082,41.40916554,-111.5339855,NA,125.951937743521
"170","MOCR",5177,"ABLA",11.3,62.6,0,0,"0",1,1,1,1,"0","BO","BO","BO",1,1,1,1,"0","0","0","0",0,1,0,1,"0","0","0",NA,0,0,0,0,"0","0","0",NA,0,0,0,0,"0","0","0",NA,0,0,0,0,"0","0","0",NA,0,0,0,0,"0","0","0",NA,0,0,0,1,"0","0","0",NA,NA,NA,NA,NA,1,2,3,4,NA,NA,NA,NA,0,1,0,1,1,"MOCR5177",177,5177,NA,"Point",2532.059,NA,0.0904625182306491,0,1,0,1,"MOCR_5177_1814","MOCR_5175_1812",2.52572240742016,"MOCR_5176_1813",1.68296403125101,"MOCR_5188_1825",5.96466693311648,"MOCR_5144_1783",2.33816801648286,NA,41.40916554,-111.5339855,41.40914761,-111.5340041,NA,-142.010842011301,41.40917444,-111.5340018,NA,-54.0480514751384,41.40913741,-111.5339247,NA,121.572855788512,41.40918292,-111.5339697,NA,34.3880331490285
"171","MOCR",5178,"ABLA",NA,3,NA,0,"0",1,1,1,1,"0","0","0","0",2,2,1,1,"0","0","0","0",0,0,0,0,"0","0","0",NA,0,0,0,0,"0","0","0",NA,0,0,0,0,"0","0","0",NA,0,0,0,0,"0","0","0",NA,0,0,0,0,"0","0","0",NA,0,0,0,0,"0","0","0",NA,NA,NA,NA,NA,1,2,3,4,NA,NA,NA,NA,0,0,0,0,0,"MOCR5178",178,5178,NA,"Point",2531.941,NA,0.0900724490705358,0,0,0,0,"MOCR_5178_1815","MOCR_5175_1812",2.53803455722255,"MOCR_5177_1814",0.521977437568294,"MOCR_5188_1825",5.4531644004581,"MOCR_5177_1814",0.521977437568294,NA,41.40916236,-111.5339809,41.40914761,-111.5340041,NA,-130.180868959202,41.40916554,-111.5339855,NA,-47.4402468936705,41.40913741,-111.5339247,NA,120.52756752323,41.40916554,-111.5339855,NA,-47.4402468936705
"172","MOCR",5179,"ABLA",5.1,42.5,9,0,"0",1,1,1,1,"0","BO","0","0",0,0,0,0,"0","0","0","0",0,0,0,0,"0","0","0",NA,0,0,0,0,"0","0","0",NA,0,0,0,0,"0","0","0",NA,0,1,0,0,"0","0","0",NA,0,0,0,0,"0","0","0",NA,0,0,0,0,"0","0","0",NA,NA,NA,NA,NA,1,2,3,4,NA,NA,NA,NA,0,1,0,0,1,"MOCR5179",179,5179,NA,"Point",2530.243,NA,0.0893036046357487,0,1,0,0,"MOCR_5179_1816","MOCR_5182_1819",1.31654580476978,"MOCR_5182_1819",1.31654580476978,"MOCR_5188_1825",3.98935619616559,"MOCR_5182_1819",1.31654580476978,NA,41.40914323,-111.5339718,41.40913209,-111.5339772,NA,-159.951165975766,41.40913209,-111.5339772,NA,-159.951165975766,41.40913741,-111.5339247,NA,99.3209697286297,41.40913209,-111.5339772,NA,-159.951165975766
"173","MOCR",5180,"ABLA",6.9,49.2,3.3,0,"0",1,1,1,1,"0","0","0","0",1,1,1,1,"0","0","0","0",0,0,0,0,"0","0","0",NA,0,0,0,0,"0","0","0",NA,0,0,0,0,"0","0","0",NA,0,0,0,0,"0","0","0",NA,0,0,0,0,"0","0","0",NA,0,0,0,0,"0","0","0",NA,NA,NA,NA,NA,1,2,3,4,NA,NA,NA,NA,0,0,0,0,0,"MOCR5180",180,5180,NA,"Point",2533.609,NA,0.0897713444520599,0,0,0,0,"MOCR_5180_1817","MOCR_5298_1921",1.70140876028996,"MOCR_5179_1816",1.31654580476978,"MOCR_5188_1825",4.42759307983049,"MOCR_5297_1920",1.70140876028996,NA,41.40913209,-111.5339772,41.4091174,-111.533983,NA,-163.445696522354,41.40914323,-111.5339718,NA,20.0488304525042,41.40913741,-111.5339247,NA,82.3340539334783,41.4091174,-111.533983,NA,-163.445696522354
"174","MOCR",5181,"ABLA",12.3,67.1,16,0,"0",1,1,1,1,"BO","0","0","BO",0,0,0,2,"0","0","0","0",0,0,0,0,"0","0","0",NA,1,0,0,0,"0","0","0",NA,0,0,0,0,"0","0","0",NA,0,0,0,0,"0","0","0",NA,0,0,0,1,"0","0","0",NA,0,0,0,0,"0","0","0",NA,NA,NA,NA,NA,1,2,3,4,NA,NA,NA,NA,1,0,0,1,0,"MOCR5181",181,5181,NA,"Point",2535.22,NA,0.0880905236240786,1,0,0,1,"MOCR_5181_1818","MOCR_5190_1827",1.22797907144091,"MOCR_5182_1819",1.87427459381692,"MOCR_5188_1825",3.01199508323786,"MOCR_5190_1827",1.22797907144091,NA,41.40912508,-111.5339568,41.40913177,-111.5339451,NA,52.783032986328,41.40913209,-111.5339772,NA,-65.4663256760914,41.40913741,-111.5339247,NA,62.9687946330093,41.40913177,-111.5339451,NA,52.783032986328
"175","MOCR",5182,"ABLA",1.4,8,1,0,"0",1,1,1,1,"BO","BO","BR","BO",2,2,1,1,"0","0","0","0",0,0,0,0,"0","0","0",NA,1,1,0,1,"0","0","0",NA,0,0,0,0,"0","0","0",NA,0,0,0,0,"0","0","0",NA,0,0,0,0,"0","0","0",NA,0,0,0,0,"0","0","0",NA,NA,NA,NA,NA,1,2,3,4,NA,NA,NA,NA,1,1,0,1,0,"MOCR5182",NA,5182,NA,"Point",2533.609,NA,0.0897713444520599,1,1,0,1,"MOCR_5182_1819","MOCR_5298_1921",1.70140876028996,"MOCR_5179_1816",1.31654580476978,"MOCR_5188_1825",4.42759307983049,"MOCR_5297_1920",1.70140876028996,NA,41.40913209,-111.5339772,41.4091174,-111.533983,NA,-163.445696522354,41.40914323,-111.5339718,NA,20.0488304525042,41.40913741,-111.5339247,NA,82.3340539334783,41.4091174,-111.533983,NA,-163.445696522354
"176","MOCR",5183,"ABLA",2,12.5,0,0,"0",1,1,1,1,"0","0","0","0",1,1,1,2,"0","0","0","0",0,0,0,0,"0","0","0",NA,0,0,0,0,"0","0","0",NA,0,0,0,0,"0","0","0",NA,0,0,0,0,"0","0","0",NA,0,0,0,0,"0","0","0",NA,0,0,0,0,"0","0","0",NA,NA,NA,NA,NA,1,2,3,4,NA,NA,NA,NA,0,0,0,0,0,"MOCR5183",182,5183,NA,"Point",2530.792,NA,0.0867233012763669,0,0,0,0,"MOCR_5183_1820","MOCR_5191_1828",1.43693190389681,"MOCR_5191_1828",1.43693190389681,"MOCR_5188_1825",4.39551074949051,"MOCR_5191_1828",1.43693190389681,NA,41.40917522,-111.5339403,41.40916232,-111.5339389,NA,175.329052453733,41.40916232,-111.5339389,NA,175.329052453733,41.40913741,-111.5339247,NA,162.744297862926,41.40916232,-111.5339389,NA,175.329052453733
"177","MOCR",5184,"ABLA",NA,5.1,NA,1,"0",1,1,1,1,"0","0","BO","BO",1,1,0,0,"0","0","0","0",0,0,0,1,"0","0",NA,NA,0,0,0,0,"0","0","0",NA,0,0,0,0,"0","0","0",NA,0,0,0,0,"0","0",NA,NA,0,0,0,0,"0","0","0",NA,0,0,0,0,"0","0","0",NA,NA,NA,"low under snow",NA,1,2,3,4,NA,NA,NA,NA,0,0,0,1,1,"MOCR5184",183,5184,NA,"Point",2529.998,NA,0.0846579109702032,0,0,0,1,"MOCR_5184_1821","MOCR_5185_1822",0.622102986249763,"MOCR_5185_1822",0.622102986249763,"MOCR_5139_1778",3.53388971516407,"MOCR_5185_1822",0.622102986249763,NA,41.40917771,-111.5339154,41.40917498,-111.5339219,NA,-119.156325126548,41.40917498,-111.5339219,NA,-119.156325126548,41.40920929,-111.5339101,NA,7.20109445112941,41.40917498,-111.5339219,NA,-119.156325126548
"178","MOCR",5185,"ABLA",8.1,48.7,0,0,"0",1,1,1,1,"BO","BO","BO","BO",0,0,0,1,"0","0","0","0",1,1,0,1,"0","0","0",NA,0,0,0,0,"0","0","0",NA,0,0,0,0,"0","0","0",NA,0,0,0,1,"0","0","0",NA,0,0,0,0,"0","0","0",NA,0,0,0,0,"0","0","0",NA,NA,NA,"bifur",NA,1,2,3,4,NA,NA,NA,NA,1,1,0,1,0,"MOCR5185",184,5185,NA,"Point",2533.086,NA,0.0851887744563899,1,1,0,1,"MOCR_5185_1822","MOCR_5191_1828",1.99859433481064,"MOCR_5191_1828",1.99859433481064,"MOCR_5139_1778",3.93471135461476,"MOCR_5184_1821",0.622102986249763,NA,41.40917498,-111.5339219,41.40916232,-111.5339389,NA,-134.688463687914,41.40916232,-111.5339389,NA,-134.688463687914,41.40920929,-111.5339101,NA,14.5163361141981,41.40917771,-111.5339154,NA,60.8436705741445
"179","MOCR",5186,"ABLA",2.8,16.3,1.9,0,"0",1,1,1,1,"BO","BO","BO","0",2,2,1,1,"0","0","0","0",0,0,0,0,"0","0","0",NA,1,1,0,0,"0","0","0",NA,0,1,0,0,"0","0","0",NA,0,0,0,0,"0","0","0",NA,1,1,0,0,"0","0","0",NA,1,1,0,0,"0","0","0",NA,NA,NA,"-11-",NA,1,2,3,4,NA,NA,NA,NA,1,1,0,0,0,"MOCR5186",NA,5186,NA,"Point",2533.086,NA,0.0851887744563899,1,1,0,0,"MOCR_5186_1823","MOCR_5191_1828",1.99859433481064,"MOCR_5191_1828",1.99859433481064,"MOCR_5139_1778",3.93471135461476,"MOCR_5184_1821",0.622102986249763,NA,41.40917498,-111.5339219,41.40916232,-111.5339389,NA,-134.688463687914,41.40916232,-111.5339389,NA,-134.688463687914,41.40920929,-111.5339101,NA,14.5163361141981,41.40917771,-111.5339154,NA,60.8436705741445
"180","MOCR",5187,"ABLA",NA,5.6,NA,0,"0",1,1,1,1,"0","0","0","BO",1,1,1,1,"0","0","0","0",0,0,0,0,"0","0","0",NA,0,0,0,1,"0","0","0",NA,0,0,0,0,"0","0","0",NA,0,0,0,0,"0","0","0",NA,0,0,0,0,"0","0","0",NA,0,0,0,0,"0","0","0",NA,NA,NA,NA,NA,1,2,3,4,NA,NA,NA,NA,0,0,0,1,1,"MOCR5187",185,5187,NA,"Point",2532.932,NA,0.0871287105554536,0,0,0,1,"MOCR_5187_1824","MOCR_5190_1827",1.07362623437224,"MOCR_5188_1825",1.81106114281791,"MOCR_5188_1825",1.81106114281791,"MOCR_5190_1827",1.07362623437224,NA,41.40914143,-111.5339457,41.40913177,-111.5339451,NA,177.322753425546,41.40913741,-111.5339247,NA,104.266386660857,41.40913741,-111.5339247,NA,104.266386660857,41.40913177,-111.5339451,NA,177.322753425546
"181","MOCR",5188,"ABLA",3.3,16.2,3.8,0,"0",1,1,1,1,"BO","BO","BO","BO",1,0,1,1,"0","0","0","0",0,0,0,0,"0","0","0",NA,1,1,0,1,"0","0","0",NA,0,0,0,0,"0","0","0",NA,0,0,0,0,"0","0","0",NA,2,2,2,2,"4-0","4-1","4–1","4-1",1,0,0,0,"0","0","0",NA,NA,NA,NA,NA,1,2,3,4,NA,NA,NA,NA,1,1,1,1,0,"MOCR5188",186,5188,NA,"Point",2528.927,NA,0.0853830406986958,1,1,1,1,"MOCR_5188_1825","MOCR_5190_1827",1.81639703445246,"MOCR_5192_1829",2.75406395979984,"MOCR_5139_1778",8.0728878519512,"MOCR_5187_1824",1.81106114281791,NA,41.40913741,-111.5339247,41.40913177,-111.5339451,NA,-110.164869080689,41.40911901,-111.5339026,NA,137.878936388733,41.40920929,-111.5339101,NA,8.69407721814223,41.40914143,-111.5339457,NA,-75.7335994490815
"182","MOCR",5189,"ABLA",4,30.7,0.5,0,"0",1,1,1,1,"BO","BO","BO","BO",1,1,NA,0,"0","0","0","0",1,0,0,1,"0","0","0",NA,2,2,2,2,"2-0","2-0","2–0","2-0",1,0,0,0,"0","0","0",NA,0,0,0,0,"0","0","0",NA,2,2,2,2,"2-1","2-0","2–0","2-0",1,1,0,1,"0","0","0",NA,NA,NA,NA,NA,1,2,3,4,NA,NA,NA,NA,1,1,1,1,0,"MOCR5189",NA,5189,NA,"Point",2528.927,NA,0.0853830406986958,1,1,1,1,"MOCR_5189_1826","MOCR_5190_1827",1.81639703445246,"MOCR_5192_1829",2.75406395979984,"MOCR_5139_1778",8.0728878519512,"MOCR_5187_1824",1.81106114281791,NA,41.40913741,-111.5339247,41.40913177,-111.5339451,NA,-110.164869080689,41.40911901,-111.5339026,NA,137.878936388733,41.40920929,-111.5339101,NA,8.69407721814223,41.40914143,-111.5339457,NA,-75.7335994490815
"183","MOCR",5190,"ABLA",13,63.7,1.2,0,"0",1,1,1,1,"BO","0","0","BO",1,1,1,1,"0","0","0","0",0,0,0,0,"0","0","0",NA,0,0,0,0,"0","0","0",NA,0,0,0,0,"0","0","0",NA,0,0,0,1,"0","0","0",NA,1,0,0,0,"0","0","0",NA,0,0,0,0,"0","0","0",NA,NA,NA,NA,NA,1,2,3,4,NA,NA,NA,NA,1,0,0,1,0,"MOCR5190",187,5190,NA,"Point",2535.758,NA,0.0870956877626652,1,0,0,1,"MOCR_5190_1827","MOCR_5181_1818",1.22797907144091,"MOCR_5188_1825",1.81639703445246,"MOCR_5188_1825",1.81639703445246,"MOCR_5187_1824",1.07362623437224,NA,41.40913177,-111.5339451,41.40912508,-111.5339568,NA,-127.216959274925,41.40913741,-111.5339247,NA,69.8351174261091,41.40913741,-111.5339247,NA,69.8351174261091,41.40914143,-111.5339457,NA,-2.67724617759472
"184","MOCR",5191,"ABLA",NA,5.1,NA,0,"0",1,1,1,1,"BO","BO","BO","BO",2,2,2,2,"0","0","0","0",0,1,0,1,"0","0","0",NA,1,1,0,1,"0","0","0",NA,0,0,0,0,"0","0","0",NA,0,0,0,0,"0","0","0",NA,0,0,0,0,"0","0","0",NA,0,0,0,0,"0","0","0",NA,NA,NA,NA,NA,1,2,3,4,NA,NA,NA,NA,1,1,0,1,0,"MOCR5191",188,5191,NA,"Point",2532.596,NA,0.0865702032519531,1,1,0,1,"MOCR_5191_1828","MOCR_5185_1822",1.99859433481064,"MOCR_5185_1822",1.99859433481064,"MOCR_5188_1825",3.00943148484262,"MOCR_5185_1822",1.99859433481064,NA,41.40916232,-111.5339389,41.40917498,-111.5339219,NA,45.3115250677441,41.40917498,-111.5339219,NA,45.3115250677441,41.40913741,-111.5339247,NA,156.772772466172,41.40917498,-111.5339219,NA,45.3115250677441
"185","MOCR",5192,"ABLA",15.3,59.3,0,0,"0",1,1,1,1,"BO","BO","BO","BO",1,1,2,2,"0","0","0","0",0,1,0,1,"0","0","0",NA,1,0,0,0,"0","0","0",NA,0,0,0,0,"0","0","0",NA,0,0,0,0,"0","0","0",NA,0,0,0,1,"0","0","0",NA,0,0,0,0,"0","0","0",NA,NA,NA,NA,NA,1,2,3,4,NA,NA,NA,NA,1,1,0,1,0,"MOCR5192",190,5192,NA,"Point",2533.956,NA,0.0835967954351921,1,1,0,1,"MOCR_5192_1829","MOCR_5188_1825",2.75406395979984,"MOCR_5188_1825",2.75406395979984,"MOCR_5188_1825",2.75406395979984,"MOCR_5188_1825",2.75406395979984,NA,41.40911901,-111.5339026,41.40913741,-111.5339247,NA,-42.1210489936338,41.40913741,-111.5339247,NA,-42.1210489936338,41.40913741,-111.5339247,NA,-42.1210489936338,41.40913741,-111.5339247,NA,-42.1210489936338
"186","MOCR",5193,"ABLA",1.4,9.5,1.5,0,"0",1,1,1,1,"0","0","BO","0",1,1,1,1,"0","0","0","0",0,0,0,0,"0","0","0",NA,0,0,0,0,"0","0","0",NA,0,0,0,0,"0","0","0",NA,0,0,0,0,"0","0","0",NA,0,0,0,0,"0","0","0",NA,0,0,0,0,"0","0","0",NA,NA,NA,NA,NA,1,2,3,4,NA,NA,NA,NA,0,0,0,0,0,"MOCR5193",NA,5193,NA,"Point",2534.181,NA,0.081104832686384,0,0,0,0,"MOCR_5193_1830","MOCR_5192_1829",2.75331178262278,"MOCR_5192_1829",2.75331178262278,"MOCR_5283_1906",3.96073228998885,"MOCR_5192_1829",2.75331178262278,NA,41.40910964,-111.5338721,41.40911901,-111.5339026,NA,-67.8012252044818,41.40911901,-111.5339026,NA,-67.8012252044818,41.40907849,-111.533849,NA,150.825683526063,41.40911901,-111.5339026,NA,-67.8012252044818
"187","MOCR",5194,"ABLA",3.3,20.2,0.8,0,"0",1,1,1,1,"0","0","0","0",2,1,1,1,"0","0","0","0",0,0,0,0,"0","0","0",NA,0,0,0,0,"0","0","0",NA,0,0,0,0,"0","0","0",NA,0,0,0,0,"0","0","0",NA,0,0,0,0,"0","0","0",NA,0,0,0,0,"0","0","0",NA,NA,NA,"trifurcated",NA,1,2,3,4,NA,NA,NA,NA,0,0,0,0,0,"MOCR5194",NA,5194,NA,"Point",2534.181,NA,0.081104832686384,0,0,0,0,"MOCR_5194_1831","MOCR_5192_1829",2.75331178262278,"MOCR_5192_1829",2.75331178262278,"MOCR_5283_1906",3.96073228998885,"MOCR_5192_1829",2.75331178262278,NA,41.40910964,-111.5338721,41.40911901,-111.5339026,NA,-67.8012252044818,41.40911901,-111.5339026,NA,-67.8012252044818,41.40907849,-111.533849,NA,150.825683526063,41.40911901,-111.5339026,NA,-67.8012252044818
"188","MOCR",5195,"ABLA",2.8,15.1,0.8,0,"0",1,1,1,1,"0","0","0","0",1,1,1,1,"0","0","0","0",0,0,0,0,"0","0","0",NA,0,0,0,0,"0","0","0",NA,0,0,0,0,"0","0","0",NA,0,0,0,0,"0","0","0",NA,0,0,0,0,"0","0","0",NA,0,0,0,0,"0","0","0",NA,NA,NA,"-11-",NA,1,2,3,4,NA,NA,NA,NA,0,0,0,0,0,"MOCR5195",NA,5195,NA,"Point",2534.181,NA,0.081104832686384,0,0,0,0,"MOCR_5195_1832","MOCR_5192_1829",2.75331178262278,"MOCR_5192_1829",2.75331178262278,"MOCR_5283_1906",3.96073228998885,"MOCR_5192_1829",2.75331178262278,NA,41.40910964,-111.5338721,41.40911901,-111.5339026,NA,-67.8012252044818,41.40911901,-111.5339026,NA,-67.8012252044818,41.40907849,-111.533849,NA,150.825683526063,41.40911901,-111.5339026,NA,-67.8012252044818
"189","MOCR",5196,"ABLA",2.3,8.9,0.8,0,"0",1,1,1,1,"0","0","0","0",1,1,1,1,"0","0","0","0",0,0,0,0,"0","0","0",NA,0,0,0,0,"0","0","0",NA,0,0,0,0,"0","0","0",NA,0,0,0,0,"0","0","0",NA,0,0,0,0,"0","0","0",NA,0,0,0,0,"0","0","0",NA,NA,NA,"leaner/ -11-",NA,1,2,3,4,NA,NA,NA,NA,0,0,0,0,0,"MOCR5196",191,5196,NA,"Point",2534.181,NA,0.081104832686384,0,0,0,0,"MOCR_5196_1833","MOCR_5192_1829",2.75331178262278,"MOCR_5192_1829",2.75331178262278,"MOCR_5283_1906",3.96073228998885,"MOCR_5192_1829",2.75331178262278,NA,41.40910964,-111.5338721,41.40911901,-111.5339026,NA,-67.8012252044818,41.40911901,-111.5339026,NA,-67.8012252044818,41.40907849,-111.533849,NA,150.825683526063,41.40911901,-111.5339026,NA,-67.8012252044818
"190","MOCR",5197,"ABLA",NA,3.2,NA,1,"0",1,1,1,1,"0","0","0","0",2,1,1,1,"0","0","0","0",0,0,0,0,"0","0","0",NA,0,0,0,0,"0","0","0",NA,0,0,0,0,"0","0","0",NA,0,0,0,0,"0","0","0",NA,0,0,0,0,"0","0","0",NA,0,0,0,0,"0","0","0",NA,NA,NA,NA,NA,1,2,3,4,NA,NA,NA,NA,0,0,0,0,0,"MOCR5197",198,5197,NA,"Point",2531.342,NA,0.0817869576869844,0,0,0,0,"MOCR_5197_1834","MOCR_5200_1838",2.66367350288929,"MOCR_5199_1836",2.28955836859439,"MOCR_5188_1825",4.64495792109714,"MOCR_5199_1836",2.28955836859439,NA,41.40916373,-111.5338815,41.4091786878333,-111.533856582167,NA,51.4327667889814,41.40916834,-111.5338548,NA,77.0830828195902,41.40913741,-111.5339247,NA,-128.98225644129,41.40916834,-111.5338548,NA,77.0830828195902
"191","MOCR",5198,"ABLA",NA,6.1,NA,3,"0",1,1,1,1,"0","0","0","BO",1,1,1,1,"0","0","0","0",0,0,0,0,"0","0","0",NA,0,0,0,1,"0","0","0",NA,0,0,0,0,"0","0","0",NA,0,0,0,0,"0","0","0",NA,0,0,0,0,"0","0","0",NA,0,0,0,0,"0","0","0",NA,NA,NA,NA,NA,1,2,3,4,NA,NA,NA,NA,0,0,0,1,1,"MOCR5198",199,5198,NA,"Point",2530.804,NA,0.0785185997956466,0,0,0,1,"MOCR_5198_1835","MOCR_5200_1837",3.20914420459462,"MOCR_5199_1836",2.12872912523009,"MOCR_5279_1902",5.35416421410688,"MOCR_5199_1836",2.12872912523009,NA,41.40915155,-111.5338425,41.409180281,-111.533838281833,NA,6.3073059589123,41.40916834,-111.5338548,NA,-28.8776552466307,41.40912349,-111.5337904,NA,125.579488567105,41.40916834,-111.5338548,NA,-28.8776552466307
"192","MOCR",5199,"ABLA",9.8,59.8,6.7,0,"0",1,1,1,1,"0","BO","BO","BO",0,0,1,0,"0","0","0","0",0,0,0,0,"0","0","0",NA,0,0,0,1,"0","0","0",NA,0,0,0,0,"0","0","0",NA,0,0,0,0,"0","0","0",NA,0,0,0,0,"0","0","0",NA,0,1,0,1,"0","0","0",NA,NA,NA,"bifur/split top",NA,1,2,3,4,NA,NA,NA,NA,0,1,0,1,1,"MOCR5199",200,5199,NA,"Point",2530.361,NA,0.0795729229607035,0,1,0,1,"MOCR_5199_1836","MOCR_5200_1838",1.15843428121262,"MOCR_5200_1838",1.15843428121262,"MOCR_5139_1778",6.48320289106766,"MOCR_5200_1838",1.15843428121262,NA,41.40916834,-111.5338548,41.4091786878333,-111.533856582167,NA,-7.38776273703264,41.4091786878333,-111.533856582167,NA,-7.38776273703264,41.40920929,-111.5339101,NA,-45.4734967280917,41.4091786878333,-111.533856582167,NA,-7.38776273703264
"193","MOCR",5200,"ABLA",7.5,52.6,4.4,0,"0",1,1,1,1,"BO","BO","BO","0",0,0,0,0,"0","0","0","0",0,0,0,0,"0","0","0",NA,1,1,0,0,"0","0","0",NA,0,0,0,0,"0","0","0",NA,0,0,0,0,"0","0","0",NA,0,0,0,1,"0","0","0",NA,0,1,0,0,"0","0","0",NA,NA,NA,"-11-",NA,1,2,3,4,NA,NA,NA,NA,1,1,0,1,0,"MOCR5200",5303,5200,NA,"Point",2531.764,-16.897,0.0782436400724776,1,1,0,1,"MOCR_5200_1837","MOCR_5200_1838",1.53975862627757,"MOCR_5200_1838",1.53975862627757,"MOCR_5139_1778",6.81205033708072,"MOCR_5200_1838",1.53975862627757,NA,41.409180281,-111.533838281833,41.4091786878333,-111.533856582167,NA,-96.5961765258159,41.4091786878333,-111.533856582167,NA,-96.5961765258159,41.40920929,-111.5339101,NA,-61.7852480402544,41.4091786878333,-111.533856582167,NA,-96.5961765258159
"194","MOCR",5200,"ABLA",7.5,52.6,4.4,0,"0",1,1,1,1,"BO","BO","BO","0",0,0,0,0,"0","0","0","0",0,0,0,0,"0","0","0",NA,1,1,0,0,"0","0","0",NA,0,0,0,0,"0","0","0",NA,0,0,0,0,"0","0","0",NA,0,0,0,1,"0","0","0",NA,0,1,0,0,"0","0","0",NA,NA,NA,"-11-",NA,1,2,3,4,NA,NA,NA,NA,1,1,0,1,0,"MOCR5200",4547,5200,NA,"Point",2528.342,-16.897,0.0797608217545537,1,1,0,1,"MOCR_5200_1838","MOCR_5200_1837",1.53975862627757,"MOCR_5199_1836",1.15843428121262,"MOCR_5139_1778",5.6170494635505,"MOCR_5199_1836",1.15843428121262,NA,41.4091786878333,-111.533856582167,41.409180281,-111.533838281833,NA,83.403811369757,41.40916834,-111.5338548,NA,172.612236084185,41.40920929,-111.5339101,NA,-52.7821395537479,41.40916834,-111.5338548,NA,172.612236084185
"195","MOCR",5202,"ABLA",2.8,17.4,0,0,"0",1,1,1,1,"BO","BO","BO","BO",2,2,1,2,"0","0","0","0",0,0,0,1,"0","0","0",NA,1,1,0,0,"0","0","0",NA,0,0,0,1,"0","0","0",NA,0,0,0,0,"0","0","0",NA,1,1,0,0,"0","0","0",NA,0,0,0,0,"0","0","0",NA,NA,NA,NA,NA,1,2,3,4,NA,NA,NA,NA,1,1,0,1,0,"MOCR5202",203,5202,NA,"Point",2530.443,NA,0.0754945766493411,1,1,0,1,"MOCR_5202_1839","MOCR_5200_1837",2.75674216663971,"MOCR_5200_1837",2.75674216663971,"MOCR_5134_1651",4.90197686991138,"MOCR_5200_1837",2.75674216663971,NA,41.40917834,-111.5338054,41.409180281,-111.533838281833,NA,-85.5166975513668,41.409180281,-111.533838281833,NA,-85.5166975513668,41.4091917,-111.5337495,NA,72.3874906813591,41.409180281,-111.533838281833,NA,-85.5166975513668
"196","MOCR",5203,"ABLA",NA,5,NA,0,"0",1,1,1,1,"0","0","BO","0",1,0,0,0,"0","0","0","0",0,0,0,0,"0","0","0",NA,0,0,0,0,"0","0","0",NA,0,0,0,0,"0","0","0",NA,0,0,0,0,"0","0","0",NA,0,0,0,0,"0","0","0",NA,0,0,0,0,"0","0","0",NA,NA,NA,NA,NA,1,2,3,4,NA,NA,NA,NA,0,0,0,0,0,"MOCR5203",204,5203,NA,"Point",2532.347,NA,0.0735062961482827,0,0,0,0,"MOCR_5203_1840","MOCR_5279_1902",2.68899259759211,"MOCR_5279_1902",2.68899259759211,"MOCR_5279_1902",2.68899259759211,"MOCR_5279_1902",2.68899259759211,NA,41.40914695,-111.5337824,41.40912349,-111.5337904,NA,-165.601630876212,41.40912349,-111.5337904,NA,-165.601630876212,41.40912349,-111.5337904,NA,-165.601630876212,41.40912349,-111.5337904,NA,-165.601630876212
"197","MOCR",5204,"ABLA",NA,2.5,NA,0,"0",1,1,1,1,"BO","BO","0","0",1,NA,NA,NA,"0","0","0","0",0,0,0,0,"0","0",NA,NA,1,0,0,0,"0","0",NA,NA,0,0,0,0,"0","0",NA,NA,0,0,0,0,"0","0",NA,NA,0,0,0,0,"0","0",NA,NA,0,0,0,0,"0","0",NA,NA,NA,"not found","not found/under snow","not found",1,2,3,4,NA,NA,NA,NA,1,0,0,0,0,"MOCR5204",205,5204,NA,"Point",2532.164,NA,0.0688406345306904,1,0,0,0,"MOCR_5204_1841","MOCR_5272_1895",0.229689337711935,"MOCR_5272_1895",0.229689337711935,"MOCR_5272_1895",0.229689337711935,"MOCR_5272_1895",0.229689337711935,NA,41.4091564,-111.5337264,41.40915707,-111.533729,NA,-71.1044542624285,41.40915707,-111.533729,NA,-71.1044542624285,41.40915707,-111.533729,NA,-71.1044542624285,41.40915707,-111.533729,NA,-71.1044542624285
"198","MOCR",5205,"ABLA",16,86.9,7.6,0,"0",1,1,1,1,"0","0","0","0",0,1,1,1,"0","0","0","0",0,0,0,0,"0","0","0",NA,0,0,0,0,"0","0","0",NA,0,0,0,0,"0","0","0",NA,0,0,0,0,"0","0","0",NA,0,0,0,0,"0","0","0",NA,0,0,0,0,"0","0","0",NA,NA,NA,NA,NA,1,2,3,4,NA,NA,NA,NA,0,0,0,0,0,"MOCR5205",206,5205,NA,"Point",2531.832,NA,0.0675096377470555,0,0,0,0,"MOCR_5205_1842","MOCR_5212_1847",2.3506064099123,"MOCR_5212_1847",2.3506064099123,"MOCR_5273_1896",2.78077027934014,"MOCR_5211_1846",0.651352394534701,NA,41.40917761,-111.5337096,41.40915671,-111.5337051,NA,170.792633649644,41.40915671,-111.5337051,NA,170.792633649644,41.40915944,-111.5337325,NA,-136.504066044094,41.4091824,-111.5337051,NA,35.2705777428952
"199","MOCR",5206,"ABLA",1.5,8.3,3.2,0,"0",1,1,1,1,"0","BO","BO","BO",2,2,1,2,"0","0","0","0",0,0,0,0,"0","0","0",NA,0,0,0,0,"0","0","0",NA,0,0,0,0,"0","0","0",NA,0,0,0,0,"0","0","0",NA,0,1,0,1,"0","0","0",NA,0,0,0,0,"0","0","0",NA,NA,NA,NA,NA,1,2,3,4,NA,NA,NA,NA,0,1,0,1,1,"MOCR5206",NA,5206,NA,"Point",2531.832,NA,0.0675096377470555,0,1,0,1,"MOCR_5206_1843","MOCR_5212_1847",2.3506064099123,"MOCR_5212_1847",2.3506064099123,"MOCR_5273_1896",2.78077027934014,"MOCR_5211_1846",0.651352394534701,NA,41.40917761,-111.5337096,41.40915671,-111.5337051,NA,170.792633649644,41.40915671,-111.5337051,NA,170.792633649644,41.40915944,-111.5337325,NA,-136.504066044094,41.4091824,-111.5337051,NA,35.2705777428952
"200","MOCR",5209,"ABLA",NA,5,NA,0,"0",1,1,1,1,"BO","BO","BR","BO",2,2,1,2,"0","0","0","0",1,1,0,1,"0","0","0",NA,0,0,0,1,"0","0","0",NA,0,0,0,0,"0","0","0",NA,0,0,0,0,"0","0","0",NA,0,0,0,0,"0","0","0",NA,0,0,0,0,"0","0","0",NA,NA,NA,NA,NA,1,2,3,4,NA,NA,NA,NA,1,1,0,1,0,"MOCR5209",209,5209,NA,"Point",2533.123,NA,0.0699673433572952,1,1,0,1,"MOCR_5209_1844","MOCR_5275_1898",0.31503638203128,"MOCR_5275_1898",0.31503638203128,"MOCR_5275_1898",0.31503638203128,"MOCR_5275_1898",0.31503638203128,NA,41.40916494,-111.5337397,41.40916225,-111.5337385,NA,161.435722508856,41.40916225,-111.5337385,NA,161.435722508856,41.40916225,-111.5337385,NA,161.435722508856,41.40916225,-111.5337385,NA,161.435722508856
"201","MOCR",5210,"ABLA",NA,7.5,NA,0,"0",1,1,1,1,"0","0","0","0",2,NA,NA,NA,"0","0","0","0",0,0,0,0,"0","0",NA,NA,0,0,0,0,"0","0",NA,NA,0,0,0,0,"0","0",NA,NA,0,0,0,0,"0","0",NA,NA,0,0,0,0,"0","0",NA,NA,0,0,0,0,"0","0",NA,NA,NA,NA,"not found/under snow",NA,1,2,3,4,NA,NA,NA,NA,0,0,0,0,0,"MOCR5210",2162,5210,NA,"Point",2531.979,NA,0.0800876812239966,0,0,0,0,"MOCR_5210_1845","MOCR_5282_1905",2.53809346092718,"MOCR_5282_1905",2.53809346092718,"MOCR_5283_1906",2.53809346092718,"MOCR_5282_1905",2.53809346092718,NA,41.40910005,-111.5338591,41.40907849,-111.533849,NA,160.573272958121,41.40907849,-111.533849,NA,160.573272958121,41.40907849,-111.533849,NA,160.573272958121,41.40907849,-111.533849,NA,160.573272958121
"202","MOCR",5211,"ABLA",3.9,20.9,2.6,0,"0",1,1,1,1,"0","0","0","BO",0,1,1,1,"0","0","0","0",0,0,0,0,"0","0","0",NA,0,0,0,1,"0","0","0",NA,0,0,0,1,"0","0","0",NA,0,0,0,0,"0","0","0",NA,0,0,0,0,"0","0","0",NA,0,0,0,0,"0","0","0",NA,NA,NA,NA,NA,1,2,3,4,NA,NA,NA,NA,0,0,0,1,1,"MOCR5211",211,5211,NA,"Point",2530.657,NA,0.0671621154643704,0,0,0,1,"MOCR_5211_1846","MOCR_5212_1847",2.8521068792656,"MOCR_5206_1843",0.651352394534701,"MOCR_5273_1896",3.42668954055596,"MOCR_5206_1843",0.651352394534701,NA,41.4091824,-111.5337051,41.40915671,-111.5337051,NA,180,41.40917761,-111.5337096,NA,-144.729419280661,41.40915944,-111.5337325,NA,-138.0623833897,41.40917761,-111.5337096,NA,-144.729419280661
"203","MOCR",5212,"ABLA",5.3,39,3.7,0,"0",1,1,1,1,"BO","BO","BO","BO",1,1,1,1,"0","0","0","0",0,2,0,2,"0","0","0",NA,0,0,0,0,"0","0","0",NA,1,1,0,1,"0","0","0",NA,0,1,0,0,"0","0","0",NA,0,0,0,0,"0","0","0",NA,1,1,0,1,NA,"0","0",NA,NA,NA,NA,NA,1,2,3,4,NA,NA,NA,NA,1,1,0,1,0,"MOCR5212",212,5212,NA,"Point",2531.604,NA,0.0670648446330917,1,1,0,1,"MOCR_5212_1847","MOCR_5204_1841",1.78061535574929,"MOCR_5272_1895",1.99799400177011,"MOCR_5272_1895",1.99799400177011,"MOCR_5272_1895",1.99799400177011,NA,41.40915671,-111.5337051,41.4091564,-111.5337264,NA,-91.1074909137885,41.40915707,-111.533729,NA,-88.8537888813112,41.40915707,-111.533729,NA,-88.8537888813112,41.40915707,-111.533729,NA,-88.8537888813112
"204","MOCR",5214,"ABLA",7.1,50.5,4,0,"0",1,1,1,1,"BO","BO","BO","BO",1,1,2,1,"0","0","0","0",0,2,2,2,"0","0","0",NA,1,1,0,0,"0","0","0",NA,1,1,0,0,"0","0","0",NA,0,0,0,1,"0","0","0",NA,1,1,0,0,"0","0","0",NA,0,1,0,0,"0","0","0",NA,NA,NA,NA,NA,1,2,3,4,NA,NA,NA,NA,1,1,1,1,0,"MOCR5214",213,5214,NA,"Point",2532.866,NA,0.0646415092650898,1,1,1,1,"MOCR_5214_1848","MOCR_5245_1875",2.598816543435,"MOCR_5244_1874",0.985462264908499,"MOCR_5245_1875",2.598816543435,"MOCR_5244_1874",0.985462264908499,NA,41.4091464,-111.5336761,41.409127,-111.5336935,NA,-145.97137149424,41.40913805,-111.5336721,NA,160.168355217727,41.409127,-111.5336935,NA,-145.97137149424,41.40913805,-111.5336721,NA,160.168355217727
"205","MOCR",5218,"ABLA",15.4,69.5,12.8,0,"0",1,1,1,1,"BO","BO","BO","BO",0,0,0,0,"0","0","0","0",3,3,3,3,"0","1-7","1–6","1-4",0,0,0,0,"0","0","0",NA,0,0,0,0,"0","0","0",NA,0,0,0,0,"0","0","0",NA,0,0,0,0,"0","0","0",NA,0,0,0,0,"0","0","0",NA,NA,NA,"split top",NA,1,2,3,4,NA,NA,NA,NA,1,1,1,1,0,"MOCR5218",217,5218,NA,"Point",2532.28,NA,0.0602514117710698,1,1,1,1,"MOCR_5218_1849","MOCR_5240_1873",2.58363524131033,"MOCR_5240_1873",2.58363524131033,"MOCR_5214_1848",4.43632520202581,"MOCR_5240_1873",2.58363524131033,NA,41.40914164,-111.5336234,41.40912661,-111.5335998,NA,130.229182446587,41.40912661,-111.5335998,NA,130.229182446587,41.4091464,-111.5336761,NA,-83.1586553759008,41.40912661,-111.5335998,NA,130.229182446587
"206","MOCR",5219,"ABLA",6.8,38.1,3,0,"0",1,1,1,1,"BO","0","0","BO",1,1,1,1,"0","0","0","0",1,0,0,1,"0","0","0",NA,0,0,0,0,"0","0","0",NA,0,0,0,0,"0","0","0",NA,0,0,0,1,"0","0","0",NA,0,0,0,0,"0","0","0",NA,0,0,0,0,"0","0","0",NA,NA,NA,NA,NA,1,2,3,4,NA,NA,NA,NA,1,0,0,1,0,"MOCR5219",218,5219,NA,"Point",2534.921,NA,0.0575521430626498,1,0,0,1,"MOCR_5219_1850","MOCR_5220_1851",2.38632451886166,"MOCR_5220_1851",2.38632451886166,"MOCR_5220_1851",2.38632451886166,"MOCR_5220_1851",2.38632451886166,NA,41.4091487,-111.5335911,41.40916946,-111.5335837,NA,15.0217662804766,41.40916946,-111.5335837,NA,15.0217662804766,41.40916946,-111.5335837,NA,15.0217662804766,41.40916946,-111.5335837,NA,15.0217662804766
"207","MOCR",5220,"ABLA",18.8,92.4,25.6,0,"0",1,1,1,1,"BO","BO","BO","BO",0,0,0,0,"AB","AB","AB","AB",2,2,2,2,"2-2","2-26","2–23","2-28",0,0,0,1,"0","0","0",NA,0,0,0,0,"0","0","0",NA,0,0,0,1,"0","0","0",NA,0,0,0,0,"0","0","0",NA,0,0,0,0,"0","0","0",NA,NA,NA,"split top",NA,1,2,3,4,NA,NA,NA,NA,1,1,1,1,0,"MOCR5220",219,5220,NA,"Point",2534.031,NA,0.0569804238172084,1,1,1,1,"MOCR_5220_1851","MOCR_5220_1852",0.545825161871039,"MOCR_5220_1852",0.545825161871039,"MOCR_5220_1852",0.545825161871039,"MOCR_5220_1852",0.545825161871039,NA,41.40916946,-111.5335837,41.4091704913333,-111.533577314833,NA,77.8910163362994,41.4091704913333,-111.533577314833,NA,77.8910163362994,41.4091704913333,-111.533577314833,NA,77.8910163362994,41.4091704913333,-111.533577314833,NA,77.8910163362994
"208","MOCR",5220,"ABLA",18.8,92.4,25.6,0,"0",1,1,1,1,"BO","BO","BO","BO",0,0,0,0,"AB","AB","AB","AB",2,2,2,2,"2-2","2-26","2–23","2-28",0,0,0,1,"0","0","0",NA,0,0,0,0,"0","0","0",NA,0,0,0,1,"0","0","0",NA,0,0,0,0,"0","0","0",NA,0,0,0,0,"0","0","0",NA,NA,NA,"split top",NA,1,2,3,4,NA,NA,NA,NA,1,1,1,1,0,"MOCR5220",5307,5220,NA,"Point",2533.589,-16.897,0.056453087782602,1,1,1,1,"MOCR_5220_1852","MOCR_5220_1851",0.545825161871039,"MOCR_5220_1851",0.545825161871039,"MOCR_5220_1851",0.545825161871039,"MOCR_5220_1851",0.545825161871039,NA,41.4091704913333,-111.533577314833,41.40916946,-111.5335837,NA,-102.108979440347,41.40916946,-111.5335837,NA,-102.108979440347,41.40916946,-111.5335837,NA,-102.108979440347,41.40916946,-111.5335837,NA,-102.108979440347
"209","MOCR",5223,"ABLA",NA,2.8,NA,0,"0",1,1,1,1,"0","0","0","0",2,2,1,2,"0","0","0","0",0,0,0,0,"0","0","0",NA,0,0,0,0,"0","0","0",NA,0,0,0,0,"0","0","0",NA,0,0,0,0,"0","0","0",NA,0,0,0,0,"0","0","0",NA,0,0,0,0,"0","0","0",NA,NA,NA,NA,NA,1,2,3,4,NA,NA,NA,NA,0,0,0,0,0,"MOCR5223",223,5223,NA,"Point",2535.443,NA,0.0542701273176164,0,0,0,0,"MOCR_5223_1853","MOCR_5227_1857",1.55973399790286,"MOCR_5225_1855",1.17468589750566,"MOCR_5225_1855",1.17468589750566,"MOCR_5225_1855",1.17468589750566,NA,41.40907995,-111.5335452,41.40907835,-111.533563739833,NA,-96.5393811597068,41.4090717,-111.5335364,NA,141.234154225596,41.4090717,-111.5335364,NA,141.234154225596,41.4090717,-111.5335364,NA,141.234154225596
"210","MOCR",5224,"ABLA",1.9,5.6,0.4,0,"0",1,1,1,1,"0","BO","BO","BO",1,1,1,1,"0","0","0","0",0,1,2,1,"0","0","0",NA,0,1,0,1,"0","0","0",NA,0,0,0,0,"0","0","0",NA,0,0,0,0,"0","0","0",NA,0,1,0,0,"0","0","0",NA,0,0,0,0,"0","0","0",NA,NA,NA,"bent","bent, broken top",1,2,3,4,NA,NA,NA,NA,0,1,1,1,1,"MOCR5224",224,5224,NA,"Point",2535.697,NA,0.0531723953575164,0,1,1,1,"MOCR_5224_1854","MOCR_5228_1860",2.51479109119633,"MOCR_5225_1855",0.682511010130527,"MOCR_5225_1855",0.682511010130527,"MOCR_5225_1855",0.682511010130527,NA,41.40907644,-111.5335312,41.409058636,-111.5335498015,NA,-141.812383177811,41.4090717,-111.5335364,NA,-140.446323883469,41.4090717,-111.5335364,NA,-140.446323883469,41.4090717,-111.5335364,NA,-140.446323883469
"211","MOCR",5225,"ABLA",3.3,12.1,2.6,0,"0",1,1,1,1,"0","BO","BO","BO",1,0,0,0,"0","0","0","0",0,1,2,1,"0","0","0",NA,0,1,0,1,"0","0","0",NA,0,0,0,0,"0","0","0",NA,0,0,0,0,"0","0","0",NA,0,0,0,0,"0","0","0",NA,0,0,0,0,"0","0","0",NA,NA,NA,NA,NA,1,2,3,4,NA,NA,NA,NA,0,1,1,1,1,"MOCR5225",225,5225,NA,"Point",2535.623,NA,0.0536829448650371,0,1,1,1,"MOCR_5225_1855","MOCR_5228_1860",1.8325462954339,"MOCR_5224_1854",0.682511010130527,"MOCR_5224_1854",0.682511010130527,"MOCR_5224_1854",0.682511010130527,NA,41.4090717,-111.5335364,41.409058636,-111.5335498015,NA,-142.321118345167,41.40907644,-111.5335312,NA,39.5536726770917,41.40907644,-111.5335312,NA,39.5536726770917,41.40907644,-111.5335312,NA,39.5536726770917
"212","MOCR",5226,"ABLA",9.1,41.9,2.4,0,"0",1,1,1,1,"BO","BO","BO","BO",1,1,0,1,"0","0","0","0",2,2,2,2,"0","0","0",NA,2,2,2,2,"0","0","0",NA,0,0,0,0,"0","0","0",NA,1,0,0,1,"0","0","0",NA,0,0,0,0,"0","0","0",NA,0,0,0,0,"0","0","0",NA,NA,NA,NA,NA,1,2,3,4,NA,NA,NA,NA,1,1,1,1,0,"MOCR5226",226,5226,NA,"Point",2534.863,NA,0.053260793691987,1,1,1,1,"MOCR_5226_1856","MOCR_5228_1860",2.2573781525181,"MOCR_5228_1860",2.2573781525181,"MOCR_5228_1860",2.2573781525181,"MOCR_5228_1860",2.2573781525181,NA,41.40904946,-111.5335257,41.409058636,-111.5335498015,NA,-63.1738429076705,41.409058636,-111.5335498015,NA,-63.1738429076705,41.409058636,-111.5335498015,NA,-63.1738429076705,41.409058636,-111.5335498015,NA,-63.1738429076705
"213","MOCR",5227,"ABLA",2.3,10.5,0,0,"0",1,1,1,1,"BO","BO","BO","BO",1,1,0,1,"0","0","0","0",2,2,2,2,"0","1-2","1–1","1-1",2,2,2,2,"4-0","4-0","4–0",NA,1,1,2,1,"0","0","0",NA,2,2,0,0,"0","0","0",NA,2,2,2,2,"4-0","0","0",NA,0,0,0,0,"0","0","0",NA,NA,NA,"bifur",NA,1,2,3,4,NA,NA,NA,NA,1,1,1,1,0,"MOCR5227",5304,5227,NA,"Point",2533.87,-16.897,0.0558259262635499,1,1,1,1,"MOCR_5227_1857","MOCR_5228_1859",0.161848827732886,"MOCR_5228_1859",0.161848827732886,"MOCR_5228_1859",0.161848827732886,"MOCR_5228_1859",0.161848827732886,NA,41.40907835,-111.533563739833,41.409079804,-111.533563880167,NA,-4.15591573483776,41.409079804,-111.533563880167,NA,-4.15591573483776,41.409079804,-111.533563880167,NA,-4.15591573483776,41.409079804,-111.533563880167,NA,-4.15591573483776
"214","MOCR",5227,"ABLA",2.3,10.5,0,0,"0",1,1,1,1,"BO","BO","BO","BO",1,1,0,1,"0","0","0","0",2,2,2,2,"0","1-2","1–1","1-1",2,2,2,2,"4-0","4-0","4–0",NA,1,1,2,1,"0","0","0",NA,2,2,0,0,"0","0","0",NA,2,2,2,2,"4-0","0","0",NA,0,0,0,0,"0","0","0",NA,NA,NA,"bifur",NA,1,2,3,4,NA,NA,NA,NA,1,1,1,1,0,"MOCR5227",4550,5227,NA,"Point",2540.826,-16.897,0.056445668039451,1,1,1,1,"MOCR_5227_1858","MOCR_5228_1860",1.51187983243036,"MOCR_5228_1860",1.51187983243036,"MOCR_5228_1860",1.51187983243036,"MOCR_5228_1860",1.51187983243036,NA,41.4090515405,-111.533565240833,41.409058636,-111.5335498015,NA,58.5982509445071,41.409058636,-111.5335498015,NA,58.5982509445071,41.409058636,-111.5335498015,NA,58.5982509445071,41.409058636,-111.5335498015,NA,58.5982509445071
"215","MOCR",5228,"ABLA",2.7,12.5,0,0,"0",1,1,1,1,"BR, BO","BR, BO","BR, BO","BR, BO",1,1,0,1,"0","0","0","0",2,2,2,2,"0","1-2","1–1","1-1",2,2,2,2,"0","0","0",NA,0,0,0,0,"0","0","0",NA,2,2,0,0,"0","0","0",NA,0,0,2,2,"0","0","0",NA,0,0,0,1,"0","0","0",NA,"Rot in area","Rot in area","Rot in area/ bifur","Rot in area",1,2,3,4,NA,NA,NA,NA,1,1,1,1,0,"MOCR5228",5305,5228,NA,"Point",2534.125,-16.897,0.0558149953515842,1,1,1,1,"MOCR_5228_1859","MOCR_5227_1857",0.161848827732886,"MOCR_5227_1857",0.161848827732886,"MOCR_5227_1857",0.161848827732886,"MOCR_5227_1857",0.161848827732886,NA,41.409079804,-111.533563880167,41.40907835,-111.533563739833,NA,175.844084172341,41.40907835,-111.533563739833,NA,175.844084172341,41.40907835,-111.533563739833,NA,175.844084172341,41.40907835,-111.533563739833,NA,175.844084172341
"216","MOCR",5228,"ABLA",2.7,12.5,0,0,"0",1,1,1,1,"BR, BO","BR, BO","BR, BO","BR, BO",1,1,0,1,"0","0","0","0",2,2,2,2,"0","1-2","1–1","1-1",2,2,2,2,"0","0","0",NA,0,0,0,0,"0","0","0",NA,2,2,0,0,"0","0","0",NA,0,0,2,2,"0","0","0",NA,0,0,0,1,"0","0","0",NA,"Rot in area","Rot in area","Rot in area/ bifur","Rot in area",1,2,3,4,NA,NA,NA,NA,1,1,1,1,0,"MOCR5228",4549,5228,NA,"Point",2540.694,-16.897,0.055033073766643,1,1,1,1,"MOCR_5228_1860","MOCR_5227_1858",1.51187983243036,"MOCR_5227_1858",1.51187983243036,"MOCR_5227_1858",1.51187983243036,"MOCR_5227_1858",1.51187983243036,NA,41.409058636,-111.5335498015,41.4090515405,-111.533565240833,NA,-121.401738843449,41.4090515405,-111.533565240833,NA,-121.401738843449,41.4090515405,-111.533565240833,NA,-121.401738843449,41.4090515405,-111.533565240833,NA,-121.401738843449
"217","MOCR",5229,"ABLA",NA,3,NA,0,"0",1,1,1,1,"0","0","0","0",1,0,0,0,"0","0","0","0",0,0,0,0,"0","0","0",NA,0,0,0,0,"0","0","0",NA,0,0,0,0,"0","0","0",NA,0,0,0,0,"0","0","0",NA,0,0,0,0,"0","0","0",NA,0,0,0,0,"0","0","0",NA,NA,NA,NA,NA,1,2,3,4,NA,NA,NA,NA,0,0,0,0,0,"MOCR5229",230,5229,NA,"Point",2535.664,NA,0.0597149242701924,0,0,0,0,"MOCR_5229_1861","MOCR_5230_1862",3.26495175164953,"MOCR_5227_1858",3.28900256052455,"MOCR_5227_1858",3.28900256052455,"MOCR_5227_1858",3.28900256052455,NA,41.4090432,-111.533603,41.40907187,-111.5336117,NA,-12.8686371351233,41.4090515405,-111.533565240833,NA,73.6482577911159,41.4090515405,-111.533565240833,NA,73.6482577911159,41.4090515405,-111.533565240833,NA,73.6482577911159
"218","MOCR",5230,"ABLA",NA,5.1,NA,0,"0",1,1,1,1,"BO","0","0","0",1,0,0,0,"0","0","0","0",0,0,0,0,"0","0","0",NA,0,0,0,0,"0","0","0",NA,1,0,0,0,"0","0","0",NA,0,0,0,0,"0","0","0",NA,0,0,0,0,"0","0","0",NA,0,0,0,0,"0","0","0",NA,NA,NA,NA,NA,1,2,3,4,NA,NA,NA,NA,1,0,0,0,0,"MOCR5230",231,5230,NA,"Point",2536.034,NA,0.0598874406469512,1,0,0,0,"MOCR_5230_1862","MOCR_5231_1863",1.77416961596215,"MOCR_5231_1863",1.77416961596215,"MOCR_5237_1870",2.69968126650956,"MOCR_5237_1870",2.69968126650956,NA,41.40907187,-111.5336117,41.40907929,-111.5336305,NA,-62.3342513714581,41.40907929,-111.5336305,NA,-62.3342513714581,41.40907188,-111.533644,NA,-89.9764272902823,41.40907188,-111.533644,NA,-89.9764272902823
"219","MOCR",5231,"ABLA",1.3,7.1,1.5,0,"0",1,1,1,1,"BO","BO","BO","0",1,1,0,1,"0","0","0","0",0,0,0,0,"0","0","0",NA,1,1,0,0,"0","0","0",NA,0,0,0,0,"0","0","0",NA,0,0,0,0,"0","0","0",NA,0,0,0,0,"0","0","0",NA,0,0,0,0,"0","0","0",NA,NA,NA,NA,NA,1,2,3,4,NA,NA,NA,NA,1,1,0,0,0,"MOCR5231",232,5231,NA,"Point",2537.628,NA,0.0613298166439945,1,1,0,0,"MOCR_5231_1863","MOCR_5237_1870",1.39640279215408,"MOCR_5237_1870",1.39640279215408,"MOCR_5237_1870",1.39640279215408,"MOCR_5237_1870",1.39640279215408,NA,41.40907929,-111.5336305,41.40907188,-111.533644,NA,-126.095101909226,41.40907188,-111.533644,NA,-126.095101909226,41.40907188,-111.533644,NA,-126.095101909226,41.40907188,-111.533644,NA,-126.095101909226
"220","MOCR",5232,"ABLA",1.1,7.6,NA,0,"0",1,1,1,1,"0","0","0","0",1,0,0,0,"0","0","0","0",0,0,0,0,"0","0","0",NA,0,0,0,0,"0","0","0",NA,0,0,0,0,"0","0","0",NA,0,0,0,0,"0","0","0",NA,0,0,0,0,"0","0","0",NA,0,0,0,0,"0","0","0",NA,NA,NA,NA,NA,1,2,3,4,NA,NA,NA,NA,0,0,0,0,0,"MOCR5232",235,5232,NA,"Point",2537.559,NA,0.0620195845890531,0,0,0,0,"MOCR_5232_1864","MOCR_5233_1865",0.649046366526817,"MOCR_5233_1865",0.649046366526817,"MOCR_5237_1870",0.660968395470203,"MOCR_5237_1870",0.660968395470203,NA,41.40906911,-111.533637,41.40906692,-111.5336442,NA,-111.999712647544,41.40906692,-111.5336442,NA,-111.999712647544,41.40907188,-111.533644,NA,-62.272597935021,41.40907188,-111.533644,NA,-62.272597935021
"221","MOCR",5233,"ABLA",NA,7.8,NA,2,"0",1,1,1,1,"BO","BO","BO","0",1,1,0,1,"0","0","0","0",1,0,0,0,"0","0","0",NA,0,1,0,0,"0","0","0",NA,0,0,0,0,"0","0","0",NA,0,0,0,0,"0","0","0",NA,1,0,0,0,"0","0","0",NA,0,0,0,0,"0","0","0",NA,"Rot in area","Rot in area","Rot in area","Rot in area",1,2,3,4,NA,NA,NA,NA,1,1,0,0,0,"MOCR5233",236,5233,NA,"Point",2537.316,NA,0.0626489233269528,1,1,0,0,"MOCR_5233_1865","MOCR_5237_1870",0.550913449943294,"MOCR_5237_1870",0.550913449943294,"MOCR_5237_1870",0.550913449943294,"MOCR_5237_1870",0.550913449943294,NA,41.40906692,-111.5336442,41.40907188,-111.533644,NA,1.73878476083668,41.40907188,-111.533644,NA,1.73878476083668,41.40907188,-111.533644,NA,1.73878476083668,41.40907188,-111.533644,NA,1.73878476083668
"222","MOCR",5234,"ABLA",NA,5.2,2.5,0,"0",1,1,1,1,"0","0","0","0",1,NA,1,NA,"0","0","0","0",0,0,0,0,"0",NA,"0",NA,0,0,0,0,"0",NA,"0",NA,0,0,0,0,"0",NA,"0",NA,0,0,0,0,"0",NA,"0",NA,0,0,0,0,"0",NA,"0",NA,0,0,0,0,"0",NA,"0",NA,NA,NA,NA,NA,1,2,3,4,NA,NA,NA,NA,0,0,0,0,0,"MOCR5234",5306,5234,NA,"Point",2536.271,-16.898,0.0927475669603373,0,0,0,0,"MOCR_5234_1866","MOCR_5296_1919",1.19670460320929,"MOCR_5295_1918",0.37167093349396,"MOCR_5294_1917",1.70476323441832,"MOCR_5295_1918",0.37167093349396,NA,41.4090686168333,-111.534007946667,41.40907758,-111.5340159,NA,-33.7441074818059,41.40906724,-111.534012,NA,-114.284484521481,41.40905464,-111.5339995,NA,155.535779308303,41.40906724,-111.534012,NA,-114.284484521481
"223","MOCR",5234,"ABLA",NA,5.2,2.5,0,"0",1,1,1,1,"0","0","0","0",1,NA,1,NA,"0","0","0","0",0,0,0,0,"0",NA,"0",NA,0,0,0,0,"0",NA,"0",NA,0,0,0,0,"0",NA,"0",NA,0,0,0,0,"0",NA,"0",NA,0,0,0,0,"0",NA,"0",NA,0,0,0,0,"0",NA,"0",NA,NA,NA,NA,NA,1,2,3,4,NA,NA,NA,NA,0,0,0,0,0,"MOCR5234",4548,5234,NA,"Point",2536.195,-16.898,0.0934360251059004,0,0,0,0,"MOCR_5234_1867","MOCR_5296_1919",0.412629950380485,"MOCR_5296_1919",0.412629950380485,"MOCR_5172_1809",2.96312786126501,"MOCR_5295_1918",1.60448118974709,NA,41.4090810385,-111.534017708,41.40907758,-111.5340159,NA,158.517029951734,41.40907758,-111.5340159,NA,158.517029951734,41.40908979,-111.5340512,NA,-70.8589740124404,41.40906724,-111.534012,NA,162.701847227769
"224","MOCR",5235,"ABLA",1.4,9.1,3.2,0,"0",1,1,1,1,"0","BO","BO","BO",1,1,0,1,"0","0","0","0",0,1,0,0,"0","0","0",NA,0,1,0,1,"0","0","0",NA,0,0,0,1,"0","0","0",NA,0,0,0,1,"0","0","0",NA,0,0,0,1,"0","0","0",NA,0,0,0,0,"0","0","0",NA,"1DB","1DB","1DB","1DB",1,2,3,4,NA,NA,NA,NA,0,1,0,1,1,"MOCR5235",238,5235,NA,"Point",2535.784,NA,0.063283351423987,0,1,0,1,"MOCR_5235_1868","MOCR_5237_1870",0.730953241009118,"MOCR_5237_1870",0.730953241009118,"MOCR_5237_1870",0.730953241009118,"MOCR_5237_1870",0.730953241009118,NA,41.40907121,-111.5336527,41.40907188,-111.533644,NA,84.1593367679048,41.40907188,-111.533644,NA,84.1593367679048,41.40907188,-111.533644,NA,84.1593367679048,41.40907188,-111.533644,NA,84.1593367679048
"225","MOCR",5236,"ABLA",1.5,9.1,2.5,0,"0",1,1,1,1,"0","0","BO","0",1,1,0,1,"0","0","0","0",0,0,0,0,"0","0","0",NA,0,0,0,0,"0","0","0",NA,0,0,0,0,"0","0","0",NA,0,0,0,0,"0","0","0",NA,0,0,0,0,"0","0","0",NA,0,0,0,0,"0","0","0",NA,NA,NA,NA,NA,1,2,3,4,NA,NA,NA,NA,0,0,0,0,0,"MOCR5236",239,5236,NA,"Point",2536.355,NA,0.0642329063030687,0,0,0,0,"MOCR_5236_1869","MOCR_5233_1865",4.29751359067244,"MOCR_5233_1865",4.29751359067244,"MOCR_5237_1870",4.84143601208566,"MOCR_5235_1868",4.69053215118255,NA,41.40902898,-111.5336544,41.40906692,-111.5336442,NA,11.4421081618414,41.40906692,-111.5336442,NA,11.4421081618414,41.40907188,-111.533644,NA,10.3431564281268,41.40907121,-111.5336527,NA,1.73590446012004
"226","MOCR",5237,"ABLA",12.9,63.6,8.6,0,"0",1,1,1,1,"BO","BO","BO","BO",0,1,0,1,"0","0","0","0",2,2,2,2,"0","2-2","2–2","2-2",1,1,2,2,"0","0","0",NA,0,1,0,0,"0","0","0",NA,2,2,2,2,"0","0","0",NA,2,2,2,1,"0","0","0",NA,1,1,0,0,"0","0","0",NA,NA,NA,"split top",NA,1,2,3,4,NA,NA,NA,NA,1,1,1,1,0,"MOCR5237",240,5237,NA,"Point",2534.476,NA,0.0625544301382343,1,1,1,1,"MOCR_5237_1870","MOCR_5233_1865",0.550913449943294,"MOCR_5233_1865",0.550913449943294,"MOCR_5227_1857",6.74660838248678,"MOCR_5235_1868",0.730953241009118,NA,41.40907188,-111.533644,41.40906692,-111.5336442,NA,-178.261215106877,41.40906692,-111.5336442,NA,-178.261215106877,41.40907835,-111.533563739833,NA,83.8882032855705,41.40907121,-111.5336527,NA,-95.8406574776488
"227","MOCR",5238,"ABLA",2.1,6.2,1.7,0,"0",1,1,1,1,"0","0","BO","BO",1,1,0,1,"0","0","0","0",0,0,0,0,"0","0","0",NA,0,0,0,1,"0","0","0",NA,0,0,0,1,"0","0","0",NA,0,0,0,0,"0","0","0",NA,0,0,0,1,"0","0","0",NA,0,0,0,0,"0","0","0",NA,NA,NA,NA,NA,1,2,3,4,NA,NA,NA,NA,0,0,0,1,1,"MOCR5238",241,5238,NA,"Point",2534.59,NA,0.06150587882226,0,0,0,1,"MOCR_5238_1871","MOCR_5231_1863",2.05674337993175,"MOCR_5231_1863",2.05674337993175,"MOCR_5237_1870",2.93151170860918,"MOCR_5259_1886",2.61471827746199,NA,41.40909746,-111.5336353,41.40907929,-111.5336305,NA,168.751698045849,41.40907929,-111.5336305,NA,168.751698045849,41.40907188,-111.533644,NA,-165.637905471926,41.40907935,-111.5336553,NA,-140.259231067231
"228","MOCR",5239,"ABLA",21.5,100.4,13.4,0,"0",1,1,1,1,"0","0","0","BO",0,0,0,0,"0","0","0","0",0,0,0,2,"0","0","0",NA,0,0,0,0,"0","0","0",NA,0,0,0,0,"0","0","0",NA,0,0,0,0,"0","0","0",NA,0,0,0,0,"0","0","0",NA,0,0,0,0,"0","0","0",NA,NA,NA,NA,NA,1,2,3,4,NA,NA,NA,NA,0,0,0,1,1,"MOCR5239",242,5239,NA,"Point",2533.245,NA,0.0576106946130849,0,0,0,1,"MOCR_5239_1872","MOCR_5240_1873",2.92647398482257,"MOCR_5240_1873",2.92647398482257,"MOCR_5228_1859",3.19484325627802,"MOCR_5240_1873",2.92647398482257,NA,41.40910156,-111.5335889,41.40912661,-111.5335998,NA,-18.1381226047619,41.40912661,-111.5335998,NA,-18.1381226047619,41.409079804,-111.533563880167,NA,139.114245310524,41.40912661,-111.5335998,NA,-18.1381226047619
"229","MOCR",5240,"ABLA",20.7,90.9,21.5,0,"0",1,1,1,1,"BO","BO","BO","BO",0,0,0,0,"0","0","0","0",2,2,0,2,"0","0","0",NA,0,0,0,0,"0","0","0",NA,0,0,0,0,"0","0","0",NA,0,0,0,0,"0","0","0",NA,0,0,0,0,"0","0","0",NA,0,0,0,0,"0","0","0",NA,NA,NA,NA,NA,1,2,3,4,NA,NA,NA,NA,1,1,0,1,0,"MOCR5240",243,5240,NA,"Point",2537.952,NA,0.0583308509296105,1,1,0,1,"MOCR_5240_1873","MOCR_5219_1850",2.55796661261304,"MOCR_5218_1849",2.58363524131033,"MOCR_5218_1849",2.58363524131033,"MOCR_5219_1850",2.55796661261304,NA,41.40912661,-111.5335998,41.4091487,-111.5335911,NA,16.5153263931115,41.40914164,-111.5336234,NA,-49.7708019436313,41.40914164,-111.5336234,NA,-49.7708019436313,41.4091487,-111.5335911,NA,16.5153263931115
"230","MOCR",5244,"ABLA",12.2,58.6,7.6,0,"0",1,1,1,1,"0","BO","BO","BO",1,1,1,1,"0","0","0","0",0,1,0,2,"0","0","0",NA,0,0,0,0,"0","0","0",NA,0,0,0,0,"0","0","0",NA,0,0,0,0,"0","0","0",NA,0,0,0,0,"0","0","0",NA,0,0,0,0,"0","0","0",NA,NA,NA,NA,NA,1,2,3,4,NA,NA,NA,NA,0,1,0,1,1,"MOCR5244",247,5244,NA,"Point",2533.354,NA,0.064318805416715,0,1,0,1,"MOCR_5244_1874","MOCR_5214_1848",0.985462264908499,"MOCR_5214_1848",0.985462264908499,"MOCR_5214_1848",0.985462264908499,"MOCR_5214_1848",0.985462264908499,NA,41.40913805,-111.5336721,41.4091464,-111.5336761,NA,-19.8316421365465,41.4091464,-111.5336761,NA,-19.8316421365465,41.4091464,-111.5336761,NA,-19.8316421365465,41.4091464,-111.5336761,NA,-19.8316421365465
"231","MOCR",5245,"ABLA",4.3,26.5,1.7,0,"0",1,1,1,1,"BO","BO","BO","BO",1,1,1,1,"0","0","0","0",1,0,0,0,"0","0","0",NA,2,2,2,2,"2-0","2-0","2–0","2-0",2,2,2,2,"4-1","4-1","4–0","4-0",0,0,0,0,"0","0","0",NA,2,2,2,1,"0","0","0",NA,2,2,2,1,"1-0","1-0","1–0",NA,NA,NA,NA,NA,1,2,3,4,NA,NA,NA,NA,1,1,1,1,0,"MOCR5245",248,5245,NA,"Point",2537.076,NA,0.0661372342310136,1,1,1,1,"MOCR_5245_1875","MOCR_5246_1876",2.24856698197893,"MOCR_5244_1874",2.16891879861633,"MOCR_5214_1848",2.598816543435,"MOCR_5244_1874",2.16891879861633,NA,41.409127,-111.5336935,41.40910845,-111.5336827,NA,156.331365920084,41.40913805,-111.5336721,NA,55.5550061749387,41.4091464,-111.5336761,NA,34.028616996852,41.40913805,-111.5336721,NA,55.5550061749387
"232","MOCR",5246,"ABLA",7,43.4,3.8,0,"0",1,1,1,1,"BO","BO","BO","BO",0,0,0,0,"0","0","0","0",0,1,0,0,"0","0","0",NA,1,1,0,1,"0","0","0",NA,1,1,0,1,"0","0","0",NA,1,1,0,0,"0","0","0",NA,1,0,0,0,"0","0","0",NA,1,0,0,1,"0","0","0",NA,NA,NA,NA,NA,1,2,3,4,NA,NA,NA,NA,1,1,0,1,0,"MOCR5246",249,5246,NA,"Point",2533.712,NA,0.0653470454983094,1,1,0,1,"MOCR_5246_1876","MOCR_5249_1879",1.53201970780173,"MOCR_5245_1875",2.24856698197893,"MOCR_5245_1875",2.24856698197893,"MOCR_5249_1879",1.53201970780173,NA,41.40910845,-111.5336827,41.40909471,-111.533681,NA,174.67840802425,41.409127,-111.5336935,NA,-23.6686269364586,41.409127,-111.5336935,NA,-23.6686269364586,41.40909471,-111.533681,NA,174.67840802425
"233","MOCR",5247,"ABLA",1.2,6.5,0.6,0,"0",1,1,1,1,"0","0","0","0",0,1,1,1,"0","0","0","0",0,0,0,0,"0","0","0",NA,0,0,0,0,"0","0","0",NA,0,0,0,0,"0","0","0",NA,0,0,0,0,"0","0","0",NA,0,0,0,0,"0","0","0",NA,0,0,0,0,"0","0","0",NA,NA,NA,NA,NA,1,2,3,4,NA,NA,NA,NA,0,0,0,0,0,"MOCR5247",250,5247,NA,"Point",2535.263,NA,0.067044895135406,0,0,0,0,"MOCR_5247_1877","MOCR_5245_1875",1.06540269922398,"MOCR_5245_1875",1.06540269922398,"MOCR_5245_1875",1.06540269922398,"MOCR_5245_1875",1.06540269922398,NA,41.40912167,-111.5337041,41.409127,-111.5336935,NA,56.2609131558993,41.409127,-111.5336935,NA,56.2609131558993,41.409127,-111.5336935,NA,56.2609131558993,41.409127,-111.5336935,NA,56.2609131558993
"234","MOCR",5248,"ABLA",3.6,9.8,1,0,"0",1,1,1,1,"0","0","BO","0",1,1,1,1,"0","0","0","0",0,0,0,0,"0","0","0",NA,0,0,0,0,"0","0","0",NA,0,0,0,0,"0","0","0",NA,0,0,0,0,"0","0","0",NA,0,0,0,0,"0","0","0",NA,0,0,0,0,"0","0","0",NA,NA,NA,NA,NA,1,2,3,4,NA,NA,NA,NA,0,0,0,0,0,"MOCR5248",251,5248,NA,"Point",2534.251,NA,0.0646082186042071,0,0,0,0,"MOCR_5248_1878","MOCR_5246_1876",1.25141372428719,"MOCR_5246_1876",1.25141372428719,"MOCR_5245_1875",1.87333083991852,"MOCR_5246_1876",1.25141372428719,NA,41.40911793,-111.5336746,41.40910845,-111.5336827,NA,-147.248555149213,41.40910845,-111.5336827,NA,-147.248555149213,41.409127,-111.5336935,NA,-57.4850317525808,41.40910845,-111.5336827,NA,-147.248555149213
"235","MOCR",5249,"ABLA",2.7,16.6,4.1,0,"0",1,1,1,1,"BO","0","BO","BO",0,0,1,0,"0","0","0","0",0,0,0,1,"0","0","0",NA,1,0,0,1,"0","0","0",NA,0,0,0,0,"0","0","0",NA,0,0,0,0,"0","0","0",NA,0,0,0,1,"0","0","0",NA,0,0,0,0,"0","0","0",NA,"Rot in area","Rot in area","Rot in area","Rot in area",1,2,3,4,NA,NA,NA,NA,1,0,0,1,0,"MOCR5249",252,5249,NA,"Point",2534.275,NA,0.0653290468507632,1,0,0,1,"MOCR_5249_1879","MOCR_5255_1884",1.35442186045033,"MOCR_5255_1884",1.35442186045033,"MOCR_5267_1890",3.14854926831618,"MOCR_5255_1884",1.35442186045033,NA,41.40909471,-111.533681,41.40908437,-111.5336724,NA,147.946802076929,41.40908437,-111.5336724,NA,147.946802076929,41.40910905,-111.5337135,NA,-59.6262264124042,41.40908437,-111.5336724,NA,147.946802076929
"236","MOCR",5250,"ABLA",NA,2.8,NA,0,"0",1,1,1,1,"0","0","0","0",1,0,0,0,"0","0","0","0",0,0,0,0,"0","0",NA,NA,0,0,0,0,"0","0","0",NA,0,0,0,0,"0","0","0",NA,0,0,0,0,"0","0",NA,NA,0,0,0,0,"0","0","0",NA,0,0,0,0,"0","0","0",NA,NA,NA,"low under snow",NA,1,2,3,4,NA,NA,NA,NA,0,0,0,0,0,"MOCR5250",2163,5250,NA,"Point",2537.076,NA,0.0724885901178783,0,0,0,0,"MOCR_5250_1880","MOCR_5268_1891",3.05185838089411,"MOCR_5268_1891",3.05185838089411,"MOCR_5268_1891",3.05185838089411,"MOCR_5268_1891",3.05185838089411,NA,41.40909139,-111.5337668,41.40909064,-111.5337303,NA,91.563405933411,41.40909064,-111.5337303,NA,91.563405933411,41.40909064,-111.5337303,NA,91.563405933411,41.40909064,-111.5337303,NA,91.563405933411
"237","MOCR",5251,"ABLA",2.1,9.9,3.1,0,"0",1,1,1,1,"0","0","0","0",1,0,1,0,"0","0","0","0",0,0,0,0,"0","0","0",NA,0,0,0,0,"0","0","0",NA,0,0,0,0,"0","0","0",NA,0,0,0,0,"0","0","0",NA,0,0,0,0,"0","0","0",NA,0,0,0,0,"0","0","0",NA,NA,NA,NA,NA,1,2,3,4,NA,NA,NA,NA,0,0,0,0,0,"MOCR5251",253,5251,NA,"Point",2534.542,NA,0.0653675251817706,0,0,0,0,"MOCR_5251_1881","MOCR_5249_1879",0.065754016657286,"MOCR_5255_1884",1.32546242142977,"MOCR_5267_1890",3.14902144891981,"MOCR_5249_1879",0.065754016657286,NA,41.4090942,-111.5336814,41.40909471,-111.533681,NA,30.5605809981382,41.40908437,-111.5336724,NA,145.422188713733,41.40910905,-111.5337135,NA,-58.4297656493524,41.40909471,-111.533681,NA,30.5605809981382
"238","MOCR",5252,"ABLA",1.8,10.2,5.9,0,"0",1,1,1,1,"0","0","0","0",1,1,1,1,"0","0","0","0",0,0,0,0,"0","0","0",NA,0,0,0,0,"0","0","0",NA,0,0,0,0,"0","0","0",NA,0,0,0,0,"0","0","0",NA,0,0,0,0,"0","0","0",NA,0,0,0,0,"0","0","0",NA,NA,NA,NA,NA,1,2,3,4,NA,NA,NA,NA,0,0,0,0,0,"MOCR5252",254,5252,NA,"Point",2535.282,NA,0.0649286672882319,0,0,0,0,"MOCR_5252_1882","MOCR_5249_1879",0.669985670825014,"MOCR_5255_1884",0.705464940685755,"MOCR_5237_1870",3.33693152325549,"MOCR_5249_1879",0.669985670825014,NA,41.40909025,-111.5336756,41.40909471,-111.533681,NA,-42.3498494547293,41.40908437,-111.5336724,NA,157.720399773114,41.40907188,-111.533644,NA,127.674293798866,41.40909471,-111.533681,NA,-42.3498494547293
"239","MOCR",5253,"ABLA",NA,5.6,NA,0,"0",1,1,1,1,"0","0","0","0",1,1,1,1,"0","0","0","0",0,0,0,0,"0","0","0",NA,0,0,0,0,"0","0","0",NA,0,0,0,0,"0","0","0",NA,0,0,0,0,"0","0","0",NA,0,0,0,0,"0","0","0",NA,0,0,0,0,"0","0","0",NA,NA,NA,NA,NA,1,2,3,4,NA,NA,NA,NA,0,0,0,0,0,"MOCR5253",255,5253,NA,"Point",2535.328,NA,0.0643594740770728,0,0,0,0,"MOCR_5253_1883","MOCR_5255_1884",0.837653839351482,"MOCR_5255_1884",0.837653839351482,"MOCR_5237_1870",3.00781420325428,"MOCR_5255_1884",0.837653839351482,NA,41.40909144,-111.5336689,41.40908437,-111.5336724,NA,-159.559687318709,41.40908437,-111.5336724,NA,-159.559687318709,41.40907188,-111.533644,NA,136.217411223025,41.40908437,-111.5336724,NA,-159.559687318709
"240","MOCR",5255,"ABLA",1.4,10.6,5.3,0,"0",1,1,1,1,"BO","BO","BO","BO",1,1,0,1,"0","0","0","0",0,0,0,0,"0","0","0",NA,1,1,0,0,"0","0","0",NA,0,0,0,0,"0","0","0",NA,0,0,0,0,"0","0","0",NA,1,0,0,1,"0","0","0",NA,0,0,0,0,"0","0","0",NA,NA,NA,NA,NA,1,2,3,4,NA,NA,NA,NA,1,1,0,1,0,"MOCR5255",257,5255,NA,"Point",2534.154,NA,0.0647324822892096,1,1,0,1,"MOCR_5255_1884","MOCR_5249_1879",1.35442186045033,"MOCR_5259_1886",1.53406041177893,"MOCR_5237_1870",2.74905221242971,"MOCR_5249_1879",1.35442186045033,NA,41.40908437,-111.5336724,41.40909471,-111.533681,NA,-32.0531922347657,41.40907935,-111.5336553,NA,111.302867036524,41.40907188,-111.533644,NA,120.291988380582,41.40909471,-111.533681,NA,-32.0531922347657
"241","MOCR",5257,"ABLA",1.2,8.7,2.7,0,"0",1,1,1,1,"0","0","0","0",0,0,1,0,"0","0","0","0",0,0,0,0,"0","0","0",NA,0,0,0,0,"0","0","0",NA,0,0,0,0,"0","0","0",NA,0,0,0,0,"0","0","0",NA,0,0,0,0,"0","0","0",NA,0,0,0,0,"0","0","0",NA,NA,NA,NA,NA,1,2,3,4,NA,NA,NA,NA,0,0,0,0,0,"MOCR5257",258,5257,NA,"Point",2536.357,NA,0.0647143941689675,0,0,0,0,"MOCR_5257_1885","MOCR_5259_1886",1.70055474101344,"MOCR_5235_1868",1.43888937875724,"MOCR_5237_1870",2.1664585358978,"MOCR_5235_1868",1.43888937875724,NA,41.40906838,-111.5336695,41.40907935,-111.5336553,NA,44.2606156994768,41.40907121,-111.5336527,NA,77.3876335503221,41.40907188,-111.533644,NA,79.6676579916371,41.40907121,-111.5336527,NA,77.3876335503221
"242","MOCR",5259,"ABLA",1.1,7.8,2.9,1,"0",1,1,1,1,"BO","BO","BO","BO",1,0,1,0,"0","0","0","0",0,0,0,0,"0","0","0",NA,1,1,0,1,"0","0","0",NA,1,1,0,0,"0","0","0",NA,0,0,0,0,"0","0","0",NA,0,0,0,0,"0","0","0",NA,0,0,0,0,"0","0","0",NA,"1DB","1DB","1DB","1DB",1,2,3,4,NA,NA,NA,NA,1,1,0,1,0,"MOCR5259",259,5259,NA,"Point",2536.835,NA,0.063381196221696,1,1,0,1,"MOCR_5259_1886","MOCR_5237_1870",1.25689954509146,"MOCR_5235_1868",0.929464838888668,"MOCR_5237_1870",1.25689954509146,"MOCR_5235_1868",0.929464838888668,NA,41.40907935,-111.5336553,41.40907188,-111.533644,NA,131.285707051298,41.40907121,-111.5336527,NA,166.478918006727,41.40907188,-111.533644,NA,131.285707051298,41.40907121,-111.5336527,NA,166.478918006727
"243","MOCR",5262,"ABLA",23.8,78.6,2.2,0,"0",1,1,1,1,"0","0","0","0",1,1,1,1,"0","0","0","0",0,0,0,0,"0","0","0",NA,0,0,0,0,"0","0","0",NA,0,0,0,0,"0","0","0",NA,0,0,0,0,"0","0","0",NA,0,0,0,0,"0","0","0",NA,0,0,0,0,"0","0","0",NA,NA,NA,NA,NA,1,2,3,4,NA,NA,NA,NA,0,0,0,0,0,"MOCR5262",263,5262,NA,"Point",2536.256,NA,0.0679829401108109,0,0,0,0,"MOCR_5262_1887","MOCR_5255_1884",4.32320223422947,"MOCR_5255_1884",4.32320223422947,"MOCR_5268_1891",4.41973143177985,"MOCR_5255_1884",4.32320223422947,NA,41.40905509,-111.5337065,41.40908437,-111.5336724,NA,41.2436866045688,41.40908437,-111.5336724,NA,41.2436866045688,41.40909064,-111.5337303,NA,-26.7488949107215,41.40908437,-111.5336724,NA,41.2436866045688
"244","MOCR",5263,"ABLA",1.2,9.4,1.3,0,"0",1,1,1,1,"0","0","0","0",1,0,1,0,"TB","TB","TB","TB",0,0,0,0,"0","0","0",NA,0,0,0,0,"0","0","0",NA,0,0,0,0,"0","0","0",NA,0,0,0,0,"0","0","0",NA,0,0,0,0,"0","0","0",NA,0,0,0,0,"0","0","0",NA,NA,NA,NA,NA,1,2,3,4,NA,NA,NA,NA,0,0,0,0,0,"MOCR5263",264,5263,NA,"Point",2539.173,NA,0.0669822630632953,0,0,0,0,"MOCR_5263_1888","MOCR_5249_1879",1.6697803701789,"MOCR_5267_1890",2.23671314065421,"MOCR_5267_1890",2.23671314065421,"MOCR_5249_1879",1.6697803701789,NA,41.40909144,-111.5337005,41.40909471,-111.533681,NA,77.4427276805587,41.40910905,-111.5337135,NA,-29.0638174643156,41.40910905,-111.5337135,NA,-29.0638174643156,41.40909471,-111.533681,NA,77.4427276805587
"245","MOCR",5266,"ABLA",1.4,3.5,NA,0,"0",1,1,1,1,"0","0","0","0",1,0,1,0,"0","0","0","0",0,0,0,0,"0","0","0",NA,0,0,0,0,"0","0","0",NA,0,0,0,0,"0","0","0",NA,0,0,0,0,"0","0","0",NA,0,0,0,0,"0","0","0",NA,0,0,0,0,"0","0","0",NA,NA,NA,NA,NA,1,2,3,4,NA,NA,NA,NA,0,0,0,0,0,"MOCR5266",2164,5266,NA,"Point",2535.421,NA,0.070778293153996,0,0,0,0,"MOCR_5266_1889","MOCR_5077_1728",2.35154307362763,"MOCR_5268_1891",2.61584613325626,"MOCR_5268_1891",2.61584613325626,"MOCR_5268_1891",2.61584613325626,NA,41.40911002,-111.5337481,41.40912178,-111.5337715,NA,-56.2749182311287,41.40909064,-111.5337303,NA,145.33724026341,41.40909064,-111.5337303,NA,145.33724026341,41.40909064,-111.5337303,NA,145.33724026341
"246","MOCR",5267,"ABLA",9.4,52.8,1.9,1,"0",1,1,1,1,"BR, BO","BR, BO","BR, BO","BR, BO",1,1,1,1,"0","0","0","0",1,1,0,2,"0","0","0","4-1",2,2,2,1,"3-1","3-1","3–1",NA,0,0,0,1,"0","0","0",NA,0,0,0,0,"0",NA,"0",NA,1,2,0,1,"0","0","0",NA,0,1,0,1,"0","0","0",NA,NA,NA,NA,NA,1,2,3,4,NA,NA,NA,NA,1,1,1,1,0,"MOCR5267",268,5267,NA,"Point",2535.127,NA,0.0679053797305578,1,1,1,1,"MOCR_5267_1890","MOCR_5268_1891",2.47974483596068,"MOCR_5268_1891",2.47974483596068,"MOCR_5268_1891",2.47974483596068,"MOCR_5268_1891",2.47974483596068,NA,41.40910905,-111.5337135,41.40909064,-111.5337303,NA,-145.510509279246,41.40909064,-111.5337303,NA,-145.510509279246,41.40909064,-111.5337303,NA,-145.510509279246,41.40909064,-111.5337303,NA,-145.510509279246
"247","MOCR",5268,"ABLA",10,54.4,0,0,"0",1,1,1,1,"BO","BO","BO","BO",1,1,1,1,"0","0","0","0",2,2,2,2,"0","0","0",NA,0,1,0,1,"0","0","0",NA,0,0,0,0,"0","0","0",NA,0,0,0,1,"0","0","0",NA,0,1,0,0,"0","0","0",NA,1,0,0,0,"0","0","0",NA,NA,NA,NA,NA,1,2,3,4,NA,NA,NA,NA,1,1,1,1,0,"MOCR5268",269,5268,NA,"Point",2535.379,NA,0.0694647773459632,1,1,1,1,"MOCR_5268_1891","MOCR_5267_1890",2.47974483596068,"MOCR_5267_1890",2.47974483596068,"MOCR_5267_1890",2.47974483596068,"MOCR_5267_1890",2.47974483596068,NA,41.40909064,-111.5337303,41.40910905,-111.5337135,NA,34.489479608713,41.40910905,-111.5337135,NA,34.489479608713,41.40910905,-111.5337135,NA,34.489479608713,41.40910905,-111.5337135,NA,34.489479608713
"248","MOCR",5269,"ABLA",2.5,14.3,1.9,0,"0",1,1,1,1,"0","0","0","0",2,1,1,1,"0","0","0","0",0,0,0,0,"0","0","0",NA,0,0,0,0,"0","0","0",NA,0,0,0,0,"0","0","0",NA,0,0,0,0,"0","0","0",NA,0,0,0,0,"0","0","0",NA,0,0,0,0,"0","0","0",NA,NA,NA,NA,NA,1,2,3,4,NA,NA,NA,NA,0,0,0,0,0,"MOCR5269",272,5269,NA,"Point",2535.585,NA,0.0740920718501186,0,0,0,0,"MOCR_5269_1892","MOCR_5268_1891",4.70019406942422,"MOCR_5268_1891",4.70019406942422,"MOCR_5268_1891",4.70019406942422,"MOCR_5268_1891",4.70019406942422,NA,41.40907963,-111.5337846,41.40909064,-111.5337303,NA,74.9263718320997,41.40909064,-111.5337303,NA,74.9263718320997,41.40909064,-111.5337303,NA,74.9263718320997,41.40909064,-111.5337303,NA,74.9263718320997
"249","MOCR",5270,"ABLA",1,6.9,0.6,0,"0",1,1,1,1,"0","0","0","0",2,1,0,1,"0","0","0","0",0,0,0,0,"0","0","0",NA,0,0,0,0,"0","0","0",NA,0,0,0,0,"0","0","0",NA,0,0,0,0,"0","0","0",NA,0,0,0,0,"0","0","0",NA,0,0,0,0,"0","0","0",NA,NA,NA,NA,NA,1,2,3,4,NA,NA,NA,NA,0,0,0,0,0,"MOCR5270",273,5270,NA,"Point",2537.259,NA,0.0749699617145518,0,0,0,0,"MOCR_5270_1893","MOCR_5282_1905",4.49375792006388,"MOCR_5282_1905",4.49375792006388,"MOCR_5283_1906",4.49375792006388,"MOCR_5282_1905",4.49375792006388,NA,41.40908048,-111.5337953,41.40907849,-111.533849,NA,-92.8179942253765,41.40907849,-111.533849,NA,-92.8179942253765,41.40907849,-111.533849,NA,-92.8179942253765,41.40907849,-111.533849,NA,-92.8179942253765
"250","MOCR",5271,"ABLA",NA,NA,NA,0,"0",1,1,1,1,NA,NA,"0",NA,NA,NA,NA,NA,"0","0","0","0",0,0,0,0,NA,"0","0",NA,0,0,0,0,NA,"0","0",NA,0,0,0,0,NA,"0","0",NA,0,0,0,0,NA,"0","0",NA,0,0,0,0,NA,"0","0",NA,0,0,0,0,NA,"0","0",NA,"(Return)","Not found","Not found","Not found",1,2,3,4,NA,NA,NA,NA,0,0,0,0,0,"MOCR5271",276,5271,NA,"Point",2533.656,NA,0.0737218464952673,0,0,0,0,"MOCR_5271_1894","MOCR_5279_1902",1.81501418882378,"MOCR_5279_1902",1.81501418882378,"MOCR_5279_1902",1.81501418882378,"MOCR_5279_1902",1.81501418882378,NA,41.40910804,-111.5337833,41.40912349,-111.5337904,NA,-19.0840573631879,41.40912349,-111.5337904,NA,-19.0840573631879,41.40912349,-111.5337904,NA,-19.0840573631879,41.40912349,-111.5337904,NA,-19.0840573631879
"251","MOCR",5272,"ABLA",3.5,8.6,1,1,"0",1,1,1,1,"BO","BO","BO","BO",1,1,1,1,"0","0","0","0",1,1,0,1,"0","0","0",NA,2,2,2,2,"4-1","4-1","4–1","4-1",1,1,0,1,"0","0","0",NA,0,0,0,0,"0","0","0",NA,1,1,0,1,"0","0","0",NA,1,1,0,1,"0","0","0",NA,NA,NA,NA,NA,1,2,3,4,NA,NA,NA,NA,1,1,1,1,0,"MOCR5272",277,5272,NA,"Point",2534.138,NA,0.0690583782860341,1,1,1,1,"MOCR_5272_1895","MOCR_5204_1841",0.229689337711935,"MOCR_5273_1896",0.393455809353072,"MOCR_5273_1896",0.393455809353072,"MOCR_5273_1896",0.393455809353072,NA,41.40915707,-111.533729,41.4091564,-111.5337264,NA,108.895544017849,41.40915944,-111.5337325,NA,-48.0304896469917,41.40915944,-111.5337325,NA,-48.0304896469917,41.40915944,-111.5337325,NA,-48.0304896469917
"252","MOCR",5273,"ABLA",4.2,23.2,3,0,"0",1,1,1,1,"BO","BO","BO","BO",2,1,1,1,"0","0","0","0",0,0,0,1,"0","0","0",NA,2,2,2,2,"4-1","4-0","4–0","4-0",0,0,0,0,"0","0","0",NA,1,1,0,1,"0","0","0",NA,2,2,2,2,"1-1","1-1","1–2","1-1",2,1,0,1,"0","0","0",NA,NA,NA,NA,NA,1,2,3,4,NA,NA,NA,NA,1,1,1,1,0,"MOCR5273",278,5273,NA,"Point",2534.636,NA,0.0693541517910174,1,1,1,1,"MOCR_5273_1896","MOCR_5272_1895",0.393455809353072,"MOCR_5272_1895",0.393455809353072,"MOCR_5272_1895",0.393455809353072,"MOCR_5272_1895",0.393455809353072,NA,41.40915944,-111.5337325,41.40915707,-111.533729,NA,131.969508037997,41.40915707,-111.533729,NA,131.969508037997,41.40915707,-111.533729,NA,131.969508037997,41.40915707,-111.533729,NA,131.969508037997
"253","MOCR",5274,"ABLA",4.6,34.5,0,0,"0",1,1,1,1,"BO","BO","0","BO",0,0,0,0,"0","0","0","0",0,0,0,0,"0","0","0",NA,0,0,0,1,"0","0","0",NA,0,0,0,0,"0","0","0",NA,0,0,0,0,"0","0","0",NA,1,1,0,1,"0","0","0",NA,0,1,0,0,"0","0","0",NA,"Rot in area","Rot in area","Rot in area","Rot in area",1,2,3,4,NA,NA,NA,NA,1,1,0,1,0,"MOCR5274",279,5274,NA,"Point",2534.119,NA,0.0701462984307401,1,1,0,1,"MOCR_5274_1897","MOCR_5276_1899",0.529308032023163,"MOCR_5276_1899",0.529308032023163,"MOCR_5272_1895",1.70990527775242,"MOCR_5272_1895",1.70990527775242,NA,41.40914524,-111.5337421,41.40914835,-111.5337469,NA,-49.2840552966921,41.40914835,-111.5337469,NA,-49.2840552966921,41.40915707,-111.533729,NA,39.8169551400013,41.40915707,-111.533729,NA,39.8169551400013
"254","MOCR",5275,"ABLA",1.3,7.5,1.7,1,"0",1,1,1,1,"BO","BO","BO","BO",1,1,1,1,"0","0","0","0",0,0,0,0,"0","0","0",NA,2,2,2,2,"0","0","0",NA,0,0,0,0,"0","0","0",NA,1,1,0,0,"0","0","0",NA,2,2,0,1,"0","0","0",NA,0,0,0,1,"0","0","0",NA,"1DB","1DB","1DB","1DB",1,2,3,4,NA,NA,NA,NA,1,1,1,1,0,"MOCR5275",280,5275,NA,"Point",2537.345,NA,0.0698603525883807,1,1,1,1,"MOCR_5275_1898","MOCR_5209_1844",0.31503638203128,"MOCR_5209_1844",0.31503638203128,"MOCR_5273_1896",0.590604260673514,"MOCR_5209_1844",0.31503638203128,NA,41.40916225,-111.5337385,41.40916494,-111.5337397,NA,-18.5642766974253,41.40916494,-111.5337397,NA,-18.5642766974253,41.40915944,-111.5337325,NA,121.884984615655,41.40916494,-111.5337397,NA,-18.5642766974253
"255","MOCR",5276,"ABLA",NA,4.7,NA,0,"0",1,1,1,1,"BO","BO","0","0",2,1,1,1,"0","0","0","0",0,0,0,0,"0","0","0",NA,2,2,0,0,"0","0","0",NA,1,0,0,0,"0","0","0",NA,0,0,0,0,"0","0","0",NA,2,2,0,0,"0","0","0",NA,0,0,0,0,"0","0","0",NA,NA,NA,"2 stems above snow",NA,1,2,3,4,NA,NA,NA,NA,1,1,0,0,0,"MOCR5276",281,5276,NA,"Point",2533.453,NA,0.0705453924384161,1,1,0,0,"MOCR_5276_1899","MOCR_5274_1897",0.529308032023163,"MOCR_5274_1897",0.529308032023163,"MOCR_5275_1898",1.69538329107173,"MOCR_5274_1897",0.529308032023163,NA,41.40914835,-111.5337469,41.40914524,-111.5337421,NA,130.715941528436,41.40914524,-111.5337421,NA,130.715941528436,41.40916225,-111.5337385,NA,24.4635818913633,41.40914524,-111.5337421,NA,130.715941528436
"256","MOCR",5277,"ABLA",1.6,8.4,0.9,0,"0",1,1,1,1,"BO","BO","0","0",1,1,1,1,"0","0","0","0",0,0,0,0,"0","0","0",NA,1,0,0,0,"0","0","0",NA,0,0,0,0,"0","0","0",NA,0,0,0,0,"0","0","0",NA,0,0,0,0,"0","0","0",NA,0,0,0,0,"0","0","0",NA,NA,NA,NA,NA,1,2,3,4,NA,NA,NA,NA,1,0,0,0,0,"MOCR5277",282,5277,NA,"Point",2534.713,NA,0.0707978554527536,1,0,0,0,"MOCR_5277_1900","MOCR_5274_1897",1.03316057916895,"MOCR_5274_1897",1.03316057916895,"MOCR_5272_1895",2.74290331890599,"MOCR_5274_1897",1.03316057916895,NA,41.40913796,-111.5337498,41.40914524,-111.5337421,NA,38.529690990927,41.40914524,-111.5337421,NA,38.529690990927,41.40915707,-111.533729,NA,39.3321173188461,41.40914524,-111.5337421,NA,38.529690990927
"257","MOCR",5278,"ABLA",1.5,7.9,2.7,0,"0",1,1,1,1,"0","0","0","0",1,0,0,0,"0","0","0","0",0,0,0,0,"0","0","0",NA,0,0,0,0,"0","0","0",NA,0,0,0,0,"0","0","0",NA,0,0,0,0,"0","0","0",NA,0,0,0,0,"0","0","0",NA,0,0,0,0,"0","0","0",NA,NA,NA,NA,NA,1,2,3,4,NA,NA,NA,NA,0,0,0,0,0,"MOCR5278",283,5278,NA,"Point",2534.774,NA,0.0737490523177836,0,0,0,0,"MOCR_5278_1901","MOCR_5279_1902",0.484220037845209,"MOCR_5279_1902",0.484220037845209,"MOCR_5279_1902",0.484220037845209,"MOCR_5279_1902",0.484220037845209,NA,41.40912427,-111.5337847,41.40912349,-111.5337904,NA,-100.301931543686,41.40912349,-111.5337904,NA,-100.301931543686,41.40912349,-111.5337904,NA,-100.301931543686,41.40912349,-111.5337904,NA,-100.301931543686
"258","MOCR",5279,"ABLA",6.7,27.9,2.5,0,"0",1,1,1,1,"BO","BO","BO","BO",1,1,0,1,"0","0","0","0",2,1,0,1,"0","0","0",NA,2,2,2,2,"3-0","3-0","3–0","3-0",0,0,0,0,"0","0","0",NA,0,0,0,0,"0","0","0",NA,1,1,0,0,"0","0","0",NA,0,0,0,0,"0","0","0",NA,NA,NA,NA,NA,1,2,3,4,NA,NA,NA,NA,1,1,1,1,0,"MOCR5279",284,5279,NA,"Point",2532.818,NA,0.0742273500296029,1,1,1,1,"MOCR_5279_1902","MOCR_5077_1728",1.59105501938348,"MOCR_5276_1899",4.56468485610737,"MOCR_5275_1898",6.11016807903746,"MOCR_5274_1897",4.70403315909291,NA,41.40912349,-111.5337904,41.40912178,-111.5337715,NA,96.8528430878481,41.40914835,-111.5337469,NA,52.7975311498718,41.40916225,-111.5337385,NA,45.2302853960146,41.40914524,-111.5337421,NA,59.1145677870041
"259","MOCR",5280,"ABLA",NA,3.7,NA,0,"0",1,1,1,1,"0","0","0","0",2,1,0,1,"0","0","0","0",0,0,0,0,"0","0","0",NA,0,0,0,0,"0","0","0",NA,0,0,0,0,"0","0","0",NA,0,0,0,0,"0","0","0",NA,0,0,0,0,"0","0","0",NA,0,0,0,0,"0","0","0",NA,NA,NA,NA,NA,1,2,3,4,NA,NA,NA,NA,0,0,0,0,0,"MOCR5280",285,5280,NA,"Point",2532.882,NA,0.0755627882297896,0,0,0,0,"MOCR_5280_1903","MOCR_5279_1902",1.54110965752168,"MOCR_5279_1902",1.54110965752168,"MOCR_5279_1902",1.54110965752168,"MOCR_5279_1902",1.54110965752168,NA,41.40911609,-111.533806,41.40912349,-111.5337904,NA,57.7855778052095,41.40912349,-111.5337904,NA,57.7855778052095,41.40912349,-111.5337904,NA,57.7855778052095,41.40912349,-111.5337904,NA,57.7855778052095
"260","MOCR",5281,"ABLA",16.5,23.2,0,0,"0",1,1,1,1,"0","0","0","0",2,2,1,2,"0","0","0","0",0,0,0,0,"0","0","0",NA,0,0,0,0,"0","0","0",NA,0,0,0,0,"0","0","0",NA,0,0,0,0,"0","0","0",NA,0,0,0,0,"0","0","0",NA,0,0,0,0,"0","0","0",NA,NA,NA,NA,NA,1,2,3,4,NA,NA,NA,NA,0,0,0,0,0,"MOCR5281",287,5281,NA,"Point",2532.897,NA,0.0805153697687455,0,0,0,0,"MOCR_5281_1904","MOCR_5282_1905",1.55086351873792,"MOCR_5282_1905",1.55086351873792,"MOCR_5283_1906",1.55086351873792,"MOCR_5282_1905",1.55086351873792,NA,41.40906741,-111.5338603,41.40907849,-111.533849,NA,37.5169752235997,41.40907849,-111.533849,NA,37.5169752235997,41.40907849,-111.533849,NA,37.5169752235997,41.40907849,-111.533849,NA,37.5169752235997
"261","MOCR",5282,"ABLA",5.9,27.8,0.4,1,"0",1,1,1,1,"BR, BO","BR, BO","BR, BO","BR, BO",1,1,0,1,"0","0","0","0",0,0,0,1,"0","0","0",NA,1,1,0,0,"0","0","0",NA,0,0,0,0,"0","0","0",NA,0,0,0,0,"0","0","0",NA,0,0,0,0,"0","0","0",NA,0,0,0,0,"0","0","0",NA,"1DB","1DB","1DB","1DB",1,2,3,4,NA,NA,NA,NA,1,1,0,1,0,"MOCR5282",288,5282,NA,"Point",2527.182,NA,0.0794480219647301,1,1,0,1,"MOCR_5282_1905","MOCR_5192_1829",6.3487715208673,"MOCR_5192_1829",6.3487715208673,"MOCR_5286_1909",3.1538115471607,"MOCR_5286_1909",3.1538115471607,NA,41.40907849,-111.533849,41.40911901,-111.5339026,NA,-44.8814729439008,41.40911901,-111.5339026,NA,-44.8814729439008,41.40905525,-111.5338707,NA,-144.894228709351,41.40905525,-111.5338707,NA,-144.894228709351
"262","MOCR",5283,"ABLA",2.7,8.9,0,1,"0",1,1,1,1,"BO","BO","BO","BO",1,1,0,1,"TB","TB","TB","TB",0,0,0,0,"0","0","1–3",NA,2,0,0,1,"0","0","0",NA,0,0,0,0,"0","0","0",NA,0,0,0,0,"0","0","0",NA,2,2,2,1,"3-2","3-3","3–0",NA,2,2,2,1,"0","0","0",NA,"1DB","1DB","1DB","1DB",1,2,3,4,NA,NA,NA,NA,1,1,1,1,0,"MOCR5283",NA,5283,NA,"Point",2527.182,NA,0.0794480219647301,1,1,1,1,"MOCR_5283_1906","MOCR_5192_1829",6.3487715208673,"MOCR_5192_1829",6.3487715208673,"MOCR_5286_1909",3.1538115471607,"MOCR_5286_1909",3.1538115471607,NA,41.40907849,-111.533849,41.40911901,-111.5339026,NA,-44.8814729439008,41.40911901,-111.5339026,NA,-44.8814729439008,41.40905525,-111.5338707,NA,-144.894228709351,41.40905525,-111.5338707,NA,-144.894228709351
"263","MOCR",5284,"ABLA",7.1,43.9,2.4,1,"0",1,1,1,1,"0","0","0","0",1,1,0,1,"0","0","0","0",0,0,0,0,"0","0","0",NA,0,0,0,0,"0","0","0",NA,0,0,0,0,"0","0","0",NA,0,0,0,0,"0","0","0",NA,0,0,0,0,"0","0","0",NA,0,0,0,0,"0","0","0",NA,NA,NA,NA,NA,1,2,3,4,NA,NA,NA,NA,0,0,0,0,0,"MOCR5284",289,5284,NA,"Point",2533.528,NA,0.0797340511810188,0,0,0,0,"MOCR_5284_1907","MOCR_5282_1905",2.11108819455669,"MOCR_5282_1905",2.11108819455669,"MOCR_5286_1909",1.8250245251397,"MOCR_5286_1909",1.8250245251397,NA,41.40905948,-111.5338496,41.40907849,-111.533849,NA,1.36118844272551,41.40907849,-111.533849,NA,1.36118844272551,41.40905525,-111.5338707,NA,-104.911085972328,41.40905525,-111.5338707,NA,-104.911085972328
"264","MOCR",5285,"ABLA",1.4,7.2,2.1,0,"0",1,1,1,1,"0","0","0","0",2,2,0,2,"0","0","0","0",0,0,0,0,"0","0","0",NA,0,0,0,0,"0","0","0",NA,0,0,0,0,"0","0","0",NA,0,0,0,0,"0","0","0",NA,0,0,0,0,"0","0","0",NA,0,0,0,0,"0","0","0",NA,NA,NA,NA,NA,1,2,3,4,NA,NA,NA,NA,0,0,0,0,0,"MOCR5285",290,5285,NA,"Point",2534.755,NA,0.0815390550889111,0,0,0,0,"MOCR_5285_1908","MOCR_5282_1905",3.1538115471607,"MOCR_5282_1905",3.1538115471607,"MOCR_5283_1906",3.1538115471607,"MOCR_5282_1905",3.1538115471607,NA,41.40905525,-111.5338707,41.40907849,-111.533849,NA,35.1057569376059,41.40907849,-111.533849,NA,35.1057569376059,41.40907849,-111.533849,NA,35.1057569376059,41.40907849,-111.533849,NA,35.1057569376059
"265","MOCR",5286,"ABLA",1.2,6.7,NA,0,"0",1,1,1,1,"0","0","BO","BO",2,2,1,2,"0","0","0","0",0,0,0,0,"0","0","0",NA,0,0,2,2,"0","0","0",NA,0,0,0,0,"0","0","0",NA,0,0,0,0,"0","0","0",NA,0,0,0,0,"0","0","0",NA,0,0,0,0,"0","0","0",NA,NA,NA,NA,NA,1,2,3,4,NA,NA,NA,NA,0,0,1,1,1,"MOCR5286",NA,5286,NA,"Point",2534.755,NA,0.0815390550889111,0,0,1,1,"MOCR_5286_1909","MOCR_5282_1905",3.1538115471607,"MOCR_5282_1905",3.1538115471607,"MOCR_5283_1906",3.1538115471607,"MOCR_5282_1905",3.1538115471607,NA,41.40905525,-111.5338707,41.40907849,-111.533849,NA,35.1057569376059,41.40907849,-111.533849,NA,35.1057569376059,41.40907849,-111.533849,NA,35.1057569376059,41.40907849,-111.533849,NA,35.1057569376059
"266","MOCR",5287,"ABLA",NA,4.1,NA,0,"0",1,1,1,1,"0","0","0","0",2,2,1,2,"0","0","0","0",0,0,0,0,"0","0","0",NA,0,0,0,0,"0","0","0",NA,0,0,0,0,"0","0","0",NA,0,0,0,0,"0","0","0",NA,0,0,0,0,"0","0","0",NA,0,0,0,0,"0","0","0",NA,NA,NA,NA,NA,1,2,3,4,NA,NA,NA,NA,0,0,0,0,0,"MOCR5287",292,5287,NA,"Point",2536.16,NA,0.0868222795690067,0,0,0,0,"MOCR_5287_1910","MOCR_5294_1917",5.4254995323709,"MOCR_5294_1917",5.4254995323709,"MOCR_5294_1917",5.4254995323709,"MOCR_5292_1915",4.06728581324634,NA,41.40906478,-111.533936,41.40905464,-111.5339995,NA,-101.975356139457,41.40905464,-111.5339995,NA,-101.975356139457,41.40905464,-111.5339995,NA,-101.975356139457,41.40905682,-111.5339835,NA,-102.549024294307
"267","MOCR",5288,"ABLA",1,6.6,0,0,"0",1,1,1,1,"0","0","BO","0",2,2,1,2,"0","0","0","0",0,0,0,0,"0","0","0",NA,0,0,0,0,"0","0","0",NA,0,0,0,0,"0","0","0",NA,0,0,0,0,"0","0","0",NA,0,0,0,0,"0","0","0",NA,0,0,0,0,"0","0","0",NA,NA,NA,NA,NA,1,2,3,4,NA,NA,NA,NA,0,0,0,0,0,"MOCR5288",NA,5288,NA,"Point",2536.16,NA,0.0868222795690067,0,0,0,0,"MOCR_5288_1911","MOCR_5294_1917",5.4254995323709,"MOCR_5294_1917",5.4254995323709,"MOCR_5294_1917",5.4254995323709,"MOCR_5292_1915",4.06728581324634,NA,41.40906478,-111.533936,41.40905464,-111.5339995,NA,-101.975356139457,41.40905464,-111.5339995,NA,-101.975356139457,41.40905464,-111.5339995,NA,-101.975356139457,41.40905682,-111.5339835,NA,-102.549024294307
"268","MOCR",5289,"ABLA",1.7,8.6,0.7,0,"0",1,1,1,1,"0","0","0","0",2,2,0,2,"0","0","0","0",0,0,0,0,"0","0","0",NA,0,0,0,0,"0","0","0",NA,0,0,0,0,"0","0","0",NA,0,0,0,0,"0","0","0",NA,0,0,0,0,"0","0","0",NA,0,0,0,0,"0","0","0",NA,NA,NA,NA,NA,1,2,3,4,NA,NA,NA,NA,0,0,0,0,0,"MOCR5289",NA,5289,NA,"Point",2536.16,NA,0.0868222795690067,0,0,0,0,"MOCR_5289_1912","MOCR_5294_1917",5.4254995323709,"MOCR_5294_1917",5.4254995323709,"MOCR_5294_1917",5.4254995323709,"MOCR_5292_1915",4.06728581324634,NA,41.40906478,-111.533936,41.40905464,-111.5339995,NA,-101.975356139457,41.40905464,-111.5339995,NA,-101.975356139457,41.40905464,-111.5339995,NA,-101.975356139457,41.40905682,-111.5339835,NA,-102.549024294307
"269","MOCR",5290,"ABLA",5.5,27.3,0.4,0,"0",1,1,1,1,"0","0","0","0",2,2,0,2,"0","0","0","0",0,0,0,0,"0","0","0",NA,0,0,0,0,"0","0","0",NA,0,0,0,0,"0","0","0",NA,0,0,0,0,"0","0","0",NA,0,0,0,0,"0","0","0",NA,0,0,0,0,"0","0","0",NA,NA,NA,NA,NA,1,2,3,4,NA,NA,NA,NA,0,0,0,0,0,"MOCR5290",293,5290,NA,"Point",2534.246,NA,0.0902888947213844,0,0,0,0,"MOCR_5290_1913","MOCR_5294_1917",2.2509995328908,"MOCR_5294_1917",2.2509995328908,"MOCR_5294_1917",2.2509995328908,"MOCR_5292_1915",1.21182052471677,NA,41.40906695,-111.5339781,41.40905464,-111.5339995,NA,-127.382531360435,41.40905464,-111.5339995,NA,-127.382531360435,41.40905464,-111.5339995,NA,-127.382531360435,41.40905682,-111.5339835,NA,-158.133336287595
"270","MOCR",5291,"ABLA",NA,4.4,NA,0,"0",1,1,1,1,"0","0","0","0",2,2,0,2,"0","0","0","0",0,0,0,0,"0","0","0",NA,0,0,0,0,"0","0","0",NA,0,0,0,0,"0","0","0",NA,0,0,0,0,"0","0","0",NA,0,0,0,0,"0","0","0",NA,0,0,0,0,"0","0","0",NA,NA,NA,NA,NA,1,2,3,4,NA,NA,NA,NA,0,0,0,0,0,"MOCR5291",294,5291,NA,"Point",2536.922,NA,0.0913304165652238,0,0,0,0,"MOCR_5291_1914","MOCR_5294_1917",1.32505617134542,"MOCR_5294_1917",1.32505617134542,"MOCR_5294_1917",1.32505617134542,"MOCR_5292_1915",1.0118047344944,NA,41.40906436,-111.5339903,41.40905464,-111.5339995,NA,-144.527317218328,41.40905464,-111.5339995,NA,-144.527317218328,41.40905464,-111.5339995,NA,-144.527317218328,41.40905682,-111.5339835,NA,145.824957170732
"271","MOCR",5292,"ABLA",7.5,36.8,3.3,0,"0",1,1,1,1,"0","0","0","BO",2,2,1,2,"0","0","0","0",0,0,0,1,"0","0","0",NA,0,0,0,0,"0","0","0",NA,0,0,0,0,"0","0","0",NA,0,0,0,0,"0","0","0",NA,0,0,0,0,"0","0","0",NA,0,0,0,0,"0","0","0",NA,NA,NA,NA,NA,1,2,3,4,NA,NA,NA,NA,0,0,0,1,1,"MOCR5292",295,5292,NA,"Point",2535.71,NA,0.0908571223507504,0,0,0,1,"MOCR_5292_1915","MOCR_5294_1917",1.35902783973761,"MOCR_5294_1917",1.35902783973761,"MOCR_5294_1917",1.35902783973761,"MOCR_5294_1917",1.35902783973761,NA,41.40905682,-111.5339835,41.40905464,-111.5339995,NA,-100.258290525165,41.40905464,-111.5339995,NA,-100.258290525165,41.40905464,-111.5339995,NA,-100.258290525165,41.40905464,-111.5339995,NA,-100.258290525165
"272","MOCR",5293,"ABLA",NA,5.2,NA,2,"0",1,1,1,1,"BO","BO","0","0",2,2,0,2,"0","0","0","0",1,1,0,0,"0","0","0",NA,1,0,0,0,"0","0","0",NA,0,0,0,0,"0","0","0",NA,0,0,0,0,"0","0","0",NA,0,0,0,0,"0","0","0",NA,0,0,0,0,"0","0","0",NA,"2DB","2DB","2DB","2DB",1,2,3,4,NA,NA,NA,NA,1,1,0,0,0,"MOCR5293",296,5293,NA,"Point",2537.081,NA,0.0920965915262171,1,1,0,0,"MOCR_5293_1916","MOCR_5294_1917",0.815468242176278,"MOCR_5294_1917",0.815468242176278,"MOCR_5294_1917",0.815468242176278,"MOCR_5294_1917",0.815468242176278,NA,41.40904754,-111.533997,41.40905464,-111.5339995,NA,-14.8469367497794,41.40905464,-111.5339995,NA,-14.8469367497794,41.40905464,-111.5339995,NA,-14.8469367497794,41.40905464,-111.5339995,NA,-14.8469367497794
"273","MOCR",5294,"ABLA",2.3,8.8,0.8,0,"0",1,1,1,1,"BO","BO","BO","BO",1,1,0,1,"0","0","0","0",1,1,2,2,"0","0","4–0","4-0",1,1,0,1,"0","0","0",NA,0,0,0,0,"0","0","0",NA,0,0,0,1,"0","0","0",NA,1,1,2,1,"0","0","0",NA,0,0,0,0,"0","0","0",NA,NA,NA,NA,NA,1,2,3,4,NA,NA,NA,NA,1,1,1,1,0,"MOCR5294",297,5294,NA,"Point",2536.487,NA,0.0922103462383987,1,1,1,1,"MOCR_5294_1917","MOCR_5293_1916",0.815468242176278,"MOCR_5293_1916",0.815468242176278,"MOCR_5172_1809",5.82244177695746,"MOCR_5292_1915",1.35902783973761,NA,41.40905464,-111.5339995,41.40904754,-111.533997,NA,165.153061596645,41.40904754,-111.533997,NA,165.153061596645,41.40908979,-111.5340512,NA,-47.9154013456827,41.40905682,-111.5339835,NA,79.7416988919485
"274","MOCR",5295,"ABLA",1.6,9.3,0.9,0,"0",1,1,1,1,"0","BO","0","BO",1,0,1,0,"0","0","0","0",0,0,0,0,"0","0","0",NA,0,0,0,0,"0","0","0",NA,0,0,0,1,"0","0","0",NA,0,0,0,0,"0","0","0",NA,0,1,0,0,"0","0","0",NA,0,0,0,0,"0","0","0",NA,NA,NA,NA,NA,1,2,3,4,NA,NA,NA,NA,0,1,0,1,1,"MOCR5295",300,5295,NA,"Point",2535.444,NA,0.093098860986443,0,1,0,1,"MOCR_5295_1918","MOCR_5296_1919",1.19333133033408,"MOCR_5296_1919",1.19333133033408,"MOCR_5294_1917",1.74594736981502,"MOCR_5294_1917",1.74594736981502,NA,41.40906724,-111.534012,41.40907758,-111.5340159,NA,-15.8522561996304,41.40907758,-111.5340159,NA,-15.8522561996304,41.40905464,-111.5339995,NA,143.244869888767,41.40905464,-111.5339995,NA,143.244869888767
"275","MOCR",5296,"ABLA",3.7,22.6,0.8,0,"0",1,1,1,1,"BO","BO","BO","0",2,2,2,2,"0","0","0","0",1,1,0,0,"0","0","0",NA,1,1,0,0,"0","0","0",NA,0,0,0,0,"0","0","0",NA,0,1,0,0,"0","0","0",NA,0,0,0,0,"0","0","0",NA,0,0,0,0,"0","0","0",NA,NA,NA,NA,NA,1,2,3,4,NA,NA,NA,NA,1,1,0,0,0,"MOCR5296",301,5296,NA,"Point",2535.086,NA,0.0933176814532044,1,1,0,0,"MOCR_5296_1919","MOCR_5294_1917",2.8922509538589,"MOCR_5295_1918",1.19333133033408,"MOCR_5294_1917",2.8922509538589,"MOCR_5295_1918",1.19333133033408,NA,41.40907758,-111.5340159,41.40905464,-111.5339995,NA,151.710029277337,41.40906724,-111.534012,NA,164.14774122079,41.40905464,-111.5339995,NA,151.710029277337,41.40906724,-111.534012,NA,164.14774122079
"276","MOCR",5297,"ABLA",4.2,30.3,0.7,0,"0",1,1,1,1,"0","0","BO","BO",1,0,0,0,"0","0","0","0",0,1,0,1,"0","0","0",NA,0,1,0,1,"0","0","0",NA,0,0,0,0,"0","0","0",NA,0,0,0,1,"0","0","0",NA,0,0,0,0,"0","0","0",NA,0,0,0,0,"0","0","0",NA,NA,NA,"bifur",NA,1,2,3,4,NA,NA,NA,NA,0,1,0,1,1,"MOCR5297",308,5297,NA,"Point",2533.738,NA,0.0903037489097937,0,1,0,1,"MOCR_5297_1920","MOCR_5182_1819",1.70140876028996,"MOCR_5182_1819",1.70140876028996,"MOCR_5188_1825",5.35530097176184,"MOCR_5182_1819",1.70140876028996,NA,41.4091174,-111.533983,41.40913209,-111.5339772,NA,16.554299641344,41.40913209,-111.5339772,NA,16.554299641344,41.40913741,-111.5339247,NA,65.4916854223115,41.40913209,-111.5339772,NA,16.554299641344
"277","MOCR",5298,"ABLA",3.5,28.6,0.7,0,"0",1,1,1,1,"BO","BO","BO","BO",1,1,0,1,"0","0","0","0",0,1,0,1,"0","0","0",NA,1,0,0,1,"0","0","0",NA,0,0,0,0,"0","0","0",NA,0,0,0,1,"0","0","0",NA,0,0,0,0,"0","0","0",NA,0,0,0,0,"0","0","0",NA,NA,NA,"-11-",NA,1,2,3,4,NA,NA,NA,NA,1,1,0,1,0,"MOCR5298",NA,5298,NA,"Point",2533.738,NA,0.0903037489097937,1,1,0,1,"MOCR_5298_1921","MOCR_5182_1819",1.70140876028996,"MOCR_5182_1819",1.70140876028996,"MOCR_5188_1825",5.35530097176184,"MOCR_5182_1819",1.70140876028996,NA,41.4091174,-111.533983,41.40913209,-111.5339772,NA,16.554299641344,41.40913209,-111.5339772,NA,16.554299641344,41.40913741,-111.5339247,NA,65.4916854223115,41.40913209,-111.5339772,NA,16.554299641344
"278","MOCR",5299,"ABLA",NA,5.9,NA,0,"0",1,1,1,1,"BO","0","BO","0",1,0,0,0,"0","0","0","0",0,0,0,0,"0","0","0",NA,1,0,0,0,"0","0","0",NA,0,0,0,0,"0","0","0",NA,0,0,0,0,"0","0","0",NA,0,0,0,0,"0","0","0",NA,0,0,0,0,"0","0","0",NA,NA,NA,NA,NA,1,2,3,4,NA,NA,NA,NA,1,0,0,0,0,"MOCR5299",NA,5299,NA,"Point",2533.738,NA,0.0903037489097937,1,0,0,0,"MOCR_5299_1922","MOCR_5182_1819",1.70140876028996,"MOCR_5182_1819",1.70140876028996,"MOCR_5188_1825",5.35530097176184,"MOCR_5182_1819",1.70140876028996,NA,41.4091174,-111.533983,41.40913209,-111.5339772,NA,16.554299641344,41.40913209,-111.5339772,NA,16.554299641344,41.40913741,-111.5339247,NA,65.4916854223115,41.40913209,-111.5339772,NA,16.554299641344
"279","MOCR",5300,"ABLA",1.2,9.1,2.7,0,"0",1,1,1,1,"0","0","0","0",1,0,0,0,"0","0","0","0",0,0,0,0,"0","0","0",NA,0,0,0,0,"0","0","0",NA,0,0,0,0,"0","0","0",NA,0,0,0,0,"0","0","0",NA,0,0,0,0,"0","0","0",NA,0,0,0,0,"0","0","0",NA,NA,NA,NA,NA,1,2,3,4,NA,NA,NA,NA,0,0,0,0,0,"MOCR5300",309,5300,NA,"Point",2535.047,NA,0.0905193754799222,0,0,0,0,"MOCR_5300_1923","MOCR_5298_1921",0.542656418206002,"MOCR_5297_1920",0.542656418206002,"MOCR_5188_1825",5.39250989078421,"MOCR_5297_1920",0.542656418206002,NA,41.40912181,-111.5339858,41.4091174,-111.533983,NA,154.452226464505,41.4091174,-111.533983,NA,154.452226464505,41.40913741,-111.5339247,NA,71.2662667222471,41.4091174,-111.533983,NA,154.452226464505
"280","MOCR",5301,"ABLA",1.8,14.1,2.5,0,"0",1,1,1,1,"0","0","0","0",1,0,0,0,"0","0","0","0",0,0,0,0,"0","0","0",NA,0,0,0,0,"0","0","0",NA,0,0,0,0,"0","0","0",NA,0,0,0,0,"0","0","0",NA,0,0,0,0,"0","0","0",NA,0,0,0,0,"0","0","0",NA,NA,NA,NA,NA,1,2,3,4,NA,NA,NA,NA,0,0,0,0,0,"MOCR5301",NA,5301,NA,"Point",2535.047,NA,0.0905193754799222,0,0,0,0,"MOCR_5301_1924","MOCR_5298_1921",0.542656418206002,"MOCR_5297_1920",0.542656418206002,"MOCR_5188_1825",5.39250989078421,"MOCR_5297_1920",0.542656418206002,NA,41.40912181,-111.5339858,41.4091174,-111.533983,NA,154.452226464505,41.4091174,-111.533983,NA,154.452226464505,41.40913741,-111.5339247,NA,71.2662667222471,41.4091174,-111.533983,NA,154.452226464505
"281","MOCR",5302,"ABLA",2.2,12.1,1.6,0,"0",1,1,1,1,"0","0","0","BO",0,0,0,0,"0","0","0","0",0,0,0,0,"0","0","0",NA,1,0,0,1,"0","0","0",NA,0,0,0,0,"0","0","0",NA,0,0,0,0,"0","0","0",NA,0,0,0,0,"0","0","0",NA,0,0,0,0,"0","0","0",NA,NA,NA,NA,NA,1,2,3,4,NA,NA,NA,NA,1,0,0,1,0,"MOCR5302",310,5302,NA,"Point",2538.079,NA,0.0922042341410515,1,0,0,1,"MOCR_5302_1925","MOCR_5307_1930",0.36456195236282,"MOCR_5297_1920",2.36016405470313,"MOCR_5172_1809",5.7819876827151,"MOCR_5307_1930",0.36456195236282,NA,41.40912941,-111.5340063,41.4091263,-111.5340077,NA,-161.278321001757,41.4091174,-111.533983,NA,124.398134330871,41.40908979,-111.5340512,NA,-139.529889581352,41.4091263,-111.5340077,NA,-161.278321001757
"282","MOCR",5303,"ABLA",1.2,7.6,2,0,"0",1,1,1,1,"0","0","BO","BO",1,0,1,0,"0","0","0","0",0,0,0,1,"0","0","0",NA,0,0,0,0,"0","0","0",NA,0,0,0,0,"0","0","0",NA,0,0,0,0,"0","0","0",NA,0,0,0,0,"0","0","0",NA,0,0,0,0,"0","0","0",NA,"Rot in area","Rot in area","Rot in area/ trifur","Rot in area",1,2,3,4,NA,NA,NA,NA,0,0,0,1,1,"MOCR5303",311,5303,NA,"Point",2535.362,NA,0.0935141240096975,0,0,0,1,"MOCR_5303_1926","MOCR_5296_1919",2.50305799790441,"MOCR_5296_1919",2.50305799790441,"MOCR_5172_1809",2.80702837026704,"MOCR_5172_1809",2.80702837026704,NA,41.40909987,-111.5340204,41.40907758,-111.5340159,NA,171.357842786581,41.40907758,-111.5340159,NA,171.357842786581,41.40908979,-111.5340512,NA,-113.495157291789,41.40908979,-111.5340512,NA,-113.495157291789
"283","MOCR",5304,"ABLA",3.7,25.5,2,0,"0",1,1,1,1,"0","0","BO","BO",1,1,1,1,"0","0","0","0",0,0,0,1,"0","0","0",NA,0,0,0,0,"0","0","0",NA,0,0,0,0,"0","0","0",NA,0,0,0,0,"0","0","0",NA,0,0,0,0,"0","0","0",NA,0,0,0,0,"0","0","0",NA,"Rot in area","Rot in area","Rot in area/ -11-","Rot in area",1,2,3,4,NA,NA,NA,NA,0,0,0,1,1,"MOCR5304",NA,5304,NA,"Point",2535.362,NA,0.0935141240096975,0,0,0,1,"MOCR_5304_1927","MOCR_5296_1919",2.50305799790441,"MOCR_5296_1919",2.50305799790441,"MOCR_5172_1809",2.80702837026704,"MOCR_5172_1809",2.80702837026704,NA,41.40909987,-111.5340204,41.40907758,-111.5340159,NA,171.357842786581,41.40907758,-111.5340159,NA,171.357842786581,41.40908979,-111.5340512,NA,-113.495157291789,41.40908979,-111.5340512,NA,-113.495157291789
"284","MOCR",5305,"ABLA",1.3,9,2,0,"0",1,1,1,1,"0","0","BO","BO",1,0,1,0,"0","0","0","0",0,0,0,1,"0","0","0",NA,0,0,0,0,"0","0","0",NA,0,0,0,0,"0","0","0",NA,0,0,0,0,"0","0","0",NA,0,0,0,0,"0","0","0",NA,0,0,0,0,"0","0","0",NA,"Rot in area","Rot in area","Rot in area/ -11-","Rot in area",1,2,3,4,NA,NA,NA,NA,0,0,0,1,1,"MOCR5305",NA,5305,NA,"Point",2535.362,NA,0.0935141240096975,0,0,0,1,"MOCR_5305_1928","MOCR_5296_1919",2.50305799790441,"MOCR_5296_1919",2.50305799790441,"MOCR_5172_1809",2.80702837026704,"MOCR_5172_1809",2.80702837026704,NA,41.40909987,-111.5340204,41.40907758,-111.5340159,NA,171.357842786581,41.40907758,-111.5340159,NA,171.357842786581,41.40908979,-111.5340512,NA,-113.495157291789,41.40908979,-111.5340512,NA,-113.495157291789
"285","MOCR",5306,"ABLA",1.1,5.1,NA,0,"0",1,1,1,1,"0","0","0","0",1,0,1,0,"0","0","0","0",0,0,0,0,"0","0","0",NA,0,0,0,0,"0","0","0",NA,0,0,0,0,"0","0","0",NA,0,0,0,0,"0","0","0",NA,0,0,0,0,"0","0","0",NA,0,0,0,0,"0","0","0",NA,NA,NA,"bifur",NA,1,2,3,4,NA,NA,NA,NA,0,0,0,0,0,"MOCR5306",NA,5306,NA,"Point",2534.939,NA,0.0923297661210931,0,0,0,0,"MOCR_5306_1929","MOCR_5302_1925",0.36456195236282,"MOCR_5297_1920",2.28873267549992,"MOCR_5172_1809",5.44505118699602,"MOCR_5302_1925",0.36456195236282,NA,41.4091263,-111.5340077,41.40912941,-111.5340063,NA,18.7216780722391,41.4091174,-111.533983,NA,115.576407818056,41.40908979,-111.5340512,NA,-138.10833999612,41.40912941,-111.5340063,NA,18.7216780722391
"286","MOCR",5307,"ABLA",2,10.8,1,1,"0",1,1,1,1,"BO","0","BO","BO",1,1,1,1,"0","0","0","0",0,0,0,1,"0","0","0",NA,1,0,0,0,"0","0","0",NA,0,0,0,0,"0","0","0",NA,0,0,0,0,"0","0","0",NA,0,0,0,0,"0","0","0",NA,0,0,0,0,"0","0","0",NA,NA,NA,"-11-",NA,1,2,3,4,NA,NA,NA,NA,1,0,0,1,0,"MOCR5307",312,5307,NA,"Point",2534.939,NA,0.0923297661210931,1,0,0,1,"MOCR_5307_1930","MOCR_5302_1925",0.36456195236282,"MOCR_5297_1920",2.28873267549992,"MOCR_5172_1809",5.44505118699602,"MOCR_5302_1925",0.36456195236282,NA,41.4091263,-111.5340077,41.40912941,-111.5340063,NA,18.7216780722391,41.4091174,-111.533983,NA,115.576407818056,41.40908979,-111.5340512,NA,-138.10833999612,41.40912941,-111.5340063,NA,18.7216780722391
"287","MOCR",552,"ABLA",NA,3.3,NA,0,"0",NA,1,1,1,NA,"0","0","0",NA,0,0,1,NA,"0","0","0",NA,0,0,0,NA,"0","0",NA,NA,0,0,0,NA,"0","0",NA,NA,0,0,0,NA,"0","0",NA,NA,0,0,0,NA,"0","0",NA,NA,0,0,0,NA,"0","0",NA,NA,0,0,0,NA,"0","0",NA,NA,NA,NA,NA,NA,2,3,4,NA,NA,NA,NA,NA,0,0,0,0,"MOCR552",5308,552,NA,"Point",2524.724,-16.897,0.0775923599844958,NA,0,0,0,"MOCR_552_1931","MOCR_5045_1697",4.50594040605612,"MOCR_5045_1697",4.50594040605612,"MOCR_5045_1697",4.50594040605612,"MOCR_5042_1649",2.76149673330792,NA,41.4093398485,-111.533795927167,41.40930717,-111.5338279,NA,-143.625016530218,41.40930717,-111.5338279,NA,-143.625016530218,41.40930717,-111.5338279,NA,-143.625016530218,41.40933593,-111.5337633,NA,99.0638361336917
"288","MOCR",5064,"ABLA",NA,5.3,NA,0,"0",NA,1,NA,NA,NA,"0",NA,NA,NA,0,NA,NA,NA,"0",NA,NA,NA,0,NA,NA,NA,"0",NA,NA,NA,0,NA,NA,NA,"0",NA,NA,NA,0,NA,NA,NA,"0",NA,NA,NA,0,NA,NA,NA,"0",NA,NA,NA,0,NA,NA,NA,"0",NA,NA,NA,0,NA,NA,NA,"0",NA,NA,NA,NA,NA,NA,NA,2,NA,NA,NA,NA,NA,NA,NA,0,NA,NA,NA,"MOCR5064",57,5064,NA,"Point",2522.951,NA,0.102711243928984,NA,0,NA,NA,"MOCR_5064_1932","MOCR_5067_1718",1.05623382229564,"MOCR_5067_1718",1.05623382229564,"MOCR_5063_1715",1.80154634448245,"MOCR_5067_1718",1.05623382229564,NA,41.40939067,-111.5340897,41.40938141,-111.5340868,NA,166.733510500941,41.40938141,-111.5340868,NA,166.733510500941,41.4094042,-111.5340778,NA,33.5104600329946,41.40938141,-111.5340868,NA,166.733510500941
"289","MOCR",5119,"ABLA",NA,6.3,NA,0,"0",NA,1,1,1,NA,"0","0","0",NA,1,1,1,NA,"0","0","0",NA,0,0,0,NA,"0","0",NA,NA,0,0,0,NA,"0","0",NA,NA,0,0,0,NA,"0","0",NA,NA,0,0,0,NA,"0","0",NA,NA,0,0,0,NA,"0","0",NA,NA,0,0,0,NA,"0","0",NA,NA,NA,NA,NA,NA,2,3,4,NA,NA,NA,NA,NA,0,0,0,0,"MOCR5119",105,5119,NA,"Point",2524.877,NA,0.0779173736292567,NA,0,0,0,"MOCR_5119_1933","MOCR_5118_1763",1.25469827455751,"MOCR_5045_1697",1.96084775913187,"MOCR_5045_1697",1.96084775913187,"MOCR_5045_1697",1.96084775913187,NA,41.40929213,-111.5338156,41.4092985,-111.533828,NA,-55.6920893852736,41.40930717,-111.5338279,NA,-31.6202991079395,41.40930717,-111.5338279,NA,-31.6202991079395,41.40930717,-111.5338279,NA,-31.6202991079395
"290","MOCR",5261,"ABLA",NA,NA,NA,0,"0",NA,NA,1,1,NA,NA,"0","0",NA,NA,1,1,NA,NA,"0","0",NA,NA,0,0,NA,NA,NA,NA,NA,NA,0,0,NA,NA,NA,NA,NA,NA,0,0,NA,NA,NA,NA,NA,NA,0,0,NA,NA,NA,NA,NA,NA,0,0,NA,NA,NA,NA,NA,NA,0,0,NA,NA,NA,NA,NA,NA,"under snow",NA,NA,NA,3,4,NA,NA,NA,NA,NA,NA,0,0,NA,"MOCR5261",2168,5261,NA,"Point",2530.346,NA,0.0547796647520008,NA,NA,0,0,"MOCR_5261_1934","MOCR_5220_1852",1.74559122124703,"MOCR_5220_1852",1.74559122124703,"MOCR_5220_1852",1.74559122124703,"MOCR_5220_1852",1.74559122124703,NA,41.40917414,-111.533557,41.4091704913333,-111.533577314833,NA,-103.418157214819,41.4091704913333,-111.533577314833,NA,-103.418157214819,41.4091704913333,-111.533577314833,NA,-103.418157214819,41.4091704913333,-111.533577314833,NA,-103.418157214819
"291","MOCR",5261,"ABLA",NA,NA,NA,0,"0",NA,NA,1,1,NA,NA,"0","0",NA,NA,1,1,NA,NA,"0","0",NA,NA,0,0,NA,NA,NA,NA,NA,NA,0,0,NA,NA,NA,NA,NA,NA,0,0,NA,NA,NA,NA,NA,NA,0,0,NA,NA,NA,NA,NA,NA,0,0,NA,NA,NA,NA,NA,NA,0,0,NA,NA,NA,NA,NA,NA,"under snow",NA,NA,NA,3,4,NA,NA,NA,NA,NA,NA,0,0,NA,"MOCR5261",5309,5261,NA,"Point",2531.74,-16.897,0.0544297638332779,NA,NA,0,0,"MOCR_5261_1935","MOCR_5220_1852",2.50937688286459,"MOCR_5220_1852",2.50937688286459,"MOCR_5220_1852",2.50937688286459,"MOCR_5220_1852",2.50937688286459,NA,41.4091827671667,-111.5335521055,41.4091704913333,-111.533577314833,NA,-122.89550665661,41.4091704913333,-111.533577314833,NA,-122.89550665661,41.4091704913333,-111.533577314833,NA,-122.89550665661,41.4091704913333,-111.533577314833,NA,-122.89550665661
