"","site","tag","species","dbh","height","canopy_ht","brooms","rot","Dead / Alive_v1","Dead / Alive_v2","Dead / Alive_v3","Dead / Alive_v4","Inf Location_v1","Inf Location_v2","Inf Location_v3","Inf Location_v4","Gouting_v1","Gouting_v2","Gouting_v3","Gouting_v4","Beetle_v1","Beetle_v2","Beetle_v3","Beetle_v4","NL_v1","NL_v2","NL_v3","NL_v4","NLW_v1","NLW_v2","NLW_v3","NLW_v4","NM_v1","NM_v2","NM_v3","NM_v4","NMW_v1","NMW_v2","NMW_v3","NMW_v4","NH_v1","NH_v2","NH_v3","NH_v4","NHW_v1","NHW_v2","NHW_v3","NHW_v4","SL_v1","SL_v2","SL_v3","SL_v4","SLW_v1","SLW_v2","SLW_v3","SLW_v4","SM_v1","SM_v2","SM_v3","SM_v4","SMW_v1","SMW_v2","SMW_v3","SMW_v4","SH_v1","SH_v2","SH_v3","SH_v4","SHW_v1","SHW_v2","SHW_v3","SHW_v4","Notes_v1","Notes_v2","Notes_v3","Notes_v4","Visit_v1","Visit_v2","Visit_v3","Visit_v4","WSB_v1","WSB_v2","WSB_v3","WSB_v4","infested_v1","infested_v2","infested_v3","infested_v4","new_infestation","tag_ID","Number","Tag #","Description","GeometryType","Elevation","GeoidOffset","distance","infestation_visit_1","infestation_visit_2","infestation_visit_3","infestation_visit_4","unique_ID","TARGET","DISTANCE","TARGET2","DISTANCE2","TARGET3","DISTANCE3","TARGET4","DISTANCE4","geometry.x","Latitude.focal","Longitude.focal","Latitude.target","Longitude.target","geometry.y","bearings1","Latitude.target2","Longitude.target2","geometry.x.x","bearings2","Latitude.target3","Longitude.target3","geometry.y.y","bearings3","Latitude.target4","Longitude.target4","geometry","bearings4"
"1","SMMH",5309,"ABLA",5,24.1,0,0,"0",1,1,1,1,"BO","BO","BO","BO",NA,NA,0,0,"0","0","0","0",2,2,2,2,"0","1-0","1-0","1-0",2,2,2,2,"0","0","0",NA,0,1,1,0,"0","0","0",NA,2,2,2,2,"0","0","0",NA,2,2,2,2,"0","0","0",NA,0,1,1,0,"0","0","0",NA,NA,NA,NA,NA,1,2,3,4,NA,NA,NA,NA,1,1,1,1,0,"SMMH5309",432,5309,NA,"Point",2323.543,NA,0.127559274038221,1,1,1,1,"SMMH_5309_630","SMMH_5410_725",0.706549382385691,"SMMH_5410_725",0.706549382385691,"SMMH_5410_725",0.706549382385691,"SMMH_5410_725",0.706549382385691,NA,40.77090681,-111.1070479,40.77090414,-111.1070403,NA,114.8018024666,40.77090414,-111.1070403,NA,114.8018024666,40.77090414,-111.1070403,NA,114.8018024666,40.77090414,-111.1070403,NA,114.8018024666
"2","SMMH",5311,"ABLA",NA,5.9,0,0,"0",1,1,1,1,"0","0","0","0",NA,NA,0,0,"0","0","0","0",0,0,0,0,"0","0","0",NA,0,0,0,0,"0","0","0",NA,0,0,0,0,"0","0","0",NA,0,0,0,0,"0","0","0",NA,0,0,0,0,"0","0","0",NA,0,0,0,0,"0","0","0",NA,NA,NA,NA,NA,1,2,3,4,NA,NA,NA,NA,0,0,0,0,0,"SMMH5311",329,5311,NA,"Point",2327.616,NA,0.0988929083306109,0,0,0,0,"SMMH_5311_631","SMMH_5574_856",8.99889231190044,"SMMH_5315_636",1.23033302726846,"SMMH_5575_857",9.13416488924005,"SMMH_5313_634",1.42748135435036,NA,40.77055413,-111.1069551,40.77060247,-111.1070407,NA,-53.3950043647687,40.77055528,-111.1069696,NA,-84.0444254847364,40.7706107,-111.1070337,NA,-46.5689582389128,40.77056497,-111.1069642,NA,-32.5469957794185
"3","SMMH",5308,"ABLA",1.7,11.9,0,0,"0",1,1,1,1,"0","0","0","0",NA,NA,0,0,"0","0","0","0",0,0,0,0,"0","0","0",NA,0,0,0,0,"0","0","0",NA,0,0,0,0,"0","0","0",NA,0,0,0,0,"0","0","0",NA,0,0,0,0,"0","0","0",NA,0,0,0,0,"0","0","0",NA,NA,NA,NA,NA,1,2,3,4,NA,NA,NA,NA,0,0,0,0,0,"SMMH5308",NA,5308,NA,"Point",2328.208,NA,0.0992887727948246,0,0,0,0,"SMMH_5308_632","SMMH_5574_856",9.5150435541847,"SMMH_5315_636",1.85356652478797,"SMMH_5575_857",9.60601097849185,"SMMH_5313_634",1.84909431767763,NA,40.77055401,-111.1069477,40.77060247,-111.1070407,NA,-55.5735121681889,40.77055528,-111.1069696,NA,-85.6380399529343,40.7706107,-111.1070337,NA,-49.0728561238036,40.77056497,-111.1069642,NA,-48.8560728587399
"4","SMMH",5310,"ABLA",1.4,15.2,0,0,"0",1,1,1,1,"0","0","0","0",NA,NA,0,0,"0","0","0","0",0,0,0,0,"0","0","0",NA,0,0,0,0,"0","0","0",NA,0,0,0,0,"0","0","0",NA,0,0,0,0,"0","0","0",NA,0,0,0,0,"0","0","0",NA,0,0,0,0,"0","0","0",NA,NA,NA,NA,NA,1,2,3,4,NA,NA,NA,NA,0,0,0,0,0,"SMMH5310",328,5310,NA,"Point",2328.208,NA,0.0992887727948246,0,0,0,0,"SMMH_5310_633","SMMH_5574_856",9.5150435541847,"SMMH_5315_636",1.85356652478797,"SMMH_5575_857",9.60601097849185,"SMMH_5313_634",1.84909431767763,NA,40.77055401,-111.1069477,40.77060247,-111.1070407,NA,-55.5735121681889,40.77055528,-111.1069696,NA,-85.6380399529343,40.7706107,-111.1070337,NA,-49.0728561238036,40.77056497,-111.1069642,NA,-48.8560728587399
"5","SMMH",5313,"ABLA",2.1,16.1,0,0,"0",1,1,1,1,"0","0","0","BO",NA,NA,0,0,"0","0","0","0",0,0,0,1,"0","0","0",NA,0,0,0,0,"0","0","0",NA,0,0,0,0,"0","0","0",NA,0,0,0,0,"0","0","0",NA,0,0,0,0,"0","0","0",NA,0,0,0,0,"0","0","0",NA,NA,NA,NA,NA,1,2,3,4,NA,NA,NA,NA,0,0,0,1,1,"SMMH5313",330,5313,NA,"Point",2325.945,NA,0.0993208106538743,0,0,0,1,"SMMH_5313_634","SMMH_5574_856",7.68168881152806,"SMMH_5315_636",1.16819613572591,"SMMH_5575_857",7.75693305115866,"SMMH_5317_638",1.52808787776213,NA,40.77056497,-111.1069642,40.77060247,-111.1070407,NA,-57.1870197702858,40.77055528,-111.1069696,NA,-157.038924117141,40.7706107,-111.1070337,NA,-49.124543480795,40.77056535,-111.1069823,NA,-88.4181770167132
"6","SMMH",5314,"ABLA",NA,5.1,0,0,"0",1,1,1,1,"0","0","0","0",NA,NA,0,0,"0","0","0","0",0,0,0,0,"0","0","0",NA,0,0,0,0,"0","0","0",NA,0,0,0,0,"0","0","0",NA,0,0,0,0,"0","0","0",NA,0,0,0,0,"0","0","0",NA,0,0,0,0,"0","0","0",NA,NA,NA,NA,NA,1,2,3,4,NA,NA,NA,NA,0,0,0,0,0,"SMMH5314",331,5314,NA,"Point",2326.23,NA,0.0981996717683618,0,0,0,0,"SMMH_5314_635","SMMH_5574_856",7.55057607571742,"SMMH_5315_636",0.414795745245629,"SMMH_5575_857",7.78298494094211,"SMMH_5313_634",1.12386180860761,NA,40.77055765,-111.1069734,40.77060247,-111.1070407,NA,-48.7821576814302,40.77055528,-111.1069696,NA,129.364029882883,40.7706107,-111.1070337,NA,-40.8321574943237,40.77056497,-111.1069642,NA,43.6968489005531
"7","SMMH",5315,"ABLA",1.2,10.4,0.5,0,"0",1,1,1,1,"0","0","0","0",NA,NA,0,0,"0","0","0","0",0,0,0,0,"0","0","0",NA,0,0,0,0,"0","0","0",NA,0,0,0,0,"0","0","0",NA,0,0,0,0,"0","0","0",NA,0,1,0,0,"0","0","0",NA,0,0,0,0,"0","0","0",NA,NA,NA,NA,NA,1,2,3,4,NA,NA,NA,NA,0,1,0,0,1,"SMMH5315",332,5315,NA,"Point",2326.644,NA,0.0982020702121383,0,1,0,0,"SMMH_5315_636","SMMH_5574_856",7.965166027127,"SMMH_5317_638",1.54862867995846,"SMMH_5575_857",8.19202772464477,"SMMH_5313_634",1.16819613572591,NA,40.77055528,-111.1069696,40.77060247,-111.1070407,NA,-48.8786779483156,40.77056535,-111.1069823,NA,-43.7955352626825,40.7706107,-111.1070337,NA,-41.3261493390326,40.77056497,-111.1069642,NA,22.9610723564888
"8","SMMH",5316,"ABLA",1.4,11.6,0.4,0,"0",1,1,1,1,"0","0","0","0",NA,NA,0,0,"0","0","0","0",0,0,0,0,"0","0","0",NA,0,0,0,0,"0","0","0",NA,0,0,0,0,"0","0","0",NA,0,0,0,0,"0","0","0",NA,0,0,0,0,"0","0","0",NA,0,0,0,0,"0","0","0",NA,NA,NA,NA,NA,1,2,3,4,NA,NA,NA,NA,0,0,0,0,0,"SMMH5316",333,5316,NA,"Point",2327.549,NA,0.0982412196588798,0,0,0,0,"SMMH_5316_637","SMMH_5574_856",7.41673755305253,"SMMH_5315_636",0.549046564079727,"SMMH_5575_857",7.64515705975297,"SMMH_5317_638",1.00036543060396,NA,40.7705587,-111.1069743,40.77060247,-111.1070407,NA,-49.0728331471356,40.77055528,-111.1069696,NA,133.744914232336,40.7706107,-111.1070337,NA,-40.9726090604623,40.77056535,-111.1069823,NA,-42.4459153165281
"9","SMMH",5317,"ABLA",NA,8.8,NA,0,"0",1,1,1,1,"0","BO","0","BO",NA,NA,0,0,"0","0","0","0",0,1,0,1,"0","0","0",NA,0,0,0,0,"0","0","0",NA,0,0,0,0,"0","0","0",NA,0,0,0,1,"0","0","0",NA,0,0,0,0,"0","0","0",NA,0,0,0,0,"0","0","0",NA,"Bifurcated","Bifurcated","Bifurcated","Bifurcated",1,2,3,4,NA,NA,NA,NA,0,1,0,1,1,"SMMH5317",NA,5317,NA,"Point",2326.619,NA,0.0983864361956117,0,1,0,1,"SMMH_5317_638","SMMH_5574_856",6.42409331717786,"SMMH_5315_636",1.54862867995846,"SMMH_5575_857",6.64517211475796,"SMMH_5313_634",1.52808787776213,NA,40.77056535,-111.1069823,40.77060247,-111.1070407,NA,-50.1025439473668,40.77055528,-111.1069696,NA,136.204456443817,40.7706107,-111.1070337,NA,-40.7508463771349,40.77056497,-111.1069642,NA,91.5818111634145
"10","SMMH",5318,"ABLA",1.5,12.4,0,0,"0",1,1,1,1,"0","BO","0","BO",NA,NA,0,0,"0","0","0","0",0,1,0,1,"0","0","0",NA,0,0,0,1,"0","0","0",NA,0,0,0,0,"0","0","0",NA,0,0,0,0,"0","0","0",NA,0,0,0,0,"0","0","0",NA,0,0,0,0,"0","0","0",NA,NA,NA,NA,NA,1,2,3,4,NA,NA,NA,NA,0,1,0,1,1,"SMMH5318",334,5318,NA,"Point",2326.619,NA,0.0983864361956117,0,1,0,1,"SMMH_5318_639","SMMH_5574_856",6.42409331717786,"SMMH_5315_636",1.54862867995846,"SMMH_5575_857",6.64517211475796,"SMMH_5313_634",1.52808787776213,NA,40.77056535,-111.1069823,40.77060247,-111.1070407,NA,-50.1025439473668,40.77055528,-111.1069696,NA,136.204456443817,40.7706107,-111.1070337,NA,-40.7508463771349,40.77056497,-111.1069642,NA,91.5818111634145
"11","SMMH",5319,"ABLA",1.1,9.9,1.2,0,"0",1,1,1,1,"0","0","0","0",NA,NA,0,0,"0","0","0","0",0,0,0,0,"0","0","0",NA,0,0,0,0,"0","0","0",NA,0,0,0,0,"0","0","0",NA,0,0,0,0,"0","0","0",NA,0,0,0,0,"0","0","0",NA,0,0,0,0,"0","0","0",NA,NA,NA,NA,NA,1,2,3,4,NA,NA,NA,NA,0,0,0,0,0,"SMMH5319",335,5319,NA,"Point",2326.978,NA,0.0975301277365491,0,0,0,0,"SMMH_5319_640","SMMH_5574_856",6.67506884139383,"SMMH_5317_638",0.875385027471538,"SMMH_5575_857",7.02426922998445,"SMMH_5317_638",0.875385027471538,NA,40.77055832,-111.106987,40.77060247,-111.1070407,NA,-42.7597834213578,40.77056535,-111.1069823,NA,26.9433485343199,40.7706107,-111.1070337,NA,-34.1300613590074,40.77056535,-111.1069823,NA,26.9433485343199
"12","SMMH",5320,"ABLA",NA,7.6,NA,0,"0",1,1,1,1,"0","0","0","0",NA,NA,0,0,"0","0","0","0",0,0,0,0,"0","0","0",NA,0,0,0,0,"0","0","0",NA,0,0,0,0,"0","0","0",NA,0,0,0,0,"0","0","0",NA,0,0,0,0,"0","0","0",NA,0,0,0,0,"0","0","0",NA,NA,NA,NA,NA,1,2,3,4,NA,NA,NA,NA,0,0,0,0,0,"SMMH5320",343,5320,NA,"Point",2326.509,NA,0.0962288469106454,0,0,0,0,"SMMH_5320_641","SMMH_5574_856",8.44813260374572,"SMMH_5328_644",1.29136142942234,"SMMH_5575_857",8.90800052276535,"SMMH_5328_644",1.29136142942234,NA,40.77054044,-111.1069827,40.77060247,-111.1070407,NA,-35.4076742255641,40.77054026,-111.106998,NA,-90.8865543738102,40.7706107,-111.1070337,NA,-28.8922018511401,40.77054026,-111.106998,NA,-90.8865543738102
"13","SMMH",5326,"ABLA",1.3,9.7,1.2,0,"0",1,1,1,1,"0","0","0","0",NA,NA,0,0,"0","0","0","0",0,0,0,0,"0","0","0",NA,0,0,0,0,"0","0","0",NA,0,0,0,0,"0","0","0",NA,0,0,0,0,"0","0","0",NA,0,0,0,0,"0","0","0",NA,0,0,0,0,"0","0","0",NA,NA,NA,NA,NA,1,2,3,4,NA,NA,NA,NA,0,0,0,0,0,"SMMH5326",341,5326,NA,"Point",2326.188,NA,0.0964277899176277,0,0,0,0,"SMMH_5326_642","SMMH_5574_856",7.85516934612238,"SMMH_5328_644",1.12145725071493,"SMMH_5575_857",8.31319175195108,"SMMH_5328_644",1.12145725071493,NA,40.77054505,-111.1069863,40.77060247,-111.1070407,NA,-35.7641414320521,40.77054026,-111.106998,NA,-118.302612646401,40.7706107,-111.1070337,NA,-28.7629981115307,40.77054026,-111.106998,NA,-118.302612646401
"14","SMMH",5327,"ABLA",1.2,10.2,0,0,"0",1,1,1,1,"0","0","0","0",NA,NA,0,0,"0","0","0","0",0,0,0,0,"0","0","0",NA,0,0,0,0,"0","0","0",NA,0,0,0,0,"0","0","0",NA,0,0,0,0,"0","0","0",NA,0,0,0,0,"0","0","0",NA,0,0,0,0,"0","0","0",NA,NA,NA,NA,NA,1,2,3,4,NA,NA,NA,NA,0,0,0,0,0,"SMMH5327",342,5327,NA,"Point",2325.858,NA,0.0972981463500437,0,0,0,0,"SMMH_5327_643","SMMH_5574_856",6.8867202394192,"SMMH_5317_638",1.1462730499489,"SMMH_5575_857",7.26320341703725,"SMMH_5317_638",1.1462730499489,NA,40.77055569,-111.1069871,40.77060247,-111.1070407,NA,-41.0589414670907,40.77056535,-111.1069823,NA,20.6949590978254,40.7706107,-111.1070337,NA,-32.7826800190405,40.77056535,-111.1069823,NA,20.6949590978254
"15","SMMH",5328,"ABLA",3.5,23.4,4.5,0,"0",1,1,1,1,"0","BO","0","BO",NA,NA,0,0,"0","0","0","0",0,1,0,1,"0","0","0",NA,0,1,0,1,"0","0","0",NA,0,0,0,1,"0","0","0",NA,0,0,0,1,"0","0","0",NA,0,0,0,0,"0","0","0",NA,0,0,0,0,"0","0","0",NA,"Rot in Area","Rot in Area","Rot in Area","Rot in Area",1,2,3,4,NA,NA,NA,NA,0,1,0,1,1,"SMMH5328",344,5328,NA,"Point",2325.673,NA,0.0953894126500269,0,1,0,1,"SMMH_5328_644","SMMH_5574_856",7.78931375883418,"SMMH_5315_636",2.91963874027924,"SMMH_5575_857",8.37955856540115,"SMMH_5317_638",3.08422114242419,NA,40.77054026,-111.106998,40.77060247,-111.1070407,NA,-27.5568693189001,40.77055528,-111.1069696,NA,55.1756065800827,40.7706107,-111.1070337,NA,-21.0721412352062,40.77056535,-111.1069823,NA,25.4418071478747
"16","SMMH",5331,"ABLA",2.2,18.4,1.3,0,"0",1,1,1,1,"0","0","0","0",NA,NA,0,0,"0","0","0","0",0,0,0,0,"0","0","0",NA,0,0,0,0,"0","0","0",NA,0,0,0,0,"0","0","0",NA,0,0,0,0,"0","0","0",NA,0,0,0,0,"0","0","0",NA,0,0,0,0,"0","0","0",NA,NA,NA,NA,NA,1,2,3,4,NA,NA,NA,NA,0,0,0,0,0,"SMMH5331",346,5331,NA,"Point",2325.567,NA,0.0946244260829902,0,0,0,0,"SMMH_5331_645","SMMH_5574_856",7.48082726793041,"SMMH_5328_644",1.06260340617625,"SMMH_5575_857",8.1844965897425,"SMMH_5328_644",1.06260340617625,NA,40.77053911,-111.1070105,40.77060247,-111.1070407,NA,-19.9190096064556,40.77054026,-111.106998,NA,83.1000977244644,40.7706107,-111.1070337,NA,-13.8405885521073,40.77054026,-111.106998,NA,83.1000977244644
"17","SMMH",5332,"ABLA",NA,3.6,NA,0,"0",1,1,1,1,"0","0","0","0",NA,NA,0,0,"0","0","0","0",0,0,0,0,"0","0","0",NA,0,0,0,0,"0","0","0",NA,0,0,0,0,"0","0","0",NA,0,0,0,0,"0","0","0",NA,0,0,0,0,"0","0","0",NA,0,0,0,0,"0","0","0",NA,"1 Dead","1 Dead","1 Dead","1 Dead",1,2,3,4,NA,NA,NA,NA,0,0,0,0,0,"SMMH5332",347,5332,NA,"Point",2326.232,NA,0.0942894022633765,0,0,0,0,"SMMH_5332_646","SMMH_5574_856",7.30147410253,"SMMH_5328_644",1.60769011273549,"SMMH_5575_857",8.0599355720588,"SMMH_5328_644",1.60769011273549,NA,40.77053921,-111.107017,40.77060247,-111.1070407,NA,-15.8983413118284,40.77054026,-111.106998,NA,85.8424774644829,40.7706107,-111.1070337,NA,-10.0704725691144,40.77054026,-111.106998,NA,85.8424774644829
"18","SMMH",5333,"ABLA",2.4,15.9,2.1,0,"0",1,1,1,1,"0","0","0","0",NA,1,0,0,"0","0","0","0",0,0,0,0,"0","0","0",NA,0,0,0,0,"0","0","0",NA,0,0,0,0,"0","0","0",NA,0,0,0,0,"0","0","0",NA,0,0,0,0,"0","0","0",NA,0,0,0,0,"0","0","0",NA,NA,NA,NA,NA,1,2,3,4,NA,NA,NA,NA,0,0,0,0,0,"SMMH5333",348,5333,NA,"Point",2326.43,NA,0.093827018097994,0,0,0,0,"SMMH_5333_647","SMMH_5574_856",7.37938057649223,"SMMH_5328_644",2.1168783501032,"SMMH_5575_857",8.18851139632964,"SMMH_5328_644",2.1168783501032,NA,40.7705374,-111.1070228,40.77060247,-111.1070407,NA,-11.8124693735876,40.77054026,-111.106998,NA,81.3746251271095,40.7706107,-111.1070337,NA,-6.45009048332916,40.77054026,-111.106998,NA,81.3746251271095
"19","SMMH",5335,"ABLA",1.6,13.7,2.2,0,"0",1,1,1,1,"0","0","0","0",NA,NA,0,0,"0","0","0","0",0,0,0,0,"0","0","0",NA,0,0,0,0,"0","0","0",NA,0,0,0,0,"0","0","0",NA,0,0,0,0,"0","0","0",NA,0,0,0,0,"0","0","0",NA,0,0,0,0,"0","0","0",NA,NA,NA,NA,NA,1,2,3,4,NA,NA,NA,NA,0,0,0,0,0,"SMMH5335",350,5335,NA,"Point",2325.872,NA,0.0943740630283899,0,0,0,0,"SMMH_5335_648","SMMH_5574_856",6.9704103807338,"SMMH_5328_644",1.83046910695236,"SMMH_5575_857",7.74465657812934,"SMMH_5328_644",1.83046910695236,NA,40.77054176,-111.1070196,40.77060247,-111.1070407,NA,-14.8010246784369,40.77054026,-111.106998,NA,95.2190907903022,40.7706107,-111.1070337,NA,-8.83826932527104,40.77054026,-111.106998,NA,95.2190907903022
"20","SMMH",5338,"ABLA",1.4,11.4,2.7,0,"0",1,1,1,1,"0","0","0","0",NA,NA,0,0,"0","0","0","0",0,0,0,0,"0","0","0",NA,0,0,0,0,"0","0","0",NA,0,0,0,0,"0","0","0",NA,0,0,0,0,"0","0","0",NA,0,0,0,0,"0","0","0",NA,0,0,0,0,"0","0","0",NA,NA,NA,NA,NA,1,2,3,4,NA,NA,NA,NA,0,0,0,0,0,"SMMH5338",353,5338,NA,"Point",2326.352,NA,0.0937062857408563,0,0,0,0,"SMMH_5338_649","SMMH_5574_856",7.04079424832652,"SMMH_5328_644",2.60852614049925,"SMMH_5575_857",7.89398741762431,"SMMH_5328_644",2.60852614049925,NA,40.77053968,-111.1070289,40.77060247,-111.1070407,NA,-8.13103230135494,40.77054026,-111.106998,NA,88.5856860730488,40.7706107,-111.1070337,NA,-2.94145465039055,40.77054026,-111.106998,NA,88.5856860730488
"21","SMMH",5340,"ABLA",1.9,15.1,0,0,"0",1,1,1,1,"0","0","0","0",NA,NA,0,0,"0","0","0","0",0,0,0,0,"0","0","0",NA,0,0,0,0,"0","0","0",NA,0,0,0,0,"0","0","0",NA,0,0,0,0,"0","0","0",NA,0,0,0,0,"0","0","0",NA,0,0,0,0,"0","0","0",NA,NA,NA,NA,NA,1,2,3,4,NA,NA,NA,NA,0,0,0,0,0,"SMMH5340",355,5340,NA,"Point",2327.256,NA,0.0932117059174129,0,0,0,0,"SMMH_5340_650","SMMH_5574_856",7.28283084645488,"SMMH_5328_644",3.05882916915853,"SMMH_5575_857",8.17445975044682,"SMMH_5328_644",3.05882916915853,NA,40.77053706,-111.107034,40.77060247,-111.1070407,NA,-4.45285412369455,40.77054026,-111.106998,NA,83.3312821545697,40.7706107,-111.1070337,NA,0.177455492516398,40.77054026,-111.106998,NA,83.3312821545697
"22","SMMH",5341,"ABLA",1.4,12.5,0,0,"0",1,1,1,1,"0","0","0","0",NA,NA,0,0,"0","0","0","0",0,0,0,0,"0","0","0",NA,0,0,0,0,"0","0","0",NA,0,0,0,0,"0","0","0",NA,0,0,0,0,"0","0","0",NA,0,0,0,0,"0","0","0",NA,0,0,0,0,"0","0","0",NA,NA,NA,NA,NA,1,2,3,4,NA,NA,NA,NA,0,0,0,0,0,"SMMH5341",356,5341,NA,"Point",2328.271,NA,0.0932266872179998,0,0,0,0,"SMMH_5341_651","SMMH_5532_828",6.67456561174323,"SMMH_5328_644",3.58781249762057,"SMMH_5575_857",7.75056431899766,"SMMH_5328_644",3.58781249762057,NA,40.77054107,-111.1070405,40.77057397,-111.1071067,NA,-56.8274333396073,40.77054026,-111.106998,NA,91.4360262635248,40.7706107,-111.1070337,NA,4.24619337390662,40.77054026,-111.106998,NA,91.4360262635248
"23","SMMH",5342,"ABLA",1.7,14.2,0,0,"0",1,1,1,1,"0","0","0","0",NA,1,0,0,"0","0","0","0",0,0,0,0,"0","0","0",NA,0,0,0,0,"0","0","0",NA,0,0,0,0,"0","0","0",NA,0,0,0,0,"0","0","0",NA,0,0,0,0,"0","0","0",NA,0,0,0,0,"0","0","0",NA,NA,NA,NA,NA,1,2,3,4,NA,NA,NA,NA,0,0,0,0,0,"SMMH5342",357,5342,NA,"Point",2327.795,NA,0.093719846464046,0,0,0,0,"SMMH_5342_652","SMMH_5574_856",6.9160367604556,"SMMH_5328_644",2.72626101793798,"SMMH_5575_857",7.77898561105715,"SMMH_5328_644",2.72626101793798,NA,40.77054067,-111.1070303,40.77060247,-111.1070407,NA,-7.29080233484812,40.77054026,-111.106998,NA,90.956527868155,40.7706107,-111.1070337,NA,-2.11388345977623,40.77054026,-111.106998,NA,90.956527868155
"24","SMMH",5344,"ABLA",1.5,13.7,0,0,"0",1,1,1,1,"0","0","0","0",NA,NA,0,0,"0","0","0","0",0,0,0,0,"0","0","0",NA,0,0,0,0,"0","0","0",NA,0,0,0,0,"0","0","0",NA,0,0,0,0,"0","0","0",NA,0,0,0,0,"0","0","0",NA,0,0,0,0,"0","0","0",NA,NA,NA,NA,NA,1,2,3,4,NA,NA,NA,NA,0,0,0,0,0,"SMMH5344",359,5344,NA,"Point",2325.695,NA,0.0929409442960484,0,0,0,0,"SMMH_5344_653","SMMH_5532_828",7.0068275703682,"SMMH_5328_644",3.50291045368447,"SMMH_5575_857",8.18252961726838,"SMMH_5328_644",3.50291045368447,NA,40.77053711,-111.1070393,40.77057397,-111.1071067,NA,-54.2709950013143,40.77054026,-111.106998,NA,84.271086560489,40.7706107,-111.1070337,NA,3.31107300548156,40.77054026,-111.106998,NA,84.271086560489
"25","SMMH",5346,"ABLA",2.4,18.3,3,0,"0",1,1,1,1,"0","0","0","0",NA,NA,0,0,"0","0","0","0",0,0,0,0,"0","0","0",NA,0,0,0,0,"0","0","0",NA,0,0,0,0,"0","0","0",NA,0,0,0,0,"0","0","0",NA,0,0,0,0,"0","0","0",NA,0,0,0,0,"0","0","0",NA,NA,NA,NA,NA,1,2,3,4,NA,NA,NA,NA,0,0,0,0,0,"SMMH5346",361,5346,NA,"Point",2327.844,NA,0.0941329866683516,0,0,0,0,"SMMH_5346_654","SMMH_5574_856",7.61788867678064,"SMMH_5328_644",1.54134638564188,"SMMH_5575_857",8.37156973479672,"SMMH_5328_644",1.54134638564188,NA,40.77053655,-111.1070156,40.77060247,-111.1070407,NA,-16.1446278243232,40.77054026,-111.106998,NA,74.5029929704611,40.7706107,-111.1070337,NA,-10.5132750166103,40.77054026,-111.106998,NA,74.5029929704611
"26","SMMH",5347,"ABLA",1,11.5,3,0,"0",1,1,1,1,"0","0","0","0",NA,NA,0,0,"0","0","0","0",0,0,0,0,"0","0","0",NA,0,0,0,0,"0","0","0",NA,0,0,0,0,"0","0","0",NA,0,0,0,0,"0","0","0",NA,0,0,0,0,"0","0","0",NA,0,0,0,0,"0","0","0",NA,NA,NA,NA,NA,1,2,3,4,NA,NA,NA,NA,0,0,0,0,0,"SMMH5347",NA,5347,NA,"Point",2327.367,NA,0.0960767352113091,0,0,0,0,"SMMH_5347_655","SMMH_5574_856",4.36228687002125,"SMMH_5328_644",3.59847206729029,"SMMH_5575_857",5.13416850900771,"SMMH_5328_644",3.59847206729029,NA,40.77056484,-111.1070258,40.77060247,-111.1070407,NA,-16.7534816483398,40.77054026,-111.106998,NA,139.309313633141,40.7706107,-111.1070337,NA,-7.46125184368113,40.77054026,-111.106998,NA,139.309313633141
"27","SMMH",5348,"ABLA",1,11.6,0,0,"0",1,1,1,1,"0","0","0","0",NA,NA,0,0,"0","0","0","0",0,0,0,0,"0","0","0",NA,0,0,0,0,"0","0","0",NA,0,0,0,0,"0","0","0",NA,0,0,0,0,"0","0","0",NA,0,0,0,0,"0","0","0",NA,0,0,0,0,"0","0","0",NA,NA,NA,NA,NA,1,2,3,4,NA,NA,NA,NA,0,0,0,0,0,"SMMH5348",362,5348,NA,"Point",2327.367,NA,0.0960767352113091,0,0,0,0,"SMMH_5348_656","SMMH_5574_856",4.36228687002125,"SMMH_5328_644",3.59847206729029,"SMMH_5575_857",5.13416850900771,"SMMH_5328_644",3.59847206729029,NA,40.77056484,-111.1070258,40.77060247,-111.1070407,NA,-16.7534816483398,40.77054026,-111.106998,NA,139.309313633141,40.7706107,-111.1070337,NA,-7.46125184368113,40.77054026,-111.106998,NA,139.309313633141
"28","SMMH",5349,"ABLA",1.9,13.2,0,0,"0",1,1,1,1,"0","0","0","0",NA,NA,0,0,"0","0","0","0",0,0,0,0,"0","0","0",NA,0,0,0,0,"0","0","0",NA,0,0,0,0,"0","0","0",NA,0,0,0,0,"0","0","0",NA,0,0,0,0,"0","0","0",NA,0,0,0,0,"0","0","0",NA,NA,NA,NA,NA,1,2,3,4,NA,NA,NA,NA,0,0,0,0,0,"SMMH5349",363,5349,NA,"Point",2324.562,NA,0.0948611825347095,0,0,0,0,"SMMH_5349_657","SMMH_5574_856",5.41003643703282,"SMMH_5328_644",3.21135135617346,"SMMH_5575_857",6.26840475278041,"SMMH_5328_644",3.21135135617346,NA,40.77055426,-111.1070313,40.77060247,-111.1070407,NA,-8.43185261864588,40.77054026,-111.106998,NA,118.942444556946,40.7706107,-111.1070337,NA,-1.85163922062421,40.77054026,-111.106998,NA,118.942444556946
"29","SMMH",5350,"ABLA",NA,5.3,NA,0,"0",1,1,1,1,"0","0","0","0",NA,NA,0,0,"0","0","0","0",0,0,0,0,"0","0","0",NA,0,0,0,0,"0","0","0",NA,0,0,0,0,"0","0","0",NA,0,0,0,0,"0","0","0",NA,0,0,0,0,"0","0","0",NA,0,0,0,0,"0","0","0",NA,NA,NA,NA,NA,1,2,3,4,NA,NA,NA,NA,0,0,0,0,0,"SMMH5350",364,5350,NA,"Point",2321.948,NA,0.0962801534358172,0,0,0,0,"SMMH_5350_658","SMMH_5574_856",6.66929892666492,"SMMH_5328_644",1.23409946047359,"SMMH_5575_857",7.20385448078091,"SMMH_5328_644",1.23409946047359,NA,40.77055134,-111.1069992,40.77060247,-111.1070407,NA,-31.6774076552341,40.77054026,-111.106998,NA,175.292972537957,40.7706107,-111.1070337,NA,-23.8387768456749,40.77054026,-111.106998,NA,175.292972537957
"30","SMMH",5351,"ABLA",NA,7.7,NA,0,"0",1,1,1,1,"0","0","0","0",NA,NA,0,0,"0","0","0","0",0,0,0,0,"0","0","0",NA,0,0,0,0,"0","0","0",NA,0,0,0,0,"0","0","0",NA,0,0,0,0,"0","0","0",NA,0,0,0,0,"0","0","0",NA,0,0,0,0,"0","0","0",NA,NA,NA,NA,NA,1,2,3,4,NA,NA,NA,NA,0,0,0,0,0,"SMMH5351",365,5351,NA,"Point",2320.192,NA,0.097450308965493,0,0,0,0,"SMMH_5351_659","SMMH_5574_856",3.60965314746784,"SMMH_5317_638",3.1396447235646,"SMMH_5575_857",4.16660515394987,"SMMH_5317_638",3.1396447235646,NA,40.77057535,-111.1070171,40.77060247,-111.1070407,NA,-33.4878665631608,40.77056535,-111.1069823,NA,110.705182812062,40.7706107,-111.1070337,NA,-19.6470311859398,40.77056535,-111.1069823,NA,110.705182812062
"31","SMMH",5352,"ABLA",1.3,11.1,0,0,"0",1,1,1,1,"0","0","0","0",NA,NA,0,0,"0","0","0","0",0,0,0,0,"0","0","0",NA,0,0,0,0,"0","0","0",NA,0,0,0,0,"0","0","0",NA,0,0,0,0,"0","0","0",NA,0,0,0,0,"0","0","0",NA,0,0,0,0,"0","0","0",NA,NA,NA,NA,NA,1,2,3,4,NA,NA,NA,NA,0,0,0,0,0,"SMMH5352",366,5352,NA,"Point",2322.674,NA,0.0979244795557331,0,0,0,0,"SMMH_5352_660","SMMH_5574_856",3.16222205465213,"SMMH_5317_638",3.36400163574587,"SMMH_5575_857",3.64007108876652,"SMMH_5360_675",3.22510503630542,NA,40.77058053,-111.1070168,40.77060247,-111.1070407,NA,-39.6306979720497,40.77056535,-111.1069823,NA,120.06014096221,40.7706107,-111.1070337,NA,-23.0674649772246,40.77060912,-111.1070236,NA,-10.2496839062368
"32","SMMH",5324,"ABLA",1.3,9.9,0.9,0,"0",1,1,1,1,"0","0","0","0",NA,NA,0,0,"0","0","0","0",0,0,0,0,"0","0","0",NA,0,0,0,0,"0","0","0",NA,0,0,0,0,"0","0","0",NA,0,0,0,0,"0","0","0",NA,0,0,0,0,"0","0","0",NA,0,0,0,0,"0","0","0",NA,NA,NA,NA,NA,1,2,3,4,NA,NA,NA,NA,0,0,0,0,0,"SMMH5324",373,5324,NA,"Point",2328.513,NA,0.0994720922027435,0,0,0,0,"SMMH_5324_661","SMMH_5574_856",3.37403483119096,"SMMH_5317_638",3.34257478470058,"SMMH_5575_857",3.36272717275828,"SMMH_5360_675",2.64479847328869,NA,40.77059059,-111.1070039,40.77060247,-111.1070407,NA,-66.9925909308878,40.77056535,-111.1069823,NA,146.951284398944,40.7706107,-111.1070337,NA,-48.4065698713475,40.77060912,-111.1070236,NA,-38.9472500682556
"33","SMMH",5322,"ABLA",2.9,20.1,0,0,"0",1,1,1,1,"0","0","0","0",NA,NA,0,0,"0","0","0","0",0,0,0,0,"0","0","0",NA,0,0,0,0,"0","0","0",NA,0,0,0,0,"0","0","0",NA,0,0,0,0,"0","0","0",NA,0,0,0,0,"0","0","0",NA,0,0,0,0,"0","0","0",NA,NA,NA,NA,NA,1,2,3,4,NA,NA,NA,NA,0,0,0,0,0,"SMMH5322",372,5322,NA,"Point",2326.636,NA,0.0999261152813024,0,0,0,0,"SMMH_5322_662","SMMH_5574_856",5.81592870019437,"SMMH_5317_638",1.72519273703012,"SMMH_5575_857",5.76286860613749,"SMMH_5317_638",1.72519273703012,NA,40.77058056,-111.1069781,40.77060247,-111.1070407,NA,-65.2800460420802,40.77056535,-111.1069823,NA,-168.143887147061,40.7706107,-111.1070337,NA,-54.509983944835,40.77056535,-111.1069823,NA,-168.143887147061
"34","SMMH",5323,"ABLA",1.5,12.6,2.2,0,"0",1,1,1,1,"0","0","0","0",NA,NA,0,0,"0","0","0","0",0,0,0,0,"0","0","0",NA,0,0,0,0,"0","0","0",NA,0,0,0,0,"0","0","0",NA,0,0,0,0,"0","0","0",NA,0,0,0,0,"0","0","0",NA,0,0,0,0,"0","0","0",NA,NA,NA,NA,NA,1,2,3,4,NA,NA,NA,NA,0,0,0,0,0,"SMMH5323",375,5323,NA,"Point",2328.265,NA,0.0994568336318596,0,0,0,0,"SMMH_5323_663","SMMH_5574_856",2.23126884423706,"SMMH_5502_801",4.30445419896097,"SMMH_5575_857",2.18203790188033,"SMMH_5360_675",1.52764546377875,NA,40.77059689,-111.1070153,40.77060247,-111.1070407,NA,-73.8827443831183,40.77062206,-111.1070541,NA,-49.526577103049,40.7706107,-111.1070337,NA,-45.3683886399829,40.77060912,-111.1070236,NA,-27.2917268882624
"35","SMMH",5325,"ABLA",NA,6.25,NA,0,"0",1,1,1,1,"0","0","0","0",1,1,0,0,"0","0","0","0",0,0,0,0,"0","0","0",NA,0,0,0,0,"0","0","0",NA,0,0,0,0,"0","0","0",NA,0,0,0,0,"0","0","0",NA,0,0,0,0,"0","0","0",NA,0,0,0,0,"0","0","0",NA,NA,NA,NA,NA,1,2,3,4,NA,NA,NA,NA,0,0,0,0,0,"SMMH5325",374,5325,NA,"Point",2328.086,NA,0.099098087713829,0,0,0,0,"SMMH_5325_664","SMMH_5574_856",1.63551306259345,"SMMH_5502_801",3.8411301566157,"SMMH_5575_857",1.78077024430551,"SMMH_5360_675",1.34641660931508,NA,40.77059701,-111.1070227,40.77060247,-111.1070407,NA,-68.2486103821815,40.77062206,-111.1070541,NA,-43.6207269256181,40.7706107,-111.1070337,NA,-31.419573940305,40.77060912,-111.1070236,NA,-3.23385267639317
"36","SMMH",5329,"ABLA",2.8,20.6,1.5,0,"0",1,1,1,1,"0","0","0","0",NA,NA,0,0,"0","0","0","0",0,0,0,0,"0","0","0",NA,0,0,0,0,"0","0","0",NA,0,0,0,0,"0","0","0",NA,0,0,0,0,"0","0","0",NA,0,0,0,0,"0","0","0",NA,0,0,0,0,"0","0","0",NA,NA,NA,NA,NA,1,2,3,4,NA,NA,NA,NA,0,0,0,0,0,"SMMH5329",376,5329,NA,"Point",2328.024,NA,0.0997230608374196,0,0,0,0,"SMMH_5329_665","SMMH_5574_856",2.45296143284148,"SMMH_5502_801",4.4226506832944,"SMMH_5575_857",2.28891883356596,"SMMH_5360_675",1.55365956999052,NA,40.77059813,-111.1070122,40.77060247,-111.1070407,NA,-78.6734522675341,40.77062206,-111.1070541,NA,-53.0853276423637,40.7706107,-111.1070337,NA,-52.4390898947748,40.77060912,-111.1070236,NA,-38.2600244120508
"37","SMMH",5330,"ABLA",2.8,20.5,0,1,"0",1,1,1,1,"0","0","0","0",NA,NA,0,0,"0","0","0","0",0,0,0,0,"0","0","0",NA,0,0,0,0,"0","0","0",NA,0,0,0,0,"0","0","0",NA,0,0,0,0,"0","0","0",NA,0,0,0,0,"0","0","0",NA,0,0,0,0,"0","0","0",NA,NA,NA,NA,NA,1,2,3,4,NA,NA,NA,NA,0,0,0,0,0,"SMMH5330",377,5330,NA,"Point",2328.114,NA,0.10116768331877,0,0,0,0,"SMMH_5330_666","SMMH_5574_856",3.10891695886344,"SMMH_5502_801",4.30624639673216,"SMMH_5575_857",2.38843303076583,"SMMH_5360_675",1.543345191244,NA,40.77061048,-111.1070054,40.77060247,-111.1070407,NA,-106.618643213506,40.77062206,-111.1070541,NA,-72.6320994868915,40.7706107,-111.1070337,NA,-89.4141453844274,40.77060912,-111.1070236,NA,-95.6135324003181
"38","SMMH",5334,"ABLA",NA,7.75,NA,0,"0",1,1,1,1,"0","0","0","0",NA,NA,0,0,"0","0","0","0",0,0,0,0,"0","0","0",NA,0,0,0,0,"0","0","0",NA,0,0,0,0,"0","0","0",NA,0,0,0,0,"0","0","0",NA,0,0,0,0,"0","0","0",NA,0,0,0,0,"0","0","0",NA,NA,NA,NA,NA,1,2,3,4,NA,NA,NA,NA,0,0,0,0,0,"SMMH5334",380,5334,NA,"Point",2324.92,NA,0.10343269095037,0,0,0,0,"SMMH_5334_667","SMMH_5574_856",6.25491165905074,"SMMH_5317_638",5.62074775366757,"SMMH_5575_857",5.53023756175994,"SMMH_5360_675",4.70199035635227,NA,40.77061487,-111.1069684,40.77060247,-111.1070407,NA,-102.71261075227,40.77056535,-111.1069823,NA,-167.953750374692,40.7706107,-111.1070337,NA,-94.8013635444216,40.77060912,-111.1070236,NA,-97.8017826470226
"39","SMMH",5336,"ABLA",2.2,15.6,1.9,0,"0",1,1,1,1,"0","0","0","0",NA,NA,0,0,"0","0","0","0",0,0,0,0,"0","0","0",NA,0,0,0,0,"0","0","0",NA,0,0,0,0,"0","0","0",NA,0,0,0,0,"0","0","0",NA,0,0,0,0,"0","0","0",NA,0,0,0,0,"0","0","0",NA,NA,NA,NA,NA,1,2,3,4,NA,NA,NA,NA,0,0,0,0,0,"SMMH5336",381,5336,NA,"Point",2324.122,NA,0.103933374860412,0,0,0,0,"SMMH_5336_668","SMMH_5574_856",6.91086595681423,"SMMH_5317_638",5.91955739848251,"SMMH_5575_857",6.18145484848874,"SMMH_5360_675",5.35634848584887,NA,40.77061611,-111.1069608,40.77060247,-111.1070407,NA,-102.655639255656,40.77056535,-111.1069823,NA,-162.150593936003,40.7706107,-111.1070337,NA,-95.5751440678866,40.77060912,-111.1070236,NA,-98.3292109768165
"40","SMMH",5337,"ABLA",2.3,15.7,0,0,"0",1,1,1,1,"0","0","0","0",NA,NA,0,0,"0","0","0","0",0,0,0,0,"0","0","0",NA,0,0,0,0,"0","0","0",NA,0,0,0,0,"0","0","0",NA,0,0,0,0,"0","0","0",NA,0,0,0,0,"0","0","0",NA,0,0,0,0,"0","0","0",NA,NA,NA,NA,NA,1,2,3,4,NA,NA,NA,NA,0,0,0,0,0,"SMMH5337",378,5337,NA,"Point",2327.926,NA,0.100913431330447,0,0,0,0,"SMMH_5337_669","SMMH_5574_856",3.20973149458084,"SMMH_5502_801",4.65421512677077,"SMMH_5575_857",2.63669255015588,"SMMH_5360_675",1.76664088671776,NA,40.77060629,-111.107003,40.77060247,-111.1070407,NA,-97.5915640127365,40.77062206,-111.1070541,NA,-67.9063229594932,40.7706107,-111.1070337,NA,-79.3002772605705,40.77060912,-111.1070236,NA,-79.7571687509413
"41","SMMH",5339,"ABLA",2,14.5,0,0,"0",1,1,1,1,"0","0","0","0",NA,NA,0,0,"0","0","0","0",0,0,0,0,"0","0","0",NA,0,0,0,0,"0","0","0",NA,0,0,0,0,"0","0","0",NA,0,0,0,0,"0","0","0",NA,0,0,0,0,"0","0","0",NA,0,0,0,0,"0","0","0",NA,NA,NA,NA,NA,1,2,3,4,NA,NA,NA,NA,0,0,0,0,0,"SMMH5339",379,5339,NA,"Point",2326.159,NA,0.101933102444545,0,0,0,0,"SMMH_5339_670","SMMH_5574_856",5.11190729069369,"SMMH_5317_638",4.37497454050095,"SMMH_5575_857",4.56337541533066,"SMMH_5360_675",3.69491155616689,NA,40.77060473,-111.1069802,40.77060247,-111.1070407,NA,-92.812954697844,40.77056535,-111.1069823,NA,-177.678388908954,40.7706107,-111.1070337,NA,-81.6498685617302,40.77060912,-111.1070236,NA,-82.4213078513652
"42","SMMH",5354,"ABLA",1.3,11.3,0,0,"0",1,1,1,1,"0","0","0","0",NA,1,0,0,"0","0","0","0",0,0,0,0,"0","0","0",NA,0,0,0,0,"0","0","0",NA,0,0,0,0,"0","0","0",NA,0,0,0,0,"0","0","0",NA,0,0,0,0,"0","0","0",NA,0,0,0,0,"0","0","0",NA,NA,NA,NA,NA,1,2,3,4,NA,NA,NA,NA,0,0,0,0,0,"SMMH5354",368,5354,NA,"Point",2325.814,NA,0.101302640263852,0,0,0,0,"SMMH_5354_671","SMMH_5574_856",6.99893694960024,"SMMH_5317_638",2.91569395563986,"SMMH_5575_857",6.75002740758615,"SMMH_5313_634",2.33653301050828,NA,40.77058585,-111.1069607,40.77060247,-111.1070407,NA,-74.7163105975256,40.77056535,-111.1069823,NA,-141.303441292155,40.7706107,-111.1070337,NA,-65.8791766256831,40.77056497,-111.1069642,NA,-172.737493192444
"43","SMMH",5355,"ABLA",1.4,13,1.1,0,"0",1,1,1,1,"0","0","0","0",NA,NA,0,0,"0","0","0","0",0,0,0,0,"0","0","0",NA,0,0,0,0,"0","0","0",NA,0,0,0,0,"0","0","0",NA,0,0,0,0,"0","0","0",NA,0,0,0,0,"0","0","0",NA,0,0,0,0,"0","0","0",NA,NA,NA,NA,NA,1,2,3,4,NA,NA,NA,NA,0,0,0,0,0,"SMMH5355",369,5355,NA,"Point",2329.477,NA,0.101187311082663,0,0,0,0,"SMMH_5355_672","SMMH_5574_856",4.12721382003771,"SMMH_5317_638",4.25554822841614,"SMMH_5575_857",3.63788476147274,"SMMH_5360_675",2.76833317804776,NA,40.770603,-111.1069918,40.77060247,-111.1070407,NA,-90.8167534057336,40.77056535,-111.1069823,NA,169.140792541581,40.7706107,-111.1070337,NA,-76.4110067072196,40.77060912,-111.1070236,NA,-75.7944589565954
"44","SMMH",5356,"ABLA",NA,7.5,NA,0,"0",1,1,1,1,"0","0","0","0",NA,NA,0,0,"0","0","0","0",0,0,0,0,"0","0","0",NA,0,0,0,0,"0","0","0",NA,0,0,0,0,"0","0","0",NA,0,0,0,0,"0","0","0",NA,0,0,0,0,"0","0","0",NA,0,0,0,0,"0","0","0",NA,NA,"Rot in area","Rot in area","Rot in area",1,2,3,4,NA,NA,NA,NA,0,0,0,0,0,"SMMH5356",370,5356,NA,"Point",2328.21,NA,0.100645483750709,0,0,0,0,"SMMH_5356_673","SMMH_5574_856",4.63619683028566,"SMMH_5317_638",3.2061075344884,"SMMH_5575_857",4.3620410504729,"SMMH_5317_638",3.2061075344884,NA,40.77059402,-111.1069869,40.77060247,-111.1070407,NA,-78.3273443501569,40.77056535,-111.1069823,NA,173.045377454987,40.7706107,-111.1070337,NA,-64.8827096232084,40.77056535,-111.1069823,NA,173.045377454987
"45","SMMH",5358,"ABLA",1.6,15.1,1.1,0,"0",1,1,1,1,"0","0","0","0",NA,NA,0,0,"0","0","0","0",0,0,0,0,"0","0","0",NA,0,0,0,0,"0","0","0",NA,0,0,0,0,"0","0","0",NA,0,0,0,0,"0","0","0",NA,0,0,0,0,"0","0","0",NA,0,0,0,0,"0","0","0",NA,NA,"Rot in area","Rot in area","Rot in area",1,2,3,4,NA,NA,NA,NA,0,0,0,0,0,"SMMH5358",371,5358,NA,"Point",2327.308,NA,0.0998862419035557,0,0,0,0,"SMMH_5358_674","SMMH_5574_856",3.94146310220168,"SMMH_5317_638",3.0891938874563,"SMMH_5575_857",3.82595703180959,"SMMH_5360_675",3.045706072097,NA,40.770591,-111.1069965,40.77060247,-111.1070407,NA,-71.1534363960702,40.77056535,-111.1069823,NA,157.174572059276,40.7706107,-111.1070337,NA,-55.1402167178718,40.77060912,-111.1070236,NA,-48.668869533168
"46","SMMH",5360,"ABLA",1,11.6,0,0,"0",1,1,1,1,"0","0","0","BO",NA,1,1,1,"0","0","0","0",0,0,0,0,"0","0","0",NA,0,0,0,1,"0","0","0",NA,0,0,0,0,"0","0","0",NA,0,0,0,0,"0","0","0",NA,0,0,0,1,"0","0","0",NA,0,0,0,0,"0","0","0",NA,NA,NA,NA,NA,1,2,3,4,NA,NA,NA,NA,0,0,0,1,1,"SMMH5360",383,5360,NA,"Point",2326.751,NA,0.1001433535666,0,0,0,1,"SMMH_5360_675","SMMH_5574_856",1.62095303075839,"SMMH_5502_801",2.94764212450592,"SMMH_5575_857",0.870221867045174,"SMMH_5502_801",2.94764212450592,NA,40.77060912,-111.1070236,40.77060247,-111.1070407,NA,-117.090761948254,40.77062206,-111.1070541,NA,-60.8362530849292,40.7706107,-111.1070337,NA,-78.3727227887808,40.77062206,-111.1070541,NA,-60.8362530849292
"47","SMMH",5361,"ABLA",1.7,11.8,0,0,"0",1,1,1,1,"0","0","0","0",NA,1,0,0,"0","0","0","0",0,0,0,0,"0","0","0",NA,0,0,0,0,"0","0","0",NA,0,0,0,0,"0","0","0",NA,0,0,0,0,"0","0","0",NA,0,0,0,0,"0","0","0",NA,0,0,0,0,"0","0","0",NA,NA,NA,NA,NA,1,2,3,4,NA,NA,NA,NA,0,0,0,0,0,"SMMH5361",384,5361,NA,"Point",2328.032,NA,0.100432887668817,0,0,0,0,"SMMH_5361_676","SMMH_5574_856",1.73601209516406,"SMMH_5502_801",2.42927511384178,"SMMH_5575_857",0.676722322862608,"SMMH_5360_675",0.647392094343041,NA,40.77061427,-111.1070272,40.77060247,-111.1070407,NA,-138.983700168167,40.77062206,-111.1070541,NA,-69.1475605722299,40.7706107,-111.1070337,NA,-125.845371792116,40.77060912,-111.1070236,NA,152.011939075877
"48","SMMH",5362,"ABLA",1.8,14.5,0,0,"0",1,1,1,1,"0","0","0","0",NA,1,0,0,"0","0","0","0",0,0,0,0,"0","0","0",NA,0,0,0,0,"0","0","0",NA,0,0,0,0,"0","0","0",NA,0,0,0,0,"0","0","0",NA,0,0,0,0,"0","0","0",NA,0,0,0,0,"0","0","0",NA,NA,NA,NA,NA,1,2,3,4,NA,NA,NA,NA,0,0,0,0,0,"SMMH5362",385,5362,NA,"Point",2326.853,NA,0.102631816934224,0,0,0,0,"SMMH_5362_677","SMMH_5496_795",0.984055282653968,"SMMH_5496_795",0.984055282653968,"SMMH_5496_795",0.984055282653968,"SMMH_5494_793",1.74089076010614,NA,40.77064735,-111.1070447,40.77063863,-111.1070468,NA,-169.624661079261,40.77063863,-111.1070468,NA,-169.624661079261,40.77063863,-111.1070468,NA,-169.624661079261,40.77064295,-111.1070645,NA,-106.293569913407
"49","SMMH",5363,"ABLA",1.5,11.5,0,0,"0",1,1,1,1,"0","0","0","0",NA,NA,0,0,"0","0","0","0",0,0,0,0,"0","0","0",NA,0,0,0,0,"0","0","0",NA,0,0,0,0,"0","0","0",NA,0,0,0,0,"0","0","0",NA,0,0,0,0,"0","0","0",NA,0,0,0,0,"0","0","0",NA,NA,NA,NA,NA,1,2,3,4,NA,NA,NA,NA,0,0,0,0,0,"SMMH5363",386,5363,NA,"Point",2325.348,NA,0.103413595060261,0,0,0,0,"SMMH_5363_678","SMMH_5496_795",1.88818669245292,"SMMH_5373_688",1.56140416838125,"SMMH_5496_795",1.88818669245292,"SMMH_5500_799",2.90326124625028,NA,40.77064697,-111.1070273,40.77063863,-111.1070468,NA,-119.360475372199,40.77066072,-111.1070234,NA,12.1687339270991,40.77063863,-111.1070468,NA,-119.360475372199,40.77063146,-111.107055,NA,-126.371557238145
"50","SMMH",5364,"ABLA",1.6,11.3,0,0,"0",1,1,1,1,"0","0","0","0",NA,1,0,1,"0","0","0","0",0,0,0,0,"0","0",NA,NA,0,0,0,0,"0","0","0",NA,0,0,0,0,"0","0","0",NA,0,0,0,0,"0","0",NA,NA,0,0,0,0,"0","0","0",NA,0,0,0,0,"0","0","0",NA,NA,NA,"low under snow","low under snow",1,2,3,4,NA,NA,NA,NA,0,0,0,0,0,"SMMH5364",387,5364,NA,"Point",2324.206,NA,0.103205892213218,0,0,0,0,"SMMH_5364_679","SMMH_5367_682",1.31718364824644,"SMMH_5494_793",1.9540478513197,"SMMH_5494_793",1.9540478513197,"SMMH_5367_682",1.31718364824644,NA,40.77065963,-111.1070571,40.7706577,-111.1070725,NA,-99.3607427321782,40.77064295,-111.1070645,NA,-161.361554087166,40.77064295,-111.1070645,NA,-161.361554087166,40.7706577,-111.1070725,NA,-99.3607427321782
"51","SMMH",5365,"ABLA",1.3,11.5,0,0,"0",1,1,1,1,"0","0","0","0",NA,1,0,0,"0","0","0","0",0,0,0,0,"0","0",NA,NA,0,0,0,0,"0","0","0",NA,0,0,0,0,"0","0","0",NA,0,0,0,0,"0","0",NA,NA,0,0,0,0,"0","0","0",NA,0,0,0,0,"0","0","0",NA,NA,NA,"low under snow","low under snow",1,2,3,4,NA,NA,NA,NA,0,0,0,0,0,"SMMH5365",388,5365,NA,"Point",2325.003,NA,0.102667656256216,0,0,0,0,"SMMH_5365_680","SMMH_5496_795",1.48854523108146,"SMMH_5494_793",1.40680287558913,"SMMH_5494_793",1.40680287558913,"SMMH_5494_793",1.40680287558913,NA,40.77065142,-111.1070521,40.77063863,-111.1070468,NA,162.513481106127,40.77064295,-111.1070645,NA,-131.93858545094,40.77064295,-111.1070645,NA,-131.93858545094,40.77064295,-111.1070645,NA,-131.93858545094
"52","SMMH",5366,"ABLA",3.7,5.5,0,0,"0",1,1,1,1,"0","0","0","0",NA,NA,0,0,"0","0","0","0",0,0,0,0,"0","0","0",NA,0,0,0,0,"0","0","0",NA,0,0,0,0,"0","0","0",NA,0,0,0,0,"0","0","0",NA,0,0,0,0,"0","0","0",NA,0,0,0,0,"0","0","0",NA,"Cut","Cut","Cut","Cut",1,2,3,4,NA,NA,NA,NA,0,0,0,0,0,"SMMH5366",389,5366,NA,"Point",2324.849,NA,0.104276960299343,0,0,0,0,"SMMH_5366_681","SMMH_5496_795",3.99122399218355,"SMMH_5373_688",2.89380331432015,"SMMH_5496_795",3.99122399218355,"SMMH_5360_675",4.15843197383257,NA,40.77064188,-111.1069997,40.77063863,-111.1070468,NA,-95.1860294324415,40.77066072,-111.1070234,NA,-43.7225512993429,40.77063863,-111.1070468,NA,-95.1860294324415,40.77060912,-111.1070236,NA,-150.985295897446
"53","SMMH",5367,"ABLA",NA,5.6,0,0,"0",1,1,1,1,"BO","0","0","BO",NA,NA,0,0,"0","0","0","0",0,0,0,1,"0","0","0",NA,1,0,0,0,"0","0","0",NA,0,0,0,0,"0","0","0",NA,0,0,0,0,"0","0","0",NA,0,0,0,0,"0","0","0",NA,0,0,0,0,"0","0","0",NA,NA,NA,NA,NA,1,2,3,4,NA,NA,NA,NA,1,0,0,1,0,"SMMH5367",391,5367,NA,"Point",2323.969,NA,0.102330469920177,1,0,0,1,"SMMH_5367_682","SMMH_5479_776",1.42688189905297,"SMMH_5479_776",1.42688189905297,"SMMH_5479_776",1.42688189905297,"SMMH_5479_776",1.42688189905297,NA,40.7706577,-111.1070725,40.77065402,-111.1070887,NA,-106.635842681936,40.77065402,-111.1070887,NA,-106.635842681936,40.77065402,-111.1070887,NA,-106.635842681936,40.77065402,-111.1070887,NA,-106.635842681936
"54","SMMH",5368,"ABLA",1.5,12.3,1.5,0,"0",1,1,1,1,"0","0","0","0",NA,NA,0,0,"0","0","0","0",0,0,0,0,"0","0","0",NA,0,0,0,0,"0","0","0",NA,0,0,0,0,"0","0","0",NA,0,0,0,0,"0","0","0",NA,0,0,0,0,"0","0","0",NA,0,0,0,0,"0","0","0",NA,NA,NA,NA,NA,1,2,3,4,NA,NA,NA,NA,0,0,0,0,0,"SMMH5368",392,5368,NA,"Point",2323.995,NA,0.103071592407365,0,0,0,0,"SMMH_5368_683","SMMH_5367_682",0.90010218884806,"SMMH_5494_793",1.99832487893968,"SMMH_5494_793",1.99832487893968,"SMMH_5367_682",0.90010218884806,NA,40.7706609,-111.1070627,40.7706577,-111.1070725,NA,-113.243535281077,40.77064295,-111.1070645,NA,-175.640347045468,40.77064295,-111.1070645,NA,-175.640347045468,40.7706577,-111.1070725,NA,-113.243535281077
"55","SMMH",5369,"ABLA",1.8,13.4,0,0,"0",1,1,1,1,"0","0","0","0",NA,NA,0,0,"0","0","0","0",0,0,0,0,"0","0","0",NA,0,0,0,0,"0","0","0",NA,0,0,0,0,"0","0","0",NA,0,0,0,0,"0","0","0",NA,0,0,0,0,"0","0","0",NA,0,0,0,0,"0","0","0",NA,NA,NA,NA,NA,1,2,3,4,NA,NA,NA,NA,0,0,0,0,0,"SMMH5369",393,5369,NA,"Point",2324.182,NA,0.10333450810701,0,0,0,0,"SMMH_5369_684","SMMH_5367_682",1.42602054376169,"SMMH_5494_793",2.07288662946141,"SMMH_5494_793",2.07288662946141,"SMMH_5367_682",1.42602054376169,NA,40.77066047,-111.107056,40.7706577,-111.1070725,NA,-102.452135871053,40.77064295,-111.1070645,NA,-159.753694094908,40.77064295,-111.1070645,NA,-159.753694094908,40.7706577,-111.1070725,NA,-102.452135871053
"56","SMMH",5370,"ABLA",NA,6.5,0,0,"0",1,1,1,1,"0","0","0","0",NA,1,0,0,"0","0","0","0",0,0,0,0,"0","0","0",NA,0,0,0,0,"0","0","0",NA,0,0,0,0,"0","0","0",NA,0,0,0,0,"0","0","0",NA,0,0,0,0,"0","0","0",NA,0,0,0,0,"0","0","0",NA,NA,NA,NA,NA,1,2,3,4,NA,NA,NA,NA,0,0,0,0,0,"SMMH5370",394,5370,NA,"Point",2324.89,NA,0.10329201864558,0,0,0,0,"SMMH_5370_685","SMMH_5367_682",1.85708826216324,"SMMH_5494_793",1.98593987190916,"SMMH_5494_793",1.98593987190916,"SMMH_5367_682",1.85708826216324,NA,40.77065733,-111.1070505,40.7706577,-111.1070725,NA,-88.7327191258062,40.77064295,-111.1070645,NA,-143.492378312552,40.77064295,-111.1070645,NA,-143.492378312552,40.7706577,-111.1070725,NA,-88.7327191258062
"57","SMMH",5371,"ABLA",2.3,16.3,0,0,"0",1,1,1,1,"0","0","0","0",NA,NA,0,0,"0","0","0","0",0,0,0,0,"0","0","0",NA,0,0,0,0,"0","0","0",NA,0,0,0,0,"0","0","0",NA,0,0,0,0,"0","0","0",NA,0,0,0,0,"0","0","0",NA,0,0,0,0,"0","0","0",NA,NA,NA,NA,NA,1,2,3,4,NA,NA,NA,NA,0,0,0,0,0,"SMMH5371",395,5371,NA,"Point",2325.346,NA,0.104720037813535,0,0,0,0,"SMMH_5371_686","SMMH_5367_682",2.55156700714815,"SMMH_5373_688",2.42993253434602,"SMMH_5494_793",3.45634139440811,"SMMH_5467_785",2.48805546395365,NA,40.77067158,-111.1070484,40.7706577,-111.1070725,NA,-127.145788559025,40.77066072,-111.1070234,NA,119.743026215115,40.77064295,-111.1070645,NA,-156.851912020416,40.7706837,-111.1070732,NA,-57.2661953217346
"58","SMMH",5372,"ABLA",NA,6.7,NA,0,"0",1,1,1,1,"0","0","0","0",NA,NA,0,0,"0","0","0","0",0,0,0,0,"0","0","0",NA,0,0,0,0,"0","0","0",NA,0,0,0,0,"0","0","0",NA,0,0,0,0,"0","0","0",NA,0,0,0,0,"0","0","0",NA,0,0,0,0,"0","0","0",NA,NA,NA,NA,NA,1,2,3,4,NA,NA,NA,NA,0,0,0,0,0,"SMMH5372",396,5372,NA,"Point",2325.309,NA,0.105491700233121,0,0,0,0,"SMMH_5372_687","SMMH_5496_795",3.76470580346491,"SMMH_5373_688",0.742816366427222,"SMMH_5496_795",3.76470580346491,"SMMH_5376_691",3.00061254244552,NA,40.77066741,-111.1070232,40.77063863,-111.1070468,NA,-148.05969833411,40.77066072,-111.1070234,NA,-178.697996409449,40.77063863,-111.1070468,NA,-148.05969833411,40.77069081,-111.1070054,NA,30.0414312574689
"59","SMMH",5373,"ABLA",1.4,11.5,0,0,"0",1,1,1,1,"0","BO","0","0",NA,1,0,0,"0","0","0","0",0,0,0,0,"0","0","0",NA,0,0,0,0,"0","0","0",NA,0,0,0,0,"0","0","0",NA,0,0,0,0,"0","0","0",NA,0,1,0,0,"0","0","0",NA,0,0,0,0,"0","0","0",NA,"Trifurcated","Trifurcated","Trifurcated","Trifurcated",1,2,3,4,NA,NA,NA,NA,0,1,0,0,1,"SMMH5373",NA,5373,NA,"Point",2325.365,NA,0.104864132491241,0,1,0,0,"SMMH_5373_688","SMMH_5496_795",3.1484258900044,"SMMH_5496_795",3.1484258900044,"SMMH_5496_795",3.1484258900044,"SMMH_5376_691",3.66934968215184,NA,40.77066072,-111.1070234,40.77063863,-111.1070468,NA,-141.154022210538,40.77063863,-111.1070468,NA,-141.154022210538,40.77063863,-111.1070468,NA,-141.154022210538,40.77069081,-111.1070054,NA,24.4555457373676
"60","SMMH",5374,"ABLA",1.2,11.1,0,0,"0",1,1,1,1,"0","0","0","0",NA,NA,0,0,"0","0","0","0",0,0,0,0,"0","0","0",NA,0,0,0,0,"0","0","0",NA,0,0,0,0,"0","0","0",NA,0,0,0,0,"0","0","0",NA,0,0,0,0,"0","0","0",NA,0,0,0,0,"0","0","0",NA,NA,NA,NA,NA,1,2,3,4,NA,NA,NA,NA,0,0,0,0,0,"SMMH5374",397,5374,NA,"Point",2325.365,NA,0.104864132491241,0,0,0,0,"SMMH_5374_689","SMMH_5496_795",3.1484258900044,"SMMH_5496_795",3.1484258900044,"SMMH_5496_795",3.1484258900044,"SMMH_5376_691",3.66934968215184,NA,40.77066072,-111.1070234,40.77063863,-111.1070468,NA,-141.154022210538,40.77063863,-111.1070468,NA,-141.154022210538,40.77063863,-111.1070468,NA,-141.154022210538,40.77069081,-111.1070054,NA,24.4555457373676
"61","SMMH",5375,"ABLA",2.5,17.2,0,0,"0",1,1,1,1,"0","0","0","0",NA,NA,0,0,"0","0","0","0",0,0,0,0,"0","0","0",NA,0,0,0,0,"0","0","0",NA,0,0,0,0,"0","0","0",NA,0,0,0,0,"0","0","0",NA,0,0,0,0,"0","0","0",NA,0,0,0,0,"0","0","0",NA,NA,NA,NA,NA,1,2,3,4,NA,NA,NA,NA,0,0,0,0,0,"SMMH5375",398,5375,NA,"Point",2325.378,NA,0.106880450775262,0,0,0,0,"SMMH_5375_690","SMMH_5496_795",5.26730545681822,"SMMH_5373_688",2.17902052193052,"SMMH_5496_795",5.26730545681822,"SMMH_5376_691",2.1538686955229,NA,40.77067159,-111.1070019,40.77063863,-111.1070468,NA,-133.996243599368,40.77066072,-111.1070234,NA,-123.624451075316,40.77063863,-111.1070468,NA,-133.996243599368,40.77069081,-111.1070054,NA,-7.88216632603696
"62","SMMH",5376,"ABLA",3.7,25.7,0,0,"0",1,1,1,1,"0","0","0","BO",NA,NA,0,0,"0","0","0","0",0,0,0,0,"0","0","0",NA,0,0,0,0,"0","0","0",NA,0,0,0,0,"0","0","0",NA,0,0,0,0,"0","0","0",NA,0,0,0,0,"0","0","0",NA,0,0,0,1,"0","0","0",NA,NA,NA,NA,NA,1,2,3,4,NA,NA,NA,NA,0,0,0,1,1,"SMMH5376",399,5376,NA,"Point",2324.308,NA,0.108488325186539,0,0,0,1,"SMMH_5376_691","SMMH_5367_682",6.75092323143246,"SMMH_5373_688",3.66934968215184,"SMMH_5496_795",6.76440137029484,"SMMH_5467_785",5.77598249417199,NA,40.77069081,-111.1070054,40.7706577,-111.1070725,NA,-122.985455980506,40.77066072,-111.1070234,NA,-155.544442508037,40.77063863,-111.1070468,NA,-148.901880456348,40.7706837,-111.1070732,NA,-97.8536070305229
"63","SMMH",5377,"ABLA",2.2,17.1,0,0,"0",1,1,1,1,"0","0","0","0",NA,NA,0,0,"0","0","0","0",0,0,0,0,"0","0","0",NA,0,0,0,0,"0","0","0",NA,0,0,0,0,"0","0","0",NA,0,0,0,0,"0","0","0",NA,0,0,0,0,"0","0","0",NA,0,0,0,0,"0","0","0",NA,NA,NA,NA,NA,1,2,3,4,NA,NA,NA,NA,0,0,0,0,0,"SMMH5377",400,5377,NA,"Point",2326.644,NA,0.108147839824775,0,0,0,0,"SMMH_5377_692","SMMH_5367_682",6.21387531642352,"SMMH_5373_688",3.48398833800939,"SMMH_5496_795",6.4759711335968,"SMMH_5376_691",0.684878783823919,NA,40.77069119,-111.1070135,40.7706577,-111.1070725,NA,-126.745937722134,40.77066072,-111.1070234,NA,-166.124842198795,40.77063863,-111.1070468,NA,-154.281285386928,40.77069081,-111.1070054,NA,93.5311026633818
"64","SMMH",5378,"ABLA",1.3,12,0,0,"0",1,1,1,1,"0","0","0","0",NA,NA,0,0,"0","0","0","0",0,0,0,0,"0","0","0",NA,0,0,0,0,"0","0","0",NA,0,0,0,0,"0","0","0",NA,0,0,0,0,"0","0","0",NA,0,0,0,0,"0","0","0",NA,0,0,0,0,"0","0","0",NA,NA,NA,NA,NA,1,2,3,4,NA,NA,NA,NA,0,0,0,0,0,"SMMH5378",401,5378,NA,"Point",2323.425,NA,0.106377886410915,0,0,0,0,"SMMH_5378_693","SMMH_5496_795",4.65014545788521,"SMMH_5373_688",1.56498888571926,"SMMH_5496_795",4.65014545788521,"SMMH_5376_691",2.11724166419964,NA,40.77067406,-111.1070174,40.77063863,-111.1070468,NA,-147.753587010637,40.77066072,-111.1070234,NA,-161.122150745362,40.77063863,-111.1070468,NA,-147.753587010637,40.77069081,-111.1070054,NA,28.5754256321911
"65","SMMH",5379,"ABLA",1.8,12.1,0,0,"0",1,1,1,1,"0","0","0","0",NA,NA,0,0,"0","0","0","0",0,0,0,0,"0","0","0",NA,0,0,0,0,"0","0","0",NA,0,0,0,0,"0","0","0",NA,0,0,0,0,"0","0","0",NA,0,0,0,0,"0","0","0",NA,0,0,0,0,"0","0","0",NA,NA,NA,NA,NA,1,2,3,4,NA,NA,NA,NA,0,0,0,0,0,"SMMH5379",402,5379,NA,"Point",2320.453,NA,0.106667665232295,0,0,0,0,"SMMH_5379_694","SMMH_5367_682",4.75723557074943,"SMMH_5373_688",2.27128253453427,"SMMH_5496_795",5.05460813556888,"SMMH_5376_691",1.99374770619956,NA,40.77068113,-111.1070253,40.7706577,-111.1070725,NA,-123.141910105907,40.77066072,-111.1070234,NA,175.951724289225,40.77063863,-111.1070468,NA,-158.963220852802,40.77069081,-111.1070054,NA,57.3878138025915
"66","SMMH",5357,"ABLA",2,15.2,0,0,"0",1,1,1,1,"0","0","0","0",NA,NA,0,0,"0","0","0","0",0,0,0,0,"0","0","0",NA,0,0,0,0,"0","0","0",NA,0,0,0,0,"0","0","0",NA,0,0,0,0,"0","0","0",NA,0,0,0,0,"0","0","0",NA,0,0,0,0,"0","0","0",NA,NA,NA,NA,NA,1,2,3,4,NA,NA,NA,NA,0,0,0,0,0,"SMMH5357",NA,5357,NA,"Point",2324.723,NA,0.105886223667882,0,0,0,0,"SMMH_5357_695","SMMH_5367_682",3.56065464352787,"SMMH_5373_688",3.2887899232309,"SMMH_5468_765",3.78107539195951,"SMMH_5467_785",2.13513868080624,NA,40.77068376,-111.1070479,40.7706577,-111.1070725,NA,-144.334357947876,40.77066072,-111.1070234,NA,141.046780576199,40.77069251,-111.1070912,NA,-75.1147758378464,40.7706837,-111.1070732,NA,-90.1787193506471
"67","SMMH",5380,"ABLA",1.2,10.6,1.1,0,"0",1,1,1,1,"0","0","0","0",NA,NA,0,0,"0","0","0","0",0,0,0,0,"0","0","0",NA,0,0,0,0,"0","0","0",NA,0,0,0,0,"0","0","0",NA,0,0,0,0,"0","0","0",NA,0,0,0,0,"0","0","0",NA,0,0,0,0,"0","0","0",NA,NA,NA,NA,NA,1,2,3,4,NA,NA,NA,NA,0,0,0,0,0,"SMMH5380",403,5380,NA,"Point",2324.723,NA,0.105886223667882,0,0,0,0,"SMMH_5380_696","SMMH_5367_682",3.56065464352787,"SMMH_5373_688",3.2887899232309,"SMMH_5468_765",3.78107539195951,"SMMH_5467_785",2.13513868080624,NA,40.77068376,-111.1070479,40.7706577,-111.1070725,NA,-144.334357947876,40.77066072,-111.1070234,NA,141.046780576199,40.77069251,-111.1070912,NA,-75.1147758378464,40.7706837,-111.1070732,NA,-90.1787193506471
"68","SMMH",5381,"ABLA",2.5,19.3,0,0,"0",1,1,1,1,"0","0","0","0",NA,NA,0,0,"0","0","0","0",0,0,0,0,"0","0","0",NA,0,0,0,0,"0","0","0",NA,0,0,0,0,"0","0","0",NA,0,0,0,0,"0","0","0",NA,0,0,0,0,"0","0","0",NA,0,0,0,0,"0","0","0",NA,NA,NA,NA,NA,1,2,3,4,NA,NA,NA,NA,0,0,0,0,0,"SMMH5381",404,5381,NA,"Point",2324.792,NA,0.10564051474356,0,0,0,0,"SMMH_5381_697","SMMH_5468_765",3.01895057502347,"SMMH_5468_765",3.01895057502347,"SMMH_5468_765",3.01895057502347,"SMMH_5467_785",1.40403872867096,NA,40.77068532,-111.1070567,40.77069251,-111.1070912,NA,-74.6703253914383,40.77069251,-111.1070912,NA,-74.6703253914383,40.77069251,-111.1070912,NA,-74.6703253914383,40.7706837,-111.1070732,NA,-97.3586142665716
"69","SMMH",5382,"ABLA",1.5,10.7,0.4,0,"0",1,1,1,1,"0","0","0","0",NA,NA,0,0,"0","0","0","0",0,0,0,0,"0","0","0",NA,0,0,0,0,"0","0","0",NA,0,0,0,0,"0","0","0",NA,0,0,0,0,"0","0","0",NA,0,0,0,0,"0","0","0",NA,0,0,0,0,"0","0","0",NA,NA,NA,NA,NA,1,2,3,4,NA,NA,NA,NA,0,0,0,0,0,"SMMH5382",405,5382,NA,"Point",2326.568,NA,0.104579017765881,0,0,0,0,"SMMH_5382_698","SMMH_5367_682",2.25577688785996,"SMMH_5478_775",2.9709503503937,"SMMH_5478_775",2.9709503503937,"SMMH_5467_785",1.38997059647585,NA,40.77067582,-111.1070604,40.7706577,-111.1070725,NA,-153.084136143214,40.77066917,-111.1070945,NA,-104.38682959742,40.77066917,-111.1070945,NA,-104.38682959742,40.7706837,-111.1070732,NA,-51.0008499623916
"70","SMMH",5383,"ABLA",1.6,14,0,0,"0",1,1,1,1,"0","0","0","0",NA,NA,0,0,"0","0","0","0",0,0,0,0,"0","0","0",NA,0,0,0,0,"0","0","0",NA,0,0,0,0,"0","0","0",NA,0,0,0,0,"0","0","0",NA,0,0,0,0,"0","0","0",NA,0,0,0,0,"0","0","0",NA,NA,NA,NA,NA,1,2,3,4,NA,NA,NA,NA,0,0,0,0,0,"SMMH5383",406,5383,NA,"Point",2328.317,NA,0.108950216792205,0,0,0,0,"SMMH_5383_699","SMMH_5468_765",5.23168299106997,"SMMH_5468_765",5.23168299106997,"SMMH_5468_765",5.23168299106997,"SMMH_5376_691",3.12720448881341,NA,40.77070935,-111.1070333,40.77069251,-111.1070912,NA,-110.935001147485,40.77069251,-111.1070912,NA,-110.935001147485,40.77069251,-111.1070912,NA,-110.935001147485,40.77069081,-111.1070054,NA,131.155668825748
"71","SMMH",5384,"ABLA",NA,4.5,0,0,"0",1,1,1,1,"0","0","0","0",NA,NA,0,0,"0","0","0","0",0,0,0,0,"0","0","0",NA,0,0,0,0,"0","0","0",NA,0,0,0,0,"0","0","0",NA,0,0,0,0,"0","0","0",NA,0,0,0,0,"0","0","0",NA,0,0,0,0,"0","0","0",NA,NA,NA,NA,NA,1,2,3,4,NA,NA,NA,NA,0,0,0,0,0,"SMMH5384",407,5384,NA,"Point",2325.449,NA,0.107764161536365,0,0,0,0,"SMMH_5384_700","SMMH_5468_765",4.59217727666319,"SMMH_5373_688",4.37946865430524,"SMMH_5468_765",4.59217727666319,"SMMH_5376_691",2.83937207118899,NA,40.77069871,-111.1070374,40.77069251,-111.1070912,NA,-98.619406238794,40.77066072,-111.1070234,NA,164.34880677546,40.77069251,-111.1070912,NA,-98.619406238794,40.77069081,-111.1070054,NA,107.989945900178
"72","SMMH",5385,"ABLA",3.3,21.1,0,0,"0",1,1,1,1,"0","0","0","0",NA,NA,0,0,"0","0","0","0",0,0,0,0,"0","0","0",NA,0,0,0,0,"0","0","0",NA,0,0,0,0,"0","0","0",NA,0,0,0,0,"0","0","0",NA,0,0,0,0,"0","0","0",NA,0,0,0,0,"0","0","0",NA,NA,NA,NA,NA,1,2,3,4,NA,NA,NA,NA,0,0,0,0,0,"SMMH5385",408,5385,NA,"Point",2324.255,NA,0.107757708219755,0,0,0,0,"SMMH_5385_701","SMMH_5468_765",3.64832015246796,"SMMH_5468_765",3.64832015246796,"SMMH_5468_765",3.64832015246796,"SMMH_5467_785",3.01505532400797,NA,40.77070516,-111.1070513,40.77069251,-111.1070912,NA,-112.637127478057,40.77069251,-111.1070912,NA,-112.637127478057,40.77069251,-111.1070912,NA,-112.637127478057,40.7706837,-111.1070732,NA,-142.194098310102
"73","SMMH",5386,"ABLA",NA,3.45,0,0,"0",1,1,1,1,"0","0","0","0",NA,NA,0,0,"0","0","0","0",0,0,0,0,"0","0","0",NA,0,0,0,0,"0","0","0",NA,0,0,0,0,"0","0","0",NA,0,0,0,0,"0","0","0",NA,0,0,0,0,"0","0","0",NA,0,0,0,0,"0","0","0",NA,NA,NA,NA,NA,1,2,3,4,NA,NA,NA,NA,0,0,0,0,0,"SMMH5386",409,5386,NA,"Point",2324.094,NA,0.114681077598976,0,0,0,0,"SMMH_5386_702","SMMH_5393_709",7.72319670958631,"SMMH_5393_709",7.72319670958631,"SMMH_5393_709",7.72319670958631,"SMMH_5376_691",6.22107104229683,NA,40.77073411,-111.1069586,40.77080337,-111.1069673,NA,-5.4551136062074,40.77080337,-111.1069673,NA,-5.4551136062074,40.77080337,-111.1069673,NA,-5.4551136062074,40.77069081,-111.1070054,NA,-140.589733232575
"74","SMMH",5387,"ABLA",NA,5.45,0,0,"0",1,1,1,1,"0","0","0","0",NA,NA,0,0,"0","0","0","0",0,0,0,0,"0","0","0",NA,0,0,0,0,"0","0","0",NA,0,0,0,0,"0","0","0",NA,0,0,0,0,"0","0","0",NA,0,0,0,0,"0","0","0",NA,0,0,0,0,"0","0","0",NA,NA,NA,NA,NA,1,2,3,4,NA,NA,NA,NA,0,0,0,0,0,"SMMH5387",410,5387,NA,"Point",2325.2,NA,0.119602261806335,0,0,0,0,"SMMH_5387_703","SMMH_5393_709",1.1712136551205,"SMMH_5393_709",1.1712136551205,"SMMH_5393_709",1.1712136551205,"SMMH_5393_709",1.1712136551205,NA,40.77079375,-111.106973,40.77080337,-111.1069673,NA,24.2498077741544,40.77080337,-111.1069673,NA,24.2498077741544,40.77080337,-111.1069673,NA,24.2498077741544,40.77080337,-111.1069673,NA,24.2498077741544
"75","SMMH",5388,"ABLA",1.1,9.5,0,0,"0",1,1,1,1,"0","0","0","0",NA,1,0,0,"0","0","0","0",0,0,0,0,"0","0","0",NA,0,0,0,0,"0","0","0",NA,0,0,0,0,"0","0","0",NA,0,0,0,0,"0","0","0",NA,0,0,0,0,"0","0","0",NA,0,0,0,0,"0","0","0",NA,NA,NA,NA,NA,1,2,3,4,NA,NA,NA,NA,0,0,0,0,0,"SMMH5388",411,5388,NA,"Point",2324.146,NA,0.120211281914095,0,0,0,0,"SMMH_5388_704","SMMH_5393_709",0.566342500359832,"SMMH_5393_709",0.566342500359832,"SMMH_5393_709",0.566342500359832,"SMMH_5393_709",0.566342500359832,NA,40.77079855,-111.1069695,40.77080337,-111.1069673,NA,19.1370041554979,40.77080337,-111.1069673,NA,19.1370041554979,40.77080337,-111.1069673,NA,19.1370041554979,40.77080337,-111.1069673,NA,19.1370041554979
"76","SMMH",5389,"ABLA",2,14.6,0,0,"0",1,1,1,1,"0","0","0","0",NA,NA,1,1,"0","0","0","0",0,0,0,0,"0","0","0",NA,0,0,0,0,"0","0","0",NA,0,0,0,0,"0","0","0",NA,0,0,0,0,"0","0","0",NA,0,0,0,0,"0","0","0",NA,0,0,0,0,"0","0","0",NA,NA,NA,NA,NA,1,2,3,4,NA,NA,NA,NA,0,0,0,0,0,"SMMH5389",412,5389,NA,"Point",2322.961,NA,0.120663122335896,0,0,0,0,"SMMH_5389_705","SMMH_5393_709",0.891631416826801,"SMMH_5393_709",0.891631416826801,"SMMH_5393_709",0.891631416826801,"SMMH_5393_709",0.891631416826801,NA,40.7707984,-111.106959,40.77080337,-111.1069673,NA,-51.7751880339,40.77080337,-111.1069673,NA,-51.7751880339,40.77080337,-111.1069673,NA,-51.7751880339,40.77080337,-111.1069673,NA,-51.7751880339
"77","SMMH",5390,"ABLA",1.4,12,0,0,"0",1,1,1,1,"0","0","0","0",NA,NA,0,0,"0","0","0","0",0,0,0,0,"0","0","0",NA,0,0,0,0,"0","0","0",NA,0,0,0,0,"0","0","0",NA,0,0,0,0,"0","0","0",NA,0,0,0,0,"0","0","0",NA,0,0,0,0,"0","0","0",NA,NA,NA,NA,NA,1,2,3,4,NA,NA,NA,NA,0,0,0,0,0,"SMMH5390",413,5390,NA,"Point",2324.312,NA,0.120470656932382,0,0,0,0,"SMMH_5390_706","SMMH_5393_709",0.316432765095544,"SMMH_5393_709",0.316432765095544,"SMMH_5393_709",0.316432765095544,"SMMH_5393_709",0.316432765095544,NA,40.77080166,-111.1069703,40.77080337,-111.1069673,NA,53.1393384111891,40.77080337,-111.1069673,NA,53.1393384111891,40.77080337,-111.1069673,NA,53.1393384111891,40.77080337,-111.1069673,NA,53.1393384111891
"78","SMMH",5391,"ABLA",NA,10.75,0,0,"0",1,1,1,1,"0","0","0","0",NA,NA,0,0,"0","0","0","0",0,0,0,0,"0","0","0",NA,0,0,0,0,"0","0","0",NA,0,0,0,0,"0","0","0",NA,0,0,0,0,"0","0","0",NA,0,0,0,0,"0","0","0",NA,0,0,0,0,"0","0","0",NA,NA,NA,NA,NA,1,2,3,4,NA,NA,NA,NA,0,0,0,0,0,"SMMH5391",414,5391,NA,"Point",2324.142,NA,0.120670388212854,0,0,0,0,"SMMH_5391_707","SMMH_5393_709",0.719197845407902,"SMMH_5393_709",0.719197845407902,"SMMH_5393_709",0.719197845407902,"SMMH_5393_709",0.719197845407902,NA,40.77080598,-111.1069751,40.77080337,-111.1069673,NA,113.755998515452,40.77080337,-111.1069673,NA,113.755998515452,40.77080337,-111.1069673,NA,113.755998515452,40.77080337,-111.1069673,NA,113.755998515452
"79","SMMH",5392,"ABLA",NA,3.5,0,0,"0",1,1,1,1,"0","0","0","0",NA,NA,0,0,"0","0","0","0",0,0,0,0,"0","0","0",NA,0,0,0,0,"0","0","0",NA,0,0,0,0,"0","0","0",NA,0,0,0,0,"0","0","0",NA,0,0,0,0,"0","0","0",NA,0,0,0,0,"0","0","0",NA,NA,NA,NA,NA,1,2,3,4,NA,NA,NA,NA,0,0,0,0,0,"SMMH5392",415,5392,NA,"Point",2324.189,NA,0.119118770413036,0,0,0,0,"SMMH_5392_708","SMMH_5393_709",2.22690445352739,"SMMH_5393_709",2.22690445352739,"SMMH_5393_709",2.22690445352739,"SMMH_5393_709",2.22690445352739,NA,40.77079767,-111.1069926,40.77080337,-111.1069673,NA,73.4931638660005,40.77080337,-111.1069673,NA,73.4931638660005,40.77080337,-111.1069673,NA,73.4931638660005,40.77080337,-111.1069673,NA,73.4931638660005
"80","SMMH",5393,"ABLA",4.1,26.8,0,1,"0",1,1,1,1,"BO","BO","BO","BO",NA,NA,0,0,"0","0","0","0",2,2,1,1,"0","0","0",NA,1,0,0,1,"0","0","0",NA,0,0,0,0,"0","0","0",NA,1,1,1,1,"0","0","0",NA,0,0,1,1,"0","0","0",NA,0,1,1,0,"0","0","0",NA,NA,NA,NA,NA,1,2,3,4,NA,NA,NA,NA,1,1,1,1,0,"SMMH5393",417,5393,NA,"Point",2323.795,NA,0.120764859168301,1,1,1,1,"SMMH_5393_709","SMMH_5410_725",12.7702692581978,"SMMH_5394_710",1.14379648181449,"SMMH_5414_778",11.8328948184503,"SMMH_5409_724",12.6595457279487,NA,40.77080337,-111.1069673,40.77090414,-111.1070403,NA,-28.8435408003198,40.77081364,-111.1069662,NA,4.65529396887054,40.77088301,-111.1070605,NA,-41.659476988742,40.77090447,-111.107036714667,NA,-27.5639254725722
"81","SMMH",5394,"ABLA",3.3,23.1,0,0,"0",1,1,1,1,"0","BO","0","0",1,1,0,0,"0","0","0","0",0,0,0,0,"0","0","0",NA,0,0,0,0,"0","0","0",NA,0,0,0,0,"0","0","0",NA,0,1,0,0,"0","0","0",NA,0,0,0,0,"0","0","0",NA,0,0,0,0,"0","0","0",NA,NA,NA,NA,NA,1,2,3,4,NA,NA,NA,NA,0,1,0,0,1,"SMMH5394",418,5394,NA,"Point",2322.475,NA,0.121787458429328,0,1,0,0,"SMMH_5394_710","SMMH_5393_709",1.14379648181449,"SMMH_5393_709",1.14379648181449,"SMMH_5393_709",1.14379648181449,"SMMH_5393_709",1.14379648181449,NA,40.77081364,-111.1069662,40.77080337,-111.1069673,NA,-175.344705312791,40.77080337,-111.1069673,NA,-175.344705312791,40.77080337,-111.1069673,NA,-175.344705312791,40.77080337,-111.1069673,NA,-175.344705312791
"82","SMMH",5395,"ABLA",3.1,22.1,0,0,NA,1,1,1,1,NA,NA,NA,NA,NA,NA,1,1,NA,NA,NA,NA,0,0,0,0,NA,NA,"0",NA,0,0,0,0,NA,NA,"0",NA,0,0,0,0,NA,NA,"0",NA,0,0,0,0,NA,NA,"0",NA,0,0,0,0,NA,NA,"0",NA,0,0,0,0,NA,NA,"0",NA,NA,NA,NA,NA,1,2,3,4,NA,NA,NA,NA,0,0,0,0,0,"SMMH5395",419,5395,NA,"Point",2322.774,NA,0.121489261815397,0,0,0,0,"SMMH_5395_711","SMMH_5393_709",0.743614209437942,"SMMH_5393_709",0.743614209437942,"SMMH_5393_709",0.743614209437942,"SMMH_5393_709",0.743614209437942,NA,40.77080813,-111.1069611,40.77080337,-111.1069673,NA,-135.280725123624,40.77080337,-111.1069673,NA,-135.280725123624,40.77080337,-111.1069673,NA,-135.280725123624,40.77080337,-111.1069673,NA,-135.280725123624
"83","SMMH",5424,"ABLA",NA,1.4,0,0,"0",1,1,1,1,"0","0","0","0",NA,NA,0,0,"0","0","0","0",0,0,0,0,"0","0","0",NA,0,0,0,0,"0","0","0",NA,0,0,0,0,"0","0","0",NA,0,0,0,0,"0","0","0",NA,0,0,0,0,"0","0","0",NA,0,0,0,0,"0","0","0",NA,NA,NA,NA,NA,1,2,3,4,NA,NA,NA,NA,0,0,0,0,0,"SMMH5424",447,5424,NA,"Point",2324.78,NA,0.115992685451838,0,0,0,0,"SMMH_5424_712","SMMH_5393_709",7.04923427265355,"SMMH_5393_709",7.04923427265355,"SMMH_5393_709",7.04923427265355,"SMMH_5393_709",7.04923427265355,NA,40.7707898,-111.1070489,40.77080337,-111.1069673,NA,77.6613784397941,40.77080337,-111.1069673,NA,77.6613784397941,40.77080337,-111.1069673,NA,77.6613784397941,40.77080337,-111.1069673,NA,77.6613784397941
"84","SMMH",5397,"ABCO",1.8,13.4,0,0,"0",1,1,NA,NA,"0","0",NA,NA,NA,NA,NA,NA,"0","0",NA,NA,0,0,NA,NA,"0","0",NA,NA,0,0,NA,NA,"0","0",NA,NA,0,0,NA,NA,"0","0",NA,NA,0,0,NA,NA,"0","0",NA,NA,0,0,NA,NA,"0","0",NA,NA,0,0,NA,NA,"0","0",NA,NA,NA,NA,NA,NA,1,2,NA,NA,NA,NA,NA,NA,0,0,NA,NA,NA,"SMMH5397",421,5397,NA,"Point",2324.154,NA,0.122482690600815,0,0,NA,NA,"SMMH_5397_713","SMMH_5410_725",5.30065546641691,"SMMH_5414_778",2.95446460584188,"SMMH_5414_778",2.95446460584188,"SMMH_5410_725",5.30065546641691,NA,40.77085721,-111.1070519,40.77090414,-111.1070403,NA,10.6427382231713,40.77088301,-111.1070605,NA,-14.2204187179397,40.77088301,-111.1070605,NA,-14.2204187179397,40.77090414,-111.1070403,NA,10.6427382231713
"85","SMMH",5398,"ABLA",3.2,5.3,0,1,"0",1,1,1,1,"0","0","0","0",NA,NA,0,0,"0","0","0","0",0,0,0,0,"0","0","0",NA,0,0,0,0,"0","0","0",NA,0,0,0,0,"0","0","0",NA,0,0,0,0,"0","0","0",NA,0,0,0,0,"0","0","0",NA,0,0,0,0,"0","0","0",NA,NA,NA,"cut","cut",1,2,3,4,NA,NA,NA,NA,0,0,0,0,0,"SMMH5398",422,5398,NA,"Point",2322.866,NA,0.12517384848556,0,0,0,0,"SMMH_5398_714","SMMH_5410_725",3.40920284455175,"SMMH_5414_778",2.90872494178571,"SMMH_5414_778",2.90872494178571,"SMMH_5409_724",3.36294334006271,NA,40.77087496,-111.1070277,40.77090414,-111.1070403,NA,-18.173958939484,40.77088301,-111.1070605,NA,-72.1087702255171,40.77088301,-111.1070605,NA,-72.1087702255171,40.77090447,-111.107036714667,NA,-13.0746643733428
"86","SMMH",5399,"ABLA",3.1,20.3,0,0,"0",1,1,1,1,"0","0","0","0",NA,NA,0,0,"0","0","0","0",0,0,0,0,"0","0","0",NA,0,0,0,0,"0","0","0",NA,0,0,0,0,"0","0","0",NA,0,0,0,0,"0","0","0",NA,0,0,0,0,"0","0","0",NA,0,0,0,0,"0","0","0",NA,"Cut","Cut",NA,NA,1,2,3,4,NA,NA,NA,NA,0,0,0,0,0,"SMMH5399",423,5399,NA,"Point",2323.737,NA,0.125506210377223,0,0,0,0,"SMMH_5399_715","SMMH_5410_725",4.58098193619956,"SMMH_5409_724",4.44205132344732,"SMMH_5409_724",4.44205132344732,"SMMH_5409_724",4.44205132344732,NA,40.77087064,-111.1070086,40.77090414,-111.1070403,NA,-35.7314130667645,40.77090447,-111.107036714667,NA,-32.2852975928545,40.77090447,-111.107036714667,NA,-32.2852975928545,40.77090447,-111.107036714667,NA,-32.2852975928545
"87","SMMH",5400,"ABLA",NA,6,0,1,"0",1,1,1,1,"0","0","0","0",NA,NA,0,0,"0","0","0","0",0,0,0,0,"0","0","0",NA,0,0,0,0,"0","0","0",NA,0,0,0,0,"0","0","0",NA,0,0,0,0,"0","0","0",NA,0,0,0,0,"0","0","0",NA,0,0,0,0,"0","0","0",NA,NA,NA,NA,NA,1,2,3,4,NA,NA,NA,NA,0,0,0,0,0,"SMMH5400",424,5400,NA,"Point",2324.197,NA,0.125454476481432,0,0,0,0,"SMMH_5400_716","SMMH_5410_725",3.91774424464335,"SMMH_5409_724",3.80859669814398,"SMMH_5409_724",3.80859669814398,"SMMH_5409_724",3.80859669814398,NA,40.77087357,-111.1070171,40.77090414,-111.1070403,NA,-29.9835467464098,40.77090447,-111.107036714667,NA,-25.7616424063568,40.77090447,-111.107036714667,NA,-25.7616424063568,40.77090447,-111.107036714667,NA,-25.7616424063568
"88","SMMH",5401,"ABLA",2.3,16.7,0,0,"0",1,1,1,1,"0","0","0","0",NA,NA,0,0,"0","0","0","0",0,0,0,0,"0","0","0",NA,0,0,0,0,"0","0","0",NA,0,0,0,0,"0","0","0",NA,0,0,0,0,"0","0","0",NA,0,0,0,0,"0","0","0",NA,0,0,0,0,"0","0","0",NA,NA,NA,NA,NA,1,2,3,4,NA,NA,NA,NA,0,0,0,0,0,"SMMH5401",425,5401,NA,"Point",2323.501,NA,0.125760159779025,0,0,0,0,"SMMH_5401_717","SMMH_5410_725",2.7892886701447,"SMMH_5409_724",2.7236861290942,"SMMH_5409_724",2.7236861290942,"SMMH_5409_724",2.7236861290942,NA,40.77088091,-111.1070277,40.77090414,-111.1070403,NA,-22.4094590256025,40.77090447,-111.107036714667,NA,-16.2193408930552,40.77090447,-111.107036714667,NA,-16.2193408930552,40.77090447,-111.107036714667,NA,-16.2193408930552
"89","SMMH",5403,"ABLA",4.1,26.3,NA,0,"0",1,1,NA,NA,"0","0",NA,NA,NA,NA,NA,NA,"TB","TB",NA,NA,0,0,NA,NA,"0","0",NA,NA,0,0,NA,NA,"0","0",NA,NA,0,0,NA,NA,"0","0",NA,NA,0,0,NA,NA,"0","0",NA,NA,0,0,NA,NA,"0","0",NA,NA,0,0,NA,NA,"0","0",NA,NA,NA,NA,NA,NA,1,2,NA,NA,NA,NA,NA,NA,0,0,NA,NA,NA,"SMMH5403",NA,5403,NA,"Point",2324.146,NA,0.125906015513808,0,0,NA,NA,"SMMH_5403_718","SMMH_5410_725",1.8737863396193,"SMMH_5414_778",1.77693259307674,"SMMH_5414_778",1.77693259307674,"SMMH_5410_725",1.8737863396193,NA,40.77088726,-111.1070402,40.77090414,-111.1070403,NA,-0.258051284643548,40.77088301,-111.1070605,NA,-105.396537393696,40.77088301,-111.1070605,NA,-105.396537393696,40.77090414,-111.1070403,NA,-0.258051284643548
"90","SMMH",5404,"ABLA",1.8,15.6,NA,0,"0",1,1,NA,NA,"0","0",NA,NA,NA,NA,NA,NA,"TB","TB",NA,NA,0,0,NA,NA,"0","0",NA,NA,0,0,NA,NA,"0","0",NA,NA,0,0,NA,NA,"0","0",NA,NA,0,0,NA,NA,"0","0",NA,NA,0,0,NA,NA,"0","0",NA,NA,0,0,NA,NA,"0","0",NA,NA,NA,NA,NA,NA,1,2,NA,NA,NA,NA,NA,NA,0,0,NA,NA,NA,"SMMH5404",427,5404,NA,"Point",2324.146,NA,0.125906015513808,0,0,NA,NA,"SMMH_5404_719","SMMH_5410_725",1.8737863396193,"SMMH_5414_778",1.77693259307674,"SMMH_5414_778",1.77693259307674,"SMMH_5410_725",1.8737863396193,NA,40.77088726,-111.1070402,40.77090414,-111.1070403,NA,-0.258051284643548,40.77088301,-111.1070605,NA,-105.396537393696,40.77088301,-111.1070605,NA,-105.396537393696,40.77090414,-111.1070403,NA,-0.258051284643548
"91","SMMH",5405,"ABLA",2.9,21.4,1.5,0,"0",1,1,1,1,"0","0","0","0",NA,NA,1,1,"0","0","0","0",0,0,0,0,"0","0","0",NA,0,0,0,0,"0","0","0",NA,0,0,0,0,"0","0","0",NA,0,0,0,0,"0","0","0",NA,0,0,0,0,"0","0","0",NA,0,0,0,0,"0","0","0",NA,NA,NA,NA,NA,1,2,3,4,NA,NA,NA,NA,0,0,0,0,0,"SMMH5405",428,5405,NA,"Point",2324.304,NA,0.12632419798569,0,0,0,0,"SMMH_5405_720","SMMH_5410_725",1.25335311935861,"SMMH_5410_725",1.25335311935861,"SMMH_5410_725",1.25335311935861,"SMMH_5410_725",1.25335311935861,NA,40.77089388,-111.1070465,40.77090414,-111.1070403,NA,24.6746571205687,40.77090414,-111.1070403,NA,24.6746571205687,40.77090414,-111.1070403,NA,24.6746571205687,40.77090414,-111.1070403,NA,24.6746571205687
"92","SMMH",5406,"ABLA",NA,4.6,0,0,"0",1,1,1,1,"0","0","0","0",NA,NA,0,0,"0","0","0","0",0,0,0,0,"0","0","0",NA,0,0,0,0,"0","0","0",NA,0,0,0,0,"0","0","0",NA,0,0,0,0,"0","0","0",NA,0,0,0,0,"0","0","0",NA,0,0,0,0,"0","0","0",NA,NA,NA,NA,NA,1,2,3,4,NA,NA,NA,NA,0,0,0,0,0,"SMMH5406",429,5406,NA,"Point",2323.916,NA,0.126486503742968,0,0,0,0,"SMMH_5406_721","SMMH_5410_725",1.79871699914677,"SMMH_5409_724",1.72392016850124,"SMMH_5409_724",1.72392016850124,"SMMH_5409_724",1.72392016850124,NA,40.77088956,-111.107031,40.77090414,-111.1070403,NA,-25.8704053528937,40.77090447,-111.107036714667,NA,-16.2455036040315,40.77090447,-111.107036714667,NA,-16.2455036040315,40.77090447,-111.107036714667,NA,-16.2455036040315
"93","SMMH",5407,"ABLA",2.2,16,2.2,0,"0",1,1,1,1,"0","0","0","0",NA,NA,0,0,"0","0","0","0",0,0,0,0,"0","0","0",NA,0,0,0,0,"0","0","0",NA,0,0,0,0,"0","0","0",NA,0,0,0,0,"0","0","0",NA,0,0,0,0,"0","0","0",NA,0,0,0,0,"0","0","0",NA,NA,NA,NA,NA,1,2,3,4,NA,NA,NA,NA,0,0,0,0,0,"SMMH5407",430,5407,NA,"Point",2323.58,NA,0.126329444788945,0,0,0,0,"SMMH_5407_722","SMMH_5410_725",1.70203388642988,"SMMH_5409_724",1.68036162056752,"SMMH_5409_724",1.68036162056752,"SMMH_5409_724",1.68036162056752,NA,40.77088941,-111.1070347,40.77090414,-111.1070403,NA,-16.12092074297,40.77090447,-111.107036714667,NA,-5.80722965094247,40.77090447,-111.107036714667,NA,-5.80722965094247,40.77090447,-111.107036714667,NA,-5.80722965094247
"94","SMMH",5408,"ABLA",2.7,23.9,2,0,"0",1,1,1,1,"0","0","0","0",NA,NA,0,0,"0","0","0","0",0,0,0,0,"0","0","0",NA,0,0,0,0,"0","0","0",NA,0,0,0,0,"0","0","0",NA,0,0,0,0,"0","0","0",NA,0,0,0,0,"0","0","0",NA,0,0,0,0,"0","0","0",NA,NA,NA,NA,NA,1,2,3,4,NA,NA,NA,NA,0,0,0,0,0,"SMMH5408",431,5408,NA,"Point",2324.881,NA,0.126459616226481,0,0,0,0,"SMMH_5408_723","SMMH_5410_725",1.91761369189378,"SMMH_5409_724",1.83261960665237,"SMMH_5409_724",1.83261960665237,"SMMH_5409_724",1.83261960665237,NA,40.77088882,-111.1070298,40.77090414,-111.1070403,NA,-27.5223030517975,40.77090447,-111.107036714667,NA,-18.567427544447,40.77090447,-111.107036714667,NA,-18.567427544447,40.77090447,-111.107036714667,NA,-18.567427544447
"95","SMMH",5409,"ABLA",4.6,23.2,1.2,0,"0",1,1,1,1,"0","BO","BO","BO",NA,NA,0,0,"0","0","0","0",0,0,0,0,"0","0","0",NA,0,0,0,1,"0","0","0",NA,0,0,0,0,"0","0","0",NA,0,1,1,0,"0","0","0",NA,0,0,0,0,"0","0","0",NA,0,0,0,0,"0","0","0",NA,NA,NA,NA,NA,1,2,3,4,NA,NA,NA,NA,0,1,1,1,1,"SMMH5409",4101,5409,NA,"Point",2325.088,-16.648,0.127746226421363,0,1,1,1,"SMMH_5409_724","SMMH_5410_725",0.304783314363157,"SMMH_5410_725",0.304783314363157,"SMMH_5410_725",0.304783314363157,"SMMH_5410_725",0.304783314363157,NA,40.77090447,-111.107036714667,40.77090414,-111.1070403,NA,-96.903029394001,40.77090414,-111.1070403,NA,-96.903029394001,40.77090414,-111.1070403,NA,-96.903029394001,40.77090414,-111.1070403,NA,-96.903029394001
"96","SMMH",5410,"ABLA",6.7,33.1,0,0,"0",1,1,1,1,"BR, BO","BR, BO","BR, BO","BR, BO",1,1,0,0,"0","0","0","0",2,2,2,2,"4-3","4-4","4-4","4-4",2,2,2,2,"2-4","2-6","2-7","2-5",2,2,2,2,"2-0","2-1","2-0",NA,2,2,2,2,"2-2","2-3","2-2","2-2",2,2,2,2,"0","3-6","3-6","3-5",2,2,2,2,"1-0","1-4","1-3","1-1",NA,NA,NA,NA,1,2,3,4,NA,NA,NA,NA,1,1,1,1,0,"SMMH5410",433,5410,NA,"Point",2321.923,NA,0.12757809425278,1,1,1,1,"SMMH_5410_725","SMMH_5309_630",0.706549382385691,"SMMH_5409_724",0.304783314363157,"SMMH_5409_724",0.304783314363157,"SMMH_5409_724",0.304783314363157,NA,40.77090414,-111.1070403,40.77090681,-111.1070479,NA,-65.1981925703256,40.77090447,-111.107036714667,NA,83.0969682646471,40.77090447,-111.107036714667,NA,83.0969682646471,40.77090447,-111.107036714667,NA,83.0969682646471
"97","SMMH",5416,"ABLA",2.6,17.5,0,0,"0",1,1,1,NA,"0","0","0",NA,NA,NA,1,NA,"0","0","0",NA,0,0,0,NA,"0","0","0",NA,0,0,0,NA,"0","0","0",NA,0,0,0,NA,"0","0","0",NA,0,0,0,NA,"0","0","0",NA,0,0,0,NA,"0","0","0",NA,0,0,0,NA,"0","0","0",NA,NA,NA,NA,NA,1,2,3,NA,NA,NA,NA,NA,0,0,0,NA,NA,"SMMH5416",439,5416,NA,"Point",2324.07,NA,0.127325679937257,0,0,0,NA,"SMMH_5416_726","SMMH_5309_630",0.481654706078848,"SMMH_5309_630",0.481654706078848,"SMMH_5309_630",0.481654706078848,"SMMH_5309_630",0.481654706078848,NA,40.77090659,-111.1070536,40.77090681,-111.1070479,NA,87.093707793858,40.77090681,-111.1070479,NA,87.093707793858,40.77090681,-111.1070479,NA,87.093707793858,40.77090681,-111.1070479,NA,87.093707793858
"98","SMMH",5417,"ABLA",NA,4.7,0,0,"0",1,1,1,1,"0","0","0","0",NA,1,1,1,"0","0","0","0",0,0,0,0,"0","0","0",NA,0,0,0,0,"0","0","0",NA,0,0,0,0,"0","0","0",NA,0,0,0,0,"0","0","0",NA,0,0,0,0,"0","0","0",NA,0,0,0,0,"0","0","0",NA,NA,NA,NA,NA,1,2,3,4,NA,NA,NA,NA,0,0,0,0,0,"SMMH5417",440,5417,NA,"Point",2323.92,NA,0.127682700169637,0,0,0,0,"SMMH_5417_727","SMMH_5309_630",0.270091348855329,"SMMH_5309_630",0.270091348855329,"SMMH_5309_630",0.270091348855329,"SMMH_5309_630",0.270091348855329,NA,40.77090685,-111.1070447,40.77090681,-111.1070479,NA,-90.9419640040439,40.77090681,-111.1070479,NA,-90.9419640040439,40.77090681,-111.1070479,NA,-90.9419640040439,40.77090681,-111.1070479,NA,-90.9419640040439
"99","SMMH",5418,"ABLA",NA,3.8,0,0,"0",1,1,1,1,"0","0","0","0",NA,NA,0,0,"0","0","0","0",0,0,0,0,"0","0","0",NA,0,0,0,0,"0","0","0",NA,0,0,0,0,"0","0","0",NA,0,0,0,0,"0","0","0",NA,0,0,0,0,"0","0","0",NA,0,0,0,0,"0","0","0",NA,NA,NA,NA,NA,1,2,3,4,NA,NA,NA,NA,0,0,0,0,0,"SMMH5418",441,5418,NA,"Point",2325.06,NA,0.128302245944259,0,0,0,0,"SMMH_5418_728","SMMH_5309_630",1.35983590851501,"SMMH_5309_630",1.35983590851501,"SMMH_5309_630",1.35983590851501,"SMMH_5309_630",1.35983590851501,NA,40.77091731,-111.1070562,40.77090681,-111.1070479,NA,148.995698990903,40.77090681,-111.1070479,NA,148.995698990903,40.77090681,-111.1070479,NA,148.995698990903,40.77090681,-111.1070479,NA,148.995698990903
"100","SMMH",5419,"ABLA",NA,7.2,0,0,"0",1,1,1,1,"0","0","0","0",NA,NA,0,0,"0","0","0","0",0,0,0,0,"0","0","0",NA,0,0,0,0,"0","0","0",NA,0,0,0,0,"0","0","0",NA,0,0,0,0,"0","0","0",NA,0,0,0,0,"0","0","0",NA,0,0,0,0,"0","0","0",NA,NA,"Rot in area","Rot in area","Rot in area",1,2,3,4,NA,NA,NA,NA,0,0,0,0,0,"SMMH5419",442,5419,NA,"Point",2322.816,NA,0.128045106359918,0,0,0,0,"SMMH_5419_729","SMMH_5440_746",4.93328828531466,"SMMH_5440_746",4.93328828531466,"SMMH_5440_746",4.93328828531466,"SMMH_5435_742",3.87697617084995,NA,40.77088623,-111.1069834,40.77093003,-111.1069735,NA,9.75037680570957,40.77093003,-111.1069735,NA,9.75037680570957,40.77093003,-111.1069735,NA,9.75037680570957,40.7709207,-111.1069908,NA,-9.26956467217001
"101","SMMH",5420,"ABLA",1.4,11.1,0,0,"0",1,1,1,1,"0","0","0","0",NA,NA,0,0,"0","0","0","0",0,0,0,0,"0","0","0",NA,0,0,0,0,"0","0","0",NA,0,0,0,0,"0","0","0",NA,0,0,0,0,"0","0","0",NA,0,0,0,0,"0","0","0",NA,0,0,0,0,"0","0","0",NA,NA,NA,NA,NA,1,2,3,4,NA,NA,NA,NA,0,0,0,0,0,"SMMH5420",443,5420,NA,"Point",2322.382,NA,0.127319036209491,0,0,0,0,"SMMH_5420_730","SMMH_5410_725",4.36498604632434,"SMMH_5409_724",4.12826045689113,"SMMH_5409_724",4.12826045689113,"SMMH_5435_742",4.09987406343857,NA,40.77088397,-111.1069959,40.77090414,-111.1070403,NA,-59.1401489363064,40.77090447,-111.107036714667,NA,-56.5487982467048,40.77090447,-111.107036714667,NA,-56.5487982467048,40.7709207,-111.1069908,NA,6.02594466264847
"102","SMMH",5421,"ABLA",2.3,17.5,0,0,"0",1,1,1,1,"0","0","0","0",NA,NA,0,0,"0","0","0","0",0,0,0,0,"0","0","0",NA,0,0,0,0,"0","0","0",NA,0,0,0,0,"0","0","0",NA,0,0,0,0,"0","0","0",NA,0,0,0,0,"0","0","0",NA,0,0,0,0,"0","0","0",NA,NA,NA,NA,NA,1,2,3,4,NA,NA,NA,NA,0,0,0,0,0,"SMMH5421",444,5421,NA,"Point",2322.025,NA,0.129051020506564,0,0,0,0,"SMMH_5421_731","SMMH_5440_746",3.73718963530782,"SMMH_5440_746",3.73718963530782,"SMMH_5440_746",3.73718963530782,"SMMH_5435_742",2.55891504455004,NA,40.77089787,-111.1069866,40.77093003,-111.1069735,NA,17.2067341717851,40.77093003,-111.1069735,NA,17.2067341717851,40.77093003,-111.1069735,NA,17.2067341717851,40.7709207,-111.1069908,NA,-7.96189764441204
"103","SMMH",5422,"ABLA",1.6,11.7,0,0,"0",1,1,1,1,"0","0","0","0",NA,NA,0,0,"0","0","0","0",0,0,0,0,"0","0","0",NA,0,0,0,0,"0","0","0",NA,0,0,0,0,"0","0","0",NA,0,0,0,0,"0","0","0",NA,0,0,0,0,"0","0","0",NA,0,0,0,0,"0","0","0",NA,NA,NA,NA,NA,1,2,3,4,NA,NA,NA,NA,0,0,0,0,0,"SMMH5422",445,5422,NA,"Point",2322.383,NA,0.129075031280393,0,0,0,0,"SMMH_5422_732","SMMH_5440_746",3.64588502990362,"SMMH_5440_746",3.64588502990362,"SMMH_5440_746",3.64588502990362,"SMMH_5435_742",2.23969155577986,NA,40.77090057,-111.1069926,40.77093003,-111.1069735,NA,26.2387092983226,40.77093003,-111.1069735,NA,26.2387092983226,40.77093003,-111.1069735,NA,26.2387092983226,40.7709207,-111.1069908,NA,3.88903961581645
"104","SMMH",5423,"ABLA",1.3,10.6,0,0,"0",1,1,1,1,"0","0","0","0",NA,NA,0,0,"0","0","0","0",0,0,0,0,"0","0","0",NA,0,0,0,0,"0","0","0",NA,0,0,0,0,"0","0","0",NA,0,0,0,0,"0","0","0",NA,0,0,0,0,"0","0","0",NA,0,0,0,0,"0","0","0",NA,NA,NA,NA,NA,1,2,3,4,NA,NA,NA,NA,0,0,0,0,0,"SMMH5423",446,5423,NA,"Point",2322.619,NA,0.129228187192761,0,0,0,0,"SMMH_5423_733","SMMH_5440_746",3.50228612279556,"SMMH_5409_724",3.44622548974574,"SMMH_5409_724",3.44622548974574,"SMMH_5435_742",1.96044792389807,NA,40.77090347,-111.1069959,40.77093003,-111.1069735,NA,32.6670950733443,40.77090447,-111.107036714667,NA,-88.1541329061055,40.77090447,-111.107036714667,NA,-88.1541329061055,40.7709207,-111.1069908,NA,12.6821089304751
"105","SMMH",5426,"ABLA",1.8,14.5,1.5,0,"0",1,1,1,1,"0","0","0","0",NA,NA,0,0,"0","0","0","0",0,0,0,0,"0","0","0",NA,0,0,0,0,"0","0","0",NA,0,0,0,0,"0","0","0",NA,0,0,0,0,"0","0","0",NA,0,0,0,0,"0","0","0",NA,0,0,0,0,"0","0","0",NA,NA,"Rot in area","Rot in area","Rot in area",1,2,3,4,NA,NA,NA,NA,0,0,0,0,0,"SMMH5426",449,5426,NA,"Point",2322.929,NA,0.127981549558037,0,0,0,0,"SMMH_5426_734","SMMH_5410_725",3.05435091979024,"SMMH_5409_724",2.78486215520513,"SMMH_5409_724",2.78486215520513,"SMMH_5409_724",2.78486215520513,NA,40.77089492,-111.1070062,40.77090414,-111.1070403,NA,-70.4222716053154,40.77090447,-111.107036714667,NA,-67.6251128251601,40.77090447,-111.107036714667,NA,-67.6251128251601,40.77090447,-111.107036714667,NA,-67.6251128251601
"106","SMMH",5427,"ABLA",2.8,22,1.5,0,"0",1,1,1,1,"0","0","0","0",NA,NA,0,0,"0","0","0","0",0,0,0,0,"0","0","0",NA,0,0,0,0,"0","0","0",NA,0,0,0,0,"0","0","0",NA,0,0,0,0,"0","0","0",NA,0,0,0,0,"0","0","0",NA,0,0,0,0,"0","0","0",NA,NA,NA,NA,NA,1,2,3,4,NA,NA,NA,NA,0,0,0,0,0,"SMMH5427",450,5427,NA,"Point",2322.823,NA,0.128119557724129,0,0,0,0,"SMMH_5427_735","SMMH_5410_725",3.24021025877783,"SMMH_5409_724",2.96554089984533,"SMMH_5409_724",2.96554089984533,"SMMH_5409_724",2.96554089984533,NA,40.77089532,-111.1070037,40.77090414,-111.1070403,NA,-72.4125353585725,40.77090447,-111.107036714667,NA,-69.9707368089971,40.77090447,-111.107036714667,NA,-69.9707368089971,40.77090447,-111.107036714667,NA,-69.9707368089971
"107","SMMH",5428,"ABLA",2.1,12.3,1.9,0,"0",1,1,1,1,"0","0","0","0",NA,NA,0,0,"0","0","0","0",0,0,0,0,"0","0","0",NA,0,0,0,0,"0","0","0",NA,0,0,0,0,"0","0","0",NA,0,0,0,0,"0","0","0",NA,0,0,0,0,"0","0","0",NA,0,0,0,0,"0","0","0",NA,NA,NA,NA,NA,1,2,3,4,NA,NA,NA,NA,0,0,0,0,0,"SMMH5428",451,5428,NA,"Point",2322.282,NA,0.127104142655178,0,0,0,0,"SMMH_5428_736","SMMH_5410_725",2.20507133284484,"SMMH_5409_724",2.00651309089544,"SMMH_5409_724",2.00651309089544,"SMMH_5409_724",2.00651309089544,NA,40.77089154,-111.1070201,40.77090414,-111.1070403,NA,-50.6322957180466,40.77090447,-111.107036714667,NA,-44.3306476922815,40.77090447,-111.107036714667,NA,-44.3306476922815,40.77090447,-111.107036714667,NA,-44.3306476922815
"108","SMMH",5429,"ABLA",NA,3.5,NA,0,"0",1,1,1,1,"0","0","0","0",NA,NA,0,0,"0","0","0","0",0,0,0,0,"0","0","0",NA,0,0,0,0,"0","0","0",NA,0,0,0,0,"0","0","0",NA,0,0,0,0,"0","0","0",NA,0,0,0,0,"0","0","0",NA,0,0,0,0,"0","0","0",NA,NA,NA,NA,NA,1,2,3,4,NA,NA,NA,NA,0,0,0,0,0,"SMMH5429",452,5429,NA,"Point",2322.133,NA,0.128297621395693,0,0,0,0,"SMMH_5429_737","SMMH_5410_725",2.55045958771174,"SMMH_5409_724",2.26175366024045,"SMMH_5409_724",2.26175366024045,"SMMH_5409_724",2.26175366024045,NA,40.77089989,-111.1070106,40.77090414,-111.1070403,NA,-79.3402988693441,40.77090447,-111.107036714667,NA,-77.0098753662764,40.77090447,-111.107036714667,NA,-77.0098753662764,40.77090447,-111.107036714667,NA,-77.0098753662764
"109","SMMH",5430,"ABLA",1.4,12,0,0,"0",1,1,1,1,"0","0","0","0",NA,NA,0,0,"0","0","0","0",0,0,0,0,"0","0","0",NA,0,0,0,0,"0","0","0",NA,0,0,0,0,"0","0","0",NA,0,0,0,0,"0","0","0",NA,0,0,0,0,"0","0","0",NA,0,0,0,0,"0","0","0",NA,"Rot in area","Rot in area","Rot in area","Rot in area",1,2,3,4,NA,NA,NA,NA,0,0,0,0,0,"SMMH5430",453,5430,NA,"Point",2322.597,NA,0.126777759827824,0,0,0,0,"SMMH_5430_738","SMMH_5410_725",2.28408486621488,"SMMH_5409_724",2.12100232141104,"SMMH_5409_724",2.12100232141104,"SMMH_5409_724",2.12100232141104,NA,40.77088898,-111.107022,40.77090414,-111.1070403,NA,-42.5432541219788,40.77090447,-111.107036714667,NA,-35.8368353071721,40.77090447,-111.107036714667,NA,-35.8368353071721,40.77090447,-111.107036714667,NA,-35.8368353071721
"110","SMMH",5432,"ABLA",NA,5.7,NA,0,"0",1,1,1,1,"0","0","0","0",NA,NA,0,0,"0","0","0","0",0,0,0,0,"0","0","0",NA,0,0,0,0,"0","0","0",NA,0,0,0,0,"0","0","0",NA,0,0,0,0,"0","0","0",NA,0,0,0,0,"0","0","0",NA,0,0,0,0,"0","0","0",NA,NA,NA,NA,NA,1,2,3,4,NA,NA,NA,NA,0,0,0,0,0,"SMMH5432",454,5432,NA,"Point",2323.277,NA,0.127050230771503,0,0,0,0,"SMMH_5432_739","SMMH_5410_725",2.39259465518306,"SMMH_5409_724",2.1945726866004,"SMMH_5409_724",2.1945726866004,"SMMH_5409_724",2.1945726866004,NA,40.77089036,-111.1070185,40.77090414,-111.1070403,NA,-50.2583099798119,40.77090447,-111.107036714667,NA,-44.4626193989799,40.77090447,-111.107036714667,NA,-44.4626193989799,40.77090447,-111.107036714667,NA,-44.4626193989799
"111","SMMH",5433,"ABLA",NA,7.3,NA,0,"0",1,1,1,1,"0","0","0","0",NA,NA,0,0,"0","0","0","0",0,0,0,0,"0","0","0",NA,0,0,0,0,"0","0","0",NA,0,0,0,0,"0","0","0",NA,0,0,0,0,"0","0","0",NA,0,0,0,0,"0","0","0",NA,0,0,0,0,"0","0","0",NA,NA,"Cut","Cut","Cut",1,2,3,4,NA,NA,NA,NA,0,0,0,0,0,"SMMH5433",455,5433,NA,"Point",2322.233,NA,0.130164147065467,0,0,0,0,"SMMH_5433_740","SMMH_5440_746",3.38446794776347,"SMMH_5440_746",3.38446794776347,"SMMH_5440_746",3.38446794776347,"SMMH_5435_742",3.15129878548795,NA,40.77090025,-111.1069649,40.77093003,-111.1069735,NA,-12.3827940893562,40.77093003,-111.1069735,NA,-12.3827940893562,40.77093003,-111.1069735,NA,-12.3827940893562,40.7709207,-111.1069908,NA,-43.916142176945
"112","SMMH",5434,"ABLA",1.9,14.3,0,0,"0",1,1,1,1,"0","0","0","0",NA,NA,0,0,"0","0","0","0",0,0,0,0,"0","0","0",NA,0,0,0,0,"0","0","0",NA,0,0,0,0,"0","0","0",NA,0,0,0,0,"0","0","0",NA,0,0,0,0,"0","0","0",NA,0,0,0,0,"0","0","0",NA,NA,NA,NA,NA,1,2,3,4,NA,NA,NA,NA,0,0,0,0,0,"SMMH5434",456,5434,NA,"Point",2323.834,NA,0.130258757945096,0,0,0,0,"SMMH_5434_741","SMMH_5440_746",2.76152409068141,"SMMH_5440_746",2.76152409068141,"SMMH_5440_746",2.76152409068141,"SMMH_5435_742",2.21690518864296,NA,40.77090516,-111.1069743,40.77093003,-111.1069735,NA,1.40090572774726,40.77093003,-111.1069735,NA,1.40090572774726,40.77093003,-111.1069735,NA,1.40090572774726,40.7709207,-111.1069908,NA,-38.9111414027368
"113","SMMH",5435,"ABLA",5.3,35.1,0.8,0,"0",1,1,1,1,"0","0","0","BO",NA,NA,0,0,"0","0","0","0",0,0,0,0,"0","0","0",NA,0,0,0,1,"0","0","0",NA,0,0,0,1,"0","0","0",NA,0,0,0,0,"0","0","0",NA,0,0,0,0,"0","0","0",NA,0,0,0,0,"0","0","0",NA,"Cut","Cut","Cut","Cut",1,2,3,4,NA,NA,NA,NA,0,0,0,1,1,"SMMH5435",457,5435,NA,"Point",2324.125,NA,0.131121841289341,0,0,0,1,"SMMH_5435_742","SMMH_5440_746",1.79002281187014,"SMMH_5440_746",1.79002281187014,"SMMH_5439_745",1.68297971921721,"SMMH_5440_746",1.79002281187014,NA,40.7709207,-111.1069908,40.77093003,-111.1069735,NA,54.6489951671952,40.77093003,-111.1069735,NA,54.6489951671952,40.77093498,-111.1069841,NA,19.6314039945289,40.77093003,-111.1069735,NA,54.6489951671952
"114","SMMH",5436,"ABLA",NA,9.6,NA,0,"0",1,1,1,1,"0","0","0","0",NA,NA,0,0,"0","0","0","0",0,0,0,0,"0","0","0",NA,0,0,0,0,"0","0","0",NA,0,0,0,0,"0","0","0",NA,0,0,0,0,"0","0","0",NA,0,0,0,0,"0","0","0",NA,0,0,0,0,"0","0","0",NA,NA,NA,NA,NA,1,2,3,4,NA,NA,NA,NA,0,0,0,0,0,"SMMH5436",458,5436,NA,"Point",2322.327,NA,0.132166032882175,0,0,0,0,"SMMH_5436_743","SMMH_5440_746",0.99300313110904,"SMMH_5440_746",0.99300313110904,"SMMH_5439_745",0.661476872761094,"SMMH_5440_746",0.99300313110904,NA,40.77092908,-111.1069852,40.77093003,-111.1069735,NA,83.9038051580204,40.77093003,-111.1069735,NA,83.9038051580204,40.77093498,-111.1069841,NA,8.06749055412873,40.77093003,-111.1069735,NA,83.9038051580204
"115","SMMH",5438,"ABLA",NA,5.7,NA,0,"0",1,1,1,1,"0","0","0","0",NA,NA,1,1,"0","0","0","0",0,0,0,0,"0","0","0",NA,0,0,0,0,"0","0","0",NA,0,0,0,0,"0","0","0",NA,0,0,0,0,"0","0","0",NA,0,0,0,0,"0","0","0",NA,0,0,0,0,"0","0","0",NA,NA,NA,NA,NA,1,2,3,4,NA,NA,NA,NA,0,0,0,0,0,"SMMH5438",460,5438,NA,"Point",2321.394,NA,0.130818229248202,0,0,0,0,"SMMH_5438_744","SMMH_5440_746",2.8191760613195,"SMMH_5440_746",2.8191760613195,"SMMH_5439_745",2.22789540063679,"SMMH_5435_742",1.30481547162499,NA,40.77092355,-111.1070058,40.77093003,-111.1069735,NA,75.2174999817997,40.77093003,-111.1069735,NA,75.2174999817997,40.77093498,-111.1069841,NA,55.2845414033341,40.7709207,-111.1069908,NA,104.031735468327
"116","SMMH",5439,"ABLA",4.4,36.9,1.8,0,"0",1,1,1,1,"0","0","BO","0",NA,NA,0,0,"0","0","0","0",0,0,0,0,"0","0","0",NA,0,0,0,0,"0","0","0",NA,0,0,0,0,"0","0","0",NA,0,0,1,0,"0","0","3-0",NA,0,0,0,0,"0","0","0",NA,0,0,0,0,"0","0","0",NA,NA,NA,NA,NA,1,2,3,4,NA,NA,NA,NA,0,0,1,0,1,"SMMH5439",461,5439,NA,"Point",2322.045,NA,0.132789619504843,0,0,1,0,"SMMH_5439_745","SMMH_5440_746",1.04983546351575,"SMMH_5440_746",1.04983546351575,"SMMH_5440_746",1.04983546351575,"SMMH_5440_746",1.04983546351575,NA,40.77093498,-111.1069841,40.77093003,-111.1069735,NA,121.560061354661,40.77093003,-111.1069735,NA,121.560061354661,40.77093003,-111.1069735,NA,121.560061354661,40.77093003,-111.1069735,NA,121.560061354661
"117","SMMH",5440,"ABLA",4.8,31,0,0,"0",1,1,1,1,"BO","BO","BO","BO",NA,NA,0,0,"0","0","0","0",0,0,0,1,"0","0","0",NA,1,1,0,1,"0","0","0",NA,0,0,0,0,"0","0","0",NA,0,0,0,0,"0","0","0",NA,0,0,0,1,"0","0","0",NA,0,0,1,0,"0","0","0",NA,NA,NA,NA,NA,1,2,3,4,NA,NA,NA,NA,1,1,1,1,0,"SMMH5440",462,5440,NA,"Point",2320.627,NA,0.132722030314685,1,1,1,1,"SMMH_5440_746","SMMH_5410_725",6.32768924640124,"SMMH_5409_724",6.04239472516359,"SMMH_5439_745",1.04983546351575,"SMMH_5435_742",1.79002281187014,NA,40.77093003,-111.1069735,40.77090414,-111.1070403,NA,-117.012307459614,40.77090447,-111.107036714667,NA,-118.005990966163,40.77093498,-111.1069841,NA,-58.4399317231526,40.7709207,-111.1069908,NA,-125.350993535275
"118","SMMH",5441,"ABLA",3,19.4,0,0,"0",1,1,1,1,"0","0","0","0",NA,NA,0,0,"0","0","0","0",0,0,0,0,"0","0","0",NA,0,0,0,0,"0","0","0",NA,0,0,0,0,"0","0","0",NA,0,0,0,0,"0","0","0",NA,0,0,0,0,"0","0","0",NA,0,0,0,0,"0","0","0",NA,NA,NA,NA,NA,1,2,3,4,NA,NA,NA,NA,0,0,0,0,0,"SMMH5441",NA,5441,NA,"Point",2322.228,NA,0.132943062692193,0,0,0,0,"SMMH_5441_747","SMMH_5440_746",0.251911119602808,"SMMH_5440_746",0.251911119602808,"SMMH_5440_746",0.251911119602808,"SMMH_5440_746",0.251911119602808,NA,40.77093127,-111.106971,40.77093003,-111.1069735,NA,-123.120977974745,40.77093003,-111.1069735,NA,-123.120977974745,40.77093003,-111.1069735,NA,-123.120977974745,40.77093003,-111.1069735,NA,-123.120977974745
"119","SMMH",5442,"ABLA",1.1,7.8,0.9,0,"0",1,1,1,1,"0","0","0","0",NA,NA,0,0,"0","0","0","0",0,0,0,0,"0","0","0",NA,0,0,0,0,"0","0","0",NA,0,0,0,0,"0","0","0",NA,0,0,0,0,"0","0","0",NA,0,0,0,0,"0","0","0",NA,0,0,0,0,"0","0","0",NA,NA,NA,NA,NA,1,2,3,4,NA,NA,NA,NA,0,0,0,0,0,"SMMH5442",463,5442,NA,"Point",2322.228,NA,0.132943062692193,0,0,0,0,"SMMH_5442_748","SMMH_5440_746",0.251911119602808,"SMMH_5440_746",0.251911119602808,"SMMH_5440_746",0.251911119602808,"SMMH_5440_746",0.251911119602808,NA,40.77093127,-111.106971,40.77093003,-111.1069735,NA,-123.120977974745,40.77093003,-111.1069735,NA,-123.120977974745,40.77093003,-111.1069735,NA,-123.120977974745,40.77093003,-111.1069735,NA,-123.120977974745
"120","SMMH",5443,"ABLA",NA,7.6,NA,0,"0",1,1,1,1,"0","0","0","0",NA,NA,0,0,"0","0","0","0",0,0,0,0,"0","0","0",NA,0,0,0,0,"0","0","0",NA,0,0,0,0,"0","0","0",NA,0,0,0,0,"0","0","0",NA,0,0,0,0,"0","0","0",NA,0,0,0,0,"0","0","0",NA,NA,NA,NA,NA,1,2,3,4,NA,NA,NA,NA,0,0,0,0,0,"SMMH5443",464,5443,NA,"Point",2322.778,NA,0.133698138053633,0,0,0,0,"SMMH_5443_749","SMMH_5440_746",1.12276988960096,"SMMH_5440_746",1.12276988960096,"SMMH_5439_745",1.03395370665991,"SMMH_5440_746",1.12276988960096,NA,40.77094014,-111.1069739,40.77093003,-111.1069735,NA,178.277103563719,40.77093003,-111.1069735,NA,178.277103563719,40.77093498,-111.1069841,NA,-123.640287084063,40.77093003,-111.1069735,NA,178.277103563719
"121","SMMH",5444,"ABLA",2.6,19.3,1.4,0,"0",1,1,1,1,"0","0","0","0",NA,NA,0,0,"0","0","0","0",0,0,0,0,"0","0","0",NA,0,0,0,0,"0","0","0",NA,0,0,0,0,"0","0","0",NA,0,0,0,0,"0","0","0",NA,0,0,0,0,"0","0","0",NA,0,0,0,0,"0","0","0",NA,NA,NA,NA,NA,1,2,3,4,NA,NA,NA,NA,0,0,0,0,0,"SMMH5444",465,5444,NA,"Point",2323.589,NA,0.134089371677787,0,0,0,0,"SMMH_5444_750","SMMH_5440_746",1.38637790077962,"SMMH_5440_746",1.38637790077962,"SMMH_5440_746",1.38637790077962,"SMMH_5440_746",1.38637790077962,NA,40.77093988,-111.1069634,40.77093003,-111.1069735,NA,-142.061814881257,40.77093003,-111.1069735,NA,-142.061814881257,40.77093003,-111.1069735,NA,-142.061814881257,40.77093003,-111.1069735,NA,-142.061814881257
"122","SMMH",5445,"ABLA",1.8,17,0,0,"0",1,1,1,1,"0","0","0","0",NA,NA,0,0,"0","0","0","0",0,0,0,0,"0","0","0",NA,0,0,0,0,"0","0","0",NA,0,0,0,0,"0","0","0",NA,0,0,0,0,"0","0","0",NA,0,0,0,0,"0","0","0",NA,0,0,0,0,"0","0","0",NA,NA,NA,NA,NA,1,2,3,4,NA,NA,NA,NA,0,0,0,0,0,"SMMH5445",466,5445,NA,"Point",2323.341,NA,0.133621915088818,0,0,0,0,"SMMH_5445_751","SMMH_5440_746",1.53013291440495,"SMMH_5440_746",1.53013291440495,"SMMH_5439_745",0.852383744552223,"SMMH_5440_746",1.53013291440495,NA,40.7709424,-111.1069815,40.77093003,-111.1069735,NA,153.817766315855,40.77093003,-111.1069735,NA,153.817766315855,40.77093498,-111.1069841,NA,-165.083051145241,40.77093003,-111.1069735,NA,153.817766315855
"123","SMMH",5450,"ABLA",NA,1.1,NA,0,"0",1,1,1,1,"0","0","0","0",NA,NA,0,0,"0","0","0","0",0,0,0,0,"0","0","0",NA,0,0,0,0,"0","0","0",NA,0,0,0,0,"0","0","0",NA,0,0,0,0,"0","0","0",NA,0,0,0,0,"0","0","0",NA,0,0,0,0,"0","0","0",NA,"2-5","2-5","2-5","2-5",1,2,3,4,NA,NA,NA,NA,0,0,0,0,0,"SMMH5450",471,5450,NA,"Point",2324.676,NA,0.125189653515806,0,0,0,0,"SMMH_5450_752","SMMH_5309_630",3.15288385845335,"SMMH_5414_778",2.31913363901308,"SMMH_5414_778",2.31913363901308,"SMMH_5309_630",3.15288385845335,NA,40.77089573,-111.1070823,40.77090681,-111.1070479,NA,67.0393195572345,40.77088301,-111.1070605,NA,127.505807190033,40.77088301,-111.1070605,NA,127.505807190033,40.77090681,-111.1070479,NA,67.0393195572345
"124","SMMH",5451,"ABLA",3.7,24.6,1.8,0,"0",1,1,1,1,"0","0","0","0",NA,NA,0,0,"0","0","0","0",0,0,0,0,"0","0","0",NA,0,0,0,0,"0","0","0",NA,0,0,0,0,"0","0","0",NA,0,0,0,0,"0","0","0",NA,0,0,0,0,"0","0","0",NA,0,0,0,0,"0","0","0",NA,"Rot in area, >5","Rot in area, >5","Rot in area, >5","Rot in area, >5",1,2,3,4,NA,NA,NA,NA,0,0,0,0,0,"SMMH5451",472,5451,NA,"Point",2324.998,NA,0.123721986304794,0,0,0,0,"SMMH_5451_753","SMMH_5309_630",4.69638883272649,"SMMH_5414_778",3.05868481578583,"SMMH_5414_778",3.05868481578583,"SMMH_5309_630",4.69638883272649,NA,40.7708862,-111.1070965,40.77090681,-111.1070479,NA,60.8469609929042,40.77088301,-111.1070605,NA,96.6480760091547,40.77088301,-111.1070605,NA,96.6480760091547,40.77090681,-111.1070479,NA,60.8469609929042
"125","SMMH",5456,"ABLA",NA,1.8,NA,0,"0",1,1,1,1,"0","0","0","0",NA,NA,0,0,"0","0","0","0",0,0,0,0,"0","0","0",NA,0,0,0,0,"0","0","0",NA,0,0,0,0,"0","0","0",NA,0,0,0,0,"0","0","0",NA,0,0,0,0,"0","0","0",NA,0,0,0,0,"0","0","0",NA,NA,NA,NA,NA,1,2,3,4,NA,NA,NA,NA,0,0,0,0,0,"SMMH5456",476,5456,NA,"Point",2324.807,NA,0.121198433712511,0,0,0,0,"SMMH_5456_754","SMMH_5309_630",6.48388664929919,"SMMH_5414_778",3.81432012161079,"SMMH_5414_778",3.81432012161079,"SMMH_5309_630",6.48388664929919,NA,40.77086037,-111.1070945,40.77090681,-111.1070479,NA,37.3390420082093,40.77088301,-111.1070605,NA,48.7859194082368,40.77088301,-111.1070605,NA,48.7859194082368,40.77090681,-111.1070479,NA,37.3390420082093
"126","SMMH",5457,"ABLA",NA,5.2,NA,0,"0",1,1,1,1,"0","0","0","0",NA,NA,0,0,"0","0","0","0",0,0,0,0,"0","0","0",NA,0,0,0,0,"0","0","0",NA,0,0,0,0,"0","0","0",NA,0,0,0,0,"0","0","0",NA,0,0,0,0,"0","0","0",NA,0,0,0,0,"0","0","0",NA,NA,NA,NA,NA,1,2,3,4,NA,NA,NA,NA,0,0,0,0,0,"SMMH5457",477,5457,NA,"Point",2325.154,NA,0.121766681057226,0,0,0,0,"SMMH_5457_755","SMMH_5309_630",6.34806477778144,"SMMH_5414_778",4.05746636858455,"SMMH_5414_778",4.05746636858455,"SMMH_5309_630",6.34806477778144,NA,40.77086994,-111.1071054,40.77090681,-111.1070479,NA,49.854865772271,40.77088301,-111.1070605,NA,69.0488074743436,40.77088301,-111.1070605,NA,69.0488074743436,40.77090681,-111.1070479,NA,49.854865772271
"127","SMMH",5458,"ABLA",NA,5.7,NA,0,"0",1,1,1,1,"0","0","0","0",NA,NA,0,0,"0","0","0","0",0,0,0,0,"0","0","0",NA,0,0,0,0,"0","0","0",NA,0,0,0,0,"0","0","0",NA,0,0,0,0,"0","0","0",NA,0,0,0,0,"0","0","0",NA,0,0,0,0,"0","0","0",NA,NA,NA,NA,NA,1,2,3,4,NA,NA,NA,NA,0,0,0,0,0,"SMMH5458",478,5458,NA,"Point",2325.576,NA,0.122029909044862,0,0,0,0,"SMMH_5458_756","SMMH_5309_630",7.59899304136455,"SMMH_5414_778",6.00241218017058,"SMMH_5414_778",6.00241218017058,"SMMH_5309_630",7.59899304136455,NA,40.77088157,-111.1071316,40.77090681,-111.1070479,NA,68.3643301553199,40.77088301,-111.1070605,NA,88.4739790840518,40.77088301,-111.1070605,NA,88.4739790840518,40.77090681,-111.1070479,NA,68.3643301553199
"128","SMMH",5459,"ABLA",NA,8.1,NA,0,"0",1,1,1,1,"0","0","0","0",NA,NA,0,0,"0","0","0","0",0,0,0,0,"0","0","0",NA,0,0,0,0,"0","0","0",NA,0,0,0,0,"0","0","0",NA,0,0,0,0,"0","0","0",NA,0,0,0,0,"0","0","0",NA,0,0,0,0,"0","0","0",NA,NA,NA,NA,NA,1,2,3,4,NA,NA,NA,NA,0,0,0,0,0,"SMMH5459",479,5459,NA,"Point",2324.764,NA,0.120629192508696,0,0,0,0,"SMMH_5459_757","SMMH_5309_630",7.49688521793476,"SMMH_5414_778",5.09764651905633,"SMMH_5414_778",5.09764651905633,"SMMH_5309_630",7.49688521793476,NA,40.77086169,-111.107114,40.77090681,-111.1070479,NA,48.0805747976263,40.77088301,-111.1070605,NA,62.3376804945264,40.77088301,-111.1070605,NA,62.3376804945264,40.77090681,-111.1070479,NA,48.0805747976263
"129","SMMH",5460,"ABLA",NA,5.2,NA,0,"0",1,1,1,1,"0","0","0","0",NA,NA,0,0,"0","0","0","0",0,0,0,0,"0","0","0",NA,0,0,0,0,"0","0","0",NA,0,0,0,0,"0","0","0",NA,0,0,0,0,"0","0","0",NA,0,0,0,0,"0","0","0",NA,0,0,0,0,"0","0","0",NA,NA,NA,NA,NA,1,2,3,4,NA,NA,NA,NA,0,0,0,0,0,"SMMH5460",480,5460,NA,"Point",2325.367,NA,0.118882195018238,0,0,0,0,"SMMH_5460_758","SMMH_5309_630",9.02704170707031,"SMMH_5414_778",6.42227683431946,"SMMH_5414_778",6.42227683431946,"SMMH_5309_630",9.02704170707031,NA,40.77084619,-111.1071192,40.77090681,-111.1070479,NA,41.8029221642466,40.77088301,-111.1070605,NA,50.4752333145279,40.77088301,-111.1070605,NA,50.4752333145279,40.77090681,-111.1070479,NA,41.8029221642466
"130","SMMH",5461,"ABLA",NA,5.8,NA,0,"0",1,NA,NA,NA,"0",NA,NA,NA,NA,NA,NA,NA,"0",NA,NA,NA,0,NA,NA,NA,"0",NA,NA,NA,0,NA,NA,NA,"0",NA,NA,NA,0,NA,NA,NA,"0",NA,NA,NA,0,NA,NA,NA,"0",NA,NA,NA,0,NA,NA,NA,"0",NA,NA,NA,0,NA,NA,NA,"0",NA,NA,NA,NA,NA,NA,NA,1,NA,NA,NA,NA,NA,NA,NA,0,NA,NA,NA,NA,"SMMH5461",481,5461,NA,"Point",2324.406,NA,0.119233763204838,0,NA,NA,NA,"SMMH_5461_759","SMMH_5309_630",8.32175458055749,"SMMH_5414_778",5.49764731113207,"SMMH_5414_778",5.49764731113207,"SMMH_5309_630",8.32175458055749,NA,40.77084058,-111.1070941,40.77090681,-111.1070479,NA,27.9383350491648,40.77088301,-111.1070605,NA,31.049610396974,40.77088301,-111.1070605,NA,31.049610396974,40.77090681,-111.1070479,NA,27.9383350491648
"131","SMMH",5462,"ABLA",2.3,13.4,0,0,"0",1,1,1,1,"0","0","0","0",NA,NA,0,0,"0","0","0","0",0,0,0,0,"0","0","0",NA,0,0,0,0,"0","0","0",NA,0,0,0,0,"0","0","0",NA,0,0,0,0,"0","0","0",NA,0,0,0,0,"0","0","0",NA,0,0,0,0,"0","0","0",NA,NA,NA,NA,NA,1,2,3,4,NA,NA,NA,NA,0,0,0,0,0,"SMMH5462",484,5462,NA,"Point",2325.255,NA,0.117051535908357,0,0,0,0,"SMMH_5462_760","SMMH_5309_630",10.4979934213681,"SMMH_5414_778",7.65894523449127,"SMMH_5414_778",7.65894523449127,"SMMH_5309_630",10.4979934213681,NA,40.77082165,-111.107102,40.77090681,-111.1070479,NA,25.7791579141694,40.77088301,-111.1070605,NA,27.2116674152905,40.77088301,-111.1070605,NA,27.2116674152905,40.77090681,-111.1070479,NA,25.7791579141694
"132","SMMH",5463,"ABLA",2.2,13.5,0,0,"0",1,1,1,1,"0","0","0","0",NA,NA,0,0,"0","0","0","0",0,0,0,0,"0","0","0",NA,0,0,0,0,"0","0","0",NA,0,0,0,0,"0","0","0",NA,0,0,0,0,"0","0","0",NA,0,0,0,0,"0","0","0",NA,0,0,0,0,"0","0","0",NA,NA,NA,NA,NA,1,2,3,4,NA,NA,NA,NA,0,0,0,0,0,"SMMH5463",NA,5463,NA,"Point",2325.198,NA,0.118307473815283,0,0,0,0,"SMMH_5463_761","SMMH_5410_725",9.2829251862315,"SMMH_5414_778",6.49418380186896,"SMMH_5414_778",6.49418380186896,"SMMH_5410_725",9.2829251862315,NA,40.77082704,-111.1070829,40.77090414,-111.1070403,NA,22.7854526984227,40.77088301,-111.1070605,NA,16.9231562727513,40.77088301,-111.1070605,NA,16.9231562727513,40.77090414,-111.1070403,NA,22.7854526984227
"133","SMMH",5464,"ABLA",1.4,10.7,0,0,"0",1,1,1,1,"0","0","0","0",NA,1,0,0,"0","0","0","0",0,0,0,0,"0","0","0",NA,0,0,0,0,"0","0","0",NA,0,0,0,0,"0","0","0",NA,0,0,0,0,"0","0","0",NA,0,0,0,0,"0","0","0",NA,0,0,0,0,"0","0","0",NA,NA,NA,NA,NA,1,2,3,4,NA,NA,NA,NA,0,0,0,0,0,"SMMH5464",483,5464,NA,"Point",2325.198,NA,0.118307473815283,0,0,0,0,"SMMH_5464_762","SMMH_5410_725",9.2829251862315,"SMMH_5414_778",6.49418380186896,"SMMH_5414_778",6.49418380186896,"SMMH_5410_725",9.2829251862315,NA,40.77082704,-111.1070829,40.77090414,-111.1070403,NA,22.7854526984227,40.77088301,-111.1070605,NA,16.9231562727513,40.77088301,-111.1070605,NA,16.9231562727513,40.77090414,-111.1070403,NA,22.7854526984227
"134","SMMH",5465,"ABLA",3.4,21.1,0,0,"0",1,1,1,1,"0","BO","BO","BO",NA,NA,0,0,"0","0","0","0",0,0,0,0,"0","0","0",NA,0,1,1,1,"0","0","0",NA,0,0,0,0,"0","0","0",NA,0,1,0,0,"0","0","0",NA,0,0,0,1,"0","0","0",NA,0,0,1,0,"0","0","0",NA,NA,NA,NA,NA,1,2,3,4,NA,NA,NA,NA,0,1,1,1,1,"SMMH5465",NA,5465,NA,"Point",2326.106,NA,0.104496993206717,0,1,1,1,"SMMH_5465_763","SMMH_5468_765",0.39097800729331,"SMMH_5468_765",0.39097800729331,"SMMH_5468_765",0.39097800729331,"SMMH_5469_766",0.19610440632871,NA,40.77069087,-111.1070953,40.77069251,-111.1070912,NA,62.2494285600018,40.77069251,-111.1070912,NA,62.2494285600018,40.77069251,-111.1070912,NA,62.2494285600018,40.77068946,-111.1070939,NA,142.952131468698
"135","SMMH",5466,"ABLA",1.8,12.9,2.4,0,"0",1,1,1,1,"0","0","0","0",NA,1,0,0,"0","0","0","0",0,0,0,0,"0","0","0",NA,0,0,0,0,"0","0","0",NA,0,0,0,0,"0","0","0",NA,0,0,0,0,"0","0","0",NA,0,0,0,0,"0","0","0",NA,0,0,0,0,"0","0","0",NA,NA,NA,NA,NA,1,2,3,4,NA,NA,NA,NA,0,0,0,0,0,"SMMH5466",485,5466,NA,"Point",2326.106,NA,0.104496993206717,0,0,0,0,"SMMH_5466_764","SMMH_5468_765",0.39097800729331,"SMMH_5468_765",0.39097800729331,"SMMH_5468_765",0.39097800729331,"SMMH_5469_766",0.19610440632871,NA,40.77069087,-111.1070953,40.77069251,-111.1070912,NA,62.2494285600018,40.77069251,-111.1070912,NA,62.2494285600018,40.77069251,-111.1070912,NA,62.2494285600018,40.77068946,-111.1070939,NA,142.952131468698
"136","SMMH",5468,"ABLA",2.1,17.7,0,0,"0",1,1,1,1,"BO","BO","BO","BO",NA,NA,0,0,"0","0","0","0",0,1,1,1,"0","0","0",NA,0,0,0,1,"0","0","0",NA,0,0,0,0,"0","0","0",NA,0,1,0,1,"0","0","0",NA,1,0,0,0,"0","0","0",NA,0,0,0,0,"0","0","0",NA,NA,NA,NA,NA,1,2,3,4,NA,NA,NA,NA,1,1,1,1,0,"SMMH5468",487,5468,NA,"Point",2323.342,NA,0.104828195732419,1,1,1,1,"SMMH_5468_765","SMMH_5484_782",1.3607518370924,"SMMH_5465_763",0.39097800729331,"SMMH_5465_763",0.39097800729331,"SMMH_5465_763",0.39097800729331,NA,40.77069251,-111.1070912,40.77069184,-111.1071073,NA,-93.1331230347241,40.77069087,-111.1070953,NA,-117.750568762562,40.77069087,-111.1070953,NA,-117.750568762562,40.77069087,-111.1070953,NA,-117.750568762562
"137","SMMH",5469,"ABLA",2.5,17.6,2.7,0,"0",1,1,1,1,"0","0","0","BO",NA,NA,0,0,"0","0","0","0",0,0,0,0,"0","0","0",NA,0,0,0,0,"0","0","0",NA,0,0,0,0,"0","0","0",NA,0,0,0,0,"0","0","0",NA,0,0,0,1,"0","0","0",NA,0,0,0,0,"0","0","0",NA,NA,NA,NA,NA,1,2,3,4,NA,NA,NA,NA,0,0,0,1,1,"SMMH5469",488,5469,NA,"Point",2326.371,NA,0.104420697858057,0,0,0,1,"SMMH_5469_766","SMMH_5468_765",0.408101383415385,"SMMH_5465_763",0.19610440632871,"SMMH_5465_763",0.19610440632871,"SMMH_5465_763",0.19610440632871,NA,40.77068946,-111.1070939,40.77069251,-111.1070912,NA,33.9411064778163,40.77069087,-111.1070953,NA,-37.0478676170554,40.77069087,-111.1070953,NA,-37.0478676170554,40.77069087,-111.1070953,NA,-37.0478676170554
"138","SMMH",5470,"ABLA",1.4,12.4,2.1,0,"0",1,1,1,1,"0","0","0","0",NA,NA,0,0,"0","0","0","0",0,0,0,0,"0","0","0",NA,0,0,0,0,"0","0","0",NA,0,0,0,0,"0","0","0",NA,0,0,0,0,"0","0","0",NA,0,0,0,0,"0","0","0",NA,0,0,0,0,"0","0","0",NA,NA,NA,NA,NA,1,2,3,4,NA,NA,NA,NA,0,0,0,0,0,"SMMH5470",489,5470,NA,"Point",2326.431,NA,0.103921851278542,0,0,0,0,"SMMH_5470_767","SMMH_5468_765",0.908191919402885,"SMMH_5465_763",0.636965390087196,"SMMH_5465_763",0.636965390087196,"SMMH_5469_766",0.507332011919361,NA,40.77068515,-111.1070959,40.77069251,-111.1070912,NA,25.8961063317683,40.77069087,-111.1070953,NA,4.55952844495878,40.77069087,-111.1070953,NA,4.55952844495878,40.77068946,-111.1070939,NA,19.4321942905436
"139","SMMH",5471,"ABLA",1.3,9.8,0,0,"0",1,1,1,1,"0","0","0","0",NA,1,0,0,"0","0","0","0",0,0,0,0,"0","0","0",NA,0,0,0,0,"0","0","0",NA,0,0,0,0,"0","0","0",NA,0,0,0,0,"0","0","0",NA,0,0,0,0,"0","0","0",NA,0,0,0,0,"0","0","0",NA,NA,NA,NA,NA,1,2,3,4,NA,NA,NA,NA,0,0,0,0,0,"SMMH5471",490,5471,NA,"Point",2326.521,NA,0.103761030969499,0,0,0,0,"SMMH_5471_768","SMMH_5468_765",1.31596372927737,"SMMH_5465_763",1.2228285003787,"SMMH_5465_763",1.2228285003787,"SMMH_5472_769",0.345387620677994,NA,40.77068071,-111.1070897,40.77069251,-111.1070912,NA,-5.5200807638167,40.77069087,-111.1070953,NA,-22.7355881183164,40.77069087,-111.1070953,NA,-22.7355881183164,40.77068219,-111.1070861,NA,61.5975588875301
"140","SMMH",5472,"ABLA",2.1,14.9,0,0,"0",1,1,1,1,"0","0","0","BO",NA,NA,0,0,"0","0","0","0",0,0,0,0,"0","0","0",NA,0,0,0,0,"0","0","0",NA,0,0,0,0,"0","0","0",NA,0,0,0,1,"0","0","0",NA,0,0,0,0,"0","0","0",NA,0,0,0,0,"0","0","0",NA,"Rot in area","Rot in area","Rot in area","Rot in area",1,2,3,4,NA,NA,NA,NA,0,0,0,1,1,"SMMH5472",491,5472,NA,"Point",2326.349,NA,0.104057335542838,0,0,0,1,"SMMH_5472_769","SMMH_5468_765",1.22375798969799,"SMMH_5468_765",1.22375798969799,"SMMH_5468_765",1.22375798969799,"SMMH_5469_766",1.04142624432023,NA,40.77068219,-111.1070861,40.77069251,-111.1070912,NA,-20.5916107242458,40.77069251,-111.1070912,NA,-20.5916107242458,40.77069251,-111.1070912,NA,-20.5916107242458,40.77068946,-111.1070939,NA,-39.2034742210343
"141","SMMH",5473,"ABLA",NA,3.2,NA,0,"0",1,1,1,1,"0","0","0","0",NA,NA,0,0,"0","0","0","0",0,0,0,0,"0","0","0",NA,0,0,0,0,"0","0","0",NA,0,0,0,0,"0","0","0",NA,0,0,0,0,"0","0","0",NA,0,0,0,0,"0","0","0",NA,0,0,0,0,"0","0","0",NA,NA,NA,NA,NA,1,2,3,4,NA,NA,NA,NA,0,0,0,0,0,"SMMH5473",492,5473,NA,"Point",2326.065,NA,0.104484204924484,0,0,0,0,"SMMH_5473_770","SMMH_5468_765",2.14613178924002,"SMMH_5468_765",2.14613178924002,"SMMH_5468_765",2.14613178924002,"SMMH_5467_785",0.419189357264115,NA,40.7706801,-111.1070717,40.77069251,-111.1070912,NA,-50.067318729325,40.77069251,-111.1070912,NA,-50.067318729325,40.77069251,-111.1070912,NA,-50.067318729325,40.7706837,-111.1070732,NA,-17.5768281699888
"142","SMMH",5474,"ABLA",3.3,17.2,0,0,"0",1,1,1,1,"0","0","0","0",NA,NA,0,0,"0","0","0","0",0,0,0,0,"0","0","0",NA,0,0,0,0,"0","0","0",NA,0,0,0,0,"0","0","0",NA,0,0,0,0,"0","0","0",NA,0,0,0,0,"0","0","0",NA,0,0,0,0,"0","0","0",NA,NA,NA,NA,NA,1,2,3,4,NA,NA,NA,NA,0,0,0,0,0,"SMMH5474",493,5474,NA,"Point",2325.581,NA,0.102828719551926,0,0,0,0,"SMMH_5474_771","SMMH_5478_775",0.421209433651795,"SMMH_5478_775",0.421209433651795,"SMMH_5478_775",0.421209433651795,"SMMH_5478_775",0.421209433651795,NA,40.77067122,-111.1070903,40.77066917,-111.1070945,NA,-122.701013583536,40.77066917,-111.1070945,NA,-122.701013583536,40.77066917,-111.1070945,NA,-122.701013583536,40.77066917,-111.1070945,NA,-122.701013583536
"143","SMMH",5475,"ABLA",1.3,13,0.9,0,"0",1,1,1,1,"0","0","0","0",NA,NA,0,0,"0","0","0","0",0,0,0,0,"0","0","0",NA,0,0,0,0,"0","0","0",NA,0,0,0,0,"0","0","0",NA,0,0,0,0,"0","0","0",NA,0,0,0,0,"0","0","0",NA,0,0,0,0,"0","0","0",NA,"4 Dead","4 Dead","4 Dead","4 Dead",1,2,3,4,NA,NA,NA,NA,0,0,0,0,0,"SMMH5475",494,5475,NA,"Point",2324.657,NA,0.10321290028103,0,0,0,0,"SMMH_5475_772","SMMH_5478_775",1.24529945915926,"SMMH_5478_775",1.24529945915926,"SMMH_5478_775",1.24529945915926,"SMMH_5472_769",1.20830339323606,NA,40.77067958,-111.1071,40.77066917,-111.1070945,NA,158.116018991181,40.77066917,-111.1070945,NA,158.116018991181,40.77066917,-111.1070945,NA,158.116018991181,40.77068219,-111.1070861,NA,76.1266099893907
"144","SMMH",5476,"ABLA",NA,7.2,0,0,"0",1,1,1,1,"0","0","0","0",NA,1,0,0,"0","0","0","0",0,0,0,0,"0","0","0",NA,0,0,0,0,"0","0","0",NA,0,0,0,0,"0","0","0",NA,0,0,0,0,"0","0","0",NA,0,0,0,0,"0","0","0",NA,0,0,0,0,"0","0","0",NA,NA,NA,NA,NA,1,2,3,4,NA,NA,NA,NA,0,0,0,0,0,"SMMH5476",495,5476,NA,"Point",2327.01,NA,0.102491978859975,0,0,0,0,"SMMH_5476_773","SMMH_5478_775",1.28618681290616,"SMMH_5478_775",1.28618681290616,"SMMH_5481_779",0.81330980135283,"SMMH_5478_775",1.28618681290616,NA,40.77067534,-111.1071074,40.77066917,-111.1070945,NA,122.174912144396,40.77066917,-111.1070945,NA,122.174912144396,40.77067796,-111.1071164,NA,-69.0475758508476,40.77066917,-111.1070945,NA,122.174912144396
"145","SMMH",5477,"ABLA",1.8,14.1,5.3,0,"0",1,1,1,1,"0","0","0","0",NA,NA,0,0,"0","0","0","0",0,0,0,0,"0","0","0",NA,0,0,0,0,"0","0","0",NA,0,0,0,0,"0","0","0",NA,0,0,0,0,"0","0","0",NA,0,0,0,0,"0","0","0",NA,0,0,0,0,"0","0","0",NA,NA,NA,NA,NA,1,2,3,4,NA,NA,NA,NA,0,0,0,0,0,"SMMH5477",496,5477,NA,"Point",2326.467,NA,0.102379657659157,0,0,0,0,"SMMH_5477_774","SMMH_5478_775",0.647585861344492,"SMMH_5478_775",0.647585861344492,"SMMH_5478_775",0.647585861344492,"SMMH_5478_775",0.647585861344492,NA,40.77067156,-111.1071015,40.77066917,-111.1070945,NA,114.184672149414,40.77066917,-111.1070945,NA,114.184672149414,40.77066917,-111.1070945,NA,114.184672149414,40.77066917,-111.1070945,NA,114.184672149414
"146","SMMH",5478,"ABLA",2.5,17.3,0,0,"0",1,1,1,1,"BO","BO","BO","BO",NA,NA,0,0,"0","0","0","0",0,0,0,0,"0","0","0",NA,0,1,1,1,"0","0",NA,NA,0,1,1,1,"0","0","0",NA,0,0,0,0,"0","0","0",NA,1,1,0,1,"0","0","0",NA,0,1,0,0,"0","0","0",NA,NA,NA,NA,NA,1,2,3,4,NA,NA,NA,NA,1,1,1,1,0,"SMMH5478",497,5478,NA,"Point",2326.014,NA,0.102451547967478,1,1,1,1,"SMMH_5478_775","SMMH_5479_776",1.75151280169054,"SMMH_5479_776",1.75151280169054,"SMMH_5479_776",1.75151280169054,"SMMH_5472_769",1.60977935237325,NA,40.77066917,-111.1070945,40.77065402,-111.1070887,NA,163.772072528031,40.77065402,-111.1070887,NA,163.772072528031,40.77065402,-111.1070887,NA,163.772072528031,40.77068219,-111.1070861,NA,26.1274050654437
"147","SMMH",5479,"ABLA",3,16.5,1.8,0,"0",1,1,1,1,"BO","BO","BO","BO",NA,1,1,1,"0","0","0","0",2,2,2,1,"1-0","0","0",NA,2,2,2,2,"2-0","0","4-1",NA,2,2,2,2,"3-0","0","0",NA,0,0,0,0,"0","0","0",NA,2,2,2,1,"0","0","0",NA,0,2,2,1,"0","0","0",NA,NA,NA,NA,NA,1,2,3,4,NA,NA,NA,NA,1,1,1,1,0,"SMMH5479",499,5479,NA,"Point",2326.698,NA,0.101263442016359,1,1,1,1,"SMMH_5479_776","SMMH_5367_682",1.42688189905297,"SMMH_5507_806",1.03907177183536,"SMMH_5507_806",1.03907177183536,"SMMH_5507_806",1.03907177183536,NA,40.77065402,-111.1070887,40.7706577,-111.1070725,NA,73.364146738932,40.77064476,-111.1070869,NA,171.593550984879,40.77064476,-111.1070869,NA,171.593550984879,40.77064476,-111.1070869,NA,171.593550984879
"148","SMMH",5480,"ABLA",1.6,14,1.7,0,"0",1,1,1,1,"0","0","0","0",NA,NA,0,0,"0","0","0","0",0,0,0,0,"0","0","0",NA,0,0,0,0,"0","0","0",NA,0,0,0,0,"0","0","0",NA,0,0,0,0,"0","0","0",NA,0,0,0,0,"0","0","0",NA,0,0,0,0,"0","0","0",NA,NA,NA,NA,NA,1,2,3,4,NA,NA,NA,NA,0,0,0,0,0,"SMMH5480",500,5480,NA,"Point",2326.098,NA,0.100200915256594,0,0,0,0,"SMMH_5480_777","SMMH_5479_776",2.39583797167606,"SMMH_5479_776",2.39583797167606,"SMMH_5479_776",2.39583797167606,"SMMH_5479_776",2.39583797167606,NA,40.77065573,-111.107117,40.77065402,-111.1070887,NA,94.5442166486348,40.77065402,-111.1070887,NA,94.5442166486348,40.77065402,-111.1070887,NA,94.5442166486348,40.77065402,-111.1070887,NA,94.5442166486348
"149","SMMH",5414,"ABLA",1.9,13,2.4,0,"0",1,1,1,1,NA,"BO","BO","0",NA,NA,1,1,NA,"0","0","0",0,0,0,0,NA,"0","0",NA,0,1,1,0,NA,"0","0",NA,0,0,0,0,NA,"0","0",NA,0,0,0,0,NA,"0","0",NA,0,1,1,0,NA,"0","0",NA,0,0,0,0,NA,"0","0",NA,NA,NA,NA,NA,1,2,3,4,NA,NA,NA,NA,0,1,1,0,1,"SMMH5414",437,5414,NA,"Point",2323.533,NA,0.124716677730237,0,1,1,0,"SMMH_5414_778","SMMH_5309_630",2.84788558081786,"SMMH_5309_630",2.84788558081786,"SMMH_5309_630",2.84788558081786,"SMMH_5309_630",2.84788558081786,NA,40.77088301,-111.1070605,40.77090681,-111.1070479,NA,21.924166984477,40.77090681,-111.1070479,NA,21.924166984477,40.77090681,-111.1070479,NA,21.924166984477,40.77090681,-111.1070479,NA,21.924166984477
"150","SMMH",5481,"ABLA",1.6,15.1,0.8,0,"0",1,1,1,1,"0","0","BO","0",NA,NA,0,0,"0","0","0","0",0,0,0,0,"0","0","0",NA,0,0,0,0,"0","0","0",NA,0,0,0,0,"0","0","0",NA,0,0,0,0,"0","0","0",NA,0,0,1,0,"0","0","0",NA,0,0,0,0,"0","0","0",NA,NA,NA,NA,NA,1,2,3,4,NA,NA,NA,NA,0,0,1,0,1,"SMMH5481",501,5481,NA,"Point",2328.398,NA,0.102366895649554,0,0,1,0,"SMMH_5481_779","SMMH_5484_782",1.72153869768502,"SMMH_5484_782",1.72153869768502,"SMMH_5484_782",1.72153869768502,"SMMH_5484_782",1.72153869768502,NA,40.77067796,-111.1071164,40.77069184,-111.1071073,NA,26.4934605236598,40.77069184,-111.1071073,NA,26.4934605236598,40.77069184,-111.1071073,NA,26.4934605236598,40.77069184,-111.1071073,NA,26.4934605236598
"151","SMMH",5482,"ABLA",1,9.1,2.6,0,"0",1,1,1,1,"0","0","0","0",NA,1,0,1,"0","0","0","0",0,0,0,0,"0","0","0",NA,0,0,0,0,"0","0","0",NA,0,0,0,0,"0","0","0",NA,0,0,0,0,"0","0","0",NA,0,0,0,0,"0","0","0",NA,0,0,0,0,"0","0","0",NA,"Rot in area","Rot in area","Rot in area","Rot in area",1,2,3,4,NA,NA,NA,NA,0,0,0,0,0,"SMMH5482",502,5482,NA,"Point",2328.302,NA,0.102159325853028,0,0,0,0,"SMMH_5482_780","SMMH_5643_903",1.8699132846075,"SMMH_5643_903",1.8699132846075,"SMMH_5481_779",1.44557551423476,"SMMH_5486_784",1.04583480524729,NA,40.77068261,-111.1071324,40.77068517,-111.1071543,NA,-81.2588067221151,40.77068517,-111.1071543,NA,-81.2588067221151,40.77067796,-111.1071164,NA,110.920459626336,40.77069109,-111.1071378,NA,-25.8328151856236
"152","SMMH",5483,"ABLA",1.4,13.5,5.1,0,"0",1,1,1,1,"0","0","0","0",NA,1,0,1,"0","0","0","0",0,0,0,0,"0","0","0",NA,0,0,0,0,"0","0","0",NA,0,0,0,0,"0","0","0",NA,0,0,0,0,"0","0","0",NA,0,0,0,0,"0","0","0",NA,0,0,0,0,"0","0","0",NA,"Rot in area, Bo canker","Rot in area, Bo canker","Rot in area, Bo canker","Rot in area, Bo canker",1,2,3,4,NA,NA,NA,NA,0,0,0,0,0,"SMMH5483",503,5483,NA,"Point",2326.391,NA,0.103167669356369,0,0,0,0,"SMMH_5483_781","SMMH_5484_782",1.99240352220334,"SMMH_5484_782",1.99240352220334,"SMMH_5484_782",1.99240352220334,"SMMH_5486_784",0.59835502094023,NA,40.77069233,-111.1071309,40.77069184,-111.1071073,NA,91.5643590519388,40.77069184,-111.1071073,NA,91.5643590519388,40.77069184,-111.1071073,NA,91.5643590519388,40.77069109,-111.1071378,NA,-103.299505437561
"153","SMMH",5484,"ABLA",6,33.1,0,0,"0",1,1,1,1,"BO","BR, BO","BR, BO","BR, BO",NA,1,0,1,"0","0","0","0",3,2,3,3,"4-8","4-22","4-22","4-26",3,3,3,3,"3-1","3-16","3-15","3-11",2,3,2,2,"0","3-1","3-1",NA,2,2,2,2,"1-5","1-3","1-2","1-2",3,3,3,3,"1-5","1-34","1-35","1-35",2,2,2,2,"2-1","2-7","2-8","2-5","Bo canker","Bo canker, Old Window Ratings","Bo canker, Old Window Ratings","Bo canker, Old Window Ratings",1,2,3,4,NA,NA,NA,NA,1,1,1,1,0,"SMMH5484",504,5484,NA,"Point",2327.068,NA,0.10408731837173,1,1,1,1,"SMMH_5484_782","SMMH_5468_765",1.3607518370924,"SMMH_5465_763",1.01841707508961,"SMMH_5465_763",1.01841707508961,"SMMH_5465_763",1.01841707508961,NA,40.77069184,-111.1071073,40.77069251,-111.1070912,NA,86.8668664514397,40.77069087,-111.1070953,NA,96.0690970550565,40.77069087,-111.1070953,NA,96.0690970550565,40.77069087,-111.1070953,NA,96.0690970550565
"154","SMMH",5485,"ABLA",NA,3.4,0,0,"0",1,1,1,1,"0","0","0","0",NA,1,0,1,"0","0","0","0",0,0,0,0,"0","0","0",NA,0,0,0,0,"0","0","0",NA,0,0,0,0,"0","0","0",NA,0,0,0,0,"0","0","0",NA,0,0,0,0,"0","0","0",NA,0,0,0,0,"0","0","0",NA,NA,NA,NA,NA,1,2,3,4,NA,NA,NA,NA,0,0,0,0,0,"SMMH5485",505,5485,NA,"Point",2325.823,NA,0.104149601770098,0,0,0,0,"SMMH_5485_783","SMMH_5484_782",1.87849033756605,"SMMH_5484_782",1.87849033756605,"SMMH_5484_782",1.87849033756605,"SMMH_5486_784",1.42255272798372,NA,40.77070053,-111.1071264,40.77069184,-111.1071073,NA,120.898310608512,40.77069184,-111.1071073,NA,120.898310608512,40.77069184,-111.1071073,NA,120.898310608512,40.77069109,-111.1071378,NA,-137.444755488782
"155","SMMH",5486,"ABLA",1.3,9.8,1.5,0,"0",1,1,1,1,"0","0","0","BO",NA,1,0,1,"0","0","0","0",0,0,0,0,"0","0","0",NA,0,0,0,1,"0","0","0",NA,0,0,0,0,"0","0","0",NA,0,0,0,0,"0","0","0",NA,0,0,0,0,"0","0","0",NA,0,0,0,0,"0","0","0",NA,NA,NA,NA,NA,1,2,3,4,NA,NA,NA,NA,0,0,0,1,1,"SMMH5486",506,5486,NA,"Point",2325.973,NA,0.102769151144818,0,0,0,1,"SMMH_5486_784","SMMH_5643_903",1.53975102676328,"SMMH_5643_903",1.53975102676328,"SMMH_5643_903",1.53975102676328,"SMMH_5643_903",1.53975102676328,NA,40.77069109,-111.1071378,40.77068517,-111.1071543,NA,-115.264022827861,40.77068517,-111.1071543,NA,-115.264022827861,40.77068517,-111.1071543,NA,-115.264022827861,40.77068517,-111.1071543,NA,-115.264022827861
"156","SMMH",5467,"ABLA",NA,3.8,0,1,"0",1,1,1,1,"0","0","0","BO",NA,1,0,1,"0","0","0","0",0,0,0,1,"0","0","0",NA,0,0,0,0,"0","0","0",NA,0,0,0,0,"0","0","0",NA,0,0,0,0,"0","0","0",NA,0,0,0,0,"0","0","0",NA,0,0,0,0,"0","0","0",NA,"1DB","1DB","1DB","1DB",1,2,3,4,NA,NA,NA,NA,0,0,0,1,1,"SMMH5467",486,5467,NA,"Point",2324.598,NA,0.104760586963484,0,0,0,1,"SMMH_5467_785","SMMH_5468_765",1.80664080434987,"SMMH_5468_765",1.80664080434987,"SMMH_5468_765",1.80664080434987,"SMMH_5472_769",1.1014904706021,NA,40.7706837,-111.1070732,40.77069251,-111.1070912,NA,-57.2270271253425,40.77069251,-111.1070912,NA,-57.2270271253425,40.77069251,-111.1070912,NA,-57.2270271253425,40.77068219,-111.1070861,NA,-98.7529086105191
"157","SMMH",5487,"ABLA",1.1,8,2.5,0,"0",1,1,1,1,"0","0","0","BO",NA,1,0,1,"0","0","0","0",0,0,0,0,"0","0","0",NA,0,0,0,0,"0","0","0",NA,0,0,0,1,"0","0","0",NA,0,0,0,0,"0","0","0",NA,0,0,0,0,"0","0","0",NA,0,0,0,0,"0","0","0",NA,NA,NA,NA,NA,1,2,3,4,NA,NA,NA,NA,0,0,0,1,1,"SMMH5487",507,5487,NA,"Point",2328.739,NA,0.100706242069067,0,0,0,1,"SMMH_5487_786","SMMH_5643_903",0.973638826948405,"SMMH_5643_903",0.973638826948405,"SMMH_5643_903",0.973638826948405,"SMMH_5643_903",0.973638826948405,NA,40.77067642,-111.1071535,40.77068517,-111.1071543,NA,-3.97618732062459,40.77068517,-111.1071543,NA,-3.97618732062459,40.77068517,-111.1071543,NA,-3.97618732062459,40.77068517,-111.1071543,NA,-3.97618732062459
"158","SMMH",5488,"ABLA",1.1,8.1,1.5,0,"0",1,1,1,1,"0","0","0","0",NA,1,0,1,"0","0","0","0",0,0,0,0,"0","0","0",NA,0,0,0,0,"0","0","0",NA,0,0,0,0,"0","0","0",NA,0,0,0,0,"0","0","0",NA,0,0,0,0,"0","0","0",NA,0,0,0,0,"0","0","0",NA,NA,NA,NA,NA,1,2,3,4,NA,NA,NA,NA,0,0,0,0,0,"SMMH5488",508,5488,NA,"Point",2327.963,NA,0.100069440652339,0,0,0,0,"SMMH_5488_787","SMMH_5643_903",1.5120502191207,"SMMH_5643_903",1.5120502191207,"SMMH_5643_903",1.5120502191207,"SMMH_5487_786",0.649334223748336,NA,40.77067191,-111.1071584,40.77068517,-111.1071543,NA,13.2284508002472,40.77068517,-111.1071543,NA,13.2284508002472,40.77068517,-111.1071543,NA,13.2284508002472,40.77067642,-111.1071535,NA,39.5566921884693
"159","SMMH",5489,"ABLA",2.4,14.5,2,0,"0",1,1,1,1,"0","0","0","0",NA,1,0,1,"0","0","0","0",0,0,0,0,"0","0","0",NA,0,0,0,0,"0","0","0",NA,0,0,0,0,"0","0","0",NA,0,0,0,0,"0","0","0",NA,0,0,0,0,"0","0","0",NA,0,0,0,0,"0","0","0",NA,NA,NA,NA,NA,1,2,3,4,NA,NA,NA,NA,0,0,0,0,0,"SMMH5489",509,5489,NA,"Point",2327.065,NA,0.0982209339717956,0,0,0,0,"SMMH_5489_788","SMMH_5514_812",3.11077171093314,"SMMH_5514_812",3.11077171093314,"SMMH_5514_812",3.11077171093314,"SMMH_5514_812",3.11077171093314,NA,40.77064297,-111.1071348,40.77062303,-111.1071089,NA,135.360463645903,40.77062303,-111.1071089,NA,135.360463645903,40.77062303,-111.1071089,NA,135.360463645903,40.77062303,-111.1071089,NA,135.360463645903
"160","SMMH",5490,"ABLA",1.4,12.3,0,0,"0",1,1,1,1,"0","0","0","0",NA,1,0,1,"0","0","0","0",0,0,0,0,"0","0","0",NA,0,0,0,0,"0","0","0",NA,0,0,0,0,"0","0","0",NA,0,0,0,0,"0","0","0",NA,0,0,0,0,"0","0","0",NA,0,0,0,0,"0","0","0",NA,NA,NA,NA,NA,1,2,3,4,NA,NA,NA,NA,0,0,0,0,0,"SMMH5490",510,5490,NA,"Point",2326.043,NA,0.0991076488484544,0,0,0,0,"SMMH_5490_789","SMMH_5514_812",2.56877871748537,"SMMH_5514_812",2.56877871748537,"SMMH_5514_812",2.56877871748537,"SMMH_5514_812",2.56877871748537,NA,40.77064499,-111.1071185,40.77062303,-111.1071089,NA,161.61562008138,40.77062303,-111.1071089,NA,161.61562008138,40.77062303,-111.1071089,NA,161.61562008138,40.77062303,-111.1071089,NA,161.61562008138
"161","SMMH",5491,"ABLA",1.1,8.6,1.9,0,"0",1,1,1,1,"0","0","0","0",NA,NA,1,1,"0","0","0","0",0,0,0,0,"0","0","0",NA,0,0,0,0,"0","0","0",NA,0,0,0,0,"0","0","0",NA,0,0,0,0,"0","0","0",NA,0,0,0,0,"0","0","0",NA,0,0,0,0,"0","0","0",NA,NA,NA,NA,NA,1,2,3,4,NA,NA,NA,NA,0,0,0,0,0,"SMMH5491",511,5491,NA,"Point",2325.98,NA,0.100672283348753,0,0,0,0,"SMMH_5491_790","SMMH_5577_859",0.894407773562069,"SMMH_5505_804",0.377402496067014,"SMMH_5505_804",0.377402496067014,"SMMH_5505_804",0.377402496067014,NA,40.77064188,-111.1070763,40.77063445,-111.1070804,NA,-157.240837518243,40.77063892,-111.1070741,NA,150.531118262031,40.77063892,-111.1070741,NA,150.531118262031,40.77063892,-111.1070741,NA,150.531118262031
"162","SMMH",5492,"ABLA",1,8.7,1.7,0,"0",1,1,1,1,"0","0","0","0",NA,NA,0,0,"0","0","0","0",0,0,0,0,"0","0","0",NA,0,0,0,0,"0","0","0",NA,0,0,0,0,"0","0","0",NA,0,0,0,0,"0","0","0",NA,0,0,0,0,"0","0","0",NA,0,0,0,0,"0","0","0",NA,NA,NA,NA,NA,1,2,3,4,NA,NA,NA,NA,0,0,0,0,0,"SMMH5492",512,5492,NA,"Point",2325.072,NA,0.101156576003859,0,0,0,0,"SMMH_5492_791","SMMH_5367_682",1.28230130844845,"SMMH_5505_804",0.817457746644994,"SMMH_5505_804",0.817457746644994,"SMMH_5505_804",0.817457746644994,NA,40.77064627,-111.1070747,40.7706577,-111.1070725,NA,8.32507339781439,40.77063892,-111.1070741,NA,176.448674956407,40.77063892,-111.1070741,NA,176.448674956407,40.77063892,-111.1070741,NA,176.448674956407
"163","SMMH",5493,"ABLA",1.5,10.9,4.5,0,"0",1,1,1,1,"0","0","0","0",NA,NA,0,0,"0","0","0","0",0,0,0,0,"0","0","0",NA,0,0,0,0,"0","0","0",NA,0,0,0,0,"0","0","0",NA,0,0,0,0,"0","0","0",NA,0,0,0,0,"0","0","0",NA,0,0,0,0,"0","0","0",NA,NA,NA,NA,NA,1,2,3,4,NA,NA,NA,NA,0,0,0,0,0,"SMMH5493",513,5493,NA,"Point",2325.957,NA,0.101623879336507,0,0,0,0,"SMMH_5493_792","SMMH_5367_682",1.08525245121268,"SMMH_5494_793",0.697337436078558,"SMMH_5494_793",0.697337436078558,"SMMH_5494_793",0.697337436078558,NA,40.77064836,-111.1070687,40.7706577,-111.1070725,NA,-17.1874795251192,40.77064295,-111.1070645,NA,149.450125182645,40.77064295,-111.1070645,NA,149.450125182645,40.77064295,-111.1070645,NA,149.450125182645
"164","SMMH",5494,"ABLA",2.4,14.2,2.4,0,"0",1,1,1,1,"0","BO","BO","BO",NA,NA,1,1,"0","0","0","0",0,0,0,0,"0","0","0",NA,0,1,1,1,"0","0","0",NA,0,0,0,0,"0","0","0",NA,0,0,0,0,"0","0","0",NA,0,1,1,0,"0","0","0",NA,0,0,0,0,"0","0","0",NA,NA,NA,NA,NA,1,2,3,4,NA,NA,NA,NA,0,1,1,1,1,"SMMH5494",514,5494,NA,"Point",2325.175,NA,0.101309024213384,0,1,1,1,"SMMH_5494_793","SMMH_5496_795",1.568834113064,"SMMH_5505_804",0.925469930391605,"SMMH_5505_804",0.925469930391605,"SMMH_5505_804",0.925469930391605,NA,40.77064295,-111.1070645,40.77063863,-111.1070468,NA,107.798348968255,40.77063892,-111.1070741,NA,-118.906185902771,40.77063892,-111.1070741,NA,-118.906185902771,40.77063892,-111.1070741,NA,-118.906185902771
"165","SMMH",5495,"ABLA",1.4,11.6,2.4,0,"0",1,1,1,1,"0","0","0","0",NA,NA,0,0,"0","0","0","0",0,0,0,0,"0","0","0",NA,0,0,0,0,"0","0","0",NA,0,0,0,0,"0","0","0",NA,0,0,0,0,"0","0","0",NA,0,0,0,0,"0","0","0",NA,0,0,0,0,"0","0","0",NA,NA,NA,NA,NA,1,2,3,4,NA,NA,NA,NA,0,0,0,0,0,"SMMH5495",515,5495,NA,"Point",2325.394,NA,0.101954218772399,0,0,0,0,"SMMH_5495_794","SMMH_5496_795",1.3397733544745,"SMMH_5494_793",0.674062305812959,"SMMH_5494_793",0.674062305812959,"SMMH_5494_793",0.674062305812959,NA,40.77064687,-111.1070584,40.77063863,-111.1070468,NA,133.056119756742,40.77064295,-111.1070645,NA,-130.206849954478,40.77064295,-111.1070645,NA,-130.206849954478,40.77064295,-111.1070645,NA,-130.206849954478
"166","SMMH",5496,"ABLA",2.5,16.2,2,0,"0",1,1,1,1,"BO","BO","BO","0",NA,NA,0,0,"0","0","0","0",0,0,0,0,"0","0","0",NA,0,1,1,0,"0","0","0",NA,1,1,0,0,"0","0","0",NA,0,0,0,0,"0","0","0",NA,0,0,0,0,"0","0","0",NA,0,0,0,0,"0","0","0",NA,NA,NA,NA,NA,1,2,3,4,NA,NA,NA,NA,1,1,1,0,0,"SMMH5496",516,5496,NA,"Point",2327.074,NA,0.101726643069665,1,1,1,0,"SMMH_5496_795","SMMH_5501_800",1.38840064036484,"SMMH_5500_799",1.05468359077808,"SMMH_5500_799",1.05468359077808,"SMMH_5500_799",1.05468359077808,NA,40.77063863,-111.1070468,40.7706273616667,-111.107053939667,NA,-154.279766862698,40.77063146,-111.107055,NA,-138.993973769431,40.77063146,-111.107055,NA,-138.993973769431,40.77063146,-111.107055,NA,-138.993973769431
"167","SMMH",5497,"ABLA",2.2,16.7,1.3,0,"0",1,1,1,1,"0","0","0","0",NA,NA,0,0,"0","0","0","0",0,0,0,0,"0","0","0",NA,0,0,0,0,"0","0","0",NA,0,0,0,0,"0","0","0",NA,0,0,0,0,"0","0","0",NA,0,0,0,0,"0","0","0",NA,0,0,0,0,"0","0","0",NA,NA,NA,NA,NA,1,2,3,4,NA,NA,NA,NA,0,0,0,0,0,"SMMH5497",517,5497,NA,"Point",2326.805,NA,0.101228593643065,0,0,0,0,"SMMH_5497_796","SMMH_5496_795",0.735074824577017,"SMMH_5500_799",0.680189810395156,"SMMH_5500_799",0.680189810395156,"SMMH_5500_799",0.680189810395156,NA,40.77063758,-111.1070554,40.77063863,-111.1070468,NA,80.8765188218256,40.77063146,-111.107055,NA,177.155311433331,40.77063146,-111.107055,NA,177.155311433331,40.77063146,-111.107055,NA,177.155311433331
"168","SMMH",5498,"ABLA",1.7,11.7,0,0,"0",1,1,1,1,"0","BO","BO","0",1,1,1,1,"0","0","0","0",0,0,0,0,"0","0","0",NA,0,1,0,0,"0","0","0",NA,0,0,0,0,"0","0","0",NA,0,0,0,0,"0","0","0",NA,0,0,0,0,"0","0","0",NA,0,0,0,0,"0","0","0",NA,NA,NA,NA,NA,1,2,3,4,NA,NA,NA,NA,0,1,0,0,1,"SMMH5498",519,5498,NA,"Point",2326.61,NA,0.100588090242941,0,1,0,0,"SMMH_5498_797","SMMH_5501_800",0.24979247841638,"SMMH_5501_800",0.24979247841638,"SMMH_5501_800",0.24979247841638,"SMMH_5501_800",0.24979247841638,NA,40.77062874,-111.1070516,40.7706273616667,-111.107053939667,NA,-127.771715458304,40.7706273616667,-111.107053939667,NA,-127.771715458304,40.7706273616667,-111.107053939667,NA,-127.771715458304,40.7706273616667,-111.107053939667,NA,-127.771715458304
"169","SMMH",5499,"ABLA",1.6,10.3,1.9,0,"0",1,1,1,1,"BO","BO","BR","BR",NA,1,1,1,"0","0","0","0",1,1,0,0,"0","0","0",NA,0,0,1,1,"0","0","0",NA,1,1,0,0,"0","0","0",NA,0,0,0,0,"0","0","0",NA,1,0,0,0,"0","0","0",NA,0,1,0,0,"0","0","0",NA,NA,NA,NA,NA,1,2,3,4,NA,NA,NA,NA,1,1,1,1,0,"SMMH5499",520,5499,NA,"Point",2326.173,NA,0.100194222104561,1,1,1,1,"SMMH_5499_798","SMMH_5501_800",0.159113814708212,"SMMH_5501_800",0.159113814708212,"SMMH_5501_800",0.159113814708212,"SMMH_5501_800",0.159113814708212,NA,40.77062605,-111.1070547,40.7706273616667,-111.107053939667,NA,23.7829857192363,40.7706273616667,-111.107053939667,NA,23.7829857192363,40.7706273616667,-111.107053939667,NA,23.7829857192363,40.7706273616667,-111.107053939667,NA,23.7829857192363
"170","SMMH",5500,"ABLA",2.3,15.5,0,0,"0",1,1,1,1,"0","BO","BO","BO",1,1,1,1,"0","0","0","0",0,1,0,0,"0","0","0",NA,0,0,0,0,"0","0","0",NA,0,0,0,0,"0","0","0",NA,0,1,0,0,"0","0","0",NA,0,1,1,1,"0","0","0",NA,0,0,0,0,"0","0","0",NA,"Bifurcatedw/5501","Bifurcatedw/5501","Bifurcatedw/5501","Bifurcatedw/5501",1,2,3,4,NA,NA,NA,NA,0,1,1,1,1,"SMMH5500",521,5500,NA,"Point",2327.067,NA,0.100680174821112,0,1,1,1,"SMMH_5500_799","SMMH_5501_800",0.463653252374228,"SMMH_5498_797",0.416527987025795,"SMMH_5501_800",0.463653252374228,"SMMH_5501_800",0.463653252374228,NA,40.77063146,-111.107055,40.7706273616667,-111.107053939667,NA,168.87220460365,40.77062874,-111.1070516,NA,136.459114808448,40.7706273616667,-111.107053939667,NA,168.87220460365,40.7706273616667,-111.107053939667,NA,168.87220460365
"171","SMMH",5501,"ABLA",2,14.3,0,0,"0",1,1,1,1,"BO","BO","BO","BO",1,1,1,1,"0","0","0","0",0,1,0,0,"0","0","0",NA,0,0,0,0,"0","0","0",NA,0,1,0,0,"0","0","0",NA,0,1,0,0,"0","0","0",NA,1,1,1,0,"0","0","0",NA,0,0,0,1,"0","0","0",NA,"Bifurcatedw/5500","Bifurcatedw/5500","Bifurcatedw/5500","Bifurcatedw/5500",1,2,3,4,NA,NA,NA,NA,1,1,1,1,0,"SMMH5501",4091,5501,NA,"Point",2326.744,-16.648,0.100351003978781,1,1,1,1,"SMMH_5501_800","SMMH_5499_798",0.159113814708212,"SMMH_5499_798",0.159113814708212,"SMMH_5499_798",0.159113814708212,"SMMH_5499_798",0.159113814708212,NA,40.7706273616667,-111.107053939667,40.77062605,-111.1070547,NA,-156.217013784242,40.77062605,-111.1070547,NA,-156.217013784242,40.77062605,-111.1070547,NA,-156.217013784242,40.77062605,-111.1070547,NA,-156.217013784242
"172","SMMH",5502,"ABLA",1.5,11,0,0,"0",1,1,1,1,"0","BO","BO","BO",1,1,1,1,"0","0","0","0",0,0,0,1,"0","0","0",NA,0,0,0,0,"0","0","0",NA,0,0,0,0,"0","0","0",NA,0,1,0,0,"0","0","0",NA,0,0,0,0,"0","0","0",NA,0,0,0,0,"0","0","0",NA,NA,NA,NA,NA,1,2,3,4,NA,NA,NA,NA,0,1,0,1,1,"SMMH5502",522,5502,NA,"Point",2325.465,NA,0.0998544859374314,0,1,0,1,"SMMH_5502_801","SMMH_5499_798",0.445795664088121,"SMMH_5499_798",0.445795664088121,"SMMH_5499_798",0.445795664088121,"SMMH_5499_798",0.445795664088121,NA,40.77062206,-111.1070541,40.77062605,-111.1070547,NA,-6.52199056323238,40.77062605,-111.1070547,NA,-6.52199056323238,40.77062605,-111.1070547,NA,-6.52199056323238,40.77062605,-111.1070547,NA,-6.52199056323238
"173","SMMH",5503,"ABLA",1,8.6,2.6,0,"0",1,1,1,1,"0","0","0","0",1,NA,1,1,"0","0","0","0",0,0,0,0,"0","0","0",NA,0,0,0,0,"0","0","0",NA,0,0,0,0,"0","0","0",NA,0,0,0,0,"0","0","0",NA,0,0,0,0,"0","0","0",NA,0,0,0,0,"0","0","0",NA,NA,NA,NA,NA,1,2,3,4,NA,NA,NA,NA,0,0,0,0,0,"SMMH5503",523,5503,NA,"Point",2326.474,NA,0.0993791140070107,0,0,0,0,"SMMH_5503_802","SMMH_5499_798",1.03624542496271,"SMMH_5502_801",0.591089953769129,"SMMH_5499_798",1.03624542496271,"SMMH_5502_801",0.591089953769129,NA,40.77061674,-111.1070538,40.77062605,-111.1070547,NA,-4.20335414789451,40.77062206,-111.1070541,NA,-2.45486176822676,40.77062605,-111.1070547,NA,-4.20335414789451,40.77062206,-111.1070541,NA,-2.45486176822676
"174","SMMH",5504,"ABLA",1.1,7.8,0,0,NA,1,1,1,1,NA,NA,NA,NA,NA,1,2,2,NA,NA,NA,NA,0,0,0,0,NA,NA,NA,NA,0,0,0,0,NA,NA,NA,NA,0,0,0,0,NA,NA,NA,NA,0,0,0,0,NA,NA,NA,NA,0,0,0,0,NA,NA,NA,NA,0,0,0,0,NA,NA,NA,NA,NA,NA,NA,NA,1,2,3,4,NA,NA,NA,NA,0,0,0,0,0,"SMMH5504",4092,5504,NA,"Point",2326.287,-16.648,0.0993814145364331,0,0,0,0,"SMMH_5504_803","SMMH_5499_798",1.00551027418601,"SMMH_5502_801",0.562036704282855,"SMMH_5499_798",1.00551027418601,"SMMH_5502_801",0.562036704282855,NA,40.7706169981667,-111.107054252333,40.77062605,-111.1070547,NA,-2.15326396466425,40.77062206,-111.1070541,NA,1.31067098535373,40.77062605,-111.1070547,NA,-2.15326396466425,40.77062206,-111.1070541,NA,1.31067098535373
"175","SMMH",5505,"ABLA",2,13,1,0,"0",1,1,1,1,"0","BO","BO","BO",NA,1,1,1,"0","0","0","0",0,0,1,0,"0","0","0",NA,0,1,1,0,"0","0","0",NA,0,0,0,0,"0","0","0",NA,0,0,0,0,"0","0","0",NA,0,0,0,1,"0","0","0",NA,0,0,0,0,"0","0","0",NA,NA,NA,NA,NA,1,2,3,4,NA,NA,NA,NA,0,1,1,1,1,"SMMH5505",524,5505,NA,"Point",2325.604,NA,0.100494581603142,0,1,1,1,"SMMH_5505_804","SMMH_5577_859",0.727243694671154,"SMMH_5577_859",0.727243694671154,"SMMH_5577_859",0.727243694671154,"SMMH_5577_859",0.727243694671154,NA,40.77063892,-111.1070741,40.77063445,-111.1070804,NA,-133.023065895761,40.77063445,-111.1070804,NA,-133.023065895761,40.77063445,-111.1070804,NA,-133.023065895761,40.77063445,-111.1070804,NA,-133.023065895761
"176","SMMH",5506,"ABLA",1.4,8.9,1.7,0,"0",1,1,1,1,"0","0","0","0",NA,NA,0,0,"0","0","0","0",0,0,0,0,"0","0","0",NA,0,0,0,0,"0","0","0",NA,0,0,0,0,"0","0","0",NA,0,0,0,0,"0","0","0",NA,0,0,0,0,"0","0","0",NA,0,0,0,0,"0","0","0",NA,NA,NA,NA,NA,1,2,3,4,NA,NA,NA,NA,0,0,0,0,0,"SMMH5506",525,5506,NA,"Point",2326.021,NA,0.101567727340002,0,0,0,0,"SMMH_5506_805","SMMH_5479_776",0.704394785876119,"SMMH_5479_776",0.704394785876119,"SMMH_5479_776",0.704394785876119,"SMMH_5479_776",0.704394785876119,NA,40.77065335,-111.1070804,40.77065402,-111.1070887,NA,-83.9391302948201,40.77065402,-111.1070887,NA,-83.9391302948201,40.77065402,-111.1070887,NA,-83.9391302948201,40.77065402,-111.1070887,NA,-83.9391302948201
"177","SMMH",5507,"ABLA",2.1,14.1,0,0,"0",1,1,1,1,"0","BO","BO","BO",1,1,1,1,"0","0","0","0",0,0,0,0,"0","0","0",NA,0,1,1,1,"0","0","0",NA,0,0,0,0,"0","0","0",NA,0,1,0,0,"0","0","0",NA,0,0,1,1,"0","0","0",NA,0,0,0,1,"0","0","0",NA,NA,NA,NA,NA,1,2,3,4,NA,NA,NA,NA,0,1,1,1,1,"SMMH5507",526,5507,NA,"Point",2326.138,NA,0.100467585021742,0,1,1,1,"SMMH_5507_806","SMMH_5479_776",1.03907177183536,"SMMH_5479_776",1.03907177183536,"SMMH_5479_776",1.03907177183536,"SMMH_5479_776",1.03907177183536,NA,40.77064476,-111.1070869,40.77065402,-111.1070887,NA,-8.40644783966188,40.77065402,-111.1070887,NA,-8.40644783966188,40.77065402,-111.1070887,NA,-8.40644783966188,40.77065402,-111.1070887,NA,-8.40644783966188
"178","SMMH",5508,"ABLA",2.5,13.3,0,0,"0",1,1,1,1,"0","0","0","0",NA,1,1,1,"0","0","0","0",0,0,0,0,"0","0","0",NA,0,0,0,0,"0","0","0",NA,0,0,0,0,"0","0","0",NA,0,0,0,0,"0","0","0",NA,0,0,0,0,"0","0","0",NA,0,0,0,0,"0","0","0",NA,NA,NA,NA,NA,1,2,3,4,NA,NA,NA,NA,0,0,0,0,0,"SMMH5508",527,5508,NA,"Point",2326.33,NA,0.0996573657474364,0,0,0,0,"SMMH_5508_807","SMMH_5577_859",0.903643860585228,"SMMH_5507_806",0.828571774829032,"SMMH_5507_806",0.828571774829032,"SMMH_5507_806",0.828571774829032,NA,40.77063773,-111.1070902,40.77063445,-111.1070804,NA,113.760899223576,40.77064476,-111.1070869,NA,19.6403368835265,40.77064476,-111.1070869,NA,19.6403368835265,40.77064476,-111.1070869,NA,19.6403368835265
"179","SMMH",5509,"ABLA",NA,3,NA,0,"0",1,1,1,1,"0","0","0","0",NA,1,0,0,"0","0","0","0",0,0,0,0,"0","0","0",NA,0,0,0,0,"0","0","0",NA,0,0,0,0,"0","0","0",NA,0,0,0,0,"0","0","0",NA,0,0,0,0,"0","0","0",NA,0,0,0,0,"0","0","0",NA,NA,NA,NA,NA,1,2,3,4,NA,NA,NA,NA,0,0,0,0,0,"SMMH5509",528,5509,NA,"Point",2325.786,NA,0.10027808750777,0,0,0,0,"SMMH_5509_808","SMMH_5577_859",0.500011001708105,"SMMH_5505_804",0.363784685419418,"SMMH_5505_804",0.363784685419418,"SMMH_5505_804",0.363784685419418,NA,40.77063869,-111.1070784,40.77063445,-111.1070804,NA,-160.271561506051,40.77063892,-111.1070741,NA,85.9755495278353,40.77063892,-111.1070741,NA,85.9755495278353,40.77063892,-111.1070741,NA,85.9755495278353
"180","SMMH",5510,"ABLA",NA,0.9,0,0,"0",1,1,1,1,"0","0","0","0",NA,1,1,1,"0","0","0","0",0,0,0,0,"0","0","0",NA,0,0,0,0,"0","0","0",NA,0,0,0,0,"0","0","0",NA,0,0,0,0,"0","0","0",NA,0,0,0,0,"0","0","0",NA,0,0,0,0,"0","0","0",NA,NA,NA,NA,NA,1,2,3,4,NA,NA,NA,NA,0,0,0,0,0,"SMMH5510",529,5510,NA,"Point",2325.884,NA,0.098469669922757,0,0,0,0,"SMMH_5510_809","SMMH_5576_858",1.23303428932391,"SMMH_5576_858",1.23303428932391,"SMMH_5576_858",1.23303428932391,"SMMH_5605_860",0.628836965017739,NA,40.77062253,-111.1070849,40.77061746,-111.1070719,NA,117.15709995761,40.77061746,-111.1070719,NA,117.15709995761,40.77061746,-111.1070719,NA,117.15709995761,40.77061907,-111.1070908,NA,-127.64555823227
"181","SMMH",5512,"ABLA",NA,3.4,0,0,"0",1,1,1,1,"0","0","0","0",NA,NA,0,0,"0","0","0","0",0,0,0,0,"0","0","0",NA,0,0,0,0,"0","0","0",NA,0,0,0,0,"0","0","0",NA,0,0,0,0,"0","0","0",NA,0,0,0,0,"0","0","0",NA,0,0,0,0,"0","0","0",NA,NA,NA,NA,NA,1,2,3,4,NA,NA,NA,NA,0,0,0,0,0,"SMMH5512",531,5512,NA,"Point",2326.305,NA,0.0980026376959431,0,0,0,0,"SMMH_5512_810","SMMH_5514_812",1.3467245862628,"SMMH_5514_812",1.3467245862628,"SMMH_5514_812",1.3467245862628,"SMMH_5514_812",1.3467245862628,NA,40.7706331,-111.1071178,40.77062303,-111.1071089,NA,146.101835244492,40.77062303,-111.1071089,NA,146.101835244492,40.77062303,-111.1071089,NA,146.101835244492,40.77062303,-111.1071089,NA,146.101835244492
"182","SMMH",5513,"ABLA",NA,7.4,0,0,"0",1,1,1,1,"0","0","0","0",NA,NA,1,1,"0","0","0","0",0,0,0,0,"0","0","0",NA,0,0,0,0,"0","0","0",NA,0,0,0,0,"0","0","0",NA,0,0,0,0,"0","0","0",NA,0,0,0,0,"0","0","0",NA,0,0,0,0,"0","0","0",NA,NA,NA,NA,NA,1,2,3,4,NA,NA,NA,NA,0,0,0,0,0,"SMMH5513",532,5513,NA,"Point",2326.592,NA,0.0974238918829539,0,0,0,0,"SMMH_5513_811","SMMH_5514_812",0.743625899432076,"SMMH_5514_812",0.743625899432076,"SMMH_5514_812",0.743625899432076,"SMMH_5514_812",0.743625899432076,NA,40.77062642,-111.1071165,40.77062303,-111.1071089,NA,120.400686197092,40.77062303,-111.1071089,NA,120.400686197092,40.77062303,-111.1071089,NA,120.400686197092,40.77062303,-111.1071089,NA,120.400686197092
"183","SMMH",5514,"ABLA",5.3,29,4.5,0,"0",1,1,1,1,"BO","BO","BO","BO",1,1,1,1,"0","0","0","0",3,2,2,2,"0","1-0","1-1","1-0",2,2,2,2,"2-0","2-0","2-1","2-0",2,2,2,2,"1-0","1-0","1-0","1-0",2,2,2,2,"0","2-1","2-1","2-1",2,2,2,2,"3-2","3-2","3-2","3-2",2,2,2,2,"0","0","0","1-1",NA,NA,NA,NA,1,2,3,4,NA,NA,NA,NA,1,1,1,1,0,"SMMH5514",533,5514,NA,"Point",2325.154,NA,0.0974374860253885,1,1,1,1,"SMMH_5514_812","SMMH_5519_815",1.80833875450426,"SMMH_5519_815",1.80833875450426,"SMMH_5577_859",2.71881039255586,"SMMH_5517_813",1.25923222745084,NA,40.77062303,-111.1071089,40.77061008,-111.1071219,NA,-142.649382231849,40.77061008,-111.1071219,NA,-142.649382231849,40.77063445,-111.1070804,NA,62.2080383996899,40.77062802,-111.1070955,NA,63.9035316103323
"184","SMMH",5517,"ABLA",NA,7.5,0,0,"0",1,1,1,1,"0","0","0","BO",NA,1,2,1,"0","0","0","0",0,0,0,1,"0","0","0",NA,0,0,0,0,"0","0","0",NA,0,0,0,0,"0","0","0",NA,0,0,0,1,"0","0","0",NA,0,0,0,0,"0","0","0",NA,0,0,0,0,"0","0","0",NA,NA,NA,NA,NA,1,2,3,4,NA,NA,NA,NA,0,0,0,1,1,"SMMH5517",535,5517,NA,"Point",2329.727,NA,0.0985055378044488,0,0,0,1,"SMMH_5517_813","SMMH_5514_812",1.25923222745084,"SMMH_5514_812",1.25923222745084,"SMMH_5514_812",1.25923222745084,"SMMH_5605_860",1.06974850990175,NA,40.77062802,-111.1070955,40.77062303,-111.1071089,NA,-116.096459639033,40.77062303,-111.1071089,NA,-116.096459639033,40.77062303,-111.1071089,NA,-116.096459639033,40.77061907,-111.1070908,NA,158.236072888846
"185","SMMH",5518,"ABLA",2.5,19.2,3.3,0,"0",1,1,1,1,"0","0","0","0",1,NA,0,0,"0","0","0","0",0,0,0,0,"0","0","0",NA,0,0,0,0,"0","0","0",NA,0,0,0,0,"0","0","0",NA,0,0,0,0,"0","0","0",NA,0,0,0,0,"0","0","0",NA,0,0,0,0,"0","0","0",NA,NA,NA,NA,NA,1,2,3,4,NA,NA,NA,NA,0,0,0,0,0,"SMMH5518",536,5518,NA,"Point",2328.494,NA,0.0962960918190755,0,0,0,0,"SMMH_5518_814","SMMH_5519_815",0.824384170874315,"SMMH_5519_815",0.824384170874315,"SMMH_5514_812",1.18445037331188,"SMMH_5519_815",0.824384170874315,NA,40.77061278,-111.1071128,40.77061008,-111.1071219,NA,-111.3190494819,40.77061008,-111.1071219,NA,-111.3190494819,40.77062303,-111.1071089,NA,16.1334995001981,40.77061008,-111.1071219,NA,-111.3190494819
"186","SMMH",5519,"ABLA",2.5,17.5,8.1,0,"0",1,1,1,1,"BO","BO","0","BO",1,NA,0,0,"0","0","0","0",0,0,0,0,"0","0","0",NA,0,0,0,0,"0","0","0",NA,0,0,0,0,"0","0","0",NA,1,1,0,0,"0","0","0",NA,0,0,0,1,"0","0","0",NA,0,0,0,0,"0","0","0",NA,NA,NA,NA,NA,1,2,3,4,NA,NA,NA,NA,1,1,0,1,0,"SMMH5519",537,5519,NA,"Point",2329.038,NA,0.0956370427090301,1,1,0,1,"SMMH_5519_815","SMMH_5528_824",1.74925911561085,"SMMH_5528_824",1.74925911561085,"SMMH_5528_824",1.74925911561085,"SMMH_5528_824",1.74925911561085,NA,40.77061008,-111.1071219,40.77059475,-111.1071171,NA,166.61020086455,40.77059475,-111.1071171,NA,166.61020086455,40.77059475,-111.1071171,NA,166.61020086455,40.77059475,-111.1071171,NA,166.61020086455
"187","SMMH",5520,"ABLA",1.5,18.6,3.3,0,"0",1,1,1,1,"0","0","0","0",NA,NA,0,0,"0","0","0","0",0,0,0,0,"0","0","0",NA,0,0,0,0,"0","0","0",NA,0,0,0,0,"0","0","0",NA,0,0,0,0,"0","0","0",NA,0,0,0,0,"0","0","0",NA,0,0,0,0,"0","0","0",NA,NA,NA,NA,NA,1,2,3,4,NA,NA,NA,NA,0,0,0,0,0,"SMMH5520",538,5520,NA,"Point",2329.247,NA,0.0955897479905116,0,0,0,0,"SMMH_5520_816","SMMH_5519_815",0.075419759918619,"SMMH_5519_815",0.075419759918619,"SMMH_5528_824",1.67430398941593,"SMMH_5519_815",0.075419759918619,NA,40.77060944,-111.1071216,40.77061008,-111.1071219,NA,-19.6145783097543,40.77061008,-111.1071219,NA,-19.6145783097543,40.77059475,-111.1071171,NA,166.890048830929,40.77061008,-111.1071219,NA,-19.6145783097543
"188","SMMH",5521,"ABLA",1.1,8.6,4.5,0,"0",1,1,1,1,"0","0","0","0",1,1,1,1,"0","0","0","0",0,0,0,0,"0","0","0",NA,0,0,0,0,"0","0","0",NA,0,0,0,0,"0","0","0",NA,0,0,0,0,"0","0","0",NA,0,0,0,0,"0","0","0",NA,0,0,0,0,"0","0","0",NA,NA,NA,NA,NA,1,2,3,4,NA,NA,NA,NA,0,0,0,0,0,"SMMH5521",539,5521,NA,"Point",2328.742,NA,0.0946027629501066,0,0,0,0,"SMMH_5521_817","SMMH_5519_815",1.04883234527411,"SMMH_5519_815",1.04883234527411,"SMMH_5596_869",1.35516619893225,"SMMH_5519_815",1.04883234527411,NA,40.77060298,-111.1071301,40.77061008,-111.1071219,NA,41.2845523414305,40.77061008,-111.1071219,NA,41.2845523414305,40.77060617,-111.1071456,NA,-74.852713133458,40.77061008,-111.1071219,NA,41.2845523414305
"189","SMMH",5522,"ABLA",1.4,13.6,4.9,0,"0",1,1,1,1,"0","0","0","0",1,NA,1,1,"0","0","0","0",0,0,0,0,"0","0","0",NA,0,0,0,0,"0","0","0",NA,0,0,0,0,"0","0","0",NA,0,0,0,0,"0","0","0",NA,0,0,0,0,"0","0","0",NA,0,0,0,0,"0","0","0",NA,NA,NA,NA,NA,1,2,3,4,NA,NA,NA,NA,0,0,0,0,0,"SMMH5522",540,5522,NA,"Point",2326.683,NA,0.0939091253092245,0,0,0,0,"SMMH_5522_818","SMMH_5594_867",1.03666204852241,"SMMH_5528_824",1.27305097084663,"SMMH_5528_824",1.27305097084663,"SMMH_5528_824",1.27305097084663,NA,40.77059654,-111.107132,40.77060054,-111.1071431,NA,-64.6391539019135,40.77059475,-111.1071171,NA,98.9794995715836,40.77059475,-111.1071171,NA,98.9794995715836,40.77059475,-111.1071171,NA,98.9794995715836
"190","SMMH",5523,"ABLA",1.9,14.6,0.5,0,"0",1,1,1,1,"0","0","0","0",1,NA,0,0,"0","0","0","0",0,0,0,0,"0","0","0",NA,0,0,0,0,"0","0","0",NA,0,0,0,0,"0","0","0",NA,0,0,0,0,"0","0","0",NA,0,0,0,0,"0","0","0",NA,0,0,0,0,"0","0","0",NA,NA,NA,NA,NA,1,2,3,4,NA,NA,NA,NA,0,0,0,0,0,"SMMH5523",541,5523,NA,"Point",2327.142,NA,0.0944357167445996,0,0,0,0,"SMMH_5523_819","SMMH_5528_824",0.676575555172152,"SMMH_5528_824",0.676575555172152,"SMMH_5528_824",0.676575555172152,"SMMH_5528_824",0.676575555172152,NA,40.77059821,-111.1071237,40.77059475,-111.1071171,NA,124.588546611292,40.77059475,-111.1071171,NA,124.588546611292,40.77059475,-111.1071171,NA,124.588546611292,40.77059475,-111.1071171,NA,124.588546611292
"191","SMMH",5524,"ABLA",NA,6.8,0,0,"0",1,1,1,1,"0","0","0","0",2,2,1,1,"0","0","0","0",0,0,0,0,"0","0","0",NA,0,0,0,0,"0","0","0",NA,0,0,0,0,"0","0","0",NA,0,0,0,0,"0","0","0",NA,0,0,0,0,"0","0","0",NA,0,0,0,0,"0","0","0",NA,"17 Dead","17 Dead","17 Dead","17 Dead",1,2,3,4,NA,NA,NA,NA,0,0,0,0,0,"SMMH5524",542,5524,NA,"Point",2328.109,NA,0.0935745041403351,0,0,0,0,"SMMH_5524_820","SMMH_5527_823",0.698343885240183,"SMMH_5527_823",0.698343885240183,"SMMH_5527_823",0.698343885240183,"SMMH_5527_823",0.698343885240183,NA,40.77059016,-111.107126,40.77058424,-111.1071288,NA,-160.222358297338,40.77058424,-111.1071288,NA,-160.222358297338,40.77058424,-111.1071288,NA,-160.222358297338,40.77058424,-111.1071288,NA,-160.222358297338
"192","SMMH",5525,"ABLA",1.2,11.4,0.7,0,"0",1,1,1,1,"0","0","0","0",2,NA,2,2,"0","0","0","0",0,0,0,0,"0","0","0",NA,0,0,0,0,"0","0","0",NA,0,0,0,0,"0","0","0",NA,0,0,0,0,"0","0","0",NA,0,0,0,0,"0","0","0",NA,0,0,0,0,"0","0","0",NA,NA,NA,NA,NA,1,2,3,4,NA,NA,NA,NA,0,0,0,0,0,"SMMH5525",544,5525,NA,"Point",2328.508,NA,0.092891449134484,0,0,0,0,"SMMH_5525_821","SMMH_5527_823",0.389716018495562,"SMMH_5529_825",0.22719618116608,"SMMH_5527_823",0.389716018495562,"SMMH_5527_823",0.389716018495562,NA,40.77058236,-111.1071249,40.77058424,-111.1071288,NA,-57.6227316487537,40.77058381,-111.1071268,NA,-44.8909284845204,40.77058424,-111.1071288,NA,-57.6227316487537,40.77058424,-111.1071288,NA,-57.6227316487537
"193","SMMH",5526,"ABLA",1.8,15.8,3.9,0,"0",1,1,1,1,"0","0","0","0",NA,NA,1,1,"0","0","0","0",0,0,0,0,"0","0","0",NA,0,0,0,0,"0","0","0",NA,0,0,0,0,"0","0","0",NA,0,0,0,0,"0","0","0",NA,0,0,0,0,"0","0","0",NA,0,0,0,0,"0","0","0",NA,NA,NA,NA,NA,1,2,3,4,NA,NA,NA,NA,0,0,0,0,0,"SMMH5526",545,5526,NA,"Point",2327.65,NA,0.093917087958644,0,0,0,0,"SMMH_5526_822","SMMH_5528_824",0.508772354260732,"SMMH_5528_824",0.508772354260732,"SMMH_5528_824",0.508772354260732,"SMMH_5528_824",0.508772354260732,NA,40.7705917,-111.1071216,40.77059475,-111.1071171,NA,48.2826583675493,40.77059475,-111.1071171,NA,48.2826583675493,40.77059475,-111.1071171,NA,48.2826583675493,40.77059475,-111.1071171,NA,48.2826583675493
"194","SMMH",5527,"ABLA",6.8,42.9,5,0,"0",1,1,1,1,"BR, BO","BR, BO","BR, BO","BR, BO",NA,1,1,1,"0","0","0","0",3,3,3,3,"2-6","2-24","2-23","2-27",2,2,2,2,"1-2","1-6","1-8","1-7",2,2,2,2,"0","0","0",NA,3,3,3,3,"4-2","4-2","4-2","4-4",2,2,2,2,"0","0","2-6","2-5",2,2,2,2,"3-0","3-0","3-0","3-0",NA,"Old Ratings?","Old Ratings?","Old Ratings?",1,2,3,4,NA,NA,NA,NA,1,1,1,1,0,"SMMH5527",547,5527,NA,"Point",2327.099,NA,0.0928919333192466,1,1,1,1,"SMMH_5527_823","SMMH_5528_824",1.52841422849973,"SMMH_5529_825",0.175404600909943,"SMMH_5530_826",1.39407542117555,"SMMH_5530_826",1.39407542117555,NA,40.77058424,-111.1071288,40.77059475,-111.1071171,NA,40.2425140736576,40.77058381,-111.1071268,NA,105.790837987874,40.7705717,-111.1071297,NA,-176.876811826461,40.7705717,-111.1071297,NA,-176.876811826461
"195","SMMH",5528,"ABLA",2.1,15,0,0,"0",1,1,1,1,"BR, BO","BR, BO","BR, BO","BR, BO",2,1,1,1,"0","0","0","0",0,0,0,0,"0","0","0",NA,1,2,2,2,"0","0",NA,NA,2,2,2,2,"0","0","0",NA,1,1,0,0,"0","0","0",NA,2,2,2,2,"4-0","4-1","4-0","4-0",2,2,2,2,"3-0","3-3","3-2","3-3",NA,NA,NA,NA,1,2,3,4,NA,NA,NA,NA,1,1,1,1,0,"SMMH5528",548,5528,NA,"Point",2328.257,NA,0.0944064181151957,1,1,1,1,"SMMH_5528_824","SMMH_5527_823",1.52841422849973,"SMMH_5529_825",1.46454001423926,"SMMH_5527_823",1.52841422849973,"SMMH_5527_823",1.52841422849973,NA,40.77059475,-111.1071171,40.77058424,-111.1071288,NA,-139.757478285869,40.77058381,-111.1071268,NA,-146.016640067354,40.77058424,-111.1071288,NA,-139.757478285869,40.77058424,-111.1071288,NA,-139.757478285869
"196","SMMH",5529,"ABLA",1.7,14,4.5,0,"0",1,1,1,1,"0","BO","0","0",1,1,0,0,"0","0","0","0",0,0,0,0,"0","0","0",NA,0,0,0,0,"0","0","0",NA,0,0,0,0,"0","0","0",NA,0,0,0,0,"0","0","0",NA,0,1,0,0,"0","0","0",NA,0,0,0,0,"0","0","0",NA,NA,NA,NA,NA,1,2,3,4,NA,NA,NA,NA,0,1,0,0,1,"SMMH5529",549,5529,NA,"Point",2329.474,NA,0.0929416257849417,0,1,0,0,"SMMH_5529_825","SMMH_5527_823",0.175404600909943,"SMMH_5527_823",0.175404600909943,"SMMH_5527_823",0.175404600909943,"SMMH_5527_823",0.175404600909943,NA,40.77058381,-111.1071268,40.77058424,-111.1071288,NA,-74.2091607060618,40.77058424,-111.1071288,NA,-74.2091607060618,40.77058424,-111.1071288,NA,-74.2091607060618,40.77058424,-111.1071288,NA,-74.2091607060618
"197","SMMH",5530,"ABLA",3.2,23.2,1.4,0,"0",1,1,1,1,"0","BO","BO","BO",NA,NA,1,1,"0","0","0","0",0,1,1,2,"0","0","0",NA,0,0,0,0,"0","0","0",NA,0,0,0,0,"0","0","0",NA,0,0,0,0,"0","0","0",NA,0,0,1,1,"0","0","0",NA,0,0,0,0,"0","0","0",NA,NA,NA,NA,NA,1,2,3,4,NA,NA,NA,NA,0,1,1,1,1,"SMMH5530",550,5530,NA,"Point",2328.437,NA,0.0916751757162598,0,1,1,1,"SMMH_5530_826","SMMH_5527_823",1.39407542117555,"SMMH_5529_825",1.36636952183046,"SMMH_5527_823",1.39407542117555,"SMMH_5533_829",1.35126440895742,NA,40.7705717,-111.1071297,40.77058424,-111.1071288,NA,3.12318758581071,40.77058381,-111.1071268,NA,10.3182628615786,40.77058424,-111.1071288,NA,3.12318758581071,40.77056238,-111.1071194,NA,139.963042093095
"198","SMMH",5531,"ABLA",NA,6.9,0,0,"0",1,1,1,1,"0","0","0","0",1,1,1,1,"0","0","0","0",0,0,0,0,"0","0","0",NA,0,0,0,0,"0","0","0",NA,0,0,0,0,"0","0","0",NA,0,0,0,0,"0","0","0",NA,0,0,0,0,"0","0","0",NA,0,0,0,0,"0","0","0",NA,"2 Dead, <5","2 Dead, <5","2 Dead, <5","2 Dead, <5",1,2,3,4,NA,NA,NA,NA,0,0,0,0,0,"SMMH5531",551,5531,NA,"Point",2329.166,NA,0.0918012057523037,0,0,0,0,"SMMH_5531_827","SMMH_5532_828",1.32185702888637,"SMMH_5530_826",0.832481551536816,"SMMH_5530_826",0.832481551536816,"SMMH_5533_829",0.702403186944933,NA,40.77056863,-111.1071207,40.77057397,-111.1071067,NA,63.356644987298,40.7705717,-111.1071297,NA,-65.8352678668015,40.7705717,-111.1071297,NA,-65.8352678668015,40.77056238,-111.1071194,NA,171.014016383209
"199","SMMH",5532,"ABLA",6.4,42.6,0,0,"0",1,1,1,1,"BO","BO","0","BO",NA,NA,0,1,"0","0","0","0",0,0,0,0,"0","0","0",NA,0,1,0,0,"0","0","0",NA,1,1,0,1,"0","0","0",NA,0,1,0,1,"0","0","0",NA,0,1,0,1,"0","0","0",NA,0,0,0,1,"0","0","0",NA,NA,NA,NA,NA,1,2,3,4,NA,NA,NA,NA,1,1,0,1,0,"SMMH5532",552,5532,NA,"Point",2328.033,NA,0.0929462482795629,1,1,0,1,"SMMH_5532_828","SMMH_5527_823",2.18590006774898,"SMMH_5530_826",1.95731657530754,"SMMH_5530_826",1.95731657530754,"SMMH_5533_829",1.67449546363639,NA,40.77057397,-111.1071067,40.77058424,-111.1071288,NA,-58.564729906016,40.7705717,-111.1071297,NA,-97.3966856965997,40.7705717,-111.1071297,NA,-97.3966856965997,40.77056238,-111.1071194,NA,-140.203343262062
"200","SMMH",5533,"ABLA",NA,2.7,NA,0,"0",1,1,1,1,"0","0","BO","BO",2,2,2,2,"0","0","0","0",0,0,0,1,"0","0","0",NA,0,0,0,1,"0","0","0",NA,0,0,0,0,"0","0","0",NA,0,0,0,0,"0","0","0",NA,0,0,0,1,"0","0","0",NA,0,0,0,0,"0","0","0",NA,NA,NA,NA,NA,1,2,3,4,NA,NA,NA,NA,0,0,0,1,1,"SMMH5533",553,5533,NA,"Point",2329.291,NA,0.0912810504391047,0,0,0,1,"SMMH_5533_829","SMMH_5532_828",1.67449546363639,"SMMH_5530_826",1.35126440895742,"SMMH_5530_826",1.35126440895742,"SMMH_5530_826",1.35126440895742,NA,40.77056238,-111.1071194,40.77057397,-111.1071067,NA,39.7966484444358,40.7705717,-111.1071297,NA,-40.0369511806788,40.7705717,-111.1071297,NA,-40.0369511806788,40.7705717,-111.1071297,NA,-40.0369511806788
"201","SMMH",5534,"ABLA",1.2,10,2,0,"0",1,1,1,1,"0","0","0","0",1,1,0,1,"0","0","0","0",0,0,0,0,"0","0","0",NA,0,0,0,0,"0","0","0",NA,0,0,0,0,"0","0","0",NA,0,0,0,0,"0","0","0",NA,0,0,0,0,"0","0","0",NA,0,0,0,0,"0","0","0",NA,NA,NA,NA,NA,1,2,3,4,NA,NA,NA,NA,0,0,0,0,0,"SMMH5534",554,5534,NA,"Point",2328.716,NA,0.0901300786063781,0,0,0,0,"SMMH_5534_830","SMMH_5532_828",2.89914969036448,"SMMH_5530_826",1.72836109326785,"SMMH_5530_826",1.72836109326785,"SMMH_5533_829",1.25713983959027,NA,40.77055622,-111.1071319,40.77057397,-111.1071067,NA,47.1854538639104,40.7705717,-111.1071297,NA,6.1667142503269,40.7705717,-111.1071297,NA,6.1667142503269,40.77056238,-111.1071194,NA,57.048652441383
"202","SMMH",5535,"ABLA",1.9,16.7,NA,0,"0",1,NA,NA,NA,"0",NA,NA,NA,NA,NA,NA,NA,"0",NA,NA,NA,0,NA,NA,NA,"0",NA,NA,NA,0,NA,NA,NA,"0",NA,NA,NA,0,NA,NA,NA,"0",NA,NA,NA,0,NA,NA,NA,"0",NA,NA,NA,0,NA,NA,NA,"0",NA,NA,NA,0,NA,NA,NA,"0",NA,NA,NA,NA,NA,NA,NA,1,NA,NA,NA,NA,NA,NA,NA,0,NA,NA,NA,NA,"SMMH5535",555,5535,NA,"Point",2325.558,NA,0.0913390027195624,0,NA,NA,NA,"SMMH_5535_831","SMMH_5527_823",1.6729151936586,"SMMH_5530_826",0.340551900102213,"SMMH_5530_826",0.340551900102213,"SMMH_5530_826",0.340551900102213,NA,40.77056942,-111.1071324,40.77058424,-111.1071288,NA,10.4633793043871,40.7705717,-111.1071297,NA,41.9968812789477,40.7705717,-111.1071297,NA,41.9968812789477,40.7705717,-111.1071297,NA,41.9968812789477
"203","SMMH",5536,"ABLA",1.8,16.7,5.3,0,"0",1,1,1,1,"0","0","0","0",NA,NA,0,0,"0","0","0","TB",0,0,0,0,"0","0","0",NA,0,0,0,0,"0","0","0",NA,0,0,0,0,"0","0","0",NA,0,0,0,0,"0","0","0",NA,0,0,0,0,"0","0","0",NA,0,0,0,0,"0","0","0",NA,"Rot in area","Rot in area","Rot in area","Rot in area",1,2,3,4,NA,NA,NA,NA,0,0,0,0,0,"SMMH5536",556,5536,NA,"Point",2329.693,NA,0.0886880898261181,0,0,0,0,"SMMH_5536_832","SMMH_5532_828",4.27194897827037,"SMMH_5530_826",3.49727396877103,"SMMH_5530_826",3.49727396877103,"SMMH_5533_829",2.64854602228802,NA,40.77054021,-111.107131,40.77057397,-111.1071067,NA,28.6885168783956,40.7705717,-111.1071297,NA,1.79767743962017,40.7705717,-111.1071297,NA,1.79767743962017,40.77056238,-111.1071194,NA,21.6921441091473
"204","SMMH",5551,"ABLA",3.4,21.5,0,0,"0",1,1,1,1,"0","0","0","0",1,1,1,1,"0","0","0","0",0,0,0,0,"0","0","0",NA,0,0,0,0,"0","0","0",NA,0,0,0,0,"0","0","0",NA,0,0,0,0,"0","0","0",NA,0,0,0,0,"0","0","0",NA,0,0,0,0,"0","0","0",NA,NA,NA,NA,NA,1,2,3,4,NA,NA,NA,NA,0,0,0,0,0,"SMMH5551",570,5551,NA,"Point",2327.762,NA,0.0910898301876178,0,0,0,0,"SMMH_5551_833","SMMH_5532_828",2.58216226811666,"SMMH_5532_828",2.58216226811666,"SMMH_5530_826",3.30958870460539,"SMMH_5533_829",1.97143413489984,NA,40.77055106,-111.1071014,40.77057397,-111.1071067,NA,-9.97505430765944,40.77057397,-111.1071067,NA,-9.97505430765944,40.7705717,-111.1071297,NA,-46.1894977556378,40.77056238,-111.1071194,NA,-50.4022918320916
"205","SMMH",5552,"ABLA",1,7.5,0,0,"0",1,1,1,1,"0","0","0","0",NA,1,0,0,"0","0","0","0",0,0,0,0,"0","0","0",NA,0,0,0,0,"0","0","0",NA,0,0,0,0,"0","0","0",NA,0,0,0,0,"0","0","0",NA,0,0,0,0,"0","0","0",NA,0,0,0,0,"0","0","0",NA,NA,NA,NA,NA,1,2,3,4,NA,NA,NA,NA,0,0,0,0,0,"SMMH5552",571,5552,NA,"Point",2327.595,NA,0.0909393397686482,0,0,0,0,"SMMH_5552_834","SMMH_5532_828",3.40644007741718,"SMMH_5532_828",3.40644007741718,"SMMH_5530_826",4.27081892493202,"SMMH_5533_829",2.93080147024133,NA,40.77054505,-111.1070932,40.77057397,-111.1071067,NA,-19.5393763768132,40.77057397,-111.1071067,NA,-19.5393763768132,40.7705717,-111.1071297,NA,-46.1577881930075,40.77056238,-111.1071194,NA,-48.9756174690773
"206","SMMH",5553,"ABLA",NA,4.4,0,0,"0",1,1,1,1,"0","0","0","0",1,1,0,0,"0","0","0","0",0,0,0,0,"0","0","0",NA,0,0,0,0,"0","0","0",NA,0,0,0,0,"0","0","0",NA,0,0,0,0,"0","0","0",NA,0,0,0,0,"0","0","0",NA,0,0,0,0,"0","0","0",NA,NA,NA,NA,NA,1,2,3,4,NA,NA,NA,NA,0,0,0,0,0,"SMMH5553",572,5553,NA,"Point",2327.385,NA,0.0912920584365951,0,0,0,0,"SMMH_5553_835","SMMH_5532_828",3.51499421757623,"SMMH_5532_828",3.51499421757623,"SMMH_5530_826",4.5721476469736,"SMMH_5533_829",3.25673166410214,NA,40.77054587,-111.1070875,40.77057397,-111.1071067,NA,-27.4502740669027,40.77057397,-111.1071067,NA,-27.4502740669027,40.7705717,-111.1071297,NA,-51.1623766819887,40.77056238,-111.1071194,NA,-55.7544444916589
"207","SMMH",5554,"ABLA",2.7,16.3,6.5,0,"0",1,1,NA,NA,"0","0",NA,NA,NA,NA,NA,NA,"0","0",NA,NA,0,0,NA,NA,"0","0",NA,NA,0,0,NA,NA,"0","0",NA,NA,0,0,NA,NA,"0","0",NA,NA,0,0,NA,NA,"0","0",NA,NA,0,0,NA,NA,"0","0",NA,NA,0,0,NA,NA,"0","0",NA,NA,NA,NA,NA,NA,1,2,NA,NA,NA,NA,NA,NA,0,0,NA,NA,NA,"SMMH5554",573,5554,NA,"Point",2326.88,NA,0.0908061345497614,0,0,NA,NA,"SMMH_5554_836","SMMH_5532_828",4.50080811388843,"SMMH_5532_828",4.50080811388843,"SMMH_5530_826",5.47361778092968,"SMMH_5533_829",4.13398066637768,NA,40.7705378,-111.1070826,40.77057397,-111.1071067,NA,-26.8648744126796,40.77057397,-111.1071067,NA,-26.8648744126796,40.7705717,-111.1071297,NA,-46.5679821037252,40.77056238,-111.1071194,NA,-48.6986434824736
"208","SMMH",5558,"ABLA",NA,6.2,NA,0,"0",1,1,1,1,"0","0","0","0",1,1,0,0,"0","0","0","0",0,0,0,0,"0","0","0",NA,0,0,0,0,"0","0","0",NA,0,0,0,0,"0","0","0",NA,0,0,0,0,"0","0","0",NA,0,0,0,0,"0","0","0",NA,0,0,0,0,"0","0","0",NA,NA,NA,NA,NA,1,2,3,4,NA,NA,NA,NA,0,0,0,0,0,"SMMH5558",577,5558,NA,"Point",2326.671,NA,0.0937213090536512,0,0,0,0,"SMMH_5558_837","SMMH_5532_828",2.39824173610672,"SMMH_5532_828",2.39824173610672,"SMMH_5530_826",4.27069114185189,"SMMH_5532_828",2.39824173610672,NA,40.77056824,-111.1070793,40.77057397,-111.1071067,NA,-74.620016493901,40.77057397,-111.1071067,NA,-74.620016493901,40.7705717,-111.1071297,NA,-84.8402064591735,40.77057397,-111.1071067,NA,-74.620016493901
"209","SMMH",5559,"ABLA",2.7,17.1,1.4,0,"0",1,1,1,1,"0","0","0","0",1,1,0,0,"0","0","0","0",0,0,0,0,"0","0","0",NA,0,0,0,0,"0","0","0",NA,0,0,0,0,"0","0","0",NA,0,0,0,0,"0","0","0",NA,0,0,0,0,"0","0","0",NA,0,0,0,0,"0","0","0",NA,NA,NA,NA,NA,1,2,3,4,NA,NA,NA,NA,0,0,0,0,0,"SMMH5559",578,5559,NA,"Point",2326.736,NA,0.0940007300894507,0,0,0,0,"SMMH_5559_838","SMMH_5532_828",1.97576409775549,"SMMH_5532_828",1.97576409775549,"SMMH_5528_824",3.70783308730364,"SMMH_5532_828",1.97576409775549,NA,40.77057341,-111.1070833,40.77057397,-111.1071067,NA,-88.1970142502033,40.77057397,-111.1071067,NA,-88.1970142502033,40.77059475,-111.1071171,NA,-50.2918376893401,40.77057397,-111.1071067,NA,-88.1970142502033
"210","SMMH",5560,"ABLA",1.9,14.8,0,0,"0",1,1,1,1,"0","0","0","0",1,1,2,2,"0","0","0","0",0,0,0,0,"0","0","0",NA,0,0,0,0,"0","0","0",NA,0,0,0,0,"0","0","0",NA,0,0,0,0,"0","0","0",NA,0,0,0,0,"0","0","0",NA,0,0,0,0,"0","0","0",NA,NA,NA,NA,NA,1,2,3,4,NA,NA,NA,NA,0,0,0,0,0,"SMMH5560",579,5560,NA,"Point",2327.887,NA,0.0946436012464413,0,0,0,0,"SMMH_5560_839","SMMH_5532_828",2.21979215171434,"SMMH_5532_828",2.21979215171434,"SMMH_5528_824",3.45909100753464,"SMMH_5532_828",2.21979215171434,NA,40.77057944,-111.1070814,40.77057397,-111.1071067,NA,-105.874919610156,40.77057397,-111.1071067,NA,-105.874919610156,40.77059475,-111.1071171,NA,-60.5732085407052,40.77057397,-111.1071067,NA,-105.874919610156
"211","SMMH",5562,"ABLA",NA,5.9,NA,0,"0",1,1,1,1,"0","0","0","0",1,1,1,1,"0","0","0","0",0,0,0,0,"0","0","0",NA,0,0,0,0,"0","0","0",NA,0,0,0,0,"0","0","0",NA,0,0,0,0,"0","0","0",NA,0,0,0,0,"0","0","0",NA,0,0,0,0,"0","0","0",NA,NA,NA,NA,NA,1,2,3,4,NA,NA,NA,NA,0,0,0,0,0,"SMMH5562",581,5562,NA,"Point",2326.239,NA,0.0942533104377582,0,0,0,0,"SMMH_5562_840","SMMH_5532_828",1.48710908985195,"SMMH_5532_828",1.48710908985195,"SMMH_5528_824",2.72454951249837,"SMMH_5532_828",1.48710908985195,NA,40.7705802,-111.1070911,40.77057397,-111.1071067,NA,-117.712674440321,40.77057397,-111.1071067,NA,-117.712674440321,40.77059475,-111.1071171,NA,-53.6437143130168,40.77057397,-111.1071067,NA,-117.712674440321
"212","SMMH",5562,"ABLA",NA,5.9,NA,0,"0",1,1,1,1,"0","0","0","0",1,1,1,1,"0","0","0","0",0,0,0,0,"0","0","0",NA,0,0,0,0,"0","0","0",NA,0,0,0,0,"0","0","0",NA,0,0,0,0,"0","0","0",NA,0,0,0,0,"0","0","0",NA,0,0,0,0,"0","0","0",NA,NA,NA,NA,NA,1,2,3,4,NA,NA,NA,NA,0,0,0,0,0,"SMMH5562",4094,5562,NA,"Point",2328.235,-16.648,0.095372573862739,0,0,0,0,"SMMH_5562_841","SMMH_5578_861",2.78057111703314,"SMMH_5578_861",2.78057111703314,"SMMH_5578_861",2.78057111703314,"SMMH_5578_861",2.78057111703314,NA,40.7705850473333,-111.10707689,40.77060972,-111.1070712,NA,9.94460543220642,40.77060972,-111.1070712,NA,9.94460543220642,40.77060972,-111.1070712,NA,9.94460543220642,40.77060972,-111.1070712,NA,9.94460543220642
"213","SMMH",5563,"ABLA",2.1,17.8,0,0,"0",1,1,1,1,"0","0","0","0",1,2,2,2,"0","0","0","0",0,0,0,0,"0","0","0",NA,0,0,0,0,"0","0","0",NA,0,0,0,0,"0","0","0",NA,0,0,0,0,"0","0","0",NA,0,0,0,0,"0","0","0",NA,0,0,0,0,"0","0","0",NA,NA,NA,NA,NA,1,2,3,4,NA,NA,NA,NA,0,0,0,0,0,"SMMH5563",582,5563,NA,"Point",2326.303,NA,0.0950943057661993,0,0,0,0,"SMMH_5563_842","SMMH_5532_828",2.62727816718127,"SMMH_5532_828",2.62727816718127,"SMMH_5578_861",3.08256803625822,"SMMH_5532_828",2.62727816718127,NA,40.77058238,-111.1070776,40.77057397,-111.1071067,NA,-110.813724370619,40.77057397,-111.1071067,NA,-110.813724370619,40.77060972,-111.1070712,NA,10.091169000628,40.77057397,-111.1071067,NA,-110.813724370619
"214","SMMH",5563,"ABLA",2.1,17.8,0,0,"0",1,1,1,1,"0","0","0","0",1,2,2,2,"0","0","0","0",0,0,0,0,"0","0","0",NA,0,0,0,0,"0","0","0",NA,0,0,0,0,"0","0","0",NA,0,0,0,0,"0","0","0",NA,0,0,0,0,"0","0","0",NA,0,0,0,0,"0","0","0",NA,NA,NA,NA,NA,1,2,3,4,NA,NA,NA,NA,0,0,0,0,0,"SMMH5563",4095,5563,NA,"Point",2329.258,-16.648,0.0958093288206911,0,0,0,0,"SMMH_5563_843","SMMH_5578_861",2.69968274872749,"SMMH_5578_861",2.69968274872749,"SMMH_5578_861",2.69968274872749,"SMMH_5578_861",2.69968274872749,NA,40.7705854805,-111.107068594,40.77060972,-111.1070712,NA,-4.67272021644666,40.77060972,-111.1070712,NA,-4.67272021644666,40.77060972,-111.1070712,NA,-4.67272021644666,40.77060972,-111.1070712,NA,-4.67272021644666
"215","SMMH",5564,"ABLA",1.3,11.8,2,0,"0",1,1,1,1,"0","0","0","0",1,NA,0,0,"0","0","0","0",0,0,0,0,"0","0","0",NA,0,0,0,0,"0","0","0",NA,0,0,0,0,"0","0","0",NA,0,0,0,0,"0","0","0",NA,0,0,0,0,"0","0","0",NA,0,0,0,0,"0","0","0",NA,NA,NA,NA,NA,1,2,3,4,NA,NA,NA,NA,0,0,0,0,0,"SMMH5564",583,5564,NA,"Point",2327.468,NA,0.0954908468918998,0,0,0,0,"SMMH_5564_844","SMMH_5578_861",2.62300296971745,"SMMH_5578_861",2.62300296971745,"SMMH_5578_861",2.62300296971745,"SMMH_5578_861",2.62300296971745,NA,40.77058655,-111.1070773,40.77060972,-111.1070712,NA,11.318423059397,40.77060972,-111.1070712,NA,11.318423059397,40.77060972,-111.1070712,NA,11.318423059397,40.77060972,-111.1070712,NA,11.318423059397
"216","SMMH",5564,"ABLA",1.3,11.8,2,0,"0",1,1,1,1,"0","0","0","0",1,NA,0,0,"0","0","0","0",0,0,0,0,"0","0","0",NA,0,0,0,0,"0","0","0",NA,0,0,0,0,"0","0","0",NA,0,0,0,0,"0","0","0",NA,0,0,0,0,"0","0","0",NA,0,0,0,0,"0","0","0",NA,NA,NA,NA,NA,1,2,3,4,NA,NA,NA,NA,0,0,0,0,0,"SMMH5564",4096,5564,NA,"Point",2325.935,-16.648,0.0963826320541351,0,0,0,0,"SMMH_5564_845","SMMH_5579_862",1.47925735834494,"SMMH_5579_862",1.47925735834494,"SMMH_5579_862",1.47925735834494,"SMMH_5579_862",1.47925735834494,NA,40.7705981955,-111.107081120333,40.77061125,-111.1070776,NA,11.5859144704597,40.77061125,-111.1070776,NA,11.5859144704597,40.77061125,-111.1070776,NA,11.5859144704597,40.77061125,-111.1070776,NA,11.5859144704597
"217","SMMH",5565,"ABLA",1.5,11.4,2,0,"0",1,1,1,1,"0","0","0","0",1,NA,0,0,"0","0","0","0",0,0,0,0,"0","0","0",NA,0,0,0,0,"0","0","0",NA,0,0,0,0,"0","0","0",NA,0,0,0,0,"0","0","0",NA,0,0,0,0,"0","0","0",NA,0,0,0,0,"0","0","0",NA,NA,NA,NA,NA,1,2,3,4,NA,NA,NA,NA,0,0,0,0,0,"SMMH5565",584,5565,NA,"Point",2327.358,NA,0.0947524975660207,0,0,0,0,"SMMH_5565_846","SMMH_5532_828",2.09620234252191,"SMMH_5532_828",2.09620234252191,"SMMH_5528_824",3.10237343333904,"SMMH_5532_828",2.09620234252191,NA,40.77058213,-111.1070843,40.77057397,-111.1071067,NA,-115.601902421086,40.77057397,-111.1071067,NA,-115.601902421086,40.77059475,-111.1071171,NA,-63.1566395141078,40.77057397,-111.1071067,NA,-115.601902421086
"218","SMMH",5565,"ABLA",1.5,11.4,2,0,"0",1,1,1,1,"0","0","0","0",1,NA,0,0,"0","0","0","0",0,0,0,0,"0","0","0",NA,0,0,0,0,"0","0","0",NA,0,0,0,0,"0","0","0",NA,0,0,0,0,"0","0","0",NA,0,0,0,0,"0","0","0",NA,0,0,0,0,"0","0","0",NA,NA,NA,NA,NA,1,2,3,4,NA,NA,NA,NA,0,0,0,0,0,"SMMH5565",4097,5565,NA,"Point",2327.084,-16.648,0.0957656642196625,0,0,0,0,"SMMH_5565_847","SMMH_5579_862",2.01006328136866,"SMMH_5579_862",2.01006328136866,"SMMH_5579_862",2.01006328136866,"SMMH_5579_862",2.01006328136866,NA,40.77059485,-111.107087697667,40.77061125,-111.1070776,NA,25.0842570428761,40.77061125,-111.1070776,NA,25.0842570428761,40.77061125,-111.1070776,NA,25.0842570428761,40.77061125,-111.1070776,NA,25.0842570428761
"219","SMMH",5566,"ABLA",1.1,9.1,0,0,"0",1,1,1,1,"0","0","0","0",1,1,1,1,"0","0","0","0",0,0,0,0,"0","0","0",NA,0,0,0,0,"0","0","0",NA,0,0,0,0,"0","0","0",NA,0,0,0,0,"0","0","0",NA,0,0,0,0,"0","0","0",NA,0,0,0,0,"0","0","0",NA,NA,NA,NA,NA,1,2,3,4,NA,NA,NA,NA,0,0,0,0,0,"SMMH5566",585,5566,NA,"Point",2326.422,NA,0.0960259107858956,0,0,0,0,"SMMH_5566_848","SMMH_5578_861",2.5804553207829,"SMMH_5578_861",2.5804553207829,"SMMH_5578_861",2.5804553207829,"SMMH_5578_861",2.5804553207829,NA,40.77058675,-111.1070665,40.77060972,-111.1070712,NA,-8.84205642683242,40.77060972,-111.1070712,NA,-8.84205642683242,40.77060972,-111.1070712,NA,-8.84205642683242,40.77060972,-111.1070712,NA,-8.84205642683242
"220","SMMH",5567,"ABLA",NA,6.4,NA,0,"0",1,1,1,1,"0","0","0","0",NA,1,1,1,"0","0","0","0",0,0,0,0,"0","0","0",NA,0,0,0,0,"0","0","0",NA,0,0,0,0,"0","0","0",NA,0,0,0,0,"0","0","0",NA,0,0,0,0,"0","0","0",NA,0,0,0,0,"0","0","0",NA,NA,NA,NA,NA,1,2,3,4,NA,NA,NA,NA,0,0,0,0,0,"SMMH5567",586,5567,NA,"Point",2324.955,NA,0.0964827172415105,0,0,0,0,"SMMH_5567_849","SMMH_5574_856",2.24080625462548,"SMMH_5578_861",2.66938997287473,"SMMH_5578_861",2.66938997287473,"SMMH_5578_861",2.66938997287473,NA,40.77058763,-111.1070587,40.77060247,-111.1070407,NA,42.6805551844166,40.77060972,-111.1070712,NA,-23.2775960969136,40.77060972,-111.1070712,NA,-23.2775960969136,40.77060972,-111.1070712,NA,-23.2775960969136
"221","SMMH",5568,"ABLA",1.5,11.2,0,0,"0",1,1,1,1,"0","0","0","0",1,1,1,1,"0","0","0","0",0,0,0,0,"0","0","0",NA,0,0,0,0,"0","0","0",NA,0,0,0,0,"0","0","0",NA,0,0,0,0,"0","0","0",NA,0,0,0,0,"0","0","0",NA,0,0,0,0,"0","0","0",NA,NA,NA,NA,NA,1,2,3,4,NA,NA,NA,NA,0,0,0,0,0,"SMMH5568",587,5568,NA,"Point",2325.006,NA,0.0963578699847325,0,0,0,0,"SMMH_5568_850","SMMH_5574_856",2.36656519578531,"SMMH_5578_861",2.72409556442233,"SMMH_5578_861",2.72409556442233,"SMMH_5578_861",2.72409556442233,NA,40.77058679,-111.1070597,40.77060247,-111.1070407,NA,42.6522147066062,40.77060972,-111.1070712,NA,-20.8713090725211,40.77060972,-111.1070712,NA,-20.8713090725211,40.77060972,-111.1070712,NA,-20.8713090725211
"222","SMMH",5569,"ABLA",1.1,8.4,1.2,0,"0",1,1,1,1,"0","0","0","0",NA,1,1,1,"0","0","0","0",0,0,0,0,"0","0","0",NA,0,0,0,0,"0","0","0",NA,0,0,0,0,"0","0","0",NA,0,0,0,0,"0","0","0",NA,0,0,0,0,"0","0","0",NA,0,0,0,0,"0","0","0",NA,NA,NA,NA,NA,1,2,3,4,NA,NA,NA,NA,0,0,0,0,0,"SMMH5569",588,5569,NA,"Point",2325.407,NA,0.0966390866197764,0,0,0,0,"SMMH_5569_851","SMMH_5574_856",2.08568009731908,"SMMH_5578_861",3.11438738460104,"SMMH_5578_861",3.11438738460104,"SMMH_5578_861",3.11438738460104,NA,40.77058576,-111.107052,40.77060247,-111.1070407,NA,27.2085092199125,40.77060972,-111.1070712,NA,-31.3506656329766,40.77060972,-111.1070712,NA,-31.3506656329766,40.77060972,-111.1070712,NA,-31.3506656329766
"223","SMMH",5570,"ABLA",1.2,11,1.5,0,"0",1,1,1,1,"0","0","0","0",NA,1,0,0,"0","0","0","0",0,0,0,0,"0","0","0",NA,0,0,0,0,"0","0","0",NA,0,0,0,0,"0","0","0",NA,0,0,0,0,"0","0","0",NA,0,0,0,0,"0","0","0",NA,0,0,0,0,"0","0","0",NA,NA,NA,NA,NA,1,2,3,4,NA,NA,NA,NA,0,0,0,0,0,"SMMH5570",589,5570,NA,"Point",2326.049,NA,0.0975288494767915,0,0,0,0,"SMMH_5570_852","SMMH_5574_856",1.22077870524821,"SMMH_5578_861",2.26738812741797,"SMMH_5578_861",2.26738812741797,"SMMH_5578_861",2.26738812741797,NA,40.77059551,-111.1070519,40.77060247,-111.1070407,NA,50.7377053727452,40.77060972,-111.1070712,NA,-45.9183228477455,40.77060972,-111.1070712,NA,-45.9183228477455,40.77060972,-111.1070712,NA,-45.9183228477455
"224","SMMH",5571,"ABLA",1.2,11.6,0,0,"0",1,1,1,1,"0","0","0","0",NA,1,0,0,"0","0","0","0",0,0,0,0,"0","0","0",NA,0,0,0,0,"0","0","0",NA,0,0,0,0,"0","0","0",NA,0,0,0,0,"0","0","0",NA,0,0,0,0,"0","0","0",NA,0,0,0,0,"0","0","0",NA,NA,NA,NA,NA,1,2,3,4,NA,NA,NA,NA,0,0,0,0,0,"SMMH5571",590,5571,NA,"Point",2325.2,NA,0.0977670139575086,0,0,0,0,"SMMH_5571_853","SMMH_5574_856",0.969908746269783,"SMMH_5578_861",2.32265518288838,"SMMH_5575_857",2.03509844356147,"SMMH_5578_861",2.32265518288838,NA,40.77059685,-111.1070495,40.77060247,-111.1070407,NA,49.9688571817187,40.77060972,-111.1070712,NA,-52.041703608627,40.7706107,-111.1070337,NA,40.935011940755,40.77060972,-111.1070712,NA,-52.041703608627
"225","SMMH",5572,"ABLA",1,7.9,0,0,"0",1,1,1,1,"0","0","0","0",NA,1,0,0,"0","0","0","0",0,0,0,0,"0","0","0",NA,0,0,0,0,"0","0","0",NA,0,0,0,0,"0","0","0",NA,0,0,0,0,"0","0","0",NA,0,0,0,0,"0","0","0",NA,0,0,0,0,"0","0","0",NA,NA,NA,NA,NA,1,2,3,4,NA,NA,NA,NA,0,0,0,0,0,"SMMH5572",591,5572,NA,"Point",2325.137,NA,0.0978151944243365,0,0,0,0,"SMMH_5572_854","SMMH_5574_856",0.92019937194746,"SMMH_5578_861",2.80306155942561,"SMMH_5575_857",1.99629438460747,"SMMH_5360_675",2.38185364657688,NA,40.7705947,-111.1070445,40.77060247,-111.1070407,NA,20.3957363856319,40.77060972,-111.1070712,NA,-53.5006844707724,40.7706107,-111.1070337,NA,27.1657071564658,40.77060912,-111.1070236,NA,47.7754921561655
"226","SMMH",5573,"ABLA",1,9.9,0,0,"0",1,1,1,1,"0","0","0","0",1,1,0,0,"0","0","0","0",0,0,0,0,"0","0","0",NA,0,0,0,0,"0","0","0",NA,0,0,0,0,"0","0","0",NA,0,0,0,0,"0","0","0",NA,0,0,0,0,"0","0","0",NA,0,0,0,0,"0","0","0",NA,NA,NA,NA,NA,1,2,3,4,NA,NA,NA,NA,0,0,0,0,0,"SMMH5573",592,5573,NA,"Point",2324.862,NA,0.0976684494223346,0,0,0,0,"SMMH_5573_855","SMMH_5574_856",1.26586113884283,"SMMH_5578_861",1.8559992024848,"SMMH_5578_861",1.8559992024848,"SMMH_5578_861",1.8559992024848,NA,40.77059858,-111.1070548,40.77060247,-111.1070407,NA,70.0548917084541,40.77060972,-111.1070712,NA,-48.2201235442273,40.77060972,-111.1070712,NA,-48.2201235442273,40.77060972,-111.1070712,NA,-48.2201235442273
"227","SMMH",5574,"ABLA",NA,5.1,NA,1,"0",1,1,1,1,"BO","0","0","0",1,1,1,1,"0","0","0","0",0,0,0,0,"0","0","0",NA,1,0,0,0,"0","0","0",NA,0,0,0,0,"0","0","0",NA,0,0,0,0,"0","0","0",NA,0,0,0,0,"0","0","0",NA,0,0,0,0,"0","0","0",NA,NA,NA,NA,NA,1,2,3,4,NA,NA,NA,NA,1,0,0,0,0,"SMMH5574",593,5574,NA,"Point",2326.082,NA,0.0987049525084228,1,0,0,0,"SMMH_5574_856","SMMH_5578_861",2.69685263554252,"SMMH_5502_801",2.4510590969088,"SMMH_5575_857",1.08793269503393,"SMMH_5360_675",1.62095303075839,NA,40.77060247,-111.1070407,40.77060972,-111.1070712,NA,-72.637423026469,40.77062206,-111.1070541,NA,-27.4759251724424,40.7706107,-111.1070337,NA,32.8881057643088,40.77060912,-111.1070236,NA,62.909226884896
"228","SMMH",5575,"ABLA",2.5,16.4,0,0,"0",1,1,1,1,"0","0","BO","0",NA,1,0,0,"0","0","0","0",0,0,0,0,"0","0","0",NA,0,0,0,0,"0","0","0",NA,0,0,1,0,"0","0","0",NA,0,0,0,0,"0","0","0",NA,0,0,0,0,"0","0","0",NA,0,0,0,0,"0","0","0",NA,NA,NA,NA,NA,1,2,3,4,NA,NA,NA,NA,0,0,1,0,1,"SMMH5575",594,5575,NA,"Point",2324.973,NA,0.0997924745424759,0,0,1,0,"SMMH_5575_857","SMMH_5574_856",1.08793269503393,"SMMH_5502_801",2.13403359970952,"SMMH_5499_798",2.45849935086547,"SMMH_5360_675",0.870221867045174,NA,40.7706107,-111.1070337,40.77060247,-111.1070407,NA,-147.111889664466,40.77062206,-111.1070541,NA,-53.7784846910122,40.77062605,-111.1070547,NA,-46.1258173832522,40.77060912,-111.1070236,NA,101.627270615594
"229","SMMH",5576,"ABLA",4.1,23.9,0,0,"0",1,1,1,1,"BR, BO","BR, BO","BR, BO","BR, BO",NA,1,1,1,"0","0","0","0",2,2,2,2,"0","1-0","1-0","1-0",2,2,2,2,"4-1","4-1","4-1","4-0",2,1,1,1,"0","0","0",NA,1,1,1,1,"0","0","1-0",NA,2,2,2,2,"4-0","4-2","4-0","4-0",2,2,2,1,"0","0","0",NA,"Rot in area","Rot in area","Rot in area","Rot in area",1,2,3,4,NA,NA,NA,NA,1,1,1,1,0,"SMMH5576",595,5576,NA,"Point",2326.267,NA,0.0985960438453549,1,1,1,1,"SMMH_5576_858","SMMH_5579_862",0.840588732704756,"SMMH_5579_862",0.840588732704756,"SMMH_5579_862",0.840588732704756,"SMMH_5579_862",0.840588732704756,NA,40.77061746,-111.1070719,40.77061125,-111.1070776,NA,-145.091858561351,40.77061125,-111.1070776,NA,-145.091858561351,40.77061125,-111.1070776,NA,-145.091858561351,40.77061125,-111.1070776,NA,-145.091858561351
"230","SMMH",5577,"ABLA",1.6,11.9,1.9,0,"0",1,1,1,1,"BO","BO","BO","BO",1,1,1,1,"0","0","0","0",0,0,0,0,"0","0","0",NA,0,0,0,0,"0","0","0",NA,0,0,0,0,"0","0","0",NA,1,0,0,1,"0","0","0",NA,0,1,1,0,"0","0","0",NA,0,1,0,0,"0","0","0",NA,NA,NA,NA,NA,1,2,3,4,NA,NA,NA,NA,1,1,1,1,0,"SMMH5577",596,5577,NA,"Point",2326.552,NA,0.0997900026123495,1,1,1,1,"SMMH_5577_859","SMMH_5576_858",2.01779175712108,"SMMH_5505_804",0.727243694671154,"SMMH_5505_804",0.727243694671154,"SMMH_5505_804",0.727243694671154,NA,40.77063445,-111.1070804,40.77061746,-111.1070719,NA,159.175564274476,40.77063892,-111.1070741,NA,46.9769299901342,40.77063892,-111.1070741,NA,46.9769299901342,40.77063892,-111.1070741,NA,46.9769299901342
"231","SMMH",5605,"ABLA",NA,6.3,NA,0,"0",1,1,1,1,"0","0","0","BO",3,2,2,2,"0","0","0","0",0,0,0,0,"0","0","0",NA,0,0,0,0,"0","0","0",NA,0,0,0,0,"0","0","0",NA,0,0,0,1,"0","0","0",NA,0,0,0,0,"0","0","0",NA,0,0,0,0,"0","0","0",NA,"Rot in area","Rot in area","Rot in area","Rot in area",1,2,3,4,NA,NA,NA,NA,0,0,0,1,1,"SMMH5605",625,5605,NA,"Point",2327.394,NA,0.0978774217458692,0,0,0,1,"SMMH_5605_860","SMMH_5579_862",1.41226160187301,"SMMH_5579_862",1.41226160187301,"SMMH_5579_862",1.41226160187301,"SMMH_5517_813",1.06974850990175,NA,40.77061907,-111.1070908,40.77061125,-111.1070776,NA,127.927199729949,40.77061125,-111.1070776,NA,127.927199729949,40.77061125,-111.1070776,NA,127.927199729949,40.77062802,-111.1070955,NA,-21.7639240419021
"232","SMMH",5578,"ABLA",6.1,41.2,5.4,0,"0",1,1,1,1,"BR, BO","BO","BO","BO",NA,1,0,0,"0","0","0","0",2,2,2,2,"0","0","0",NA,0,1,2,1,"0","0","0",NA,0,0,0,0,"0","0","0",NA,2,2,2,2,"0","0","0",NA,1,0,0,0,"0","0","0",NA,1,0,0,0,"0","0","0",NA,"Rot in area","Rot in area","Rot in area","Rot in area",1,2,3,4,NA,NA,NA,NA,1,1,1,1,0,"SMMH5578",597,5578,NA,"Point",2326.263,NA,0.0979122399932263,1,1,1,1,"SMMH_5578_861","SMMH_5579_862",0.56618547706855,"SMMH_5579_862",0.56618547706855,"SMMH_5579_862",0.56618547706855,"SMMH_5579_862",0.56618547706855,NA,40.77060972,-111.1070712,40.77061125,-111.1070776,NA,-72.5442762926903,40.77061125,-111.1070776,NA,-72.5442762926903,40.77061125,-111.1070776,NA,-72.5442762926903,40.77061125,-111.1070776,NA,-72.5442762926903
"233","SMMH",5579,"ABLA",9.1,43.2,5,0,"0",1,1,1,1,"BO","BO","BO","BO",1,1,1,1,"0","0","0","0",2,2,2,2,"0","0","0","2-1",2,2,2,2,"0","0","0",NA,0,0,0,0,"0","0","0",NA,2,2,2,2,"0","0","0",NA,2,2,2,2,"0","0","0",NA,1,1,1,1,"0","0","0",NA,NA,NA,NA,NA,1,2,3,4,NA,NA,NA,NA,1,1,1,1,0,"SMMH5579",598,5579,NA,"Point",2326.168,NA,0.0977553005914853,1,1,1,1,"SMMH_5579_862","SMMH_5578_861",0.56618547706855,"SMMH_5578_861",0.56618547706855,"SMMH_5578_861",0.56618547706855,"SMMH_5578_861",0.56618547706855,NA,40.77061125,-111.1070776,40.77060972,-111.1070712,NA,107.455719527903,40.77060972,-111.1070712,NA,107.455719527903,40.77060972,-111.1070712,NA,107.455719527903,40.77060972,-111.1070712,NA,107.455719527903
"234","SMMH",5583,"ABLA",NA,3.9,NA,0,"0",1,1,1,1,"0","0","0","0",NA,1,1,1,"0","0","0","0",0,0,0,0,"0","0","0",NA,0,0,0,0,"0","0","0",NA,0,0,0,0,"0","0","0",NA,0,0,0,0,"0","0","0",NA,0,0,0,0,"0","0","0",NA,0,0,0,0,"0","0","0",NA,NA,NA,NA,NA,1,2,3,4,NA,NA,NA,NA,0,0,0,0,0,"SMMH5583",602,5583,NA,"Point",2326.882,NA,0.0894972281176777,0,0,0,0,"SMMH_5583_863","SMMH_5607_879",2.92320674998362,"SMMH_5607_879",2.92320674998362,"SMMH_5607_879",2.92320674998362,"SMMH_5607_879",2.92320674998362,NA,40.77056748,-111.1071697,40.77059118,-111.1071546,NA,25.8447872656809,40.77059118,-111.1071546,NA,25.8447872656809,40.77059118,-111.1071546,NA,25.8447872656809,40.77059118,-111.1071546,NA,25.8447872656809
"235","SMMH",5586,"ABLA",2.7,22.3,NA,0,"0",1,1,NA,NA,"0","0",NA,NA,NA,NA,NA,NA,"TB","TB",NA,NA,0,0,NA,NA,"0","0",NA,NA,0,0,NA,NA,"0","0",NA,NA,0,0,NA,NA,"0","0",NA,NA,0,0,NA,NA,"0","0",NA,NA,0,0,NA,NA,"0","0",NA,NA,0,0,NA,NA,"0","0",NA,NA,NA,NA,NA,NA,1,2,NA,NA,NA,NA,NA,NA,0,0,NA,NA,NA,"SMMH5586",605,5586,NA,"Point",2327.521,NA,0.0915960792220687,0,0,NA,NA,"SMMH_5586_864","SMMH_5607_879",1.46917862181825,"SMMH_5607_879",1.46917862181825,"SMMH_5607_879",1.46917862181825,"SMMH_5607_879",1.46917862181825,NA,40.7705792,-111.1071472,40.77059118,-111.1071546,NA,-25.1551389999316,40.77059118,-111.1071546,NA,-25.1551389999316,40.77059118,-111.1071546,NA,-25.1551389999316,40.77059118,-111.1071546,NA,-25.1551389999316
"236","SMMH",5588,"ABLA",1.7,13.2,NA,0,"0",1,1,1,1,"0","0","0","0",NA,NA,0,0,"0","0","0","0",0,0,0,0,"0","0","0",NA,0,0,0,0,"0","0","0",NA,0,0,0,0,"0","0","0",NA,0,0,0,0,"0","0","0",NA,0,0,0,0,"0","0","0",NA,0,0,0,0,"0","0","0",NA,NA,NA,NA,NA,1,2,3,4,NA,NA,NA,NA,0,0,0,0,0,"SMMH5588",607,5588,NA,"Point",2328.025,NA,0.0925683868449673,0,0,0,0,"SMMH_5588_865","SMMH_5527_823",0.377886958501686,"SMMH_5527_823",0.377886958501686,"SMMH_5527_823",0.377886958501686,"SMMH_5527_823",0.377886958501686,NA,40.77058271,-111.1071328,40.77058424,-111.1071288,NA,63.2921718260382,40.77058424,-111.1071288,NA,63.2921718260382,40.77058424,-111.1071288,NA,63.2921718260382,40.77058424,-111.1071288,NA,63.2921718260382
"237","SMMH",5590,"ABLA",1.2,9.4,NA,0,"0",1,1,1,1,"0","0","0","0",NA,NA,0,0,"0","0","0","0",0,0,0,0,"0","0","0",NA,0,0,0,0,"0","0","0",NA,0,0,0,0,"0","0","0",NA,0,0,0,0,"0","0","0",NA,0,0,0,0,"0","0","0",NA,0,0,0,0,"0","0","0",NA,NA,NA,NA,NA,1,2,3,4,NA,NA,NA,NA,0,0,0,0,0,"SMMH5590",609,5590,NA,"Point",2328.098,NA,0.0934466452671264,0,0,0,0,"SMMH_5590_866","SMMH_5594_867",0.589604909454573,"SMMH_5596_869",1.24873247825126,"SMMH_5596_869",1.24873247825126,"SMMH_5596_869",1.24873247825126,NA,40.77059561,-111.1071405,40.77060054,-111.1071431,NA,-21.84818098089,40.77060617,-111.1071456,NA,-20.1617129174005,40.77060617,-111.1071456,NA,-20.1617129174005,40.77060617,-111.1071456,NA,-20.1617129174005
"238","SMMH",5594,"ABLA",1.9,14.6,NA,0,"0",1,1,1,1,"BO","0","0","0",NA,NA,0,0,"0","0","0","0",0,0,0,0,"0","0","0",NA,1,0,0,0,"0","0","0",NA,0,0,0,0,"0","0","0",NA,0,0,0,0,"0","0","0",NA,0,0,0,0,"0","0","0",NA,0,0,0,0,"0","0","0",NA,NA,NA,NA,NA,1,2,3,4,NA,NA,NA,NA,1,0,0,0,0,"SMMH5594",613,5594,NA,"Point",2327.974,NA,0.0938019883336257,1,0,0,0,"SMMH_5594_867","SMMH_5607_879",1.42177216822565,"SMMH_5596_869",0.659611241277599,"SMMH_5596_869",0.659611241277599,"SMMH_5596_869",0.659611241277599,NA,40.77060054,-111.1071431,40.77059118,-111.1071546,NA,-136.952157414295,40.77060617,-111.1071456,NA,-18.6542797481357,40.77060617,-111.1071456,NA,-18.6542797481357,40.77060617,-111.1071456,NA,-18.6542797481357
"239","SMMH",5595,"ABLA",2.2,14,NA,0,"0",1,1,1,1,"0","0","0","0",NA,1,1,1,"0","0","0","0",0,0,0,0,"0","0","0",NA,0,0,0,0,"0","0","0",NA,0,0,0,0,"0","0","0",NA,0,0,0,0,"0","0","0",NA,0,0,0,0,"0","0","0",NA,0,0,0,0,"0","0","0",NA,NA,NA,NA,NA,1,2,3,4,NA,NA,NA,NA,0,0,0,0,0,"SMMH5595",614,5595,NA,"Point",2327.85,NA,0.0943249663385693,0,0,0,0,"SMMH_5595_868","SMMH_5594_867",0.526952512636181,"SMMH_5596_869",0.445242685458318,"SMMH_5596_869",0.445242685458318,"SMMH_5596_869",0.445242685458318,NA,40.77060489,-111.1071406,40.77060054,-111.1071431,NA,-156.398054949646,40.77060617,-111.1071456,NA,-71.3901793172333,40.77060617,-111.1071456,NA,-71.3901793172333,40.77060617,-111.1071456,NA,-71.3901793172333
"240","SMMH",5596,"ABLA",3.8,27.1,NA,0,"0",1,1,1,1,"0","BO","BO","BO",NA,1,0,0,"0","0","0","0",0,0,0,1,"0","0",NA,NA,0,1,2,1,"0","0",NA,NA,0,0,1,1,"0","0",NA,NA,0,1,0,1,"0","0",NA,NA,0,1,1,2,"0","0",NA,NA,0,0,0,0,"0","0",NA,NA,NA,NA,NA,NA,1,2,3,4,NA,NA,NA,NA,0,1,1,1,1,"SMMH5596",615,5596,NA,"Point",2327.621,NA,0.0942308748294995,0,1,1,1,"SMMH_5596_869","SMMH_5594_867",0.659611241277599,"SMMH_5597_870",0.91145612424582,"SMMH_5597_870",0.91145612424582,"SMMH_5597_870",0.91145612424582,NA,40.77060617,-111.1071456,40.77060054,-111.1071431,NA,161.345718619284,40.77060622,-111.1071564,NA,-89.6510950651879,40.77060622,-111.1071564,NA,-89.6510950651879,40.77060622,-111.1071564,NA,-89.6510950651879
"241","SMMH",5597,"ABLA",NA,8.2,NA,0,"0",1,1,1,1,"0","BO","BO","BO",NA,1,0,0,"0","0","0","0",0,0,0,0,"0","0",NA,NA,0,0,0,0,"0","0",NA,NA,0,0,0,0,"0","0",NA,NA,0,0,0,1,"0","0",NA,NA,0,1,1,0,"0","0",NA,NA,0,0,0,0,"0","0",NA,NA,"4 Dead","4 Dead","4 Dead","4 Dead",1,2,3,4,NA,NA,NA,NA,0,1,1,1,1,"SMMH5597",616,5597,NA,"Point",2327.569,NA,0.0937736940202932,0,1,1,1,"SMMH_5597_870","SMMH_5599_872",0.233083458224706,"SMMH_5596_869",0.91145612424582,"SMMH_5596_869",0.91145612424582,"SMMH_5600_873",0.181814564714953,NA,40.77060622,-111.1071564,40.77060803,-111.1071578,NA,-30.4574236443256,40.77060617,-111.1071456,NA,90.3488978820647,40.77060617,-111.1071456,NA,90.3488978820647,40.77060532,-111.1071582,NA,-123.331792096742
"242","SMMH",5598,"ABLA",1.5,13.5,NA,0,"0",1,1,1,1,"0","0","0","0",NA,1,0,0,"0","0","0","0",0,0,0,0,"0","0",NA,NA,0,0,0,0,"0","0",NA,NA,0,0,0,0,"0","0",NA,NA,0,0,0,0,"0","0",NA,NA,0,0,0,0,"0","0",NA,NA,0,0,0,0,"0","0",NA,NA,NA,NA,NA,NA,1,2,3,4,NA,NA,NA,NA,0,0,0,0,0,"SMMH5598",617,5598,NA,"Point",2327.098,NA,0.0935918875446021,0,0,0,0,"SMMH_5598_871","SMMH_5599_872",0.653878597363561,"SMMH_5597_870",0.421104133124162,"SMMH_5597_870",0.421104133124162,"SMMH_5597_870",0.421104133124162,NA,40.77060308,-111.1071536,40.77060803,-111.1071578,NA,-32.8247272963458,40.77060622,-111.1071564,NA,-34.1347853115037,40.77060622,-111.1071564,NA,-34.1347853115037,40.77060622,-111.1071564,NA,-34.1347853115037
"243","SMMH",5599,"ABLA",1.6,14.1,NA,0,"0",1,1,1,1,"BO","0","0","0",NA,NA,0,0,"0","0","0","0",0,0,0,0,"0","0",NA,NA,1,0,0,0,"0","0",NA,NA,0,0,0,0,"0","0",NA,NA,0,0,0,0,"0","0",NA,NA,0,0,0,0,"0","0",NA,NA,0,0,0,0,"0","0",NA,NA,NA,NA,NA,NA,1,2,3,4,NA,NA,NA,NA,1,0,0,0,0,"SMMH5599",618,5599,NA,"Point",2327.25,NA,0.0938882467117205,1,0,0,0,"SMMH_5599_872","SMMH_5604_877",1.10789154190403,"SMMH_5597_870",0.233083458224706,"SMMH_5597_870",0.233083458224706,"SMMH_5597_870",0.233083458224706,NA,40.77060803,-111.1071578,40.77061767,-111.1071544,NA,15.010231244152,40.77060622,-111.1071564,NA,149.542575441429,40.77060622,-111.1071564,NA,149.542575441429,40.77060622,-111.1071564,NA,149.542575441429
"244","SMMH",5600,"ABLA",2.2,17,NA,0,"0",1,1,1,1,"0","0","0","BO",NA,NA,0,0,"0","0","0","0",0,0,0,0,"0","0",NA,NA,0,0,0,1,"0","0",NA,NA,0,0,0,1,"0","0",NA,NA,0,0,0,0,"0","0",NA,NA,0,0,0,0,"0","0",NA,NA,0,0,0,0,"0","0",NA,NA,NA,NA,NA,NA,1,2,3,4,NA,NA,NA,NA,0,0,0,1,1,"SMMH5600",619,5600,NA,"Point",2327.008,NA,0.0936108651595599,0,0,0,1,"SMMH_5600_873","SMMH_5599_872",0.302712104575511,"SMMH_5597_870",0.181814564714953,"SMMH_5597_870",0.181814564714953,"SMMH_5597_870",0.181814564714953,NA,40.77060532,-111.1071582,40.77060803,-111.1071578,NA,6.40266891307145,40.77060622,-111.1071564,NA,56.6682067278005,40.77060622,-111.1071564,NA,56.6682067278005,40.77060622,-111.1071564,NA,56.6682067278005
"245","SMMH",5601,"ABLA",1.2,11.9,NA,0,"0",1,1,1,1,"0","0","0","0",NA,NA,0,0,"0","0","0","0",0,0,0,0,"0","0",NA,NA,0,0,0,0,"0","0",NA,NA,0,0,0,0,"0","0",NA,NA,0,0,0,0,"0","0",NA,NA,0,0,0,0,"0","0",NA,NA,0,0,0,0,"0","0",NA,NA,NA,NA,NA,NA,1,2,3,4,NA,NA,NA,NA,0,0,0,0,0,"SMMH5601",620,5601,NA,"Point",2326.406,NA,0.0936431757187572,0,0,0,0,"SMMH_5601_874","SMMH_5599_872",0.287647445766402,"SMMH_5597_870",0.376867323720553,"SMMH_5597_870",0.376867323720553,"SMMH_5600_873",0.274109124131658,NA,40.7706068,-111.1071608,40.77060803,-111.1071578,NA,61.6624173540784,40.77060622,-111.1071564,NA,99.8365039334337,40.77060622,-111.1071564,NA,99.8365039334337,40.77060532,-111.1071582,NA,126.823448418908
"246","SMMH",5602,"ABLA",NA,8.1,0,0,"0",1,1,1,1,"0","0","0","0",1,1,1,1,"0","0","0","0",0,0,0,0,"0","0",NA,NA,0,0,0,0,"0","0",NA,NA,0,0,0,0,"0","0",NA,NA,0,0,0,0,"0","0",NA,NA,0,0,0,0,"0","0",NA,NA,0,0,0,0,"0","0",NA,NA,"5 Dead","5 Dead","5 Dead","5 Dead",1,2,3,4,NA,NA,NA,NA,0,0,0,0,0,"SMMH5602",621,5602,NA,"Point",2327.619,NA,0.0954197932038934,0,0,0,0,"SMMH_5602_875","SMMH_5604_877",0.796564138441038,"SMMH_5604_877",0.796564138441038,"SMMH_5604_877",0.796564138441038,"SMMH_5604_877",0.796564138441038,NA,40.77061832,-111.107145,40.77061767,-111.1071544,NA,-95.1970137525896,40.77061767,-111.1071544,NA,-95.1970137525896,40.77061767,-111.1071544,NA,-95.1970137525896,40.77061767,-111.1071544,NA,-95.1970137525896
"247","SMMH",5603,"ABLA",1.6,10.4,NA,0,"0",1,1,1,1,"0","0","0","0",NA,NA,0,0,"0","0","0","0",0,0,0,0,"0","0",NA,NA,0,0,0,0,"0","0",NA,NA,0,0,0,0,"0","0",NA,NA,0,0,0,0,"0","0",NA,NA,0,0,0,0,"0","0",NA,NA,0,0,0,0,"0","0",NA,NA,NA,NA,NA,NA,1,2,3,4,NA,NA,NA,NA,0,0,0,0,0,"SMMH5603",622,5603,NA,"Point",2327.132,NA,0.0958410636803682,0,0,0,0,"SMMH_5603_876","SMMH_5604_877",1.28292793872707,"SMMH_5604_877",1.28292793872707,"SMMH_5604_877",1.28292793872707,"SMMH_5604_877",1.28292793872707,NA,40.77062031,-111.1071396,40.77061767,-111.1071544,NA,-103.204395914704,40.77061767,-111.1071544,NA,-103.204395914704,40.77061767,-111.1071544,NA,-103.204395914704,40.77061767,-111.1071544,NA,-103.204395914704
"248","SMMH",5604,"ABLA",5.5,23,NA,0,"0",1,1,1,1,"BR, BO","BR, BO","BR, BO","BR, BO",1,1,1,1,"0","0","0","0",2,2,2,2,"0","0","1-0",NA,2,2,2,2,"0","0",NA,NA,2,2,2,2,"0","0",NA,NA,2,2,2,1,"0","3-0","3-0",NA,2,2,2,2,"0","0",NA,NA,2,2,2,2,"0","0",NA,NA,NA,NA,NA,NA,1,2,3,4,NA,NA,NA,NA,1,1,1,1,0,"SMMH5604",623,5604,NA,"Point",2326.927,NA,0.0949593358873582,1,1,1,1,"SMMH_5604_877","SMMH_5599_872",1.10789154190403,"SMMH_5597_870",1.28216719922874,"SMMH_5597_870",1.28216719922874,"SMMH_5597_870",1.28216719922874,NA,40.77061767,-111.1071544,40.77060803,-111.1071578,NA,-164.989766535538,40.77060622,-111.1071564,NA,-172.435603271244,40.77060622,-111.1071564,NA,-172.435603271244,40.77060622,-111.1071564,NA,-172.435603271244
"249","SMMH",5606,"ABLA",1.2,10.6,NA,0,"0",1,1,1,1,"0","0","0","0",NA,NA,0,0,"0","0","0","0",0,0,0,0,"0","0",NA,NA,0,0,0,0,"0","0",NA,NA,0,0,0,0,"0","0",NA,NA,0,0,0,0,"0","0",NA,NA,0,0,0,0,"0","0",NA,NA,0,0,0,0,"0","0",NA,NA,NA,NA,NA,NA,1,2,3,4,NA,NA,NA,NA,0,0,0,0,0,"SMMH5606",624,5606,NA,"Point",2328.661,NA,0.0928349764620748,0,0,0,0,"SMMH_5606_878","SMMH_5599_872",1.09963572985976,"SMMH_5597_870",1.07263442409779,"SMMH_5597_870",1.07263442409779,"SMMH_5600_873",0.89100846903656,NA,40.77060125,-111.1071673,40.77060803,-111.1071578,NA,46.8098181039845,40.77060622,-111.1071564,NA,59.0468398556095,40.77060622,-111.1071564,NA,59.0468398556095,40.77060532,-111.1071582,NA,59.5320790099336
"250","SMMH",5607,"ABLA",2.2,24.2,NA,0,"0",1,1,1,1,"BO","BO","BO","BO",NA,NA,0,0,"0","0","0","TB",1,0,0,0,"0","0",NA,NA,2,1,2,1,"0","0",NA,NA,0,0,0,0,"0","0",NA,NA,0,0,0,0,"0","0",NA,NA,2,1,1,1,"0","0",NA,NA,1,1,1,1,"0","0",NA,NA,"2 Dead","2 Dead","2 Dead","2 Dead",1,2,3,4,NA,NA,NA,NA,1,1,1,1,0,"SMMH5607",626,5607,NA,"Point",2326.586,NA,0.0924111739033185,1,1,1,1,"SMMH_5607_879","SMMH_5594_867",1.42177216822565,"SMMH_5597_870",1.6764143456652,"SMMH_5597_870",1.6764143456652,"SMMH_5600_873",1.59874564342102,NA,40.77059118,-111.1071546,40.77060054,-111.1071431,NA,43.0478350758365,40.77060622,-111.1071564,NA,-5.19892854432648,40.77060622,-111.1071564,NA,-5.19892854432648,40.77060532,-111.1071582,NA,-10.9546607118015
"251","SMMH",5608,"ABLA",NA,7.1,0,0,"0",1,1,1,1,"0","0","0","0",NA,1,0,0,"0","0","0","0",0,0,0,0,"0","0",NA,NA,0,0,0,0,"0","0",NA,NA,0,0,0,0,"0","0",NA,NA,0,0,0,0,"0","0",NA,NA,0,0,0,0,"0","0",NA,NA,0,0,0,0,"0","0",NA,NA,"Rot in area","Rot in area","Rot in area","Rot in area",1,2,3,4,NA,NA,NA,NA,0,0,0,0,0,"SMMH5608",627,5608,NA,"Point",2326.999,NA,0.0923897798142262,0,0,0,0,"SMMH_5608_880","SMMH_5607_879",0.713037206355223,"SMMH_5607_879",0.713037206355223,"SMMH_5607_879",0.713037206355223,"SMMH_5607_879",0.713037206355223,NA,40.77059428,-111.107162,40.77059118,-111.1071546,NA,118.855739083242,40.77059118,-111.1071546,NA,118.855739083242,40.77059118,-111.1071546,NA,118.855739083242,40.77059118,-111.1071546,NA,118.855739083242
"252","SMMH",5609,"ABLA",3,18.3,NA,0,"0",1,1,1,1,"0","0","0","0",NA,NA,0,0,"0","0","0","0",0,0,0,0,"0","0",NA,NA,0,0,0,0,"0","0",NA,NA,0,0,0,0,"0","0",NA,NA,0,0,0,0,"0","0",NA,NA,0,0,0,0,"0","0",NA,NA,0,0,0,0,"0","0",NA,NA,"2-3","2-3","2-3","2-3",1,2,3,4,NA,NA,NA,NA,0,0,0,0,0,"SMMH5609",628,5609,NA,"Point",2325.965,NA,0.0915560750921288,0,0,0,0,"SMMH_5609_881","SMMH_5607_879",1.01736753466752,"SMMH_5607_879",1.01736753466752,"SMMH_5607_879",1.01736753466752,"SMMH_5607_879",1.01736753466752,NA,40.77058202,-111.1071542,40.77059118,-111.1071546,NA,-1.90146586761697,40.77059118,-111.1071546,NA,-1.90146586761697,40.77059118,-111.1071546,NA,-1.90146586761697,40.77059118,-111.1071546,NA,-1.90146586761697
"253","SMMH",5613,"ABLA",2.3,12.9,NA,0,"0",1,NA,NA,NA,"0",NA,NA,NA,NA,NA,NA,NA,"0",NA,NA,NA,0,NA,NA,NA,"0",NA,NA,NA,0,NA,NA,NA,"0",NA,NA,NA,0,NA,NA,NA,"0",NA,NA,NA,0,NA,NA,NA,"0",NA,NA,NA,0,NA,NA,NA,"0",NA,NA,NA,0,NA,NA,NA,"0",NA,NA,NA,"3 Dead",NA,NA,NA,1,NA,NA,NA,NA,NA,NA,NA,0,NA,NA,NA,NA,"SMMH5613",632,5613,NA,"Point",2326.172,NA,0.089621354200123,0,NA,NA,NA,"SMMH_5613_882","SMMH_5607_879",2.80478498370854,"SMMH_5607_879",2.80478498370854,"SMMH_5607_879",2.80478498370854,"SMMH_5607_879",2.80478498370854,NA,40.770571,-111.1071746,40.77059118,-111.1071546,NA,36.9971622835924,40.77059118,-111.1071546,NA,36.9971622835924,40.77059118,-111.1071546,NA,36.9971622835924,40.77059118,-111.1071546,NA,36.9971622835924
"254","SMMH",5615,"ABLA",NA,2.2,0,0,"0",1,1,1,1,"0","0","0","0",1,1,0,0,"0","0","0","0",0,0,0,0,"0","0",NA,NA,0,0,0,0,"0","0",NA,NA,0,0,0,0,"0","0",NA,NA,0,0,0,0,"0","0",NA,NA,0,0,0,0,"0","0",NA,NA,0,0,0,0,"0","0",NA,NA,"1-2","1-2","1-2","1-2",1,2,3,4,NA,NA,NA,NA,0,0,0,0,0,"SMMH5615",634,5615,NA,"Point",2327.304,NA,0.0889782133326072,0,0,0,0,"SMMH_5615_883","SMMH_5607_879",3.68092032795509,"SMMH_5607_879",3.68092032795509,"SMMH_5607_879",3.68092032795509,"SMMH_5607_879",3.68092032795509,NA,40.7705706,-111.1071888,40.77059118,-111.1071546,NA,51.6378978148777,40.77059118,-111.1071546,NA,51.6378978148777,40.77059118,-111.1071546,NA,51.6378978148777,40.77059118,-111.1071546,NA,51.6378978148777
"255","SMMH",5619,"ABLA",NA,5.5,0,0,"0",1,1,1,1,"0","0","0","0",NA,1,0,0,"0","0","0","0",0,0,0,0,"0","0",NA,NA,0,0,0,0,"0","0",NA,NA,0,0,0,0,"0","0",NA,NA,0,0,0,0,"0","0",NA,NA,0,0,0,0,"0","0",NA,NA,0,0,0,0,"0","0",NA,NA,"Rot in area","Rot in area","Rot in area","Rot in area",1,2,3,4,NA,NA,NA,NA,0,0,0,0,0,"SMMH5619",638,5619,NA,"Point",2327.601,NA,0.0895515159091928,0,0,0,0,"SMMH_5619_884","SMMH_5607_879",3.69581280332635,"SMMH_5607_879",3.69581280332635,"SMMH_5607_879",3.69581280332635,"SMMH_5607_879",3.69581280332635,NA,40.77057948,-111.1071956,40.77059118,-111.1071546,NA,69.4261587453275,40.77059118,-111.1071546,NA,69.4261587453275,40.77059118,-111.1071546,NA,69.4261587453275,40.77059118,-111.1071546,NA,69.4261587453275
"256","SMMH",5620,"ABLA",6.8,41.9,NA,0,"0",1,1,1,1,"0","BO","BO","0",NA,1,1,1,"0","0","0","0",0,1,0,0,"0","0",NA,NA,0,0,0,0,"0","0",NA,NA,0,0,0,0,"0","0",NA,NA,0,0,0,0,"0","0",NA,NA,0,0,0,0,"0","0",NA,NA,0,0,0,0,"0","0",NA,NA,NA,NA,NA,NA,1,2,3,4,NA,NA,NA,NA,0,1,0,0,1,"SMMH5620",639,5620,NA,"Point",2328.836,NA,0.0872293237646885,0,1,0,0,"SMMH_5620_885","SMMH_5627_890",5.0580840314231,"SMMH_5627_890",5.0580840314231,"SMMH_5627_890",5.0580840314231,"SMMH_5625_888",1.83919519159319,NA,40.77057963,-111.1072547,40.77061811,-111.1072226,NA,32.3831306563605,40.77061811,-111.1072226,NA,32.3831306563605,40.77061811,-111.1072226,NA,32.3831306563605,40.77059572,-111.1072599,NA,-13.8042212695037
"257","SMMH",5621,"ABLA",NA,7.8,0,0,"0",1,1,1,1,"0","0","0","0",1,1,1,1,"0","0","0","0",0,0,0,0,"0","0",NA,NA,0,0,0,0,"0","0",NA,NA,0,0,0,0,"0","0",NA,NA,0,0,0,0,"0","0",NA,NA,0,0,0,0,"0","0",NA,NA,0,0,0,0,"0","0",NA,NA,NA,NA,NA,NA,1,2,3,4,NA,NA,NA,NA,0,0,0,0,0,"SMMH5621",640,5621,NA,"Point",2328.846,NA,0.0881017318487863,0,0,0,0,"SMMH_5621_886","SMMH_5732_986",4.56981418585048,"SMMH_5648_908",3.46273644506709,"SMMH_5732_986",4.56981418585048,"SMMH_5625_888",2.42531547803973,NA,40.7706003,-111.107288,40.77059445,-111.1073416,NA,-98.1694870909677,40.77062758,-111.1072681,NA,29.0121593452353,40.77059445,-111.1073416,NA,-98.1694870909677,40.77059572,-111.1072599,NA,102.100293524433
"258","SMMH",5624,"ABLA",2.5,16.9,NA,0,"0",1,1,1,1,"0","0","0","0",1,1,1,1,"0","0","0","0",0,0,0,0,"0","0",NA,NA,0,0,0,0,"0","0",NA,NA,0,0,0,0,"0","0",NA,NA,0,0,0,0,"0","0",NA,NA,0,0,0,0,"0","0",NA,NA,0,0,0,0,"0","0",NA,NA,NA,NA,NA,NA,1,2,3,4,NA,NA,NA,NA,0,0,0,0,0,"SMMH5624",643,5624,NA,"Point",2327.166,NA,0.0889407476307279,0,0,0,0,"SMMH_5624_887","SMMH_5732_986",4.62114825895171,"SMMH_5648_908",2.76436716838109,"SMMH_5732_986",4.62114825895171,"SMMH_5625_888",2.99636727905383,NA,40.77060941,-111.1072905,40.77059445,-111.1073416,NA,-111.060633974627,40.77062758,-111.1072681,NA,43.144647325302,40.77059445,-111.1073416,NA,-111.060633974627,40.77059572,-111.1072599,NA,120.475346438583
"259","SMMH",5625,"ABLA",2.2,16.5,NA,0,"0",1,1,1,1,"0","0","0","BO",NA,1,0,0,"0","0","0","0",0,0,0,0,"0","0",NA,NA,0,0,0,0,"0","0",NA,NA,0,0,0,0,"0","0",NA,NA,0,0,0,1,"0","0",NA,NA,0,0,0,0,"0","0",NA,NA,0,0,0,0,"0","0",NA,NA,NA,NA,NA,NA,1,2,3,4,NA,NA,NA,NA,0,0,0,1,1,"SMMH5625",644,5625,NA,"Point",2328.205,NA,0.0886416642472392,0,0,0,1,"SMMH_5625_888","SMMH_5627_890",4.01075361896861,"SMMH_5620_885",1.83919519159319,"SMMH_5627_890",4.01075361896861,"SMMH_5627_890",4.01075361896861,NA,40.77059572,-111.1072599,40.77061811,-111.1072226,NA,51.7068186083867,40.77057963,-111.1072547,NA,166.19577533473,40.77061811,-111.1072226,NA,51.7068186083867,40.77061811,-111.1072226,NA,51.7068186083867
"260","SMMH",5626,"ABLA",NA,2,0,0,"0",1,1,1,1,"0","0","0","0",1,1,0,0,"0","0","0","0",0,0,0,0,"0","0",NA,NA,0,0,0,0,"0","0",NA,NA,0,0,0,0,"0","0",NA,NA,0,0,0,0,"0","0",NA,NA,0,0,0,0,"0","0",NA,NA,0,0,0,0,"0","0",NA,NA,NA,NA,NA,NA,1,2,3,4,NA,NA,NA,NA,0,0,0,0,0,"SMMH5626",645,5626,NA,"Point",2329.334,NA,0.0873419054495341,0,0,0,0,"SMMH_5626_889","SMMH_5627_890",5.11943738139057,"SMMH_5620_885",0.890093276547039,"SMMH_5627_890",5.11943738139057,"SMMH_5625_888",1.33057962263206,NA,40.77058405,-111.1072635,40.77061811,-111.1072226,NA,42.3940083750401,40.77057963,-111.1072547,NA,123.451181613971,40.77061811,-111.1072226,NA,42.3940083750401,40.77059572,-111.1072599,NA,13.198854845801
"261","SMMH",5627,"ABLA",12.3,59.7,NA,1,"0",1,1,1,1,"BO","BO","BO","BO",1,1,0,0,"0","0","0","0",0,1,1,2,"0","0",NA,"3-1",0,1,1,1,"0","0",NA,NA,0,0,0,1,"0","0",NA,NA,0,1,1,1,"0","0",NA,NA,1,1,1,1,"0","0",NA,NA,0,0,0,0,"0","0",NA,NA,NA,NA,NA,NA,1,2,3,4,NA,NA,NA,NA,1,1,1,1,0,"SMMH5627",646,5627,NA,"Point",2327.41,NA,0.0922666923659747,1,1,1,1,"SMMH_5627_890","SMMH_5599_872",5.58193295790198,"SMMH_5648_908",3.98115265802083,"SMMH_5597_870",5.74057206643149,"SMMH_5625_888",4.01075361896861,NA,40.77061811,-111.1072226,40.77060803,-111.1071578,NA,101.56360632794,40.77062758,-111.1072681,NA,-74.6895396348732,40.77060622,-111.1071564,NA,103.292126181895,40.77059572,-111.1072599,NA,-128.293157033513
"262","SMMH",5628,"ABLA",NA,3.2,0,0,"0",1,1,1,1,"0","0","0","0",2,2,1,1,"0","0","0","0",0,0,0,0,"0","0",NA,NA,0,0,0,0,"0","0",NA,NA,0,0,0,0,"0","0",NA,NA,0,0,0,0,"0","0",NA,NA,0,0,0,0,"0","0",NA,NA,0,0,0,0,"0","0",NA,NA,NA,NA,NA,NA,1,2,3,4,NA,NA,NA,NA,0,0,0,0,0,"SMMH5628",647,5628,NA,"Point",2330.065,NA,0.0927756255768925,0,0,0,0,"SMMH_5628_891","SMMH_5627_890",0.509335095645896,"SMMH_5627_890",0.509335095645896,"SMMH_5627_890",0.509335095645896,"SMMH_5627_890",0.509335095645896,NA,40.77062232,-111.1072202,40.77061811,-111.1072226,NA,-156.568047006921,40.77061811,-111.1072226,NA,-156.568047006921,40.77061811,-111.1072226,NA,-156.568047006921,40.77061811,-111.1072226,NA,-156.568047006921
"263","SMMH",5629,"ABLA",NA,1.8,0,0,"0",1,1,1,1,"0","0","0","0",1,1,0,0,"0","0","0","0",0,0,0,0,"0","0",NA,NA,0,0,0,0,"0","0",NA,NA,0,0,0,0,"0","0",NA,NA,0,0,0,0,"0","0",NA,NA,0,0,0,0,"0","0",NA,NA,0,0,0,0,"0","0",NA,NA,NA,NA,NA,NA,1,2,3,4,NA,NA,NA,NA,0,0,0,0,0,"SMMH5629",648,5629,NA,"Point",2328.525,NA,0.0916634551441109,0,0,0,0,"SMMH_5629_892","SMMH_5627_890",1.77496018253402,"SMMH_5627_890",1.77496018253402,"SMMH_5627_890",1.77496018253402,"SMMH_5627_890",1.77496018253402,NA,40.7706199,-111.1072435,40.77061811,-111.1072226,NA,96.4274850022242,40.77061811,-111.1072226,NA,96.4274850022242,40.77061811,-111.1072226,NA,96.4274850022242,40.77061811,-111.1072226,NA,96.4274850022242
"264","SMMH",5630,"ABLA",8.3,59.5,NA,0,"0",1,1,1,1,"0","0","0","0",NA,NA,0,0,"0","0","0","0",0,0,0,0,"0","0",NA,NA,0,0,0,0,"0","0",NA,NA,0,0,0,0,"0","0",NA,NA,0,0,0,0,"0","0",NA,NA,0,0,0,0,"0","0",NA,NA,0,0,0,0,"0","0",NA,NA,NA,NA,NA,NA,1,2,3,4,NA,NA,NA,NA,0,0,0,0,0,"SMMH5630",649,5630,NA,"Point",2328.001,NA,0.0945020879366295,0,0,0,0,"SMMH_5630_893","SMMH_5632_895",3.51791692488099,"SMMH_5648_908",3.16427512616646,"SMMH_5632_895",3.51791692488099,"SMMH_5632_895",3.51791692488099,NA,40.77064728,-111.107241,40.77067819,-111.1072502,NA,-12.7502523594389,40.77062758,-111.1072681,NA,-133.716518619342,40.77067819,-111.1072502,NA,-12.7502523594389,40.77067819,-111.1072502,NA,-12.7502523594389
"265","SMMH",5631,"ABLA",8.7,51.2,NA,0,"0",1,1,1,1,"0","0","0","0",1,1,1,1,"0","0","0","0",0,0,0,0,"0","0",NA,NA,0,0,0,0,"0","0",NA,NA,0,0,0,0,"0","0",NA,NA,0,0,0,0,"0","0",NA,NA,0,0,0,0,"0","0",NA,NA,0,0,0,0,"0","0",NA,NA,NA,NA,NA,NA,1,2,3,4,NA,NA,NA,NA,0,0,0,0,0,"SMMH5631",651,5631,NA,"Point",2326.525,NA,0.0959242339252299,0,0,0,0,"SMMH_5631_894","SMMH_5632_895",1.42915718459945,"SMMH_5632_895",1.42915718459945,"SMMH_5632_895",1.42915718459945,"SMMH_5632_895",1.42915718459945,NA,40.77066548,-111.1072529,40.77067819,-111.1072502,NA,9.17417971109415,40.77067819,-111.1072502,NA,9.17417971109415,40.77067819,-111.1072502,NA,9.17417971109415,40.77067819,-111.1072502,NA,9.17417971109415
"266","SMMH",5632,"ABLA",4.9,36.9,NA,1,"0",1,1,1,1,"BO","BO","BO","BO",NA,1,2,2,"0","0","0","0",0,1,1,1,"0","0",NA,NA,2,2,2,1,"0","0",NA,NA,2,2,2,2,"0","0",NA,NA,2,2,2,1,"1-0","1-0",NA,NA,2,2,2,2,"0","0",NA,NA,0,1,2,2,"0","0","4-0","4-0",NA,NA,NA,NA,1,2,3,4,NA,NA,NA,NA,1,1,1,1,0,"SMMH5632",652,5632,NA,"Point",2326.657,NA,0.0973078819809806,1,1,1,1,"SMMH_5632_895","SMMH_5653_913",1.46667333639311,"SMMH_5653_913",1.46667333639311,"SMMH_5653_913",1.46667333639311,"SMMH_5653_913",1.46667333639311,NA,40.77067819,-111.1072502,40.77067693,-111.1072675,NA,-95.4722131174884,40.77067693,-111.1072675,NA,-95.4722131174884,40.77067693,-111.1072675,NA,-95.4722131174884,40.77067693,-111.1072675,NA,-95.4722131174884
"267","SMMH",5634,"ABLA",NA,2.2,0,0,"0",1,1,1,1,"0","0","0","0",2,1,1,1,"0","0","0","0",0,0,0,0,"0","0",NA,NA,0,0,0,0,"0","0",NA,NA,0,0,0,0,"0","0",NA,NA,0,0,0,0,"0","0",NA,NA,0,0,0,0,"0","0",NA,NA,0,0,0,0,"0","0",NA,NA,NA,NA,NA,NA,1,2,3,4,NA,NA,NA,NA,0,0,0,0,0,"SMMH5634",654,5634,NA,"Point",2326.289,NA,0.0958227804075965,0,0,0,0,"SMMH_5634_896","SMMH_5635_897",2.92538259992573,"SMMH_5637_898",3.41244178268176,"SMMH_5635_897",2.92538259992573,"SMMH_5635_897",2.92538259992573,NA,40.77065035,-111.1072133,40.77066467,-111.1071842,NA,57.085971236265,40.77066864,-111.1071808,NA,53.4898288200356,40.77066467,-111.1071842,NA,57.085971236265,40.77066467,-111.1071842,NA,57.085971236265
"268","SMMH",5635,"ABLA",4.7,33.6,NA,0,"0",1,1,1,1,"BO","0","BO","BO",1,1,1,1,"0","0","0","0",0,0,0,0,"0","0",NA,NA,0,0,1,1,"0","0",NA,NA,1,0,0,1,"0","0",NA,NA,0,0,0,0,"0","0",NA,NA,0,0,1,1,"0","0",NA,NA,0,0,0,1,"0","0",NA,NA,NA,NA,NA,NA,1,2,3,4,NA,NA,NA,NA,1,0,1,1,0,"SMMH5635",655,5635,NA,"Point",2327.699,NA,0.0983481118670532,1,0,1,1,"SMMH_5635_897","SMMH_5637_898",0.525870170728414,"SMMH_5637_898",0.525870170728414,"SMMH_5640_901",0.385385972702534,"SMMH_5640_901",0.385385972702534,NA,40.77066467,-111.1071842,40.77066864,-111.1071808,NA,33.0682153529214,40.77066864,-111.1071808,NA,33.0682153529214,40.7706669,-111.1071807,NA,50.0348848553847,40.7706669,-111.1071807,NA,50.0348848553847
"269","SMMH",5637,"ABLA",6.1,41.3,NA,0,"0",1,1,1,1,"BO","BO","BO","BO",NA,NA,0,0,"0","0","0","0",1,1,1,2,"0","0",NA,NA,2,2,1,2,"0","0",NA,NA,2,2,2,2,"0","0","1-0","1-0",0,0,0,2,"0","0",NA,"3-1",2,2,2,2,"0","1-0","1-0","1-0",2,2,2,2,"0","0",NA,NA,NA,NA,NA,NA,1,2,3,4,NA,NA,NA,NA,1,1,1,1,0,"SMMH5637",657,5637,NA,"Point",2326.914,NA,0.0988716274442443,1,1,1,1,"SMMH_5637_898","SMMH_5639_900",0.448532416183033,"SMMH_5639_900",0.448532416183033,"SMMH_5640_901",0.193333274645181,"SMMH_5640_901",0.193333274645181,NA,40.77066864,-111.1071808,40.77067079,-111.1071763,NA,57.8529951420225,40.77067079,-111.1071763,NA,57.8529951420225,40.7706669,-111.1071807,NA,177.498171217641,40.7706669,-111.1071807,NA,177.498171217641
"270","SMMH",5638,"ABLA",3.7,23,NA,0,"0",1,1,1,1,"BR, BO","BR, BO","BR, BO","BR, BO",NA,1,1,1,"0","0","0","0",0,0,1,1,"0","0",NA,NA,1,1,1,1,"0","0",NA,NA,1,1,1,0,"0","0",NA,NA,0,1,1,1,"0","0",NA,NA,1,1,1,1,"0","0",NA,NA,1,0,0,1,"0","0",NA,NA,NA,NA,NA,NA,1,2,3,4,NA,NA,NA,NA,1,1,1,1,0,"SMMH5638",658,5638,NA,"Point",2327.301,NA,0.0994096253422934,1,1,1,1,"SMMH_5638_899","SMMH_5639_900",0.508582309538788,"SMMH_5639_900",0.508582309538788,"SMMH_5639_900",0.508582309538788,"SMMH_5639_900",0.508582309538788,NA,40.770674,-111.1071806,40.77067079,-111.1071763,NA,134.477344003976,40.77067079,-111.1071763,NA,134.477344003976,40.77067079,-111.1071763,NA,134.477344003976,40.77067079,-111.1071763,NA,134.477344003976
"271","SMMH",5639,"ABLA",NA,6.3,0,0,"0",1,1,1,1,"BO","BO","BO","BO",1,NA,0,0,"0","0","0","0",1,1,2,1,"0","0",NA,NA,1,1,1,1,"0","0",NA,NA,0,0,0,0,"0","0",NA,NA,0,0,1,1,"0","0",NA,NA,2,1,0,1,"0","0",NA,NA,0,0,0,0,"0","0",NA,NA,NA,NA,NA,NA,1,2,3,4,NA,NA,NA,NA,1,1,1,1,0,"SMMH5639",659,5639,NA,"Point",2325.526,NA,0.0992578536573147,1,1,1,1,"SMMH_5639_900","SMMH_5637_898",0.448532416183033,"SMMH_5637_898",0.448532416183033,"SMMH_5637_898",0.448532416183033,"SMMH_5637_898",0.448532416183033,NA,40.77067079,-111.1071763,40.77066864,-111.1071808,NA,-122.147001919329,40.77066864,-111.1071808,NA,-122.147001919329,40.77066864,-111.1071808,NA,-122.147001919329,40.77066864,-111.1071808,NA,-122.147001919329
"272","SMMH",5640,"ABLA",2.6,20.4,NA,0,"0",1,1,1,1,"0","0","BO","BO",1,1,2,2,"0","0","0","0",0,0,0,0,"0","0",NA,NA,0,0,1,0,"0","0",NA,NA,0,0,1,1,"0","0",NA,NA,0,0,0,0,"0","0",NA,NA,0,0,0,0,"0","0",NA,NA,0,0,0,0,"0","0",NA,NA,NA,NA,NA,NA,1,2,3,4,NA,NA,NA,NA,0,0,1,1,1,"SMMH5640",660,5640,NA,"Point",2324.729,NA,0.0987034887493177,0,0,1,1,"SMMH_5640_901","SMMH_5637_898",0.193333274645181,"SMMH_5637_898",0.193333274645181,"SMMH_5637_898",0.193333274645181,"SMMH_5637_898",0.193333274645181,NA,40.7706669,-111.1071807,40.77066864,-111.1071808,NA,-2.50182871705602,40.77066864,-111.1071808,NA,-2.50182871705602,40.77066864,-111.1071808,NA,-2.50182871705602,40.77066864,-111.1071808,NA,-2.50182871705602
"273","SMMH",5641,"ABLA",2.2,16.9,NA,0,"0",1,1,1,1,"0","0","0","0",NA,1,2,2,"0","0","0","0",0,0,0,0,"0","0",NA,NA,0,0,0,0,"0","0",NA,NA,0,0,0,0,"0","0",NA,NA,0,0,0,0,"0","0",NA,NA,0,0,0,0,"0","0",NA,NA,0,0,0,0,"0","0",NA,NA,NA,NA,NA,NA,1,2,3,4,NA,NA,NA,NA,0,0,0,0,0,"SMMH5641",661,5641,NA,"Point",2327.415,NA,0.0984439195890884,0,0,0,0,"SMMH_5641_902","SMMH_5639_900",2.05655828574751,"SMMH_5639_900",2.05655828574751,"SMMH_5640_901",2.03231421812206,"SMMH_5640_901",2.03231421812206,NA,40.77065637,-111.107161,40.77067079,-111.1071763,NA,-38.8914693434618,40.77067079,-111.1071763,NA,-38.8914693434618,40.7706669,-111.1071807,NA,-54.8898935205625,40.7706669,-111.1071807,NA,-54.8898935205625
"274","SMMH",5643,"ABLA",9.4,57.7,NA,0,"0",1,1,1,1,"BO","BO","BO","BO",NA,NA,1,1,"0","0","0","0",2,2,2,2,"0","0",NA,NA,1,0,0,0,"0","0",NA,NA,0,1,0,0,"0","0",NA,NA,0,0,0,1,"0","0",NA,NA,0,1,0,0,"0","0",NA,NA,0,0,1,0,"0","0",NA,NA,NA,NA,NA,NA,1,2,3,4,NA,NA,NA,NA,1,1,1,1,0,"SMMH5643",663,5643,NA,"Point",2327.301,NA,0.101533499033122,1,1,1,1,"SMMH_5643_903","SMMH_5639_900",2.44849254394753,"SMMH_5639_900",2.44849254394753,"SMMH_5639_900",2.44849254394753,"SMMH_5487_786",0.973638826948405,NA,40.77068517,-111.1071543,40.77067079,-111.1071763,NA,-130.687532334114,40.77067079,-111.1071763,NA,-130.687532334114,40.77067079,-111.1071763,NA,-130.687532334114,40.77067642,-111.1071535,NA,176.023812156949
"275","SMMH",5644,"ABLA",NA,7.1,NA,0,"0",1,1,1,1,"0","0","0","0",1,1,0,0,"TB","TB","TB","TB",0,0,0,0,"0","0",NA,NA,0,0,0,0,"0","0",NA,NA,0,0,0,0,"0","0",NA,NA,0,0,0,0,"0","0",NA,NA,0,0,0,0,"0","0",NA,NA,0,0,0,0,"0","0",NA,NA,NA,NA,NA,NA,1,2,3,4,NA,NA,NA,NA,0,0,0,0,0,"SMMH5644",664,5644,NA,"Point",2330.121,NA,0.0955505797193564,0,0,0,0,"SMMH_5644_904","SMMH_5632_895",2.31111979156747,"SMMH_5632_895",2.31111979156747,"SMMH_5632_895",2.31111979156747,"SMMH_5632_895",2.31111979156747,NA,40.77065821,-111.1072425,40.77067819,-111.1072502,NA,-16.3301537931256,40.77067819,-111.1072502,NA,-16.3301537931256,40.77067819,-111.1072502,NA,-16.3301537931256,40.77067819,-111.1072502,NA,-16.3301537931256
"276","SMMH",5645,"ABLA",1.4,14.1,0,0,"0",1,1,1,1,"0","0","0","0",NA,1,0,0,"0","0","0","0",0,0,0,0,"0","0",NA,NA,0,0,0,0,"0","0",NA,NA,0,0,0,0,"0","0",NA,NA,0,0,0,0,"0","0",NA,NA,0,0,0,0,"0","0",NA,NA,0,0,0,0,"0","0",NA,NA,NA,NA,NA,NA,1,2,3,4,NA,NA,NA,NA,0,0,0,0,0,"SMMH5645",665,5645,NA,"Point",2329.692,NA,0.0959223242232262,0,0,0,0,"SMMH_5645_905","SMMH_5632_895",1.48275557078786,"SMMH_5632_895",1.48275557078786,"SMMH_5632_895",1.48275557078786,"SMMH_5632_895",1.48275557078786,NA,40.77066485,-111.1072511,40.77067819,-111.1072502,NA,2.93622397574193,40.77067819,-111.1072502,NA,2.93622397574193,40.77067819,-111.1072502,NA,2.93622397574193,40.77067819,-111.1072502,NA,2.93622397574193
"277","SMMH",5646,"ABLA",2.5,16.5,5.2,1,"0",1,1,1,1,"0","0","0","0",1,NA,1,1,"0","0","0","0",0,0,0,0,"0","0",NA,NA,0,0,0,0,"0","0",NA,NA,0,0,0,0,"0","0",NA,NA,0,0,0,0,"0","0",NA,NA,0,0,0,0,"0","0",NA,NA,0,0,0,0,"0","0",NA,NA,NA,NA,NA,NA,1,2,3,4,NA,NA,NA,NA,0,0,0,0,0,"SMMH5646",666,5646,NA,"Point",2329.037,NA,0.0948208725664733,0,0,0,0,"SMMH_5646_906","SMMH_5653_913",1.96736825014103,"SMMH_5653_913",1.96736825014103,"SMMH_5653_913",1.96736825014103,"SMMH_5653_913",1.96736825014103,NA,40.77065922,-111.1072666,40.77067693,-111.1072675,NA,-2.2125389644199,40.77067693,-111.1072675,NA,-2.2125389644199,40.77067693,-111.1072675,NA,-2.2125389644199,40.77067693,-111.1072675,NA,-2.2125389644199
"278","SMMH",5647,"ABLA",NA,4.6,0,0,"0",1,1,1,1,"0","0","0","0",2,2,0,1,"0","0","0","0",0,0,0,0,"0","0",NA,NA,0,0,0,0,"0","0",NA,NA,0,0,0,0,"0","0",NA,NA,0,0,0,0,"0","0",NA,NA,0,0,0,0,"0","0",NA,NA,0,0,0,0,"0","0",NA,NA,NA,NA,NA,NA,1,2,3,4,NA,NA,NA,NA,0,0,0,0,0,"SMMH5647",667,5647,NA,"Point",2328.865,NA,0.0930415157840736,0,0,0,0,"SMMH_5647_907","SMMH_5627_890",4.08299729601232,"SMMH_5648_908",1.48488778411877,"SMMH_5627_890",4.08299729601232,"SMMH_5627_890",4.08299729601232,NA,40.77063998,-111.1072615,40.77061811,-111.1072226,NA,126.482937703618,40.77062758,-111.1072681,NA,-157.969129577571,40.77061811,-111.1072226,NA,126.482937703618,40.77061811,-111.1072226,NA,126.482937703618
"279","SMMH",5648,"ABLA",NA,5.4,0,0,"0",1,1,1,1,"0","BO","0","0",1,1,0,0,"0","0","0","0",0,0,0,0,"0","0",NA,NA,0,0,0,0,"0","0",NA,NA,0,0,0,0,"0","0",NA,NA,0,0,0,0,"0","0",NA,NA,0,1,0,0,"0","0",NA,NA,0,0,0,0,"0","0",NA,NA,NA,NA,NA,NA,1,2,3,4,NA,NA,NA,NA,0,1,0,0,1,"SMMH5648",668,5648,NA,"Point",2328.834,NA,0.0915562758689716,0,1,0,0,"SMMH_5648_908","SMMH_5627_890",3.98115265802083,"SMMH_5627_890",3.98115265802083,"SMMH_5627_890",3.98115265802083,"SMMH_5625_888",3.60369309090796,NA,40.77062758,-111.1072681,40.77061811,-111.1072226,NA,105.310430652153,40.77061811,-111.1072226,NA,105.310430652153,40.77061811,-111.1072226,NA,105.310430652153,40.77059572,-111.1072599,NA,168.928697677956
"280","SMMH",5649,"ABLA",NA,1,0,0,"0",1,1,1,1,"0","0","0","0",1,1,1,1,"0","0","0","0",0,0,0,0,"0","0",NA,NA,0,0,0,0,"0","0",NA,NA,0,0,0,0,"0","0",NA,NA,0,0,0,0,"0","0",NA,NA,0,0,0,0,"0","0",NA,NA,0,0,0,0,"0","0",NA,NA,NA,NA,NA,NA,1,2,3,4,NA,NA,NA,NA,0,0,0,0,0,"SMMH5649",669,5649,NA,"Point",2329.479,NA,0.0895994952612371,0,0,0,0,"SMMH_5649_909","SMMH_5732_986",5.08621397993692,"SMMH_5648_908",2.16832067777543,"SMMH_5732_986",5.08621397993692,"SMMH_5625_888",3.17188977064704,NA,40.77061495,-111.1072877,40.77059445,-111.1073416,NA,-116.577401079938,40.77062758,-111.1072681,NA,49.7156648601539,40.77059445,-111.1073416,NA,-116.577401079938,40.77059572,-111.1072599,NA,132.29774137911
"281","SMMH",5650,"ABLA",1.3,10,2.4,0,"0",1,1,1,1,"0","0","0","0",1,1,0,1,"0","0","0","0",0,0,0,0,"0","0",NA,NA,0,0,0,0,"0","0",NA,NA,0,0,0,0,"0","0",NA,NA,0,0,0,0,"0","0",NA,NA,0,0,0,0,"0","0",NA,NA,0,0,0,0,"0","0",NA,NA,NA,NA,NA,NA,1,2,3,4,NA,NA,NA,NA,0,0,0,0,0,"SMMH5650",670,5650,NA,"Point",2328.769,NA,0.0896207084722369,0,0,0,0,"SMMH_5650_910","SMMH_5732_986",4.58299073919733,"SMMH_5648_908",2.66962469457206,"SMMH_5732_986",4.58299073919733,"SMMH_5651_911",2.88798140178223,NA,40.77061833,-111.1072973,40.77059445,-111.1073416,NA,-125.338095539779,40.77062758,-111.1072681,NA,67.3796817262179,40.77059445,-111.1073416,NA,-125.338095539779,40.77064186,-111.1073119,NA,-25.2545530176397
"282","SMMH",5651,"ABLA",8.9,58.9,14.1,0,"0",1,1,1,1,"0","0","0","BO",NA,NA,0,0,"0","0","0","0",0,0,0,0,"0","0",NA,NA,0,0,0,0,"0","0",NA,NA,0,0,0,0,"0","0",NA,NA,0,0,0,1,"0","0",NA,NA,0,0,0,0,"0","0",NA,NA,0,0,0,0,"0","0",NA,NA,NA,NA,NA,NA,1,2,3,4,NA,NA,NA,NA,0,0,0,1,1,"SMMH5651",671,5651,NA,"Point",2329.592,NA,0.0915635489245738,0,0,0,1,"SMMH_5651_911","SMMH_5722_976",5.34363923186374,"SMMH_5728_983",3.43433069980514,"SMMH_5728_983",3.43433069980514,"SMMH_5727_982",4.26983193345113,NA,40.77064186,-111.1073119,40.77065126,-111.107374,NA,-78.7395249889707,40.77064397,-111.1073525,NA,-86.0893864767741,40.77064397,-111.1073525,NA,-86.0893864767741,40.77065083,-111.1073611,NA,-76.5145576696679
"283","SMMH",5652,"ABLA",NA,7.1,0,0,"0",1,1,1,1,"0","0","0","0",2,2,2,2,"0","0","0","0",0,0,0,0,"0","0",NA,NA,0,0,0,0,"0","0",NA,NA,0,0,0,0,"0","0",NA,NA,0,0,0,0,"0","0",NA,NA,0,0,0,0,"0","0",NA,NA,0,0,0,0,"0","0",NA,NA,NA,NA,NA,NA,1,2,3,4,NA,NA,NA,NA,0,0,0,0,0,"SMMH5652",672,5652,NA,"Point",2330.392,NA,0.094473120633563,0,0,0,0,"SMMH_5652_912","SMMH_5653_913",2.47939797956617,"SMMH_5653_913",2.47939797956617,"SMMH_5653_913",2.47939797956617,"SMMH_5653_913",2.47939797956617,NA,40.77066373,-111.1072912,40.77067693,-111.1072675,NA,53.773592020866,40.77067693,-111.1072675,NA,53.773592020866,40.77067693,-111.1072675,NA,53.773592020866,40.77067693,-111.1072675,NA,53.773592020866
"284","SMMH",5653,"ABLA",5.5,30.6,0,0,"0",1,1,1,1,"BR, BO","BR, BO","BR, BO","BR, BO",1,1,1,1,"0","0","0","0",3,3,3,3,"4-1","4-7","4-6","4-8",2,2,2,3,"4-7","4-19","4-21","4-20",2,2,2,2,"3-0","3-2","3-2","3-1",3,3,3,3,"4-7","4-9","4-10","4-10",2,2,2,2,"4-3","4-4","4-7","4-6",2,2,2,2,"0","4-1","4-0","4-1",NA,NA,NA,NA,1,2,3,4,NA,NA,NA,NA,1,1,1,1,0,"SMMH5653",673,5653,NA,"Point",2326.911,NA,0.0965983938925825,1,1,1,1,"SMMH_5653_913","SMMH_5632_895",1.46667333639311,"SMMH_5632_895",1.46667333639311,"SMMH_5632_895",1.46667333639311,"SMMH_5632_895",1.46667333639311,NA,40.77067693,-111.1072675,40.77067819,-111.1072502,NA,84.5277755850388,40.77067819,-111.1072502,NA,84.5277755850388,40.77067819,-111.1072502,NA,84.5277755850388,40.77067819,-111.1072502,NA,84.5277755850388
"285","SMMH",5654,"ABLA",NA,1.3,0,0,"0",1,1,1,1,"0","0","0","0",2,2,0,0,"0","0","0","0",0,0,0,0,"0","0",NA,NA,0,0,0,0,"0","0",NA,NA,0,0,0,0,"0","0",NA,NA,0,0,0,0,"0","0",NA,NA,0,0,0,0,"0","0",NA,NA,0,0,0,0,"0","0",NA,NA,NA,NA,NA,NA,1,2,3,4,NA,NA,NA,NA,0,0,0,0,0,"SMMH5654",674,5654,NA,"Point",2327.574,NA,0.0965358827591439,0,0,0,0,"SMMH_5654_914","SMMH_5632_895",0.789204673071979,"SMMH_5632_895",0.789204673071979,"SMMH_5632_895",0.789204673071979,"SMMH_5632_895",0.789204673071979,NA,40.77067244,-111.1072557,40.77067819,-111.1072502,NA,36.0247262508935,40.77067819,-111.1072502,NA,36.0247262508935,40.77067819,-111.1072502,NA,36.0247262508935,40.77067819,-111.1072502,NA,36.0247262508935
"286","SMMH",5655,"ABLA",NA,1.9,0,0,"0",1,1,1,1,"0","0","0","0",1,1,1,1,"0","0","0","0",0,0,0,0,"0","0",NA,NA,0,0,0,0,"0","0",NA,NA,0,0,0,0,"0","0",NA,NA,0,0,0,0,"0","0",NA,NA,0,0,0,0,"0","0",NA,NA,0,0,0,0,"0","0",NA,NA,NA,NA,NA,NA,1,2,3,4,NA,NA,NA,NA,0,0,0,0,0,"SMMH5655",675,5655,NA,"Point",2329.487,NA,0.0986231532469828,0,0,0,0,"SMMH_5655_915","SMMH_5632_895",1.97343118927094,"SMMH_5632_895",1.97343118927094,"SMMH_5632_895",1.97343118927094,"SMMH_5632_895",1.97343118927094,NA,40.77068354,-111.1072279,40.77067819,-111.1072502,NA,-107.513858468737,40.77067819,-111.1072502,NA,-107.513858468737,40.77067819,-111.1072502,NA,-107.513858468737,40.77067819,-111.1072502,NA,-107.513858468737
"287","SMMH",5656,"ABLA",1.1,9.9,0,0,"0",1,1,1,1,"0","0","0","0",1,1,1,1,"0","0","0","0",0,0,0,0,"0","0",NA,NA,0,0,0,0,"0","0",NA,NA,0,0,0,0,"0","0",NA,NA,0,0,0,0,"0","0",NA,NA,0,0,0,0,"0","0",NA,NA,0,0,0,0,"0","0",NA,NA,NA,NA,NA,NA,1,2,3,4,NA,NA,NA,NA,0,0,0,0,0,"SMMH5656",676,5656,NA,"Point",2329.603,NA,0.0984145087723949,0,0,0,0,"SMMH_5656_916","SMMH_5653_913",1.89704415485376,"SMMH_5653_913",1.89704415485376,"SMMH_5653_913",1.89704415485376,"SMMH_5653_913",1.89704415485376,NA,40.77069393,-111.1072652,40.77067693,-111.1072675,NA,-174.127307902377,40.77067693,-111.1072675,NA,-174.127307902377,40.77067693,-111.1072675,NA,-174.127307902377,40.77067693,-111.1072675,NA,-174.127307902377
"288","SMMH",5657,"ABLA",NA,4.8,0,0,"0",1,1,1,1,"0","0","0","0",1,1,1,1,"0","0","0","0",0,0,0,0,"0","0",NA,NA,0,0,0,0,"0","0",NA,NA,0,0,0,0,"0","0",NA,NA,0,0,0,0,"0","0",NA,NA,0,0,0,0,"0","0",NA,NA,0,0,0,0,"0","0",NA,NA,"1 Dead","1 Dead","1 Dead","1 Dead",1,2,3,4,NA,NA,NA,NA,0,0,0,0,0,"SMMH5657",677,5657,NA,"Point",2329.593,NA,0.0991178450208363,0,0,0,0,"SMMH_5657_917","SMMH_5653_913",3.34026717262054,"SMMH_5658_918",2.04015364634613,"SMMH_5658_918",2.04015364634613,"SMMH_5658_918",2.04015364634613,NA,40.77070543,-111.1072802,40.77067693,-111.1072675,NA,161.284591518801,40.77071541,-111.1072599,NA,57.1109547709065,40.77071541,-111.1072599,NA,57.1109547709065,40.77071541,-111.1072599,NA,57.1109547709065
"289","SMMH",5658,"ABLA",3.5,27.6,0,0,"0",1,1,1,1,"0","BO","BO","BO",NA,NA,0,0,"0","0","0","0",0,1,1,1,"0","0",NA,NA,0,0,0,1,"0","0",NA,NA,0,0,0,0,"0","0",NA,NA,0,1,1,1,"0","0",NA,NA,0,0,1,1,"0","0",NA,NA,0,1,0,0,"0","0",NA,NA,NA,NA,NA,NA,1,2,3,4,NA,NA,NA,NA,0,1,1,1,1,"SMMH5658",679,5658,NA,"Point",2329.584,NA,0.100790647848759,0,1,1,1,"SMMH_5658_918","SMMH_5632_895",4.21192803203891,"SMMH_5632_895",4.21192803203891,"SMMH_5632_895",4.21192803203891,"SMMH_5632_895",4.21192803203891,NA,40.77071541,-111.1072599,40.77067819,-111.1072502,NA,168.79299050176,40.77067819,-111.1072502,NA,168.79299050176,40.77067819,-111.1072502,NA,168.79299050176,40.77067819,-111.1072502,NA,168.79299050176
"290","SMMH",5659,"ABLA",NA,2.8,0,0,"0",1,1,1,1,"0","0","0","0",1,1,0,0,"0","0","0","0",0,0,0,0,"0","0",NA,NA,0,0,0,0,"0","0",NA,NA,0,0,0,0,"0","0",NA,NA,0,0,0,0,"0","0",NA,NA,0,0,0,0,"0","0",NA,NA,0,0,0,0,"0","0",NA,NA,NA,NA,NA,NA,1,2,3,4,NA,NA,NA,NA,0,0,0,0,0,"SMMH5659",680,5659,NA,"Point",2328.116,NA,0.101415382768596,0,0,0,0,"SMMH_5659_919","SMMH_5632_895",4.59569981107588,"SMMH_5658_918",0.69986457029787,"SMMH_5658_918",0.69986457029787,"SMMH_5658_918",0.69986457029787,NA,40.77071951,-111.1072536,40.77067819,-111.1072502,NA,176.42038801528,40.77071541,-111.1072599,NA,-130.564143691525,40.77071541,-111.1072599,NA,-130.564143691525,40.77071541,-111.1072599,NA,-130.564143691525
"291","SMMH",5623,"ABLA",NA,4.1,0,0,"0",1,1,1,1,"0","0","0","0",NA,NA,0,0,"0","0","0","0",0,0,0,0,"0","0",NA,NA,0,0,0,0,"0","0",NA,NA,0,0,0,0,"0","0",NA,NA,0,0,0,0,"0","0",NA,NA,0,0,0,0,"0","0",NA,NA,0,0,0,0,"0","0",NA,NA,NA,NA,NA,NA,1,2,3,4,NA,NA,NA,NA,0,0,0,0,0,"SMMH5623",642,5623,NA,"Point",2328.387,NA,0.0826059686966637,0,0,0,0,"SMMH_5623_920","SMMH_5733_987",7.41667841723522,"SMMH_5745_999",4.54899456592693,"SMMH_5747_1001",3.69205077141647,"SMMH_5747_1001",3.69205077141647,NA,40.77054295,-111.1072806,40.7705889,-111.1073444,NA,-46.5491309496557,40.7705548,-111.1073322,NA,-73.1919946424276,40.77056008,-111.1073181,NA,-59.000498259021,40.77056008,-111.1073181,NA,-59.000498259021
"292","SMMH",5660,"ABLA",NA,2.3,0,0,"0",1,1,1,1,"0","0","0","0",NA,NA,0,0,"0","0","0","0",0,0,0,0,"0","0",NA,NA,0,0,0,0,"0","0",NA,NA,0,0,0,0,"0","0",NA,NA,0,0,0,0,"0","0",NA,NA,0,0,0,0,"0","0",NA,NA,0,0,0,0,"0","0",NA,NA,NA,NA,NA,NA,1,2,3,4,NA,NA,NA,NA,0,0,0,0,0,"SMMH5660",837,5660,NA,"Point",2327.568,NA,0.113242458814354,0,0,0,0,"SMMH_5660_921","SMMH_5632_895",16.7113944638242,"SMMH_5658_918",12.7107738327536,"SMMH_5658_918",12.7107738327536,"SMMH_5658_918",12.7107738327536,NA,40.77082825,-111.1072343,40.77067819,-111.1072502,NA,-175.394483592213,40.77071541,-111.1072599,NA,-170.213949112869,40.77071541,-111.1072599,NA,-170.213949112869,40.77071541,-111.1072599,NA,-170.213949112869
"293","SMMH",5663,"ABLA",1.5,12.4,0,0,"0",1,1,1,1,"0","0","0","0",NA,NA,0,0,"0","0","0","0",0,0,0,0,"0","0",NA,NA,0,0,0,0,"0","0",NA,NA,0,0,0,0,"0","0",NA,NA,0,0,0,0,"0","0",NA,NA,0,0,0,0,"0","0",NA,NA,0,0,0,0,"0","0",NA,NA,NA,NA,NA,NA,1,2,3,4,NA,NA,NA,NA,0,0,0,0,0,"SMMH5663",684,5663,NA,"Point",2330,NA,0.126209775289175,0,0,0,0,"SMMH_5663_922","SMMH_5309_630",17.8377678048991,"SMMH_5807_1052",16.0847130996913,"SMMH_5807_1052",16.0847130996913,"SMMH_5807_1052",16.0847130996913,NA,40.77095605,-111.1072491,40.77090681,-111.1070479,NA,107.843704425384,40.77100922,-111.1074264,NA,-68.4728407766385,40.77100922,-111.1074264,NA,-68.4728407766385,40.77100922,-111.1074264,NA,-68.4728407766385
"294","SMMH",5664,"ABLA",1.3,11,0,0,"0",1,1,1,1,"0","0","0","0",NA,NA,0,0,"0","0","0","0",0,0,0,0,"0","0",NA,NA,0,0,0,0,"0","0",NA,NA,0,0,0,0,"0","0",NA,NA,0,0,0,0,"0","0",NA,NA,0,0,0,0,"0","0",NA,NA,0,0,0,0,"0","0",NA,NA,NA,NA,NA,NA,1,2,3,4,NA,NA,NA,NA,0,0,0,0,0,"SMMH5664",NA,5664,NA,"Point",2330.802,NA,0.127816282439464,0,0,0,0,"SMMH_5664_923","SMMH_5805_1050",16.0798475402832,"SMMH_5807_1052",13.0790280691469,"SMMH_5807_1052",13.0790280691469,"SMMH_5807_1052",13.0790280691469,NA,40.77097789,-111.107277,40.77098512,-111.1074673,NA,-87.1390376281197,40.77100922,-111.1074264,NA,-74.5791561781053,40.77100922,-111.1074264,NA,-74.5791561781053,40.77100922,-111.1074264,NA,-74.5791561781053
"295","SMMH",5665,"ABLA",NA,4.5,0,0,"0",1,1,1,1,"0","0","0","0",NA,NA,NA,NA,"0","0","0","0",0,0,0,0,"0","0",NA,NA,0,0,0,0,"0","0",NA,NA,0,0,0,0,"0","0",NA,NA,0,0,0,0,"0","0",NA,NA,0,0,0,0,"0","0",NA,NA,0,0,0,0,"0","0",NA,NA,NA,NA,"not found","not found",1,2,3,4,NA,NA,NA,NA,0,0,0,0,0,"SMMH5665",685,5665,NA,"Point",2330.802,NA,0.127816282439464,0,0,0,0,"SMMH_5665_924","SMMH_5805_1050",16.0798475402832,"SMMH_5807_1052",13.0790280691469,"SMMH_5807_1052",13.0790280691469,"SMMH_5807_1052",13.0790280691469,NA,40.77097789,-111.107277,40.77098512,-111.1074673,NA,-87.1390376281197,40.77100922,-111.1074264,NA,-74.5791561781053,40.77100922,-111.1074264,NA,-74.5791561781053,40.77100922,-111.1074264,NA,-74.5791561781053
"296","SMMH",5666,"ABLA",NA,2.6,0,0,"0",1,1,1,1,"0","0","0","0",NA,NA,0,0,"0","0","0","0",0,0,0,0,"0","0",NA,NA,0,0,0,0,"0","0",NA,NA,0,0,0,0,"0","0",NA,NA,0,0,0,0,"0","0",NA,NA,0,0,0,0,"0","0",NA,NA,0,0,0,0,"0","0",NA,NA,"Cut","Cut","Cut","Cut",1,2,3,4,NA,NA,NA,NA,0,0,0,0,0,"SMMH5666",686,5666,NA,"Point",2326.793,NA,0.114800244373831,0,0,0,0,"SMMH_5666_925","SMMH_5309_630",14.2097652910299,"SMMH_5414_778",11.801355889159,"SMMH_5414_778",11.801355889159,"SMMH_5658_918",14.0785710866805,NA,40.7708262,-111.1071787,40.77090681,-111.1070479,NA,50.9707303086854,40.77088301,-111.1070605,NA,57.6992626945107,40.77088301,-111.1070605,NA,57.6992626945107,40.77071541,-111.1072599,NA,-150.873195253329
"297","SMMH",5667,"ABLA",NA,3.7,0,0,"0",1,1,1,1,"0","0","0","0",NA,NA,0,0,"0","0","0","0",0,0,0,0,"0","0",NA,NA,0,0,0,0,"0","0",NA,NA,0,0,0,0,"0","0",NA,NA,0,0,0,0,"0","0",NA,NA,0,0,0,0,"0","0",NA,NA,0,0,0,0,"0","0",NA,NA,NA,NA,NA,NA,1,2,3,4,NA,NA,NA,NA,0,0,0,0,0,"SMMH5667",687,5667,NA,"Point",2325.159,NA,0.116806515082183,0,0,0,0,"SMMH_5667_926","SMMH_5309_630",12.5281678343945,"SMMH_5414_778",10.282740215706,"SMMH_5414_778",10.282740215706,"SMMH_5309_630",12.5281678343945,NA,40.77084317,-111.1071705,40.77090681,-111.1070479,NA,55.675485056666,40.77088301,-111.1070605,NA,64.5270478748712,40.77088301,-111.1070605,NA,64.5270478748712,40.77090681,-111.1070479,NA,55.675485056666
"298","SMMH",5668,"ABLA",2,13.7,0.6,0,"0",1,1,1,1,"0","0","0","0",NA,NA,0,0,"0","0","0","0",0,0,0,0,"0","0",NA,NA,0,0,0,0,"0","0",NA,NA,0,0,0,0,"0","0",NA,NA,0,0,0,0,"0","0",NA,NA,0,0,0,0,"0","0",NA,NA,0,0,0,0,"0","0",NA,NA,NA,NA,NA,NA,1,2,3,4,NA,NA,NA,NA,0,0,0,0,0,"SMMH5668",688,5668,NA,"Point",2326.366,NA,0.116666419326641,0,0,0,0,"SMMH_5668_927","SMMH_5309_630",13.6586518329534,"SMMH_5414_778",11.6053052445987,"SMMH_5414_778",11.6053052445987,"SMMH_5309_630",13.6586518329534,NA,40.77084805,-111.1071901,40.77090681,-111.1070479,NA,61.4745632539206,40.77088301,-111.1070605,NA,70.4642848142526,40.77088301,-111.1070605,NA,70.4642848142526,40.77090681,-111.1070479,NA,61.4745632539206
"299","SMMH",5661,"ABLA",NA,2.4,0,0,"0",1,1,1,1,"0","0","0","0",1,1,0,0,"0","0","0","0",0,0,0,0,"0","0",NA,NA,0,0,0,0,"0","0",NA,NA,0,0,0,0,"0","0",NA,NA,0,0,0,0,"0","0",NA,NA,0,0,0,0,"0","0",NA,NA,0,0,0,0,"0","0",NA,NA,NA,NA,NA,NA,1,2,3,4,NA,NA,NA,NA,0,0,0,0,0,"SMMH5661",838,5661,NA,"Point",2327.629,NA,0.118229766614516,0,0,0,0,"SMMH_5661_928","SMMH_5309_630",14.8280327428144,"SMMH_5414_778",13.2958430587205,"SMMH_5414_778",13.2958430587205,"SMMH_5309_630",14.8280327428144,NA,40.77087135,-111.1072173,40.77090681,-111.1070479,NA,74.6056813035184,40.77088301,-111.1070605,NA,84.4134866943374,40.77088301,-111.1070605,NA,84.4134866943374,40.77090681,-111.1070479,NA,74.6056813035184
"300","SMMH",5671,"ABLA",NA,2.7,0,0,"0",1,1,1,1,"0","0","0","0",NA,NA,0,0,"0","0","0","0",0,0,0,0,"0","0",NA,NA,0,0,0,0,"0","0",NA,NA,0,0,0,0,"0","0",NA,NA,0,0,0,0,"0","0",NA,NA,0,0,0,0,"0","0",NA,NA,0,0,0,0,"0","0",NA,NA,NA,NA,NA,NA,1,2,3,4,NA,NA,NA,NA,0,0,0,0,0,"SMMH5671",691,5671,NA,"Point",2326.942,NA,0.129570620515701,0,0,0,0,"SMMH_5671_929","SMMH_5309_630",13.911645342031,"SMMH_5309_630",13.911645342031,"SMMH_5309_630",13.911645342031,"SMMH_5309_630",13.911645342031,NA,40.77097211,-111.1071886,40.77090681,-111.1070479,NA,121.402543779513,40.77090681,-111.1070479,NA,121.402543779513,40.77090681,-111.1070479,NA,121.402543779513,40.77090681,-111.1070479,NA,121.402543779513
"301","SMMH",5672,"ABLA",NA,1.6,0,0,"0",1,1,1,1,"0","0","0","0",NA,NA,0,0,"0","0","0","0",0,0,0,0,"0","0",NA,NA,0,0,0,0,"0","0",NA,NA,0,0,0,0,"0","0",NA,NA,0,0,0,0,"0","0",NA,NA,0,0,0,0,"0","0",NA,NA,0,0,0,0,"0","0",NA,NA,NA,NA,NA,NA,1,2,3,4,NA,NA,NA,NA,0,0,0,0,0,"SMMH5672",692,5672,NA,"Point",2329.345,NA,0.127590824001995,0,0,0,0,"SMMH_5672_930","SMMH_5309_630",18.1485240566839,"SMMH_5807_1052",15.7971161153318,"SMMH_5807_1052",15.7971161153318,"SMMH_5807_1052",15.7971161153318,NA,40.7709686,-111.107247,40.77090681,-111.1070479,NA,112.205926670658,40.77100922,-111.1074264,NA,-73.4151631433808,40.77100922,-111.1074264,NA,-73.4151631433808,40.77100922,-111.1074264,NA,-73.4151631433808
"302","SMMH",5673,"ABLA",4.1,21.6,0,0,"0",1,1,1,1,"0","0","0","0",NA,NA,0,0,"0","0","0","0",0,0,0,0,"0","0",NA,NA,0,0,0,0,"0","0",NA,NA,0,0,0,0,"0","0",NA,NA,0,0,0,0,"0","0",NA,NA,0,0,0,0,"0","0",NA,NA,0,0,0,0,"0","0",NA,NA,NA,NA,NA,NA,1,2,3,4,NA,NA,NA,NA,0,0,0,0,0,"SMMH5673",693,5673,NA,"Point",2330.206,NA,0.12580810124032,0,0,0,0,"SMMH_5673_931","SMMH_5805_1050",12.6621944780498,"SMMH_5807_1052",10.1457663622719,"SMMH_5807_1052",10.1457663622719,"SMMH_5807_1052",10.1457663622719,NA,40.7709683,-111.1073189,40.77098512,-111.1074673,NA,-81.5204682515482,40.77100922,-111.1074264,NA,-63.4032949957371,40.77100922,-111.1074264,NA,-63.4032949957371,40.77100922,-111.1074264,NA,-63.4032949957371
"303","SMMH",5674,"ABLA",NA,4.4,NA,0,"0",1,1,1,1,"0","0","0","0",1,NA,0,0,"0","0","0","0",0,0,0,0,"0","0",NA,NA,0,0,0,0,"0","0",NA,NA,0,0,0,0,"0","0",NA,NA,0,0,0,0,"0","0",NA,NA,0,0,0,0,"0","0",NA,NA,0,0,0,0,"0","0",NA,NA,NA,NA,NA,NA,1,2,3,4,NA,NA,NA,NA,0,0,0,0,0,"SMMH5674",694,5674,NA,"Point",2331.938,NA,0.123728358623044,0,0,0,0,"SMMH_5674_932","SMMH_5805_1050",10.7876991663328,"SMMH_5807_1052",9.10976214562067,"SMMH_5804_1049",8.77677982043771,"SMMH_5804_1049",8.77677982043771,NA,40.77095446,-111.107346,40.77098512,-111.1074673,NA,-71.6095213054258,40.77100922,-111.1074264,NA,-48.1434961146485,40.77095453,-111.10745,NA,-89.9492402449634,40.77095453,-111.10745,NA,-89.9492402449634
"304","SMMH",5676,"ABLA",NA,3,0,0,"0",1,1,1,1,"0","0","0","0",NA,NA,0,0,"0","0","0","0",0,0,0,0,"0","0",NA,NA,0,0,0,0,"0","0",NA,NA,0,0,0,0,"0","0",NA,NA,0,0,0,0,"0","0",NA,NA,0,0,0,0,"0","0",NA,NA,0,0,0,0,"0","0",NA,NA,NA,NA,NA,NA,1,2,3,4,NA,NA,NA,NA,0,0,0,0,0,"SMMH5676",696,5676,NA,"Point",2331.554,NA,0.121910884167924,0,0,0,0,"SMMH_5676_933","SMMH_5805_1050",14.4552504288185,"SMMH_5682_940",12.1230246185859,"SMMH_5804_1049",11.9596371004316,"SMMH_5804_1049",11.9596371004316,NA,40.77093035,-111.1073119,40.77098512,-111.1074673,NA,-65.1280209359201,40.77083825,-111.1073891,NA,-147.492246301147,40.77095453,-111.10745,NA,-77.0305738911439,40.77095453,-111.10745,NA,-77.0305738911439
"305","SMMH",5677,"ABLA",NA,2.8,0,0,"0",1,1,1,1,"0","0","0","0",NA,NA,0,0,"0","0","0","0",0,0,0,0,"0","0",NA,NA,0,0,0,0,"0","0",NA,NA,0,0,0,0,"0","0",NA,NA,0,0,0,0,"0","0",NA,NA,0,0,0,0,"0","0",NA,NA,0,0,0,0,"0","0",NA,NA,NA,NA,NA,NA,1,2,3,4,NA,NA,NA,NA,0,0,0,0,0,"SMMH5677",697,5677,NA,"Point",2330.605,NA,0.119673241347912,0,0,0,0,"SMMH_5677_934","SMMH_5805_1050",14.7621231183093,"SMMH_5682_940",9.93072110874111,"SMMH_5804_1049",11.8406669073799,"SMMH_5682_940",9.93072110874111,NA,40.77091153,-111.1073216,40.77098512,-111.1074673,NA,-56.4016453735927,40.77083825,-111.1073891,NA,-144.996846362592,40.77095453,-111.10745,NA,-66.2265196940247,40.77083825,-111.1073891,NA,-144.996846362592
"306","SMMH",5678,"ABLA",1.7,13.8,0,0,"0",1,1,1,1,"0","0","0","0",NA,NA,0,0,"0","0","0","0",0,0,0,0,"0","0",NA,NA,0,0,0,0,"0","0",NA,NA,0,0,0,0,"0","0",NA,NA,0,0,0,0,"0","0",NA,NA,0,0,0,0,"0","0",NA,NA,0,0,0,0,"0","0",NA,NA,NA,NA,NA,NA,1,2,3,4,NA,NA,NA,NA,0,0,0,0,0,"SMMH5678",698,5678,NA,"Point",2331.388,NA,0.117830963487568,0,0,0,0,"SMMH_5678_935","SMMH_5805_1050",11.6578369201736,"SMMH_5682_940",7.5588567009465,"SMMH_5804_1049",8.21132502711248,"SMMH_5682_940",7.5588567009465,NA,40.77090571,-111.1073769,40.77098512,-111.1074673,NA,-40.8751590718664,40.77083825,-111.1073891,NA,-172.171457067216,40.77095453,-111.10745,NA,-48.70197816921,40.77083825,-111.1073891,NA,-172.171457067216
"307","SMMH",5675,"ABLA",NA,2.7,0,0,"0",1,1,1,1,"0","0","0","0",NA,NA,0,0,"0","0","0","0",0,0,0,0,"0","0",NA,NA,0,0,0,0,"0","0",NA,NA,0,0,0,0,"0","0",NA,NA,0,0,0,0,"0","0",NA,NA,0,0,0,0,"0","0",NA,NA,0,0,0,0,"0","0",NA,NA,NA,NA,NA,NA,1,2,3,4,NA,NA,NA,NA,0,0,0,0,0,"SMMH5675",839,5675,NA,"Point",2332.117,NA,0.121362570242068,0,0,0,0,"SMMH_5675_936","SMMH_5805_1050",9.23124586445885,"SMMH_5806_1051",7.97789645942087,"SMMH_5804_1049",6.43144492241671,"SMMH_5804_1049",6.43144492241671,NA,40.77093841,-111.1073768,40.77098512,-111.1074673,NA,-55.8275677093636,40.77097706,-111.1074565,NA,-57.4673591786436,40.77095453,-111.10745,NA,-73.8455443757387,40.77095453,-111.10745,NA,-73.8455443757387
"308","SMMH",5679,"ABLA",NA,1.8,0,0,"0",1,1,1,1,"0","0","0","0",NA,NA,0,0,"0","0","0","0",0,0,0,0,"0","0",NA,NA,0,0,0,0,"0","0",NA,NA,0,0,0,0,"0","0",NA,NA,0,0,0,0,"0","0",NA,NA,0,0,0,0,"0","0",NA,NA,0,0,0,0,"0","0",NA,NA,NA,NA,NA,NA,1,2,3,4,NA,NA,NA,NA,0,0,0,0,0,"SMMH5679",699,5679,NA,"Point",2331.915,NA,0.118024722566399,0,0,0,0,"SMMH_5679_937","SMMH_5805_1050",10.497282154054,"SMMH_5682_940",7.98918054414469,"SMMH_5804_1049",6.97650462057122,"SMMH_5804_1049",6.97650462057122,NA,40.7709102,-111.1073914,40.77098512,-111.1074673,NA,-37.6033760022366,40.77083825,-111.1073891,NA,178.607826334939,40.77095453,-111.10745,NA,-45.142363745066,40.77095453,-111.10745,NA,-45.142363745066
"309","SMMH",5680,"ABLA",NA,2.9,0,0,"0",1,1,1,1,"0","0","0","0",NA,NA,0,0,"0","0","0","0",0,0,0,0,"0","0",NA,NA,0,0,0,0,"0","0",NA,NA,0,0,0,0,"0","0",NA,NA,0,0,0,0,"0","0",NA,NA,0,0,0,0,"0","0",NA,NA,0,0,0,0,"0","0",NA,NA,NA,NA,NA,NA,1,2,3,4,NA,NA,NA,NA,0,0,0,0,0,"SMMH5680",700,5680,NA,"Point",2332.075,NA,0.118218290789847,0,0,0,0,"SMMH_5680_938","SMMH_5805_1050",10.3405727595072,"SMMH_5682_940",8.18782257755577,"SMMH_5804_1049",6.83780338865784,"SMMH_5804_1049",6.83780338865784,NA,40.77091199,-111.1073914,40.77098512,-111.1074673,NA,-38.2751924624404,40.77083825,-111.1073891,NA,178.641607804003,40.77095453,-111.10745,NA,-46.3226692047744,40.77095453,-111.10745,NA,-46.3226692047744
"310","SMMH",5681,"ABLA",9.1,48.1,0,0,"0",1,1,1,1,"0","0","0","0",NA,NA,1,1,"0","0","0","0",0,0,0,0,"0","0",NA,NA,0,0,0,0,"0","0",NA,NA,0,0,0,0,"0","0",NA,NA,0,0,0,0,"0","0",NA,NA,0,0,0,0,"0","0",NA,NA,0,0,0,0,"0","0",NA,NA,NA,NA,NA,NA,1,2,3,4,NA,NA,NA,NA,0,0,0,0,0,"SMMH5681",701,5681,NA,"Point",2333.097,NA,0.123720253167531,0,0,0,0,"SMMH_5681_939","SMMH_5805_1050",7.43382722249515,"SMMH_5806_1051",6.28805528365232,"SMMH_5804_1049",5.55883679329214,"SMMH_5804_1049",5.55883679329214,NA,40.77096165,-111.1073848,40.77098512,-111.1074673,NA,-69.4842531130229,40.77097706,-111.1074565,NA,-74.2144028901852,40.77095453,-111.10745,NA,-98.1740068067135,40.77095453,-111.10745,NA,-98.1740068067135
"311","SMMH",5682,"ABLA",2.4,19.1,0,0,"0",1,1,1,1,"0","BO","0","BO",NA,NA,0,0,"0","0","0","0",0,1,0,1,"0","0",NA,NA,0,0,0,0,"0","0",NA,NA,0,0,0,0,"0","0",NA,NA,0,0,0,1,"0","0",NA,NA,0,0,0,0,"0","0",NA,NA,0,0,0,0,"0","0",NA,NA,NA,NA,NA,NA,1,2,3,4,NA,NA,NA,NA,0,1,0,1,1,"SMMH5682",702,5682,NA,"Point",2334.243,NA,0.110308747208981,0,1,0,1,"SMMH_5682_940","SMMH_5792_1036",6.65036840480983,"SMMH_5794_1038",7.65817004225927,"SMMH_5794_1038",7.65817004225927,"SMMH_5686_943",2.70999290811124,NA,40.77083825,-111.1073891,40.7707995,-111.1074492,NA,-130.300659793556,40.77081002,-111.1074719,NA,-114.154176381677,40.77081002,-111.1074719,NA,-114.154176381677,40.77081386,-111.1073905,NA,-177.501250086163
"312","SMMH",5683,"ABLA",NA,3.6,0,0,"0",1,1,NA,NA,"0","0",NA,NA,NA,NA,NA,NA,"0","0",NA,NA,0,0,NA,NA,"0","0",NA,NA,0,0,NA,NA,"0","0",NA,NA,0,0,NA,NA,"0","0",NA,NA,0,0,NA,NA,"0","0",NA,NA,0,0,NA,NA,"0","0",NA,NA,0,0,NA,NA,"0","0",NA,NA,NA,NA,NA,NA,1,2,NA,NA,NA,NA,NA,NA,0,0,NA,NA,NA,"SMMH5683",703,5683,NA,"Point",2333.316,NA,0.114876277558351,0,0,NA,NA,"SMMH_5683_941","SMMH_5792_1036",11.0400251807885,"SMMH_5682_940",4.63847410817142,"SMMH_5804_1049",11.2466342648343,"SMMH_5682_940",4.63847410817142,NA,40.77087606,-111.1073657,40.7707995,-111.1074492,NA,-140.335455507469,40.77083825,-111.1073891,NA,-154.802567714042,40.77095453,-111.10745,NA,-39.2397838087429,40.77083825,-111.1073891,NA,-154.802567714042
"313","SMMH",5684,"ABLA",1.8,15.2,0,0,"0",1,1,1,1,"0","0","0","0",NA,NA,NA,NA,"0","0","0","0",0,0,0,0,"0","0",NA,NA,0,0,0,0,"0","0",NA,NA,0,0,0,0,"0","0",NA,NA,0,0,0,0,"0","0",NA,NA,0,0,0,0,"0","0",NA,NA,0,0,0,0,"0","0",NA,NA,NA,NA,"not found","not found",1,2,3,4,NA,NA,NA,NA,0,0,0,0,0,"SMMH5684",704,5684,NA,"Point",2331.776,NA,0.113155304803781,0,0,0,0,"SMMH_5684_942","SMMH_5792_1036",13.9703056949262,"SMMH_5682_940",8.03155574606956,"SMMH_5658_918",14.5309781959376,"SMMH_5682_940",8.03155574606956,NA,40.77084369,-111.1072942,40.7707995,-111.1074492,NA,-110.556068120958,40.77083825,-111.1073891,NA,-94.3119328303138,40.77071541,-111.1072599,NA,168.5094652997,40.77083825,-111.1073891,NA,-94.3119328303138
"314","SMMH",5686,"ABLA",4.7,26,0,0,"0",1,1,1,1,"0","0","0","BO",NA,NA,0,0,"0","0","0","0",0,0,0,0,"0","0",NA,NA,0,0,0,1,"0","0",NA,NA,0,0,0,0,"0","0",NA,NA,0,0,0,0,"0","0",NA,NA,0,0,0,0,"0","0",NA,NA,0,0,0,0,"0","0",NA,NA,NA,NA,NA,NA,1,2,3,4,NA,NA,NA,NA,0,0,0,1,1,"SMMH5686",706,5686,NA,"Point",2330.655,NA,0.107655476507017,0,0,0,1,"SMMH_5686_943","SMMH_5792_1036",5.20397333131219,"SMMH_5682_940",2.70999290811124,"SMMH_5794_1038",6.88274222335279,"SMMH_5682_940",2.70999290811124,NA,40.77081386,-111.1073905,40.7707995,-111.1074492,NA,-107.837035117716,40.77083825,-111.1073891,NA,2.49874899958838,40.77081002,-111.1074719,NA,-93.5506701947067,40.77083825,-111.1073891,NA,2.49874899958838
"315","SMMH",5687,"ABLA",NA,3.3,0,0,"0",1,1,1,1,"0","0","0","0",NA,NA,0,0,"0","0","0","0",0,0,0,0,"0","0",NA,NA,0,0,0,0,"0","0",NA,NA,0,0,0,0,"0","0",NA,NA,0,0,0,0,"0","0",NA,NA,0,0,0,0,"0","0",NA,NA,0,0,0,0,"0","0",NA,NA,NA,NA,NA,NA,1,2,3,4,NA,NA,NA,NA,0,0,0,0,0,"SMMH5687",707,5687,NA,"Point",2330.155,NA,0.106101786080504,0,0,0,0,"SMMH_5687_944","SMMH_5792_1036",3.84185136670877,"SMMH_5682_940",4.20552498865969,"SMMH_5794_1038",5.81481103255192,"SMMH_5689_946",1.6768407812218,NA,40.77080205,-111.1074038,40.7707995,-111.1074492,NA,-94.2253011079409,40.77083825,-111.1073891,NA,17.1566230237475,40.77081002,-111.1074719,NA,-81.2485572547533,40.77080453,-111.1074234,NA,-80.5507685078742
"316","SMMH",5688,"ABLA",1.4,12.6,2.4,0,"0",1,1,1,1,"0","0","0","0",NA,NA,0,0,"0","0","0","0",0,0,0,0,"0","0",NA,NA,0,0,0,0,"0","0",NA,NA,0,0,0,0,"0","0",NA,NA,0,0,0,0,"0","0",NA,NA,0,0,0,0,"0","0",NA,NA,0,0,0,0,"0","0",NA,NA,"1 Dead","1 Dead","1 Dead","1 Dead",1,2,3,4,NA,NA,NA,NA,0,0,0,0,0,"SMMH5688",708,5688,NA,"Point",2332.897,NA,0.104895772408629,0,0,0,0,"SMMH_5688_945","SMMH_5792_1036",1.1259838596755,"SMMH_5794_1038",3.33826928507026,"SMMH_5794_1038",3.33826928507026,"SMMH_5691_948",0.823053933307484,NA,40.77079691,-111.1074363,40.7707995,-111.1074492,NA,-75.2065431101193,40.77081002,-111.1074719,NA,-64.1550048404551,40.77081002,-111.1074719,NA,-64.1550048404551,40.77079167,-111.1074294,NA,134.968511303907
"317","SMMH",5689,"ABLA",3.9,25.3,0,0,"0",1,1,1,1,"0","0","0","BO",NA,NA,0,0,"0","0","0","0",0,0,0,1,"0","0",NA,NA,0,0,0,0,"0","0",NA,NA,0,0,0,0,"0","0",NA,NA,0,0,0,0,"0","0",NA,NA,0,0,0,1,"0","0",NA,NA,0,0,0,0,"0","0",NA,NA,NA,NA,NA,NA,1,2,3,4,NA,NA,NA,NA,0,0,0,1,1,"SMMH5689",709,5689,NA,"Point",2333.367,NA,0.105970344502073,0,0,0,1,"SMMH_5689_946","SMMH_5792_1036",2.24777371949906,"SMMH_5794_1038",4.13814499369892,"SMMH_5794_1038",4.13814499369892,"SMMH_5691_948",1.514670263558,NA,40.77080453,-111.1074234,40.7707995,-111.1074492,NA,-104.383081735229,40.77081002,-111.1074719,NA,-81.5313190773122,40.77081002,-111.1074719,NA,-81.5313190773122,40.77079167,-111.1074294,NA,-160.470045100498
"318","SMMH",5690,"ABCO",2.2,13.9,1.3,0,"0",1,1,1,1,"0","0","0","0",NA,NA,0,0,"0","0","0","0",0,0,0,0,"0","0",NA,NA,0,0,0,0,"0","0",NA,NA,0,0,0,0,"0","0",NA,NA,0,0,0,0,"0","0",NA,NA,0,0,0,0,"0","0",NA,NA,0,0,0,0,"0","0",NA,NA,NA,NA,NA,NA,1,2,3,4,NA,NA,NA,NA,0,0,0,0,0,"SMMH5690",710,5690,NA,"Point",2332.117,NA,0.105494143891731,0,0,0,0,"SMMH_5690_947","SMMH_5792_1036",2.59949544779819,"SMMH_5794_1038",4.67201093956912,"SMMH_5794_1038",4.67201093956912,"SMMH_5689_946",0.726711825622395,NA,40.7707992,-111.1074184,40.7707995,-111.1074492,NA,-89.2659664889376,40.77081002,-111.1074719,NA,-75.1031709471201,40.77081002,-111.1074719,NA,-75.1031709471201,40.77080453,-111.1074234,NA,-35.4958982889247
"319","SMMH",5691,"ABLA",5.3,28.3,0,0,"0",1,1,1,1,"0","0","0","BO",NA,NA,0,0,"0","0","0","0",0,0,0,1,"0","0",NA,NA,0,0,0,0,"0","0",NA,NA,0,0,0,0,"0","0",NA,NA,0,0,0,1,"0","0",NA,NA,0,0,0,0,"0","0",NA,NA,0,0,0,0,"0","0",NA,NA,NA,NA,NA,NA,1,2,3,4,NA,NA,NA,NA,0,0,0,1,1,"SMMH5691",711,5691,NA,"Point",2333.551,NA,0.104461945360359,0,0,0,1,"SMMH_5691_948","SMMH_5792_1036",1.88350435980946,"SMMH_5794_1038",4.12472525429142,"SMMH_5794_1038",4.12472525429142,"SMMH_5689_946",1.514670263558,NA,40.77079167,-111.1074294,40.7707995,-111.1074492,NA,-62.5183405157626,40.77081002,-111.1074719,NA,-60.4068485818676,40.77081002,-111.1074719,NA,-60.4068485818676,40.77080453,-111.1074234,NA,19.5299509812935
"320","SMMH",5693,"ABLA",NA,5.7,0,0,"0",1,1,1,1,"0","0","0","0",NA,NA,0,0,"0","0","0","0",0,0,0,0,"0","0",NA,NA,0,0,0,0,"0","0",NA,NA,0,0,0,0,"0","0",NA,NA,0,0,0,0,"0","0",NA,NA,0,0,0,0,"0","0",NA,NA,0,0,0,0,"0","0",NA,NA,NA,NA,NA,NA,1,2,3,4,NA,NA,NA,NA,0,0,0,0,0,"SMMH5693",713,5693,NA,"Point",2330.867,NA,0.101652393588481,0,0,0,0,"SMMH_5693_949","SMMH_5703_958",6.28439773406933,"SMMH_5703_958",6.28439773406933,"SMMH_5703_958",6.28439773406933,"SMMH_5700_955",3.71139331799969,NA,40.77075686,-111.1073857,40.77070049,-111.1073926,NA,-174.68338968149,40.77070049,-111.1073926,NA,-174.68338968149,40.77070049,-111.1073926,NA,-174.68338968149,40.77072593,-111.1074024,NA,-157.682620376028
"321","SMMH",5695,"ABLA",1.3,10.4,0,0,"0",1,1,1,1,"0","0","0","0",NA,NA,0,0,"0","0","0","0",0,0,0,0,"0","0",NA,NA,0,0,0,0,"0","0",NA,NA,0,0,0,0,"0","0",NA,NA,0,0,0,0,"0","0",NA,NA,0,0,0,0,"0","0",NA,NA,0,0,0,0,"0","0",NA,NA,NA,NA,NA,NA,1,2,3,4,NA,NA,NA,NA,0,0,0,0,0,"SMMH5695",715,5695,NA,"Point",2330.434,NA,0.101811058062658,0,0,0,0,"SMMH_5695_950","SMMH_5703_958",6.72752810609803,"SMMH_5703_958",6.72752810609803,"SMMH_5703_958",6.72752810609803,"SMMH_5700_955",5.50747789910986,NA,40.77074882,-111.1073445,40.77070049,-111.1073926,NA,-142.887443310864,40.77070049,-111.1073926,NA,-142.887443310864,40.77070049,-111.1073926,NA,-142.887443310864,40.77072593,-111.1074024,NA,-117.47462819894
"322","SMMH",5696,"ABLA",NA,6.1,0,1,"0",1,1,1,1,"0","0","0","0",NA,NA,0,0,"0","0","0","0",0,0,0,0,"0","0",NA,NA,0,0,0,0,"0","0",NA,NA,0,0,0,0,"0","0",NA,NA,0,0,0,0,"0","0",NA,NA,0,0,0,0,"0","0",NA,NA,0,0,0,0,"0","0",NA,NA,NA,NA,NA,NA,1,2,3,4,NA,NA,NA,NA,0,0,0,0,0,"SMMH5696",716,5696,NA,"Point",2329.023,NA,0.101907844841445,0,0,0,0,"SMMH_5696_951","SMMH_5703_958",7.08423576475695,"SMMH_5703_958",7.08423576475695,"SMMH_5703_958",7.08423576475695,"SMMH_5700_955",6.09901224580416,NA,40.77074762,-111.107336,40.77070049,-111.1073926,NA,-137.603363829446,40.77070049,-111.1073926,NA,-137.603363829446,40.77070049,-111.1073926,NA,-137.603363829446,40.77072593,-111.1074024,NA,-113.251558573741
"323","SMMH",5697,"ABLA",NA,4.4,0,0,"0",1,1,1,1,"0","0","0","0",NA,NA,0,0,"0","0","0","0",0,0,0,0,"0","0",NA,NA,0,0,0,0,"0","0",NA,NA,0,0,0,0,"0","0",NA,NA,0,0,0,0,"0","0",NA,NA,0,0,0,0,"0","0",NA,NA,0,0,0,0,"0","0",NA,NA,NA,NA,NA,NA,1,2,3,4,NA,NA,NA,NA,0,0,0,0,0,"SMMH5697",717,5697,NA,"Point",2328.285,NA,0.100036541267185,0,0,0,0,"SMMH_5697_952","SMMH_5703_958",5.78889118872418,"SMMH_5703_958",5.78889118872418,"SMMH_5703_958",5.78889118872418,"SMMH_5700_955",5.62885100033854,NA,40.77072984,-111.1073359,40.77070049,-111.1073926,NA,-124.249805273565,40.77070049,-111.1073926,NA,-124.249805273565,40.77070049,-111.1073926,NA,-124.249805273565,40.77072593,-111.1074024,NA,-94.4223388821685
"324","SMMH",5698,"ABLA",NA,1.6,0,0,"0",1,1,1,1,"0","0","0","0",NA,1,0,0,"0","0","0","0",0,0,0,0,"0","0",NA,NA,0,0,0,0,"0","0",NA,NA,0,0,0,0,"0","0",NA,NA,0,0,0,0,"0","0",NA,NA,0,0,0,0,"0","0",NA,NA,0,0,0,0,"0","0",NA,NA,"1 Dead","1 Dead","1 Dead","1 Dead",1,2,3,4,NA,NA,NA,NA,0,0,0,0,0,"SMMH5698",718,5698,NA,"Point",2328.726,NA,0.100860045070985,0,0,0,0,"SMMH_5698_953","SMMH_5703_958",5.50728849726895,"SMMH_5703_958",5.50728849726895,"SMMH_5703_958",5.50728849726895,"SMMH_5700_955",2.92731678386796,NA,40.77074999,-111.1073882,40.77070049,-111.1073926,NA,-176.13392358029,40.77070049,-111.1073926,NA,-176.13392358029,40.77070049,-111.1073926,NA,-176.13392358029,40.77072593,-111.1074024,NA,-155.83439188152
"325","SMMH",5699,"ABLA",NA,6.7,0,0,"0",1,1,1,1,"0","0","0","0",NA,NA,1,1,"0","0","0","0",0,0,0,0,"0","0",NA,NA,0,0,0,0,"0","0",NA,NA,0,0,0,0,"0","0",NA,NA,0,0,0,0,"0","0",NA,NA,0,0,0,0,"0","0",NA,NA,0,0,0,0,"0","0",NA,NA,NA,NA,NA,NA,1,2,3,4,NA,NA,NA,NA,0,0,0,0,0,"SMMH5699",719,5699,NA,"Point",2330.379,NA,0.0984661458700349,0,0,0,0,"SMMH_5699_954","SMMH_5703_958",4.92674114327823,"SMMH_5703_958",4.92674114327823,"SMMH_5703_958",4.92674114327823,"SMMH_5700_955",2.41687017385873,NA,40.77073584,-111.1074279,40.77070049,-111.1073926,NA,142.794912275345,40.77070049,-111.1073926,NA,142.794912275345,40.77070049,-111.1073926,NA,142.794912275345,40.77072593,-111.1074024,NA,117.075184316677
"326","SMMH",5700,"ABLA",3.4,16.1,0,0,"0",1,1,1,1,"0","0","0","BO",NA,1,0,0,"0","0","0","0",0,0,0,0,"0","0",NA,NA,0,0,0,1,"0","0",NA,NA,0,0,0,0,"0","0",NA,NA,0,0,0,0,"0","0",NA,NA,0,0,0,1,"0","0",NA,NA,0,0,0,0,"0","0",NA,NA,NA,NA,NA,NA,1,2,3,4,NA,NA,NA,NA,0,0,0,1,1,"SMMH5700",720,5700,NA,"Point",2330.184,NA,0.097959714726267,0,0,0,1,"SMMH_5700_955","SMMH_5703_958",2.9425871932156,"SMMH_5703_958",2.9425871932156,"SMMH_5703_958",2.9425871932156,"SMMH_5703_958",2.9425871932156,NA,40.77072593,-111.1074024,40.77070049,-111.1073926,NA,163.676480774833,40.77070049,-111.1073926,NA,163.676480774833,40.77070049,-111.1073926,NA,163.676480774833,40.77070049,-111.1073926,NA,163.676480774833
"327","SMMH",5701,"ABLA",NA,7.3,0,0,"0",1,1,1,1,"0","0","0","0",NA,NA,0,0,"0","0","0","0",0,0,0,0,"0","0",NA,NA,0,0,0,0,"0","0",NA,NA,0,0,0,0,"0","0",NA,NA,0,0,0,0,"0","0",NA,NA,0,0,0,0,"0","0",NA,NA,0,0,0,0,"0","0",NA,NA,NA,NA,NA,NA,1,2,3,4,NA,NA,NA,NA,0,0,0,0,0,"SMMH5701",721,5701,NA,"Point",2334.198,NA,0.0969519876164272,0,0,0,0,"SMMH_5701_956","SMMH_5703_958",1.83041004360683,"SMMH_5703_958",1.83041004360683,"SMMH_5703_958",1.83041004360683,"SMMH_5700_955",1.12182695921374,NA,40.77071599,-111.1074,40.77070049,-111.1073926,NA,160.05106859549,40.77070049,-111.1073926,NA,160.05106859549,40.77070049,-111.1073926,NA,160.05106859549,40.77072593,-111.1074024,NA,-10.4015808367903
"328","SMMH",5702,"ABLA",1.7,12.5,0,0,"0",1,1,1,1,"0","0","0","0",NA,NA,0,0,"0","0","0","0",0,0,0,0,"0","0",NA,NA,0,0,0,0,"0","0",NA,NA,0,0,0,0,"0","0",NA,NA,0,0,0,0,"0","0",NA,NA,0,0,0,0,"0","0",NA,NA,0,0,0,0,"0","0",NA,NA,NA,NA,NA,NA,1,2,3,4,NA,NA,NA,NA,0,0,0,0,0,"SMMH5702",722,5702,NA,"Point",2331.732,NA,0.0971321109247708,0,0,0,0,"SMMH_5702_957","SMMH_5703_958",1.79752069124898,"SMMH_5703_958",1.79752069124898,"SMMH_5703_958",1.79752069124898,"SMMH_5700_955",1.21129587975468,NA,40.77071658,-111.107395,40.77070049,-111.1073926,NA,173.530262951851,40.77070049,-111.1073926,NA,173.530262951851,40.77070049,-111.1073926,NA,173.530262951851,40.77072593,-111.1074024,NA,-31.0353258885693
"329","SMMH",5703,"ABLA",3.6,18.3,0,0,"0",1,1,1,1,"BO","BO","BO","BO",NA,1,1,1,"0","0","0","0",0,0,0,1,"0","0",NA,NA,1,1,0,1,"0","0",NA,NA,0,0,0,0,"0","0",NA,NA,0,0,1,0,"0","0",NA,NA,0,0,0,1,"0","0",NA,NA,0,0,0,1,"0","0",NA,NA,NA,NA,NA,NA,1,2,3,4,NA,NA,NA,NA,1,1,1,1,0,"SMMH5703",NA,5703,NA,"Point",2331.649,NA,0.0954736959113379,1,1,1,1,"SMMH_5703_958","SMMH_5721_975",3.97865171203255,"SMMH_5708_963",3.92745170521647,"SMMH_5708_963",3.92745170521647,"SMMH_5700_955",2.9425871932156,NA,40.77070049,-111.1073926,40.77066883,-111.1073705,NA,152.045509258471,40.77067913,-111.1074297,NA,-127.136582302576,40.77067913,-111.1074297,NA,-127.136582302576,40.77072593,-111.1074024,NA,-16.3235128254375
"330","SMMH",5704,"ABLA",NA,5.9,0,0,"0",1,1,1,1,"0","0","0","BO",NA,1,1,1,"0","0","0","0",0,0,0,1,"0","0",NA,NA,0,0,0,0,"0","0",NA,NA,0,0,0,0,"0","0",NA,NA,0,0,0,0,"0","0",NA,NA,0,0,0,0,"0","0",NA,NA,0,0,0,0,"0","0",NA,NA,NA,NA,NA,NA,1,2,3,4,NA,NA,NA,NA,0,0,0,1,1,"SMMH5704",723,5704,NA,"Point",2331.649,NA,0.0954736959113379,0,0,0,1,"SMMH_5704_959","SMMH_5721_975",3.97865171203255,"SMMH_5708_963",3.92745170521647,"SMMH_5708_963",3.92745170521647,"SMMH_5700_955",2.9425871932156,NA,40.77070049,-111.1073926,40.77066883,-111.1073705,NA,152.045509258471,40.77067913,-111.1074297,NA,-127.136582302576,40.77067913,-111.1074297,NA,-127.136582302576,40.77072593,-111.1074024,NA,-16.3235128254375
"331","SMMH",5705,"ABLA",1.5,10.8,1,0,"0",1,1,1,1,NA,"0","0","BO",NA,NA,0,0,NA,"0","0","0",0,0,0,0,NA,"0",NA,NA,0,0,0,1,NA,"0",NA,NA,0,0,0,0,NA,"0",NA,NA,0,0,0,0,NA,"0",NA,NA,0,0,0,0,NA,"0",NA,NA,0,0,0,0,NA,"0",NA,NA,NA,NA,NA,NA,1,2,3,4,NA,NA,NA,NA,0,0,0,1,1,"SMMH5705",724,5705,NA,"Point",2333.297,NA,0.0941351013267105,0,0,0,1,"SMMH_5705_960","SMMH_5703_958",3.46098298269398,"SMMH_5708_963",1.96949468157749,"SMMH_5708_963",1.96949468157749,"SMMH_5708_963",1.96949468157749,NA,40.77069666,-111.1074333,40.77070049,-111.1073926,NA,82.9439068647092,40.77067913,-111.1074297,NA,171.126163106649,40.77067913,-111.1074297,NA,171.126163106649,40.77067913,-111.1074297,NA,171.126163106649
"332","SMMH",5706,"ABLA",2,10.4,0,0,"0",1,1,1,1,NA,"0","0","0",NA,NA,0,1,NA,"0","0","0",0,0,0,0,NA,"0",NA,NA,0,0,0,0,NA,"0",NA,NA,0,0,0,0,NA,"0",NA,NA,0,0,0,0,NA,"0",NA,NA,0,0,0,0,NA,"0",NA,NA,0,0,0,0,NA,"0",NA,NA,NA,NA,NA,NA,1,2,3,4,NA,NA,NA,NA,0,0,0,0,0,"SMMH5706",725,5706,NA,"Point",2332.292,NA,0.0937012669937904,0,0,0,0,"SMMH_5706_961","SMMH_5703_958",2.12247213085132,"SMMH_5708_963",1.8117116782256,"SMMH_5708_963",1.8117116782256,"SMMH_5708_963",1.8117116782256,NA,40.77068814,-111.1074118,40.77070049,-111.1073926,NA,49.766483644382,40.77067913,-111.1074297,NA,-123.507803439847,40.77067913,-111.1074297,NA,-123.507803439847,40.77067913,-111.1074297,NA,-123.507803439847
"333","SMMH",5707,"ABLA",NA,6.4,0,0,"0",1,1,1,1,NA,"0","0","0",NA,NA,1,1,NA,"0","0","0",0,0,0,0,NA,"0",NA,NA,0,0,0,0,NA,"0",NA,NA,0,0,0,0,NA,"0",NA,NA,0,0,0,0,NA,"0",NA,NA,0,0,0,0,NA,"0",NA,NA,0,0,0,0,NA,"0",NA,NA,NA,NA,NA,NA,1,2,3,4,NA,NA,NA,NA,0,0,0,0,0,"SMMH5707",726,5707,NA,"Point",2331.639,NA,0.0925067394275095,0,0,0,0,"SMMH_5707_962","SMMH_5703_958",3.66307435402074,"SMMH_5708_963",0.270599970584772,"SMMH_5708_963",0.270599970584772,"SMMH_5708_963",0.270599970584772,NA,40.77068017,-111.1074268,40.77070049,-111.1073926,NA,51.9918242304252,40.77067913,-111.1074297,NA,-115.253718533388,40.77067913,-111.1074297,NA,-115.253718533388,40.77067913,-111.1074297,NA,-115.253718533388
"334","SMMH",5708,"ABLA",11.4,62.9,10.6,0,"0",1,1,1,1,NA,"BO","BO","BO",NA,NA,0,0,NA,"0","0","0",0,0,0,0,NA,"0",NA,NA,0,0,0,0,NA,"0",NA,NA,0,0,0,0,NA,"0",NA,NA,0,2,2,2,NA,"1-1","1-5","1-8",0,0,0,1,NA,"0",NA,NA,0,0,0,1,NA,"0",NA,NA,NA,NA,NA,NA,1,2,3,4,NA,NA,NA,NA,0,1,1,1,1,"SMMH5708",727,5708,NA,"Point",2331.15,NA,0.0923307229335894,0,1,1,1,"SMMH_5708_963","SMMH_5703_958",3.92745170521647,"SMMH_5716_970",2.52467139758125,"SMMH_5703_958",3.92745170521647,"SMMH_5705_960",1.96949468157749,NA,40.77067913,-111.1074297,40.77070049,-111.1073926,NA,52.86339346989,40.77065872,-111.1074165,NA,153.81711691702,40.77070049,-111.1073926,NA,52.86339346989,40.77069666,-111.1074333,NA,-8.87383454243143
"335","SMMH",5709,"ABLA",3.2,17,2.3,0,"0",1,1,1,1,"0","0","0","0",NA,NA,0,0,"0","0","0","0",0,0,0,0,"0","0",NA,NA,0,0,0,0,"0","0",NA,NA,0,0,0,0,"0","0",NA,NA,0,0,0,0,"0","0",NA,NA,0,0,0,0,"0","0",NA,NA,0,0,0,0,"0","0",NA,NA,NA,NA,NA,NA,1,2,3,4,NA,NA,NA,NA,0,0,0,0,0,"SMMH5709",728,5709,NA,"Point",2331.743,NA,0.0949898818207831,0,0,0,0,"SMMH_5709_964","SMMH_5703_958",0.994953452071164,"SMMH_5703_958",0.994953452071164,"SMMH_5703_958",0.994953452071164,"SMMH_5703_958",0.994953452071164,NA,40.77069405,-111.1073844,40.77070049,-111.1073926,NA,-44.0692837875745,40.77070049,-111.1073926,NA,-44.0692837875745,40.77070049,-111.1073926,NA,-44.0692837875745,40.77070049,-111.1073926,NA,-44.0692837875745
"336","SMMH",5710,"ABLA",1.8,14.4,2.6,0,"0",1,1,1,1,"0","0","0","0",NA,NA,0,0,"0","0","0","0",0,0,0,0,"0","0",NA,NA,0,0,0,0,"0","0",NA,NA,0,0,0,0,"0","0",NA,NA,0,0,0,0,"0","0",NA,NA,0,0,0,0,"0","0",NA,NA,0,0,0,0,"0","0",NA,NA,NA,NA,NA,NA,1,2,3,4,NA,NA,NA,NA,0,0,0,0,0,"SMMH5710",729,5710,NA,"Point",2331.552,NA,0.0950225225201218,0,0,0,0,"SMMH_5710_965","SMMH_5703_958",1.01015048454556,"SMMH_5703_958",1.01015048454556,"SMMH_5703_958",1.01015048454556,"SMMH_5703_958",1.01015048454556,NA,40.77069424,-111.1073839,40.77070049,-111.1073926,NA,-46.621809607857,40.77070049,-111.1073926,NA,-46.621809607857,40.77070049,-111.1073926,NA,-46.621809607857,40.77070049,-111.1073926,NA,-46.621809607857
"337","SMMH",5711,"ABLA",2.7,15.8,0,0,"0",1,1,1,1,"0","0","0","0",NA,NA,0,0,"0","0","0","0",0,0,0,0,"0","0",NA,NA,0,0,0,0,"0","0",NA,NA,0,0,0,0,"0","0",NA,NA,0,0,0,0,"0","0",NA,NA,0,0,0,0,"0","0",NA,NA,0,0,0,0,"0","0",NA,NA,NA,NA,NA,NA,1,2,3,4,NA,NA,NA,NA,0,0,0,0,0,"SMMH5711",730,5711,NA,"Point",2332.337,NA,0.0938974322381751,0,0,0,0,"SMMH_5711_966","SMMH_5703_958",1.77953247706866,"SMMH_5703_958",1.77953247706866,"SMMH_5703_958",1.77953247706866,"SMMH_5703_958",1.77953247706866,NA,40.77068475,-111.1073886,40.77070049,-111.1073926,NA,-10.9350244639705,40.77070049,-111.1073926,NA,-10.9350244639705,40.77070049,-111.1073926,NA,-10.9350244639705,40.77070049,-111.1073926,NA,-10.9350244639705
"338","SMMH",5712,"ABLA",NA,3.9,0,0,"0",1,1,1,1,"0","0","0","0",1,1,0,0,"0","0","0","0",0,0,0,0,"0","0",NA,NA,0,0,0,0,"0","0",NA,NA,0,0,0,0,"0","0",NA,NA,0,0,0,0,"0","0",NA,NA,0,0,0,0,"0","0",NA,NA,0,0,0,0,"0","0",NA,NA,"1 Dead","1 Dead","1 Dead","1 Dead",1,2,3,4,NA,NA,NA,NA,0,0,0,0,0,"SMMH5712",731,5712,NA,"Point",2330.938,NA,0.0966276023962547,0,0,0,0,"SMMH_5712_967","SMMH_5703_958",1.74879959141426,"SMMH_5703_958",1.74879959141426,"SMMH_5703_958",1.74879959141426,"SMMH_5703_958",1.74879959141426,NA,40.77070695,-111.1073737,40.77070049,-111.1073926,NA,-114.207902505345,40.77070049,-111.1073926,NA,-114.207902505345,40.77070049,-111.1073926,NA,-114.207902505345,40.77070049,-111.1073926,NA,-114.207902505345
"339","SMMH",5714,"ABLA",NA,1.6,0,0,"0",1,1,1,1,"0","0","0","0",NA,NA,NA,NA,"0","0","0","0",0,0,0,0,"0","0",NA,NA,0,0,0,0,"0","0",NA,NA,0,0,0,0,"0","0",NA,NA,0,0,0,0,"0","0",NA,NA,0,0,0,0,"0","0",NA,NA,0,0,0,0,"0","0",NA,NA,NA,NA,"not found","not found",1,2,3,4,NA,NA,NA,NA,0,0,0,0,0,"SMMH5714",733,5714,NA,"Point",2330.85,NA,0.0974854967711848,0,0,0,0,"SMMH_5714_968","SMMH_5703_958",3.88828974854364,"SMMH_5703_958",3.88828974854364,"SMMH_5703_958",3.88828974854364,"SMMH_5703_958",3.88828974854364,NA,40.77070867,-111.1073478,40.77070049,-111.1073926,NA,-103.504820838468,40.77070049,-111.1073926,NA,-103.504820838468,40.77070049,-111.1073926,NA,-103.504820838468,40.77070049,-111.1073926,NA,-103.504820838468
"340","SMMH",5715,"ABLA",NA,2.7,0,0,"0",1,1,1,1,"0","0","0","0",1,NA,0,0,"0","0","0","0",0,0,0,0,"0","0",NA,NA,0,0,0,0,"0","0",NA,NA,0,0,0,0,"0","0",NA,NA,0,0,0,0,"0","0",NA,NA,0,0,0,0,"0","0",NA,NA,0,0,0,0,"0","0",NA,NA,NA,NA,NA,NA,1,2,3,4,NA,NA,NA,NA,0,0,0,0,0,"SMMH5715",734,5715,NA,"Point",2331.156,NA,0.0956430574685043,0,0,0,0,"SMMH_5715_969","SMMH_5721_975",3.15361540829316,"SMMH_5721_975",3.15361540829316,"SMMH_5721_975",3.15361540829316,"SMMH_5721_975",3.15361540829316,NA,40.77069098,-111.1073471,40.77066883,-111.1073705,NA,-141.229933735775,40.77066883,-111.1073705,NA,-141.229933735775,40.77066883,-111.1073705,NA,-141.229933735775,40.77066883,-111.1073705,NA,-141.229933735775
"341","SMMH",5716,"ABLA",8.8,56.6,6.9,0,"0",1,1,1,1,"0","BO","BO","0",1,1,0,1,"0","0","0","0",0,0,0,0,"0","0",NA,NA,0,1,0,0,"0","0",NA,NA,0,0,0,0,"0","0",NA,NA,0,0,0,0,"0","0",NA,NA,0,0,0,0,"0","0",NA,NA,0,0,0,0,"0","0",NA,NA,NA,NA,NA,NA,1,2,3,4,NA,NA,NA,NA,0,1,0,0,1,"SMMH5716",735,5716,NA,"Point",2332.425,NA,0.0904487955205779,0,1,0,0,"SMMH_5716_970","SMMH_5722_976",3.68103481209197,"SMMH_5708_963",2.52467139758125,"SMMH_5708_963",2.52467139758125,"SMMH_5708_963",2.52467139758125,NA,40.77065872,-111.1074165,40.77065126,-111.107374,NA,103.000719404142,40.77067913,-111.1074297,NA,-26.1828744629443,40.77067913,-111.1074297,NA,-26.1828744629443,40.77067913,-111.1074297,NA,-26.1828744629443
"342","SMMH",5717,"ABLA",NA,2.3,0,0,"0",1,1,1,1,"0","0","0","0",2,2,0,0,"0","0","0","0",0,0,0,0,"0","0",NA,NA,0,0,0,0,"0","0",NA,NA,0,0,0,0,"0","0",NA,NA,0,0,0,0,"0","0",NA,NA,0,0,0,0,"0","0",NA,NA,0,0,0,0,"0","0",NA,NA,"1 Dead","1 Dead","1 Dead","1 Dead",1,2,3,4,NA,NA,NA,NA,0,0,0,0,0,"SMMH5717",736,5717,NA,"Point",2331.809,NA,0.0904711762915798,0,0,0,0,"SMMH_5717_971","SMMH_5722_976",1.74526478824702,"SMMH_5722_976",1.74526478824702,"SMMH_5722_976",1.74526478824702,"SMMH_5722_976",1.74526478824702,NA,40.77065384,-111.1073944,40.77065126,-111.107374,NA,99.4447953824562,40.77065126,-111.107374,NA,99.4447953824562,40.77065126,-111.107374,NA,99.4447953824562,40.77065126,-111.107374,NA,99.4447953824562
"343","SMMH",5718,"ABLA",1.9,13.2,1.3,0,"0",1,1,1,1,"0","0","0","0",1,2,2,2,"0","0","0","0",0,0,0,0,"0","0",NA,NA,0,0,0,0,"0","0",NA,NA,0,0,0,0,"0","0",NA,NA,0,0,0,0,"0","0",NA,NA,0,0,0,0,"0","0",NA,NA,0,0,0,0,"0","0",NA,NA,NA,NA,NA,NA,1,2,3,4,NA,NA,NA,NA,0,0,0,0,0,"SMMH5718",737,5718,NA,"Point",2330.596,NA,0.0908101238036562,0,0,0,0,"SMMH_5718_972","SMMH_5722_976",0.706086663504663,"SMMH_5722_976",0.706086663504663,"SMMH_5722_976",0.706086663504663,"SMMH_5722_976",0.706086663504663,NA,40.77065392,-111.1073816,40.77065126,-111.107374,NA,114.719951087032,40.77065126,-111.107374,NA,114.719951087032,40.77065126,-111.107374,NA,114.719951087032,40.77065126,-111.107374,NA,114.719951087032
"344","SMMH",5719,"ABLA",NA,6.2,0,0,"0",1,1,1,1,"0","0","0","0",1,2,2,2,"0","0","0","0",0,0,0,0,"0","0",NA,NA,0,0,0,0,"0","0",NA,NA,0,0,0,0,"0","0",NA,NA,0,0,0,0,"0","0",NA,NA,0,0,0,0,"0","0",NA,NA,0,0,0,0,"0","0",NA,NA,NA,NA,NA,NA,1,2,3,4,NA,NA,NA,NA,0,0,0,0,0,"SMMH5719",738,5719,NA,"Point",2330.943,NA,0.0916379337962346,0,0,0,0,"SMMH_5719_973","SMMH_5722_976",1.00049694079904,"SMMH_5722_976",1.00049694079904,"SMMH_5722_976",1.00049694079904,"SMMH_5722_976",1.00049694079904,NA,40.77066021,-111.1073754,40.77065126,-111.107374,NA,173.218071892355,40.77065126,-111.107374,NA,173.218071892355,40.77065126,-111.107374,NA,173.218071892355,40.77065126,-111.107374,NA,173.218071892355
"345","SMMH",5720,"ABLA",1.5,11,1.4,0,"0",1,1,1,1,"0","0","0","0",1,1,0,0,"0","0","0","0",0,0,0,0,"0","0",NA,NA,0,0,0,0,"0","0",NA,NA,0,0,0,0,"0","0",NA,NA,0,0,0,0,"0","0",NA,NA,0,0,0,0,"0","0",NA,NA,0,0,0,0,"0","0",NA,NA,NA,NA,NA,NA,1,2,3,4,NA,NA,NA,NA,0,0,0,0,0,"SMMH5720",739,5720,NA,"Point",2332.213,NA,0.0922198213098078,0,0,0,0,"SMMH_5720_974","SMMH_5721_975",0.574739645509208,"SMMH_5721_975",0.574739645509208,"SMMH_5721_975",0.574739645509208,"SMMH_5721_975",0.574739645509208,NA,40.77066393,-111.1073683,40.77066883,-111.1073705,NA,-18.8468161765031,40.77066883,-111.1073705,NA,-18.8468161765031,40.77066883,-111.1073705,NA,-18.8468161765031,40.77066883,-111.1073705,NA,-18.8468161765031
"346","SMMH",5721,"ABLA",3.3,22,2.4,1,"0",1,1,1,1,"BO","BO","BO","BO",1,1,0,0,"0","0","0","0",0,1,1,1,"0","0",NA,NA,0,0,1,1,"0","0",NA,NA,0,0,0,0,"0","0",NA,NA,0,1,1,1,"0","0",NA,NA,1,1,1,1,"0","0",NA,NA,0,0,0,0,"0","0",NA,NA,NA,NA,NA,NA,1,2,3,4,NA,NA,NA,NA,1,1,1,1,0,"SMMH5721",740,5721,NA,"Point",2330.385,NA,0.0926776466557387,1,1,1,1,"SMMH_5721_975","SMMH_5722_976",1.97260055457986,"SMMH_5722_976",1.97260055457986,"SMMH_5722_976",1.97260055457986,"SMMH_5722_976",1.97260055457986,NA,40.77066883,-111.1073705,40.77065126,-111.107374,NA,-171.388245767652,40.77065126,-111.107374,NA,-171.388245767652,40.77065126,-111.107374,NA,-171.388245767652,40.77065126,-111.107374,NA,-171.388245767652
"347","SMMH",5722,"ABLA",2.8,19.8,2.5,0,"0",1,1,1,1,"BO","BO","BO","BO",2,2,1,1,"0","0","0","0",0,0,0,1,"0","0",NA,NA,0,0,0,0,"0","0",NA,NA,0,1,1,1,"0","0",NA,NA,0,0,0,0,"0","0",NA,NA,0,1,0,1,"0","0",NA,NA,1,1,1,1,"0","0",NA,NA,NA,NA,NA,NA,1,2,3,4,NA,NA,NA,NA,1,1,1,1,0,"SMMH5722",741,5722,NA,"Point",2331.131,NA,0.0907314638674866,1,1,1,1,"SMMH_5722_976","SMMH_5721_975",1.97260055457986,"SMMH_5727_982",1.08970869370816,"SMMH_5721_975",1.97260055457986,"SMMH_5727_982",1.08970869370816,NA,40.77065126,-111.107374,40.77066883,-111.1073705,NA,8.61175194673257,40.77065083,-111.1073611,NA,92.5105110671798,40.77066883,-111.1073705,NA,8.61175194673257,40.77065083,-111.1073611,NA,92.5105110671798
"348","SMMH",5723,"ABLA",2.1,14.3,2.5,0,"0",1,1,1,1,"0","0","0","0",1,1,1,2,"0","0","0","0",0,0,0,0,"0","0",NA,NA,0,0,0,0,"0","0",NA,NA,0,0,0,0,"0","0",NA,NA,0,0,0,0,"0","0",NA,NA,0,0,0,0,"0","0",NA,NA,0,0,0,0,"0","0",NA,NA,NA,NA,NA,NA,1,2,3,4,NA,NA,NA,NA,0,0,0,0,0,"SMMH5723",742,5723,NA,"Point",2330.823,NA,0.0920715537438277,0,0,0,0,"SMMH_5723_977","SMMH_5721_975",1.24374769400267,"SMMH_5727_982",1.0775766351306,"SMMH_5721_975",1.24374769400267,"SMMH_5727_982",1.0775766351306,NA,40.77066053,-111.1073606,40.77066883,-111.1073705,NA,-42.2021293406811,40.77065083,-111.1073611,NA,-177.755812217999,40.77066883,-111.1073705,NA,-42.2021293406811,40.77065083,-111.1073611,NA,-177.755812217999
"349","SMMH",5685,"ABLA",2.3,14.1,0,1,"0",1,1,1,1,"0","0","0","0",1,1,1,1,"0","0","0","0",0,0,0,0,"0","0",NA,NA,0,0,0,0,"0","0",NA,NA,0,0,0,0,"0","0",NA,NA,0,0,0,0,"0","0",NA,NA,0,0,0,0,"0","0",NA,NA,0,0,0,0,"0","0",NA,NA,NA,NA,NA,NA,1,2,3,4,NA,NA,NA,NA,0,0,0,0,0,"SMMH5685",4099,5685,NA,"Point",2329.45,-16.648,0.0935046844330991,0,0,0,0,"SMMH_5685_978","SMMH_5721_975",3.77941872013095,"SMMH_5728_983",3.21234666507677,"SMMH_5728_983",3.21234666507677,"SMMH_5651_911",2.80904096282203,NA,40.7706647701667,-111.107326035667,40.77066883,-111.1073705,NA,-83.1516724303778,40.77064397,-111.1073525,NA,-135.952696363738,40.77064397,-111.1073525,NA,-135.952696363738,40.77064186,-111.1073119,NA,154.869580373238
"350","SMMH",5724,"ABLA",NA,4.8,0,0,"0",1,1,1,1,"0","0","0","0",1,1,2,2,"0","0","0","0",0,0,0,0,"0","0",NA,NA,0,0,0,0,"0","0",NA,NA,0,0,0,0,"0","0",NA,NA,0,0,0,0,"0","0",NA,NA,0,0,0,0,"0","0",NA,NA,0,0,0,0,"0","0",NA,NA,NA,NA,NA,NA,1,2,3,4,NA,NA,NA,NA,0,0,0,0,0,"SMMH5724",743,5724,NA,"Point",2331.544,NA,0.0911224473674036,0,0,0,0,"SMMH_5724_979","SMMH_5722_976",0.941385658956944,"SMMH_5727_982",0.207243714404256,"SMMH_5722_976",0.941385658956944,"SMMH_5727_982",0.207243714404256,NA,40.7706521,-111.1073629,40.77065126,-111.107374,NA,-95.6844698552722,40.77065083,-111.1073611,NA,132.862815381477,40.77065126,-111.107374,NA,-95.6844698552722,40.77065083,-111.1073611,NA,132.862815381477
"351","SMMH",5725,"ABLA",1.3,10.1,1.9,0,"0",1,1,1,1,"0","0","0","0",1,1,1,1,"0","0","0","0",0,0,0,0,"0","0",NA,NA,0,0,0,0,"0","0",NA,NA,0,0,0,0,"0","0",NA,NA,0,0,0,0,"0","0",NA,NA,0,0,0,0,"0","0",NA,NA,0,0,0,0,"0","0",NA,NA,NA,NA,NA,NA,1,2,3,4,NA,NA,NA,NA,0,0,0,0,0,"SMMH5725",744,5725,NA,"Point",2331.689,NA,0.0916229532246779,0,0,0,0,"SMMH_5725_980","SMMH_5722_976",2.18520291501738,"SMMH_5728_983",1.058739416032,"SMMH_5728_983",1.058739416032,"SMMH_5727_982",1.1133406108344,NA,40.77065293,-111.1073482,40.77065126,-111.107374,NA,-94.866447946703,40.77064397,-111.1073525,NA,-159.955221377388,40.77064397,-111.1073525,NA,-159.955221377388,40.77065083,-111.1073611,NA,-102.085995903343
"352","SMMH",5726,"ABLA",1.1,8.2,2.6,0,"0",1,1,1,1,"0","0","0","0",NA,1,1,1,"0","0","0","0",0,0,0,0,"0","0",NA,NA,0,0,0,0,"0","0",NA,NA,0,0,0,0,"0","0",NA,NA,0,0,0,0,"0","0",NA,NA,0,0,0,0,"0","0",NA,NA,0,0,0,0,"0","0",NA,NA,NA,NA,NA,NA,1,2,3,4,NA,NA,NA,NA,0,0,0,0,0,"SMMH5726",745,5726,NA,"Point",2331.331,NA,0.0917296483317791,0,0,0,0,"SMMH_5726_981","SMMH_5722_976",2.74433960508905,"SMMH_5728_983",1.29469243308384,"SMMH_5728_983",1.29469243308384,"SMMH_5727_982",1.66008906518681,NA,40.7706521,-111.1073415,40.77065126,-111.107374,NA,-91.94710105447,40.77064397,-111.1073525,NA,-134.191209605934,40.77064397,-111.1073525,NA,-134.191209605934,40.77065083,-111.1073611,NA,-94.8714805961245
"353","SMMH",5727,"ABLA",2.5,18.1,3.3,0,"0",1,1,1,1,"0","BO","0","BO",1,1,1,1,"0","0","0","0",0,1,0,1,"0","0",NA,NA,0,0,0,0,"0","0",NA,NA,0,0,0,0,"0","0",NA,NA,0,1,0,1,"0","0",NA,NA,0,0,0,1,"0","0",NA,NA,0,0,0,0,"0","0",NA,NA,NA,NA,NA,NA,1,2,3,4,NA,NA,NA,NA,0,1,0,1,1,"SMMH5727",746,5727,NA,"Point",2330.103,NA,0.0910389921971797,0,1,0,1,"SMMH_5727_982","SMMH_5722_976",1.08970869370816,"SMMH_5728_983",1.05196246612168,"SMMH_5728_983",1.05196246612168,"SMMH_5722_976",1.08970869370816,NA,40.77065083,-111.1073611,40.77065126,-111.107374,NA,-87.4894805086977,40.77064397,-111.1073525,NA,136.375822770649,40.77064397,-111.1073525,NA,136.375822770649,40.77065126,-111.107374,NA,-87.4894805086977
"354","SMMH",5728,"ABLA",NA,6,0,0,"0",1,1,1,1,"0","BO","BO","0",2,1,2,2,"0","0","0","0",0,0,0,0,"0","0",NA,NA,0,1,1,0,"0","0",NA,NA,0,0,0,0,"0","0",NA,NA,0,0,0,0,"0","0",NA,NA,0,0,0,0,"0","0",NA,NA,0,0,0,0,"0","0",NA,NA,NA,NA,NA,NA,1,2,3,4,NA,NA,NA,NA,0,1,1,0,1,"SMMH5728",747,5728,NA,"Point",2330.781,NA,0.0905628846461191,0,1,1,0,"SMMH_5728_983","SMMH_5722_976",1.98671462170271,"SMMH_5727_982",1.05196246612168,"SMMH_5722_976",1.98671462170271,"SMMH_5727_982",1.05196246612168,NA,40.77064397,-111.1073525,40.77065126,-111.107374,NA,-65.9634295602124,40.77065083,-111.1073611,NA,-43.6241716132695,40.77065126,-111.107374,NA,-65.9634295602124,40.77065083,-111.1073611,NA,-43.6241716132695
"355","SMMH",5729,"ABLA",5.2,28.2,0,0,"0",1,1,1,1,"0","0","0","0",NA,NA,1,1,"0","0","0","0",0,0,0,0,"0","0",NA,NA,0,0,0,0,"0","0",NA,NA,0,0,0,0,"0","0",NA,NA,0,0,0,0,"0","0",NA,NA,0,0,0,0,"0","0",NA,NA,0,0,0,0,"0","0",NA,NA,NA,NA,NA,NA,1,2,3,4,NA,NA,NA,NA,0,0,0,0,0,"SMMH5729",748,5729,NA,"Point",2331.027,NA,0.0905857596739143,0,0,0,0,"SMMH_5729_984","SMMH_5722_976",3.14449189899712,"SMMH_5728_983",1.16056726043716,"SMMH_5728_983",1.16056726043716,"SMMH_5727_982",2.15000804372245,NA,40.77064056,-111.1073395,40.77065126,-111.107374,NA,-67.8071121780922,40.77064397,-111.1073525,NA,-70.9642837233324,40.77064397,-111.1073525,NA,-70.9642837233324,40.77065083,-111.1073611,NA,-57.9782319695554
"356","SMMH",5731,"ABLA",1.3,9.2,0,0,"0",1,1,1,1,"0","0","0","0",NA,1,1,1,"0","0","0","0",0,0,0,0,"0","0",NA,NA,0,0,0,0,"0","0",NA,NA,0,0,0,0,"0","0",NA,NA,0,0,0,0,"0","0",NA,NA,0,0,0,0,"0","0",NA,NA,0,0,0,0,"0","0",NA,NA,NA,NA,NA,NA,1,2,3,4,NA,NA,NA,NA,0,0,0,0,0,"SMMH5731",750,5731,NA,"Point",2330.394,NA,0.0877959766915999,0,0,0,0,"SMMH_5731_985","SMMH_5732_986",3.27274196497568,"SMMH_5728_983",2.77200723280374,"SMMH_5728_983",2.77200723280374,"SMMH_5727_982",3.43451031129123,NA,40.77061989,-111.1073612,40.77059445,-111.1073416,NA,149.64107836893,40.77064397,-111.1073525,NA,15.359077445728,40.77064397,-111.1073525,NA,15.359077445728,40.77065083,-111.1073611,NA,0.140786784500677
"357","SMMH",5732,"ABLA",1.8,11.9,1.1,0,"0",1,1,1,1,"BO","BO","BO","0",1,1,1,1,"0","0","0","0",1,1,1,0,"0","0",NA,NA,0,1,1,0,"0","0",NA,NA,0,0,0,0,"0","0",NA,NA,1,0,0,0,"0","0",NA,NA,0,0,0,0,"0","0",NA,NA,0,0,0,0,"0","0",NA,NA,NA,NA,NA,NA,1,2,3,4,NA,NA,NA,NA,1,1,1,0,0,"SMMH5732",751,5732,NA,"Point",2332.062,NA,0.0857398825307237,1,1,1,0,"SMMH_5732_986","SMMH_5733_987",0.659841054163029,"SMMH_5733_987",0.659841054163029,"SMMH_5733_987",0.659841054163029,"SMMH_5733_987",0.659841054163029,NA,40.77059445,-111.1073416,40.7705889,-111.1073444,NA,-159.015510090555,40.7705889,-111.1073444,NA,-159.015510090555,40.7705889,-111.1073444,NA,-159.015510090555,40.7705889,-111.1073444,NA,-159.015510090555
"358","SMMH",5733,"ABLA",2.2,16,1.1,0,"0",1,1,1,1,"BO","BO","BO","BO",NA,1,1,1,"0","0","0","0",0,1,1,1,"0","0",NA,NA,1,0,1,1,"0","0",NA,NA,0,0,0,0,"0","0",NA,NA,0,1,1,0,"0","0",NA,NA,0,0,0,0,"0","0",NA,NA,0,0,1,0,"0","0",NA,NA,NA,NA,NA,NA,1,2,3,4,NA,NA,NA,NA,1,1,1,1,0,"SMMH5733",752,5733,NA,"Point",2332.24,NA,0.0850793020107791,1,1,1,1,"SMMH_5733_987","SMMH_5732_986",0.659841054163029,"SMMH_5732_986",0.659841054163029,"SMMH_5732_986",0.659841054163029,"SMMH_5741_995",2.73762591548559,NA,40.7705889,-111.1073444,40.77059445,-111.1073416,NA,20.9844880809553,40.77059445,-111.1073416,NA,20.9844880809553,40.77059445,-111.1073416,NA,20.9844880809553,40.77057881,-111.107374,NA,-114.150121885513
"359","SMMH",5734,"ABLA",1.3,10,3.4,0,"0",1,1,1,1,"0","0","0","0",NA,1,1,1,"0","0","0","0",0,0,0,0,"0","0",NA,NA,0,0,0,0,"0","0",NA,NA,0,0,0,0,"0","0",NA,NA,0,0,0,0,"0","0",NA,NA,0,0,0,0,"0","0",NA,NA,0,0,0,0,"0","0",NA,NA,NA,NA,NA,NA,1,2,3,4,NA,NA,NA,NA,0,0,0,0,0,"SMMH5734",753,5734,NA,"Point",2331.584,NA,0.0852511073392822,0,0,0,0,"SMMH_5734_988","SMMH_5733_987",0.405082659050014,"SMMH_5733_987",0.405082659050014,"SMMH_5733_987",0.405082659050014,"SMMH_5733_987",0.405082659050014,NA,40.77059155,-111.1073477,40.7705889,-111.1073444,NA,136.567256118919,40.7705889,-111.1073444,NA,136.567256118919,40.7705889,-111.1073444,NA,136.567256118919,40.7705889,-111.1073444,NA,136.567256118919
"360","SMMH",5735,"ABLA",NA,4.9,0,0,"0",1,1,1,1,"0","0","0","0",1,NA,0,1,"0","0","0","0",0,0,0,0,"0","0",NA,NA,0,0,0,0,"0","0",NA,NA,0,0,0,0,"0","0",NA,NA,0,0,0,0,"0","0",NA,NA,0,0,0,0,"0","0",NA,NA,0,0,0,0,"0","0",NA,NA,NA,NA,NA,NA,1,2,3,4,NA,NA,NA,NA,0,0,0,0,0,"SMMH5735",754,5735,NA,"Point",2334.944,NA,0.0831516844946202,0,0,0,0,"SMMH_5735_989","SMMH_5733_987",2.44824029671976,"SMMH_5745_999",1.47518219586831,"SMMH_5744_998",0.704946726264363,"SMMH_5744_998",0.704946726264363,NA,40.7705677,-111.1073364,40.7705889,-111.1073444,NA,-16.0076414265054,40.7705548,-111.1073322,NA,166.097249930941,40.77056273,-111.1073416,NA,-141.499819245922,40.77056273,-111.1073416,NA,-141.499819245922
"361","SMMH",5736,"ABLA",1.2,8.8,0,0,"0",1,1,1,1,"0","BO","0","0",NA,1,1,1,"0","0","0","0",0,0,0,0,"0","0",NA,NA,0,0,0,0,"0","0",NA,NA,0,0,0,0,"0","0",NA,NA,0,0,0,0,"0","0",NA,NA,0,1,0,0,"0","0",NA,NA,0,0,0,0,"0","0",NA,NA,NA,NA,NA,NA,1,2,3,4,NA,NA,NA,NA,0,1,0,0,1,"SMMH5736",755,5736,NA,"Point",2333.658,NA,0.0833509520292822,0,1,0,0,"SMMH_5736_990","SMMH_5741_995",1.57673533333279,"SMMH_5741_995",1.57673533333279,"SMMH_5741_995",1.57673533333279,"SMMH_5741_995",1.57673533333279,NA,40.7705756,-111.1073558,40.77057881,-111.107374,NA,-76.9388870746766,40.77057881,-111.107374,NA,-76.9388870746766,40.77057881,-111.107374,NA,-76.9388870746766,40.77057881,-111.107374,NA,-76.9388870746766
"362","SMMH",5737,"ABLA",2,12.1,0,1,"0",1,1,1,1,"0","0","0","0",1,1,0,1,"0","0","0","0",0,0,0,0,"0","0",NA,NA,0,0,0,0,"0","0",NA,NA,0,0,0,0,"0","0",NA,NA,0,0,0,0,"0","0",NA,NA,0,0,0,0,"0","0",NA,NA,0,0,0,0,"0","0",NA,NA,NA,NA,NA,NA,1,2,3,4,NA,NA,NA,NA,0,0,0,0,0,"SMMH5737",756,5737,NA,"Point",2334.27,NA,0.0821223552268809,0,0,0,0,"SMMH_5737_991","SMMH_5741_995",1.56725722748552,"SMMH_5736_990",1.27757670828563,"SMMH_5741_995",1.56725722748552,"SMMH_5741_995",1.56725722748552,NA,40.77056646,-111.107365,40.77057881,-111.107374,NA,-28.9879468046699,40.7705756,-111.1073558,NA,37.4249748125415,40.77057881,-111.107374,NA,-28.9879468046699,40.77057881,-111.107374,NA,-28.9879468046699
"363","SMMH",5738,"ABLA",NA,5.2,0,0,"0",1,1,1,1,"0","0","0","0",1,1,0,1,"0","0","0","0",0,0,0,0,"0","0",NA,NA,0,0,0,0,"0","0",NA,NA,0,0,0,0,"0","0",NA,NA,0,0,0,0,"0","0",NA,NA,0,0,0,0,"0","0",NA,NA,0,0,0,0,"0","0",NA,NA,NA,NA,NA,NA,1,2,3,4,NA,NA,NA,NA,0,0,0,0,0,"SMMH5738",757,5738,NA,"Point",2332.163,NA,0.0845504948127432,0,0,0,0,"SMMH_5738_992","SMMH_5733_987",1.46843192701174,"SMMH_5733_987",1.46843192701174,"SMMH_5733_987",1.46843192701174,"SMMH_5733_987",1.46843192701174,NA,40.77058892,-111.1073618,40.7705889,-111.1073444,NA,90.0866191780654,40.7705889,-111.1073444,NA,90.0866191780654,40.7705889,-111.1073444,NA,90.0866191780654,40.7705889,-111.1073444,NA,90.0866191780654
"364","SMMH",5739,"ABLA",9.6,48.3,0,0,"0",1,1,1,1,"0","0","BO","0",1,1,1,1,"0","0","0","0",0,0,0,0,"0","0",NA,NA,0,0,0,0,"0","0",NA,NA,0,0,0,0,"0","0",NA,NA,0,0,0,0,"0","0",NA,NA,0,0,1,0,"0","0",NA,NA,0,0,0,0,"0","0",NA,NA,NA,NA,NA,NA,1,2,3,4,NA,NA,NA,NA,0,0,1,0,1,"SMMH5739",758,5739,NA,"Point",2333.874,NA,0.0825339411600342,0,0,1,0,"SMMH_5739_993","SMMH_5741_995",2.8145094217915,"SMMH_5741_995",2.8145094217915,"SMMH_5741_995",2.8145094217915,"SMMH_5741_995",2.8145094217915,NA,40.77058191,-111.1074071,40.77057881,-111.107374,NA,97.0228299557903,40.77057881,-111.107374,NA,97.0228299557903,40.77057881,-111.107374,NA,97.0228299557903,40.77057881,-111.107374,NA,97.0228299557903
"365","SMMH",5740,"ABLA",NA,2.5,0,0,"0",1,1,1,1,"0","0","0","0",1,1,0,0,"0","0","0","0",0,0,0,0,"0","0",NA,NA,0,0,0,0,"0","0",NA,NA,0,0,0,0,"0","0",NA,NA,0,0,0,0,"0","0",NA,NA,0,0,0,0,"0","0",NA,NA,0,0,0,0,"0","0",NA,NA,NA,NA,NA,NA,1,2,3,4,NA,NA,NA,NA,0,0,0,0,0,"SMMH5740",759,5740,NA,"Point",2333.741,NA,0.084111636914717,0,0,0,0,"SMMH_5740_994","SMMH_5741_995",3.46279027745225,"SMMH_5741_995",3.46279027745225,"SMMH_5739_993",1.66748984662148,"SMMH_5741_995",3.46279027745225,NA,40.77059693,-111.1074074,40.77057881,-111.107374,NA,125.511393828038,40.77057881,-111.107374,NA,125.511393828038,40.77058191,-111.1074071,NA,179.130035579911,40.77057881,-111.107374,NA,125.511393828038
"366","SMMH",5741,"ABLA",4,23.9,2.3,0,"0",1,1,1,1,"BO","BO","BO","BO",NA,1,1,1,"0","0","0","0",0,0,0,0,"0","0",NA,NA,0,0,1,1,"0","0",NA,NA,1,1,2,1,"0","0",NA,NA,0,0,0,0,"0","0",NA,NA,0,1,1,1,"0","0",NA,NA,0,0,1,0,"0","0",NA,NA,NA,NA,NA,NA,1,2,3,4,NA,NA,NA,NA,1,1,1,1,0,"SMMH5741",760,5741,NA,"Point",2334.495,NA,0.0831368499741748,1,1,1,1,"SMMH_5741_995","SMMH_5733_987",2.73762591548559,"SMMH_5736_990",1.57673533333279,"SMMH_5733_987",2.73762591548559,"SMMH_5733_987",2.73762591548559,NA,40.77057881,-111.107374,40.7705889,-111.1073444,NA,65.8498587847438,40.7705756,-111.1073558,NA,103.061101040145,40.7705889,-111.1073444,NA,65.8498587847438,40.7705889,-111.1073444,NA,65.8498587847438
"367","SMMH",5742,"ABLA",4.1,27.1,0,0,"0",1,1,1,1,"0","0","0","0",NA,NA,1,1,"0","0","0","0",0,0,0,0,"0","0",NA,NA,0,0,0,0,"0","0",NA,NA,0,0,0,0,"0","0",NA,NA,0,0,0,0,"0","0",NA,NA,0,0,0,0,"0","0",NA,NA,0,0,0,0,"0","0",NA,NA,NA,NA,NA,NA,1,2,3,4,NA,NA,NA,NA,0,0,0,0,0,"SMMH5742",761,5742,NA,"Point",2333.516,NA,0.082687520241161,0,0,0,0,"SMMH_5742_996","SMMH_5741_995",1.33094811662882,"SMMH_5736_990",0.728780159254465,"SMMH_5741_995",1.33094811662882,"SMMH_5741_995",1.33094811662882,NA,40.77057103,-111.107362,40.77057881,-111.107374,NA,-49.5430899238164,40.7705756,-111.1073558,NA,45.8861822491594,40.77057881,-111.107374,NA,-49.5430899238164,40.77057881,-111.107374,NA,-49.5430899238164
"368","SMMH",5743,"ABLA",2.9,17.2,0,1,"0",1,1,1,1,"0","BO","BO","0",NA,NA,0,0,"0","0","0","0",0,0,0,0,"0","0",NA,NA,0,0,0,0,"0","0",NA,NA,0,0,0,0,"0","0",NA,NA,0,0,0,0,"0","0",NA,NA,0,0,0,0,"0","1-1",NA,NA,0,0,0,0,"0","0",NA,NA,NA,NA,NA,NA,1,2,3,4,NA,NA,NA,NA,0,0,0,0,0,"SMMH5743",762,5743,NA,"Point",2336.218,NA,0.0817423571739206,0,0,0,0,"SMMH_5743_997","SMMH_5733_987",4.03696574245782,"SMMH_5745_999",0.254295864174424,"SMMH_5745_999",0.254295864174424,"SMMH_5745_999",0.254295864174424,NA,40.77055332,-111.1073345,40.7705889,-111.1073444,NA,-11.9441980070591,40.7705548,-111.1073322,NA,49.7556098569224,40.7705548,-111.1073322,NA,49.7556098569224,40.7705548,-111.1073322,NA,49.7556098569224
"369","SMMH",5744,"ABLA",4.3,29.2,0,0,"0",1,1,1,1,"0","0","BO","BO",NA,NA,0,0,"0","0","0","0",0,0,0,0,"0","0",NA,NA,0,0,0,1,"0","0",NA,NA,0,0,0,0,"0","0",NA,NA,0,0,0,0,"0","0",NA,NA,0,0,1,1,"0","0",NA,NA,0,0,0,0,"0","0",NA,NA,NA,NA,NA,NA,1,2,3,4,NA,NA,NA,NA,0,0,1,1,1,"SMMH5744",764,5744,NA,"Point",2332.609,NA,0.0824729700597372,0,0,1,1,"SMMH_5744_998","SMMH_5733_987",2.91459994183445,"SMMH_5745_999",1.18498373156065,"SMMH_5745_999",1.18498373156065,"SMMH_5746_1000",0.517863739485535,NA,40.77056273,-111.1073416,40.7705889,-111.1073444,NA,-4.65031862022439,40.7705548,-111.1073322,NA,137.975178159801,40.7705548,-111.1073322,NA,137.975178159801,40.77055827,-111.1073398,NA,162.942382222349
"370","SMMH",5745,"ABLA",2.9,19,0,0,"0",1,1,1,1,"0","BO","BO","BO",NA,NA,0,0,"0","0","0","0",0,0,0,1,"0","0",NA,NA,0,1,1,1,"0","0",NA,NA,0,0,0,1,"0","0",NA,NA,0,0,1,0,"0","0",NA,NA,0,0,1,0,"0","0",NA,NA,0,0,0,0,"0","0",NA,NA,NA,NA,NA,NA,1,2,3,4,NA,NA,NA,NA,0,1,1,1,1,"SMMH5745",763,5745,NA,"Point",2332.758,NA,0.0819701376515321,0,1,1,1,"SMMH_5745_999","SMMH_5733_987",3.92280133143911,"SMMH_5736_990",3.04922649183134,"SMMH_5744_998",1.18498373156065,"SMMH_5746_1000",0.748159552714675,NA,40.7705548,-111.1073322,40.7705889,-111.1073444,NA,-15.2162403198548,40.7705756,-111.1073558,NA,-40.7810632954987,40.77056273,-111.1073416,NA,-42.0248157017025,40.77055827,-111.1073398,NA,-59.012748066319
"371","SMMH",5746,"ABLA",NA,7.6,0,2,"0",1,1,1,1,"0","0","0","BO",1,NA,0,0,"0","0","0","0",0,0,0,1,"0","0",NA,NA,0,0,0,0,"0","0",NA,NA,0,0,0,0,"0","0",NA,NA,0,0,0,0,"0","0",NA,NA,0,0,0,0,"0","0",NA,NA,0,0,0,0,"0","0",NA,NA,NA,NA,NA,NA,1,2,3,4,NA,NA,NA,NA,0,0,0,1,1,"SMMH5746",765,5746,NA,"Point",2332.197,NA,0.0820740554130744,0,0,0,1,"SMMH_5746_1000","SMMH_5733_987",3.42217828222979,"SMMH_5745_999",0.748159552714675,"SMMH_5744_998",0.517863739485535,"SMMH_5744_998",0.517863739485535,NA,40.77055827,-111.1073398,40.7705889,-111.1073444,NA,-6.51355022248068,40.7705548,-111.1073322,NA,120.987246970641,40.77056273,-111.1073416,NA,-17.0576166021941,40.77056273,-111.1073416,NA,-17.0576166021941
"372","SMMH",5747,"ABLA",3.8,20,0,0,"0",1,1,1,1,"0","0","BO","BO",NA,1,1,1,"0","0","0","0",0,0,0,0,"0","0",NA,NA,0,0,1,1,"0","0",NA,NA,0,0,0,0,"0","0",NA,NA,0,0,0,1,"0","0",NA,NA,0,0,0,1,"0","0",NA,NA,0,0,0,1,"0","0",NA,NA,NA,NA,NA,NA,1,2,3,4,NA,NA,NA,NA,0,0,1,1,1,"SMMH5747",766,5747,NA,"Point",2331.007,NA,0.0829842124601704,0,0,1,1,"SMMH_5747_1001","SMMH_5733_987",3.89370907372833,"SMMH_5745_999",1.32644941532284,"SMMH_5745_999",1.32644941532284,"SMMH_5745_999",1.32644941532284,NA,40.77056008,-111.1073181,40.7705889,-111.1073444,NA,-34.7521906003161,40.7705548,-111.1073322,NA,-116.222725249015,40.7705548,-111.1073322,NA,-116.222725249015,40.7705548,-111.1073322,NA,-116.222725249015
"373","SMMH",5748,"ABLA",NA,4.1,0,0,"0",1,1,1,1,"0","0","0","0",NA,NA,0,0,"0","0","0","0",0,0,0,0,"0","0",NA,NA,0,0,0,0,"0","0",NA,NA,0,0,0,0,"0","0",NA,NA,0,0,0,0,"0","0",NA,NA,0,0,0,0,"0","0",NA,NA,0,0,0,0,"0","0",NA,NA,NA,NA,NA,NA,1,2,3,4,NA,NA,NA,NA,0,0,0,0,0,"SMMH5748",767,5748,NA,"Point",2328.389,NA,0.0820687013265842,0,0,0,0,"SMMH_5748_1002","SMMH_5733_987",5.24719525922581,"SMMH_5745_999",1.86998122483371,"SMMH_5747_1001",1.37144831135532,"SMMH_5747_1001",1.37144831135532,NA,40.77054879,-111.1073115,40.7705889,-111.1073444,NA,-31.9475436414705,40.7705548,-111.1073322,NA,-69.0984287878888,40.77056008,-111.1073181,NA,-23.9621739943615,40.77056008,-111.1073181,NA,-23.9621739943615
"374","SMMH",5694,"ABLA",NA,4.2,0,0,"0",1,1,1,1,"0","0","0","0",NA,NA,0,0,"0","0","0","0",0,0,0,0,"0","0",NA,NA,0,0,0,0,"0","0",NA,NA,0,0,0,0,"0","0",NA,NA,0,0,0,0,"0","0",NA,NA,0,0,0,0,"0","0",NA,NA,0,0,0,0,"0","0",NA,NA,NA,NA,NA,NA,1,2,3,4,NA,NA,NA,NA,0,0,0,0,0,"SMMH5694",842,5694,NA,"Point",2332.405,NA,0.0798543884796059,0,0,0,0,"SMMH_5694_1003","SMMH_5733_987",7.56143613082843,"SMMH_5745_999",3.71027108926177,"SMMH_5745_999",3.71027108926177,"SMMH_5745_999",3.71027108926177,NA,40.77052613,-111.1073096,40.7705889,-111.1073444,NA,-22.8549686543299,40.7705548,-111.1073322,NA,-30.934113494831,40.7705548,-111.1073322,NA,-30.934113494831,40.7705548,-111.1073322,NA,-30.934113494831
"375","SMMH",5749,"ABLA",NA,3.3,0,0,"0",1,1,1,1,"0","0","0","0",NA,1,0,0,"0","0","0","0",0,0,0,0,"0","0",NA,NA,0,0,0,0,"0","0",NA,NA,0,0,0,0,"0","0",NA,NA,0,0,0,0,"0","0",NA,NA,0,0,0,0,"0","0",NA,NA,0,0,0,0,"0","0",NA,NA,NA,NA,NA,NA,1,2,3,4,NA,NA,NA,NA,0,0,0,0,0,"SMMH5749",768,5749,NA,"Point",2330.438,NA,0.0822894153036508,0,0,0,0,"SMMH_5749_1004","SMMH_5733_987",6.85241259467305,"SMMH_5745_999",3.80250638351939,"SMMH_5747_1001",3.03494167999402,"SMMH_5747_1001",3.03494167999402,NA,40.77054321,-111.1072898,40.7705889,-111.1073444,NA,-42.2556263645281,40.7705548,-111.1073322,NA,-70.2240577391571,40.77056008,-111.1073181,NA,-51.9002478134628,40.77056008,-111.1073181,NA,-51.9002478134628
"376","SMMH",5750,"ABLA",3.2,18.7,0,0,"0",1,1,1,1,"0","0","0","BO",NA,NA,0,0,"0","0","0","0",0,0,0,0,"0","0",NA,NA,0,0,0,0,"0","0",NA,NA,0,0,0,0,"0","0",NA,NA,0,0,0,1,"0","0",NA,NA,0,0,0,0,"0","0",NA,NA,0,0,0,0,"0","0",NA,NA,NA,NA,NA,"bifurcated",1,2,3,4,NA,NA,NA,NA,0,0,0,1,1,"SMMH5750",769,5750,NA,"Point",2332.435,NA,0.079256740895534,0,0,0,1,"SMMH_5750_1005","SMMH_5741_995",5.06703469807567,"SMMH_5753_1008",1.51147292236495,"SMMH_5753_1008",1.51147292236495,"SMMH_5753_1008",1.51147292236495,NA,40.77053556,-111.1073548,40.77057881,-111.107374,NA,-18.6496292905971,40.770543,-111.1073698,NA,-56.8791719462659,40.770543,-111.1073698,NA,-56.8791719462659,40.770543,-111.1073698,NA,-56.8791719462659
"377","SMMH",5751,"ABLA",3.4,18.3,0,0,"0",1,1,1,1,"0","0","BO","BO",NA,NA,0,0,"0","0","0","0",0,0,0,1,"0","0",NA,NA,0,0,0,0,"0","0",NA,NA,0,0,1,0,"0","0",NA,NA,0,0,0,0,"0","0",NA,NA,0,0,0,0,"0","0",NA,NA,0,0,0,0,"0","0",NA,NA,NA,NA,NA,"bifurcated",1,2,3,4,NA,NA,NA,NA,0,0,1,1,1,"SMMH5751",770,5751,NA,"Point",2336.036,NA,0.0770493891768861,0,0,1,1,"SMMH_5751_1006","SMMH_5741_995",6.41031316202855,"SMMH_5753_1008",2.51205275226736,"SMMH_5753_1008",2.51205275226736,"SMMH_5750_1005",2.49139044609075,NA,40.77052112,-111.1073774,40.77057881,-111.107374,NA,2.56549737827169,40.770543,-111.1073698,NA,14.7926998591621,40.770543,-111.1073698,NA,14.7926998591621,40.77053556,-111.1073548,NA,49.9555556724665
"378","SMMH",5730,"ABLA",NA,2.9,0,0,"0",1,1,1,1,"0","0","0","0",NA,1,0,0,"0","0","0","0",0,0,0,0,"0","0",NA,NA,0,0,0,0,"0","0",NA,NA,0,0,0,0,"0","0",NA,NA,0,0,0,0,"0","0",NA,NA,0,0,0,0,"0","0",NA,NA,0,0,0,0,"0","0",NA,NA,NA,NA,NA,NA,1,2,3,4,NA,NA,NA,NA,0,0,0,0,0,"SMMH5730",841,5730,NA,"Point",2334.108,NA,0.0784532096017337,0,0,0,0,"SMMH_5730_1007","SMMH_5741_995",5.6239170925479,"SMMH_5753_1008",1.73826926595899,"SMMH_5753_1008",1.73826926595899,"SMMH_5750_1005",0.812026298866526,NA,40.77052931,-111.1073598,40.77057881,-111.107374,NA,-12.3032226826581,40.770543,-111.1073698,NA,-29.0450961772128,40.770543,-111.1073698,NA,-29.0450961772128,40.77053556,-111.1073548,NA,31.3082474930832
"379","SMMH",5753,"ABLA",7.4,34.4,0,0,"0",1,1,1,1,"0","BO","BO","BO",1,1,2,2,"0","0","0","0",0,0,1,1,"0","0",NA,NA,0,1,1,1,"0","0",NA,NA,0,0,0,1,"0","0",NA,NA,0,0,0,0,"0","0",NA,NA,0,0,1,1,"0","0",NA,NA,0,0,1,0,"0","0",NA,NA,NA,NA,NA,NA,1,2,3,4,NA,NA,NA,NA,0,1,1,1,1,"SMMH5753",772,5753,NA,"Point",2333.434,NA,0.0795463329894633,0,1,1,1,"SMMH_5753_1008","SMMH_5741_995",3.99086641969084,"SMMH_5745_999",3.43288360344628,"SMMH_5751_1006",2.51205275226736,"SMMH_5750_1005",1.51147292236495,NA,40.770543,-111.1073698,40.77057881,-111.107374,NA,-5.09543759656792,40.7705548,-111.1073322,NA,67.5694625482547,40.77052112,-111.1073774,NA,-165.207295177801,40.77053556,-111.1073548,NA,123.120818258265
"380","SMMH",5754,"ABLA",4.1,24.3,0,0,"0",1,1,1,1,"0","0","0","0",NA,1,1,1,"0","0","0","0",0,0,0,0,"0","0",NA,NA,0,0,0,0,"0","0",NA,NA,0,0,0,0,"0","0",NA,NA,0,0,0,0,"0","0",NA,NA,0,0,0,0,"0","0",NA,NA,0,0,0,0,"0","0",NA,NA,NA,NA,NA,NA,1,2,3,4,NA,NA,NA,NA,0,0,0,0,0,"SMMH5754",773,5754,NA,"Point",2327.647,NA,0.0779835995769792,0,0,0,0,"SMMH_5754_1009","SMMH_5757_1012",1.42187161822851,"SMMH_5757_1012",1.42187161822851,"SMMH_5757_1012",1.42187161822851,"SMMH_5757_1012",1.42187161822851,NA,40.77055727,-111.1074876,40.77054649,-111.1074785,NA,147.308606805404,40.77054649,-111.1074785,NA,147.308606805404,40.77054649,-111.1074785,NA,147.308606805404,40.77054649,-111.1074785,NA,147.308606805404
"381","SMMH",5755,"ABLA",2.5,8.7,0,0,"0",1,1,1,1,"0","BO","BO","BO",NA,NA,NA,NA,"0","0","0","0",0,0,1,2,"0","0",NA,NA,0,0,0,0,"0","0",NA,NA,0,0,0,0,"0","0",NA,NA,0,1,1,1,"0","0",NA,NA,0,0,0,0,"0","0",NA,NA,0,0,0,0,"0","0",NA,NA,"Broken top","Broken top","Broken top","Broken top",1,2,3,4,NA,NA,NA,NA,0,1,1,1,1,"SMMH5755",774,5755,NA,"Point",2328.504,NA,0.0773038229907337,0,1,1,1,"SMMH_5755_1010","SMMH_5757_1012",0.507605410304125,"SMMH_5757_1012",0.507605410304125,"SMMH_5757_1012",0.507605410304125,"SMMH_5757_1012",0.507605410304125,NA,40.77054795,-111.1074728,40.77054649,-111.1074785,NA,-108.619301764649,40.77054649,-111.1074785,NA,-108.619301764649,40.77054649,-111.1074785,NA,-108.619301764649,40.77054649,-111.1074785,NA,-108.619301764649
"382","SMMH",5756,"ABLA",4.3,26,0,1,"0",1,1,1,1,"BO","BO","BO","BO",2,2,2,2,"0","0","0","0",0,0,0,1,"0","0",NA,NA,1,0,0,1,"0","0",NA,NA,0,0,0,0,"0","0",NA,NA,0,1,0,1,"0","0",NA,NA,0,0,1,0,"0","0",NA,NA,0,0,0,0,"0","0",NA,NA,NA,NA,NA,NA,1,2,3,4,NA,NA,NA,NA,1,1,1,1,0,"SMMH5756",776,5756,NA,"Point",2337.705,NA,0.079242214153561,1,1,1,1,"SMMH_5756_1011","SMMH_5757_1012",3.3079315724609,"SMMH_5755_1010",2.8054247210428,"SMMH_5755_1010",2.8054247210428,"SMMH_5755_1010",2.8054247210428,NA,40.7705596,-111.1074433,40.77054649,-111.1074785,NA,-116.099777966365,40.77054795,-111.1074728,NA,-117.449560016741,40.77054795,-111.1074728,NA,-117.449560016741,40.77054795,-111.1074728,NA,-117.449560016741
"383","SMMH",5757,"ABLA",5.5,27.9,0,0,"0",1,1,1,1,"BO","BO","BO","BO",1,2,2,2,"0","0","0","0",2,2,2,2,"0","0","1-0","1-0",1,2,2,2,"0","0",NA,NA,1,1,1,2,"0","0",NA,NA,1,2,2,2,"0","0",NA,NA,2,2,2,2,"0","3-2","3-0","3-0",0,1,1,1,"0","0",NA,NA,NA,NA,NA,NA,1,2,3,4,NA,NA,NA,NA,1,1,1,1,0,"SMMH5757",777,5757,NA,"Point",2332.367,NA,0.0770203026210756,1,1,1,1,"SMMH_5757_1012","SMMH_5756_1011",3.3079315724609,"SMMH_5755_1010",0.507605410304125,"SMMH_5755_1010",0.507605410304125,"SMMH_5755_1010",0.507605410304125,NA,40.77054649,-111.1074785,40.7705596,-111.1074433,NA,63.900199046927,40.77054795,-111.1074728,NA,71.3806945130717,40.77054795,-111.1074728,NA,71.3806945130717,40.77054795,-111.1074728,NA,71.3806945130717
"384","SMMH",5758,"ABLA",2.2,16.9,2,0,"0",1,1,1,1,"0","0","0","0",2,2,2,2,"0","0","0","0",0,0,0,0,"0","0",NA,NA,0,0,0,0,"0","0",NA,NA,0,0,0,0,"0","0",NA,NA,0,0,0,0,"0","0",NA,NA,0,0,0,0,"0","0",NA,NA,0,0,0,0,"0","0",NA,NA,NA,NA,NA,NA,1,2,3,4,NA,NA,NA,NA,0,0,0,0,0,"SMMH5758",778,5758,NA,"Point",2333.71,NA,0.0764656516754664,0,0,0,0,"SMMH_5758_1013","SMMH_5757_1012",2.97559799817901,"SMMH_5757_1012",2.97559799817901,"SMMH_5759_1014",1.05841495513311,"SMMH_5759_1014",1.05841495513311,NA,40.77054804,-111.1075137,40.77054649,-111.1074785,NA,93.3148514833805,40.77054649,-111.1074785,NA,93.3148514833805,40.77055399,-111.1075235,NA,-51.3891032734271,40.77055399,-111.1075235,NA,-51.3891032734271
"385","SMMH",5759,"ABLA",9.8,57.1,5.2,1,"0",1,1,1,1,"0","0","BO","BO",1,1,NA,NA,"0","0","0","0",0,0,0,1,"0","0",NA,NA,0,0,1,1,"0","0",NA,NA,0,0,0,1,"0","0",NA,NA,0,0,1,0,"0","0",NA,NA,0,0,0,0,"0","0",NA,NA,0,0,0,0,"0","0",NA,NA,NA,"Split top","Split top","Split top",1,2,3,4,NA,NA,NA,NA,0,0,1,1,1,"SMMH5759",779,5759,NA,"Point",2334.199,NA,0.0769305165061085,0,0,1,1,"SMMH_5759_1014","SMMH_5757_1012",3.88785194869487,"SMMH_5757_1012",3.88785194869487,"SMMH_5757_1012",3.88785194869487,"SMMH_5760_1015",2.6117300529859,NA,40.77055399,-111.1075235,40.77054649,-111.1074785,NA,102.364974891152,40.77054649,-111.1074785,NA,102.364974891152,40.77054649,-111.1074785,NA,102.364974891152,40.77057696,-111.1075302,NA,-12.5033323340835
"386","SMMH",5760,"ABLA",13.9,49.6,11.6,1,"0",1,1,1,1,"0","0","0","BO",NA,2,1,1,"0","0","0","0",0,0,0,1,"0","0",NA,NA,0,0,0,0,"0","0",NA,NA,0,0,0,0,"0","0",NA,NA,0,0,0,0,"0","0",NA,NA,0,0,0,0,"0","0",NA,NA,0,0,0,0,"0","0",NA,NA,NA,"Split top","Split top / obstructed by fallen tree","Split top / obstructed by fallen tree",1,2,3,4,NA,NA,NA,NA,0,0,0,1,1,"SMMH5760",780,5760,NA,"Point",2329.985,NA,0.0793135351754061,0,0,0,1,"SMMH_5760_1015","SMMH_5757_1012",5.52057499025839,"SMMH_5757_1012",5.52057499025839,"SMMH_5761_1016",1.51912033635648,"SMMH_5759_1014",2.6117300529859,NA,40.77057696,-111.1075302,40.77054649,-111.1074785,NA,127.783279149101,40.77054649,-111.1074785,NA,127.783279149101,40.77059023,-111.1075258,NA,14.1484854836294,40.77055399,-111.1075235,NA,167.496663290605
"387","SMMH",5761,"ABLA",9.3,46.7,17.5,0,"0",1,1,1,1,"0","0","0","0",NA,NA,NA,NA,"0","0","0","0",0,0,0,0,"0","0",NA,NA,0,0,1,0,"0","0",NA,NA,0,0,0,0,"0","0",NA,NA,0,0,0,0,"0","0",NA,NA,0,0,1,0,"0","0",NA,NA,0,0,0,0,"0","0",NA,NA,NA,NA,NA,NA,1,2,3,4,NA,NA,NA,NA,0,0,1,0,1,"SMMH5761",781,5761,NA,"Point",2332.002,NA,0.080833372891545,0,0,1,0,"SMMH_5761_1016","SMMH_5757_1012",6.28560225247075,"SMMH_5757_1012",6.28560225247075,"SMMH_5759_1014",4.02750735684086,"SMMH_5760_1015",1.51912033635648,NA,40.77059023,-111.1075258,40.77054649,-111.1074785,NA,140.575149097626,40.77054649,-111.1074785,NA,140.575149097626,40.77055399,-111.1075235,NA,177.237599174123,40.77057696,-111.1075302,NA,-165.85151164303
"388","SMMH",5763,"ABLA",9.7,62.3,30.6,0,"0",1,1,1,1,"0","0","0","0",NA,NA,NA,NA,"0","0","0","0",0,0,0,0,"0","0",NA,NA,0,0,0,0,"0","0",NA,NA,0,0,0,0,"0","0",NA,NA,0,0,0,0,"0","0",NA,NA,0,0,0,0,"0","0",NA,NA,0,0,0,0,"0","0",NA,NA,NA,NA,NA,"bifurcated",1,2,3,4,NA,NA,NA,NA,0,0,0,0,0,"SMMH5763",783,5763,NA,"Point",2329.67,NA,0.0833465560364286,0,0,0,0,"SMMH_5763_1017","SMMH_5756_1011",5.16907104103789,"SMMH_5756_1011",5.16907104103789,"SMMH_5772_1022",4.3177756839073,"SMMH_5764_1018",2.3541058814655,NA,40.77060285,-111.107466,40.7705596,-111.1074433,NA,158.246731811134,40.7705596,-111.1074433,NA,158.246731811134,40.77062642,-111.1075067,NA,-52.7021575691105,40.77058425,-111.1074526,NA,151.289921630911
"389","SMMH",5764,"ABLA",11.2,54.7,6.4,1,"0",1,1,1,1,"0","0","0","0",1,1,2,2,"0","0","0","0",0,0,0,0,"0","0",NA,NA,0,0,0,0,"0","0",NA,NA,0,0,0,0,"0","0",NA,NA,0,0,0,0,"0","0",NA,NA,0,0,0,1,"0","0",NA,NA,0,0,0,0,"0","0",NA,NA,NA,NA,NA,"bifurcated",1,2,3,4,NA,NA,NA,NA,0,0,0,1,1,"SMMH5764",784,5764,NA,"Point",2331.249,NA,0.0816498433469947,0,0,0,1,"SMMH_5764_1018","SMMH_5756_1011",2.84661287878173,"SMMH_5756_1011",2.84661287878173,"SMMH_5756_1011",2.84661287878173,"SMMH_5756_1011",2.84661287878173,NA,40.77058425,-111.1074526,40.7705596,-111.1074433,NA,163.995432147101,40.7705596,-111.1074433,NA,163.995432147101,40.7705596,-111.1074433,NA,163.995432147101,40.7705596,-111.1074433,NA,163.995432147101
"390","SMMH",5765,"ABLA",6.8,42.3,27.7,0,"0",1,1,1,1,"0","0","0","0",NA,NA,NA,NA,"0","0","0","0",0,0,0,0,"0","0",NA,NA,0,0,0,0,"0","0",NA,NA,0,0,0,0,"0","0",NA,NA,0,0,0,0,"0","0",NA,NA,0,0,0,0,"0","0",NA,NA,0,0,0,0,"0","0",NA,NA,NA,NA,NA,NA,1,2,3,4,NA,NA,NA,NA,0,0,0,0,0,"SMMH5765",785,5765,NA,"Point",2331.536,NA,0.0819021220409626,0,0,0,0,"SMMH_5765_1019","SMMH_5756_1011",3.50999554822604,"SMMH_5756_1011",3.50999554822604,"SMMH_5756_1011",3.50999554822604,"SMMH_5764_1018",0.819387727765355,NA,40.77058832,-111.1074607,40.7705596,-111.1074433,NA,155.269104160356,40.7705596,-111.1074433,NA,155.269104160356,40.7705596,-111.1074433,NA,155.269104160356,40.77058425,-111.1074526,NA,123.461486885566
"391","SMMH",5766,"ABLA",NA,6.4,0,0,"0",1,1,1,1,"0","0","0","0",NA,NA,1,1,"0","0","0","0",0,0,0,0,"0","0",NA,NA,0,0,0,0,"0","0",NA,NA,0,0,0,0,"0","0",NA,NA,0,0,0,0,"0","0",NA,NA,0,0,0,0,"0","0",NA,NA,0,0,0,0,"0","0",NA,NA,NA,NA,NA,NA,1,2,3,4,NA,NA,NA,NA,0,0,0,0,0,"SMMH5766",786,5766,NA,"Point",2331.327,NA,0.0826007046663954,0,0,0,0,"SMMH_5766_1020","SMMH_5756_1011",3.65836433303684,"SMMH_5756_1011",3.65836433303684,"SMMH_5756_1011",3.65836433303684,"SMMH_5764_1018",0.952277861932082,NA,40.7705923,-111.1074487,40.7705596,-111.1074433,NA,172.84411512131,40.7705596,-111.1074433,NA,172.84411512131,40.7705596,-111.1074433,NA,172.84411512131,40.77058425,-111.1074526,NA,-159.780053303877
"392","SMMH",5771,"ABLA",7.4,46.4,11.8,0,"0",1,1,1,1,"0","0","0","0",1,1,NA,NA,"0","0","0","0",0,0,0,0,"0","0",NA,NA,0,0,0,0,"0","0",NA,NA,0,0,0,0,"0","0",NA,NA,0,0,0,0,"0","0",NA,NA,0,0,0,0,"0","0",NA,NA,0,0,0,0,"0","0",NA,NA,NA,NA,NA,NA,1,2,3,4,NA,NA,NA,NA,0,0,0,0,0,"SMMH5771",793,5771,NA,"Point",2340.718,NA,0.084346149238313,0,0,0,0,"SMMH_5771_1021","SMMH_5756_1011",6.42483384135704,"SMMH_5756_1011",6.42483384135704,"SMMH_5772_1022",3.28718104312696,"SMMH_5774_1024",2.37161735305411,NA,40.77061327,-111.1074718,40.7705596,-111.1074433,NA,158.015355426772,40.7705596,-111.1074433,NA,158.015355426772,40.77062642,-111.1075067,NA,-63.6365345388905,40.77063386,-111.1074793,NA,-15.4788533249987
"393","SMMH",5772,"ABLA",9.1,55.8,21.9,0,"0",1,1,1,1,"0","0","BO","BO",NA,NA,0,0,"0","0","0","0",0,0,1,0,"0","0",NA,NA,0,0,0,0,"0","0",NA,NA,0,0,0,0,"0","0",NA,NA,0,0,0,1,"0","0",NA,NA,0,0,0,1,"0","0",NA,NA,0,0,0,0,"0","0",NA,NA,NA,NA,NA,NA,1,2,3,4,NA,NA,NA,NA,0,0,1,1,1,"SMMH5772",794,5772,NA,"Point",2332.325,NA,0.0851015685611269,0,0,1,1,"SMMH_5772_1022","SMMH_5756_1011",9.14576511375308,"SMMH_5716_970",8.41434381100471,"SMMH_5761_1016",4.3285941592576,"SMMH_5774_1024",2.45541390479505,NA,40.77062642,-111.1075067,40.7705596,-111.1074433,NA,144.19533376337,40.77065872,-111.1074165,NA,64.7787946080262,40.77059023,-111.1075258,NA,-158.137303628266,40.77063386,-111.1074793,NA,70.3453395198312
"394","SMMH",5773,"ABLA",11.1,65.4,0.7,0,"0",1,1,1,1,"0","0","0","0",NA,NA,0,0,"0","0","0","0",0,0,0,0,"0","0",NA,NA,0,0,0,0,"0","0",NA,NA,0,0,0,0,"0","0",NA,NA,0,0,0,0,"0","0",NA,NA,0,0,0,0,"0","0",NA,NA,0,0,0,0,"0","0",NA,NA,NA,NA,NA,NA,1,2,3,4,NA,NA,NA,NA,0,0,0,0,0,"SMMH5773",795,5773,NA,"Point",2335.605,NA,0.0869041464899465,0,0,0,0,"SMMH_5773_1023","SMMH_5756_1011",10.2534876062933,"SMMH_5708_963",7.16525182787433,"SMMH_5772_1022",1.82251788077285,"SMMH_5772_1022",1.82251788077285,NA,40.77064173,-111.1074989,40.7705596,-111.1074433,NA,152.766196894847,40.77067913,-111.1074297,NA,54.5911687261498,40.77062642,-111.1075067,NA,-158.827168089748,40.77062642,-111.1075067,NA,-158.827168089748
"395","SMMH",5774,"ABLA",4.6,26.7,15.2,0,"0",1,1,1,1,"0","0","0","BO",NA,NA,NA,NA,"0","0","0","0",0,0,0,0,"0","0",NA,NA,0,0,0,0,"0","0",NA,NA,0,0,0,0,"0","0",NA,NA,0,0,0,1,"0","0",NA,NA,0,0,0,0,"0","0",NA,NA,0,0,0,0,"0","0",NA,NA,NA,NA,NA,NA,1,2,3,4,NA,NA,NA,NA,0,0,0,1,1,"SMMH5774",798,5774,NA,"Point",2332.887,NA,0.0864181460443788,0,0,0,1,"SMMH_5774_1024","SMMH_5756_1011",8.78528942679452,"SMMH_5716_970",5.97525804277077,"SMMH_5772_1022",2.45541390479505,"SMMH_5772_1022",2.45541390479505,NA,40.77063386,-111.1074793,40.7705596,-111.1074433,NA,159.768111846219,40.77065872,-111.1074165,NA,62.4943427869202,40.77062642,-111.1075067,NA,-109.654642587079,40.77062642,-111.1075067,NA,-109.654642587079
"396","SMMH",5777,"ABLA",8.2,55.9,30.2,0,"0",1,1,1,1,"0","0","0","0",NA,NA,0,0,"0","0","0","0",0,0,0,0,"0","0",NA,NA,0,0,0,0,"0","0",NA,NA,0,0,0,0,"0","0",NA,NA,0,0,0,0,"0","0",NA,NA,0,0,0,0,"0","0",NA,NA,0,0,0,0,"0","0",NA,NA,NA,NA,NA,NA,1,2,3,4,NA,NA,NA,NA,0,0,0,0,0,"SMMH5777",802,5777,NA,"Point",2330.519,NA,0.0891103768290858,0,0,0,0,"SMMH_5777_1025","SMMH_5703_958",8.14582165007556,"SMMH_5708_963",4.21940422770048,"SMMH_5708_963",4.21940422770048,"SMMH_5787_1031",1.47085981413704,NA,40.77065716,-111.1074705,40.77070049,-111.1073926,NA,53.8096874624822,40.77067913,-111.1074297,NA,54.6905241454672,40.77067913,-111.1074297,NA,54.6905241454672,40.7706593,-111.1074533,NA,80.7057377222907
"397","SMMH",5778,"ABLA",6.7,57.1,35.2,0,"0",1,1,1,1,"0","0","0","0",NA,NA,0,0,"0","0","0","0",0,0,0,0,"0","0",NA,NA,0,0,0,0,"0","0",NA,NA,0,0,0,0,"0","0",NA,NA,0,0,0,0,"0","0",NA,NA,0,0,0,0,"0","0",NA,NA,0,0,0,0,"0","0",NA,NA,NA,NA,NA,NA,1,2,3,4,NA,NA,NA,NA,0,0,0,0,0,"SMMH5778",804,5778,NA,"Point",2332.379,NA,0.0893530437665952,0,0,0,0,"SMMH_5778_1026","SMMH_5722_976",7.2386482320816,"SMMH_5708_963",3.48323495500118,"SMMH_5708_963",3.48323495500118,"SMMH_5787_1031",0.558882458690199,NA,40.77065734,-111.1074594,40.77065126,-111.107374,NA,95.3498416710474,40.77067913,-111.1074297,NA,46.0195532217854,40.77067913,-111.1074297,NA,46.0195532217854,40.7706593,-111.1074533,NA,67.0893601268806
"398","SMMH",5779,"ABLA",6.1,60,25,0,"0",1,1,1,1,"0","0","0","BO",NA,NA,0,0,"0","0","0","0",0,0,0,0,"0","0",NA,NA,0,0,0,1,"0","0",NA,NA,0,0,0,0,"0","0",NA,NA,0,0,0,0,"0","0",NA,NA,0,0,0,0,"0","0",NA,NA,0,0,0,0,"0","0",NA,NA,NA,NA,NA,NA,1,2,3,4,NA,NA,NA,NA,0,0,0,1,1,"SMMH5779",805,5779,NA,"Point",2333.547,NA,0.0882855571017713,0,0,0,1,"SMMH_5779_1027","SMMH_5722_976",6.05378229555003,"SMMH_5716_970",2.88377509817268,"SMMH_5708_963",4.04796504975981,"SMMH_5787_1031",1.76712552067367,NA,40.77064462,-111.1074452,40.77065126,-111.107374,NA,83.0066148080868,40.77065872,-111.1074165,NA,57.1288567055544,40.77067913,-111.1074297,NA,18.8532728285595,40.7706593,-111.1074533,NA,-22.7574562404239
"399","SMMH",5783,"ABLA",4.3,31,4.1,0,"0",1,1,1,1,"0","0","0","0",3,3,2,2,"0","0","0","0",0,0,0,0,"0","0",NA,NA,0,0,0,0,"0","0",NA,NA,0,0,0,0,"0","0",NA,NA,0,0,0,0,"0","0",NA,NA,0,0,0,0,"0","0",NA,NA,0,0,0,0,"0","0",NA,NA,NA,NA,NA,NA,1,2,3,4,NA,NA,NA,NA,0,0,0,0,0,"SMMH5783",810,5783,NA,"Point",2333.345,NA,0.0874597567759364,0,0,0,0,"SMMH_5783_1028","SMMH_5722_976",5.23702601594384,"SMMH_5716_970",3.02362023680027,"SMMH_5708_963",5.00281291937221,"SMMH_5779_1027",1.62638661255566,NA,40.77063409,-111.1074318,40.77065126,-111.107374,NA,68.6576707342119,40.77065872,-111.1074165,NA,25.2798105929464,40.77067913,-111.1074297,NA,2.03012149026789,40.77064462,-111.1074452,NA,-44.0527223430318
"400","SMMH",5784,"ABLA",9.1,43.5,1.2,0,"0",1,1,NA,NA,"0","0",NA,NA,2,1,NA,NA,"0","0",NA,NA,0,0,NA,NA,"0","0",NA,NA,0,0,NA,NA,"0","0",NA,NA,0,0,NA,NA,"0","0",NA,NA,0,0,NA,NA,"0","0",NA,NA,0,0,NA,NA,"0","0",NA,NA,0,0,NA,NA,"0","0",NA,NA,"Rot in area","Rot in area",NA,NA,1,2,NA,NA,NA,NA,NA,NA,0,0,NA,NA,NA,"SMMH5784",811,5784,NA,"Point",2335.131,NA,0.088418574330503,0,0,NA,NA,"SMMH_5784_1029","SMMH_5722_976",4.36798968189805,"SMMH_5716_970",2.02887677909358,"SMMH_5708_963",4.21701071255721,"SMMH_5779_1027",1.81663936326525,NA,40.77064138,-111.1074241,40.77065126,-111.107374,NA,75.4583334849424,40.77065872,-111.1074165,NA,18.428861002666,40.77067913,-111.1074297,NA,-6.43461766726276,40.77064462,-111.1074452,NA,-78.5811819900115
"401","SMMH",5785,"ABLA",NA,3.9,NA,0,"0",1,1,1,1,"0","0","0","0",1,1,0,0,"0","0","0","0",0,0,0,0,"0","0",NA,NA,0,0,0,0,"0","0",NA,NA,0,0,0,0,"0","0",NA,NA,0,0,0,0,"0","0",NA,NA,0,0,0,0,"0","0",NA,NA,0,0,0,0,"0","0",NA,NA,NA,NA,NA,NA,1,2,3,4,NA,NA,NA,NA,0,0,0,0,0,"SMMH5785",840,5785,NA,"Point",2332.568,NA,0.0907308078784589,0,0,0,0,"SMMH_5785_1030","SMMH_5722_976",4.70531206079143,"SMMH_5716_970",1.06598043680617,"SMMH_5708_963",1.72474361632864,"SMMH_5708_963",1.72474361632864,NA,40.7706637,-111.1074273,40.77065126,-111.107374,NA,107.066260559168,40.77065872,-111.1074165,NA,121.237649552355,40.77067913,-111.1074297,NA,-6.74397717733141,40.77067913,-111.1074297,NA,-6.74397717733141
"402","SMMH",5787,"ABLA",8.4,52.6,NA,0,"0",1,1,1,1,"0","0","0","BO",NA,NA,0,0,"0","0","0","0",0,0,0,0,"0","0",NA,NA,0,0,0,0,"0","0",NA,NA,0,0,0,0,"0","0",NA,NA,0,0,0,1,"0","0",NA,NA,0,0,0,1,"0","0",NA,NA,0,0,0,0,"0","0",NA,NA,NA,NA,NA,NA,1,2,3,4,NA,NA,NA,NA,0,0,0,1,1,"SMMH5787",814,5787,NA,"Point",2333.887,NA,0.0896907151740262,0,0,0,1,"SMMH_5787_1031","SMMH_5722_976",6.75156998706165,"SMMH_5708_963",2.96852499670215,"SMMH_5708_963",2.96852499670215,"SMMH_5779_1027",1.76712552067367,NA,40.7706593,-111.1074533,40.77065126,-111.107374,NA,97.5960640059614,40.77067913,-111.1074297,NA,42.1385930610151,40.77067913,-111.1074297,NA,42.1385930610151,40.77064462,-111.1074452,NA,157.242538470011
"403","SMMH",5788,"ABLA",NA,2,0,0,"0",1,1,1,1,"0","0","0","0",2,2,1,1,"0","0","0","0",0,0,0,0,"0","0",NA,NA,0,0,0,0,"0","0",NA,NA,0,0,0,0,"0","0",NA,NA,0,0,0,0,"0","0",NA,NA,0,0,0,0,"0","0",NA,NA,0,0,0,0,"0","0",NA,NA,NA,NA,NA,NA,1,2,3,4,NA,NA,NA,NA,0,0,0,0,0,"SMMH5788",815,5788,NA,"Point",2336.281,NA,0.0938468466937236,0,0,0,0,"SMMH_5788_1032","SMMH_5703_958",4.52870349585094,"SMMH_5708_963",2.36494452934196,"SMMH_5708_963",2.36494452934196,"SMMH_5705_960",1.07201348202503,NA,40.77069646,-111.107446,40.77070049,-111.1073926,NA,84.3309907574641,40.77067913,-111.1074297,NA,144.432528799723,40.77067913,-111.1074297,NA,144.432528799723,40.77069666,-111.1074333,NA,88.8133349678697
"404","SMMH",5789,"ABLA",2.5,18.2,NA,0,"0",1,1,1,1,"0","0","0","0",NA,NA,1,1,"0","0","0","0",0,0,0,0,"0","0",NA,NA,0,0,0,0,"0","0",NA,NA,0,0,0,0,"0","0",NA,NA,0,0,0,0,"0","0",NA,NA,0,0,0,0,"0","0",NA,NA,0,0,0,0,"0","0",NA,NA,NA,NA,NA,NA,1,2,3,4,NA,NA,NA,NA,0,0,0,0,0,"SMMH5789",817,5789,NA,"Point",2333.883,NA,0.0971495490676814,0,0,0,0,"SMMH_5789_1033","SMMH_5703_958",6.23311519165494,"SMMH_5708_963",5.96440908533506,"SMMH_5708_963",5.96440908533506,"SMMH_5705_960",4.07226984645132,NA,40.77072891,-111.1074563,40.77070049,-111.1073926,NA,120.406376199348,40.77067913,-111.1074297,NA,157.890842657913,40.77067913,-111.1074297,NA,157.890842657913,40.77069666,-111.1074333,NA,151.533517292012
"405","SMMH",5790,"ABLA",NA,2.6,NA,0,"0",1,1,1,1,"0","0","0","0",NA,NA,0,0,"0","0","0","0",0,0,0,0,"0","0",NA,NA,0,0,0,0,"0","0",NA,NA,0,0,0,0,"0","0",NA,NA,0,0,0,0,"0","0",NA,NA,0,0,0,0,"0","0",NA,NA,0,0,0,0,"0","0",NA,NA,NA,NA,NA,NA,1,2,3,4,NA,NA,NA,NA,0,0,0,0,0,"SMMH5790",818,5790,NA,"Point",2334.498,NA,0.0987478379967502,0,0,0,0,"SMMH_5790_1034","SMMH_5792_1036",6.22940190718271,"SMMH_5794_1038",7.04288361937093,"SMMH_5794_1038",7.04288361937093,"SMMH_5792_1036",6.22940190718271,NA,40.77074659,-111.1074738,40.7707995,-111.1074492,NA,19.4671497454111,40.77081002,-111.1074719,NA,1.30456547998387,40.77081002,-111.1074719,NA,1.30456547998387,40.7707995,-111.1074492,NA,19.4671497454111
"406","SMMH",5791,"ABLA",NA,6.3,0,0,"0",1,1,1,1,"0","0","0","0",NA,NA,0,0,"0","0","0","0",0,0,0,0,"0","0",NA,NA,0,0,0,0,"0","0",NA,NA,0,0,0,0,"0","0",NA,NA,0,0,0,0,"0","0",NA,NA,0,0,0,0,"0","0",NA,NA,0,0,0,0,"0","0",NA,NA,NA,NA,NA,NA,1,2,3,4,NA,NA,NA,NA,0,0,0,0,0,"SMMH5791",819,5791,NA,"Point",2333.488,NA,0.0990449417358054,0,0,0,0,"SMMH_5791_1035","SMMH_5792_1036",5.89517587623819,"SMMH_5794_1038",6.83949985989092,"SMMH_5794_1038",6.83949985989092,"SMMH_5691_948",5.82194247607084,NA,40.77074846,-111.1074685,40.7707995,-111.1074492,NA,16.0388316643234,40.77081002,-111.1074719,NA,-2.40440329884238,40.77081002,-111.1074719,NA,-2.40440329884238,40.77079167,-111.1074294,NA,34.5257246353813
"407","SMMH",5792,"ABLA",5,25.3,NA,0,"0",1,1,1,1,"BO","0","0","BO",1,1,0,0,"0","0","0","0",0,0,0,1,"0","0",NA,NA,0,0,0,1,"0","0",NA,NA,0,0,0,0,"0","0",NA,NA,0,0,0,1,"0","0",NA,NA,1,0,0,0,"0","0",NA,NA,0,0,0,1,"0","0",NA,NA,NA,NA,NA,NA,1,2,3,4,NA,NA,NA,NA,1,0,0,1,0,"SMMH5792",820,5792,NA,"Point",2333.073,NA,0.104936642453223,1,0,0,1,"SMMH_5792_1036","SMMH_5703_958",11.9837282230602,"SMMH_5794_1038",2.24357325334227,"SMMH_5794_1038",2.24357325334227,"SMMH_5691_948",1.88350435980946,NA,40.7707995,-111.1074492,40.77070049,-111.1073926,NA,156.5098559238,40.77081002,-111.1074719,NA,-58.6343593652606,40.77081002,-111.1074719,NA,-58.6343593652606,40.77079167,-111.1074294,NA,117.481646554151
"408","SMMH",5793,"ABLA",NA,3,0,0,"0",1,1,1,1,"0","0","0","0",1,1,0,0,"0","0","0","0",0,0,0,0,"0","0",NA,NA,0,0,0,0,"0","0",NA,NA,0,0,0,0,"0","0",NA,NA,0,0,0,0,"0","0",NA,NA,0,0,0,0,"0","0",NA,NA,0,0,0,0,"0","0",NA,NA,NA,NA,NA,NA,1,2,3,4,NA,NA,NA,NA,0,0,0,0,0,"SMMH5793",821,5793,NA,"Point",2332.709,NA,0.106703966630472,0,0,0,0,"SMMH_5793_1037","SMMH_5792_1036",2.17185713493779,"SMMH_5794_1038",1.33104195283524,"SMMH_5794_1038",1.33104195283524,"SMMH_5794_1038",1.33104195283524,NA,40.77081743,-111.1074595,40.7707995,-111.1074492,NA,156.407497902673,40.77081002,-111.1074719,NA,-128.16827760525,40.77081002,-111.1074719,NA,-128.16827760525,40.77081002,-111.1074719,NA,-128.16827760525
"409","SMMH",5794,"ABLA",3.4,20,NA,0,"0",1,1,1,1,"0","BO","BO","BO",NA,1,1,1,"0","0","0","0",0,1,0,2,"0","0",NA,NA,0,1,1,1,"0","0",NA,NA,0,0,0,0,"0","0",NA,NA,0,0,0,2,"0","0",NA,NA,0,0,0,1,"0","0",NA,NA,0,0,0,0,"0","0",NA,NA,NA,NA,NA,NA,1,2,3,4,NA,NA,NA,NA,0,1,1,1,1,"SMMH5794",823,5794,NA,"Point",2333.886,NA,0.10568776064805,0,1,1,1,"SMMH_5794_1038","SMMH_5792_1036",2.24357325334227,"SMMH_5682_940",7.65817004225927,"SMMH_5703_958",13.8785317944845,"SMMH_5792_1036",2.24357325334227,NA,40.77081002,-111.1074719,40.7707995,-111.1074492,NA,121.36562581085,40.77083825,-111.1073891,NA,65.845769547021,40.77070049,-111.1073926,NA,151.170392157081,40.7707995,-111.1074492,NA,121.36562581085
"410","SMMH",5795,"ABLA",NA,3.5,NA,0,"0",1,1,1,1,"0","0","0","0",NA,NA,0,0,"0","0","0","0",0,0,0,0,"0","0",NA,NA,0,0,0,0,"0","0",NA,NA,0,0,0,0,"0","0",NA,NA,0,0,0,0,"0","0",NA,NA,0,0,0,0,"0","0",NA,NA,0,0,0,0,"0","0",NA,NA,NA,NA,NA,NA,1,2,3,4,NA,NA,NA,NA,0,0,0,0,0,"SMMH5795",824,5795,NA,"Point",2330.534,NA,0.108348241983469,0,0,0,0,"SMMH_5795_1039","SMMH_5792_1036",3.49827183087116,"SMMH_5794_1038",2.97925603562868,"SMMH_5794_1038",2.97925603562868,"SMMH_5794_1038",2.97925603562868,NA,40.77083101,-111.1074499,40.7707995,-111.1074492,NA,179.032412015294,40.77081002,-111.1074719,NA,-141.450852856776,40.77081002,-111.1074719,NA,-141.450852856776,40.77081002,-111.1074719,NA,-141.450852856776
"411","SMMH",5796,"ABLA",NA,1.7,NA,0,"0",1,1,1,1,"0","0","0","0",NA,NA,0,0,"0","0","0","0",0,0,0,0,"0","0",NA,NA,0,0,0,0,"0","0",NA,NA,0,0,0,0,"0","0",NA,NA,0,0,0,0,"0","0",NA,NA,0,0,0,0,"0","0",NA,NA,0,0,0,0,"0","0",NA,NA,NA,NA,NA,NA,1,2,3,4,NA,NA,NA,NA,0,0,0,0,0,"SMMH5796",825,5796,NA,"Point",2331.83,NA,0.109905051409104,0,0,0,0,"SMMH_5796_1040","SMMH_5792_1036",5.53085789892894,"SMMH_5794_1038",4.2207354072441,"SMMH_5794_1038",4.2207354072441,"SMMH_5794_1038",4.2207354072441,NA,40.77084774,-111.1074656,40.7707995,-111.1074492,NA,165.508376799799,40.77081002,-111.1074719,NA,-172.763426745639,40.77081002,-111.1074719,NA,-172.763426745639,40.77081002,-111.1074719,NA,-172.763426745639
"412","SMMH",5797,"ABLA",NA,8.3,NA,0,"0",1,1,1,1,"0","0","0","0",NA,NA,0,0,"0","0","0","0",0,0,0,0,"0","0",NA,NA,0,0,0,0,"0","0",NA,NA,0,0,0,0,"0","0",NA,NA,0,0,0,0,"0","0",NA,NA,0,0,0,0,"0","0",NA,NA,0,0,0,0,"0","0",NA,NA,NA,NA,NA,NA,1,2,3,4,NA,NA,NA,NA,0,0,0,0,0,"SMMH5797",826,5797,NA,"Point",2333.827,NA,0.108606173934908,0,0,0,0,"SMMH_5797_1041","SMMH_5792_1036",6.27936403969107,"SMMH_5794_1038",4.15870109297298,"SMMH_5794_1038",4.15870109297298,"SMMH_5794_1038",4.15870109297298,NA,40.77084069,-111.1075002,40.7707995,-111.1074492,NA,136.731297921749,40.77081002,-111.1074719,NA,144.950064150836,40.77081002,-111.1074719,NA,144.950064150836,40.77081002,-111.1074719,NA,144.950064150836
"413","SMMH",5798,"ABLA",NA,2.3,NA,0,"0",1,1,1,1,"0","0","0","0",NA,NA,0,0,"0","0","0","0",0,0,0,0,"0","0",NA,NA,0,0,0,0,"0","0",NA,NA,0,0,0,0,"0","0",NA,NA,0,0,0,0,"0","0",NA,NA,0,0,0,0,"0","0",NA,NA,0,0,0,0,"0","0",NA,NA,NA,NA,NA,NA,1,2,3,4,NA,NA,NA,NA,0,0,0,0,0,"SMMH5798",827,5798,NA,"Point",2334.002,NA,0.109646342585175,0,0,0,0,"SMMH_5798_1042","SMMH_5792_1036",8.37274020329467,"SMMH_5794_1038",6.21144303475457,"SMMH_5794_1038",6.21144303475457,"SMMH_5794_1038",6.21144303475457,NA,40.77085257,-111.1075197,40.7707995,-111.1074492,NA,134.716379018987,40.77081002,-111.1074719,NA,139.500720058704,40.77081002,-111.1074719,NA,139.500720058704,40.77081002,-111.1074719,NA,139.500720058704
"414","SMMH",5799,"ABLA",NA,1.9,NA,0,"0",1,1,1,1,"0","0","0","0",NA,NA,0,0,"0","0","0","0",0,0,0,0,"0","0",NA,NA,0,0,0,0,"0","0",NA,NA,0,0,0,0,"0","0",NA,NA,0,0,0,0,"0","0",NA,NA,0,0,0,0,"0","0",NA,NA,0,0,0,0,"0","0",NA,NA,NA,NA,NA,NA,1,2,3,4,NA,NA,NA,NA,0,0,0,0,0,"SMMH5799",828,5799,NA,"Point",2334.006,NA,0.110916837734932,0,0,0,0,"SMMH_5799_1043","SMMH_5792_1036",8.62659318989446,"SMMH_5794_1038",6.62318431929375,"SMMH_5794_1038",6.62318431929375,"SMMH_5794_1038",6.62318431929375,NA,40.7708628,-111.1075085,40.7707995,-111.1074492,NA,144.540994145718,40.77081002,-111.1074719,NA,152.202032535045,40.77081002,-111.1074719,NA,152.202032535045,40.77081002,-111.1074719,NA,152.202032535045
"415","SMMH",5800,"ABLA",NA,1.6,NA,0,"0",1,1,1,1,"0","0","0","0",NA,NA,0,0,"0","0","0","0",0,0,0,0,"0","0",NA,NA,0,0,0,0,"0","0",NA,NA,0,0,0,0,"0","0",NA,NA,0,0,0,0,"0","0",NA,NA,0,0,0,0,"0","0",NA,NA,0,0,0,0,"0","0",NA,NA,NA,NA,NA,NA,1,2,3,4,NA,NA,NA,NA,0,0,0,0,0,"SMMH5800",829,5800,NA,"Point",2334.502,NA,0.11425054265302,0,0,0,0,"SMMH_5800_1044","SMMH_5805_1050",10.8335883472353,"SMMH_5794_1038",9.85586551886364,"SMMH_5804_1049",8.53760621344419,"SMMH_5804_1049",8.53760621344419,NA,40.77089352,-111.1075116,40.77098512,-111.1074673,NA,20.1873149110146,40.77081002,-111.1074719,NA,160.12696723617,40.77095453,-111.10745,NA,37.5100399197381,40.77095453,-111.10745,NA,37.5100399197381
"416","SMMH",5801,"ABLA",NA,3.2,NA,0,"0",1,1,1,1,"0","0","0","0",1,1,0,0,"0","0","0","0",0,0,0,0,"0","0",NA,NA,0,0,0,0,"0","0",NA,NA,0,0,0,0,"0","0",NA,NA,0,0,0,0,"0","0",NA,NA,0,0,0,0,"0","0",NA,NA,0,0,0,0,"0","0",NA,NA,NA,NA,NA,NA,1,2,3,4,NA,NA,NA,NA,0,0,0,0,0,"SMMH5801",830,5801,NA,"Point",2334.228,NA,0.116782375867664,0,0,0,0,"SMMH_5801_1045","SMMH_5805_1050",8.12902242125602,"SMMH_5806_1051",7.55558892883904,"SMMH_5804_1049",5.63237307766208,"SMMH_5804_1049",5.63237307766208,NA,40.77091397,-111.1074901,40.77098512,-111.1074673,NA,13.6918455556814,40.77097706,-111.1074565,NA,22.0425321376447,40.77095453,-111.10745,NA,36.9296670130377,40.77095453,-111.10745,NA,36.9296670130377
"417","SMMH",5713,"ABLA",NA,1.8,NA,0,"0",1,1,1,1,"0","0","0","0",NA,1,0,0,"0","0","0","0",0,0,0,0,"0","0",NA,NA,0,0,0,0,"0","0",NA,NA,0,0,0,0,"0","0",NA,NA,0,0,0,0,"0","0",NA,NA,0,0,0,0,"0","0",NA,NA,0,0,0,0,"0","0",NA,NA,NA,NA,NA,NA,1,2,3,4,NA,NA,NA,NA,0,0,0,0,0,"SMMH5713",843,5713,NA,"Point",2336.556,NA,0.117040424839718,0,0,0,0,"SMMH_5713_1046","SMMH_5805_1050",8.23097000252247,"SMMH_5806_1051",7.93317779994748,"SMMH_5804_1049",6.49657744417815,"SMMH_5804_1049",6.49657744417815,NA,40.77091883,-111.107511,40.77098512,-111.1074673,NA,26.6190017898027,40.77097706,-111.1074565,NA,35.4339094727403,40.77095453,-111.10745,NA,52.4107828984599,40.77095453,-111.10745,NA,52.4107828984599
"418","SMMH",5802,"ABLA",NA,2.6,NA,0,"0",1,1,1,1,"0","0","0","0",NA,NA,0,0,"0","0","0","0",0,0,0,0,"0","0",NA,NA,0,0,0,0,"0","0",NA,NA,0,0,0,0,"0","0",NA,NA,0,0,0,0,"0","0",NA,NA,0,0,0,0,"0","0",NA,NA,0,0,0,0,"0","0",NA,NA,NA,NA,NA,NA,1,2,3,4,NA,NA,NA,NA,0,0,0,0,0,"SMMH5802",831,5802,NA,"Point",2335.165,NA,0.11697709036341,0,0,0,0,"SMMH_5802_1047","SMMH_5805_1050",7.95528267348545,"SMMH_5806_1051",7.19254935742472,"SMMH_5804_1049",4.96797619193548,"SMMH_5804_1049",4.96797619193548,NA,40.77091363,-111.1074739,40.77098512,-111.1074673,NA,4.01483693540895,40.77097706,-111.1074565,NA,11.7802560627437,40.77095453,-111.10745,NA,23.9534590836044,40.77095453,-111.10745,NA,23.9534590836044
"419","SMMH",5803,"ABLA",NA,4.8,NA,0,"0",1,1,1,1,"0","0","0","0",1,1,0,0,"0","0","0","0",0,0,0,0,"0","0",NA,NA,0,0,0,0,"0","0",NA,NA,0,0,0,0,"0","0",NA,NA,0,0,0,0,"0","0",NA,NA,0,0,0,0,"0","0",NA,NA,0,0,0,0,"0","0",NA,NA,NA,NA,NA,NA,1,2,3,4,NA,NA,NA,NA,0,0,0,0,0,"SMMH5803",832,5803,NA,"Point",2335.732,NA,0.119657047275206,0,0,0,0,"SMMH_5803_1048","SMMH_5805_1050",5.38442904979677,"SMMH_5806_1051",4.51894816109585,"SMMH_5804_1049",2.28370530717685,"SMMH_5804_1049",2.28370530717685,NA,40.7709367,-111.1074635,40.77098512,-111.1074673,NA,-3.41448460058462,40.77097706,-111.1074565,NA,7.51155152587485,40.77095453,-111.10745,NA,29.9258764562672,40.77095453,-111.10745,NA,29.9258764562672
"420","SMMH",5804,"ABLA",8.8,28.7,0,0,"0",1,1,1,1,"0","0","BO","BO",1,1,2,2,"0","0","0","0",0,0,0,1,"0","0",NA,NA,0,0,0,1,"0","0",NA,NA,0,0,0,0,"0","0",NA,NA,0,0,0,2,"0","0",NA,NA,0,0,1,1,"0","0",NA,NA,0,0,1,1,"0","0",NA,NA,NA,NA,NA,NA,1,2,3,4,NA,NA,NA,NA,0,0,1,1,1,"SMMH5804",833,5804,NA,"Point",2334.425,NA,0.121813606144411,0,0,1,1,"SMMH_5804_1049","SMMH_5805_1050",3.69621116875529,"SMMH_5806_1051",2.56039828169117,"SMMH_5807_1052",6.3892236587975,"SMMH_5807_1052",6.3892236587975,NA,40.77095453,-111.10745,40.77098512,-111.1074673,NA,-23.2656182686852,40.77097706,-111.1074565,NA,-12.3711408829002,40.77100922,-111.1074264,NA,18.1629415004843,40.77100922,-111.1074264,NA,18.1629415004843
"421","SMMH",5805,"ABLA",1.7,12.6,0,0,"0",1,1,1,1,"BO","BO","0","0",1,1,2,2,"0","0","0","0",0,1,0,0,"0","0",NA,NA,0,0,0,0,"0","0",NA,NA,0,0,0,0,"0","0",NA,NA,0,0,0,0,"0","0",NA,NA,1,0,0,0,"0","0",NA,NA,0,0,0,0,"0","0",NA,NA,NA,NA,NA,NA,1,2,3,4,NA,NA,NA,NA,1,1,0,0,0,"SMMH5805",834,5805,NA,"Point",2335.988,NA,0.124903272830024,1,1,0,0,"SMMH_5805_1050","SMMH_5792_1036",20.6613220914965,"SMMH_5806_1051",1.27718569638634,"SMMH_5804_1049",3.69621116875529,"SMMH_5804_1049",3.69621116875529,NA,40.77098512,-111.1074673,40.7707995,-111.1074492,NA,175.76023076597,40.77097706,-111.1074565,NA,134.46921265994,40.77095453,-111.10745,NA,156.734370433775,40.77095453,-111.10745,NA,156.734370433775
"422","SMMH",5806,"ABLA",NA,7.7,NA,0,"0",1,1,1,1,"0","BO","0","0",1,1,1,1,"0","0","0","0",0,1,0,0,"0","0",NA,NA,0,0,0,0,"0","0",NA,NA,0,0,0,0,"0","0",NA,NA,0,0,0,0,"0","0",NA,NA,0,0,0,0,"0","0",NA,NA,0,0,0,0,"0","0",NA,NA,NA,NA,NA,NA,1,2,3,4,NA,NA,NA,NA,0,1,0,0,1,"SMMH5806",835,5806,NA,"Point",2333.122,NA,0.12417808448428,0,1,0,0,"SMMH_5806_1051","SMMH_5805_1050",1.27718569638634,"SMMH_5805_1050",1.27718569638634,"SMMH_5804_1049",2.56039828169117,"SMMH_5804_1049",2.56039828169117,NA,40.77097706,-111.1074565,40.77098512,-111.1074673,NA,-45.5307802872589,40.77098512,-111.1074673,NA,-45.5307802872589,40.77095453,-111.10745,NA,167.62885487236,40.77095453,-111.10745,NA,167.62885487236
"423","SMMH",5807,"ABLA",8.8,33.5,0,2,"0",1,1,1,1,"0","BO","BR, BO","BR, BO",1,1,0,0,"0","0","0","0",0,1,1,1,"0","0",NA,NA,0,1,1,1,"0","0",NA,NA,0,0,0,0,"0","0",NA,NA,0,1,0,1,"0","0",NA,NA,0,1,1,1,"0","0",NA,NA,0,1,1,0,"0","0",NA,NA,NA,NA,NA,NA,1,2,3,4,NA,NA,NA,NA,0,1,1,1,1,"SMMH5807",836,5807,NA,"Point",2329.484,NA,0.128160443776959,0,1,1,1,"SMMH_5807_1052","SMMH_5805_1050",4.36699027084743,"SMMH_5805_1050",4.36699027084743,"SMMH_5804_1049",6.3892236587975,"SMMH_5804_1049",6.3892236587975,NA,40.77100922,-111.1074264,40.77098512,-111.1074673,NA,-127.777833094462,40.77098512,-111.1074673,NA,-127.777833094462,40.77095453,-111.10745,NA,-161.837043087839,40.77095453,-111.10745,NA,-161.837043087839
"424","SMMH",5437,"ABLA",1.9,NA,NA,0,"0",NA,1,1,1,NA,"0","0","0",NA,NA,NA,NA,NA,"0","0","0",NA,0,0,0,NA,"0",NA,NA,NA,0,0,0,NA,"0",NA,NA,NA,0,0,0,NA,"0",NA,NA,NA,0,0,0,NA,"0",NA,NA,NA,0,0,0,NA,"0",NA,NA,NA,0,0,0,NA,"0",NA,NA,NA,NA,"not found","not found",NA,2,3,4,NA,NA,NA,NA,NA,0,0,0,0,"SMMH5437",459,5437,NA,"Point",2320.994,NA,0.130425179620425,NA,0,0,0,"SMMH_5437_1053","SMMH_5440_746",2.70046805247244,"SMMH_5440_746",2.70046805247244,"SMMH_5439_745",2.39355973171781,"SMMH_5435_742",0.93005475350765,NA,40.77091772,-111.1070011,40.77093003,-111.1069735,NA,59.6013271481181,40.77093003,-111.1069735,NA,59.6013271481181,40.77093498,-111.1069841,NA,36.8259233925477,40.7709207,-111.1069908,NA,69.1652964069373
"425","SMMH",5402,"ABLA",1.5,14.8,0,0,"0",NA,1,1,1,NA,"0","0","0",NA,NA,NA,NA,NA,"0","0","0",NA,0,0,0,NA,"0",NA,NA,NA,0,0,0,NA,"0",NA,NA,NA,0,0,0,NA,"0",NA,NA,NA,0,0,0,NA,"0",NA,NA,NA,0,0,0,NA,"0",NA,NA,NA,0,0,0,NA,"0",NA,NA,NA,NA,"not found","not found",NA,2,3,4,NA,NA,NA,NA,NA,0,0,0,0,"SMMH5402",426,5402,NA,"Point",2324.103,NA,0.126076468341878,NA,0,0,0,"SMMH_5402_1054","SMMH_5410_725",2.29352106526763,"SMMH_5409_724",2.23217586657103,"SMMH_5409_724",2.23217586657103,"SMMH_5409_724",2.23217586657103,NA,40.77088502,-111.10703,40.77090414,-111.1070403,NA,-22.2716082433955,40.77090447,-111.107036714667,NA,-14.7061773330246,40.77090447,-111.107036714667,NA,-14.7061773330246,40.77090447,-111.107036714667,NA,-14.7061773330246
"426","SMMH",5359,"ABLA",2,14.2,1,0,"0",NA,1,1,1,NA,"0","0","0",NA,NA,0,0,NA,"0","0","0",NA,0,0,0,NA,"0",NA,NA,NA,0,0,0,NA,"0",NA,NA,NA,0,0,0,NA,"0",NA,NA,NA,0,0,0,NA,"0",NA,NA,NA,0,0,0,NA,"0",NA,NA,NA,0,0,0,NA,"0",NA,NA,NA,NA,NA,NA,NA,2,3,4,NA,NA,NA,NA,NA,0,0,0,0,"SMMH5359",382,5359,NA,"Point",2325.147,NA,0.10347348278964,NA,0,0,0,"SMMH_5359_1055","SMMH_5574_856",6.75505366373671,"SMMH_5317_638",5.3921865059156,"SMMH_5575_857",6.09347969217962,"SMMH_5313_634",5.14569679698206,NA,40.77061128,-111.1069615,40.77060247,-111.1070407,NA,-98.3241611917432,40.77056535,-111.1069823,NA,-161.001783530138,40.7706107,-111.1070337,NA,-90.6053682329276,40.77056497,-111.1069642,NA,-177.462018440739
"427","SMMH",5345,"ABLA",1.9,13.7,NA,0,"0",NA,1,1,1,NA,"0","0","0",NA,NA,0,0,NA,"0","0","0",NA,0,0,0,NA,"0",NA,NA,NA,0,0,0,NA,"0",NA,NA,NA,0,0,0,NA,"0",NA,NA,NA,0,0,0,NA,"0",NA,NA,NA,0,0,0,NA,"0",NA,NA,NA,0,0,0,NA,"0",NA,NA,NA,NA,NA,NA,NA,2,3,4,NA,NA,NA,NA,NA,0,0,0,0,"SMMH5345",NA,5345,NA,"Point",2325.147,NA,0.10347348278964,NA,0,0,0,"SMMH_5345_1056","SMMH_5574_856",6.75505366373671,"SMMH_5317_638",5.3921865059156,"SMMH_5575_857",6.09347969217962,"SMMH_5313_634",5.14569679698206,NA,40.77061128,-111.1069615,40.77060247,-111.1070407,NA,-98.3241611917432,40.77056535,-111.1069823,NA,-161.001783530138,40.7706107,-111.1070337,NA,-90.6053682329276,40.77056497,-111.1069642,NA,-177.462018440739
