"","site","tag","species","dbh","height","canopy_ht","brooms","rot","Dead / Alive_v1","Dead / Alive_v2","Dead / Alive_v3","Dead / Alive_v4","Inf Location_v1","Inf Location_v2","Inf Location_v3","Inf Location_v4","Gouting_v1","Gouting_v2","Gouting_v3","Gouting_v4","Beetle_v1","Beetle_v2","Beetle_v3","Beetle_v4","NL_v1","NL_v2","NL_v3","NL_v4","NLW_v1","NLW_v2","NLW_v3","NLW_v4","NM_v1","NM_v2","NM_v3","NM_v4","NMW_v1","NMW_v2","NMW_v3","NMW_v4","NH_v1","NH_v2","NH_v3","NH_v4","NHW_v1","NHW_v2","NHW_v3","NHW_v4","SL_v1","SL_v2","SL_v3","SL_v4","SLW_v1","SLW_v2","SLW_v3","SLW_v4","SM_v1","SM_v2","SM_v3","SM_v4","SMW_v1","SMW_v2","SMW_v3","SMW_v4","SH_v1","SH_v2","SH_v3","SH_v4","SHW_v1","SHW_v2","SHW_v3","SHW_v4","Notes_v1","Notes_v2","Notes_v3","Notes_v4","Visit_v1","Visit_v2","Visit_v3","Visit_v4","WSB_v1","WSB_v2","WSB_v3","WSB_v4","infested_v1","infested_v2","infested_v3","infested_v4","new_infestation","tag_ID","Number","Tag #","Description","GeometryType","Elevation","GeoidOffset","distance","infestation_visit_1","infestation_visit_2","infestation_visit_3","infestation_visit_4","unique_ID","TARGET","DISTANCE","TARGET2","DISTANCE2","TARGET3","DISTANCE3","TARGET4","DISTANCE4","geometry.x","Latitude.focal","Longitude.focal","Latitude.target","Longitude.target","geometry.y","bearings1","Latitude.target2","Longitude.target2","geometry.x.x","bearings2","Latitude.target3","Longitude.target3","geometry.y.y","bearings3","Latitude.target4","Longitude.target4","geometry","bearings4"
"1","SOAP",741,"ABLA",7.5,49.3,NA,0,"0",1,1,1,1,"0","0","0","0",NA,NA,NA,0,"0","0","0","0",0,0,0,0,"0","0",NA,NA,0,0,0,0,"0","0",NA,NA,0,0,0,0,"0","0",NA,NA,0,0,0,0,"0","0",NA,NA,0,0,0,0,"0","0",NA,NA,0,0,0,0,"0","0",NA,NA,NA,NA,NA,NA,1,2,3,4,NA,NA,NA,NA,0,0,0,0,0,"SOAP741",1550,741,NA,"Point",2638.275,NA,0.0819374878807461,0,0,0,0,"SOAP_741_2052","SOAP_86_2232",7.71634732800802,"SOAP_752_2058",7.46450430249043,"SOAP_81_2227",8.20910048657097,"SOAP_77_2223",7.90617134573409,NA,40.54547978,-111.0299032,40.54547808,-111.0298121,NA,91.4012631970644,40.54541476,-111.0298807,NA,165.212307680418,40.54547749,-111.0298063,NA,91.7743940408929,40.54549396,-111.0298117,NA,78.5165857319495
"2","SOAP",742,"ABLA",7.7,52.6,NA,0,"0",1,1,1,1,"0","0","0","0",NA,NA,NA,0,"0","0","0","0",0,0,0,0,"0","0",NA,NA,0,0,0,0,"0","0",NA,NA,0,0,0,0,"0","0",NA,NA,0,0,0,0,"0","0",NA,NA,0,0,0,0,"0","0",NA,NA,0,0,0,0,"0","0",NA,NA,NA,NA,NA,NA,1,2,3,4,NA,NA,NA,NA,0,0,0,0,0,"SOAP742",1551,742,NA,"Point",2644.619,NA,0.0830017583904808,0,0,0,0,"SOAP_742_2053","SOAP_86_2232",8.01272018562422,"SOAP_752_2058",6.5499912822952,"SOAP_81_2227",8.49500814181475,"SOAP_77_2223",8.41603298825355,NA,40.54547047,-111.0299062,40.54547808,-111.0298121,NA,83.9484997376799,40.54541476,-111.0298807,NA,160.751992986014,40.54547749,-111.0298063,NA,84.7369761056058,40.54549396,-111.0298117,NA,71.9519322137366
"3","SOAP",747,"ABLA",NA,7.4,NA,6,"0",1,1,NA,NA,"0","0",NA,NA,NA,NA,NA,NA,"0","0",NA,NA,0,0,NA,NA,"0","0",NA,NA,0,0,NA,NA,"0","0",NA,NA,0,0,NA,NA,"0","0",NA,NA,0,0,NA,NA,"0","0",NA,NA,0,0,NA,NA,"0","0",NA,NA,0,0,NA,NA,"0","0",NA,NA,"3 DB","3 DB",NA,NA,1,2,NA,NA,NA,NA,NA,NA,0,0,NA,NA,NA,"SOAP747",1563,747,NA,"Point",2642.353,NA,0.0910379716166431,0,0,NA,NA,"SOAP_747_2054","SOAP_277_2062",3.15416965711381,"SOAP_277_2062",3.15416965711381,"SOAP_94_2241",12.4703856883712,"SOAP_280_2064",3.41613761518064,NA,40.54540017,-111.0299288,40.54538615,-111.0298964,NA,119.56351262633,40.54538615,-111.0298964,NA,119.56351262633,40.54545833,-111.0298028,NA,58.8224873010662,40.5453751,-111.0299054,NA,144.547891709346
"4","SOAP",745,"ABLA",6.8,41.5,NA,0,"0",1,1,1,1,"0","0","0","0",NA,NA,NA,0,"0","0","0","0",0,0,0,0,"0","0",NA,NA,0,0,0,0,"0","0",NA,NA,0,0,0,0,"0","0",NA,NA,0,0,0,0,"0","0",NA,NA,0,0,0,0,"0","0",NA,NA,0,0,0,0,"0","0",NA,NA,NA,NA,NA,NA,1,2,3,4,NA,NA,NA,NA,0,0,0,0,0,"SOAP745",1553,745,NA,"Point",2643.769,NA,0.0858313215203127,0,0,0,0,"SOAP_745_2055","SOAP_277_2062",6.05311222745868,"SOAP_752_2058",2.96275060560934,"SOAP_94_2241",7.65348814611559,"SOAP_280_2064",7.3708680748492,NA,40.54544047,-111.0298901,40.54538615,-111.0298964,NA,-174.943938536107,40.54541476,-111.0298807,NA,164.415688942534,40.54545833,-111.0298028,NA,74.9875365059176,40.5453751,-111.0299054,NA,-169.876713250443
"5","SOAP",750,"ABLA",NA,5.6,0,6,"0",1,1,1,1,"0","0","0","0",NA,NA,NA,0,"0","0","0","0",0,0,0,0,"0","0",NA,NA,0,0,0,0,"0","0",NA,NA,0,0,0,0,"0","0",NA,NA,0,0,0,0,"0","0",NA,NA,0,0,0,0,"0","0",NA,NA,0,0,0,0,"0","0",NA,NA,"5 DB, WOB","5 DB, WOB","5 DB, WOB","5 DB, WOB",1,2,3,4,NA,NA,NA,NA,0,0,0,0,0,"SOAP750",1557,750,NA,"Point",2646.184,NA,0.0840157621268202,0,0,0,0,"SOAP_750_2056","SOAP_92_2239",5.15070144277261,"SOAP_752_2058",4.37310417885083,"SOAP_94_2241",5.39829318429968,"SOAP_94_2241",5.39829318429968,NA,40.54545255,-111.0298661,40.5454592,-111.0298059,NA,81.760465684368,40.54541476,-111.0298807,NA,-163.578540655068,40.54545833,-111.0298028,NA,83.1742736680739,40.54545833,-111.0298028,NA,83.1742736680739
"6","SOAP",749,"ABLA",5.4,35.8,NA,0,"0",1,1,1,1,"0","0","0","0",NA,NA,NA,0,"0","0","0","0",0,0,0,0,"0","0",NA,NA,0,0,0,0,"0","0",NA,NA,0,0,0,0,"0","0",NA,NA,0,0,0,0,"0","0",NA,NA,0,0,0,0,"0","0",NA,NA,0,0,0,0,"0","0",NA,NA,NA,NA,NA,NA,1,2,3,4,NA,NA,NA,NA,0,0,0,0,0,"SOAP749",1556,749,NA,"Point",2646.156,NA,0.0832051262288256,0,0,0,0,"SOAP_749_2057","SOAP_86_2232",4.90799342519012,"SOAP_86_2232",4.90799342519012,"SOAP_94_2241",5.26108997549563,"SOAP_94_2241",5.26108997549563,NA,40.54545984,-111.0298649,40.54547808,-111.0298121,NA,65.6366476773468,40.54547808,-111.0298121,NA,65.6366476773468,40.54545833,-111.0298028,NA,91.8256534956891,40.54545833,-111.0298028,NA,91.8256534956891
"7","SOAP",752,"ABLA",10.6,52.4,NA,2,"0",1,1,1,1,"0","BO","0","0",NA,NA,NA,0,"0","0","0","0",0,0,0,0,"0","0",NA,NA,0,0,0,0,"0","0",NA,NA,0,0,0,0,"0","0",NA,NA,0,0,0,0,"0","0",NA,NA,0,1,0,0,"0","0",NA,NA,0,0,0,0,"0","0",NA,NA,"2 DB","2 DB","2 DB","2 DB",1,2,3,4,NA,NA,NA,NA,0,1,0,0,1,"SOAP752",1559,752,NA,"Point",2642.161,NA,0.0883922315968758,0,1,0,0,"SOAP_752_2058","SOAP_277_2062",3.4427655313656,"SOAP_277_2062",3.4427655313656,"SOAP_94_2241",8.17931236204918,"SOAP_280_2064",4.87386707836348,NA,40.54541476,-111.0298807,40.54538615,-111.0298964,NA,-157.284833575265,40.54538615,-111.0298964,NA,-157.284833575265,40.54545833,-111.0298028,NA,53.7517537983104,40.5453751,-111.0299054,NA,-154.587730003135
"8","SOAP",753,"ABLA",1.1,4.8,NA,0,"0",1,1,1,1,"0","0","0","0",NA,NA,NA,0,"0","0","0","0",0,0,0,0,"0","0",NA,NA,0,0,0,0,"0","0",NA,NA,0,0,0,0,"0","0",NA,NA,0,0,0,0,"0","0",NA,NA,0,0,0,0,"0","0",NA,NA,0,0,0,0,"0","0",NA,NA,"Bent","Bent","Bent","Bent",1,2,3,4,NA,NA,NA,NA,0,0,0,0,0,"SOAP753",1560,753,NA,"Point",2642.37,NA,0.0895900689607755,0,0,0,0,"SOAP_753_2059","SOAP_277_2062",2.85078612166605,"SOAP_752_2058",2.5542852525267,"SOAP_94_2241",10.5734510342561,"SOAP_280_2064",3.85125335841509,NA,40.54540961,-111.0299101,40.54538615,-111.0298964,NA,155.98785406323,40.54541476,-111.0298807,NA,77.0675588185514,40.54545833,-111.0298028,NA,59.2384710630929,40.5453751,-111.0299054,NA,174.068581644755
"9","SOAP",751,"ABLA",12.8,61.1,NA,2,"0",1,1,1,1,"0","0","0","0",NA,NA,NA,0,"0","0","0","0",0,0,0,0,"0","0",NA,NA,0,0,0,0,"0","0",NA,NA,0,0,0,0,"0","0",NA,NA,0,0,0,0,"0","0",NA,NA,0,0,0,0,"0","0",NA,NA,0,0,0,0,"0","0",NA,NA,"2 DB","2 DB","2 DB","2 DB",1,2,3,4,NA,NA,NA,NA,0,0,0,0,0,"SOAP751",1564,751,NA,"Point",2643.315,NA,0.0928948045772234,0,0,0,0,"SOAP_751_2060","SOAP_281_2065",1.39772368917728,"SOAP_281_2065",1.39772368917728,"SOAP_146_2279",9.35524763537185,"SOAP_284_2068",1.23555354577834,NA,40.54537298,-111.0298804,40.54537789,-111.0298956,NA,-67.0498893940324,40.54537789,-111.0298956,NA,-67.0498893940324,40.54535833,-111.0297716,NA,100.010156816167,40.54536558,-111.0298913,NA,-131.667560339066
"10","SOAP",744,"ABLA",1.6,12.2,NA,0,"0",1,1,1,1,"0","0","0","0",NA,NA,NA,0,"0","0","0","0",0,0,0,0,"0","0",NA,NA,0,0,0,0,"0","0",NA,NA,0,0,0,0,"0","0",NA,NA,0,0,0,0,"0","0",NA,NA,0,0,0,0,"0","0",NA,NA,0,0,0,0,"0","0",NA,NA,"Bent top","Bent top","Bent top","Bent top",1,2,3,4,NA,NA,NA,NA,0,0,0,0,0,"SOAP744",1561,744,NA,"Point",2643.123,NA,0.0907396183427038,0,0,0,0,"SOAP_744_2061","SOAP_277_2062",1.60610462312743,"SOAP_277_2062",1.60610462312743,"SOAP_94_2241",11.0566740383292,"SOAP_280_2064",2.5672606335798,NA,40.5453982,-111.0299069,40.54538615,-111.0298964,NA,146.387108848097,40.54538615,-111.0298964,NA,146.387108848097,40.54545833,-111.0298028,NA,52.8674777072297,40.5453751,-111.0299054,NA,177.1641358585
"11","SOAP",277,"ABLA",4.6,26.2,NA,0,"0",1,1,1,1,"BO","BO","0","0",NA,NA,NA,0,"0","0","0","0",0,0,0,0,"0","0",NA,NA,0,0,0,0,"0","0",NA,NA,0,0,0,0,"0","0",NA,NA,0,0,0,0,"0","0",NA,NA,1,1,0,0,"0","0",NA,NA,0,0,0,0,"0","0",NA,NA,NA,NA,NA,NA,1,2,3,4,NA,NA,NA,NA,1,1,0,0,0,"SOAP277",1566,277,NA,"Point",2640.831,NA,0.0918041207778236,1,1,0,0,"SOAP_277_2062","SOAP_281_2065",0.919365047082,"SOAP_281_2065",0.919365047082,"SOAP_146_2279",11.0096046673937,"SOAP_280_2064",1.44403138197585,NA,40.54538615,-111.0298964,40.54537789,-111.0298956,NA,175.774456948324,40.54537789,-111.0298956,NA,175.774456948324,40.54535833,-111.0297716,NA,106.289172829744,40.5453751,-111.0299054,NA,-148.146295553895
"12","SOAP",279,"ABLA",1.4,3.2,NA,0,"0",1,1,1,1,"0","0","0","0",NA,NA,1,0,"0","0","0","0",0,0,0,0,"0","0",NA,NA,0,0,0,0,"0","0",NA,NA,0,0,0,0,"0","0",NA,NA,0,0,0,0,"0","0",NA,NA,0,0,0,0,"0","0",NA,NA,0,0,0,0,"0","0",NA,NA,"Bent","Bent","Bent","Bent",1,2,3,4,NA,NA,NA,NA,0,0,0,0,0,"SOAP279",1568,279,NA,"Point",2642.197,NA,0.0925523841225461,0,0,0,0,"SOAP_279_2063","SOAP_281_2065",0.434844083315755,"SOAP_281_2065",0.434844083315755,"SOAP_146_2279",11.1332417222692,"SOAP_280_2064",0.702954617822643,NA,40.54537991,-111.0299,40.54537789,-111.0298956,NA,121.040004321483,40.54537789,-111.0298956,NA,121.040004321483,40.54535833,-111.0297716,NA,102.424700177937,40.5453751,-111.0299054,NA,-139.422572810092
"13","SOAP",280,"ABLA",1.7,12.6,NA,0,"0",1,1,1,1,"0","0","0","BO",NA,NA,NA,0,"0","0","0","0",0,0,0,0,"0","0",NA,NA,0,0,0,1,"0","0",NA,NA,0,0,0,0,"0","0",NA,NA,0,0,0,0,"0","0",NA,NA,0,0,0,1,"0","0",NA,NA,0,0,0,0,"0","0",NA,NA,NA,NA,NA,NA,1,2,3,4,NA,NA,NA,NA,0,0,0,1,1,"SOAP280",1569,280,NA,"Point",2639.457,NA,0.0931860230938557,0,0,0,1,"SOAP_280_2064","SOAP_281_2065",0.885737235278314,"SOAP_281_2065",0.885737235278314,"SOAP_146_2279",11.4816528340342,"SOAP_284_2068",1.59441828560201,NA,40.5453751,-111.0299054,40.54537789,-111.0298956,NA,69.5345029324186,40.54537789,-111.0298956,NA,69.5345029324186,40.54535833,-111.0297716,NA,99.3303136776395,40.54536558,-111.0298913,NA,131.51119257733
"14","SOAP",281,"ABLA",1.2,10.7,NA,0,"0",1,1,1,1,"BO","BO","0","0",NA,NA,NA,0,"0","0","0","0",0,0,0,0,"0","0",NA,NA,1,0,0,0,"0","0",NA,NA,0,0,0,0,"0","0",NA,NA,0,0,0,0,"0","0",NA,NA,1,1,0,0,"0","0",NA,NA,0,0,0,0,"0","0",NA,NA,"Bent","Bent","Bent","Bent",1,2,3,4,NA,NA,NA,NA,1,1,0,0,0,"SOAP281",1570,281,NA,"Point",2638.356,NA,0.0926762220607084,1,1,0,0,"SOAP_281_2065","SOAP_277_2062",0.919365047082,"SOAP_277_2062",0.919365047082,"SOAP_146_2279",10.722045838349,"SOAP_280_2064",0.885737235278314,NA,40.54537789,-111.0298956,40.54538615,-111.0298964,NA,-4.22554253163553,40.54538615,-111.0298964,NA,-4.22554253163553,40.54535833,-111.0297716,NA,101.682930932698,40.5453751,-111.0299054,NA,-110.465490697091
"15","SOAP",282,"ABLA",2.4,NA,NA,0,"0",1,NA,NA,NA,"0",NA,NA,NA,NA,NA,NA,NA,"0",NA,NA,NA,0,NA,NA,NA,"0",NA,NA,NA,0,NA,NA,NA,"0",NA,NA,NA,0,NA,NA,NA,"0",NA,NA,NA,0,NA,NA,NA,"0",NA,NA,NA,0,NA,NA,NA,"0",NA,NA,NA,0,NA,NA,NA,"0",NA,NA,NA,NA,NA,NA,NA,1,NA,NA,NA,NA,NA,NA,NA,0,NA,NA,NA,NA,"SOAP282",1571,282,NA,"Point",2639.94,NA,0.0933190432220949,0,NA,NA,NA,"SOAP_282_2066","SOAP_281_2065",1.00485430497133,"SOAP_281_2065",1.00485430497133,"SOAP_146_2279",10.0000588430796,"SOAP_284_2068",0.600249463835997,NA,40.54537058,-111.0298886,40.54537789,-111.0298956,NA,-36.1480511973176,40.54537789,-111.0298956,NA,-36.1480511973176,40.54535833,-111.0297716,NA,97.8149699978285,40.54536558,-111.0298913,NA,-157.6113607228
"16","SOAP",283,"ABLA",2.1,11.3,NA,0,"0",1,1,1,1,"0","0","0","0",NA,NA,NA,0,"0","0","0","0",0,0,0,0,"0","0",NA,NA,0,0,0,0,"0","0",NA,NA,0,0,0,0,"0","0",NA,NA,0,0,0,0,"0","0",NA,NA,0,0,0,0,"0","0",NA,NA,0,0,0,0,"0","0",NA,NA,NA,NA,NA,NA,1,2,3,4,NA,NA,NA,NA,0,0,0,0,0,"SOAP283",1572,283,NA,"Point",2640.193,NA,0.0935785575104993,0,0,0,0,"SOAP_283_2067","SOAP_281_2065",1.59422473066772,"SOAP_281_2065",1.59422473066772,"SOAP_146_2279",9.49208298475426,"SOAP_284_2068",0.715885137025562,NA,40.54536715,-111.0298831,40.54537789,-111.0298956,NA,-41.6005621029259,40.54537789,-111.0298956,NA,-41.6005621029259,40.54535833,-111.0297716,NA,95.9200567422763,40.54536558,-111.0298913,NA,-104.089333096218
"17","SOAP",284,"ABLA",4.5,28.8,NA,0,"0",1,1,1,1,"0","0","0","BO",NA,NA,NA,0,"0","0","0","0",0,0,0,0,"0","0",NA,NA,0,0,0,1,"0","0",NA,NA,0,0,0,0,"0","0",NA,NA,0,0,0,0,"0","0",NA,NA,0,0,0,0,"0","0",NA,NA,0,0,0,0,"0","0",NA,NA,NA,NA,NA,NA,1,2,3,4,NA,NA,NA,NA,0,0,0,1,1,"SOAP284",1573,284,NA,"Point",2642.766,NA,0.0939136878098161,0,0,0,1,"SOAP_284_2068","SOAP_281_2065",1.41409924510935,"SOAP_281_2065",1.41409924510935,"SOAP_146_2279",10.1677059787404,"SOAP_280_2064",1.59441828560201,NA,40.54536558,-111.0298913,40.54537789,-111.0298956,NA,-14.9209103431699,40.54537789,-111.0298956,NA,-14.9209103431699,40.54535833,-111.0297716,NA,94.5395647900798,40.5453751,-111.0299054,NA,-48.4887982569656
"18","SOAP",285,"ABLA",4.3,36,NA,0,"0",1,1,1,1,"0","0","0","0",NA,NA,NA,0,"0","0","0","0",0,0,0,0,"0","0",NA,NA,0,0,0,0,"0","0",NA,NA,0,0,0,0,"0","0",NA,NA,0,0,0,0,"0","0",NA,NA,0,0,0,0,"0","0",NA,NA,0,0,0,0,"0","0",NA,NA,"BIB","BIB","BIB","BIB",1,2,3,4,NA,NA,NA,NA,0,0,0,0,0,"SOAP285",1574,285,NA,"Point",2645.127,NA,0.093013815798133,0,0,0,0,"SOAP_285_2069","SOAP_281_2065",1.23935315586354,"SOAP_281_2065",1.23935315586354,"SOAP_146_2279",9.55196505500503,"SOAP_284_2068",1.03391170896369,NA,40.54537234,-111.0298829,40.54537789,-111.0298956,NA,-60.193189330251,40.54537789,-111.0298956,NA,-60.193189330251,40.54535833,-111.0297716,NA,99.3697855606112,40.54536558,-111.0298913,NA,-136.531550486098
"19","SOAP",286,"ABLA",5.4,37.7,NA,0,"0",1,1,1,1,"BO","BO","0","0",NA,NA,NA,0,"0","0","0","0",0,0,0,0,"0","0",NA,NA,1,1,0,0,"0","0",NA,NA,0,0,0,0,"0","0",NA,NA,0,0,0,0,"0","0",NA,NA,0,0,0,0,"0","0",NA,NA,0,0,0,0,"0","0",NA,NA,"BIB","BIB","BIB","BIB",1,2,3,4,NA,NA,NA,NA,1,1,0,0,0,"SOAP286",1575,286,NA,"Point",2645.695,NA,0.0919583980021925,1,1,0,0,"SOAP_286_2070","SOAP_281_2065",2.66890802460791,"SOAP_281_2065",2.66890802460791,"SOAP_146_2279",8.15304652272715,"SOAP_284_2068",2.7261936526522,NA,40.54537872,-111.0298641,40.54537789,-111.0298956,NA,-91.9782308468479,40.54537789,-111.0298956,NA,-91.9782308468479,40.54535833,-111.0297716,NA,106.117126203448,40.54536558,-111.0298913,NA,-122.344795111152
"20","SOAP",287,"ABLA",12.6,70.7,NA,0,"0",1,1,1,1,"0","0","0","0",NA,NA,NA,0,"0","0","0","0",0,0,0,0,"0","0",NA,NA,0,0,0,0,"0","0",NA,NA,0,0,0,0,"0","0",NA,NA,0,0,0,0,"0","0",NA,NA,0,0,0,0,"0","0",NA,NA,0,0,0,0,"0","0",NA,NA,NA,NA,NA,NA,1,2,3,4,NA,NA,NA,NA,0,0,0,0,0,"SOAP287",1576,287,NA,"Point",2648.881,NA,0.0945962983441558,0,0,0,0,"SOAP_287_2071","SOAP_286_2070",2.65372181896471,"SOAP_286_2070",2.65372181896471,"SOAP_146_2279",8.1038918400643,"SOAP_284_2068",2.35838805642661,NA,40.54535493,-111.0298672,40.54537872,-111.0298641,NA,5.67680341330385,40.54537872,-111.0298641,NA,5.67680341330385,40.54535833,-111.0297716,NA,87.3307092780163,40.54536558,-111.0298913,NA,-59.9168184193763
"21","SOAP",288,"ABLA",5.1,32.7,NA,0,"0",1,1,1,1,"0","0","0","0",NA,NA,NA,0,"0","0","0","0",0,0,0,0,"0","0",NA,NA,0,0,0,0,"0","0",NA,NA,0,0,0,0,"0","0",NA,NA,0,0,0,0,"0","0",NA,NA,0,0,0,0,"0","0",NA,NA,0,0,0,0,"0","0",NA,NA,NA,NA,NA,NA,1,2,3,4,NA,NA,NA,NA,0,0,0,0,0,"SOAP288",1577,288,NA,"Point",2645.732,NA,0.0798749170279187,0,0,0,0,"SOAP_288_2072","SOAP_86_2232",5.55594044807312,"SOAP_86_2232",5.55594044807312,"SOAP_81_2227",6.04511321711751,"SOAP_77_2223",5.34456534411361,NA,40.54549283,-111.0298748,40.54547808,-111.0298121,NA,107.138719465668,40.54547808,-111.0298121,NA,107.138719465668,40.54547749,-111.0298063,NA,106.360116285395,40.54549396,-111.0298117,NA,88.6551898107273
"22","SOAP",289,"ABLA",NA,6,0,0,"0",1,1,1,1,"0","0","0","0",NA,NA,NA,0,"0","0","0","0",0,0,0,0,"0","0",NA,NA,0,0,0,0,"0","0",NA,NA,0,0,0,0,"0","0",NA,NA,0,0,0,0,"0","0",NA,NA,0,0,0,0,"0","0",NA,NA,0,0,0,0,"0","0",NA,NA,NA,NA,NA,NA,1,2,3,4,NA,NA,NA,NA,0,0,0,0,0,"SOAP289",1578,289,NA,"Point",2646.896,NA,0.0792184567209677,0,0,0,0,"SOAP_289_2073","SOAP_86_2232",5.00380544518939,"SOAP_86_2232",5.00380544518939,"SOAP_76_2222",5.32705297343869,"SOAP_77_2223",4.58546538256056,NA,40.54549706,-111.0298657,40.54547808,-111.0298121,NA,114.900139653232,40.54547808,-111.0298121,NA,114.900139653232,40.54549039,-111.0298034,NA,97.9890354606083,40.54549396,-111.0298117,NA,94.3036148626848
"23","SOAP",291,"ABLA",1.2,11.5,NA,0,"0",1,1,1,1,"0","0","0","0",NA,NA,NA,0,"0","0","0","0",0,0,0,0,"0","0",NA,NA,0,0,0,0,"0","0",NA,NA,0,0,0,0,"0","0",NA,NA,0,0,0,0,"0","0",NA,NA,0,0,0,0,"0","0",NA,NA,0,0,0,0,"0","0",NA,NA,NA,NA,NA,NA,1,2,3,4,NA,NA,NA,NA,0,0,0,0,0,"SOAP291",1580,291,NA,"Point",2643.463,NA,0.0761589676656777,0,0,0,0,"SOAP_291_2074","SOAP_86_2232",7.35177915530734,"SOAP_86_2232",7.35177915530734,"SOAP_76_2222",7.00328263534916,"SOAP_77_2223",6.20105646093012,NA,40.54552674,-111.029871,40.54547808,-111.0298121,NA,137.281199633557,40.54547808,-111.0298121,NA,137.281199633557,40.54549039,-111.0298034,NA,125.179534994219,40.54549396,-111.0298117,NA,125.928224069517
"24","SOAP",292,"ABLA",7.3,43.7,NA,3,"0",1,1,1,1,"0","0","0","0",NA,NA,NA,0,"0","0","0","0",0,0,0,0,"0","0",NA,NA,0,0,0,0,"0","0",NA,NA,0,0,0,0,"0","0",NA,NA,0,0,0,0,"0","0",NA,NA,0,0,0,0,"0","0",NA,NA,0,0,0,0,"0","0",NA,NA,"1 DB, WOB","1 DB, WOB","1 DB, WOB","1 DB, WOB",1,2,3,4,NA,NA,NA,NA,0,0,0,0,0,"SOAP292",1581,292,NA,"Point",2642.509,NA,0.0755650829576451,0,0,0,0,"SOAP_292_2075","SOAP_86_2232",8.14806856393946,"SOAP_86_2232",8.14806856393946,"SOAP_71_2217",7.35919468054304,"SOAP_77_2223",6.94652558078111,NA,40.5455333,-111.0298755,40.54547808,-111.0298121,NA,138.786441752462,40.54547808,-111.0298121,NA,138.786441752462,40.54555195,-111.0297921,NA,73.6619858504532,40.54549396,-111.0298117,NA,128.948823361821
"25","SOAP",294,"ABLA",6.9,23.9,NA,1,"0",1,1,1,1,"0","0","0","0",NA,NA,NA,0,"0","0","0","0",0,0,0,0,"0","0",NA,NA,0,0,0,0,"0","0",NA,NA,0,0,0,0,"0","0",NA,NA,0,0,0,0,"0","0",NA,NA,0,0,0,0,"0","0",NA,NA,0,0,0,0,"0","0",NA,NA,NA,NA,NA,NA,1,2,3,4,NA,NA,NA,NA,0,0,0,0,0,"SOAP294",1582,294,NA,"Point",2645.362,NA,0.0746011189952154,0,0,0,0,"SOAP_294_2076","SOAP_86_2232",9.42756134197617,"SOAP_86_2232",9.42756134197617,"SOAP_71_2217",7.69781044747346,"SOAP_77_2223",8.16198757077339,NA,40.54554394,-111.0298824,40.54547808,-111.0298121,NA,140.844914212187,40.54547808,-111.0298121,NA,140.844914212187,40.54555195,-111.0297921,NA,83.3673654090804,40.54549396,-111.0298117,NA,132.821265368373
"26","SOAP",296,"ABLA",4.4,16.5,NA,1,"0",1,1,1,1,"0","0","0","0",NA,NA,NA,0,"0","0","0","0",0,0,0,0,"0","0",NA,NA,0,0,0,0,"0","0",NA,NA,0,0,0,0,"0","0",NA,NA,0,0,0,0,"0","0",NA,NA,0,0,0,0,"0","0",NA,NA,0,0,0,0,"0","0",NA,NA,NA,NA,NA,NA,1,2,3,4,NA,NA,NA,NA,0,0,0,0,0,"SOAP296",1583,296,NA,"Point",2643.718,NA,0.0749145001869588,0,0,0,0,"SOAP_296_2077","SOAP_86_2232",9.32602347128608,"SOAP_86_2232",9.32602347128608,"SOAP_71_2217",7.90190537810391,"SOAP_77_2223",8.10529379663143,NA,40.54554146,-111.0298844,40.54547808,-111.0298121,NA,138.969894215478,40.54547808,-111.0298121,NA,138.969894215478,40.54555195,-111.0297921,NA,81.5262036411985,40.54549396,-111.0298117,NA,130.579666405349
"27","SOAP",298,"ABLA",NA,0.7,0,0,"0",1,1,1,1,"0","0","0","0",NA,NA,NA,0,"0","0","0","0",0,0,0,0,"0","0",NA,NA,0,0,0,0,"0","0",NA,NA,0,0,0,0,"0","0",NA,NA,0,0,0,0,"0","0",NA,NA,0,0,0,0,"0","0",NA,NA,0,0,0,0,"0","0",NA,NA,NA,NA,"under snow","under snow",1,2,3,4,NA,NA,NA,NA,0,0,0,0,0,"SOAP298",1584,298,NA,"Point",2644.767,NA,0.0728366633460808,0,0,0,0,"SOAP_298_2078","SOAP_86_2232",9.76822100857484,"SOAP_86_2232",9.76822100857484,"SOAP_71_2217",6.15924533095218,"SOAP_77_2223",8.25612925091119,NA,40.54555644,-111.0298646,40.54547808,-111.0298121,NA,152.928598587179,40.54547808,-111.0298121,NA,152.928598587179,40.54555195,-111.0297921,NA,94.6413055636194,40.54549396,-111.0298117,NA,147.142362499436
"28","SOAP",1234,"ABLA",3.8,25.4,NA,0,"0",1,1,1,1,"0","0","0","0",NA,NA,NA,0,"0","0","0","0",0,0,0,0,"0","0",NA,NA,0,0,0,0,"0","0",NA,NA,0,0,0,0,"0","0",NA,NA,0,0,0,0,"0","0",NA,NA,0,0,0,0,"0","0",NA,NA,0,0,0,0,"0","0",NA,NA,NA,NA,NA,NA,1,2,3,4,NA,NA,NA,NA,0,0,0,0,0,"SOAP1234",1585,1234,NA,"Point",2647.278,NA,0.0675479651937893,0,0,0,0,"SOAP_1234_2079","SOAP_1294_2113",7.90665577905461,"SOAP_86_2232",20.922735479572,"SOAP_1293_2112",11.8573732172779,"SOAP_1293_2112",11.8573732172779,NA,40.54563239,-111.029954,40.54566887,-111.0298738,NA,59.1935633667399,40.54547808,-111.0298121,NA,144.950428556622,40.54567884,-111.0298279,NA,64.2252556865091,40.54567884,-111.0298279,NA,64.2252556865091
"29","SOAP",1235,"ABLA",1.8,12.7,NA,0,"0",1,1,1,1,"0","0","0","0",NA,NA,NA,0,"0","0","0","0",0,0,0,0,"0","0",NA,NA,0,0,0,0,"0","0",NA,NA,0,0,0,0,"0","0",NA,NA,0,0,0,0,"0","0",NA,NA,0,0,0,0,"0","0",NA,NA,0,0,0,0,"0","0",NA,NA,NA,NA,NA,NA,1,2,3,4,NA,NA,NA,NA,0,0,0,0,0,"SOAP1235",1586,1235,NA,"Point",2645.664,NA,0.0702563202477643,0,0,0,0,"SOAP_1235_2080","SOAP_1294_2113",10.3452680416195,"SOAP_86_2232",19.8909236967855,"SOAP_1293_2112",14.1641321921771,"SOAP_1293_2112",14.1641321921771,NA,40.54561103,-111.0299696,40.54566887,-111.0298738,NA,51.6399445652283,40.54547808,-111.0298121,NA,137.895487264766,40.54567884,-111.0298279,NA,57.8991920034348,40.54567884,-111.0298279,NA,57.8991920034348
"30","SOAP",1236,"ABLA",NA,6.1,0,10,"0",1,1,1,1,"0","0","0","0",NA,NA,NA,0,"0","0","0","0",0,0,0,0,"0","0",NA,NA,0,0,0,0,"0","0",NA,NA,0,0,0,0,"0","0",NA,NA,0,0,0,0,"0","0",NA,NA,0,0,0,0,"0","0",NA,NA,0,0,0,0,"0","0",NA,NA,"6 DB, WOB","6 DB, WOB","6 DB, WOB","6 DB, WOB",1,2,3,4,NA,NA,NA,NA,0,0,0,0,0,"SOAP1236",1587,1236,NA,"Point",2643.835,NA,0.0690818199239662,0,0,0,0,"SOAP_1236_2081","SOAP_1294_2113",9.57142164421086,"SOAP_86_2232",20.8259519437881,"SOAP_1293_2112",13.4930747690845,"SOAP_1293_2112",13.4930747690845,NA,40.5456225,-111.0299691,40.54566887,-111.0298738,NA,57.4688572585447,40.54547808,-111.0298121,NA,140.331170123361,40.54567884,-111.0298279,NA,62.3880084570208,40.54567884,-111.0298279,NA,62.3880084570208
"31","SOAP",1238,"ABLA",6.8,34.8,NA,0,"0",1,1,1,1,"0","0","0","0",NA,NA,NA,0,"0","0","0","0",0,0,0,0,"0","0",NA,NA,0,0,0,0,"0","0",NA,NA,0,0,0,0,"0","0",NA,NA,0,0,0,0,"0","0",NA,NA,0,0,0,0,"0","0",NA,NA,0,0,0,0,"0","0",NA,NA,NA,NA,NA,NA,1,2,3,4,NA,NA,NA,NA,0,0,0,0,0,"SOAP1238",1588,1238,NA,"Point",2644.327,NA,0.068102975857018,0,0,0,0,"SOAP_1238_2082","SOAP_1294_2113",7.9712782021404,"SOAP_86_2232",19.9714399679917,"SOAP_1293_2112",11.8192440989902,"SOAP_1293_2112",11.8192440989902,NA,40.54562497,-111.0299483,40.54566887,-111.0298738,NA,52.3156015622692,40.54547808,-111.0298121,NA,144.727040329869,40.54567884,-111.0298279,NA,59.6074211805235,40.54567884,-111.0298279,NA,59.6074211805235
"32","SOAP",1239,"ABLA",1.6,10.4,NA,1,"0",1,1,1,1,"0","0","0","0",NA,NA,NA,0,"0","0","0","0",0,0,0,0,"0","0",NA,NA,0,0,0,0,"0","0",NA,NA,0,0,0,0,"0","0",NA,NA,0,0,0,0,"0","0",NA,NA,0,0,0,0,"0","0",NA,NA,0,0,0,0,"0","0",NA,NA,"1 DB, WOB","1 DB, WOB","1 DB, WOB","1 DB, WOB",1,2,3,4,NA,NA,NA,NA,0,0,0,0,0,"SOAP1239",1589,1239,NA,"Point",2644.594,NA,0.0679014967114684,0,0,0,0,"SOAP_1239_2083","SOAP_1294_2113",7.39246173999649,"SOAP_86_2232",19.3174525309822,"SOAP_1293_2112",11.1419082955647,"SOAP_1293_2112",11.1419082955647,NA,40.54562341,-111.0299376,40.54566887,-111.0298738,NA,46.9528416044991,40.54547808,-111.0298121,NA,146.624759885837,40.54567884,-111.0298279,NA,56.4806046005319,40.54567884,-111.0298279,NA,56.4806046005319
"33","SOAP",1240,"ABLA",1.8,11.4,NA,0,"0",1,1,1,1,"0","0","0","0",NA,NA,NA,0,"0","0","0","0",0,0,0,0,"0","0",NA,NA,0,0,0,0,"0","0",NA,NA,0,0,0,0,"0","0",NA,NA,0,0,0,0,"0","0",NA,NA,0,0,0,0,"0","0",NA,NA,0,0,0,0,"0","0",NA,NA,NA,NA,NA,NA,1,2,3,4,NA,NA,NA,NA,0,0,0,0,0,"SOAP1240",1590,1240,NA,"Point",2645.345,NA,0.0675185037026856,0,0,0,0,"SOAP_1240_2084","SOAP_1294_2113",6.65585923219499,"SOAP_86_2232",18.6747005309285,"SOAP_1293_2112",10.2547660343015,"SOAP_1293_2112",10.2547660343015,NA,40.54562292,-111.0299243,40.54566887,-111.0298738,NA,39.975879367518,40.54547808,-111.0298121,NA,149.419530040762,40.54567884,-111.0298279,NA,52.7498814661034,40.54567884,-111.0298279,NA,52.7498814661034
"34","SOAP",1241,"ABLA",NA,1.5,0,1,"0",1,1,1,1,"0","0","0","0",NA,NA,NA,0,"0","0","0","0",0,0,0,0,"0","0",NA,NA,0,0,0,0,"0","0",NA,NA,0,0,0,0,"0","0",NA,NA,0,0,0,0,"0","0",NA,NA,0,0,0,0,"0","0",NA,NA,0,0,0,0,"0","0",NA,NA,"1 DB, WOB","1 DB, WOB","1 DB, WOB","1 DB, WOB",1,2,3,4,NA,NA,NA,NA,0,0,0,0,0,"SOAP1241",1591,1241,NA,"Point",2645.453,NA,0.0646953303568652,0,0,0,0,"SOAP_1241_2085","SOAP_1294_2113",3.74989021274496,"SOAP_497_2129",19.1794398064763,"SOAP_1293_2112",7.49960686142025,"SOAP_1293_2112",7.49960686142025,NA,40.54564402,-111.0299038,40.54566887,-111.0298738,NA,42.6432047645875,40.54572051,-111.0297007,NA,63.7246289169172,40.54567884,-111.0298279,NA,58.9780271370441,40.54567884,-111.0298279,NA,58.9780271370441
"35","SOAP",1242,"ABLA",1.2,9.6,NA,0,"0",1,1,1,1,"0","0","0","0",NA,NA,NA,0,"0","0","0","0",0,0,0,0,"0","0",NA,NA,0,0,0,0,"0","0",NA,NA,0,0,0,0,"0","0",NA,NA,0,0,0,0,"0","0",NA,NA,0,0,0,0,"0","0",NA,NA,0,0,0,0,"0","0",NA,NA,NA,NA,NA,NA,1,2,3,4,NA,NA,NA,NA,0,0,0,0,0,"SOAP1242",1592,1242,NA,"Point",2642.732,NA,0.0634081433028098,0,0,0,0,"SOAP_1242_2086","SOAP_1294_2113",2.44363619272601,"SOAP_497_2129",18.0281124842386,"SOAP_1293_2112",6.31145256045039,"SOAP_1293_2112",6.31145256045039,NA,40.54565377,-111.0298948,40.54566887,-111.0298738,NA,46.6928909894243,40.54572051,-111.0297007,NA,65.7370290678749,40.54567884,-111.0298279,NA,63.8379636173605,40.54567884,-111.0298279,NA,63.8379636173605
"36","SOAP",1244,"ABLA",NA,4.9,0,0,"0",1,1,1,1,"0","0","0","0",NA,NA,NA,0,"0","0","0","0",0,0,0,0,"0","0",NA,NA,0,0,0,0,"0","0",NA,NA,0,0,0,0,"0","0",NA,NA,0,0,0,0,"0","0",NA,NA,0,0,0,0,"0","0",NA,NA,0,0,0,0,"0","0",NA,NA,NA,NA,NA,NA,1,2,3,4,NA,NA,NA,NA,0,0,0,0,0,"SOAP1244",1593,1244,NA,"Point",2643.68,NA,0.0637324107872466,0,0,0,0,"SOAP_1244_2087","SOAP_1294_2113",3.29286064122153,"SOAP_497_2129",19.0087714618748,"SOAP_1293_2112",7.2885003212281,"SOAP_1293_2112",7.2885003212281,NA,40.54565461,-111.0299079,40.54566887,-111.0298738,NA,61.2690123964156,40.54572051,-111.0297007,NA,67.3673909850361,40.54567884,-111.0298279,NA,68.3452463756041,40.54567884,-111.0298279,NA,68.3452463756041
"37","SOAP",1245,"ABLA",10,45.8,NA,0,"0",1,1,1,1,"0","0","0","0",NA,NA,NA,0,"0","0","0","0",0,0,0,0,"0","0",NA,NA,0,0,0,0,"0","0",NA,NA,0,0,0,0,"0","0",NA,NA,0,0,0,0,"0","0",NA,NA,0,0,0,0,"0","0",NA,NA,0,0,0,0,"0","0",NA,NA,NA,NA,NA,NA,1,2,3,4,NA,NA,NA,NA,0,0,0,0,0,"SOAP1245",1594,1245,NA,"Point",2644.623,NA,0.0624480167544165,0,0,0,0,"SOAP_1245_2088","SOAP_1294_2113",1.90560003677502,"SOAP_497_2129",17.643236289853,"SOAP_1293_2112",5.94401696596922,"SOAP_1293_2112",5.94401696596922,NA,40.54566311,-111.029895,40.54566887,-111.0298738,NA,70.3959184337894,40.54572051,-111.0297007,NA,68.8305369000025,40.54567884,-111.0298279,NA,72.9175177230321,40.54567884,-111.0298279,NA,72.9175177230321
"38","SOAP",1246,"ABLA",NA,3,0,0,"0",1,1,1,1,"0","0","0","0",NA,NA,NA,0,"0","0","0","0",0,0,0,0,"0","0",NA,NA,0,0,0,0,"0","0",NA,NA,0,0,0,0,"0","0",NA,NA,0,0,0,0,"0","0",NA,NA,0,0,0,0,"0","0",NA,NA,0,0,0,0,"0","0",NA,NA,NA,NA,"low under snow","low under snow",1,2,3,4,NA,NA,NA,NA,0,0,0,0,0,"SOAP1246",1596,1246,NA,"Point",2645.176,NA,0.0589396907681297,0,0,0,0,"SOAP_1246_2089","SOAP_1294_2113",6.36109084680098,"SOAP_497_2129",19.283600993263,"SOAP_1256_2094",4.18831193465134,"SOAP_1293_2112",9.09038921184023,NA,40.54570863,-111.0299279,40.54566887,-111.0298738,NA,133.932453872593,40.54572051,-111.0297007,NA,86.0787546933074,40.54574634,-111.0299296,NA,-1.9696081516627,40.54567884,-111.0298279,NA,111.331202238826
"39","SOAP",1247,"ABLA",NA,2.1,0,1,"0",1,1,1,1,"0","0","0","0",NA,NA,NA,0,"0","0","0","0",0,0,0,0,"0","0",NA,NA,0,0,0,0,"0","0",NA,NA,0,0,0,0,"0","0",NA,NA,0,0,0,0,"0","0",NA,NA,0,0,0,0,"0","0",NA,NA,0,0,0,0,"0","0",NA,NA,"WOB","WOB","WOB","WOB",1,2,3,4,NA,NA,NA,NA,0,0,0,0,0,"SOAP1247",1597,1247,NA,"Point",2642.775,NA,0.0602965063822122,0,0,0,0,"SOAP_1247_2090","SOAP_1294_2113",6.42768384886849,"SOAP_497_2129",20.2851090914792,"SOAP_1256_2094",5.30645316383326,"SOAP_1293_2112",9.63785650144346,NA,40.54569903,-111.0299386,40.54566887,-111.0298738,NA,121.38845805456,40.54572051,-111.0297007,NA,83.2498182656879,40.54574634,-111.0299296,NA,8.25708770494072,40.54567884,-111.0298279,NA,103.44611843794
"40","SOAP",1249,"ABLA",1.3,7.5,NA,1,"0",1,1,1,1,"0","0","0","0",NA,NA,NA,0,"0","0","0","0",0,0,0,0,"0","0",NA,NA,0,0,0,0,"0","0",NA,NA,0,0,0,0,"0","0",NA,NA,0,0,0,0,"0","0",NA,NA,0,0,0,0,"0","0",NA,NA,0,0,0,0,"0","0",NA,NA,"1 DB","1 DB","1 DB","1 DB",1,2,3,4,NA,NA,NA,NA,0,0,0,0,0,"SOAP1249",1599,1249,NA,"Point",2645.072,NA,0.0566167465681703,0,0,0,0,"SOAP_1249_2091","SOAP_1294_2113",6.83194981488939,"SOAP_497_2129",17.5676762904785,"SOAP_1256_2094",3.02463344179032,"SOAP_1293_2112",8.47914741554025,NA,40.54572458,-111.0299081,40.54566887,-111.0298738,NA,154.84172963941,40.54572051,-111.0297007,NA,91.4735217854324,40.54574634,-111.0299296,NA,-37.0064079506711,40.54567884,-111.0298279,NA,126.782793507975
"41","SOAP",1250,"ABLA",NA,7.8,0,0,"0",1,1,1,1,"0","0","0","0",NA,NA,NA,0,"0","0","0","0",0,0,0,0,"0","0",NA,NA,0,0,0,0,"0","0",NA,NA,0,0,0,0,"0","0",NA,NA,0,0,0,0,"0","0",NA,NA,0,0,0,0,"0","0",NA,NA,0,0,0,0,"0","0",NA,NA,NA,NA,NA,NA,1,2,3,4,NA,NA,NA,NA,0,0,0,0,0,"SOAP1250",1600,1250,NA,"Point",2645.699,NA,0.0566971128377229,0,0,0,0,"SOAP_1250_2092","SOAP_1294_2113",6.29009628456292,"SOAP_497_2129",17.0033233031334,"SOAP_1256_2094",3.64618589433524,"SOAP_1293_2112",7.82371379714616,NA,40.54572145,-111.0299015,40.54566887,-111.0298738,NA,158.105825934026,40.54572051,-111.0297007,NA,90.3515317859095,40.54574634,-111.0299296,NA,-40.7358971046221,40.54567884,-111.0298279,NA,127.195660331519
"42","SOAP",1254,"ABLA",NA,2,0,3,"0",1,1,1,1,"0","0","0","0",NA,NA,NA,0,"0","0","0","0",0,0,0,0,"0","0",NA,NA,0,0,0,0,"0","0",NA,NA,0,0,0,0,"0","0",NA,NA,0,0,0,0,"0","0",NA,NA,0,0,0,0,"0","0",NA,NA,0,0,0,0,"0","0",NA,NA,"3 DB","3 DB","3 DB","3 DB",1,2,3,4,NA,NA,NA,NA,0,0,0,0,0,"SOAP1254",1604,1254,NA,"Point",2646.123,NA,0.054217662240245,0,0,0,0,"SOAP_1254_2093","SOAP_1294_2113",9.86103770426358,"SOAP_497_2129",18.5637076039737,"SOAP_1256_2094",1.28563096731849,"SOAP_1293_2112",11.0035425767382,NA,40.54575164,-111.0299161,40.54566887,-111.0298738,NA,158.701392978002,40.54572051,-111.0297007,NA,100.727547149176,40.54574634,-111.0299296,NA,-117.232300042488,40.54567884,-111.0298279,NA,137.255372071265
"43","SOAP",1256,"ABLA",3.6,32.7,NA,0,"0",1,1,1,1,"0","0","BO","0",NA,NA,NA,0,"0","0","0","0",0,0,0,0,"0","0",NA,NA,0,0,0,0,"0","0",NA,NA,0,0,1,0,"0","0",NA,NA,0,0,0,0,"0","0",NA,NA,0,0,0,0,"0","0",NA,NA,0,0,0,0,"0","0",NA,NA,NA,NA,NA,NA,1,2,3,4,NA,NA,NA,NA,0,0,1,0,1,"SOAP1256",1606,1256,NA,"Point",2645.85,NA,0.0552692738811611,0,0,1,0,"SOAP_1256_2094","SOAP_1294_2113",9.8118165495175,"SOAP_497_2129",19.5933183312616,"SOAP_1293_2112",11.4147989458111,"SOAP_1293_2112",11.4147989458111,NA,40.54574634,-111.0299296,40.54566887,-111.0298738,NA,151.212906032939,40.54572051,-111.0297007,NA,98.4144028021429,40.54567884,-111.0298279,NA,131.025026908861,40.54567884,-111.0298279,NA,131.025026908861
"44","SOAP",1257,"ABLA",1,7.9,NA,0,"0",1,1,1,1,"0","0","0","0",NA,NA,NA,0,"0","0","0","0",0,0,0,0,"0","0",NA,NA,0,0,0,0,"0","0",NA,NA,0,0,0,0,"0","0",NA,NA,0,0,0,0,"0","0",NA,NA,0,0,0,0,"0","0",NA,NA,0,0,0,0,"0","0",NA,NA,NA,NA,NA,NA,1,2,3,4,NA,NA,NA,NA,0,0,0,0,0,"SOAP1257",1607,1257,NA,"Point",2644.773,NA,0.0548366760030279,0,0,0,0,"SOAP_1257_2095","SOAP_1294_2113",11.4216395469631,"SOAP_497_2129",20.9831254389166,"SOAP_1256_2094",1.67604761645888,"SOAP_1293_2112",13.0892031424531,NA,40.54575678,-111.0299439,40.54566887,-111.0298738,NA,148.687940799335,40.54572051,-111.0297007,NA,101.061756619401,40.54574634,-111.0299296,NA,133.742367242413,40.54567884,-111.0298279,NA,131.372840786419
"45","SOAP",1260,"ABLA",NA,6.4,0,3,"0",1,1,1,1,"0","0","0","0",NA,NA,NA,0,"0","0","0","0",0,0,0,0,"0","0",NA,NA,0,0,0,0,"0","0",NA,NA,0,0,0,0,"0","0",NA,NA,0,0,0,0,"0","0",NA,NA,0,0,0,0,"0","0",NA,NA,0,0,0,0,"0","0",NA,NA,"2 DB","2 DB","2 DB","2 DB",1,2,3,4,NA,NA,NA,NA,0,0,0,0,0,"SOAP1260",1610,1260,NA,"Point",2641.164,NA,0.0565297245619679,0,0,0,0,"SOAP_1260_2096","SOAP_1294_2113",11.2177005683358,"SOAP_497_2129",22.0877288642902,"SOAP_1256_2094",2.52363532369142,"SOAP_1293_2112",13.4000366175901,NA,40.545746,-111.0299594,40.54566887,-111.0298738,NA,139.748176574151,40.54572051,-111.0297007,NA,97.3596511106889,40.54574634,-111.0299296,NA,89.1431162867996,40.54567884,-111.0298279,NA,123.802155875743
"46","SOAP",1261,"ABLA",8,44.1,NA,0,"0",1,1,1,1,"0","0","0","0",NA,NA,NA,0,"0","0","0","0",0,0,0,0,"0","0",NA,NA,0,0,0,0,"0","0",NA,NA,0,0,0,0,"0","0",NA,NA,0,0,0,0,"0","0",NA,NA,0,0,0,0,"0","0",NA,NA,0,0,0,0,"0","0",NA,NA,NA,NA,NA,NA,1,2,3,4,NA,NA,NA,NA,0,0,0,0,0,"SOAP1261",1611,1261,NA,"Point",2638.736,NA,0.053691641424129,0,0,0,0,"SOAP_1261_2097","SOAP_1294_2113",12.585725556698,"SOAP_489_2121",21.0949526675764,"SOAP_1256_2094",2.77603027158557,"SOAP_1293_2112",14.0164102989906,NA,40.54576877,-111.0299441,40.54566887,-111.0298738,NA,151.772334699881,40.54578513,-111.0296959,NA,85.0614645723029,40.54574634,-111.0299296,NA,153.750017324142,40.54567884,-111.0298279,NA,135.413041164446
"47","SOAP",1263,"ABLA",NA,3.3,0,1,"0",1,1,1,1,"0","0","0","0",NA,NA,NA,0,"0","0","0","0",0,0,0,0,"0","0",NA,NA,0,0,0,0,"0","0",NA,NA,0,0,0,0,"0","0",NA,NA,0,0,0,0,"0","0",NA,NA,0,0,0,0,"0","0",NA,NA,0,0,0,0,"0","0",NA,NA,"1 DB","1 DB","1 DB","1 DB",1,2,3,4,NA,NA,NA,NA,0,0,0,0,0,"SOAP1263",1613,1263,NA,"Point",2641.974,NA,0.0514497575601924,0,0,0,0,"SOAP_1263_2098","SOAP_1294_2113",13.5467470478235,"SOAP_489_2121",19.5012209627891,"SOAP_1256_2094",4.21012278237184,"SOAP_1293_2112",14.352895619203,NA,40.54578418,-111.0299262,40.54566887,-111.0298738,NA,160.880734619636,40.54578513,-111.0296959,NA,89.6901030499327,40.54574634,-111.0299296,NA,-176.078902814027,40.54567884,-111.0298279,NA,144.554322853917
"48","SOAP",1274,"ABLA",NA,6.9,0,2,"0",1,1,1,1,"0","0","0","0",NA,NA,NA,0,"0","0","0","0",0,0,0,0,"0","0",NA,NA,0,0,0,0,"0","0",NA,NA,0,0,0,0,"0","0",NA,NA,0,0,0,0,"0","0",NA,NA,0,0,0,0,"0","0",NA,NA,0,0,0,0,"0","0",NA,NA,"1 DB","1 DB","1 DB","1 DB",1,2,3,4,NA,NA,NA,NA,0,0,0,0,0,"SOAP1274",1624,1274,NA,"Point",2645.91,NA,0.0492899111525162,0,0,0,0,"SOAP_1274_2099","SOAP_1294_2113",12.6050467620093,"SOAP_489_2121",14.3815529672845,"SOAP_1256_2094",6.7211776869354,"SOAP_1293_2112",11.9175624991347,NA,40.54578226,-111.0298657,40.54566887,-111.0298738,NA,-176.880823176675,40.54578513,-111.0296959,NA,88.7306570275264,40.54574634,-111.0299296,NA,-126.385919976484,40.54567884,-111.0298279,NA,164.420475440415
"49","SOAP",1276,"ABLA",NA,6.9,0,0,"0",1,1,1,1,"0","0","0","0",NA,NA,NA,0,"0","0","0","0",0,0,0,0,"0","0",NA,NA,0,0,0,0,"0","0",NA,NA,0,0,0,0,"0","0",NA,NA,0,0,0,0,"0","0",NA,NA,0,0,0,0,"0","0",NA,NA,0,0,0,0,"0","0",NA,NA,NA,NA,NA,NA,1,2,3,4,NA,NA,NA,NA,0,0,0,0,0,"SOAP1276",1626,1276,NA,"Point",2646.807,NA,0.0510245489055698,0,0,0,0,"SOAP_1276_2100","SOAP_1294_2113",10.4240548167263,"SOAP_489_2121",13.7292538638887,"SOAP_1256_2094",6.53443393897521,"SOAP_1293_2112",9.48043635522637,NA,40.54576169,-111.0298551,40.54566887,-111.0298738,NA,-171.262758789087,40.54578513,-111.0296959,NA,79.0756471802917,40.54574634,-111.0299296,NA,-105.114613416736,40.54567884,-111.0298279,NA,165.939749372958
"50","SOAP",1277,"ABLA",1.6,10.6,NA,0,"0",1,1,1,1,"0","0","0","0",NA,NA,NA,0,"0","0","0","0",0,0,0,0,"0","0",NA,NA,0,0,0,0,"0","0",NA,NA,0,0,0,0,"0","0",NA,NA,0,0,0,0,"0","0",NA,NA,0,0,0,0,"0","0",NA,NA,0,0,0,0,"0","0",NA,NA,NA,NA,NA,NA,1,2,3,4,NA,NA,NA,NA,0,0,0,0,0,"SOAP1277",1627,1277,NA,"Point",2649.526,NA,0.051579873552397,0,0,0,0,"SOAP_1277_2101","SOAP_1294_2113",10.1559516978105,"SOAP_489_2121",14.7743416651053,"SOAP_1256_2094",5.49602322355972,"SOAP_1293_2112",9.63068060668178,NA,40.54576023,-111.0298673,40.54566887,-111.0298738,NA,-176.893363464853,40.54578513,-111.0296959,NA,79.2177784250615,40.54574634,-111.0299296,NA,-106.29182697678,40.54567884,-111.0298279,NA,159.731571902468
"51","SOAP",1278,"ABLA",10.1,63.1,NA,0,"0",1,1,1,1,"0","0","0","0",NA,NA,NA,0,"0","0","0","0",0,0,0,0,"0","0",NA,NA,0,0,0,0,"0","0",NA,NA,0,0,0,0,"0","0",NA,NA,0,0,0,0,"0","0",NA,NA,0,0,0,0,"0","0",NA,NA,0,0,0,0,"0","0",NA,NA,NA,NA,NA,NA,1,2,3,4,NA,NA,NA,NA,0,0,0,0,0,"SOAP1278",1628,1278,NA,"Point",2647.139,NA,0.0503970802435353,0,0,0,0,"SOAP_1278_2102","SOAP_1294_2113",10.9303450123321,"SOAP_489_2121",12.9523811464204,"SOAP_1256_2094",7.33108268012007,"SOAP_1293_2112",9.70825586765563,NA,40.54576513,-111.0298466,40.54566887,-111.0298738,NA,-167.835691183895,40.54578513,-111.0296959,NA,80.1308287317864,40.54574634,-111.0299296,NA,-106.529023556594,40.54567884,-111.0298279,NA,170.61293440932
"52","SOAP",1279,"ABLA",3.4,27,NA,0,"0",1,1,1,1,"0","0","0","0",NA,NA,NA,0,"0","0","0","0",0,0,0,0,"0","0",NA,NA,0,0,0,0,"0","0",NA,NA,0,0,0,0,"0","0",NA,NA,0,0,0,0,"0","0",NA,NA,0,0,0,0,"0","0",NA,NA,0,0,0,0,"0","0",NA,NA,NA,NA,NA,NA,1,2,3,4,NA,NA,NA,NA,0,0,0,0,0,"SOAP1279",1629,1279,NA,"Point",2646.819,NA,0.0500432862458067,0,0,0,0,"SOAP_1279_2103","SOAP_1294_2113",11.2937338555049,"SOAP_489_2121",12.8451744738904,"SOAP_1256_2094",7.48975823581918,"SOAP_1293_2112",10.0564811776527,NA,40.54576838,-111.029846,40.54566887,-111.0298738,NA,-167.969376943641,40.54578513,-111.0296959,NA,81.6774948641261,40.54574634,-111.0299296,NA,-109.064948003915,40.54567884,-111.0298279,NA,171.233765622158
"53","SOAP",1280,"ABLA",4.4,23.9,NA,0,"0",1,1,1,1,"0","0","0","0",NA,NA,NA,0,"0","0","0","0",0,0,0,0,"0","0",NA,NA,0,0,0,0,"0","0",NA,NA,0,0,0,0,"0","0",NA,NA,0,0,0,0,"0","0",NA,NA,0,0,0,0,"0","0",NA,NA,0,0,0,0,"0","0",NA,NA,NA,NA,NA,NA,1,2,3,4,NA,NA,NA,NA,0,0,0,0,0,"SOAP1280",1630,1280,NA,"Point",2645.236,NA,0.0509480187532047,0,0,0,0,"SOAP_1280_2104","SOAP_1294_2113",10.2601911906872,"SOAP_497_2129",11.2811982610117,"SOAP_1293_2112",8.34032724895869,"SOAP_1293_2112",8.34032724895869,NA,40.54575397,-111.0298265,40.54566887,-111.0298738,NA,-157.022950732476,40.54572051,-111.0297007,NA,109.221873493969,40.54567884,-111.0298279,NA,-179.185587555651,40.54567884,-111.0298279,NA,-179.185587555651
"54","SOAP",1281,"ABLA",14.4,67.5,NA,1,"0",1,1,1,1,"0","0","0","0",NA,NA,NA,0,"0","0","0","0",0,0,0,0,"0","0",NA,NA,0,0,0,0,"0","0",NA,NA,0,0,0,0,"0","0",NA,NA,0,0,0,0,"0","0",NA,NA,0,0,0,0,"0","0",NA,NA,0,0,0,0,"0","0",NA,NA,"1 DB","1 DB","1 DB","1 DB",1,2,3,4,NA,NA,NA,NA,0,0,0,0,0,"SOAP1281",1631,1281,NA,"Point",2646.205,NA,0.0519849863856698,0,0,0,0,"SOAP_1281_2105","SOAP_1294_2113",9.22658538533507,"SOAP_497_2129",11.335196801069,"SOAP_1293_2112",7.36733656616925,"SOAP_1293_2112",7.36733656616925,NA,40.54574518,-111.0298306,40.54566887,-111.0298738,NA,-156.642617632408,40.54572051,-111.0297007,NA,103.9799319409,40.54567884,-111.0298279,NA,178.221688592559,40.54567884,-111.0298279,NA,178.221688592559
"55","SOAP",1282,"ABLA",6.7,48.8,NA,0,"0",1,1,1,1,"0","0","0","0",NA,NA,NA,0,"0","0","0","0",0,0,0,0,"0","0",NA,NA,0,0,0,0,"0","0",NA,NA,0,0,0,0,"0","0",NA,NA,0,0,0,0,"0","0",NA,NA,0,0,0,0,"0","0",NA,NA,0,0,0,0,"0","0",NA,NA,NA,NA,NA,NA,1,2,3,4,NA,NA,NA,NA,0,0,0,0,0,"SOAP1282",1632,1282,NA,"Point",2646.423,NA,0.052127477498905,0,0,0,0,"SOAP_1282_2106","SOAP_1294_2113",9.18051837334619,"SOAP_497_2129",13.1508746832539,"SOAP_1256_2094",6.64946537548235,"SOAP_1293_2112",8.11564233970969,NA,40.54574976,-111.0298512,40.54566887,-111.0298738,NA,-167.968421287726,40.54572051,-111.0297007,NA,104.293289056105,40.54574634,-111.0299296,NA,-93.2728090016067,40.54567884,-111.0298279,NA,165.930083296057
"56","SOAP",1283,"ABLA",4.2,33.6,NA,0,"0",1,1,1,1,"0","0","0","0",NA,NA,NA,0,"0","0","0","0",0,0,0,0,"0","0",NA,NA,0,0,0,0,"0","0",NA,NA,0,0,0,0,"0","0",NA,NA,0,0,0,0,"0","0",NA,NA,0,0,0,0,"0","0",NA,NA,0,0,0,0,"0","0",NA,NA,NA,NA,NA,NA,1,2,3,4,NA,NA,NA,NA,0,0,0,0,0,"SOAP1283",1633,1283,NA,"Point",2646.998,NA,0.0531004621953593,0,0,0,0,"SOAP_1283_2107","SOAP_1294_2113",8.14095277898888,"SOAP_497_2129",11.2234556623144,"SOAP_1293_2112",6.22969523056223,"SOAP_1293_2112",6.22969523056223,NA,40.54573488,-111.0298319,40.54566887,-111.0298738,NA,-154.162906788284,40.54572051,-111.0297007,NA,98.1705126844613,40.54567884,-111.0298279,NA,176.883319951963,40.54567884,-111.0298279,NA,176.883319951963
"57","SOAP",1284,"ABLA",NA,8,0,0,"0",1,1,1,1,"0","0","0","0",NA,NA,NA,0,"0","0","0","0",0,0,0,0,"0","0",NA,NA,0,0,0,0,"0","0",NA,NA,0,0,0,0,"0","0",NA,NA,0,0,0,0,"0","0",NA,NA,0,0,0,0,"0","0",NA,NA,0,0,0,0,"0","0",NA,NA,"3 dead","3 dead","3 dead","3 dead",1,2,3,4,NA,NA,NA,NA,0,0,0,0,0,"SOAP1284",1634,1284,NA,"Point",2647.117,NA,0.054819351270134,0,0,0,0,"SOAP_1284_2108","SOAP_1294_2113",6.38097467947401,"SOAP_497_2129",12.3647343533519,"SOAP_1293_2112",5.10210719763372,"SOAP_1293_2112",5.10210719763372,NA,40.54572251,-111.0298467,40.54566887,-111.0298738,NA,-158.923103819085,40.54572051,-111.0297007,NA,91.0287194884203,40.54567884,-111.0298279,NA,161.819510994238,40.54567884,-111.0298279,NA,161.819510994238
"58","SOAP",1285,"ABLA",2.6,16.8,NA,0,"0",1,1,1,1,"0","0","0","0",NA,NA,NA,0,"0","0","0","0",0,0,0,0,"0","0",NA,NA,0,0,0,0,"0","0",NA,NA,0,0,0,0,"0","0",NA,NA,0,0,0,0,"0","0",NA,NA,0,0,0,0,"0","0",NA,NA,0,0,0,0,"0","0",NA,NA,NA,NA,NA,NA,1,2,3,4,NA,NA,NA,NA,0,0,0,0,0,"SOAP1285",1635,1285,NA,"Point",2647.77,NA,0.0551728479675034,0,0,0,0,"SOAP_1285_2109","SOAP_1294_2113",6.13218727865368,"SOAP_497_2129",11.5667143161149,"SOAP_1293_2112",4.25817850736288,"SOAP_1293_2112",4.25817850736288,NA,40.54571654,-111.0298372,40.54566887,-111.0298738,NA,-149.642655096455,40.54572051,-111.0297007,NA,87.8165517661056,40.54567884,-111.0298279,NA,169.342603278685,40.54567884,-111.0298279,NA,169.342603278685
"59","SOAP",1286,"ABLA",7,48,NA,0,"0",1,1,1,1,"0","0","0","0",NA,NA,NA,0,"0","0","0","0",0,0,0,0,"0","0",NA,NA,0,0,0,0,"0","0",NA,NA,0,0,0,0,"0","0",NA,NA,0,0,0,0,"0","0",NA,NA,0,0,0,0,"0","0",NA,NA,0,0,0,0,"0","0",NA,NA,NA,NA,NA,NA,1,2,3,4,NA,NA,NA,NA,0,0,0,0,0,"SOAP1286",1636,1286,NA,"Point",2646.29,NA,0.055758500458707,0,0,0,0,"SOAP_1286_2110","SOAP_1294_2113",5.95760023972065,"SOAP_497_2129",10.6746632748509,"SOAP_1293_2112",3.24657025323388,"SOAP_1293_2112",3.24657025323388,NA,40.54570804,-111.0298257,40.54566887,-111.0298738,NA,-136.870203033849,40.54572051,-111.0297007,NA,82.5494604606705,40.54567884,-111.0298279,NA,-176.710564983795,40.54567884,-111.0298279,NA,-176.710564983795
"60","SOAP",1291,"ABLA",2.3,11.8,NA,0,"0",1,1,1,1,"0","0","0","0",NA,NA,NA,0,"0","0","0","0",0,0,0,0,"0","0",NA,NA,0,0,0,0,"0","0",NA,NA,0,0,0,0,"0","0",NA,NA,0,0,0,0,"0","0",NA,NA,0,0,0,0,"0","0",NA,NA,0,0,0,0,"0","0",NA,NA,NA,NA,NA,NA,1,2,3,4,NA,NA,NA,NA,0,0,0,0,0,"SOAP1291",1642,1291,NA,"Point",2647.57,NA,0.0579485349401003,0,0,0,0,"SOAP_1291_2111","SOAP_1294_2113",3.25600266097706,"SOAP_497_2129",13.8553693872932,"SOAP_1293_2112",3.44809346745145,"SOAP_1293_2112",3.44809346745145,NA,40.54569661,-111.0298613,40.54566887,-111.0298738,NA,-161.029701747495,40.54572051,-111.0297007,NA,78.9612379847154,40.54567884,-111.0298279,NA,124.893313231357,40.54567884,-111.0298279,NA,124.893313231357
"61","SOAP",1293,"ABLA",2.2,14.2,NA,0,"0",1,1,1,1,"0","0","BO","BO",NA,NA,NA,0,"0","0","0","0",0,0,0,0,"0","0",NA,NA,0,0,0,0,"0","0",NA,NA,0,0,0,1,"0","0",NA,NA,0,0,0,0,"0","0",NA,NA,0,0,2,2,"0","0",NA,NA,0,0,0,2,"0","0",NA,NA,NA,NA,NA,NA,1,2,3,4,NA,NA,NA,NA,0,0,1,1,1,"SOAP1293",1644,1293,NA,"Point",2645.54,NA,0.0589099957659472,0,0,1,1,"SOAP_1293_2112","SOAP_1294_2113",4.04113187691922,"SOAP_497_2129",11.7219925578517,"SOAP_652_2134",8.06792799386621,"SOAP_654_2135",8.60639117681218,NA,40.54567884,-111.0298279,40.54566887,-111.0298738,NA,-105.893674353867,40.54572051,-111.0297007,NA,66.7594501867178,40.54568181,-111.0297327,NA,87.6580934483802,40.5456654,-111.0297278,NA,99.9821594830728
"62","SOAP",1294,"ABLA",NA,6.4,0,2,"0",1,1,1,1,"BO","0","0","0",NA,NA,NA,0,"0","0","0","0",1,0,0,0,"0","0",NA,NA,0,0,0,0,"0","0",NA,NA,0,0,0,0,"0","0",NA,NA,0,0,0,0,"0","0",NA,NA,0,0,0,0,"0","0",NA,NA,0,0,0,0,"0","0",NA,NA,"WOB","WOB","WOB","WOB",1,2,3,4,NA,NA,NA,NA,1,0,0,0,0,"SOAP1294",1645,1294,NA,"Point",2648.48,NA,0.0612078147260838,1,0,0,0,"SOAP_1294_2113","SOAP_664_2141",16.9352757171382,"SOAP_497_2129",15.738433508765,"SOAP_1293_2112",4.04113187691922,"SOAP_1293_2112",4.04113187691922,NA,40.54566887,-111.0298738,40.54573442,-111.0296932,NA,64.5551286148113,40.54572051,-111.0297007,NA,68.6410384621269,40.54567884,-111.0298279,NA,74.1062958086546,40.54567884,-111.0298279,NA,74.1062958086546
"63","SOAP",1298,"ABLA",NA,5.2,0,0,"0",1,1,1,1,"0","0","0","0",NA,NA,NA,0,"0","0","0","0",0,0,0,0,"0","0",NA,NA,0,0,0,0,"0","0",NA,NA,0,0,0,0,"0","0",NA,NA,0,0,0,0,"0","0",NA,NA,0,0,0,0,"0","0",NA,NA,0,0,0,0,"0","0",NA,NA,NA,NA,NA,NA,1,2,3,4,NA,NA,NA,NA,0,0,0,0,0,"SOAP1298",1649,1298,NA,"Point",2647.442,NA,0.0574006325573072,0,0,0,0,"SOAP_1298_2114","SOAP_1294_2113",6.29627357908012,"SOAP_497_2129",9.44927281758835,"SOAP_1293_2112",2.27439998942141,"SOAP_1293_2112",2.27439998942141,NA,40.54568757,-111.0298036,40.54566887,-111.0298738,NA,-109.248927548009,40.54572051,-111.0297007,NA,67.2353257637014,40.54567884,-111.0298279,NA,-115.217921436706,40.54567884,-111.0298279,NA,-115.217921436706
"64","SOAP",1259,"ABLA",NA,3.7,0,1,"0",1,1,1,1,"0","0","0","0",NA,NA,NA,0,"0","0","0","0",0,0,0,0,"0","0",NA,NA,0,0,0,0,"0","0",NA,NA,0,0,0,0,"0","0",NA,NA,0,0,0,0,"0","0",NA,NA,0,0,0,0,"0","0",NA,NA,0,0,0,0,"0","0",NA,NA,"Rot in area, 1 DB","Rot in area, 1 DB","Rot in area, 1 DB","Rot in area, 1 DB",1,2,3,4,NA,NA,NA,NA,0,0,0,0,0,"SOAP1259",1665,1259,NA,"Point",2648.31,NA,0.0572327032171846,0,0,0,0,"SOAP_1259_2115","SOAP_664_2141",8.26633894055886,"SOAP_497_2129",6.75017008020304,"SOAP_652_2134",2.45612241821006,"SOAP_654_2135",3.37318876831395,NA,40.54568136,-111.0297617,40.54573442,-111.0296932,NA,44.5619601568923,40.54572051,-111.0297007,NA,49.925115564442,40.54568181,-111.0297327,NA,88.834682098451,40.5456654,-111.0297278,NA,121.68115552686
"65","SOAP",1299,"ABLA",1.7,10.9,NA,0,"0",1,1,1,1,"0","0","0","0",NA,NA,NA,0,"0","0","0","0",0,0,0,0,"0","0",NA,NA,0,0,0,0,"0","0",NA,NA,0,0,0,0,"0","0",NA,NA,0,0,0,0,"0","0",NA,NA,0,0,0,0,"0","0",NA,NA,0,0,0,0,"0","0",NA,NA,NA,NA,NA,NA,1,2,3,4,NA,NA,NA,NA,0,0,0,0,0,"SOAP1299",1650,1299,NA,"Point",2646.33,NA,0.060676936267067,0,0,0,0,"SOAP_1299_2116","SOAP_1294_2113",3.22647162812507,"SOAP_497_2129",13.0678303605778,"SOAP_1293_2112",1.77459495120371,"SOAP_1293_2112",1.77459495120371,NA,40.54566416,-111.0298362,40.54566887,-111.0298738,NA,-80.6747354298826,40.54572051,-111.0297007,NA,61.4028173120969,40.54567884,-111.0298279,NA,23.3309657156427,40.54567884,-111.0298279,NA,23.3309657156427
"66","SOAP",1300,"ABLA",5.2,35.4,NA,5,"0",1,1,1,1,"0","0","0","0",NA,NA,NA,0,"0","0","0","0",0,0,0,0,"0","0",NA,NA,0,0,0,0,"0","0",NA,NA,0,0,0,0,"0","0",NA,NA,0,0,0,0,"0","0",NA,NA,0,0,0,0,"0","0",NA,NA,0,0,0,0,"0","0",NA,NA,NA,NA,NA,NA,1,2,3,4,NA,NA,NA,NA,0,0,0,0,0,"SOAP1300",1651,1300,NA,"Point",2648.522,NA,0.0531387444710922,0,0,0,0,"SOAP_1300_2117","SOAP_1294_2113",8.67198242260597,"SOAP_497_2129",9.07677605562097,"SOAP_1293_2112",5.76327615900452,"SOAP_1293_2112",5.76327615900452,NA,40.54572835,-111.0298074,40.54566887,-111.0298738,NA,-139.582411817505,40.54572051,-111.0297007,NA,95.5017110065014,40.54567884,-111.0298279,NA,-162.470655262216,40.54567884,-111.0298279,NA,-162.470655262216
"67","SOAP",483,"ABLA",NA,2.3,0,2,"0",1,1,1,1,"0","0","0","0",NA,NA,NA,0,"0","0","0","0",0,0,0,0,"0","0",NA,NA,0,0,0,0,"0","0",NA,NA,0,0,0,0,"0","0",NA,NA,0,0,0,0,"0","0",NA,NA,0,0,0,0,"0","0",NA,NA,0,0,0,0,"0","0",NA,NA,"1 DB","1 DB","1 DB","1 DB",1,2,3,4,NA,NA,NA,NA,0,0,0,0,0,"SOAP483",1652,483,NA,"Point",2647.849,NA,0.0517009657126904,0,0,0,0,"SOAP_483_2118","SOAP_664_2141",8.54914259036632,"SOAP_497_2129",8.15671135121829,"SOAP_1293_2112",7.24722109102606,"SOAP_1293_2112",7.24722109102606,NA,40.54573879,-111.029794,40.54573442,-111.0296932,NA,93.2526419764598,40.54572051,-111.0297007,NA,104.404333294714,40.54567884,-111.0298279,NA,-156.666226747302,40.54567884,-111.0298279,NA,-156.666226747302
"68","SOAP",487,"ABLA",NA,2.4,0,0,"0",1,1,1,1,"0","0","0","0",NA,NA,NA,0,"0","0","0","0",0,0,0,0,"0","0",NA,NA,0,0,0,0,"0","0",NA,NA,0,0,0,0,"0","0",NA,NA,0,0,0,0,"0","0",NA,NA,0,0,0,0,"0","0",NA,NA,0,0,0,0,"0","0",NA,NA,NA,NA,NA,NA,1,2,3,4,NA,NA,NA,NA,0,0,0,0,0,"SOAP487",1656,487,NA,"Point",2647.625,NA,0.0549773949477017,0,0,0,0,"SOAP_487_2119","SOAP_664_2141",8.25539329783263,"SOAP_497_2129",7.1770644322961,"SOAP_1293_2112",4.83301507684085,"SOAP_1293_2112",4.83301507684085,NA,40.54570601,-111.0297833,40.54573442,-111.0296932,NA,67.5425702195733,40.54572051,-111.0297007,NA,77.0407525451611,40.54567884,-111.0298279,NA,-128.610153807076,40.54567884,-111.0298279,NA,-128.610153807076
"69","SOAP",488,"ABLA",NA,6.3,0,3,"0",1,1,1,1,"0","0","0","0",NA,NA,NA,0,"0","0","0","0",0,0,0,0,"0","0",NA,NA,0,0,0,0,"0","0",NA,NA,0,0,0,0,"0","0",NA,NA,0,0,0,0,"0","0",NA,NA,0,0,0,0,"0","0",NA,NA,0,0,0,0,"0","0",NA,NA,NA,NA,NA,NA,1,2,3,4,NA,NA,NA,NA,0,0,0,0,0,"SOAP488",1657,488,NA,"Point",2653.134,NA,0.0442299612915477,0,0,0,0,"SOAP_488_2120","SOAP_489_2121",0.768552619044072,"SOAP_489_2121",0.768552619044072,"SOAP_489_2121",0.768552619044072,"SOAP_489_2121",0.768552619044072,NA,40.54579158,-111.0296992,40.54578513,-111.0296959,NA,158.679684518953,40.54578513,-111.0296959,NA,158.679684518953,40.54578513,-111.0296959,NA,158.679684518953,40.54578513,-111.0296959,NA,158.679684518953
"70","SOAP",489,"ABLA",NA,5.3,0,0,"0",1,1,1,1,"BO","BO","BO","BO",NA,NA,NA,0,"0","0","0","0",0,0,0,1,"0","0",NA,NA,0,0,0,0,"0","0",NA,NA,0,0,0,0,"0","0",NA,NA,1,1,1,1,"0","0",NA,NA,0,0,1,0,"0","0",NA,NA,0,0,0,0,"0","0",NA,NA,NA,NA,NA,NA,1,2,3,4,NA,NA,NA,NA,1,1,1,1,0,"SOAP489",1658,489,NA,"Point",2652.308,NA,0.0448998247263018,1,1,1,1,"SOAP_489_2121","SOAP_664_2141",5.63348808223771,"SOAP_664_2141",5.63348808223771,"SOAP_664_2141",5.63348808223771,"SOAP_490_2122",0.698959883958533,NA,40.54578513,-111.0296959,40.54573442,-111.0296932,NA,177.674104810491,40.54573442,-111.0296932,NA,177.674104810491,40.54573442,-111.0296932,NA,177.674104810491,40.5457789,-111.0296971,NA,-171.640988796004
"71","SOAP",490,"ABLA",2.8,22.1,NA,1,"0",1,1,1,1,"0","0","0","BO",NA,NA,NA,0,"0","0","0","0",0,0,0,0,"0","0",NA,NA,0,0,0,0,"0","0",NA,NA,0,0,0,0,"0","0",NA,NA,0,0,0,0,"0","0",NA,NA,0,0,0,1,"0","0",NA,NA,0,0,0,0,"0","0",NA,NA,"1 DB","1 DB","1 DB","1 DB",1,2,3,4,NA,NA,NA,NA,0,0,0,1,1,"SOAP490",1659,490,NA,"Point",2653.843,NA,0.0455999385468226,0,0,0,1,"SOAP_490_2122","SOAP_489_2121",0.698959883958533,"SOAP_489_2121",0.698959883958533,"SOAP_489_2121",0.698959883958533,"SOAP_489_2121",0.698959883958533,NA,40.5457789,-111.0296971,40.54578513,-111.0296959,NA,8.35901042392986,40.54578513,-111.0296959,NA,8.35901042392986,40.54578513,-111.0296959,NA,8.35901042392986,40.54578513,-111.0296959,NA,8.35901042392986
"72","SOAP",491,"ABLA",2.4,22.8,NA,0,"0",1,1,1,1,"0","0","0","0",NA,NA,NA,0,"0","0","0","0",0,0,0,0,"0","0",NA,NA,0,0,0,0,"0","0",NA,NA,0,0,0,0,"0","0",NA,NA,0,0,0,0,"0","0",NA,NA,0,0,0,0,"0","0",NA,NA,0,0,0,0,"0","0",NA,NA,NA,NA,NA,NA,1,2,3,4,NA,NA,NA,NA,0,0,0,0,0,"SOAP491",1660,491,NA,"Point",2651.536,NA,0.046082143499735,0,0,0,0,"SOAP_491_2123","SOAP_489_2121",1.22033301984667,"SOAP_489_2121",1.22033301984667,"SOAP_489_2121",1.22033301984667,"SOAP_490_2122",0.571154394921775,NA,40.545775,-111.0297015,40.54578513,-111.0296959,NA,22.8656561344247,40.54578513,-111.0296959,NA,22.8656561344247,40.54578513,-111.0296959,NA,22.8656561344247,40.5457789,-111.0296971,NA,40.7167505511831
"73","SOAP",492,"ABLA",8.6,51.5,NA,0,"0",1,1,1,1,"0","0","0","0",NA,NA,NA,0,"0","0","0","0",0,0,0,0,"0","0",NA,NA,0,0,0,0,"0","0",NA,NA,0,0,0,0,"0","0",NA,NA,0,0,0,0,"0","0",NA,NA,0,0,0,0,"0","0",NA,NA,0,0,0,0,"0","0",NA,NA,NA,NA,NA,NA,1,2,3,4,NA,NA,NA,NA,0,0,0,0,0,"SOAP492",1661,492,NA,"Point",2652.136,NA,0.0482801777608029,0,0,0,0,"SOAP_492_2124","SOAP_664_2141",2.25607091501815,"SOAP_664_2141",2.25607091501815,"SOAP_664_2141",2.25607091501815,"SOAP_490_2122",3.06723568485457,NA,40.54575332,-111.0296834,40.54573442,-111.0296932,NA,-158.418775181839,40.54573442,-111.0296932,NA,-158.418775181839,40.54573442,-111.0296932,NA,-158.418775181839,40.5457789,-111.0296971,NA,-22.2229558213604
"74","SOAP",493,"ABLA",6.4,46.5,NA,1,"0",1,1,1,1,"0","0","0","0",NA,NA,NA,0,"0","0","0","0",0,0,0,0,"0","0",NA,NA,0,0,0,0,"0","0",NA,NA,0,0,0,0,"0","0",NA,NA,0,0,0,0,"0","0",NA,NA,0,0,0,0,"0","0",NA,NA,0,0,0,0,"0","0",NA,NA,"1 DB, BIB","1 DB, BIB","1 DB, BIB","1 DB, BIB",1,2,3,4,NA,NA,NA,NA,0,0,0,0,0,"SOAP493",1662,493,NA,"Point",2651.409,NA,0.0495591580701174,0,0,0,0,"SOAP_493_2125","SOAP_664_2141",4.83337334701743,"SOAP_664_2141",4.83337334701743,"SOAP_664_2141",4.83337334701743,"SOAP_661_2138",6.44321731520717,NA,40.54573944,-111.0296365,40.54573442,-111.0296932,NA,-96.6201432218432,40.54573442,-111.0296932,NA,-96.6201432218432,40.54573442,-111.0296932,NA,-96.6201432218432,40.54569379,-111.0296835,NA,-141.853745843664
"75","SOAP",494,"ABLA",2.2,14.9,NA,0,"0",1,1,1,1,"0","0","0","0",NA,NA,NA,0,"0","0","0","0",0,0,0,0,"0","0",NA,NA,0,0,0,0,"0","0",NA,NA,0,0,0,0,"0","0",NA,NA,0,0,0,0,"0","0",NA,NA,0,0,0,0,"0","0",NA,NA,0,0,0,0,"0","0",NA,NA,NA,NA,NA,NA,1,2,3,4,NA,NA,NA,NA,0,0,0,0,0,"SOAP494",1663,494,NA,"Point",2654.204,NA,0.0494999185574192,0,0,0,0,"SOAP_494_2126","SOAP_664_2141",1.89098533361218,"SOAP_664_2141",1.89098533361218,"SOAP_664_2141",1.89098533361218,"SOAP_490_2122",4.62763439904596,NA,40.54574152,-111.0296729,40.54573442,-111.0296932,NA,-114.630798555789,40.54573442,-111.0296932,NA,-114.630798555789,40.54573442,-111.0296932,NA,-114.630798555789,40.5457789,-111.0296971,NA,-26.2833379654477
"76","SOAP",495,"ABLA",7.5,43.2,NA,0,"0",1,1,1,1,"0","0","0","0",NA,NA,NA,0,"0","0","0","0",0,0,0,0,"0","0",NA,NA,0,0,0,0,"0","0",NA,NA,0,0,0,0,"0","0",NA,NA,0,0,0,0,"0","0",NA,NA,0,0,0,0,"0","0",NA,NA,0,0,0,0,"0","0",NA,NA,NA,NA,NA,NA,1,2,3,4,NA,NA,NA,NA,0,0,0,0,0,"SOAP495",1664,495,NA,"Point",2651.65,NA,0.0500367269751452,0,0,0,0,"SOAP_495_2127","SOAP_664_2141",0.842543515589498,"SOAP_664_2141",0.842543515589498,"SOAP_664_2141",0.842543515589498,"SOAP_490_2122",4.72651282160253,NA,40.54573749,-111.0296841,40.54573442,-111.0296932,NA,-113.85707261913,40.54573442,-111.0296932,NA,-113.85707261913,40.54573442,-111.0296932,NA,-113.85707261913,40.5457789,-111.0296971,NA,-13.467695868055
"77","SOAP",496,"ABLA",2.7,12.9,NA,0,"0",1,1,1,1,"0","0","0","0",NA,NA,NA,0,"0","0","0","0",0,0,0,0,"0","0",NA,NA,0,0,0,0,"0","0",NA,NA,0,0,0,0,"0","0",NA,NA,0,0,0,0,"0","0",NA,NA,0,0,0,0,"0","0",NA,NA,0,0,0,0,"0","0",NA,NA,NA,NA,NA,NA,1,2,3,4,NA,NA,NA,NA,0,0,0,0,0,"SOAP496",1666,496,NA,"Point",2653.007,NA,0.0520152830189324,0,0,0,0,"SOAP_496_2128","SOAP_664_2141",1.55655121022989,"SOAP_497_2129",0.314011396709347,"SOAP_497_2129",0.314011396709347,"SOAP_661_2138",3.19829531561139,NA,40.5457207,-111.029697,40.54573442,-111.0296932,NA,11.9301915396852,40.54572051,-111.0297007,NA,-93.8510886769965,40.54572051,-111.0297007,NA,-93.8510886769965,40.54569379,-111.0296835,NA,159.058244159495
"78","SOAP",497,"ABLA",2.7,18.8,NA,0,"0",1,1,1,1,"0","BO","BO",NA,NA,NA,NA,0,"0","0","0","0",0,0,0,0,"0","0",NA,NA,0,1,1,0,"0","0",NA,NA,0,0,0,0,"0","0",NA,NA,0,0,0,0,"0","0",NA,NA,0,0,0,0,"0","0",NA,NA,0,0,0,0,"0","0",NA,NA,NA,NA,NA,NA,1,2,3,4,NA,NA,NA,NA,0,1,1,0,1,"SOAP497",1667,497,NA,"Point",2652.942,NA,0.0520752507416604,0,1,1,0,"SOAP_497_2129","SOAP_664_2141",1.66952536753844,"SOAP_664_2141",1.66952536753844,"SOAP_664_2141",1.66952536753844,"SOAP_661_2138",3.30423870918055,NA,40.54572051,-111.0297007,40.54573442,-111.0296932,NA,22.3578959383558,40.54573442,-111.0296932,NA,22.3578959383558,40.54573442,-111.0296932,NA,22.3578959383558,40.54569379,-111.0296835,NA,153.846519095955
"79","SOAP",498,"ABLA",NA,3.8,0,9,"0",1,1,1,1,"0","0","0","0",NA,NA,NA,0,"0","0","0","0",0,0,0,0,"0","0",NA,NA,0,0,0,0,"0","0",NA,NA,0,0,0,0,"0","0",NA,NA,0,0,0,0,"0","0",NA,NA,0,0,0,0,"0","0",NA,NA,0,0,0,0,"0","0",NA,NA,"Rot in area, WOB, 6 DB","Rot in area, WOB, 6 DB","Rot in area, WOB, 6 DB","Rot in area, WOB, 6 DB",1,2,3,4,NA,NA,NA,NA,0,0,0,0,0,"SOAP498",1668,498,NA,"Point",2650.528,NA,0.0523952993034904,0,0,0,0,"SOAP_498_2130","SOAP_664_2141",2.22848483940966,"SOAP_497_2129",0.754196527158658,"SOAP_497_2129",0.754196527158658,"SOAP_661_2138",3.49952835058998,NA,40.54571848,-111.0297092,40.54573442,-111.0296932,NA,37.4418536905221,40.54572051,-111.0297007,NA,72.6162412132814,40.54572051,-111.0297007,NA,72.6162412132814,40.54569379,-111.0296835,NA,141.548635097284
"80","SOAP",499,"ABLA",2.7,15.5,NA,0,"0",1,1,1,1,"0","0","0","0",NA,NA,NA,0,"0","0","0","0",0,0,0,0,"0","0",NA,NA,0,0,0,0,"0","0",NA,NA,0,0,0,0,"0","0",NA,NA,0,0,0,0,"0","0",NA,NA,0,0,0,0,"0","0",NA,NA,0,0,0,0,"0","0",NA,NA,NA,NA,NA,NA,1,2,3,4,NA,NA,NA,NA,0,0,0,0,0,"SOAP499",1669,499,NA,"Point",2648.54,NA,0.0525721950728521,0,0,0,0,"SOAP_499_2131","SOAP_664_2141",3.81084610818669,"SOAP_497_2129",2.82045604914121,"SOAP_497_2129",2.82045604914121,"SOAP_661_2138",5.16764383187592,NA,40.54571993,-111.029734,40.54573442,-111.0296932,NA,65.0353598141724,40.54572051,-111.0297007,NA,88.6920280128295,40.54572051,-111.0297007,NA,88.6920280128295,40.54569379,-111.0296835,NA,124.158602015319
"81","SOAP",650,"ABLA",3,19.4,NA,0,"0",1,1,1,1,"0","0","0","0",NA,NA,NA,0,"0","0","0","0",0,0,0,0,"0","0",NA,NA,0,0,0,0,"0","0",NA,NA,0,0,0,0,"0","0",NA,NA,0,0,0,0,"0","0",NA,NA,0,0,0,0,"0","0",NA,NA,0,0,0,0,"0","0",NA,NA,NA,NA,NA,NA,1,2,3,4,NA,NA,NA,NA,0,0,0,0,0,"SOAP650",1671,650,NA,"Point",2649.247,NA,0.0566635841864242,0,0,0,0,"SOAP_650_2132","SOAP_664_2141",7.33123067607942,"SOAP_497_2129",5.77819720436296,"SOAP_652_2134",1.5360453992183,"SOAP_654_2135",2.88418589939188,NA,40.54568484,-111.0297504,40.54573442,-111.0296932,NA,41.3505725326086,40.54572051,-111.0297007,NA,46.7462600094214,40.54568181,-111.0297327,NA,102.64793906622,40.5456654,-111.0297278,NA,138.431881695781
"82","SOAP",651,"ABLA",4.7,33.2,NA,1,"0",1,1,1,1,"0","0","0","0",NA,NA,NA,0,"0","0","0","0",0,0,0,0,"0","0",NA,NA,0,0,0,0,"0","0",NA,NA,0,0,0,0,"0","0",NA,NA,0,0,0,0,"0","0",NA,NA,0,0,0,0,"0","0",NA,NA,0,0,0,0,"0","0",NA,NA,"1 DB","1 DB","1 DB","1 DB",1,2,3,4,NA,NA,NA,NA,0,0,0,0,0,"SOAP651",1672,651,NA,"Point",2650.407,NA,0.0565941803069748,0,0,0,0,"SOAP_651_2133","SOAP_664_2141",7.35421573547044,"SOAP_497_2129",5.81784681689765,"SOAP_652_2134",1.69937202441692,"SOAP_654_2135",3.05390087000089,NA,40.54568573,-111.0297521,40.54573442,-111.0296932,NA,42.7010725791806,40.54572051,-111.0297007,NA,48.4265238176683,40.54568181,-111.0297327,NA,104.83575794684,40.5456654,-111.0297278,NA,137.641058620132
"83","SOAP",652,"ABLA",3.7,33,NA,0,"0",1,1,1,1,"0","0","BO","0",NA,NA,NA,0,"0","0","0","0",0,0,0,0,"0","0",NA,NA,0,0,0,0,"0","0",NA,NA,0,0,0,0,"0","0",NA,NA,0,0,0,0,"0","0",NA,NA,0,0,1,0,"0","0",NA,NA,0,0,0,0,"0","0",NA,NA,NA,NA,NA,NA,1,2,3,4,NA,NA,NA,NA,0,0,1,0,1,"SOAP652",1673,652,NA,"Point",2648.916,NA,0.0567286208573435,0,0,1,0,"SOAP_652_2134","SOAP_664_2141",6.72976805098525,"SOAP_497_2129",5.07892156428761,"SOAP_662_2139",4.57232354734836,"SOAP_654_2135",1.86817985368859,NA,40.54568181,-111.0297327,40.54573442,-111.0296932,NA,29.8019044615439,40.54572051,-111.0297007,NA,32.2427396800881,40.54570209,-111.0296857,NA,60.5061046477779,40.5456654,-111.0297278,NA,167.167860679976
"84","SOAP",654,"ABLA",NA,3.4,0,0,"0",1,1,1,1,"0","0","0","BO",NA,NA,NA,0,"0","0","0","0",0,0,0,0,"0","0",NA,NA,0,0,0,0,"0","0",NA,NA,0,0,0,0,"0","0",NA,NA,0,0,0,0,"0","0",NA,NA,0,0,0,0,"0","0",NA,NA,0,0,0,1,"0","0",NA,NA,NA,NA,NA,NA,1,2,3,4,NA,NA,NA,NA,0,0,0,1,1,"SOAP654",1675,654,NA,"Point",2645.742,NA,0.0584643904401729,0,0,0,1,"SOAP_654_2135","SOAP_664_2141",8.20236533409835,"SOAP_497_2129",6.53349293234058,"SOAP_652_2134",1.86817985368859,"SOAP_661_2138",4.89918173390538,NA,40.5456654,-111.0297278,40.54573442,-111.0296932,NA,20.9277009509997,40.54572051,-111.0297007,NA,20.5622784017635,40.54568181,-111.0297327,NA,-12.8321361347591,40.54569379,-111.0296835,NA,49.966736765106
"85","SOAP",659,"ABLA",NA,3,0,4,"0",1,1,1,1,"0","0","0","0",NA,NA,NA,0,"0","0","0","0",0,0,0,0,"0","0",NA,NA,0,0,0,0,"0","0",NA,NA,0,0,0,0,"0","0",NA,NA,0,0,0,0,"0","0",NA,NA,0,0,0,0,"0","0",NA,NA,0,0,0,0,"0","0",NA,NA,"3 DB","3 DB","3 DB","3 DB",1,2,3,4,NA,NA,NA,NA,0,0,0,0,0,"SOAP659",1679,659,NA,"Point",2648.891,NA,0.0564777497663047,0,0,0,0,"SOAP_659_2136","SOAP_664_2141",6.30639879213335,"SOAP_497_2129",5.01767221139431,"SOAP_667_2144",1.3150182608097,"SOAP_661_2138",1.72954597207826,NA,40.54567885,-111.0296777,40.54573442,-111.0296932,NA,-12.0121541781941,40.54572051,-111.0297007,NA,-22.8387629286144,40.54568845,-111.0296686,NA,35.8711987906329,40.54569379,-111.0296835,NA,-16.496724817826
"86","SOAP",660,"ABLA",8.6,53.2,NA,4,"0",1,1,1,1,"0","0","0","0",NA,NA,NA,0,"0","0","0","0",0,0,0,0,"0","0",NA,NA,0,0,0,0,"0","0",NA,NA,0,0,0,0,"0","0",NA,NA,0,0,0,0,"0","0",NA,NA,0,0,0,0,"0","0",NA,NA,0,0,0,0,"0","0",NA,NA,"4 DB","4 DB","4 DB","4 DB",1,2,3,4,NA,NA,NA,NA,0,0,0,0,0,"SOAP660",1680,660,NA,"Point",2648.124,NA,0.0557695570836638,0,0,0,0,"SOAP_660_2137","SOAP_664_2141",5.46707291467093,"SOAP_497_2129",4.11769418190787,"SOAP_667_2144",1.34002991574847,"SOAP_661_2138",0.902319742444083,NA,40.54568567,-111.029684,40.54573442,-111.0296932,NA,-8.19215535046333,40.54572051,-111.0297007,NA,-20.0853151594724,40.54568845,-111.0296686,NA,76.6864409308681,40.54569379,-111.0296835,NA,2.6893898828225
"87","SOAP",661,"ABLA",3.3,38.9,NA,0,"0",1,1,1,1,"0","0","0","BO",NA,NA,NA,0,"0","0","0","0",0,0,0,0,"0","0",NA,NA,0,0,0,0,"0","0",NA,NA,0,0,0,1,"0","0",NA,NA,0,0,0,0,"0","0",NA,NA,0,0,0,1,"0","0",NA,NA,0,0,0,0,"0","0",NA,NA,NA,NA,NA,NA,1,2,3,4,NA,NA,NA,NA,0,0,0,1,1,"SOAP661",1681,661,NA,"Point",2647.753,NA,0.0548666947054559,0,0,0,1,"SOAP_661_2138","SOAP_664_2141",4.58414312340971,"SOAP_497_2129",3.30423870918055,"SOAP_662_2139",0.939951073090052,"SOAP_654_2135",4.89918173390538,NA,40.54569379,-111.0296835,40.54573442,-111.0296932,NA,-10.3216613598948,40.54572051,-111.0297007,NA,-26.153469723109,40.54570209,-111.0296857,NA,-11.4310748752391,40.5456654,-111.0297278,NA,-130.033234437498
"88","SOAP",662,"ABLA",2.9,20.6,NA,0,"0",1,1,1,1,"0","0","BO","0",NA,NA,NA,0,"0","0","0","0",0,0,0,0,"0","0",NA,NA,0,0,0,0,"0","0",NA,NA,0,0,1,0,"0","0",NA,NA,0,0,0,0,"0","0",NA,NA,0,0,0,0,"0","0",NA,NA,0,0,1,0,"0","0",NA,NA,NA,NA,NA,NA,1,2,3,4,NA,NA,NA,NA,0,0,1,0,1,"SOAP662",1682,662,NA,"Point",2649.592,NA,0.0539662190180938,0,0,1,0,"SOAP_662_2139","SOAP_664_2141",3.64441368974734,"SOAP_497_2129",2.40703005815643,"SOAP_667_2144",2.09498237820696,"SOAP_661_2138",0.939951073090052,NA,40.54570209,-111.0296857,40.54573442,-111.0296932,NA,-10.035544449051,40.54572051,-111.0297007,NA,-31.8489207323814,40.54568845,-111.0296686,NA,136.278088044928,40.54569379,-111.0296835,NA,168.568923694641
"89","SOAP",663,"ABLA",5.2,41.2,16.2,0,"0",1,1,1,1,"0","0","0","0",NA,NA,NA,0,"0","0","0","0",0,0,0,0,"0","0",NA,NA,0,0,0,0,"0","0",NA,NA,0,0,0,0,"0","0",NA,NA,0,0,0,0,"0","0",NA,NA,0,0,0,0,"0","0",NA,NA,0,0,0,0,"0","0",NA,NA,NA,NA,NA,NA,1,2,3,4,NA,NA,NA,NA,0,0,0,0,0,"SOAP663",1683,663,NA,"Point",2651.181,NA,0.0510526182850397,0,0,0,0,"SOAP_663_2140","SOAP_664_2141",0.605425655031464,"SOAP_664_2141",0.605425655031464,"SOAP_664_2141",0.605425655031464,"SOAP_661_2138",3.98033031750093,NA,40.545729,-111.0296924,40.54573442,-111.0296932,NA,-6.42427327472023,40.54573442,-111.0296932,NA,-6.42427327472023,40.54573442,-111.0296932,NA,-6.42427327472023,40.54569379,-111.0296835,NA,169.085968698794
"90","SOAP",664,"ABLA",1.5,12.8,0,0,"0",1,1,1,1,"BO","BO","BO","0",NA,NA,NA,0,"0","0","0","0",0,1,0,0,"0","0",NA,NA,0,0,0,0,"0","0",NA,NA,0,0,1,0,"0","0",NA,NA,0,0,0,0,"0","0",NA,NA,0,0,0,0,"0","0",NA,NA,1,1,0,0,"0","0",NA,NA,NA,NA,NA,NA,1,2,3,4,NA,NA,NA,NA,1,1,1,0,0,"SOAP664",1684,664,NA,"Point",2651.312,NA,0.0504621097511872,1,1,1,0,"SOAP_664_2141","SOAP_489_2121",5.63348808223771,"SOAP_497_2129",1.66952536753844,"SOAP_497_2129",1.66952536753844,"SOAP_661_2138",4.58414312340971,NA,40.54573442,-111.0296932,40.54578513,-111.0296959,NA,-2.32589343435997,40.54572051,-111.0297007,NA,-157.642099186234,40.54572051,-111.0297007,NA,-157.642099186234,40.54569379,-111.0296835,NA,169.678332334576
"91","SOAP",665,"ABLA",1.5,11,3.1,0,"0",1,1,1,1,"0","0","0","0",NA,NA,NA,NA,"0","0","0","0",0,0,0,0,"0","0",NA,NA,0,0,0,0,"0","0",NA,NA,0,0,0,0,"0","0",NA,NA,0,0,0,0,"0","0",NA,NA,0,0,0,0,"0","0",NA,NA,0,0,0,0,"0","0",NA,NA,NA,NA,NA,NA,1,2,3,4,NA,NA,NA,NA,0,0,0,0,0,"SOAP665",1685,665,NA,"Point",2650.876,NA,0.053253657441585,0,0,0,0,"SOAP_665_2142","SOAP_664_2141",3.03866858077042,"SOAP_497_2129",2.05302613520182,"SOAP_662_2139",0.739626310797256,"SOAP_661_2138",1.61173642496007,NA,40.54570829,-111.0296825,40.54573442,-111.0296932,NA,-17.3476536563875,40.54572051,-111.0297007,NA,-48.6469167899696,40.54570209,-111.0296857,NA,-158.509131655889,40.54569379,-111.0296835,NA,-176.988445665874
"92","SOAP",666,"ABLA",1.2,10.4,0,0,"0",1,1,1,1,"0","0","0","0",NA,NA,NA,0,"0","0","0","0",0,0,0,0,"0","0",NA,NA,0,0,0,0,"0","0",NA,NA,0,0,0,0,"0","0",NA,NA,0,0,0,0,"0","0",NA,NA,0,0,0,0,"0","0",NA,NA,0,0,0,0,"0","0",NA,NA,NA,NA,NA,NA,1,2,3,4,NA,NA,NA,NA,0,0,0,0,0,"SOAP666",1686,666,NA,"Point",2653.827,NA,0.0545524792405325,0,0,0,0,"SOAP_666_2143","SOAP_664_2141",4.42212232732136,"SOAP_497_2129",3.29779717730596,"SOAP_662_2139",0.906697221368949,"SOAP_661_2138",0.525906654417987,NA,40.54569626,-111.0296782,40.54573442,-111.0296932,NA,-16.6918978442374,40.54572051,-111.0297007,NA,-35.290628636632,40.54570209,-111.0296857,NA,-44.4610325345661,40.54569379,-111.0296835,NA,-121.421618516513
"93","SOAP",667,"ABLA",1,8.5,0,0,"0",1,1,1,1,"0","0","BO","0",NA,NA,NA,0,"0","0","0","0",0,0,0,0,"0","0",NA,NA,0,0,0,0,"0","0",NA,NA,0,0,1,0,"0","0",NA,NA,0,0,0,0,"0","0",NA,NA,0,0,0,0,"0","0",NA,NA,0,0,1,0,"0","0",NA,NA,NA,NA,NA,NA,1,2,3,4,NA,NA,NA,NA,0,0,1,0,1,"SOAP667",1687,667,NA,"Point",2651.685,NA,0.0553540603496286,0,0,1,0,"SOAP_667_2144","SOAP_664_2141",5.51149962041055,"SOAP_497_2129",4.47798507671311,"SOAP_662_2139",2.09498237820696,"SOAP_661_2138",1.39397835348154,NA,40.54568845,-111.0296686,40.54573442,-111.0296932,NA,-22.206371691574,40.54572051,-111.0297007,NA,-37.3724576721537,40.54570209,-111.0296857,NA,-43.7219008391437,40.54569379,-111.0296835,NA,-64.8355685886479
"94","SOAP",668,"ABLA",13.6,67.4,8.2,0,"0",1,1,1,1,"0","0","0","0",NA,NA,NA,0,"0","0","0","0",0,0,0,0,"0","0",NA,NA,0,0,0,0,"0","0",NA,NA,0,0,0,0,"0","0",NA,NA,0,0,0,0,"0","0",NA,NA,0,0,0,0,"0","0",NA,NA,0,0,0,0,"0","0",NA,NA,NA,NA,NA,NA,1,2,3,4,NA,NA,NA,NA,0,0,0,0,0,"SOAP668",1688,668,NA,"Point",2653.514,NA,0.0542891632935332,0,0,0,0,"SOAP_668_2145","SOAP_664_2141",4.89160380123385,"SOAP_497_2129",4.18956377553821,"SOAP_667_2144",1.19656560032281,"SOAP_661_2138",1.92876870801007,NA,40.54569768,-111.0296613,40.54573442,-111.0296932,NA,-33.5184970039066,40.54572051,-111.0297007,NA,-52.7804105006326,40.54568845,-111.0296686,NA,-148.896009866453,40.54569379,-111.0296835,NA,-102.936412934653
"95","SOAP",669,"ABLA",5.9,46.7,11.3,0,"0",1,1,1,1,"0","0","0","0",NA,NA,NA,0,"0","0","0","0",0,0,0,0,"0","0",NA,NA,0,0,0,0,"0","0",NA,NA,0,0,0,0,"0","0",NA,NA,0,0,0,0,"0","0",NA,NA,0,0,0,0,"0","0",NA,NA,0,0,0,0,"0","0",NA,NA,NA,NA,NA,NA,1,2,3,4,NA,NA,NA,NA,0,0,0,0,0,"SOAP669",1689,669,NA,"Point",2653.798,NA,0.0537836045338108,0,0,0,0,"SOAP_669_2146","SOAP_664_2141",4.72929589235868,"SOAP_497_2129",4.23776116981253,"SOAP_667_2144",1.80473947835261,"SOAP_661_2138",2.43143427152638,NA,40.54570204,-111.0296569,40.54573442,-111.0296932,NA,-40.5369329668708,40.54572051,-111.0297007,NA,-61.0668056663771,40.54568845,-111.0296686,NA,-146.704931869768,40.54569379,-111.0296835,NA,-112.125209023551
"96","SOAP",670,"ABLA",NA,4.5,0,4,"0",1,1,1,1,"0","0","0","0",NA,NA,NA,0,"0","0","0","0",0,0,0,0,"0","0",NA,NA,0,0,0,0,"0","0",NA,NA,0,0,0,0,"0","0",NA,NA,0,0,0,0,"0","0",NA,NA,0,0,0,0,"0","0",NA,NA,0,0,0,0,"0","0",NA,NA,"1 DB","1 DB","1 DB","1 DB",1,2,3,4,NA,NA,NA,NA,0,0,0,0,0,"SOAP670",1690,670,NA,"Point",2650.789,NA,0.0531289931318416,0,0,0,0,"SOAP_670_2147","SOAP_664_2141",4.58262025877245,"SOAP_497_2129",4.36856504509264,"SOAP_667_2144",2.56601228039708,"SOAP_661_2138",3.09151836435672,NA,40.54570774,-111.0296519,40.54573442,-111.0296932,NA,-49.740835408403,40.54572051,-111.0297007,NA,-71.0663634200704,40.54568845,-111.0296686,NA,-146.558407482058,40.54569379,-111.0296835,NA,-120.057808183954
"97","SOAP",671,"ABLA",1,NA,NA,0,"0",1,1,NA,NA,"0","0",NA,NA,NA,NA,NA,NA,"0","0",NA,NA,0,0,NA,NA,"0","0",NA,NA,0,0,NA,NA,"0","0",NA,NA,0,0,NA,NA,"0","0",NA,NA,0,0,NA,NA,"0","0",NA,NA,0,0,NA,NA,"0","0",NA,NA,0,0,NA,NA,"0","0",NA,NA,"3-5 yrs dead","3-5 yrs dead",NA,NA,1,2,NA,NA,NA,NA,NA,NA,0,0,NA,NA,NA,"SOAP671",1691,671,NA,"Point",2653.847,NA,0.0527432079535427,0,0,NA,NA,"SOAP_671_2148","SOAP_664_2141",4.97893061129899,"SOAP_664_2141",4.97893061129899,"SOAP_667_2144",3.30066518277079,"SOAP_661_2138",3.91492670760558,NA,40.54571094,-111.0296431,40.54573442,-111.0296932,NA,-58.4350025131676,40.54573442,-111.0296932,NA,-58.4350025131676,40.54568845,-111.0296686,NA,-139.142088775109,40.54569379,-111.0296835,NA,-119.094880329612
"98","SOAP",672,"ABLA",1.6,11.2,3.6,0,"0",1,1,1,1,"0","0","0","0",NA,NA,NA,0,"0","0","0","0",0,0,0,0,"0","0",NA,NA,0,0,0,0,"0","0",NA,NA,0,0,0,0,"0","0",NA,NA,0,0,0,0,"0","0",NA,NA,0,0,0,0,"0","0",NA,NA,0,0,0,0,"0","0",NA,NA,NA,NA,NA,NA,1,2,3,4,NA,NA,NA,NA,0,0,0,0,0,"SOAP672",1692,672,NA,"Point",2653.629,NA,0.0531847590997225,0,0,0,0,"SOAP_672_2149","SOAP_664_2141",4.65226123769309,"SOAP_497_2129",4.42752973796915,"SOAP_667_2144",2.54206635698752,"SOAP_661_2138",3.10006922317592,NA,40.54570722,-111.0296514,40.54573442,-111.0296932,NA,-49.5353200069133,40.54572051,-111.0297007,NA,-70.537596594616,40.54568845,-111.0296686,NA,-145.045005626821,40.54569379,-111.0296835,NA,-118.742428049308
"99","SOAP",673,"ABLA",1,7.4,0,0,"0",1,1,1,1,"0","0","0","0",NA,NA,NA,0,"0","0","0","0",0,0,0,0,"0","0",NA,NA,0,0,0,0,"0","0",NA,NA,0,0,0,0,"0","0",NA,NA,0,0,0,0,"0","0",NA,NA,0,0,0,0,"0","0",NA,NA,0,0,0,0,"0","0",NA,NA,NA,NA,NA,NA,1,2,3,4,NA,NA,NA,NA,0,0,0,0,0,"SOAP673",1693,673,NA,"Point",2653.2,NA,0.0549462857595461,0,0,0,0,"SOAP_673_2150","SOAP_309_2364",6.06354008371964,"SOAP_497_2129",5.7462044861372,"SOAP_667_2144",2.03762369906734,"SOAP_661_2138",3.28995240256962,NA,40.54569116,-111.0296448,40.54567188,-111.0295778,NA,110.667507329354,40.54572051,-111.0297007,NA,-55.4614340287001,40.54568845,-111.0296686,NA,-98.4895301023943,40.54569379,-111.0296835,NA,-84.9091858306902
"100","SOAP",674,"ABLA",NA,7.2,0,11,"0",1,1,1,1,"0","0","0","0",NA,NA,NA,0,"0","0","0","0",0,0,0,0,"0","0",NA,NA,0,0,0,0,"0","0",NA,NA,0,0,0,0,"0","0",NA,NA,0,0,0,0,"0","0",NA,NA,0,0,0,0,"0","0",NA,NA,0,0,0,0,"0","0",NA,NA,"3 DB","3 DB","3 DB","3 DB",1,2,3,4,NA,NA,NA,NA,0,0,0,0,0,"SOAP674",1694,674,NA,"Point",2652.354,NA,0.0563346666875642,0,0,0,0,"SOAP_674_2151","SOAP_309_2364",5.02436419839343,"SOAP_309_2364",5.02436419839343,"SOAP_667_2144",2.93434946655353,"SOAP_661_2138",4.32700571357054,NA,40.54567849,-111.0296365,40.54567188,-111.0295778,NA,98.3969892480977,40.54567188,-111.0295778,NA,98.3969892480977,40.54568845,-111.0296686,NA,-67.8663979000622,40.54569379,-111.0296835,NA,-66.8903941820575
"101","SOAP",675,"ABLA",2.1,14.9,2.1,0,"0",1,1,1,1,"0","0","0","0",NA,NA,NA,0,"0","0","0","0",0,0,0,0,"0","0",NA,NA,0,0,0,0,"0","0",NA,NA,0,0,0,0,"0","0",NA,NA,0,0,0,0,"0","0",NA,NA,0,0,0,0,"0","0",NA,NA,0,0,0,0,"0","0",NA,NA,NA,NA,NA,NA,1,2,3,4,NA,NA,NA,NA,0,0,0,0,0,"SOAP675",1695,675,NA,"Point",2650.183,NA,0.0556578757630894,0,0,0,0,"SOAP_675_2152","SOAP_664_2141",6.31839541692897,"SOAP_497_2129",5.46098021946741,"SOAP_667_2144",1.13714164208118,"SOAP_661_2138",2.52745950878235,NA,40.54568512,-111.0296559,40.54573442,-111.0296932,NA,-29.991917216706,40.54572051,-111.0297007,NA,-43.9997537528966,40.54568845,-111.0296686,NA,-71.0311502534238,40.54569379,-111.0296835,NA,-67.61871369549
"102","SOAP",676,"ABLA",1.8,11.3,1.9,0,"0",1,1,1,1,"0","0","0","0",NA,NA,NA,0,"0","0","0","0",0,0,0,0,"0","0",NA,NA,0,0,0,0,"0","0",NA,NA,0,0,0,0,"0","0",NA,NA,0,0,0,0,"0","0",NA,NA,0,0,0,0,"0","0",NA,NA,0,0,0,0,"0","0",NA,NA,NA,NA,NA,NA,1,2,3,4,NA,NA,NA,NA,0,0,0,0,0,"SOAP676",1696,676,NA,"Point",2653.086,NA,0.0564603129699021,0,0,0,0,"SOAP_676_2153","SOAP_309_2364",6.850104636441,"SOAP_497_2129",5.93010421294157,"SOAP_667_2144",1.45215439148663,"SOAP_661_2138",2.76209079762052,NA,40.54567799,-111.0296583,40.54567188,-111.0295778,NA,95.6820174070223,40.54572051,-111.0297007,NA,-37.2599436368824,40.54568845,-111.0296686,NA,-36.9130046614648,40.54569379,-111.0296835,NA,-50.5831264516146
"103","SOAP",678,"ABLA",NA,3.1,0,0,"0",1,1,1,1,"0","0","0","0",NA,NA,NA,0,"0","0","0","0",0,0,0,0,"0","0",NA,NA,0,0,0,0,"0","0",NA,NA,0,0,0,0,"0","0",NA,NA,0,0,0,0,"0","0",NA,NA,0,0,0,0,"0","0",NA,NA,0,0,0,0,"0","0",NA,NA,NA,NA,NA,NA,1,2,3,4,NA,NA,NA,NA,0,0,0,0,0,"SOAP678",1698,678,NA,"Point",2651.943,NA,0.0608634941487052,0,0,0,0,"SOAP_678_2154","SOAP_235_2346",6.42746104605653,"SOAP_234_2345",6.42746104605653,"SOAP_688_2162",3.46683125280197,"SOAP_688_2162",3.46683125280197,NA,40.54563784,-111.0296414,40.54562996,-111.0295662,NA,97.8213825922222,40.54562996,-111.0295662,NA,97.8213825922222,40.54563524,-111.0296822,NA,-94.7751913616687,40.54563524,-111.0296822,NA,-94.7751913616687
"104","SOAP",679,"ABLA",2.9,21,3.9,0,"0",1,1,1,1,"0","0","0","0",NA,NA,NA,0,"0","0","0","0",0,0,0,0,"0","0",NA,NA,0,0,0,0,"0","0",NA,NA,0,0,0,0,"0","0",NA,NA,0,0,0,0,"0","0",NA,NA,0,0,0,0,"0","0",NA,NA,0,0,0,0,"0","0",NA,NA,NA,NA,NA,NA,1,2,3,4,NA,NA,NA,NA,0,0,0,0,0,"SOAP679",1699,679,NA,"Point",2652.424,NA,0.0636167693127713,0,0,0,0,"SOAP_679_2155","SOAP_215_2335",8.4162256586574,"SOAP_234_2345",8.94061338310848,"SOAP_688_2162",2.58131283389787,"SOAP_688_2162",2.58131283389787,NA,40.54561403,-111.0296697,40.54556618,-111.0295926,NA,129.130463913757,40.54562996,-111.0295662,NA,78.5930123338291,40.54563524,-111.0296822,NA,-24.2076813633448,40.54563524,-111.0296822,NA,-24.2076813633448
"105","SOAP",680,"ABLA",NA,2.3,0,0,"0",1,1,1,1,"0","0","0","0",NA,NA,NA,0,"0","0","0","0",0,0,0,0,"0","0",NA,NA,0,0,0,0,"0","0",NA,NA,0,0,0,0,"0","0",NA,NA,0,0,0,0,"0","0",NA,NA,0,0,0,0,"0","0",NA,NA,0,0,0,0,"0","0",NA,NA,NA,NA,NA,NA,1,2,3,4,NA,NA,NA,NA,0,0,0,0,0,"SOAP680",1701,680,NA,"Point",2650.797,NA,0.0624783064729192,0,0,0,0,"SOAP_680_2156","SOAP_235_2346",8.97155141165673,"SOAP_234_2345",8.97155141165673,"SOAP_688_2162",1.48609590548787,"SOAP_688_2162",1.48609590548787,NA,40.5456244,-111.0296719,40.54562996,-111.0295662,NA,86.0554033311901,40.54562996,-111.0295662,NA,86.0554033311901,40.54563524,-111.0296822,NA,-35.9362549040643,40.54563524,-111.0296822,NA,-35.9362549040643
"106","SOAP",681,"ABLA",4.4,32.5,2.7,0,"0",1,1,1,1,"0","0","0","0",NA,NA,NA,0,"0","0","0","0",0,0,0,0,"0","0",NA,NA,0,0,0,0,"0","0",NA,NA,0,0,0,0,"0","0",NA,NA,0,0,0,0,"0","0",NA,NA,0,0,0,0,"0","0",NA,NA,0,0,0,0,"0","0",NA,NA,NA,NA,NA,NA,1,2,3,4,NA,NA,NA,NA,0,0,0,0,0,"SOAP681",1702,681,NA,"Point",2651.361,NA,0.0640703225815892,0,0,0,0,"SOAP_681_2157","SOAP_215_2335",7.59364225666531,"SOAP_234_2345",8.41277405244695,"SOAP_688_2162",3.32487226976629,"SOAP_688_2162",3.32487226976629,NA,40.5456096,-111.0296619,40.54556618,-111.0295926,NA,129.397390569834,40.54562996,-111.0295662,NA,74.4168461120268,40.54563524,-111.0296822,NA,-31.1306746981796,40.54563524,-111.0296822,NA,-31.1306746981796
"107","SOAP",682,"ABLA",NA,2.8,0,0,"0",1,1,1,1,"0","0","0","0",NA,NA,NA,0,"0","0","0","0",0,0,0,0,"0","0",NA,NA,0,0,0,0,"0","0",NA,NA,0,0,0,0,"0","0",NA,NA,0,0,0,0,"0","0",NA,NA,0,0,0,0,"0","0",NA,NA,0,0,0,0,"0","0",NA,NA,NA,NA,NA,NA,1,2,3,4,NA,NA,NA,NA,0,0,0,0,0,"SOAP682",1703,682,NA,"Point",2653.201,NA,0.0661675007271863,0,0,0,0,"SOAP_682_2158","SOAP_211_2331",6.74256478938181,"SOAP_234_2345",9.97745313713953,"SOAP_688_2162",4.95918369768686,"SOAP_688_2162",4.95918369768686,NA,40.54559118,-111.0296725,40.54554187,-111.029626,NA,144.26970624209,40.54562996,-111.0295662,NA,64.4413933530434,40.54563524,-111.0296822,NA,-9.5335024182144,40.54563524,-111.0296822,NA,-9.5335024182144
"108","SOAP",683,"ABLA",2.9,NA,NA,0,"0",1,NA,NA,NA,"0",NA,NA,NA,NA,NA,NA,NA,"0",NA,NA,NA,0,NA,NA,NA,"0",NA,NA,NA,0,NA,NA,NA,"0",NA,NA,NA,0,NA,NA,NA,"0",NA,NA,NA,0,NA,NA,NA,"0",NA,NA,NA,0,NA,NA,NA,"0",NA,NA,NA,0,NA,NA,NA,"0",NA,NA,NA,NA,NA,NA,NA,1,NA,NA,NA,NA,NA,NA,NA,0,NA,NA,NA,NA,"SOAP683",1704,683,NA,"Point",2650.282,NA,0.065392506091574,0,NA,NA,NA,"SOAP_683_2159","SOAP_215_2335",6.16968931778117,"SOAP_234_2345",8.18383966748334,"SOAP_214_2334",4.01776631781837,"SOAP_688_2162",4.88020083443162,NA,40.54559738,-111.0296529,40.54556618,-111.0295926,NA,124.147704733212,40.54562996,-111.0295662,NA,63.7750741098268,40.54557237,-111.0296186,NA,133.706381429455,40.54563524,-111.0296822,NA,-30.5562900594156
"109","SOAP",684,"ABLA",1.6,13.2,1.7,1,"0",1,1,1,NA,"0","0","0",NA,NA,NA,NA,NA,"0","0","0",NA,0,0,0,NA,"0","0",NA,NA,0,0,0,NA,"0","0",NA,NA,0,0,0,NA,"0","0",NA,NA,0,0,0,NA,"0","0",NA,NA,0,0,0,NA,"0","0",NA,NA,0,0,0,NA,"0","0",NA,NA,"1 DB","1 DB","1 DB",NA,1,2,3,NA,NA,NA,NA,NA,0,0,0,NA,NA,"SOAP684",1706,684,NA,"Point",2650.168,NA,0.0647004249302199,0,0,0,NA,"SOAP_684_2160","SOAP_215_2335",6.49494213063853,"SOAP_234_2345",7.80214951644996,"SOAP_688_2162",4.36712514873385,"SOAP_688_2162",4.36712514873385,NA,40.54560357,-111.0296516,40.54556618,-111.0295926,NA,129.717836387112,40.54562996,-111.0295662,NA,67.9479063023235,40.54563524,-111.0296822,NA,-36.39289126151,40.54563524,-111.0296822,NA,-36.39289126151
"110","SOAP",687,"ABLA",NA,2.1,0,0,"0",1,1,1,1,"0","0","0","0",NA,NA,NA,0,"0","0","0","0",0,0,0,0,"0","0",NA,NA,0,0,0,0,"0","0",NA,NA,0,0,0,0,"0","0",NA,NA,0,0,0,0,"0","0",NA,NA,0,0,0,0,"0","0",NA,NA,0,0,0,0,"0","0",NA,NA,NA,NA,NA,NA,1,2,3,4,NA,NA,NA,NA,0,0,0,0,0,"SOAP687",1710,687,NA,"Point",2646.765,NA,0.0608608418494331,0,0,0,0,"SOAP_687_2161","SOAP_309_2364",9.95050297690008,"SOAP_497_2129",9.01185802932302,"SOAP_688_2162",0.693725042355577,"SOAP_688_2162",0.693725042355577,NA,40.54563994,-111.0296876,40.54567188,-111.0295778,NA,69.1268310013135,40.54572051,-111.0297007,NA,-7.0704054157283,40.54563524,-111.0296822,NA,138.766700097167,40.54563524,-111.0296822,NA,138.766700097167
"111","SOAP",688,"ABLA",4.7,36,0.7,1,"0",1,1,1,1,"0","0","BO","BO",NA,NA,NA,0,"0","0","0","0",0,0,0,0,"0","0",NA,NA,0,0,1,0,"0","0",NA,NA,0,0,0,1,"0","0",NA,NA,0,0,0,0,"0","0",NA,NA,0,0,0,0,"0","0",NA,NA,0,0,1,0,"0","0",NA,NA,NA,NA,NA,NA,1,2,3,4,NA,NA,NA,NA,0,0,1,1,1,"SOAP688",1711,688,NA,"Point",2649.127,NA,0.0613417847556336,0,0,1,1,"SOAP_688_2162","SOAP_309_2364",9.73090151145622,"SOAP_497_2129",9.59378931602572,"SOAP_667_2144",6.01756883584115,"SOAP_654_2135",5.11046451977475,NA,40.54563524,-111.0296822,40.54567188,-111.0295778,NA,65.2945005834291,40.54572051,-111.0297007,NA,-9.39755976473717,40.54568845,-111.0296686,NA,11.032904097569,40.5456654,-111.0297278,NA,-49.0739896038795
"112","SOAP",696,"ABLA",7.6,50.3,14.7,0,"0",1,1,1,1,"0","0","0","0",NA,NA,NA,0,"0","0","0","0",0,0,0,0,"0","0",NA,NA,0,0,0,0,"0","0",NA,NA,0,0,0,0,"0","0",NA,NA,0,0,0,0,"0","0",NA,NA,0,0,0,0,"0","0",NA,NA,0,0,0,0,"0","0",NA,NA,NA,NA,NA,NA,1,2,3,4,NA,NA,NA,NA,0,0,0,0,0,"SOAP696",1721,696,NA,"Point",2650.503,NA,0.0632490592649255,0,0,0,0,"SOAP_696_2163","SOAP_1294_2113",8.60374423038718,"SOAP_497_2129",12.3695574289849,"SOAP_1293_2112",6.48462077129372,"SOAP_654_2135",6.29702703481549,NA,40.54562999,-111.0297859,40.54566887,-111.0298738,NA,-59.8935196297998,40.54572051,-111.0297007,NA,35.6787570261289,40.54567884,-111.0298279,NA,-33.2598644262342,40.5456654,-111.0297278,NA,51.3772856630228
"113","SOAP",698,"ABLA",NA,3,0,0,"0",1,1,1,1,"0","0","0","0",NA,NA,NA,0,"0","0","0","0",0,0,0,0,"0","0",NA,NA,0,0,0,0,"0","0",NA,NA,0,0,0,0,"0","0",NA,NA,0,0,0,0,"0","0",NA,NA,0,0,0,0,"0","0",NA,NA,0,0,0,0,"0","0",NA,NA,NA,NA,NA,NA,1,2,3,4,NA,NA,NA,NA,0,0,0,0,0,"SOAP698",1722,698,NA,"Point",2648.918,NA,0.0623713438403855,0,0,0,0,"SOAP_698_2164","SOAP_1294_2113",9.02213027190886,"SOAP_497_2129",11.3069077307004,"SOAP_652_2134",6.23439086387951,"SOAP_654_2135",5.20197735916377,NA,40.54563644,-111.0297761,40.54566887,-111.0298738,NA,-66.4848188561508,40.54572051,-111.0297007,NA,34.3789014052941,40.54568181,-111.0297327,NA,36.1190386041073,40.5456654,-111.0297278,NA,51.8331294645081
"114","SOAP",700,"ABLA",1.9,16.2,0,0,"0",1,1,1,1,"0","0","0","0",NA,NA,NA,0,"0","0","0","0",0,0,0,0,"0","0",NA,NA,0,0,0,0,"0","0",NA,NA,0,0,0,0,"0","0",NA,NA,0,0,0,0,"0","0",NA,NA,0,0,0,0,"0","0",NA,NA,0,0,0,0,"0","0",NA,NA,NA,NA,NA,NA,1,2,3,4,NA,NA,NA,NA,0,0,0,0,0,"SOAP700",1725,700,NA,"Point",2645.756,NA,0.059941503775914,0,0,0,0,"SOAP_700_2165","SOAP_1294_2113",9.55670234198079,"SOAP_497_2129",8.79973549187799,"SOAP_652_2134",3.74956953694753,"SOAP_654_2135",3.06603388372318,NA,40.54565655,-111.0297621,40.54566887,-111.0298738,NA,-81.7729067529266,40.54572051,-111.0297007,NA,36.2157503470505,40.54568181,-111.0297327,NA,41.6009701898955,40.5456654,-111.0297278,NA,71.3128881334931
"115","SOAP",2,"ABLA",3.8,31.5,1.4,0,"0",1,1,1,1,"0","0","0","0",NA,NA,NA,0,"0","0","0","0",0,0,0,0,"0","0",NA,NA,0,0,0,0,"0","0",NA,NA,0,0,0,0,"0","0",NA,NA,0,0,0,0,"0","0",NA,NA,0,0,0,0,"0","0",NA,NA,0,0,0,0,"0","0",NA,NA,NA,NA,NA,NA,1,2,3,4,NA,NA,NA,NA,0,0,0,0,0,"SOAP2",1727,2,NA,"Point",2646.393,NA,0.0631303827091389,0,0,0,0,"SOAP_2_2166","SOAP_1294_2113",10.5143314504672,"SOAP_497_2129",11.5790647553629,"SOAP_652_2134",6.54189749478326,"SOAP_654_2135",5.13154827150515,NA,40.54562734,-111.0297622,40.54566887,-111.0298738,NA,-63.9958369238465,40.54572051,-111.0297007,NA,26.7271398516292,40.54568181,-111.0297327,NA,22.447650809586,40.5456654,-111.0297278,NA,34.5857571998075
"116","SOAP",3,"ABLA",1.3,39.7,8.3,0,"0",1,1,1,1,"0","0","0","0",NA,NA,NA,0,"0","0","0","0",0,0,0,0,"0","0",NA,NA,0,0,0,0,"0","0",NA,NA,0,0,0,0,"0","0",NA,NA,0,0,0,0,"0","0",NA,NA,0,0,0,0,"0","0",NA,NA,0,0,0,0,"0","0",NA,NA,NA,NA,NA,NA,1,2,3,4,NA,NA,NA,NA,0,0,0,0,0,"SOAP3",1728,3,NA,"Point",2650.955,NA,0.0631347901753608,0,0,0,0,"SOAP_3_2167","SOAP_1294_2113",9.46006289954454,"SOAP_497_2129",11.9220933787432,"SOAP_652_2134",6.84343214241634,"SOAP_654_2135",5.65911643601441,NA,40.54562923,-111.0297749,40.54566887,-111.0298738,NA,-62.2819495122692,40.54572051,-111.0297007,NA,31.8032010646992,40.54568181,-111.0297327,NA,31.4770148841094,40.5456654,-111.0297278,NA,44.8092821799404
"117","SOAP",4,"ABLA",1.4,13.4,0,0,"0",1,1,1,1,"0","0","0","0",NA,NA,NA,0,"0","0","0","0",0,0,0,0,"0","0",NA,NA,0,0,0,0,"0","0",NA,NA,0,0,0,0,"0","0",NA,NA,0,0,0,0,"0","0",NA,NA,0,0,0,0,"0","0",NA,NA,0,0,0,0,"0","0",NA,NA,NA,NA,NA,NA,1,2,3,4,NA,NA,NA,NA,0,0,0,0,0,"SOAP4",1729,4,NA,"Point",2652.059,NA,0.0626073401011372,0,0,0,0,"SOAP_4_2168","SOAP_1294_2113",10.6542008135643,"SOAP_497_2129",11.0025132617269,"SOAP_652_2134",5.97720185530271,"SOAP_654_2135",4.54394380815933,NA,40.54563151,-111.0297579,40.54566887,-111.0298738,NA,-67.0930591385601,40.54572051,-111.0297007,NA,26.1176787764959,40.54568181,-111.0297327,NA,20.9158973200694,40.5456654,-111.0297278,NA,34.1189902695957
"118","SOAP",5,"ABLA",2.6,24.8,0,0,"0",1,1,1,1,"0","0","0","0",NA,NA,NA,0,"0","0","0","0",0,0,0,0,"0","0",NA,NA,0,0,0,0,"0","0",NA,NA,0,0,0,0,"0","0",NA,NA,0,0,0,0,"0","0",NA,NA,0,0,0,0,"0","0",NA,NA,0,0,0,0,"0","0",NA,NA,NA,NA,NA,NA,1,2,3,4,NA,NA,NA,NA,0,0,0,0,0,"SOAP5",1730,5,NA,"Point",2648.466,NA,0.0635412744638679,0,0,0,0,"SOAP_5_2169","SOAP_1294_2113",9.72553806032684,"SOAP_497_2129",12.2538053245346,"SOAP_652_2134",7.17899610626578,"SOAP_654_2135",5.92569811693584,NA,40.54562537,-111.0297741,40.54566887,-111.0298738,NA,-60.2326008069994,40.54572051,-111.0297007,NA,30.4781056339864,40.54568181,-111.0297327,NA,29.229798309636,40.5456654,-111.0297278,NA,41.4229735484794
"119","SOAP",6,"ABLA",1.3,20.2,5.5,0,"0",1,1,1,1,"0","0","0","0",NA,NA,NA,0,"0","0","0","0",0,0,0,0,"0","0",NA,NA,0,0,0,0,"0","0",NA,NA,0,0,0,0,"0","0",NA,NA,0,0,0,0,"0","0",NA,NA,0,0,0,0,"0","0",NA,NA,0,0,0,0,"0","0",NA,NA,NA,NA,NA,NA,1,2,3,4,NA,NA,NA,NA,0,0,0,0,0,"SOAP6",1731,6,NA,"Point",2649.557,NA,0.0633953586887821,0,0,0,0,"SOAP_6_2170","SOAP_1294_2113",9.96621913361136,"SOAP_497_2129",12.0211520460772,"SOAP_652_2134",6.95336929120404,"SOAP_654_2135",5.6534527615431,NA,40.54562612,-111.0297703,40.54566887,-111.0298738,NA,-61.5665906369715,40.54572051,-111.0297007,NA,29.3575695155235,40.54568181,-111.0297327,NA,27.2505997761524,40.5456654,-111.0297278,NA,39.5355764590876
"120","SOAP",7,"ABLA",1.3,14,1,0,"0",1,1,1,1,"0","0","0","0",NA,NA,NA,0,"0","0","0","0",0,0,0,0,"0","0",NA,NA,0,0,0,0,"0","0",NA,NA,0,0,0,0,"0","0",NA,NA,0,0,0,0,"0","0",NA,NA,0,0,0,0,"0","0",NA,NA,0,0,0,0,"0","0",NA,NA,NA,NA,NA,NA,1,2,3,4,NA,NA,NA,NA,0,0,0,0,0,"SOAP7",1732,7,NA,"Point",2648.23,NA,0.0650454277864146,0,0,0,0,"SOAP_7_2171","SOAP_1294_2113",8.25113487881343,"SOAP_88_2235",14.1575551683984,"SOAP_1293_2112",7.17994979692658,"SOAP_1293_2112",7.17994979692658,NA,40.54561669,-111.0298044,40.54566887,-111.0298738,NA,-45.4150100520322,40.54548992,-111.029786,NA,173.681759298728,40.54567884,-111.0298279,NA,-16.0899441469731,40.54567884,-111.0298279,NA,-16.0899441469731
"121","SOAP",9,"ABLA",1.5,12.7,2,0,"0",1,1,1,1,"0","0","0","0",NA,NA,NA,0,"0","0","0","0",0,0,0,0,"0","0",NA,NA,0,0,0,0,"0","0",NA,NA,0,0,0,0,"0","0",NA,NA,0,0,0,0,"0","0",NA,NA,0,0,0,0,"0","0",NA,NA,0,0,0,0,"0","0",NA,NA,NA,NA,NA,NA,1,2,3,4,NA,NA,NA,NA,0,0,0,0,0,"SOAP9",1734,9,NA,"Point",2642.422,NA,0.0631049037001024,0,0,0,0,"SOAP_9_2172","SOAP_1294_2113",9.9619976628907,"SOAP_497_2129",11.7206140396529,"SOAP_652_2134",6.65252665592768,"SOAP_654_2135",5.36045408649024,NA,40.54562854,-111.0297687,40.54566887,-111.0298738,NA,-63.2964603356085,40.54572051,-111.0297007,NA,29.4241065932166,40.54568181,-111.0297327,NA,27.2725800412631,40.5456654,-111.0297278,NA,40.2464434919411
"122","SOAP",10,"ABLA",1.4,11.2,0,0,"0",1,1,1,1,"0","0","0","0",NA,NA,NA,0,"0","0","0","0",0,0,0,0,"0","0",NA,NA,0,0,0,0,"0","0",NA,NA,0,0,0,0,"0","0",NA,NA,0,0,0,0,"0","0",NA,NA,0,0,0,0,"0","0",NA,NA,0,0,0,0,"0","0",NA,NA,NA,NA,NA,NA,1,2,3,4,NA,NA,NA,NA,0,0,0,0,0,"SOAP10",1735,10,NA,"Point",2649.4,NA,0.0642852120060501,0,0,0,0,"SOAP_10_2173","SOAP_1294_2113",11.0227059707849,"SOAP_497_2129",12.6524541698853,"SOAP_688_2162",7.13113252974787,"SOAP_654_2135",6.15239348923523,NA,40.54561687,-111.0297629,40.54566887,-111.0298738,NA,-58.422570994989,40.54572051,-111.0297007,NA,24.599466609733,40.54563524,-111.0296822,NA,73.3848673830907,40.5456654,-111.0297278,NA,28.8872098951525
"123","SOAP",14,"ABLA",NA,6.1,0,0,"0",1,1,1,1,"0","0","0","0",NA,NA,NA,0,"0","0","0","0",0,0,0,0,"0","0",NA,NA,0,0,0,0,"0","0",NA,NA,0,0,0,0,"0","0",NA,NA,0,0,0,0,"0","0",NA,NA,0,0,0,0,"0","0",NA,NA,0,0,0,0,"0","0",NA,NA,"2 dead","2 dead","2 dead","2 dead",1,2,3,4,NA,NA,NA,NA,0,0,0,0,0,"SOAP14",1740,14,NA,"Point",2648.889,NA,0.0654226103402878,0,0,0,0,"SOAP_14_2174","SOAP_211_2331",11.0539022557262,"SOAP_497_2129",13.3426513050193,"SOAP_688_2162",5.43119462859481,"SOAP_688_2162",5.43119462859481,NA,40.54560236,-111.0297297,40.54554187,-111.029626,NA,127.403624861391,40.54572051,-111.0297007,NA,10.605304970946,40.54563524,-111.0296822,NA,47.7792096910896,40.54563524,-111.0296822,NA,47.7792096910896
"124","SOAP",18,"ABLA",7.3,47.5,2.3,0,"0",1,1,1,1,"0","0","0","0",NA,NA,NA,0,"0","0","0","0",0,0,0,0,"0","0",NA,NA,0,0,0,0,"0","0",NA,NA,0,0,0,0,"0","0",NA,NA,0,0,0,0,"0","0",NA,NA,0,0,0,0,"0","0",NA,NA,0,0,0,0,"0","0",NA,NA,NA,NA,NA,NA,1,2,3,4,NA,NA,NA,NA,0,0,0,0,0,"SOAP18",1743,18,NA,"Point",2647.273,NA,0.065778638159493,0,0,0,0,"SOAP_18_2175","SOAP_211_2331",6.91998242889854,"SOAP_234_2345",9.60505193392004,"SOAP_688_2162",4.6389848359724,"SOAP_688_2162",4.6389848359724,NA,40.54559455,-111.0296697,40.54554187,-111.029626,NA,147.673981812837,40.54562996,-111.0295662,NA,65.8444058341245,40.54563524,-111.0296822,NA,-13.1890775916091,40.54563524,-111.0296822,NA,-13.1890775916091
"125","SOAP",20,"ABLA",4.3,35.2,27.5,0,"0",1,1,1,1,"0","0","0","0",NA,NA,NA,0,"0","0","0","0",0,0,0,0,"0","0",NA,NA,0,0,0,0,"0","0",NA,NA,0,0,0,0,"0","0",NA,NA,0,0,0,0,"0","0",NA,NA,0,0,0,0,"0","0",NA,NA,0,0,0,0,"0","0",NA,NA,NA,NA,NA,NA,1,2,3,4,NA,NA,NA,NA,0,0,0,0,0,"SOAP20",1745,20,NA,"Point",2649.737,NA,0.0658291227381117,0,0,0,0,"SOAP_20_2176","SOAP_211_2331",7.59198477038022,"SOAP_234_2345",10.6170586729846,"SOAP_688_2162",4.4902668097689,"SOAP_688_2162",4.4902668097689,NA,40.54559479,-111.0296828,40.54554187,-111.029626,NA,140.690156021874,40.54562996,-111.0295662,NA,68.4261042543011,40.54563524,-111.0296822,NA,0.648296218120868,40.54563524,-111.0296822,NA,0.648296218120868
"126","SOAP",21,"ABLA",6.9,45,26,0,"0",1,1,1,1,"0","0","0","0",NA,NA,NA,0,"0","0","0","0",0,0,0,0,"0","0",NA,NA,0,0,0,0,"0","0",NA,NA,0,0,0,0,"0","0",NA,NA,0,0,0,0,"0","0",NA,NA,0,0,0,0,"0","0",NA,NA,0,0,0,0,"0","0",NA,NA,NA,NA,NA,NA,1,2,3,4,NA,NA,NA,NA,0,0,0,0,0,"SOAP21",1746,21,NA,"Point",2650.631,NA,0.0662202566407588,0,0,0,0,"SOAP_21_2177","SOAP_211_2331",6.82626931204262,"SOAP_234_2345",10.1705044500249,"SOAP_688_2162",4.97030847928059,"SOAP_688_2162",4.97030847928059,NA,40.54559082,-111.0296748,40.54554187,-111.029626,NA,142.746676481551,40.54562996,-111.0295662,NA,64.7116578272046,40.54563524,-111.0296822,NA,-7.24253609333324,40.54563524,-111.0296822,NA,-7.24253609333324
"127","SOAP",22,"ABLA",2,12.2,0,0,"0",1,1,1,1,"0","0","0","0",NA,NA,NA,0,"0","0","0","0",0,0,0,0,"0","0",NA,NA,0,0,0,0,"0","0",NA,NA,0,0,0,0,"0","0",NA,NA,0,0,0,0,"0","0",NA,NA,0,0,0,0,"0","0",NA,NA,0,0,0,0,"0","0",NA,NA,NA,NA,NA,NA,1,2,3,4,NA,NA,NA,NA,0,0,0,0,0,"SOAP22",1747,22,NA,"Point",2651.032,NA,0.0682131128879262,0,0,0,0,"SOAP_22_2178","SOAP_211_2331",5.74004647527152,"SOAP_185_2308",11.5056318914349,"SOAP_214_2334",5.19982129172184,"SOAP_688_2162",6.89677145965805,NA,40.54557313,-111.02968,40.54554187,-111.029626,NA,127.193161158754,40.54547159,-111.0296527,NA,168.409438581209,40.54557237,-111.0296186,NA,90.929572674737,40.54563524,-111.0296822,NA,-1.54779978477488
"128","SOAP",23,"ABLA",2.1,18,3.1,0,"0",1,1,1,1,"0","0","0","0",NA,NA,NA,0,"0","0","0","0",0,0,0,0,"0","0",NA,NA,0,0,0,0,"0","0",NA,NA,0,0,0,0,"0","0",NA,NA,0,0,0,0,"0","0",NA,NA,0,0,0,0,"0","0",NA,NA,0,0,0,0,"0","0",NA,NA,NA,NA,NA,NA,1,2,3,4,NA,NA,NA,NA,0,0,0,0,0,"SOAP23",1748,23,NA,"Point",2650.399,NA,0.0679234300128693,0,0,0,0,"SOAP_23_2179","SOAP_211_2331",6.98943056865985,"SOAP_185_2308",12.19550618517,"SOAP_214_2334",6.46989693870547,"SOAP_688_2162",6.58937206280662,NA,40.54557666,-111.0296948,40.54554187,-111.029626,NA,123.539210000495,40.54547159,-111.0296527,NA,163.003611035708,40.54557237,-111.0296186,NA,94.2208383389923,40.54563524,-111.0296822,NA,9.31810856545155
"129","SOAP",24,"ABLA",1.2,7.4,2,0,"0",1,1,1,1,"0","0","0","0",NA,NA,NA,0,"0","0","0","0",0,0,0,0,"0","0",NA,NA,0,0,0,0,"0","0",NA,NA,0,0,0,0,"0","0",NA,NA,0,0,0,0,"0","0",NA,NA,0,0,0,0,"0","0",NA,NA,0,0,0,0,"0","0",NA,NA,NA,NA,NA,NA,1,2,3,4,NA,NA,NA,NA,0,0,0,0,0,"SOAP24",1749,24,NA,"Point",2648.211,NA,0.0670468776943674,0,0,0,0,"SOAP_24_2180","SOAP_211_2331",7.52482548142963,"SOAP_234_2345",12.0129224806649,"SOAP_688_2162",5.72570812771656,"SOAP_688_2162",5.72570812771656,NA,40.54558459,-111.029695,40.54554187,-111.029626,NA,129.062954426988,40.54562996,-111.0295662,NA,65.2143660746148,40.54563524,-111.0296822,NA,10.9117483987154,40.54563524,-111.0296822,NA,10.9117483987154
"130","SOAP",25,"ABLA",NA,5,0,0,"0",1,1,1,1,"0","0","0","0",NA,NA,NA,0,"0","0","0","0",0,0,0,0,"0","0",NA,NA,0,0,0,0,"0","0",NA,NA,0,0,0,0,"0","0",NA,NA,0,0,0,0,"0","0",NA,NA,0,0,0,0,"0","0",NA,NA,0,0,0,0,"0","0",NA,NA,NA,NA,NA,NA,1,2,3,4,NA,NA,NA,NA,0,0,0,0,0,"SOAP25",1750,25,NA,"Point",2649.286,NA,0.0676343817896785,0,0,0,0,"SOAP_25_2181","SOAP_211_2331",7.38270830341871,"SOAP_88_2235",12.4298703739052,"SOAP_688_2162",6.32947844895375,"SOAP_688_2162",6.32947844895375,NA,40.54557949,-111.0296979,40.54554187,-111.029626,NA,124.445707564228,40.54548992,-111.029786,NA,-143.118079946107,40.54563524,-111.0296822,NA,12.1244752321951,40.54563524,-111.0296822,NA,12.1244752321951
"131","SOAP",27,"ABLA",9.3,48.9,5.2,0,"0",1,1,1,1,"0","0","0","0",NA,NA,NA,0,"0","0","0","0",0,0,0,0,"0","0",NA,NA,0,0,0,0,"0","0",NA,NA,0,0,0,0,"0","0",NA,NA,0,0,0,0,"0","0",NA,NA,0,0,0,0,"0","0",NA,NA,0,0,0,0,"0","0",NA,NA,NA,NA,NA,NA,1,2,3,4,NA,NA,NA,NA,0,0,0,0,0,"SOAP27",1752,27,NA,"Point",2650.459,NA,0.0678481455221766,0,0,0,0,"SOAP_27_2182","SOAP_211_2331",7.55181280780344,"SOAP_88_2235",12.0911552311828,"SOAP_688_2162",6.58192223351981,"SOAP_688_2162",6.58192223351981,NA,40.54557784,-111.0297017,40.54554187,-111.029626,NA,121.9181070897,40.54548992,-111.029786,NA,-143.816835617876,40.54563524,-111.0296822,NA,14.5288503600611,40.54563524,-111.0296822,NA,14.5288503600611
"132","SOAP",28,"ABLA",4.3,32.2,0,0,"0",1,1,1,1,"0","0","0","0",NA,NA,NA,0,"0","0","0","0",0,0,0,0,"0","0",NA,NA,0,0,0,0,"0","0",NA,NA,0,0,0,0,"0","0",NA,NA,0,0,0,0,"0","0",NA,NA,0,0,0,0,"0","0",NA,NA,0,0,0,0,"0","0",NA,NA,NA,NA,NA,NA,1,2,3,4,NA,NA,NA,NA,0,0,0,0,0,"SOAP28",1753,28,NA,"Point",2649.812,NA,0.0696124318574435,0,0,0,0,"SOAP_28_2183","SOAP_211_2331",3.22010181703896,"SOAP_185_2308",9.76257321205189,"SOAP_212_2332",3.4651368956498,"SOAP_223_2340",8.5166340212665,NA,40.5455595,-111.0296562,40.54554187,-111.029626,NA,127.425320489683,40.54547159,-111.0296527,NA,178.260370994666,40.54553389,-111.0296328,NA,145.122830898059,40.54557893,-111.0295589,NA,75.330704268497
"133","SOAP",29,"ABLA",3,18.8,0,0,"0",1,1,1,1,"0","0","0","0",NA,NA,NA,0,"0","0","0","0",0,0,0,0,"0","0",NA,NA,0,0,0,0,"0","0",NA,NA,0,0,0,0,"0","0",NA,NA,0,0,0,0,"0","0",NA,NA,0,0,0,0,"0","0",NA,NA,0,0,0,0,"0","0",NA,NA,NA,NA,NA,NA,1,2,3,4,NA,NA,NA,NA,0,0,0,0,0,"SOAP29",1754,29,NA,"Point",2649.086,NA,0.069317882441257,0,0,0,0,"SOAP_29_2184","SOAP_211_2331",3.34155229098682,"SOAP_185_2308",10.051125081689,"SOAP_214_2334",3.30140651654657,"SOAP_223_2340",8.36510846957448,NA,40.54556212,-111.0296552,40.54554187,-111.029626,NA,132.273525741208,40.54547159,-111.0296527,NA,178.793176904075,40.54557237,-111.0296186,NA,69.8408932086523,40.54557893,-111.0295589,NA,77.111135621756
"134","SOAP",31,"ABLA",11.8,47.3,0,0,"0",1,1,1,1,"0","0","0","0",NA,NA,NA,0,"0","0","0","0",0,0,0,0,"0","0",NA,NA,0,0,0,0,"0","0",NA,NA,0,0,0,0,"0","0",NA,NA,0,0,0,0,"0","0",NA,NA,0,0,0,0,"0","0",NA,NA,0,0,0,0,"0","0",NA,NA,NA,NA,NA,NA,1,2,3,4,NA,NA,NA,NA,0,0,0,0,0,"SOAP31",1756,31,NA,"Point",2650.687,NA,0.0761942153944325,0,0,0,0,"SOAP_31_2185","SOAP_185_2308",4.60011789193937,"SOAP_185_2308",4.60011789193937,"SOAP_58_2205",4.88526886759136,"SOAP_43_2195",5.29665457604325,NA,40.54550172,-111.02969,40.54547159,-111.0296527,NA,136.638480411711,40.54547159,-111.0296527,NA,136.638480411711,40.54545957,-111.0296734,NA,163.277972670846,40.54551757,-111.029749,NA,-70.5997663770318
"135","SOAP",32,"ABLA",3.1,23.2,0,0,"0",1,1,1,1,"0","0","0","0",NA,NA,NA,0,"0","0","0","0",0,0,0,0,"0","0",NA,NA,0,0,0,0,"0","0",NA,NA,0,0,0,0,"0","0",NA,NA,0,0,0,0,"0","0",NA,NA,0,0,0,0,"0","0",NA,NA,0,0,0,0,"0","0",NA,NA,NA,NA,NA,NA,1,2,3,4,NA,NA,NA,NA,0,0,0,0,0,"SOAP32",1757,32,NA,"Point",2648.825,NA,0.0691541106669022,0,0,0,0,"SOAP_32_2186","SOAP_211_2331",9.1893820932203,"SOAP_88_2235",9.96729002323006,"SOAP_71_2217",5.66250708392765,"SOAP_43_2195",5.8957391929772,NA,40.5455684,-111.0297288,40.54554187,-111.029626,NA,108.690843258499,40.54548992,-111.029786,NA,-150.925944726741,40.54555195,-111.0297921,NA,-108.812059662934,40.54551757,-111.029749,NA,-163.134912504822
"136","SOAP",33,"ABLA",NA,5.7,0,12,"0",1,1,1,1,"0","0","0","0",NA,NA,NA,0,"0","0","0","0",0,0,0,0,"0","0",NA,NA,0,0,0,0,"0","0",NA,NA,0,0,0,0,"0","0",NA,NA,0,0,0,0,"0","0",NA,NA,0,0,0,0,"0","0",NA,NA,0,0,0,0,"0","0",NA,NA,"7 DB","7 DB","7 DB","7 DB",1,2,3,4,NA,NA,NA,NA,0,0,0,0,0,"SOAP33",1758,33,NA,"Point",2646.896,NA,0.0698855600282575,0,0,0,0,"SOAP_33_2187","SOAP_211_2331",9.80452730569087,"SOAP_88_2235",9.03147225589812,"SOAP_71_2217",4.69488170046464,"SOAP_43_2195",5.09540281746472,NA,40.54556277,-111.0297385,40.54554187,-111.029626,NA,103.686905854395,40.54548992,-111.029786,NA,-153.5544616881,40.54555195,-111.0297921,NA,-104.821950019891,40.54551757,-111.029749,NA,-169.950938136964
"137","SOAP",34,"ABLA",6.6,45.6,4.4,0,"0",1,1,1,1,"0","0","0","0",NA,NA,NA,0,"0","0","0","0",0,0,0,0,"0","0",NA,NA,0,0,0,0,"0","0",NA,NA,0,0,0,0,"0","0",NA,NA,0,0,0,0,"0","0",NA,NA,0,0,0,0,"0","0",NA,NA,0,0,0,0,"0","0",NA,NA,NA,NA,NA,NA,1,2,3,4,NA,NA,NA,NA,0,0,0,0,0,"SOAP34",1759,34,NA,"Point",2647.187,NA,0.0678314133202308,0,0,0,0,"SOAP_34_2188","SOAP_211_2331",10.6540771521474,"SOAP_88_2235",10.8876824509925,"SOAP_71_2217",5.47417045692655,"SOAP_43_2195",7.15035352592546,NA,40.54558166,-111.0297405,40.54554187,-111.029626,NA,114.491364411563,40.54548992,-111.029786,NA,-159.27601323643,40.54555195,-111.0297921,NA,-127.044470344261,40.54551757,-111.029749,NA,-174.222852892372
"138","SOAP",35,"ABLA",10,47.8,21.3,0,"0",1,1,1,1,"0","0","0","0",NA,NA,NA,0,"0","0","0","0",0,0,0,0,"0","0",NA,NA,0,0,0,0,"0","0",NA,NA,0,0,0,0,"0","0",NA,NA,0,0,0,0,"0","0",NA,NA,0,0,0,0,"0","0",NA,NA,0,0,0,0,"0","0",NA,NA,NA,NA,"split top","split top",1,2,3,4,NA,NA,NA,NA,0,0,0,0,0,"SOAP35",1760,35,NA,"Point",2648.174,NA,0.0693124011117147,0,0,0,0,"SOAP_35_2189","SOAP_96_2243",10.5738986967281,"SOAP_88_2235",9.31852161448354,"SOAP_71_2217",4.03109044503665,"SOAP_43_2195",5.74645196077678,NA,40.54556933,-111.0297503,40.54547544,-111.0297714,NA,-170.272034346126,40.54548992,-111.029786,NA,-161.070601146923,40.54555195,-111.0297921,NA,-118.592579160548,40.54551757,-111.029749,NA,178.902369888892
"139","SOAP",38,"ABLA",1.4,2.3,0.6,0,"0",1,1,1,1,"0","0","0","0",NA,NA,NA,0,"0","0","0","0",0,0,0,0,"0","0",NA,NA,0,0,0,0,"0","0",NA,NA,0,0,0,0,"0","0",NA,NA,0,0,0,0,"0","0",NA,NA,0,0,0,0,"0","0",NA,NA,0,0,0,0,"0","0",NA,NA,"Bent","Bent","Bent","Bent",1,2,3,4,NA,NA,NA,NA,0,0,0,0,0,"SOAP38",1763,38,NA,"Point",2651.036,NA,0.0716188030706437,0,0,0,0,"SOAP_38_2190","SOAP_86_2232",8.59796109871587,"SOAP_88_2235",7.11324751166241,"SOAP_71_2217",0.227382681993211,"SOAP_43_2195",5.38639472962055,NA,40.54555388,-111.0297912,40.54547808,-111.0298121,NA,-168.121752944721,40.54548992,-111.029786,NA,176.451055420547,40.54555195,-111.0297921,NA,-160.417921921235,40.54551757,-111.029749,NA,138.440065899363
"140","SOAP",39,"ABLA",6.1,42.4,2.4,0,"0",1,1,1,1,"0","0","0","0",NA,NA,NA,0,"0","0","0","0",0,0,0,0,"0","0",NA,NA,0,0,0,0,"0","0",NA,NA,0,0,0,0,"0","0",NA,NA,0,0,0,0,"0","0",NA,NA,0,0,0,0,"0","0",NA,NA,0,0,0,0,"0","0",NA,NA,NA,NA,NA,NA,1,2,3,4,NA,NA,NA,NA,0,0,0,0,0,"SOAP39",1764,39,NA,"Point",2649.203,NA,0.0711317067680144,0,0,0,0,"SOAP_39_2191","SOAP_96_2243",8.75735901199012,"SOAP_88_2235",7.52968403984826,"SOAP_71_2217",3.22920570810579,"SOAP_43_2195",3.97865678047582,NA,40.54555321,-111.029754,40.54547544,-111.0297714,NA,-170.31426232843,40.54548992,-111.029786,NA,-158.908245414253,40.54555195,-111.0297921,NA,-92.4823155719713,40.54551757,-111.029749,NA,173.891388962706
"141","SOAP",40,"ABLA",7.2,38.6,0,0,"0",1,1,1,1,"0","0","0","0",NA,NA,NA,0,"0","0","0","0",0,0,0,0,"0","0",NA,NA,0,0,0,0,"0","0",NA,NA,0,0,0,0,"0","0",NA,NA,0,0,0,0,"0","0",NA,NA,0,0,0,0,"0","0",NA,NA,0,0,0,0,"0","0",NA,NA,NA,NA,NA,NA,1,2,3,4,NA,NA,NA,NA,0,0,0,0,0,"SOAP40",1765,40,NA,"Point",2648.586,NA,0.0704446092594041,0,0,0,0,"SOAP_40_2192","SOAP_96_2243",9.54965043318361,"SOAP_88_2235",8.53936651372429,"SOAP_71_2217",4.60786331859599,"SOAP_43_2195",4.54301573691123,NA,40.54555766,-111.0297382,40.54547544,-111.0297714,NA,-162.879400253109,40.54548992,-111.029786,NA,-151.706640412209,40.54555195,-111.0297921,NA,-97.9061143652174,40.54551757,-111.029749,NA,-168.387037877918
"142","SOAP",41,"ABLA",2.1,15.5,0,0,"0",1,1,1,1,"0","0","0","0",NA,NA,NA,0,"0","0","0","0",0,0,0,0,"0","0",NA,NA,0,0,0,0,"0","0",NA,NA,0,0,0,0,"0","0",NA,NA,0,0,0,0,"0","0",NA,NA,0,0,0,0,"0","0",NA,NA,0,0,0,0,"0","0",NA,NA,NA,NA,NA,NA,1,2,3,4,NA,NA,NA,NA,0,0,0,0,0,"SOAP41",1766,41,NA,"Point",2648.2,NA,0.0729599466438299,0,0,0,0,"SOAP_41_2193","SOAP_211_2331",7.71257747024137,"SOAP_88_2235",7.58068732455144,"SOAP_71_2217",6.76201103192322,"SOAP_43_2195",3.24304868206088,NA,40.54553278,-111.0297163,40.54554187,-111.029626,NA,82.4827123431187,40.54548992,-111.029786,NA,-128.871813412276,40.54555195,-111.0297921,NA,-71.658351256066,40.54551757,-111.029749,NA,-121.372286790611
"143","SOAP",42,"ABLA",3.3,26.9,6.6,0,"0",1,1,1,1,"0","0","0","0",NA,NA,NA,0,"0","0","0","0",0,0,0,0,"0","0",NA,NA,0,0,0,0,"0","0",NA,NA,0,0,0,0,"0","0",NA,NA,0,0,0,0,"0","0",NA,NA,0,0,0,0,"0","0",NA,NA,0,0,0,0,"0","0",NA,NA,NA,NA,NA,NA,1,2,3,4,NA,NA,NA,NA,0,0,0,0,0,"SOAP42",1767,42,NA,"Point",2648.452,NA,0.0733090942093655,0,0,0,0,"SOAP_42_2194","SOAP_96_2243",7.55439830876062,"SOAP_88_2235",7.28511284561007,"SOAP_71_2217",6.77342183056653,"SOAP_43_2195",2.98183282687487,NA,40.54552973,-111.0297176,40.54547544,-111.0297714,NA,-142.912087760599,40.54548992,-111.029786,NA,-127.341958926763,40.54555195,-111.0297921,NA,-68.6456519419845,40.54551757,-111.029749,NA,-116.91473145607
"144","SOAP",43,"ABLA",5.9,32.3,0,0,"0",1,1,1,1,"0","0","0","BO",NA,NA,NA,0,"0","0","0","0",0,0,0,0,"0","0",NA,NA,0,0,0,1,"0","0",NA,NA,0,0,0,0,"0","0",NA,NA,0,0,0,0,"0","0",NA,NA,0,0,0,0,"0","0",NA,NA,0,0,0,0,"0","0",NA,NA,NA,NA,NA,NA,1,2,3,4,NA,NA,NA,NA,0,0,0,1,1,"SOAP43",1768,43,NA,"Point",2652.582,NA,0.0749866235684651,0,0,0,1,"SOAP_43_2195","SOAP_96_2243",5.04648045165723,"SOAP_88_2235",4.38585273730591,"SOAP_88_2235",4.38585273730591,"SOAP_96_2243",5.04648045165723,NA,40.54551757,-111.029749,40.54547544,-111.0297714,NA,-157.922693746843,40.54548992,-111.029786,NA,-134.410038780862,40.54548992,-111.029786,NA,-134.410038780862,40.54547544,-111.0297714,NA,-157.922693746843
"145","SOAP",46,"ABLA",1.3,7.2,0,0,"0",1,1,1,1,"0","0","0","0",NA,NA,NA,0,"0","0","0","0",0,0,0,0,"0","0",NA,NA,0,0,0,0,"0","0",NA,NA,0,0,0,0,"0","0",NA,NA,0,0,0,0,"0","0",NA,NA,0,0,0,0,"0","0",NA,NA,0,0,0,0,"0","0",NA,NA,NA,NA,NA,NA,1,2,3,4,NA,NA,NA,NA,0,0,0,0,0,"SOAP46",1771,46,NA,"Point",2649.282,NA,0.0758779033277184,0,0,0,0,"SOAP_46_2196","SOAP_96_2243",4.17831286343177,"SOAP_88_2235",3.69385384540422,"SOAP_88_2235",3.69385384540422,"SOAP_43_2195",0.890450600855323,NA,40.54550968,-111.0297509,40.54547544,-111.0297714,NA,-155.452482987791,40.54548992,-111.029786,NA,-126.426426551305,40.54548992,-111.029786,NA,-126.426426551305,40.54551757,-111.029749,NA,10.4092959412129
"146","SOAP",47,"ABLA",2.1,15.9,0,0,"0",1,1,1,1,"0","0","0","0",NA,NA,NA,0,"0","0","0","0",0,0,0,0,"0","0",NA,NA,0,0,0,0,"0","0",NA,NA,0,0,0,0,"0","0",NA,NA,0,0,0,0,"0","0",NA,NA,0,0,0,0,"0","0",NA,NA,0,0,0,0,"0","0",NA,NA,NA,NA,NA,NA,1,2,3,4,NA,NA,NA,NA,0,0,0,0,0,"SOAP47",1772,47,NA,"Point",2650.228,NA,0.0766937491172583,0,0,0,0,"SOAP_47_2197","SOAP_96_2243",3.65533579875471,"SOAP_88_2235",3.68487877626825,"SOAP_96_2243",3.65533579875471,"SOAP_43_2195",1.79250429053046,NA,40.54550167,-111.0297453,40.54547544,-111.0297714,NA,-142.79907534718,40.54548992,-111.029786,NA,-110.729020684743,40.54547544,-111.0297714,NA,-142.79907534718,40.54551757,-111.029749,NA,-10.0661607592689
"147","SOAP",48,"ABLA",3.4,30.3,6.9,0,"0",1,1,1,1,"0","0","0","0",NA,NA,NA,0,"0","0","0","0",0,0,0,0,"0","0",NA,NA,0,0,0,0,"0","0",NA,NA,0,0,0,0,"0","0",NA,NA,0,0,0,0,"0","0",NA,NA,0,0,0,0,"0","0",NA,NA,0,0,0,0,"0","0",NA,NA,NA,NA,NA,NA,1,2,3,4,NA,NA,NA,NA,0,0,0,0,0,"SOAP48",1773,48,NA,"Point",2652.098,NA,0.0765981383630196,0,0,0,0,"SOAP_48_2198","SOAP_185_2308",2.80540708473158,"SOAP_185_2308",2.80540708473158,"SOAP_58_2205",4.34386544521146,"SOAP_180_2304",8.05418620434434,NA,40.54549665,-111.029657,40.54547159,-111.0296527,NA,172.542631168093,40.54547159,-111.0296527,NA,172.542631168093,40.54545957,-111.0296734,NA,-161.355730424012,40.54542467,-111.029645,NA,172.752221563194
"148","SOAP",49,"ABLA",2.9,15.4,0,2,"0",1,1,1,1,"0","0","0","0",NA,NA,NA,0,"0","0","0","0",0,0,0,0,"0","0",NA,NA,0,0,0,0,"0","0",NA,NA,0,0,0,0,"0","0",NA,NA,0,0,0,0,"0","0",NA,NA,0,0,0,0,"0","0",NA,NA,0,0,0,0,"0","0",NA,NA,"2 DB","2 DB","2 DB","2 DB",1,2,3,4,NA,NA,NA,NA,0,0,0,0,0,"SOAP49",NA,49,NA,"Point",2653.279,NA,0.0789011657185091,0,0,0,0,"SOAP_49_2199","SOAP_185_2308",1.95097592365715,"SOAP_185_2308",1.95097592365715,"SOAP_58_2205",1.88962454053265,"SOAP_180_2304",6.28832091185431,NA,40.54547656,-111.0296748,40.54547159,-111.0296527,NA,106.425471172024,40.54547159,-111.0296527,NA,106.425471172024,40.54545957,-111.0296734,NA,176.40313566049,40.54542467,-111.029645,NA,156.341899924012
"149","SOAP",50,"ABLA",1.2,7.7,3,0,"0",1,1,1,1,"0","0","0","0",NA,NA,NA,0,"0","0","0","0",0,0,0,0,"0","0",NA,NA,0,0,0,0,"0","0",NA,NA,0,0,0,0,"0","0",NA,NA,0,0,0,0,"0","0",NA,NA,0,0,0,0,"0","0",NA,NA,0,0,0,0,"0","0",NA,NA,NA,NA,NA,NA,1,2,3,4,NA,NA,NA,NA,0,0,0,0,0,"SOAP50",1774,50,NA,"Point",2653.279,NA,0.0789011657185091,0,0,0,0,"SOAP_50_2200","SOAP_185_2308",1.95097592365715,"SOAP_185_2308",1.95097592365715,"SOAP_58_2205",1.88962454053265,"SOAP_180_2304",6.28832091185431,NA,40.54547656,-111.0296748,40.54547159,-111.0296527,NA,106.425471172024,40.54547159,-111.0296527,NA,106.425471172024,40.54545957,-111.0296734,NA,176.40313566049,40.54542467,-111.029645,NA,156.341899924012
"150","SOAP",51,"ABLA",1.1,9.3,0,0,"0",1,1,1,1,"0","0","0","0",NA,NA,NA,0,"0","0","0","0",0,0,0,0,"0","0",NA,NA,0,0,0,0,"0","0",NA,NA,0,0,0,0,"0","0",NA,NA,0,0,0,0,"0","0",NA,NA,0,0,0,0,"0","0",NA,NA,0,0,0,0,"0","0",NA,NA,NA,NA,NA,NA,1,2,3,4,NA,NA,NA,NA,0,0,0,0,0,"SOAP51",1775,51,NA,"Point",2648.631,NA,0.0786362078178226,0,0,0,0,"SOAP_51_2201","SOAP_185_2308",1.59048598907813,"SOAP_185_2308",1.59048598907813,"SOAP_58_2205",2.1569753772898,"SOAP_180_2304",6.33338368592627,NA,40.54547871,-111.029669,40.54547159,-111.0296527,NA,119.795637037264,40.54547159,-111.0296527,NA,119.795637037264,40.54545957,-111.0296734,NA,-170.053337818455,40.54542467,-111.029645,NA,161.283998552178
"151","SOAP",52,"ABLA",1.9,12.2,0,0,"0",1,1,1,1,"0","0","0","0",NA,NA,NA,0,"0","0","0","0",0,0,0,0,"0","0",NA,NA,0,0,0,0,"0","0",NA,NA,0,0,0,0,"0","0",NA,NA,0,0,0,0,"0","0",NA,NA,0,0,0,0,"0","0",NA,NA,0,0,0,0,"0","0",NA,NA,NA,NA,NA,NA,1,2,3,4,NA,NA,NA,NA,0,0,0,0,0,"SOAP52",1776,52,NA,"Point",2649.036,NA,0.0780214906576614,0,0,0,0,"SOAP_52_2202","SOAP_185_2308",3.8857775533113,"SOAP_185_2308",3.8857775533113,"SOAP_58_2205",3.40304765414695,"SOAP_43_2195",5.80685553791573,NA,40.54548552,-111.0296948,40.54547159,-111.0296527,NA,113.448382590302,40.54547159,-111.0296527,NA,113.448382590302,40.54545957,-111.0296734,NA,147.826325128413,40.54551757,-111.029749,NA,-52.2185800671918
"152","SOAP",55,"ABLA",7,44.4,9.7,0,"0",1,1,1,1,"0","0","0","0",NA,NA,NA,0,"0","0","0","0",0,0,0,0,"0","0",NA,NA,0,0,0,0,"0","0",NA,NA,0,0,0,0,"0","0",NA,NA,0,0,0,0,"0","0",NA,NA,0,0,0,0,"0","0",NA,NA,0,0,0,0,"0","0",NA,NA,NA,NA,NA,NA,1,2,3,4,NA,NA,NA,NA,0,0,0,0,0,"SOAP55",1779,55,NA,"Point",2647.684,NA,0.0789236958564639,0,0,0,0,"SOAP_55_2203","SOAP_185_2308",1.3160113262977,"SOAP_185_2308",1.3160113262977,"SOAP_58_2205",1.90548981958597,"SOAP_180_2304",6.00238715759258,NA,40.54547605,-111.0296671,40.54547159,-111.0296527,NA,112.097544130273,40.54547159,-111.0296527,NA,112.097544130273,40.54545957,-111.0296734,NA,-163.742123089076,40.54542467,-111.029645,NA,161.834164483991
"153","SOAP",56,"ABLA",3.4,28.9,7.7,1,"0",1,1,1,1,"0","0","0","0",NA,NA,NA,0,"0","0","0","0",0,0,0,0,"0","0",NA,NA,0,0,0,0,"0","0",NA,NA,0,0,0,0,"0","0",NA,NA,0,0,0,0,"0","0",NA,NA,0,0,0,0,"0","0",NA,NA,0,0,0,0,"0","0",NA,NA,"1 DB","1 DB","1 DB","1 DB",1,2,3,4,NA,NA,NA,NA,0,0,0,0,0,"SOAP56",1780,56,NA,"Point",2648.995,NA,0.0789605985499259,0,0,0,0,"SOAP_56_2204","SOAP_185_2308",0.540096721526038,"SOAP_185_2308",0.540096721526038,"SOAP_58_2205",2.25375847253694,"SOAP_180_2304",5.71536827909218,NA,40.54547538,-111.0296567,40.54547159,-111.0296527,NA,141.16189833974,40.54547159,-111.0296527,NA,141.16189833974,40.54545957,-111.0296734,NA,-141.138443657532,40.54542467,-111.029645,NA,170.017773844132
"154","SOAP",58,"ABLA",7.8,38,5.6,0,"0",1,1,1,1,"0","0","BO","0",NA,NA,NA,0,"0","0","0","0",0,0,0,0,"0","0",NA,NA,0,0,0,0,"0","0",NA,NA,0,0,0,0,"0","0",NA,NA,0,0,0,0,"0","0",NA,NA,0,0,0,0,"0","0",NA,NA,0,0,1,0,"0","0",NA,NA,NA,NA,NA,NA,1,2,3,4,NA,NA,NA,NA,0,0,1,0,1,"SOAP58",1782,58,NA,"Point",2651.114,NA,0.0807809694514348,0,0,1,0,"SOAP_58_2205","SOAP_185_2308",2.20283818743205,"SOAP_185_2308",2.20283818743205,"SOAP_66_2212",4.04489669918541,"SOAP_180_2304",4.55965375669328,NA,40.54545957,-111.0296734,40.54547159,-111.0296527,NA,52.7217566857596,40.54547159,-111.0296527,NA,52.7217566857596,40.54543109,-111.0297032,NA,-141.402964973584,40.54542467,-111.029645,NA,148.169214474537
"155","SOAP",59,"ABLA",3.8,35.4,6.7,1,"0",1,1,1,1,"0","0","0","0",NA,NA,NA,0,"0","0","0","0",0,0,0,0,"0","0",NA,NA,0,0,0,0,"0","0",NA,NA,0,0,0,0,"0","0",NA,NA,0,0,0,0,"0","0",NA,NA,0,0,0,0,"0","0",NA,NA,0,0,0,0,"0","0",NA,NA,"1 DB","1 DB","1 DB","1 DB",1,2,3,4,NA,NA,NA,NA,0,0,0,0,0,"SOAP59",1783,59,NA,"Point",2650.016,NA,0.0819496094932412,0,0,0,0,"SOAP_59_2206","SOAP_185_2308",3.10565960994977,"SOAP_185_2308",3.10565960994977,"SOAP_58_2205",1.16701064952639,"SOAP_180_2304",3.68610487817028,NA,40.54544909,-111.0296745,40.54547159,-111.0296527,NA,36.4686403070573,40.54547159,-111.0296527,NA,36.4686403070573,40.54545957,-111.0296734,NA,4.57789995531007,40.54542467,-111.029645,NA,137.338175289893
"156","SOAP",60,"ABLA",2.7,20.4,5.9,0,"0",1,1,1,1,"0","0","0","0",NA,NA,NA,0,"0","0","0","0",0,0,0,0,"0","0",NA,NA,0,0,0,0,"0","0",NA,NA,0,0,0,0,"0","0",NA,NA,0,0,0,0,"0","0",NA,NA,0,0,0,0,"0","0",NA,NA,0,0,0,0,"0","0",NA,NA,NA,NA,NA,NA,1,2,3,4,NA,NA,NA,NA,0,0,0,0,0,"SOAP60",NA,60,NA,"Point",2650.451,NA,0.0835399229571073,0,0,0,0,"SOAP_60_2207","SOAP_180_2304",3.38856284126479,"SOAP_180_2304",3.38856284126479,"SOAP_66_2212",1.80078507953428,"SOAP_180_2304",3.38856284126479,NA,40.54543512,-111.0296826,40.54542467,-111.029645,NA,110.017996959756,40.54542467,-111.029645,NA,110.017996959756,40.54543109,-111.0297032,NA,-104.383433821844,40.54542467,-111.029645,NA,110.017996959756
"157","SOAP",61,"ABLA",2.1,17,5.3,1,"0",1,1,1,1,"0","0","0","0",NA,NA,NA,0,"0","0","0","0",0,0,0,0,"0","0",NA,NA,0,0,0,0,"0","0",NA,NA,0,0,0,0,"0","0",NA,NA,0,0,0,0,"0","0",NA,NA,0,0,0,0,"0","0",NA,NA,0,0,0,0,"0","0",NA,NA,"1 DB","1 DB","1 DB","1 DB",1,2,3,4,NA,NA,NA,NA,0,0,0,0,0,"SOAP61",1784,61,NA,"Point",2650.451,NA,0.0835399229571073,0,0,0,0,"SOAP_61_2208","SOAP_180_2304",3.38856284126479,"SOAP_180_2304",3.38856284126479,"SOAP_66_2212",1.80078507953428,"SOAP_180_2304",3.38856284126479,NA,40.54543512,-111.0296826,40.54542467,-111.029645,NA,110.017996959756,40.54542467,-111.029645,NA,110.017996959756,40.54543109,-111.0297032,NA,-104.383433821844,40.54542467,-111.029645,NA,110.017996959756
"158","SOAP",62,"ABLA",1.1,9.6,3.2,0,"0",1,1,1,1,"0","0","0","0",NA,NA,NA,0,"0","0","0","0",0,0,0,0,"0","0",NA,NA,0,0,0,0,"0","0",NA,NA,0,0,0,0,"0","0",NA,NA,0,0,0,0,"0","0",NA,NA,0,0,0,0,"0","0",NA,NA,0,0,0,0,"0","0",NA,NA,NA,NA,NA,NA,1,2,3,4,NA,NA,NA,NA,0,0,0,0,0,"SOAP62",1785,62,NA,"Point",2650.549,NA,0.0818472825751216,0,0,0,0,"SOAP_62_2209","SOAP_185_2308",4.22036606353861,"SOAP_185_2308",4.22036606353861,"SOAP_58_2205",2.0316179594086,"SOAP_180_2304",5.11679234566212,NA,40.545451,-111.0296946,40.54547159,-111.0296527,NA,57.2113245769783,40.54547159,-111.0296527,NA,57.2113245769783,40.54545957,-111.0296734,NA,62.0801558001717,40.54542467,-111.029645,NA,124.833075588464
"159","SOAP",63,"ABLA",1.1,7.2,0,0,"0",1,1,1,1,"0","0","0","0",NA,NA,NA,0,"0","0","0","0",0,0,0,0,"0","0",NA,NA,0,0,0,0,"0","0",NA,NA,0,0,0,0,"0","0",NA,NA,0,0,0,0,"0","0",NA,NA,0,0,0,0,"0","0",NA,NA,0,0,0,0,"0","0",NA,NA,NA,NA,NA,NA,1,2,3,4,NA,NA,NA,NA,0,0,0,0,0,"SOAP63",1786,63,NA,"Point",2647.081,NA,0.0814412305854044,0,0,0,0,"SOAP_63_2210","SOAP_185_2308",2.09074985929662,"SOAP_185_2308",2.09074985929662,"SOAP_58_2205",1.54993515983836,"SOAP_180_2304",3.3173722238015,NA,40.54545307,-111.0296572,40.54547159,-111.0296527,NA,10.5010008902952,40.54547159,-111.0296527,NA,10.5010008902952,40.54545957,-111.0296734,NA,-62.2569959016082,40.54542467,-111.029645,NA,161.855909299373
"160","SOAP",65,"ABLA",4.1,22,2.1,0,"0",1,1,1,1,"0","0","0","0",NA,NA,NA,0,"0","0","0","0",0,0,0,0,"0","0",NA,NA,0,0,0,0,"0","0",NA,NA,0,0,0,0,"0","0",NA,NA,0,0,0,0,"0","0",NA,NA,0,0,0,0,"0","0",NA,NA,0,0,0,0,"0","0",NA,NA,NA,NA,NA,NA,1,2,3,4,NA,NA,NA,NA,0,0,0,0,0,"SOAP65",1788,65,NA,"Point",2649.634,NA,0.0841032384828086,0,0,0,0,"SOAP_65_2211","SOAP_180_2304",4.96363995635325,"SOAP_180_2304",4.96363995635325,"SOAP_66_2212",0.0181978506963123,"SOAP_129_2270",4.50716392369761,NA,40.54543115,-111.029703,40.54542467,-111.029645,NA,98.3320908270965,40.54542467,-111.029645,NA,98.3320908270965,40.54543109,-111.0297032,NA,-111.467883789743,40.54539066,-111.029707,NA,-175.690241389873
"161","SOAP",66,"ABLA",3.4,17.1,0,2,"0",1,1,1,1,"0","0","BO","0",NA,NA,NA,0,"0","0","0","0",0,0,0,0,"0","0",NA,NA,0,0,0,0,"0","0",NA,NA,0,0,0,0,"0","0",NA,NA,0,0,0,0,"0","0",NA,NA,0,0,1,0,"0","0",NA,NA,0,0,0,0,"0","0",NA,NA,"1 DB","1 DB","1 DB","1 DB",1,2,3,4,NA,NA,NA,NA,0,0,1,0,1,"SOAP66",1789,66,NA,"Point",2650.503,NA,0.0841112648424822,0,0,1,0,"SOAP_66_2212","SOAP_180_2304",4.97943963948444,"SOAP_180_2304",4.97943963948444,"SOAP_58_2205",4.04489669918541,"SOAP_129_2270",4.49927988886215,NA,40.54543109,-111.0297032,40.54542467,-111.029645,NA,98.2280278372409,40.54542467,-111.029645,NA,98.2280278372409,40.54545957,-111.0296734,NA,38.5970156548974,40.54539066,-111.029707,NA,-175.898920571832
"162","SOAP",67,"ABLA",6,16.4,0,0,"0",1,1,1,1,"0","0","0","0",NA,NA,NA,0,"0","0","0","0",0,0,0,0,"0","0",NA,NA,0,0,0,0,"0","0",NA,NA,0,0,0,0,"0","0",NA,NA,0,0,0,0,"0","0",NA,NA,0,0,0,0,"0","0",NA,NA,0,0,0,0,"0","0",NA,NA,NA,NA,NA,NA,1,2,3,4,NA,NA,NA,NA,0,0,0,0,0,"SOAP67",1790,67,NA,"Point",2648.042,NA,0.0797735039450994,0,0,0,0,"SOAP_67_2213","SOAP_185_2308",4.86141973225353,"SOAP_185_2308",4.86141973225353,"SOAP_58_2205",3.34461213862038,"SOAP_96_2243",5.21716278546019,NA,40.54547071,-111.0297101,40.54547159,-111.0296527,NA,88.8486582041574,40.54547159,-111.0296527,NA,88.8486582041574,40.54545957,-111.0296734,NA,111.697933452721,40.54547544,-111.0297714,NA,-84.2241954402069
"163","SOAP",68,"ABLA",4.7,37.7,0,0,"0",1,1,1,1,"0","0","0","0",NA,NA,NA,0,"0","0","0","0",0,0,0,0,"0","0",NA,NA,0,0,0,0,"0","0",NA,NA,0,0,0,0,"0","0",NA,NA,0,0,0,0,"0","0",NA,NA,0,0,0,0,"0","0",NA,NA,0,0,0,0,"0","0",NA,NA,NA,NA,"low under snow","low under snow",1,2,3,4,NA,NA,NA,NA,0,0,0,0,0,"SOAP68",1791,68,NA,"Point",2648.62,NA,0.080919588891249,0,0,0,0,"SOAP_68_2214","SOAP_96_2243",4.84103025840987,"SOAP_185_2308",5.61388321884122,"SOAP_66_2212",3.52352794211288,"SOAP_96_2243",4.84103025840987,NA,40.5454609,-111.0297175,40.54547544,-111.0297714,NA,-70.5253251190395,40.54547159,-111.0296527,NA,77.7974205989555,40.54543109,-111.0297032,NA,159.900312988081,40.54547544,-111.0297714,NA,-70.5253251190395
"164","SOAP",69,"ABLA",NA,NA,NA,0,"0",1,1,NA,NA,"0","0",NA,NA,NA,NA,NA,NA,"0","0",NA,NA,0,0,NA,NA,"0","0",NA,NA,0,0,NA,NA,"0","0",NA,NA,0,0,NA,NA,"0","0",NA,NA,0,0,NA,NA,"0","0",NA,NA,0,0,NA,NA,"0","0",NA,NA,0,0,NA,NA,"0","0",NA,NA,NA,NA,NA,NA,1,2,NA,NA,NA,NA,NA,NA,0,0,NA,NA,NA,"SOAP69",1792,69,NA,"Point",2650.041,NA,0.0804327732111584,0,0,NA,NA,"SOAP_69_2215","SOAP_96_2243",3.27105536802558,"SOAP_88_2235",5.06445623861706,"SOAP_96_2243",3.27105536802558,"SOAP_96_2243",3.27105536802558,NA,40.54546672,-111.0297345,40.54547544,-111.0297714,NA,-72.7880893167485,40.54548992,-111.029786,NA,-59.4367941250186,40.54547544,-111.0297714,NA,-72.7880893167485,40.54547544,-111.0297714,NA,-72.7880893167485
"165","SOAP",70,"ABLA",7.3,NA,0,2,"0",1,1,1,1,"0","0","0","0",NA,NA,NA,0,"0","0","0","0",0,0,0,0,"0","0",NA,NA,0,0,0,0,"0","0",NA,NA,0,0,0,0,"0","0",NA,NA,0,0,0,0,"0","0",NA,NA,0,0,0,0,"0","0",NA,NA,0,0,0,0,"0","0",NA,NA,"2 DB","2 DB","2 DB","2 DB",1,2,3,4,NA,NA,NA,NA,0,0,0,0,0,"SOAP70",1793,70,NA,"Point",2648.21,NA,0.0731724952158914,0,0,0,0,"SOAP_70_2216","SOAP_86_2232",7.33641800348719,"SOAP_88_2235",6.5881636785838,"SOAP_71_2217",2.36317571551186,"SOAP_77_2223",5.58224466183087,NA,40.54554402,-111.029818,40.54547808,-111.0298121,NA,176.095276358569,40.54548992,-111.029786,NA,155.714051995282,40.54555195,-111.0297921,NA,68.131343195371,40.54549396,-111.0298117,NA,174.516208086629
"166","SOAP",71,"ABLA",3.2,21.5,0,0,"0",1,1,1,1,"0","0","BO","0",NA,NA,NA,0,"0","0","0","0",0,0,0,0,"0","0",NA,NA,0,0,0,0,"0","0",NA,NA,0,0,1,0,"0","0",NA,NA,0,0,0,0,"0","0",NA,NA,0,0,0,0,"0","0",NA,NA,0,0,0,0,"0","0",NA,NA,NA,NA,NA,NA,1,2,3,4,NA,NA,NA,NA,0,0,1,0,1,"SOAP71",1794,71,NA,"Point",2645.462,NA,0.0718442773273653,0,0,1,0,"SOAP_71_2217","SOAP_86_2232",8.37268620280325,"SOAP_88_2235",6.90472216545154,"SOAP_76_2222",6.89987229689428,"SOAP_43_2195",5.28040732443898,NA,40.54555195,-111.0297921,40.54547808,-111.0298121,NA,-168.33034229019,40.54548992,-111.029786,NA,175.709819353227,40.54549039,-111.0298034,NA,-172.028769896129,40.54551757,-111.029749,NA,136.278691970898
"167","SOAP",73,"ABLA",NA,3.2,0,0,"0",1,1,1,1,"0","0","0","0",NA,NA,NA,0,"0","0","0","0",0,0,0,0,"0","0",NA,NA,0,0,0,0,"0","0",NA,NA,0,0,0,0,"0","0",NA,NA,0,0,0,0,"0","0",NA,NA,0,0,0,0,"0","0",NA,NA,0,0,0,0,"0","0",NA,NA,NA,NA,NA,NA,1,2,3,4,NA,NA,NA,NA,0,0,0,0,0,"SOAP73",1796,73,NA,"Point",2644.835,NA,0.0730167182513751,0,0,0,0,"SOAP_73_2218","SOAP_86_2232",7.73970083081975,"SOAP_88_2235",7.19253620936973,"SOAP_71_2217",2.94843186405264,"SOAP_77_2223",6.01153255095266,NA,40.54554696,-111.0298263,40.54547808,-111.0298121,NA,171.062563897771,40.54548992,-111.029786,NA,151.676741807211,40.54555195,-111.0297921,NA,79.1720424565615,40.54549396,-111.0298117,NA,168.132383269145
"168","SOAP",74,"ABLA",2,12.2,0,0,"0",1,1,1,1,"0","0","0","0",NA,NA,NA,0,"0","0","0","0",0,0,0,0,"0","0",NA,NA,0,0,0,0,"0","0",NA,NA,0,0,0,0,"0","0",NA,NA,0,0,0,0,"0","0",NA,NA,0,0,0,0,"0","0",NA,NA,0,0,0,0,"0","0",NA,NA,NA,NA,NA,NA,1,2,3,4,NA,NA,NA,NA,0,0,0,0,0,"SOAP74",1797,74,NA,"Point",2645.1,NA,0.0742270012271722,0,0,0,0,"SOAP_74_2219","SOAP_86_2232",6.8620203210531,"SOAP_88_2235",6.70583930334597,"SOAP_71_2217",3.97637373658707,"SOAP_77_2223",5.207842864366,NA,40.54553738,-111.029835,40.54547808,-111.0298121,NA,163.585536297968,40.54548992,-111.029786,NA,141.776009829912,40.54555195,-111.0297921,NA,66.0008747240914,40.54549396,-111.0298117,NA,157.737848679604
"169","SOAP",37,"ABLA",3,20.7,0,0,"0",1,1,1,1,"0","0","0","0",NA,NA,1,0,"0","0","0","0",0,0,0,0,"0","0",NA,NA,0,0,0,0,"0","0",NA,NA,0,0,0,0,"0","0",NA,NA,0,0,0,0,"0","0",NA,NA,0,0,0,0,"0","0",NA,NA,0,0,0,0,"0","0",NA,NA,NA,NA,NA,NA,1,2,3,4,NA,NA,NA,NA,0,0,0,0,0,"SOAP37",1802,37,NA,"Point",2644.915,NA,0.0771623616566405,0,0,0,0,"SOAP_37_2220","SOAP_86_2232",3.07583124877643,"SOAP_88_2235",2.1055800737707,"SOAP_76_2222",1.58719156489815,"SOAP_77_2223",1.45594061753665,NA,40.54550463,-111.0298017,40.54547808,-111.0298121,NA,-163.362916677344,40.54548992,-111.029786,NA,140.84793750012,40.54549039,-111.0298034,NA,-174.796413031187,40.54549396,-111.0298117,NA,-144.437283124066
"170","SOAP",36,"ABLA",6.8,42.9,0,2,"0",1,1,1,1,"0","0","0","0",NA,NA,1,0,"0","0","0","0",0,0,0,0,"0","0",NA,NA,0,0,0,0,"0","0",NA,NA,0,0,0,0,"0","0",NA,NA,0,0,0,0,"0","0",NA,NA,0,0,0,0,"0","0",NA,NA,0,0,0,0,"0","0",NA,NA,"1 DB","1 DB","1 DB","1 DB",1,2,3,4,NA,NA,NA,NA,0,0,0,0,0,"SOAP36",1801,36,NA,"Point",2646.757,NA,0.0749029544253432,0,0,0,0,"SOAP_36_2221","SOAP_86_2232",5.32932580075467,"SOAP_88_2235",4.22482453013894,"SOAP_71_2217",3.07266937213509,"SOAP_77_2223",3.58554157091268,NA,40.54552562,-111.0298033,40.54547808,-111.0298121,NA,-171.962483766129,40.54548992,-111.029786,NA,159.712103015467,40.54555195,-111.0297921,NA,17.9778462074604,40.54549396,-111.0298117,NA,-168.558024394318
"171","SOAP",76,"ABLA",3.6,26.1,0,1,"0",1,1,1,1,"0","0","BO","BO",NA,NA,NA,0,"0","0","0","0",0,0,0,0,"0","0",NA,NA,0,0,0,0,"0","0",NA,NA,0,0,1,1,"0","0",NA,NA,0,0,0,0,"0","0",NA,NA,0,0,0,0,"0","0",NA,NA,0,0,1,1,"0","0",NA,NA,NA,NA,NA,NA,1,2,3,4,NA,NA,NA,NA,0,0,1,1,1,"SOAP76",1803,76,NA,"Point",2647.941,NA,0.0787432697084656,0,0,1,1,"SOAP_76_2222","SOAP_86_2232",1.552355509903,"SOAP_81_2227",1.45281283116592,"SOAP_81_2227",1.45281283116592,"SOAP_77_2223",0.806834535119189,NA,40.54549039,-111.0298034,40.54547808,-111.0298121,NA,-151.669263752128,40.54547749,-111.0298063,NA,-170.268844613046,40.54547749,-111.0298063,NA,-170.268844613046,40.54549396,-111.0298117,NA,-60.5841436738
"172","SOAP",77,"ABLA",2.4,17,0,1,"0",1,1,1,1,"0","0","0","BO",NA,NA,NA,0,"0","0","0","0",0,0,0,0,"0","0",NA,NA,0,0,0,0,"0","0",NA,NA,0,0,0,1,"0","0",NA,NA,0,0,0,0,"0","0",NA,NA,0,0,0,0,"0","0",NA,NA,0,0,0,0,"0","0",NA,NA,NA,NA,NA,NA,1,2,3,4,NA,NA,NA,NA,0,0,0,1,1,"SOAP77",1804,77,NA,"Point",2647.156,NA,0.0784941376546644,0,0,0,1,"SOAP_77_2223","SOAP_86_2232",1.76301688148313,"SOAP_86_2232",1.76301688148313,"SOAP_76_2222",0.806834535119189,"SOAP_76_2222",0.806834535119189,NA,40.54549396,-111.0298117,40.54547808,-111.0298121,NA,-178.899179842927,40.54547808,-111.0298121,NA,-178.899179842927,40.54549039,-111.0298034,NA,119.415850930772,40.54549039,-111.0298034,NA,119.415850930772
"173","SOAP",78,"ABLA",1.8,9.5,0.5,0,"0",1,1,1,1,"0","0","0","0",NA,NA,NA,0,"0","0","0","0",0,0,0,0,"0","0",NA,NA,0,0,0,0,"0","0",NA,NA,0,0,0,0,"0","0",NA,NA,0,0,0,0,"0","0",NA,NA,0,0,0,0,"0","0",NA,NA,0,0,0,0,"0","0",NA,NA,NA,NA,NA,NA,1,2,3,4,NA,NA,NA,NA,0,0,0,0,0,"SOAP78",1805,78,NA,"Point",2647.378,NA,0.0780615268929409,0,0,0,0,"SOAP_78_2224","SOAP_86_2232",2.26512762773154,"SOAP_88_2235",1.32247855966445,"SOAP_76_2222",0.712772245118996,"SOAP_76_2222",0.712772245118996,NA,40.54549604,-111.0297994,40.54547808,-111.0298121,NA,-151.656245394012,40.54548992,-111.029786,NA,120.908939770778,40.54549039,-111.0298034,NA,-151.627898199078,40.54549039,-111.0298034,NA,-151.627898199078
"174","SOAP",79,"ABLA",NA,1.7,0,0,"0",1,1,1,1,"0","0","0","0",NA,NA,NA,0,"0","0","0","0",0,0,0,0,"0","0",NA,NA,0,0,0,0,"0","0",NA,NA,0,0,0,0,"0","0",NA,NA,0,0,0,0,"0","0",NA,NA,0,0,0,0,"0","0",NA,NA,0,0,0,0,"0","0",NA,NA,NA,NA,NA,NA,1,2,3,4,NA,NA,NA,NA,0,0,0,0,0,"SOAP79",1806,79,NA,"Point",2645.916,NA,0.0791638055846976,0,0,0,0,"SOAP_79_2225","SOAP_86_2232",1.15990760572927,"SOAP_81_2227",1.03296383997503,"SOAP_76_2222",0.419896358745277,"SOAP_76_2222",0.419896358745277,NA,40.54548667,-111.0298043,40.54547808,-111.0298121,NA,-145.29002803131,40.54547749,-111.0298063,NA,-170.563823443154,40.54549039,-111.0298034,NA,10.4568306782289,40.54549039,-111.0298034,NA,10.4568306782289
"175","SOAP",80,"ABLA",2,12.3,0,5,"0",1,1,1,1,"0","0","0","0",NA,NA,NA,0,"0","0","0","0",0,0,0,0,"0","0",NA,NA,0,0,0,0,"0","0",NA,NA,0,0,0,0,"0","0",NA,NA,0,0,0,0,"0","0",NA,NA,0,0,0,0,"0","0",NA,NA,0,0,0,0,"0","0",NA,NA,"3 DB","3 DB","3 DB","3 DB",1,2,3,4,NA,NA,NA,NA,0,0,0,0,0,"SOAP80",1807,80,NA,"Point",2646.816,NA,0.0775191681304847,0,0,0,0,"SOAP_80_2226","SOAP_96_2243",2.52035950784372,"SOAP_88_2235",1.18916861785365,"SOAP_88_2235",1.18916861785365,"SOAP_76_2222",2.42213410021538,NA,40.54549781,-111.0297765,40.54547544,-111.0297714,NA,170.133976122016,40.54548992,-111.029786,NA,-137.432192089549,40.54548992,-111.029786,NA,-137.432192089549,40.54549039,-111.0298034,NA,-109.879375100565
"176","SOAP",81,"ABLA",5.3,36.7,6.2,0,"0",1,1,1,1,"0","BO","BO","BO",NA,NA,NA,0,"0","0","0","0",0,1,0,1,"0","0",NA,NA,0,0,1,1,"0","0",NA,NA,0,0,1,1,"0","0",NA,NA,0,0,0,0,"0","0",NA,NA,0,0,0,1,"0","0",NA,NA,0,0,1,0,"0","0",NA,NA,NA,NA,NA,NA,1,2,3,4,NA,NA,NA,NA,0,1,1,1,1,"SOAP81",1808,81,NA,"Point",2648.444,NA,0.0801979539629813,0,1,1,1,"SOAP_81_2227","SOAP_86_2232",0.4954716443817,"SOAP_86_2232",0.4954716443817,"SOAP_76_2222",1.45281283116592,"SOAP_87_2234",0.87832309992191,NA,40.54547749,-111.0298063,40.54547808,-111.0298121,NA,-82.4045320946161,40.54547808,-111.0298121,NA,-82.4045320946161,40.54549039,-111.0298034,NA,9.73115350180446,40.54546985,-111.0298036,NA,164.912177333825
"177","SOAP",82,"ABLA",1.1,8.5,5.8,0,"0",1,1,1,1,"0","0","0","0",NA,NA,NA,0,"0","0","0","0",0,0,0,0,"0","0",NA,NA,0,0,0,0,"0","0",NA,NA,0,0,0,0,"0","0",NA,NA,0,0,0,0,"0","0",NA,NA,0,0,0,0,"0","0",NA,NA,0,0,0,0,"0","0",NA,NA,NA,NA,"low under snow","low under snow",1,2,3,4,NA,NA,NA,NA,0,0,0,0,0,"SOAP82",1809,82,NA,"Point",2648.286,NA,0.0803843809508192,0,0,0,0,"SOAP_82_2228","SOAP_86_2232",0.282066509470349,"SOAP_86_2232",0.282066509470349,"SOAP_81_2227",0.75456629042371,"SOAP_81_2227",0.75456629042371,NA,40.54547715,-111.0298152,40.54547808,-111.0298121,NA,68.5320991972049,40.54547808,-111.0298121,NA,68.5320991972049,40.54547749,-111.0298063,NA,87.1331060453437,40.54547749,-111.0298063,NA,87.1331060453437
"178","SOAP",83,"ABLA",1.3,10.6,7.6,0,"0",1,1,1,1,"0","0","0","0",NA,NA,NA,0,"0","0","0","0",0,0,0,0,"0","0",NA,NA,0,0,0,0,"0","0",NA,NA,0,0,0,0,"0","0",NA,NA,0,0,0,0,"0","0",NA,NA,0,0,0,0,"0","0",NA,NA,0,0,0,0,"0","0",NA,NA,NA,NA,NA,NA,1,2,3,4,NA,NA,NA,NA,0,0,0,0,0,"SOAP83",1810,83,NA,"Point",2647.158,NA,0.0799448792208233,0,0,0,0,"SOAP_83_2229","SOAP_86_2232",0.663634274457483,"SOAP_81_2227",0.273881172352837,"SOAP_81_2227",0.273881172352837,"SOAP_81_2227",0.273881172352837,NA,40.54547954,-111.0298045,40.54547808,-111.0298121,NA,-104.134698282516,40.54547749,-111.0298063,NA,-146.185141854594,40.54547749,-111.0298063,NA,-146.185141854594,40.54547749,-111.0298063,NA,-146.185141854594
"179","SOAP",84,"ABLA",1.3,9,7.2,0,"0",1,1,1,1,"0","0","0","0",NA,NA,NA,0,"0","0","0","0",0,0,0,0,"0","0",NA,NA,0,0,0,0,"0","0",NA,NA,0,0,0,0,"0","0",NA,NA,0,0,0,0,"0","0",NA,NA,0,0,0,0,"0","0",NA,NA,0,0,0,0,"0","0",NA,NA,NA,NA,"under snow","under snow",1,2,3,4,NA,NA,NA,NA,0,0,0,0,0,"SOAP84",1811,84,NA,"Point",2645.853,NA,0.0793418452812517,0,0,0,0,"SOAP_84_2230","SOAP_86_2232",1.15439655873239,"SOAP_81_2227",0.889701848053249,"SOAP_76_2222",0.660372114145654,"SOAP_76_2222",0.660372114145654,NA,40.54548462,-111.0298015,40.54547808,-111.0298121,NA,-128.965481939049,40.54547749,-111.0298063,NA,-152.816877093108,40.54549039,-111.0298034,NA,-14.100803469943,40.54549039,-111.0298034,NA,-14.100803469943
"180","SOAP",85,"ABLA",1.1,9.5,1.3,0,"0",1,1,1,1,"0","0","0","0",NA,NA,NA,0,"0","0","0","0",0,0,0,0,"0","0",NA,NA,0,0,0,0,"0","0",NA,NA,0,0,0,0,"0","0",NA,NA,0,0,0,0,"0","0",NA,NA,0,0,0,0,"0","0",NA,NA,0,0,0,0,"0","0",NA,NA,NA,NA,"low under snow","low under snow",1,2,3,4,NA,NA,NA,NA,0,0,0,0,0,"SOAP85",1812,85,NA,"Point",2646.949,NA,0.0792799522459049,0,0,0,0,"SOAP_85_2231","SOAP_86_2232",1.09380096039777,"SOAP_81_2227",0.918039833953052,"SOAP_76_2222",0.543057668666122,"SOAP_76_2222",0.543057668666122,NA,40.5454855,-111.0298036,40.54547808,-111.0298121,NA,-138.850379296074,40.54547749,-111.0298063,NA,-165.579402632646,40.54549039,-111.0298034,NA,1.78706555800796,40.54549039,-111.0298034,NA,1.78706555800796
"181","SOAP",86,"ABLA",1.6,10,2.7,0,"0",1,1,1,1,"BO","BO","BO","0",NA,NA,NA,0,"0","0","0","0",0,0,0,0,"0","0",NA,NA,0,0,0,0,"0","0",NA,NA,1,1,0,0,"0","0",NA,NA,0,0,0,0,"0","0",NA,NA,0,0,0,0,"0","0",NA,NA,0,0,0,0,"0","0",NA,NA,NA,NA,"under snow","under snow",1,2,3,4,NA,NA,NA,NA,1,1,0,0,0,"SOAP86",1813,86,NA,"Point",2648.712,NA,0.0802302759047344,1,1,0,0,"SOAP_86_2232","SOAP_92_2239",2.16045174879627,"SOAP_81_2227",0.4954716443817,"SOAP_81_2227",0.4954716443817,"SOAP_81_2227",0.4954716443817,NA,40.54547808,-111.0298121,40.5454592,-111.0298059,NA,165.936181822573,40.54547749,-111.0298063,NA,97.5954641350857,40.54547749,-111.0298063,NA,97.5954641350857,40.54547749,-111.0298063,NA,97.5954641350857
"182","SOAP",44,"ABLA",NA,5.4,0,2,"0",1,1,1,1,"0","0","0","0",NA,NA,NA,0,"0","0","0","0",0,0,0,0,"0","0",NA,NA,0,0,0,0,"0","0",NA,NA,0,0,0,0,"0","0",NA,NA,0,0,0,0,"0","0",NA,NA,0,0,0,0,"0","0",NA,NA,0,0,0,0,"0","0",NA,NA,"2 DB, 2 Dead","2 DB, 2 Dead","2 DB, 2 Dead, under snow","2 DB, 2 Dead, under snow",1,2,3,4,NA,NA,NA,NA,0,0,0,0,0,"SOAP44",1769,44,NA,"Point",2644.414,NA,0.0730736093281059,0,0,0,0,"SOAP_44_2233","SOAP_96_2243",7.4082977802792,"SOAP_88_2235",6.93040647504322,"SOAP_71_2217",5.97017970609943,"SOAP_43_2195",2.54738580395512,NA,40.54553263,-111.0297263,40.54547544,-111.0297714,NA,-148.969677639707,40.54548992,-111.029786,NA,-133.16201375461,40.54555195,-111.0297921,NA,-68.9484377934257,40.54551757,-111.029749,NA,-131.012971414968
"183","SOAP",87,"ABLA",1.2,11.8,7,0,"0",1,1,1,1,"0","0","0","BO",NA,NA,NA,0,"0","0","0","0",0,0,0,0,"0","0",NA,NA,0,0,0,0,"0","0",NA,NA,0,0,0,0,"0","0",NA,NA,0,0,0,1,"0","0",NA,NA,0,0,0,0,"0","0",NA,NA,0,0,0,0,"0","0",NA,NA,NA,NA,"under snow","under snow",1,2,3,4,NA,NA,NA,NA,0,0,0,1,1,"SOAP87",1814,87,NA,"Point",2646.415,NA,0.0809879481724039,0,0,0,1,"SOAP_87_2234","SOAP_86_2232",1.16300896443056,"SOAP_81_2227",0.87832309992191,"SOAP_81_2227",0.87832309992191,"SOAP_81_2227",0.87832309992191,NA,40.54546985,-111.0298036,40.54547808,-111.0298121,NA,-38.2336554393698,40.54547749,-111.0298063,NA,-15.087820911036,40.54547749,-111.0298063,NA,-15.087820911036,40.54547749,-111.0298063,NA,-15.087820911036
"184","SOAP",88,"ABLA",4.7,40.6,0,0,"0",1,1,1,1,"0","BO","BO","0",NA,NA,NA,0,"0","0","0","0",0,0,0,0,"0","0",NA,NA,0,0,0,0,"0","0",NA,NA,0,0,0,0,"0","0",NA,NA,0,1,1,0,"0","0",NA,NA,0,0,0,0,"0","0",NA,NA,0,0,0,0,"0","0",NA,NA,NA,NA,NA,NA,1,2,3,4,NA,NA,NA,NA,0,1,1,0,1,"SOAP88",1815,88,NA,"Point",2646.681,NA,0.0785217823151357,0,1,1,0,"SOAP_88_2235","SOAP_96_2243",2.02774930770403,"SOAP_81_2227",2.20418189252319,"SOAP_76_2222",1.47429621592142,"SOAP_76_2222",1.47429621592142,NA,40.54548992,-111.029786,40.54547544,-111.0297714,NA,142.433615471848,40.54547749,-111.0298063,NA,-128.752987004862,40.54549039,-111.0298034,NA,-87.9720677830848,40.54549039,-111.0298034,NA,-87.9720677830848
"185","SOAP",89,"ABLA",1.2,9.7,4.2,0,"0",1,1,1,1,"0","0","0","0",NA,NA,NA,0,"0","0","0","0",0,0,0,0,"0","0",NA,NA,0,0,0,0,"0","0",NA,NA,0,0,0,0,"0","0",NA,NA,0,0,0,0,"0","0",NA,NA,0,0,0,0,"0","0",NA,NA,0,0,0,0,"0","0",NA,NA,NA,NA,NA,NA,1,2,3,4,NA,NA,NA,NA,0,0,0,0,0,"SOAP89",1816,89,NA,"Point",2646.207,NA,0.0789955129224751,0,0,0,0,"SOAP_89_2236","SOAP_86_2232",1.69605694287445,"SOAP_88_2235",0.892508876291858,"SOAP_76_2222",0.747732416084768,"SOAP_76_2222",0.747732416084768,NA,40.54548696,-111.0297958,40.54547808,-111.0298121,NA,-125.532414913151,40.54548992,-111.029786,NA,68.3994641638333,40.54549039,-111.0298034,NA,-59.3905858583714,40.54549039,-111.0298034,NA,-59.3905858583714
"186","SOAP",90,"ABLA",4.2,38.3,7.8,0,"0",1,1,1,1,"0","0","0","0",NA,NA,NA,0,"0","0","0","0",0,0,0,0,"0","0",NA,NA,0,0,0,0,"0","0",NA,NA,0,0,0,0,"0","0",NA,NA,0,0,0,0,"0","0",NA,NA,0,0,0,0,"0","0",NA,NA,0,0,0,0,"0","0",NA,NA,NA,NA,NA,NA,1,2,3,4,NA,NA,NA,NA,0,0,0,0,0,"SOAP90",1817,90,NA,"Point",2648.734,NA,0.0796391445989274,0,0,0,0,"SOAP_90_2237","SOAP_86_2232",1.07778439850083,"SOAP_81_2227",0.691799060049349,"SOAP_81_2227",0.691799060049349,"SOAP_81_2227",0.691799060049349,NA,40.54548172,-111.0298003,40.54547808,-111.0298121,NA,-112.017054035126,40.54547749,-111.0298063,NA,-132.74315702512,40.54547749,-111.0298063,NA,-132.74315702512,40.54547749,-111.0298063,NA,-132.74315702512
"187","SOAP",91,"ABLA",1.4,15.1,5.4,0,"0",1,1,1,1,"0","0","0","0",NA,NA,NA,0,"0","0","0","0",0,0,0,0,"0","0",NA,NA,0,0,0,0,"0","0",NA,NA,0,0,0,0,"0","0",NA,NA,0,0,0,0,"0","0",NA,NA,0,0,0,0,"0","0",NA,NA,0,0,0,0,"0","0",NA,NA,NA,NA,NA,NA,1,2,3,4,NA,NA,NA,NA,0,0,0,0,0,"SOAP91",1818,91,NA,"Point",2648.844,NA,0.0804357541790075,0,0,0,0,"SOAP_91_2238","SOAP_86_2232",0.977164244916213,"SOAP_81_2227",0.517790842373148,"SOAP_81_2227",0.517790842373148,"SOAP_81_2227",0.517790842373148,NA,40.5454746,-111.0298015,40.54547808,-111.0298121,NA,-66.7147049955747,40.54547749,-111.0298063,NA,-51.71745445241,40.54547749,-111.0298063,NA,-51.71745445241,40.54547749,-111.0298063,NA,-51.71745445241
"188","SOAP",92,"ABLA",6.1,49.1,0.8,0,"0",1,1,1,1,"BO","0","0","0",NA,NA,NA,0,"0","0","0","0",0,0,0,0,"0","0",NA,NA,0,0,0,0,"0","0",NA,NA,0,0,0,0,"0","0",NA,NA,0,0,0,0,"0","0",NA,NA,1,0,0,0,"0","0",NA,NA,0,0,0,0,"0","0",NA,NA,NA,NA,NA,NA,1,2,3,4,NA,NA,NA,NA,1,0,0,0,0,"SOAP92",1819,92,NA,"Point",2649.781,NA,0.0821875524606063,1,0,0,0,"SOAP_92_2239","SOAP_86_2232",2.16045174879627,"SOAP_94_2241",0.279697817686824,"SOAP_94_2241",0.279697817686824,"SOAP_94_2241",0.279697817686824,NA,40.5454592,-111.0298059,40.54547808,-111.0298121,NA,-14.0638141471093,40.54545833,-111.0298028,NA,110.198138549112,40.54545833,-111.0298028,NA,110.198138549112,40.54545833,-111.0298028,NA,110.198138549112
"189","SOAP",93,"ABLA",1,9.8,0.8,0,"0",1,1,1,1,"0","0","0","0",NA,NA,NA,0,"0","0","0","0",0,0,0,0,"0","0",NA,NA,0,0,0,0,"0","0",NA,NA,0,0,0,0,"0","0",NA,NA,0,0,0,0,"0","0",NA,NA,0,0,0,0,"0","0",NA,NA,0,0,0,0,"0","0",NA,NA,NA,NA,NA,NA,1,2,3,4,NA,NA,NA,NA,0,0,0,0,0,"SOAP93",1820,93,NA,"Point",2647.661,NA,0.0819856212763933,0,0,0,0,"SOAP_93_2240","SOAP_92_2239",0.273967157110971,"SOAP_94_2241",0.523338892183838,"SOAP_94_2241",0.523338892183838,"SOAP_94_2241",0.523338892183838,NA,40.5454613,-111.0298076,40.5454592,-111.0298059,NA,148.302872407063,40.54545833,-111.0298028,NA,129.045700995262,40.54545833,-111.0298028,NA,129.045700995262,40.54545833,-111.0298028,NA,129.045700995262
"190","SOAP",94,"ABLA",1.4,9.3,6.1,0,"0",1,1,1,1,"0","BO","BO","BO",NA,NA,NA,0,"0","0","0","0",0,0,0,0,"0","0",NA,NA,0,1,0,0,"0","0",NA,NA,0,0,1,1,"0","0",NA,NA,0,0,0,0,"0","0",NA,NA,0,0,0,0,"0","0",NA,NA,0,0,0,0,"0","0",NA,NA,NA,NA,NA,NA,1,2,3,4,NA,NA,NA,NA,0,1,1,1,1,"SOAP94",1821,94,NA,"Point",2648.119,NA,0.0822334861108473,0,1,1,1,"SOAP_94_2241","SOAP_92_2239",0.279697817686824,"SOAP_81_2227",2.14732418792239,"SOAP_81_2227",2.14732418792239,"SOAP_87_2234",1.280521391693,NA,40.54545833,-111.0298028,40.5454592,-111.0298059,NA,-69.801859435729,40.54547749,-111.0298063,NA,-7.93313952725702,40.54547749,-111.0298063,NA,-7.93313952725702,40.54546985,-111.0298036,NA,-3.03243919475871
"191","SOAP",95,"ABLA",7.5,48.2,6.6,0,"0",1,1,1,1,"0","0","0","0",NA,NA,NA,0,"0","0","0","0",0,0,0,0,"0","0",NA,NA,0,0,0,0,"0","0",NA,NA,0,0,0,0,"0","0",NA,NA,0,0,0,0,"0","0",NA,NA,0,0,0,0,"0","0",NA,NA,0,0,0,0,"0","0",NA,NA,NA,NA,NA,NA,1,2,3,4,NA,NA,NA,NA,0,0,0,0,0,"SOAP95",1822,95,NA,"Point",2648.66,NA,0.0804926482147117,0,0,0,0,"SOAP_95_2242","SOAP_96_2243",1.38890327331056,"SOAP_81_2227",1.72521074499248,"SOAP_96_2243",1.38890327331056,"SOAP_96_2243",1.38890327331056,NA,40.54547208,-111.0297872,40.54547544,-111.0297714,NA,74.4231727921835,40.54547749,-111.0298063,NA,-69.6299789338873,40.54547544,-111.0297714,NA,74.4231727921835,40.54547544,-111.0297714,NA,74.4231727921835
"192","SOAP",96,"ABLA",5.5,44.2,11.3,0,"0",1,1,1,1,"BO","0","BO","BO",NA,NA,NA,0,"0","0","0","0",0,0,0,0,"0","0",NA,NA,0,0,0,0,"0","0",NA,NA,0,0,0,0,"0","0",NA,NA,0,0,0,0,"0","0",NA,NA,1,0,1,1,"0","0",NA,NA,0,0,0,0,"0","0",NA,NA,NA,NA,NA,NA,1,2,3,4,NA,NA,NA,NA,1,0,1,1,0,"SOAP96",1823,96,NA,"Point",2648.184,NA,0.0799029577709988,1,0,1,1,"SOAP_96_2243","SOAP_92_2239",3.43275436624948,"SOAP_88_2235",2.02774930770403,"SOAP_88_2235",2.02774930770403,"SOAP_98_2245",2.13244250615048,NA,40.54547544,-111.0297714,40.5454592,-111.0298059,NA,-121.677169280583,40.54548992,-111.029786,NA,-37.5663750374006,40.54548992,-111.029786,NA,-37.5663750374006,40.54545744,-111.0297802,NA,-159.547112556816
"193","SOAP",97,"ABLA",6.3,42.7,0,1,"0",1,1,1,1,"0","0","0","0",NA,NA,NA,0,"0","0","0","0",0,0,0,0,"0","0",NA,NA,0,0,0,0,"0","0",NA,NA,0,0,0,0,"0","0",NA,NA,0,0,0,0,"0","0",NA,NA,0,0,0,0,"0","0",NA,NA,0,0,0,0,"0","0",NA,NA,NA,NA,NA,NA,1,2,3,4,NA,NA,NA,NA,0,0,0,0,0,"SOAP97",1824,97,NA,"Point",2646.744,NA,0.0805004986921785,0,0,0,0,"SOAP_97_2244","SOAP_96_2243",0.649007371661122,"SOAP_88_2235",2.33179434949676,"SOAP_96_2243",0.649007371661122,"SOAP_96_2243",0.649007371661122,NA,40.5454705,-111.0297755,40.54547544,-111.0297714,NA,32.3392298199384,40.54548992,-111.029786,NA,-22.4139951586603,40.54547544,-111.0297714,NA,32.3392298199384,40.54547544,-111.0297714,NA,32.3392298199384
"194","SOAP",98,"ABLA",4,12.1,0,0,"0",1,1,1,1,"0","0","0","BO",NA,NA,NA,0,"0","0","0","0",0,0,0,1,"0","0",NA,NA,0,0,0,0,"0","0",NA,NA,0,0,0,0,"0","0",NA,NA,0,0,0,0,"0","0",NA,NA,0,0,0,0,"0","0",NA,NA,0,0,0,0,"0","0",NA,NA,NA,NA,NA,NA,1,2,3,4,NA,NA,NA,NA,0,0,0,1,1,"SOAP98",1825,98,NA,"Point",2645.924,NA,0.0819978685147223,0,0,0,1,"SOAP_98_2245","SOAP_96_2243",2.13244250615048,"SOAP_94_2241",1.91624034734895,"SOAP_94_2241",1.91624034734895,"SOAP_94_2241",1.91624034734895,NA,40.54545744,-111.0297802,40.54547544,-111.0297714,NA,20.4528817227333,40.54545833,-111.0298028,NA,-87.0448323802563,40.54545833,-111.0298028,NA,-87.0448323802563,40.54545833,-111.0298028,NA,-87.0448323802563
"195","SOAP",99,"ABLA",1.5,13,4.6,0,"0",1,1,1,1,"0","0","0","0",NA,NA,NA,0,"0","0","0","0",0,0,0,0,"0","0",NA,NA,0,0,0,0,"0","0",NA,NA,0,0,0,0,"0","0",NA,NA,0,0,0,0,"0","0",NA,NA,0,0,0,0,"0","0",NA,NA,0,0,0,0,"0","0",NA,NA,NA,NA,NA,NA,1,2,3,4,NA,NA,NA,NA,0,0,0,0,0,"SOAP99",1826,99,NA,"Point",2646.329,NA,0.0820444093391454,0,0,0,0,"SOAP_99_2246","SOAP_92_2239",0.444684519169407,"SOAP_94_2241",0.238360713354912,"SOAP_94_2241",0.238360713354912,"SOAP_94_2241",0.238360713354912,NA,40.54545976,-111.0298007,40.5454592,-111.0298059,NA,-98.0354270900613,40.54545833,-111.0298028,NA,-131.753545299981,40.54545833,-111.0298028,NA,-131.753545299981,40.54545833,-111.0298028,NA,-131.753545299981
"196","SOAP",100,"ABLA",1.6,12.4,3,0,"0",1,1,1,1,"0","0","0","0",NA,NA,NA,0,"0","0","0","0",0,0,0,0,"0","0",NA,NA,0,0,0,0,"0","0",NA,NA,0,0,0,0,"0","0",NA,NA,0,0,0,0,"0","0",NA,NA,0,0,0,0,"0","0",NA,NA,0,0,0,0,"0","0",NA,NA,NA,NA,NA,NA,1,2,3,4,NA,NA,NA,NA,0,0,0,0,0,"SOAP100",1827,100,NA,"Point",2645.448,NA,0.0821236353806815,0,0,0,0,"SOAP_100_2247","SOAP_92_2239",0.491907877739125,"SOAP_94_2241",0.238760396913649,"SOAP_94_2241",0.238760396913649,"SOAP_94_2241",0.238760396913649,NA,40.54545895,-111.0298001,40.5454592,-111.0298059,NA,-86.7660332137167,40.54545833,-111.0298028,NA,-106.752653871517,40.54545833,-111.0298028,NA,-106.752653871517,40.54545833,-111.0298028,NA,-106.752653871517
"197","SOAP",101,"ABLA",NA,1.8,0,0,"0",1,1,1,1,"0","0","0","0",NA,NA,NA,0,"0","0","0","0",0,0,0,0,"0","0",NA,NA,0,0,0,0,"0","0",NA,NA,0,0,0,0,"0","0",NA,NA,0,0,0,0,"0","0",NA,NA,0,0,0,0,"0","0",NA,NA,0,0,0,0,"0","0",NA,NA,NA,NA,NA,NA,1,2,3,4,NA,NA,NA,NA,0,0,0,0,0,"SOAP101",1828,101,NA,"Point",2646.194,NA,0.0812014225898487,0,0,0,0,"SOAP_101_2248","SOAP_86_2232",2.05288168394515,"SOAP_86_2232",2.05288168394515,"SOAP_81_2227",2.51464987818283,"SOAP_81_2227",2.51464987818283,NA,40.54547297,-111.0298354,40.54547808,-111.0298121,NA,73.9604195277677,40.54547808,-111.0298121,NA,73.9604195277677,40.54547749,-111.0298063,NA,78.4910916155626,40.54547749,-111.0298063,NA,78.4910916155626
"198","SOAP",102,"ABLA",10.5,51.4,11.9,0,"0",1,1,1,1,"0","0","0","0",NA,NA,NA,0,"0","0","0","0",0,0,0,0,"0","0",NA,NA,0,0,0,0,"0","0",NA,NA,0,0,0,0,"0","0",NA,NA,0,0,0,0,"0","0",NA,NA,0,0,0,0,"0","0",NA,NA,0,0,0,0,"0","0",NA,NA,NA,NA,NA,NA,1,2,3,4,NA,NA,NA,NA,0,0,0,0,0,"SOAP102",1829,102,NA,"Point",2645.147,NA,0.0825925019126294,0,0,0,0,"SOAP_102_2249","SOAP_92_2239",3.30634718755035,"SOAP_86_2232",3.30765153220012,"SOAP_94_2241",3.57697744108671,"SOAP_94_2241",3.57697744108671,NA,40.54546178,-111.0298448,40.5454592,-111.0298059,NA,94.968932802703,40.54547808,-111.0298121,NA,56.8380001574836,40.54545833,-111.0298028,NA,96.1458721688513,40.54545833,-111.0298028,NA,96.1458721688513
"199","SOAP",103,"ABLA",1.2,9.5,0,0,"0",1,1,1,1,"0","0","0","0",NA,NA,NA,0,"0","0","0","0",0,0,0,0,"0","0",NA,NA,0,0,0,0,"0","0",NA,NA,0,0,0,0,"0","0",NA,NA,0,0,0,0,"0","0",NA,NA,0,0,0,0,"0","0",NA,NA,0,0,0,0,"0","0",NA,NA,NA,NA,NA,NA,1,2,3,4,NA,NA,NA,NA,0,0,0,0,0,"SOAP103",1830,103,NA,"Point",2644.931,NA,0.0833907411186629,0,0,0,0,"SOAP_103_2250","SOAP_92_2239",3.74242681250355,"SOAP_94_2241",3.99398862653573,"SOAP_94_2241",3.99398862653573,"SOAP_94_2241",3.99398862653573,NA,40.5454553,-111.0298498,40.5454592,-111.0298059,NA,83.3574632002071,40.54545833,-111.0298028,NA,85.1694092990416,40.54545833,-111.0298028,NA,85.1694092990416,40.54545833,-111.0298028,NA,85.1694092990416
"200","SOAP",105,"ABLA",1.8,12.4,6.5,1,"0",1,1,1,1,"0","0","0","0",NA,NA,NA,0,"0","0","0","0",0,0,0,0,"0","0",NA,NA,0,0,0,0,"0","0",NA,NA,0,0,0,0,"0","0",NA,NA,0,0,0,0,"0","0",NA,NA,0,0,0,0,"0","0",NA,NA,0,0,0,0,"0","0",NA,NA,NA,NA,"under snow","under snow",1,2,3,4,NA,NA,NA,NA,0,0,0,0,0,"SOAP105",1832,105,NA,"Point",2647.932,NA,0.0873582576976532,0,0,0,0,"SOAP_105_2251","SOAP_92_2239",5.19574074232085,"SOAP_752_2058",4.7673446550435,"SOAP_94_2241",5.19033266338496,"SOAP_94_2241",5.19033266338496,NA,40.54541457,-111.0298244,40.5454592,-111.0298059,NA,17.5477421400057,40.54541476,-111.0298807,NA,-89.7465114940509,40.54545833,-111.0298028,NA,20.633498749888,40.54545833,-111.0298028,NA,20.633498749888
"201","SOAP",106,"ABLA",1.6,9.3,7.1,0,"0",1,1,1,1,"0","0","0","0",NA,NA,NA,0,"0","0","0","0",0,0,0,0,"0","0",NA,NA,0,0,0,0,"0","0",NA,NA,0,0,0,0,"0","0",NA,NA,0,0,0,0,"0","0",NA,NA,0,0,0,0,"0","0",NA,NA,0,0,0,0,"0","0",NA,NA,"Bent","Bent","Bent","Bent",1,2,3,4,NA,NA,NA,NA,0,0,0,0,0,"SOAP106",1833,106,NA,"Point",2645.915,NA,0.0872687598499979,0,0,0,0,"SOAP_106_2252","SOAP_92_2239",5.14255745677459,"SOAP_116_2262",4.04991870849433,"SOAP_116_2262",4.04991870849433,"SOAP_94_2241",5.05810516203643,NA,40.54541288,-111.0298071,40.5454592,-111.0298059,NA,1.13218294178176,40.54540052,-111.0297621,NA,109.801607596825,40.54540052,-111.0297621,NA,109.801607596825,40.54545833,-111.0298028,NA,4.12802814648119
"202","SOAP",107,"ABLA",1.2,10.1,7.9,0,"0",1,1,1,1,"0","0","0","0",NA,NA,NA,0,"0","0","0","0",0,0,0,0,"0","0",NA,NA,0,0,0,0,"0","0",NA,NA,0,0,0,0,"0","0",NA,NA,0,0,0,0,"0","0",NA,NA,0,0,0,0,"0","0",NA,NA,0,0,0,0,"0","0",NA,NA,NA,NA,NA,NA,1,2,3,4,NA,NA,NA,NA,0,0,0,0,0,"SOAP107",1834,107,NA,"Point",2646.425,NA,0.0870765681964199,0,0,0,0,"SOAP_107_2253","SOAP_92_2239",4.95747307605468,"SOAP_116_2262",4.06118073105195,"SOAP_116_2262",4.06118073105195,"SOAP_94_2241",4.87027103668965,NA,40.54541454,-111.0298064,40.5454592,-111.0298059,NA,0.48932924103178,40.54540052,-111.0297621,NA,112.5318061477,40.54540052,-111.0297621,NA,112.5318061477,40.54545833,-111.0298028,NA,3.58855496980324
"203","SOAP",108,"ABLA",1.1,10.2,9.1,0,"0",1,1,1,1,"0","0","0","0",NA,NA,NA,0,"0","0","0","0",0,0,0,0,"0","0",NA,NA,0,0,0,0,"0","0",NA,NA,0,0,0,0,"0","0",NA,NA,0,0,0,0,"0","0",NA,NA,0,0,0,0,"0","0",NA,NA,0,0,0,0,"0","0",NA,NA,NA,NA,NA,NA,1,2,3,4,NA,NA,NA,NA,0,0,0,0,0,"SOAP108",1835,108,NA,"Point",2647.056,NA,0.0872547294274936,0,0,0,0,"SOAP_108_2254","SOAP_92_2239",5.17352673033472,"SOAP_116_2262",3.80912019133378,"SOAP_116_2262",3.80912019133378,"SOAP_94_2241",5.07633744873727,NA,40.54541261,-111.0298042,40.5454592,-111.0298059,NA,-1.59442658954519,40.54540052,-111.0297621,NA,110.628778712593,40.54540052,-111.0297621,NA,110.628778712593,40.54545833,-111.0298028,NA,1.33814535411323
"204","SOAP",109,"ABLA",1,11.4,7.3,0,"0",1,1,1,1,"0","0","0","0",NA,NA,NA,0,"0","0","0","0",0,0,0,0,"0","0",NA,NA,0,0,0,0,"0","0",NA,NA,0,0,0,0,"0","0",NA,NA,0,0,0,0,"0","0",NA,NA,0,0,0,0,"0","0",NA,NA,0,0,0,0,"0","0",NA,NA,NA,NA,NA,NA,1,2,3,4,NA,NA,NA,NA,0,0,0,0,0,"SOAP109",1836,109,NA,"Point",2647.299,NA,0.0876382599806038,0,0,0,0,"SOAP_109_2255","SOAP_92_2239",5.52584954633575,"SOAP_116_2262",3.88727360728118,"SOAP_116_2262",3.88727360728118,"SOAP_94_2241",5.43807802615078,NA,40.54540942,-111.0298065,40.5454592,-111.0298059,NA,0.52679854734748,40.54540052,-111.0297621,NA,104.722537105752,40.54540052,-111.0297621,NA,104.722537105752,40.54545833,-111.0298028,NA,3.30280622592347
"205","SOAP",110,"ABLA",NA,7.5,0,0,"0",1,1,1,1,"0","0","0","0",NA,NA,NA,0,"0","0","0","0",0,0,0,0,"0","0",NA,NA,0,0,0,0,"0","0",NA,NA,0,0,0,0,"0","0",NA,NA,0,0,0,0,"0","0",NA,NA,0,0,0,0,"0","0",NA,NA,0,0,0,0,"0","0",NA,NA,"2 Dead","2 Dead","2 Dead","2 Dead",1,2,3,4,NA,NA,NA,NA,0,0,0,0,0,"SOAP110",1837,110,NA,"Point",2647.515,NA,0.086715090862291,0,0,0,0,"SOAP_110_2256","SOAP_92_2239",4.54333726409591,"SOAP_94_2241",4.4777630224791,"SOAP_94_2241",4.4777630224791,"SOAP_94_2241",4.4777630224791,NA,40.54541842,-111.0298105,40.5454592,-111.0298059,NA,4.91815896805921,40.54545833,-111.0298028,NA,8.37264415872967,40.54545833,-111.0298028,NA,8.37264415872967,40.54545833,-111.0298028,NA,8.37264415872967
"206","SOAP",111,"ABLA",5,37.8,11.6,0,"0",1,1,1,1,"0","0","0","0",NA,NA,NA,0,"0","0","0","0",0,0,0,0,"0","0",NA,NA,0,0,0,0,"0","0",NA,NA,0,0,0,0,"0","0",NA,NA,0,0,0,0,"0","0",NA,NA,0,0,0,0,"0","0",NA,NA,0,0,0,0,"0","0",NA,NA,NA,NA,NA,NA,1,2,3,4,NA,NA,NA,NA,0,0,0,0,0,"SOAP111",1838,111,NA,"Point",2643.964,NA,0.0866649619525562,0,0,0,0,"SOAP_111_2257","SOAP_92_2239",4.85291656844132,"SOAP_116_2262",3.18524121959243,"SOAP_116_2262",3.18524121959243,"SOAP_98_2245",4.67240306017204,NA,40.54541655,-111.0297933,40.5454592,-111.0298059,NA,-12.7003676712563,40.54540052,-111.0297621,NA,123.960451183731,40.54540052,-111.0297621,NA,123.960451183731,40.54545744,-111.0297802,NA,13.733585401388
"207","SOAP",113,"ABLA",3,26.3,9,0,"0",1,1,1,1,"0","0","0","0",NA,NA,NA,0,"0","0","0","0",0,0,0,0,"0","0",NA,NA,0,0,0,0,"0","0",NA,NA,0,0,0,0,"0","0",NA,NA,0,0,0,0,"0","0",NA,NA,0,0,0,0,"0","0",NA,NA,0,0,0,0,"0","0",NA,NA,NA,NA,NA,NA,1,2,3,4,NA,NA,NA,NA,0,0,0,0,0,"SOAP113",1840,113,NA,"Point",2647.378,NA,0.0875979124955237,0,0,0,0,"SOAP_113_2258","SOAP_92_2239",5.48063555949458,"SOAP_116_2262",3.92358828033957,"SOAP_116_2262",3.92358828033957,"SOAP_94_2241",5.39417944812945,NA,40.54540983,-111.0298068,40.5454592,-111.0298059,NA,0.796731216609835,40.54540052,-111.0297621,NA,105.271033435777,40.54540052,-111.0297621,NA,105.271033435777,40.54545833,-111.0298028,NA,3.6000344363345
"208","SOAP",72,"ABLA",2,13.8,8.9,0,"0",1,1,1,1,"0","0","0","0",NA,NA,NA,0,"0","0","0","0",0,0,0,0,"0","0",NA,NA,0,0,0,0,"0","0",NA,NA,0,0,0,0,"0","0",NA,NA,0,0,0,0,"0","0",NA,NA,0,0,0,0,"0","0",NA,NA,0,0,0,0,"0","0",NA,NA,NA,NA,NA,NA,1,2,3,4,NA,NA,NA,NA,0,0,0,0,0,"SOAP72",1795,72,NA,"Point",2645.547,NA,0.0715185442269005,0,0,0,0,"SOAP_72_2259","SOAP_86_2232",8.75298187321821,"SOAP_88_2235",7.52693778096401,"SOAP_71_2217",1.00504033167544,"SOAP_43_2195",6.25456717578033,NA,40.54555658,-111.0298023,40.54547808,-111.0298121,NA,-174.559874622394,40.54548992,-111.029786,NA,169.433776742749,40.54555195,-111.0297921,NA,120.754188211649,40.54551757,-111.029749,NA,133.813720854172
"209","SOAP",114,"ABLA",2.3,14.9,6.2,0,"0",1,1,1,1,"0","0","0","0",NA,NA,NA,0,"0","0","0","0",0,0,0,0,"0","0",NA,NA,0,0,0,0,"0","0",NA,NA,0,0,0,0,"0","0",NA,NA,0,0,0,0,"0","0",NA,NA,0,0,0,0,"0","0",NA,NA,0,0,0,0,"0","0",NA,NA,NA,NA,"low under snow","low under snow",1,2,3,4,NA,NA,NA,NA,0,0,0,0,0,"SOAP114",1841,114,NA,"Point",2645.94,NA,0.0867850300755412,0,0,0,0,"SOAP_114_2260","SOAP_92_2239",4.78674980820336,"SOAP_116_2262",3.64977305508439,"SOAP_116_2262",3.64977305508439,"SOAP_94_2241",4.6696015818132,NA,40.54541632,-111.0297999,40.5454592,-111.0298059,NA,-6.09278118753874,40.54540052,-111.0297621,NA,118.719759377837,40.54540052,-111.0297621,NA,118.719759377837,40.54545833,-111.0298028,NA,-3.01442718993212
"210","SOAP",115,"ABLA",NA,3.7,0,1,"0",1,1,1,1,"0","0","0","0",NA,NA,NA,0,"0","0","0","0",0,0,0,0,"0","0",NA,NA,0,0,0,0,"0","0",NA,NA,0,0,0,0,"0","0",NA,NA,0,0,0,0,"0","0",NA,NA,0,0,0,0,"0","0",NA,NA,0,0,0,0,"0","0",NA,NA,"1 DB","1 DB","1 DB","1 DB",1,2,3,4,NA,NA,NA,NA,0,0,0,0,0,"SOAP115",1842,115,NA,"Point",2647.752,NA,0.0855558969714243,0,0,0,0,"SOAP_115_2261","SOAP_92_2239",5.07652630066507,"SOAP_116_2262",2.61780157863334,"SOAP_116_2262",2.61780157863334,"SOAP_98_2245",3.88698936901156,NA,40.54542364,-111.0297682,40.5454592,-111.0298059,NA,-38.9643961711361,40.54540052,-111.0297621,NA,168.620088231176,40.54540052,-111.0297621,NA,168.620088231176,40.54545744,-111.0297802,NA,-15.1540762081868
"211","SOAP",116,"ABLA",4.4,24.3,4.8,0,"0",1,1,1,1,"0","BO","BO","0",NA,NA,NA,0,"0","0","0","0",0,0,0,0,"0","0",NA,NA,0,1,0,0,"0","0",NA,NA,0,0,0,0,"0","0",NA,NA,0,0,0,0,"0","0",NA,NA,0,0,1,0,"0","0",NA,NA,0,0,0,0,"0","0",NA,NA,NA,NA,NA,NA,1,2,3,4,NA,NA,NA,NA,0,1,1,0,1,"SOAP116",1843,116,NA,"Point",2652.682,NA,0.0880297745842417,0,1,1,0,"SOAP_116_2262","SOAP_92_2239",7.4954290658306,"SOAP_124_2266",4.38420293941521,"SOAP_124_2266",4.38420293941521,"SOAP_124_2266",4.38420293941521,NA,40.54540052,-111.0297621,40.5454592,-111.0298059,NA,-29.6574297791683,40.54538033,-111.0297176,NA,120.742259699889,40.54538033,-111.0297176,NA,120.742259699889,40.54538033,-111.0297176,NA,120.742259699889
"212","SOAP",117,"ABLA",9.2,50.5,7.2,0,"0",1,1,1,1,"0","0","0","0",NA,NA,NA,0,"0","0","0","0",0,0,0,0,"0","0",NA,NA,0,0,0,0,"0","0",NA,NA,0,0,0,0,"0","0",NA,NA,0,0,0,0,"0","0",NA,NA,0,0,0,0,"0","0",NA,NA,0,0,0,0,"0","0",NA,NA,NA,NA,NA,NA,1,2,3,4,NA,NA,NA,NA,0,0,0,0,0,"SOAP117",1844,117,NA,"Point",2646.344,NA,0.0883015950783139,0,0,0,0,"SOAP_117_2263","SOAP_92_2239",8.75858882623901,"SOAP_116_2262",1.64412128372001,"SOAP_116_2262",1.64412128372001,"SOAP_124_2266",2.8178736796945,NA,40.54539627,-111.0297435,40.5454592,-111.0298059,NA,-37.104688398166,40.54540052,-111.0297621,NA,-73.3255507939516,40.54540052,-111.0297621,NA,-73.3255507939516,40.54538033,-111.0297176,NA,128.895574552513
"213","SOAP",118,"ABLA",6.5,48.9,6.3,0,"0",1,1,1,1,"0","0","0","0",NA,NA,NA,0,"0","0","0","0",0,0,0,0,"0","0",NA,NA,0,0,0,0,"0","0",NA,NA,0,0,0,0,"0","0",NA,NA,0,0,0,0,"0","0",NA,NA,0,0,0,0,"0","0",NA,NA,0,0,0,0,"0","0",NA,NA,NA,NA,NA,NA,1,2,3,4,NA,NA,NA,NA,0,0,0,0,0,"SOAP118",1845,118,NA,"Point",2650.889,NA,0.0856634514514897,0,0,0,0,"SOAP_118_2264","SOAP_92_2239",6.23901629129618,"SOAP_116_2262",2.42769102248136,"SOAP_116_2262",2.42769102248136,"SOAP_98_2245",4.70524958199684,NA,40.54542096,-111.0297519,40.5454592,-111.0298059,NA,-47.1295731847216,40.54540052,-111.0297621,NA,-159.159284753379,40.54540052,-111.0297621,NA,-159.159284753379,40.54545744,-111.0297802,NA,-30.6167243367374
"214","SOAP",122,"ABLA",NA,2.6,0,0,"0",1,1,1,1,"0","0","0","0",NA,NA,NA,0,"0","0","0","0",0,0,0,0,"0","0",NA,NA,0,0,0,0,"0","0",NA,NA,0,0,0,0,"0","0",NA,NA,0,0,0,0,"0","0",NA,NA,0,0,0,0,"0","0",NA,NA,0,0,0,0,"0","0",NA,NA,"7 Dead","7 Dead","7 Dead, under snow","7 Dead, under snow",1,2,3,4,NA,NA,NA,NA,0,0,0,0,0,"SOAP122",1849,122,NA,"Point",2646.87,NA,0.0896779518965209,0,0,0,0,"SOAP_122_2265","SOAP_286_2070",8.09636367649521,"SOAP_116_2262",1.68517833706692,"SOAP_116_2262",1.68517833706692,"SOAP_146_2279",3.11027191293209,NA,40.54538628,-111.029769,40.54537872,-111.0298641,NA,-95.9492008768391,40.54540052,-111.0297621,NA,20.2862570625019,40.54540052,-111.0297621,NA,20.2862570625019,40.54535833,-111.0297716,NA,-175.94094225585
"215","SOAP",124,"ABLA",3.3,25.2,6.6,0,"0",1,1,1,1,"0","BO","BO","BO",NA,NA,NA,0,"0","0","0","0",0,0,0,0,"0","0",NA,NA,0,0,0,0,"0","0",NA,NA,0,0,0,0,"0","0",NA,NA,0,1,1,1,"0","0",NA,NA,0,0,0,0,"0","0",NA,NA,0,0,0,0,"0","0",NA,NA,NA,NA,NA,NA,1,2,3,4,NA,NA,NA,NA,0,1,1,1,1,"SOAP124",1851,124,NA,"Point",2647.115,NA,0.0898391102657144,0,1,1,1,"SOAP_124_2266","SOAP_180_2304",7.87502100356948,"SOAP_116_2262",4.38420293941521,"SOAP_126_2268",0.931735768693727,"SOAP_129_2270",1.45616462326293,NA,40.54538033,-111.0297176,40.54542467,-111.029645,NA,51.3188711096815,40.54540052,-111.0297621,NA,-59.2577113728746,40.54538012,-111.0297066,NA,91.4335710881248,40.54539066,-111.029707,NA,38.0533889370594
"216","SOAP",125,"ABLA",NA,4.7,0,0,"0",1,1,1,1,"0","0","0","0",NA,NA,NA,0,"0","0","0","0",0,0,0,0,"0","0",NA,NA,0,0,0,0,"0","0",NA,NA,0,0,0,0,"0","0",NA,NA,0,0,0,0,"0","0",NA,NA,0,0,0,0,"0","0",NA,NA,0,0,0,0,"0","0",NA,NA,NA,NA,NA,NA,1,2,3,4,NA,NA,NA,NA,0,0,0,0,0,"SOAP125",1852,125,NA,"Point",2646.657,NA,0.0881038101450369,0,0,0,0,"SOAP_125_2267","SOAP_180_2304",6.63102576793101,"SOAP_124_2266",1.74322198011132,"SOAP_129_2270",0.786387174513656,"SOAP_129_2270",0.786387174513656,NA,40.54539572,-111.0297135,40.54542467,-111.029645,NA,61.0129599269891,40.54538033,-111.0297176,NA,-168.512340618989,40.54539066,-111.029707,NA,135.580371858348,40.54539066,-111.029707,NA,135.580371858348
"217","SOAP",126,"ABLA",3.2,10.7,6.4,0,"0",1,1,1,1,"0","0","BO","0",NA,NA,NA,0,"0","0","0","0",0,0,0,0,"0","0",NA,NA,0,0,0,0,"0","0",NA,NA,0,0,0,0,"0","0",NA,NA,0,0,0,0,"0","0",NA,NA,0,0,1,0,"0","0",NA,NA,0,0,0,0,"0","0",NA,NA,NA,NA,NA,"Broken top",1,2,3,4,NA,NA,NA,NA,0,0,1,0,1,"SOAP126",1853,126,NA,"Point",2648.585,NA,0.0897835899515534,0,0,1,0,"SOAP_126_2268","SOAP_180_2304",7.18758547739835,"SOAP_124_2266",0.931735768693727,"SOAP_124_2266",0.931735768693727,"SOAP_124_2266",0.931735768693727,NA,40.54538012,-111.0297066,40.54542467,-111.029645,NA,46.5277240420098,40.54538033,-111.0297176,NA,-88.566421761324,40.54538033,-111.0297176,NA,-88.566421761324,40.54538033,-111.0297176,NA,-88.566421761324
"218","SOAP",127,"ABLA",NA,5.7,0,1,"0",1,1,1,1,"0","0","0","0",NA,NA,NA,0,"0","0","0","0",0,0,0,0,"0","0",NA,NA,0,0,0,0,"0","0",NA,NA,0,0,0,0,"0","0",NA,NA,0,0,0,0,"0","0",NA,NA,0,0,0,0,"0","0",NA,NA,0,0,0,0,"0","0",NA,NA,NA,NA,NA,NA,1,2,3,4,NA,NA,NA,NA,0,0,0,0,0,"SOAP127",1854,127,NA,"Point",2648.836,NA,0.0901101193485829,0,0,0,0,"SOAP_127_2269","SOAP_180_2304",7.36725897637806,"SOAP_124_2266",1.068795344898,"SOAP_126_2268",0.341611275495899,"SOAP_124_2266",1.068795344898,NA,40.54537712,-111.0297057,40.54542467,-111.029645,NA,44.2399217034941,40.54538033,-111.0297176,NA,-70.5260914877982,40.54538012,-111.0297066,NA,-12.8904177424563,40.54538033,-111.0297176,NA,-70.5260914877982
"219","SOAP",129,"ABLA",2.4,13.5,5,0,"0",1,1,1,1,"0","0","BO","BO",NA,NA,NA,0,"0","0","0","0",0,0,0,0,"0","0",NA,NA,0,0,0,0,"0","0",NA,NA,0,0,1,1,"0","0",NA,NA,0,0,0,0,"0","0",NA,NA,0,0,0,0,"0","0",NA,NA,0,0,0,0,"0","0",NA,NA,NA,NA,NA,NA,1,2,3,4,NA,NA,NA,NA,0,0,1,1,1,"SOAP129",1856,129,NA,"Point",2648.008,NA,0.0886180977950998,0,0,1,1,"SOAP_129_2270","SOAP_180_2304",6.46634950827775,"SOAP_124_2266",1.45616462326293,"SOAP_126_2268",1.17043779405953,"SOAP_124_2266",1.45616462326293,NA,40.54539066,-111.029707,40.54542467,-111.029645,NA,54.2808491435748,40.54538033,-111.0297176,NA,-141.946604172409,40.54538012,-111.0297066,NA,178.341715450836,40.54538033,-111.0297176,NA,-141.946604172409
"220","SOAP",130,"ABLA",NA,6.3,0,1,"0",1,1,1,1,"0","0","0","0",NA,NA,NA,0,"0","0","0","0",0,0,0,0,"0","0",NA,NA,0,0,0,0,"0","0",NA,NA,0,0,0,0,"0","0",NA,NA,0,0,0,0,"0","0",NA,NA,0,0,0,0,"0","0",NA,NA,0,0,0,0,"0","0",NA,NA,NA,NA,NA,NA,1,2,3,4,NA,NA,NA,NA,0,0,0,0,0,"SOAP130",1857,130,NA,"Point",2648.559,NA,0.0887017951243345,0,0,0,0,"SOAP_130_2271","SOAP_180_2304",6.80855594320225,"SOAP_124_2266",1.21023118363932,"SOAP_129_2270",0.384600107868195,"SOAP_129_2270",0.384600107868195,NA,40.54539019,-111.0297115,40.54542467,-111.029645,NA,55.7966331021653,40.54538033,-111.0297176,NA,-154.735273704719,40.54539066,-111.029707,NA,82.2038907421098,40.54539066,-111.029707,NA,82.2038907421098
"221","SOAP",133,"ABLA",NA,4.8,0,0,"0",1,1,1,1,"0","0","0","0",NA,NA,NA,0,"0","0","0","0",0,0,0,0,"0","0",NA,NA,0,0,0,0,"0","0",NA,NA,0,0,0,0,"0","0",NA,NA,0,0,0,0,"0","0",NA,NA,0,0,0,0,"0","0",NA,NA,0,0,0,0,"0","0",NA,NA,NA,NA,NA,NA,1,2,3,4,NA,NA,NA,NA,0,0,0,0,0,"SOAP133",1860,133,NA,"Point",2646.072,NA,0.0853955177984717,0,0,0,0,"SOAP_133_2272","SOAP_180_2304",6.0562854490438,"SOAP_124_2266",4.44583191915589,"SOAP_66_2212",1.6267746787318,"SOAP_129_2270",3.39055130283261,NA,40.54542037,-111.0297163,40.54542467,-111.029645,NA,85.4797402304711,40.54538033,-111.0297176,NA,-178.581199098776,40.54543109,-111.0297032,NA,42.9906959856135,40.54539066,-111.029707,NA,166.569764575384
"222","SOAP",134,"ABLA",2,10.2,5.1,0,"0",1,1,1,1,"0","0","0","0",NA,NA,NA,0,"0","0","0","0",0,0,0,0,"0","0",NA,NA,0,0,0,0,"0","0",NA,NA,0,0,0,0,"0","0",NA,NA,0,0,0,0,"0","0",NA,NA,0,0,0,0,"0","0",NA,NA,0,0,0,0,"0","0",NA,NA,NA,NA,NA,NA,1,2,3,4,NA,NA,NA,NA,0,0,0,0,0,"SOAP134",1861,134,NA,"Point",2647.478,NA,0.0866562466726713,0,0,0,0,"SOAP_134_2273","SOAP_180_2304",6.78489538951337,"SOAP_124_2266",3.25885064977088,"SOAP_129_2270",2.46788513562839,"SOAP_129_2270",2.46788513562839,NA,40.54540944,-111.0297226,40.54542467,-111.029645,NA,75.5720202982255,40.54538033,-111.0297176,NA,172.535140109493,40.54539066,-111.029707,NA,147.638544031466,40.54539066,-111.029707,NA,147.638544031466
"223","SOAP",135,"ABLA",NA,2.8,0,0,"0",1,1,1,1,"0","0","0","0",NA,NA,NA,0,"0","0","0","0",0,0,0,0,"0","0",NA,NA,0,0,0,0,"0","0",NA,NA,0,0,0,0,"0","0",NA,NA,0,0,0,0,"0","0",NA,NA,0,0,0,0,"0","0",NA,NA,0,0,0,0,"0","0",NA,NA,NA,NA,NA,NA,1,2,3,4,NA,NA,NA,NA,0,0,0,0,0,"SOAP135",1862,135,NA,"Point",2647.234,NA,0.0913756814099084,0,0,0,0,"SOAP_135_2274","SOAP_180_2304",7.39596384747809,"SOAP_124_2266",3.4437320603989,"SOAP_126_2268",2.66920251657481,"SOAP_124_2266",3.4437320603989,NA,40.54536453,-111.0296826,40.54542467,-111.029645,NA,25.4982730840324,40.54538033,-111.0297176,NA,-59.3843467722194,40.54538012,-111.0297066,NA,-49.5848265391446,40.54538033,-111.0297176,NA,-59.3843467722194
"224","SOAP",136,"ABLA",5.2,37.9,0,0,"0",1,1,1,1,"0","0","0","0",NA,NA,NA,0,"0","0","0","0",0,0,0,0,"0","0",NA,NA,0,0,0,0,"0","0",NA,NA,0,0,0,0,"0","0",NA,NA,0,0,0,0,"0","0",NA,NA,0,0,0,0,"0","0",NA,NA,0,0,0,0,"0","0",NA,NA,NA,NA,NA,NA,1,2,3,4,NA,NA,NA,NA,0,0,0,0,0,"SOAP136",1863,136,NA,"Point",2646.708,NA,0.0904865483068172,0,0,0,0,"SOAP_136_2275","SOAP_180_2304",8.99720191136501,"SOAP_124_2266",1.13558396500565,"SOAP_124_2266",1.13558396500565,"SOAP_124_2266",1.13558396500565,NA,40.54537533,-111.0297293,40.54542467,-111.029645,NA,52.5029735268592,40.54538033,-111.0297176,NA,60.7422953758219,40.54538033,-111.0297176,NA,60.7422953758219,40.54538033,-111.0297176,NA,60.7422953758219
"225","SOAP",141,"ABLA",NA,3,0,0,"0",1,1,1,1,"0","0","0","0",NA,NA,NA,0,"0","0","0","0",0,0,0,0,"0","0",NA,NA,0,0,0,0,"0","0",NA,NA,0,0,0,0,"0","0",NA,NA,0,0,0,0,"0","0",NA,NA,0,0,0,0,"0","0",NA,NA,0,0,0,0,"0","0",NA,NA,"3 Dead","3 Dead","3 Dead","3 Dead",1,2,3,4,NA,NA,NA,NA,0,0,0,0,0,"SOAP141",1868,141,NA,"Point",2647.055,NA,0.092222897892503,0,0,0,0,"SOAP_141_2276","SOAP_286_2070",8.78907802475108,"SOAP_116_2262",4.21816341400848,"SOAP_146_2279",0.900040004869357,"SOAP_146_2279",0.900040004869357,NA,40.54536252,-111.0297625,40.54537872,-111.0298641,NA,-78.1941068122656,40.54540052,-111.0297621,NA,0.46007421330451,40.54535833,-111.0297716,NA,-121.114299372485,40.54535833,-111.0297716,NA,-121.114299372485
"226","SOAP",142,"ABLA",2.6,14.3,1.2,0,"0",1,1,1,1,"0","0","0","0",NA,NA,NA,0,"0","0","0","0",0,0,0,0,"0","0",NA,NA,0,0,0,0,"0","0",NA,NA,0,0,0,0,"0","0",NA,NA,0,0,0,0,"0","0",NA,NA,0,0,0,0,"0","0",NA,NA,0,0,0,0,"0","0",NA,NA,NA,NA,NA,NA,1,2,3,4,NA,NA,NA,NA,0,0,0,0,0,"SOAP142",1870,142,NA,"Point",2645.878,NA,0.0915718859942399,0,0,0,0,"SOAP_142_2277","SOAP_286_2070",9.66857299365677,"SOAP_124_2266",3.1680262338396,"SOAP_146_2279",2.0169622363456,"SOAP_146_2279",2.0169622363456,NA,40.54536732,-111.0297509,40.54537872,-111.0298641,NA,-82.4796034270825,40.54538033,-111.0297176,NA,62.8808666162299,40.54535833,-111.0297716,NA,-119.653404148662,40.54535833,-111.0297716,NA,-119.653404148662
"227","SOAP",144,"ABLA",3,40.3,2.2,0,"0",1,1,1,1,"0","0","0","0",NA,NA,NA,0,"0","0","0","0",0,0,0,0,"0","0",NA,NA,0,0,0,0,"0","0",NA,NA,0,0,0,0,"0","0",NA,NA,0,0,0,0,"0","0",NA,NA,0,0,0,0,"0","0",NA,NA,0,0,0,0,"0","0",NA,NA,NA,NA,NA,NA,1,2,3,4,NA,NA,NA,NA,0,0,0,0,0,"SOAP144",1872,144,NA,"Point",2643.771,NA,0.0908273704677545,0,0,0,0,"SOAP_144_2278","SOAP_286_2070",7.5147599595379,"SOAP_116_2262",2.89126320999533,"SOAP_146_2279",2.04567790754862,"SOAP_146_2279",2.04567790754862,NA,40.54537653,-111.0297754,40.54537872,-111.0298641,NA,-88.1462124408226,40.54540052,-111.0297621,NA,22.9245378595169,40.54535833,-111.0297716,NA,170.950167434189,40.54535833,-111.0297716,NA,170.950167434189
"228","SOAP",146,"ABLA",6.3,39.5,6.1,0,"0",1,1,1,1,"0","0","BO","BO",NA,NA,NA,0,"0","0","0","0",0,0,0,0,"0","0",NA,NA,0,0,0,0,"0","0",NA,NA,0,0,1,1,"0","0",NA,NA,0,0,0,0,"0","0",NA,NA,0,0,1,1,"0","0",NA,NA,0,0,1,1,"0","0",NA,NA,NA,NA,NA,NA,1,2,3,4,NA,NA,NA,NA,0,0,1,1,1,"SOAP146",1874,146,NA,"Point",2646.971,NA,0.0927865678758461,0,0,1,1,"SOAP_146_2279","SOAP_286_2070",8.15304652272715,"SOAP_116_2262",4.75170739936288,"SOAP_116_2262",4.75170739936288,"SOAP_124_2266",5.18378302022805,NA,40.54535833,-111.0297716,40.54537872,-111.0298641,NA,-73.8828136669313,40.54540052,-111.0297621,NA,9.74669046552874,40.54540052,-111.0297621,NA,9.74669046552874,40.54538033,-111.0297176,NA,61.8950646008695
"229","SOAP",149,"ABLA",1.9,12.4,3.9,1,"0",1,1,1,1,"0","0","0","0",NA,NA,NA,0,"0","0","0","0",0,0,0,0,"0","0",NA,NA,0,0,0,0,"0","0",NA,NA,0,0,0,0,"0","0",NA,NA,0,0,0,0,"0","0",NA,NA,0,0,0,0,"0","0",NA,NA,0,0,0,0,"0","0",NA,NA,"3 Dead","3 Dead","3 Dead","3 Dead",1,2,3,4,NA,NA,NA,NA,0,0,0,0,0,"SOAP149",1877,149,NA,"Point",2650.604,NA,0.0928965522007455,0,0,0,0,"SOAP_149_2280","SOAP_286_2070",5.57023636127045,"SOAP_286_2070",5.57023636127045,"SOAP_146_2279",2.64055546729115,"SOAP_146_2279",2.64055546729115,NA,40.54536091,-111.0298026,40.54537872,-111.0298641,NA,-69.2121585573781,40.54537872,-111.0298641,NA,-69.2121585573781,40.54535833,-111.0297716,NA,96.22625984642,40.54535833,-111.0297716,NA,96.22625984642
"230","SOAP",150,"ABLA",NA,3.2,0,0,"0",1,1,1,1,"0","0","0","0",NA,NA,NA,0,"0","0","0","0",0,0,0,0,"0","0",NA,NA,0,0,0,0,"0","0",NA,NA,0,0,0,0,"0","0",NA,NA,0,0,0,0,"0","0",NA,NA,0,0,0,0,"0","0",NA,NA,0,0,0,0,"0","0",NA,NA,NA,NA,NA,NA,1,2,3,4,NA,NA,NA,NA,0,0,0,0,0,"SOAP150",1878,150,NA,"Point",2645.846,NA,0.0905046593212888,0,0,0,0,"SOAP_150_2281","SOAP_286_2070",6.75999541176926,"SOAP_116_2262",2.91322381479943,"SOAP_146_2279",2.68254641624755,"SOAP_146_2279",2.68254641624755,NA,40.54538047,-111.0297843,40.54537872,-111.0298641,NA,-91.6466186356483,40.54540052,-111.0297621,NA,40.1861055213213,40.54535833,-111.0297716,NA,156.366430054636,40.54535833,-111.0297716,NA,156.366430054636
"231","SOAP",153,"ABLA",1.9,10.7,0,0,"0",1,1,1,1,"0","0","0","0",NA,NA,NA,0,"0","0","0","0",0,0,0,0,"0","0",NA,NA,0,0,0,0,"0","0",NA,NA,0,0,0,0,"0","0",NA,NA,0,0,0,0,"0","0",NA,NA,0,0,0,0,"0","0",NA,NA,0,0,0,0,"0","0",NA,NA,"1 DB","1 DB","1 DB","1 DB",1,2,3,4,NA,NA,NA,NA,0,0,0,0,0,"SOAP153",1881,153,NA,"Point",2652.38,NA,0.0932527797631025,0,0,0,0,"SOAP_153_2282","SOAP_180_2304",8.91249576802174,"SOAP_157_2286",4.41269060149233,"SOAP_126_2268",4.63198747735988,"SOAP_155_2284",3.86097944643306,NA,40.54534725,-111.0296729,40.54542467,-111.029645,NA,15.371407065674,40.54535224,-111.0296212,NA,82.7890312326433,40.54538012,-111.0297066,NA,-38.0293579291255,40.54535237,-111.0296278,NA,81.5354754821823
"232","SOAP",154,"ABLA",NA,5,0,0,"0",1,1,1,1,"0","0","0","0",NA,NA,NA,0,"0","0","0","0",0,0,0,0,"0","0",NA,NA,0,0,0,0,"0","0",NA,NA,0,0,0,0,"0","0",NA,NA,0,0,0,0,"0","0",NA,NA,0,0,0,0,"0","0",NA,NA,0,0,0,0,"0","0",NA,NA,NA,NA,NA,NA,1,2,3,4,NA,NA,NA,NA,0,0,0,0,0,"SOAP154",1882,154,NA,"Point",2650.586,NA,0.0932412325067117,0,0,0,0,"SOAP_154_2283","SOAP_180_2304",8.66034254613187,"SOAP_157_2286",2.14106129568415,"SOAP_161_2289",4.63085978737605,"SOAP_155_2284",1.6199248167314,NA,40.54534665,-111.0296454,40.54542467,-111.029645,NA,0.224084855547469,40.54535224,-111.0296212,NA,73.1536049543855,40.54538501,-111.0296239,NA,23.1496651846114,40.54535237,-111.0296278,NA,66.9243135721425
"233","SOAP",155,"ABLA",4.9,43.9,1.9,0,"0",1,1,1,1,"0","0","0","BO",NA,NA,NA,0,"0","0","0","0",0,0,0,0,"0","0",NA,NA,0,0,0,0,"0","0",NA,NA,0,0,0,1,"0","0",NA,NA,0,0,0,0,"0","0",NA,NA,0,0,0,0,"0","0",NA,NA,0,0,0,0,"0","0",NA,NA,NA,NA,NA,NA,1,2,3,4,NA,NA,NA,NA,0,0,0,1,1,"SOAP155",1883,155,NA,"Point",2651.98,NA,0.0925855288131532,0,0,0,1,"SOAP_155_2284","SOAP_180_2304",8.15643883427425,"SOAP_157_2286",0.559052976801667,"SOAP_161_2289",3.63808294116527,"SOAP_164_2292",5.90733702147702,NA,40.54535237,-111.0296278,40.54542467,-111.029645,NA,-10.286075316197,40.54535224,-111.0296212,NA,91.4790622004263,40.54538501,-111.0296239,NA,5.20807176942548,40.54540522,-111.029636,NA,-6.75015614159348
"234","SOAP",156,"ABLA",2.7,25.2,0,0,"0",1,1,1,1,"0","0","0","0",NA,NA,NA,0,"0","0","0","0",0,0,0,0,"0","0",NA,NA,0,0,0,0,"0","0",NA,NA,0,0,0,0,"0","0",NA,NA,0,0,0,0,"0","0",NA,NA,0,0,0,0,"0","0",NA,NA,0,0,0,0,"0","0",NA,NA,NA,NA,NA,NA,1,2,3,4,NA,NA,NA,NA,0,0,0,0,0,"SOAP156",1884,156,NA,"Point",2651.497,NA,0.0938207455462742,0,0,0,0,"SOAP_156_2285","SOAP_180_2304",9.32771191628813,"SOAP_157_2286",1.49198546612937,"SOAP_161_2289",4.89542997213108,"SOAP_155_2284",1.26818031218719,NA,40.54534128,-111.0296314,40.54542467,-111.029645,NA,-7.09185360994556,40.54535224,-111.0296212,NA,35.3728686476067,40.54538501,-111.0296239,NA,7.45388848108301,40.54535237,-111.0296278,NA,13.9085600067357
"235","SOAP",157,"ABLA",4.7,34.2,0,0,"0",1,1,1,1,"0","BO","0","0",NA,NA,NA,0,"0","0","0","0",0,0,0,0,"0","0",NA,NA,0,0,0,0,"0","0",NA,NA,0,1,0,0,"0","0",NA,NA,0,0,0,0,"0","0",NA,NA,0,0,0,0,"0","0",NA,NA,0,0,0,0,"0","0",NA,NA,NA,NA,NA,NA,1,2,3,4,NA,NA,NA,NA,0,1,0,0,1,"SOAP157",1885,157,NA,"Point",2649.687,NA,0.0925987117848684,0,1,0,0,"SOAP_157_2286","SOAP_180_2304",8.28851965297768,"SOAP_180_2304",8.28851965297768,"SOAP_161_2289",3.64467150790581,"SOAP_155_2284",0.559052976801667,NA,40.54535224,-111.0296212,40.54542467,-111.029645,NA,-14.072185295848,40.54542467,-111.029645,NA,-14.072185295848,40.54538501,-111.0296239,NA,-3.59647740361251,40.54535237,-111.0296278,NA,-88.5209335092454
"236","SOAP",158,"ABLA",6.9,47.1,7,0,"0",1,1,1,1,"0","0","0","0",NA,NA,NA,0,"0","0","0","0",0,0,0,0,"0","0",NA,NA,0,0,0,0,"0","0",NA,NA,0,0,0,0,"0","0",NA,NA,0,0,0,0,"0","0",NA,NA,0,0,0,0,"0","0",NA,NA,0,0,0,0,"0","0",NA,NA,NA,NA,NA,NA,1,2,3,4,NA,NA,NA,NA,0,0,0,0,0,"SOAP158",1886,158,NA,"Point",2648.235,NA,0.0922353413328853,0,0,0,0,"SOAP_158_2287","SOAP_180_2304",7.97699435055114,"SOAP_157_2286",0.393675295201501,"SOAP_161_2289",3.29661723786563,"SOAP_155_2284",0.792090844345579,NA,40.54535551,-111.0296194,40.54542467,-111.029645,NA,-15.7682411945584,40.54535224,-111.0296212,NA,-157.221646164361,40.54538501,-111.0296239,NA,-6.63746954186586,40.54535237,-111.0296278,NA,-116.105674231085
"237","SOAP",160,"ABLA",NA,6.5,0,1,"0",1,1,1,1,"0","0","0","0",NA,NA,NA,0,"0","0","0","0",0,0,0,0,"0","0",NA,NA,0,0,0,0,"0","0",NA,NA,0,0,0,0,"0","0",NA,NA,0,0,0,0,"0","0",NA,NA,0,0,0,0,"0","0",NA,NA,0,0,0,0,"0","0",NA,NA,"1 Dead","1 Dead","1 Dead","1 Dead",1,2,3,4,NA,NA,NA,NA,0,0,0,0,0,"SOAP160",1888,160,NA,"Point",2650.329,NA,0.0898430831959967,0,0,0,0,"SOAP_160_2288","SOAP_177_2301",6.13779206268734,"SOAP_157_2286",3.63398481926512,"SOAP_161_2289",2.70432332301877,"SOAP_155_2284",4.00628310412933,NA,40.54537731,-111.0295936,40.54542802,-111.0295647,NA,23.4971210001214,40.54535224,-111.0296212,NA,-139.975326693814,40.54538501,-111.0296239,NA,-71.5756840414821,40.54535237,-111.0296278,NA,-133.709632404097
"238","SOAP",161,"ABLA",9.4,50.9,0,0,"0",1,1,1,1,"0","0","BO","0",NA,NA,NA,0,"0","0","0","0",0,0,0,0,"0","0",NA,NA,0,0,0,0,"0","0",NA,NA,0,0,0,0,"0","0",NA,NA,0,0,0,0,"0","0",NA,NA,0,0,1,0,"0","0",NA,NA,0,0,0,0,"0","0",NA,NA,NA,NA,NA,NA,1,2,3,4,NA,NA,NA,NA,0,0,1,0,1,"SOAP161",1889,161,NA,"Point",2650.986,NA,0.0889549742360135,0,0,1,0,"SOAP_161_2289","SOAP_180_2304",4.75103836245691,"SOAP_157_2286",3.64467150790581,"SOAP_180_2304",4.75103836245691,"SOAP_164_2292",2.46622919478656,NA,40.54538501,-111.0296239,40.54542467,-111.029645,NA,-22.0898755141627,40.54535224,-111.0296212,NA,176.403520841253,40.54542467,-111.029645,NA,-22.0898755141627,40.54540522,-111.029636,NA,-24.5474858973066
"239","SOAP",162,"ABLA",2,13.3,4.7,0,"0",1,1,1,1,"0","0","0","0",NA,NA,NA,0,"0","0","0","0",0,0,0,0,"0","0",NA,NA,0,0,0,0,"0","0",NA,NA,0,0,0,0,"0","0",NA,NA,0,0,0,0,"0","0",NA,NA,0,0,0,0,"0","0",NA,NA,0,0,0,0,"0","0",NA,NA,NA,NA,NA,NA,1,2,3,4,NA,NA,NA,NA,0,0,0,0,0,"SOAP162",1890,162,NA,"Point",2650.698,NA,0.0894455830905946,0,0,0,0,"SOAP_162_2290","SOAP_180_2304",4.87986784251572,"SOAP_157_2286",4.01185870809603,"SOAP_161_2289",2.26540025670917,"SOAP_164_2292",2.95380957235325,NA,40.54538088,-111.0296501,40.54542467,-111.029645,NA,5.07711608970955,40.54535224,-111.0296212,NA,142.411849086818,40.54538501,-111.0296239,NA,78.3248219584151,40.54540522,-111.029636,NA,23.8412540339948
"240","SOAP",163,"ABLA",NA,5.3,0,0,"0",1,1,1,1,"0","0","0","0",NA,NA,NA,0,"0","0","0","0",0,0,0,0,"0","0",NA,NA,0,0,0,0,"0","0",NA,NA,0,0,0,0,"0","0",NA,NA,0,0,0,0,"0","0",NA,NA,0,0,0,0,"0","0",NA,NA,0,0,0,0,"0","0",NA,NA,NA,NA,"low under snow","low under snow",1,2,3,4,NA,NA,NA,NA,0,0,0,0,0,"SOAP163",1891,163,NA,"Point",2647.47,NA,0.0878795831508331,0,0,0,0,"SOAP_163_2291","SOAP_180_2304",3.40165149460634,"SOAP_180_2304",3.40165149460634,"SOAP_161_2289",2.90029858040097,"SOAP_164_2292",1.99770049873518,NA,40.54539509,-111.0296555,40.54542467,-111.029645,NA,15.1516395617027,40.54542467,-111.029645,NA,15.1516395617027,40.54538501,-111.0296239,NA,112.692377903989,40.54540522,-111.029636,NA,55.7457732869219
"241","SOAP",164,"ABLA",6.2,41.3,0,4,"0",1,1,1,1,"0","0","0","BO",NA,NA,NA,0,"0","0","0","0",0,0,0,0,"0","0",NA,NA,0,0,0,1,"0","0",NA,NA,0,0,0,0,"0","0",NA,NA,0,0,0,0,"0","0",NA,NA,0,0,0,0,"0","0",NA,NA,0,0,0,0,"0","0",NA,NA,"1 DB","1 DB","1 DB","1 DB",1,2,3,4,NA,NA,NA,NA,0,0,0,1,1,"SOAP164",1892,164,NA,"Point",2650.82,NA,0.0867156488367107,0,0,0,1,"SOAP_164_2292","SOAP_180_2304",2.28952120434947,"SOAP_180_2304",2.28952120434947,"SOAP_180_2304",2.28952120434947,"SOAP_180_2304",2.28952120434947,NA,40.54540522,-111.029636,40.54542467,-111.029645,NA,-19.442461431021,40.54542467,-111.029645,NA,-19.442461431021,40.54542467,-111.029645,NA,-19.442461431021,40.54542467,-111.029645,NA,-19.442461431021
"242","SOAP",165,"ABLA",2.4,20.4,2.7,0,"0",1,1,1,1,"0","0","0","0",NA,NA,NA,0,"0","0","0","0",0,0,0,0,"0","0",NA,NA,0,0,0,0,"0","0",NA,NA,0,0,0,0,"0","0",NA,NA,0,0,0,0,"0","0",NA,NA,0,0,0,0,"0","0",NA,NA,0,0,0,0,"0","0",NA,NA,NA,NA,NA,NA,1,2,3,4,NA,NA,NA,NA,0,0,0,0,0,"SOAP165",1893,165,NA,"Point",2650.667,NA,0.0867328629810084,0,0,0,0,"SOAP_165_2293","SOAP_180_2304",2.49885535152296,"SOAP_180_2304",2.49885535152296,"SOAP_161_2289",2.29243575785473,"SOAP_164_2292",0.457792826746094,NA,40.54540502,-111.0296306,40.54542467,-111.029645,NA,-29.2066594968179,40.54542467,-111.029645,NA,-29.2066594968179,40.54538501,-111.0296239,NA,165.67150394883,40.54540522,-111.029636,NA,-87.220414162035
"243","SOAP",166,"ABLA",1.3,8.9,0,0,"0",1,1,1,1,"0","0","0","0",NA,NA,1,0,"0","0","0","0",0,0,0,0,"0","0",NA,NA,0,0,0,0,"0","0",NA,NA,0,0,0,0,"0","0",NA,NA,0,0,0,0,"0","0",NA,NA,0,0,0,0,"0","0",NA,NA,0,0,0,0,"0","0",NA,NA,NA,NA,NA,NA,1,2,3,4,NA,NA,NA,NA,0,0,0,0,0,"SOAP166",1894,166,NA,"Point",2650.356,NA,0.0865950717047698,0,0,0,0,"SOAP_166_2294","SOAP_180_2304",3.11233746862982,"SOAP_180_2304",3.11233746862982,"SOAP_161_2289",2.42190781740591,"SOAP_164_2292",1.58749704529154,NA,40.54540624,-111.0296173,40.54542467,-111.029645,NA,-48.9056167696283,40.54542467,-111.029645,NA,-48.9056167696283,40.54538501,-111.0296239,NA,-166.658495977652,40.54540522,-111.029636,NA,-94.0898173251258
"244","SOAP",169,"ABLA",NA,3.2,0,0,"0",1,1,1,1,"0","0","0","0",NA,NA,NA,0,"0","0","0","0",0,0,0,0,"0","0",NA,NA,0,0,0,0,"0","0",NA,NA,0,0,0,0,"0","0",NA,NA,0,0,0,0,"0","0",NA,NA,0,0,0,0,"0","0",NA,NA,0,0,0,0,"0","0",NA,NA,NA,NA,NA,NA,1,2,3,4,NA,NA,NA,NA,0,0,0,0,0,"SOAP169",1896,169,NA,"Point",2653.598,NA,0.0869492796699334,0,0,0,0,"SOAP_169_2295","SOAP_180_2304",2.41947201715726,"SOAP_180_2304",2.41947201715726,"SOAP_180_2304",2.41947201715726,"SOAP_164_2292",0.429366578888203,NA,40.54540317,-111.0296403,40.54542467,-111.029645,NA,-9.46764394142919,40.54542467,-111.029645,NA,-9.46764394142919,40.54542467,-111.029645,NA,-9.46764394142919,40.54540522,-111.029636,NA,57.9965591827936
"245","SOAP",170,"ABLA",5.6,41.1,0,0,"0",1,1,1,1,"0","0","0","0",NA,NA,NA,0,"0","0","0","0",0,0,0,0,"0","0",NA,NA,0,0,0,0,"0","0",NA,NA,0,0,0,0,"0","0",NA,NA,0,0,0,0,"0","0",NA,NA,0,0,0,0,"0","0",NA,NA,0,0,0,0,"0","0",NA,NA,NA,NA,NA,NA,1,2,3,4,NA,NA,NA,NA,0,0,0,0,0,"SOAP170",1897,170,NA,"Point",2651.227,NA,0.084499827000205,0,0,0,0,"SOAP_170_2296","SOAP_180_2304",1.63489354529315,"SOAP_180_2304",1.63489354529315,"SOAP_180_2304",1.63489354529315,"SOAP_180_2304",1.63489354529315,NA,40.54542508,-111.0296257,40.54542467,-111.029645,NA,-91.5951340795073,40.54542467,-111.029645,NA,-91.5951340795073,40.54542467,-111.029645,NA,-91.5951340795073,40.54542467,-111.029645,NA,-91.5951340795073
"246","SOAP",171,"ABLA",1.5,20.9,0,0,"0",1,1,1,1,"0","0","0","0",NA,NA,NA,0,"0","0","0","0",0,0,0,0,"0","0",NA,NA,0,0,0,0,"0","0",NA,NA,0,0,0,0,"0","0",NA,NA,0,0,0,0,"0","0",NA,NA,0,0,0,0,"0","0",NA,NA,0,0,0,0,"0","0",NA,NA,NA,NA,NA,NA,1,2,3,4,NA,NA,NA,NA,0,0,0,0,0,"SOAP171",NA,171,NA,"Point",2651.227,NA,0.084499827000205,0,0,0,0,"SOAP_171_2297","SOAP_180_2304",1.63489354529315,"SOAP_180_2304",1.63489354529315,"SOAP_180_2304",1.63489354529315,"SOAP_180_2304",1.63489354529315,NA,40.54542508,-111.0296257,40.54542467,-111.029645,NA,-91.5951340795073,40.54542467,-111.029645,NA,-91.5951340795073,40.54542467,-111.029645,NA,-91.5951340795073,40.54542467,-111.029645,NA,-91.5951340795073
"247","SOAP",172,"ABLA",2.4,16.2,0,0,"0",1,1,1,1,"0","0","0","0",NA,NA,NA,0,"0","0","0","0",0,0,0,0,"0","0",NA,NA,0,0,0,0,"0","0",NA,NA,0,0,0,0,"0","0",NA,NA,0,0,0,0,"0","0",NA,NA,0,0,0,0,"0","0",NA,NA,0,0,0,0,"0","0",NA,NA,NA,NA,NA,NA,1,2,3,4,NA,NA,NA,NA,0,0,0,0,0,"SOAP172",1898,172,NA,"Point",2652.918,NA,0.0835516552786514,0,0,0,0,"SOAP_172_2298","SOAP_177_2301",2.65508187401456,"SOAP_180_2304",4.34728088261404,"SOAP_180_2304",4.34728088261404,"SOAP_180_2304",4.34728088261404,NA,40.54543388,-111.0295951,40.54542802,-111.0295647,NA,104.181137734535,40.54542467,-111.029645,NA,-103.60117489842,40.54542467,-111.029645,NA,-103.60117489842,40.54542467,-111.029645,NA,-103.60117489842
"248","SOAP",173,"ABLA",7.8,43.5,8.2,0,"0",1,1,1,1,"0","0","0","0",NA,NA,NA,0,"0","0","0","0",0,0,0,0,"0","0",NA,NA,0,0,0,0,"0","0",NA,NA,0,0,0,0,"0","0",NA,NA,0,0,0,0,"0","0",NA,NA,0,0,0,0,"0","0",NA,NA,0,0,0,0,"0","0",NA,NA,NA,NA,NA,NA,1,2,3,4,NA,NA,NA,NA,0,0,0,0,0,"SOAP173",NA,173,NA,"Point",2651.242,NA,0.083174652993532,0,0,0,0,"SOAP_173_2299","SOAP_177_2301",1.55961835364356,"SOAP_197_2320",4.43576185371928,"SOAP_197_2320",4.43576185371928,"SOAP_197_2320",4.43576185371928,NA,40.54543774,-111.029578,40.54542802,-111.0295647,NA,133.771896974342,40.54547435,-111.029557,NA,23.6332147611447,40.54547435,-111.029557,NA,23.6332147611447,40.54547435,-111.029557,NA,23.6332147611447
"249","SOAP",174,"ABLA",2.8,17.4,4.6,0,"0",1,1,1,1,"0","0","0","0",NA,NA,NA,0,"0","0","0","0",0,0,0,0,"0","0",NA,NA,0,0,0,0,"0","0",NA,NA,0,0,0,0,"0","0",NA,NA,0,0,0,0,"0","0",NA,NA,0,0,0,0,"0","0",NA,NA,0,0,0,0,"0","0",NA,NA,NA,NA,NA,NA,1,2,3,4,NA,NA,NA,NA,0,0,0,0,0,"SOAP174",1899,174,NA,"Point",2651.242,NA,0.083174652993532,0,0,0,0,"SOAP_174_2300","SOAP_177_2301",1.55961835364356,"SOAP_197_2320",4.43576185371928,"SOAP_197_2320",4.43576185371928,"SOAP_197_2320",4.43576185371928,NA,40.54543774,-111.029578,40.54542802,-111.0295647,NA,133.771896974342,40.54547435,-111.029557,NA,23.6332147611447,40.54547435,-111.029557,NA,23.6332147611447,40.54547435,-111.029557,NA,23.6332147611447
"250","SOAP",177,"ABLA",3.4,32.1,7.6,0,"0",1,1,1,1,"BO","0","0","0",NA,NA,NA,0,"0","0","0","0",0,0,0,0,"0","0",NA,NA,0,0,0,0,"0","0",NA,NA,0,0,0,0,"0","0",NA,NA,0,0,0,0,"0","0",NA,NA,1,0,0,0,"0","0",NA,NA,0,0,0,0,"0","0",NA,NA,NA,NA,NA,NA,1,2,3,4,NA,NA,NA,NA,1,0,0,0,0,"SOAP177",1901,177,NA,"Point",2652.364,NA,0.0843114648398951,1,0,0,0,"SOAP_177_2301","SOAP_197_2320",5.18383112323318,"SOAP_395_2436",4.77770203481851,"SOAP_197_2320",5.18383112323318,"SOAP_197_2320",5.18383112323318,NA,40.54542802,-111.0295647,40.54547435,-111.029557,NA,7.22566501531612,40.54545759,-111.0295237,NA,46.6067209194985,40.54547435,-111.029557,NA,7.22566501531612,40.54547435,-111.029557,NA,7.22566501531612
"251","SOAP",178,"ABLA",4.7,40.7,7.4,0,"0",1,1,1,1,"0","0","0","0",NA,NA,NA,0,"0","0","0","0",0,0,0,0,"0","0",NA,NA,0,0,0,0,"0","0",NA,NA,0,0,0,0,"0","0",NA,NA,0,0,0,0,"0","0",NA,NA,0,0,0,0,"0","0",NA,NA,0,0,0,0,"0","0",NA,NA,NA,NA,NA,NA,1,2,3,4,NA,NA,NA,NA,0,0,0,0,0,"SOAP178",1902,178,NA,"Point",2653.724,NA,0.0827687551491698,0,0,0,0,"SOAP_178_2302","SOAP_177_2301",1.73192464970078,"SOAP_197_2320",3.95210891195054,"SOAP_197_2320",3.95210891195054,"SOAP_197_2320",3.95210891195054,NA,40.5454415,-111.029575,40.54542802,-111.0295647,NA,149.762590067309,40.54547435,-111.029557,NA,22.6848591323586,40.54547435,-111.029557,NA,22.6848591323586,40.54547435,-111.029557,NA,22.6848591323586
"252","SOAP",179,"ABLA",NA,6.5,0,0,"0",1,1,1,1,"0","0","0","0",NA,NA,NA,0,"0","0","0","0",0,0,0,0,"0","0",NA,NA,0,0,0,0,"0","0",NA,NA,0,0,0,0,"0","0",NA,NA,0,0,0,0,"0","0",NA,NA,0,0,0,0,"0","0",NA,NA,0,0,0,0,"0","0",NA,NA,NA,NA,NA,NA,1,2,3,4,NA,NA,NA,NA,0,0,0,0,0,"SOAP179",1903,179,NA,"Point",2652.364,NA,0.0832877461100704,0,0,0,0,"SOAP_179_2303","SOAP_177_2301",1.77458408187514,"SOAP_197_2320",4.71199718306295,"SOAP_197_2320",4.71199718306295,"SOAP_197_2320",4.71199718306295,NA,40.54543658,-111.0295824,40.54542802,-111.0295647,NA,122.373095976671,40.54547435,-111.029557,NA,27.1582011520385,40.54547435,-111.029557,NA,27.1582011520385,40.54547435,-111.029557,NA,27.1582011520385
"253","SOAP",180,"ABLA",6.3,38.9,0,1,"0",1,1,1,1,"BO","BO","BO","BO",NA,NA,NA,0,"0","0","0","0",0,0,0,0,"0","0",NA,NA,0,0,0,0,"0","0",NA,NA,0,0,0,0,"0","0",NA,NA,1,1,1,1,"0","0",NA,NA,0,0,0,0,"0","0",NA,NA,0,0,0,0,"0","0",NA,NA,"1 DB","1 DB","1 DB","1 DB",1,2,3,4,NA,NA,NA,NA,1,1,1,1,0,"SOAP180",1904,180,NA,"Point",2651.624,NA,0.0845671716571151,1,1,1,1,"SOAP_180_2304","SOAP_185_2308",5.24880792177173,"SOAP_185_2308",5.24880792177173,"SOAP_58_2205",4.55965375669328,"SOAP_164_2292",2.28952120434947,NA,40.54542467,-111.029645,40.54547159,-111.0296527,NA,-7.13574797349623,40.54547159,-111.0296527,NA,-7.13574797349623,40.54545957,-111.0296734,NA,-31.8307670640169,40.54540522,-111.029636,NA,160.557532718524
"254","SOAP",181,"ABLA",2.4,20.4,1.1,0,"0",1,1,1,1,"0","0","0","0",NA,NA,NA,0,"0","0","0","0",0,0,0,0,"0","0",NA,NA,0,0,0,0,"0","0",NA,NA,0,0,0,0,"0","0",NA,NA,0,0,0,0,"0","0",NA,NA,0,0,0,0,"0","0",NA,NA,0,0,0,0,"0","0",NA,NA,NA,NA,NA,NA,1,2,3,4,NA,NA,NA,NA,0,0,0,0,0,"SOAP181",1905,181,NA,"Point",2650.113,NA,0.0837490490557309,0,0,0,0,"SOAP_181_2305","SOAP_180_2304",1.01993522276891,"SOAP_180_2304",1.01993522276891,"SOAP_180_2304",1.01993522276891,"SOAP_180_2304",1.01993522276891,NA,40.54543192,-111.0296376,40.54542467,-111.029645,NA,-142.094564502573,40.54542467,-111.029645,NA,-142.094564502573,40.54542467,-111.029645,NA,-142.094564502573,40.54542467,-111.029645,NA,-142.094564502573
"255","SOAP",182,"ABLA",10.2,56.2,7,0,"0",1,1,1,1,"0","0","0","0",NA,NA,NA,0,"0","0","0","0",0,0,0,0,"0","0",NA,NA,0,0,0,0,"0","0",NA,NA,0,0,0,0,"0","0",NA,NA,0,0,0,0,"0","0",NA,NA,0,0,0,0,"0","0",NA,NA,0,0,0,0,"0","0",NA,NA,NA,NA,NA,NA,1,2,3,4,NA,NA,NA,NA,0,0,0,0,0,"SOAP182",1906,182,NA,"Point",2651.447,NA,0.0832129739158653,0,0,0,0,"SOAP_182_2306","SOAP_180_2304",1.35685358555053,"SOAP_180_2304",1.35685358555053,"SOAP_180_2304",1.35685358555053,"SOAP_180_2304",1.35685358555053,NA,40.54543687,-111.029646,40.54542467,-111.029645,NA,176.422037521756,40.54542467,-111.029645,NA,176.422037521756,40.54542467,-111.029645,NA,176.422037521756,40.54542467,-111.029645,NA,176.422037521756
"256","SOAP",184,"ABLA",1.8,15,9.9,0,"0",1,1,1,1,"0","0","0","0",NA,NA,NA,0,"0","0","0","0",0,0,0,0,"0","0",NA,NA,0,0,0,0,"0","0",NA,NA,0,0,0,0,"0","0",NA,NA,0,0,0,0,"0","0",NA,NA,0,0,0,0,"0","0",NA,NA,0,0,0,0,"0","0",NA,NA,NA,NA,NA,NA,1,2,3,4,NA,NA,NA,NA,0,0,0,0,0,"SOAP184",1908,184,NA,"Point",2645.92,NA,0.0813930242502427,0,0,0,0,"SOAP_184_2307","SOAP_185_2308",2.13627419245395,"SOAP_185_2308",2.13627419245395,"SOAP_58_2205",1.18240669914134,"SOAP_180_2304",3.5163003078897,NA,40.54545364,-111.0296618,40.54547159,-111.0296527,NA,21.1432831472896,40.54547159,-111.0296527,NA,21.1432831472896,40.54545957,-111.0296734,NA,-56.1727816443275,40.54542467,-111.029645,NA,156.136196148108
"257","SOAP",185,"ABLA",7.4,50.2,20.8,1,"0",1,1,1,1,"BO","BO","0","0",NA,NA,NA,NA,"0","0","0","0",0,0,0,0,"0","0",NA,NA,0,0,0,0,"0","0",NA,NA,0,0,0,0,"0","0",NA,NA,0,0,0,0,"0","0",NA,NA,0,0,0,0,"0","0",NA,NA,1,1,0,0,"0","0",NA,NA,"1 DB","1 DB","1 DB","1 DB",1,2,3,4,NA,NA,NA,NA,1,1,0,0,0,"SOAP185",1909,185,NA,"Point",2649.803,NA,0.0793699733807395,1,1,0,0,"SOAP_185_2308","SOAP_180_2304",5.24880792177173,"SOAP_180_2304",5.24880792177173,"SOAP_58_2205",2.20283818743205,"SOAP_180_2304",5.24880792177173,NA,40.54547159,-111.0296527,40.54542467,-111.029645,NA,172.864247021111,40.54542467,-111.029645,NA,172.864247021111,40.54545957,-111.0296734,NA,-127.27822985818,40.54542467,-111.029645,NA,172.864247021111
"258","SOAP",186,"ABLA",10.1,3.2,5,1,"0",1,1,1,1,"0","0","0","0",NA,NA,NA,0,"0","0","0","0",0,0,0,0,"0","0",NA,NA,0,0,0,0,"0","0",NA,NA,0,0,0,0,"0","0",NA,NA,0,0,0,0,"0","0",NA,NA,0,0,0,0,"0","0",NA,NA,0,0,0,0,"0","0",NA,NA,"1 DB","1 DB","1 DB, swap with 188??","1 DB, swap with 188??",1,2,3,4,NA,NA,NA,NA,0,0,0,0,0,"SOAP186",1910,186,NA,"Point",2649.468,NA,0.0780258305929573,0,0,0,0,"SOAP_186_2309","SOAP_185_2308",1.7354542121216,"SOAP_185_2308",1.7354542121216,"SOAP_58_2205",3.91740387510988,"SOAP_180_2304",6.53912939569473,NA,40.54548342,-111.0296393,40.54547159,-111.0296527,NA,-139.170108299259,40.54547159,-111.0296527,NA,-139.170108299259,40.54545957,-111.0296734,NA,-132.516011059061,40.54542467,-111.029645,NA,-175.767114425172
"259","SOAP",187,"ABLA",1.1,8.5,0,0,"0",1,1,1,1,"0","0","0","0",NA,NA,NA,0,"0","0","0","0",0,0,0,0,"0","0",NA,NA,0,0,0,0,"0","0",NA,NA,0,0,0,0,"0","0",NA,NA,0,0,0,0,"0","0",NA,NA,0,0,0,0,"0","0",NA,NA,0,0,0,0,"0","0",NA,NA,NA,NA,NA,NA,1,2,3,4,NA,NA,NA,NA,0,0,0,0,0,"SOAP187",1911,187,NA,"Point",2652.737,NA,0.0791706753362297,0,0,0,0,"SOAP_187_2310","SOAP_185_2308",0.93928358015418,"SOAP_185_2308",0.93928358015418,"SOAP_58_2205",3.07170613976021,"SOAP_180_2304",5.38924128816417,NA,40.54547316,-111.0296418,40.54547159,-111.0296527,NA,-100.69239387938,40.54547159,-111.0296527,NA,-100.69239387938,40.54545957,-111.0296734,NA,-119.412574391252,40.54542467,-111.029645,NA,-177.118013271192
"260","SOAP",188,"ABLA",7.8,3.3,0,0,"0",1,1,1,1,"0","0","0","0",NA,NA,NA,0,"0","0","0","0",0,0,0,0,"0","0",NA,NA,0,0,0,0,"0","0",NA,NA,0,0,0,0,"0","0",NA,NA,0,0,0,0,"0","0",NA,NA,0,0,0,0,"0","0",NA,NA,0,0,0,0,"0","0",NA,NA,NA,NA,NA,NA,1,2,3,4,NA,NA,NA,NA,0,0,0,0,0,"SOAP188",1912,188,NA,"Point",2651.465,NA,0.0786738690349506,0,0,0,0,"SOAP_188_2311","SOAP_185_2308",1.37399763728149,"SOAP_185_2308",1.37399763728149,"SOAP_58_2205",3.56788236999162,"SOAP_180_2304",5.89878241619319,NA,40.54547758,-111.0296385,40.54547159,-111.0296527,NA,-118.941228021781,40.54547159,-111.0296527,NA,-118.941228021781,40.54545957,-111.0296734,NA,-124.077283034972,40.54542467,-111.029645,NA,-174.646107434797
"261","SOAP",190,"ABLA",6.8,51.4,29.8,2,"0",1,1,1,1,"0","0","0","0",NA,NA,NA,0,"0","0","0","0",0,0,0,0,"0","0",NA,NA,0,0,0,0,"0","0",NA,NA,0,0,0,0,"0","0",NA,NA,0,0,0,0,"0","0",NA,NA,0,0,0,0,"0","0",NA,NA,0,0,0,0,"0","0",NA,NA,"2 DB","2 DB","2 DB","2 DB",1,2,3,4,NA,NA,NA,NA,0,0,0,0,0,"SOAP190",1914,190,NA,"Point",2656.894,NA,0.0798086161546005,0,0,0,0,"SOAP_190_2312","SOAP_185_2308",1.04011408111493,"SOAP_185_2308",1.04011408111493,"SOAP_58_2205",2.82213662588616,"SOAP_180_2304",4.7535011980478,NA,40.54546742,-111.0296417,40.54547159,-111.0296527,NA,-63.5752890259417,40.54547159,-111.0296527,NA,-63.5752890259417,40.54545957,-111.0296734,NA,-107.984353647689,40.54542467,-111.029645,NA,-176.629942954057
"262","SOAP",191,"ABLA",2.6,2.6,0,0,"0",1,1,1,1,"0","0","0","0",NA,NA,NA,0,"0","0","0","0",0,0,0,0,"0","0",NA,NA,0,0,0,0,"0","0",NA,NA,0,0,0,0,"0","0",NA,NA,0,0,0,0,"0","0",NA,NA,0,0,0,0,"0","0",NA,NA,0,0,0,0,"0","0",NA,NA,NA,NA,"low under snow","low under snow",1,2,3,4,NA,NA,NA,NA,0,0,0,0,0,"SOAP191",1915,191,NA,"Point",2646.76,NA,0.07987994196359,0,0,0,0,"SOAP_191_2313","SOAP_197_2320",3.9185363638911,"SOAP_197_2320",3.9185363638911,"SOAP_197_2320",3.9185363638911,"SOAP_197_2320",3.9185363638911,NA,40.54546678,-111.0296022,40.54547435,-111.029557,NA,77.6175413531318,40.54547435,-111.029557,NA,77.6175413531318,40.54547435,-111.029557,NA,77.6175413531318,40.54547435,-111.029557,NA,77.6175413531318
"263","SOAP",192,"ABLA",6.4,51.3,0.9,1,"0",1,1,1,1,"0","0","0","0",NA,NA,NA,0,"0","0","0","0",0,0,0,0,"0","0",NA,NA,0,0,0,0,"0","0",NA,NA,0,0,0,0,"0","0",NA,NA,0,0,0,0,"0","0",NA,NA,0,0,0,0,"0","0",NA,NA,0,0,0,0,"0","0",NA,NA,"1 DB","1 DB","1 DB","1 DB",1,2,3,4,NA,NA,NA,NA,0,0,0,0,0,"SOAP192",1916,192,NA,"Point",2649.751,NA,0.0800141163555835,0,0,0,0,"SOAP_192_2314","SOAP_185_2308",3.5544139960756,"SOAP_185_2308",3.5544139960756,"SOAP_197_2320",4.71920004914468,"SOAP_197_2320",4.71920004914468,NA,40.54546546,-111.0296115,40.54547159,-111.0296527,NA,-78.9635245819861,40.54547159,-111.0296527,NA,-78.9635245819861,40.54547435,-111.029557,NA,77.9302218665415,40.54547435,-111.029557,NA,77.9302218665415
"264","SOAP",193,"ABLA",2.9,11.5,3.8,0,"0",1,1,1,1,"0","0","0","0",NA,NA,NA,0,"0","0","0","0",0,0,0,0,"0","0",NA,NA,0,0,0,0,"0","0",NA,NA,0,0,0,0,"0","0",NA,NA,0,0,0,0,"0","0",NA,NA,0,0,0,0,"0","0",NA,NA,0,0,0,0,"0","0",NA,NA,NA,NA,NA,"broken top",1,2,3,4,NA,NA,NA,NA,0,0,0,0,0,"SOAP193",1917,193,NA,"Point",2650.59,NA,0.0791649890706503,0,0,0,0,"SOAP_193_2315","SOAP_185_2308",2.23296493954318,"SOAP_185_2308",2.23296493954318,"SOAP_58_2205",4.25217912766321,"SOAP_180_2304",5.59747373247072,NA,40.54547306,-111.0296264,40.54547159,-111.0296527,NA,-94.1905424694611,40.54547159,-111.0296527,NA,-94.1905424694611,40.54545957,-111.0296734,NA,-110.618786179622,40.54542467,-111.029645,NA,-163.65774429291
"265","SOAP",1267,"ABLA",5.1,42.9,3.8,1,"0",1,1,1,1,"0","0","0","0",NA,NA,NA,0,"0","0","0","0",0,0,0,0,"0","0",NA,NA,0,0,0,0,"0","0",NA,NA,0,0,0,0,"0","0",NA,NA,0,0,0,0,"0","0",NA,NA,0,0,0,0,"0","0",NA,NA,0,0,0,0,"0","0",NA,NA,"1 DB","1 DB","1 DB","1 DB",1,2,3,4,NA,NA,NA,NA,0,0,0,0,0,"SOAP1267",1617,1267,NA,"Point",2647.252,NA,0.053194625979276,0,0,0,0,"SOAP_1267_2316","SOAP_1294_2113",11.1472438184843,"SOAP_489_2121",19.0475992964665,"SOAP_1256_2094",2.07458048145996,"SOAP_1293_2112",12.1313680189028,NA,40.54576319,-111.029919,40.54566887,-111.0298738,NA,159.919079716356,40.54578513,-111.0296959,NA,82.654192579447,40.54574634,-111.0299296,NA,-154.364106199174,40.54567884,-111.0298279,NA,140.515191643105
"266","SOAP",194,"ABLA",3.5,33.8,0,0,"0",1,1,1,1,"0","0","0","0",NA,NA,NA,0,"0","0","0","0",0,0,0,0,"0","0",NA,NA,0,0,0,0,"0","0",NA,NA,0,0,0,0,"0","0",NA,NA,0,0,0,0,"0","0",NA,NA,0,0,0,0,"0","0",NA,NA,0,0,0,0,"0","0",NA,NA,NA,NA,"bifur with 195","bifur with 195",1,2,3,4,NA,NA,NA,NA,0,0,0,0,0,"SOAP194",NA,194,NA,"Point",2651.34,NA,0.080175073243199,0,0,0,0,"SOAP_194_2317","SOAP_197_2320",3.33443644114677,"SOAP_197_2320",3.33443644114677,"SOAP_197_2320",3.33443644114677,"SOAP_197_2320",3.33443644114677,NA,40.54546428,-111.0295941,40.54547435,-111.029557,NA,70.4139345614158,40.54547435,-111.029557,NA,70.4139345614158,40.54547435,-111.029557,NA,70.4139345614158,40.54547435,-111.029557,NA,70.4139345614158
"267","SOAP",195,"ABLA",3.6,31.6,0,0,"0",1,1,1,1,"0","0","0","0",NA,NA,NA,0,"0","0","0","0",0,0,0,0,"0","0",NA,NA,0,0,0,0,"0","0",NA,NA,0,0,0,0,"0","0",NA,NA,0,0,0,0,"0","0",NA,NA,0,0,0,0,"0","0",NA,NA,0,0,0,0,"0","0",NA,NA,NA,NA,NA,NA,1,2,3,4,NA,NA,NA,NA,0,0,0,0,0,"SOAP195",1918,195,NA,"Point",2651.34,NA,0.080175073243199,0,0,0,0,"SOAP_195_2318","SOAP_197_2320",3.33443644114677,"SOAP_197_2320",3.33443644114677,"SOAP_197_2320",3.33443644114677,"SOAP_197_2320",3.33443644114677,NA,40.54546428,-111.0295941,40.54547435,-111.029557,NA,70.4139345614158,40.54547435,-111.029557,NA,70.4139345614158,40.54547435,-111.029557,NA,70.4139345614158,40.54547435,-111.029557,NA,70.4139345614158
"268","SOAP",196,"ABLA",6,44,19,0,"0",1,1,1,1,"0","0","0","0",NA,NA,NA,NA,"0","0","0","0",0,0,0,0,"0","0",NA,NA,0,0,0,0,"0","0",NA,NA,0,0,0,0,"0","0",NA,NA,0,0,0,0,"0","0",NA,NA,0,0,0,0,"0","0",NA,NA,0,0,0,0,"0","0",NA,NA,NA,NA,NA,NA,1,2,3,4,NA,NA,NA,NA,0,0,0,0,0,"SOAP196",1919,196,NA,"Point",2651.427,NA,0.0807397901599365,0,0,0,0,"SOAP_196_2319","SOAP_197_2320",1.84041844472999,"SOAP_197_2320",1.84041844472999,"SOAP_197_2320",1.84041844472999,"SOAP_197_2320",1.84041844472999,NA,40.54546005,-111.029568,40.54547435,-111.029557,NA,30.4046547878691,40.54547435,-111.029557,NA,30.4046547878691,40.54547435,-111.029557,NA,30.4046547878691,40.54547435,-111.029557,NA,30.4046547878691
"269","SOAP",197,"ABLA",6.8,47.6,1.7,0,"0",1,1,1,1,"BO","BO","BO","BO",NA,NA,NA,0,"0","0","0","0",0,0,0,0,"0","0",NA,NA,0,0,0,1,"0","0",NA,NA,0,0,0,0,"0","0",NA,NA,1,1,0,1,"0","0",NA,NA,0,0,1,1,"0","0",NA,NA,0,0,1,0,"0","0",NA,NA,NA,NA,NA,NA,1,2,3,4,NA,NA,NA,NA,1,1,1,1,0,"SOAP197",1920,197,NA,"Point",2651.856,NA,0.0792113082651383,1,1,1,1,"SOAP_197_2320","SOAP_177_2301",5.18383112323318,"SOAP_390_2435",2.44249262847576,"SOAP_355_2407",9.21154537556834,"SOAP_355_2407",9.21154537556834,NA,40.54547435,-111.029557,40.54542802,-111.0295647,NA,-172.774329979291,40.5454782,-111.0295286,NA,79.9233203197068,40.54555536,-111.0295334,NA,12.5294518434502,40.54555536,-111.0295334,NA,12.5294518434502
"270","SOAP",198,"ABLA",NA,3.1,0,0,"0",1,1,1,1,"0","0","0","0",NA,NA,NA,0,"0","0","0","0",0,0,0,0,"0","0",NA,NA,0,0,0,0,"0","0",NA,NA,0,0,0,0,"0","0",NA,NA,0,0,0,0,"0","0",NA,NA,0,0,0,0,"0","0",NA,NA,0,0,0,0,"0","0",NA,NA,NA,NA,NA,NA,1,2,3,4,NA,NA,NA,NA,0,0,0,0,0,"SOAP198",1921,198,NA,"Point",2650.752,NA,0.0796779256739122,0,0,0,0,"SOAP_198_2321","SOAP_197_2320",0.514437419904231,"SOAP_197_2320",0.514437419904231,"SOAP_197_2320",0.514437419904231,"SOAP_197_2320",0.514437419904231,NA,40.54547003,-111.0295592,40.54547435,-111.029557,NA,21.2305079322281,40.54547435,-111.029557,NA,21.2305079322281,40.54547435,-111.029557,NA,21.2305079322281,40.54547435,-111.029557,NA,21.2305079322281
"271","SOAP",199,"ABLA",12.9,62.6,0,0,"0",1,1,1,1,"0","0","0","0",NA,NA,NA,0,"0","0","0","0",0,0,0,0,"0","0",NA,NA,0,0,0,0,"0","0",NA,NA,0,0,0,0,"0","0",NA,NA,0,0,0,0,"0","0",NA,NA,0,0,0,0,"0","0",NA,NA,0,0,0,0,"0","0",NA,NA,NA,NA,NA,NA,1,2,3,4,NA,NA,NA,NA,0,0,0,0,0,"SOAP199",1922,199,NA,"Point",2652.081,NA,0.0759940774374079,0,0,0,0,"SOAP_199_2322","SOAP_197_2320",3.8718282111364,"SOAP_197_2320",3.8718282111364,"SOAP_197_2320",3.8718282111364,"SOAP_197_2320",3.8718282111364,NA,40.54550216,-111.0295846,40.54547435,-111.029557,NA,142.87110570806,40.54547435,-111.029557,NA,142.87110570806,40.54547435,-111.029557,NA,142.87110570806,40.54547435,-111.029557,NA,142.87110570806
"272","SOAP",200,"ABLA",NA,2.9,0,0,"0",1,1,1,1,"0","0","0","0",NA,NA,NA,0,"0","0","0","0",0,0,0,0,"0","0",NA,NA,0,0,0,0,"0","0",NA,NA,0,0,0,0,"0","0",NA,NA,0,0,0,0,"0","0",NA,NA,0,0,0,0,"0","0",NA,NA,0,0,0,0,"0","0",NA,NA,NA,NA,NA,NA,1,2,3,4,NA,NA,NA,NA,0,0,0,0,0,"SOAP200",1923,200,NA,"Point",2652.061,NA,0.075245814336126,0,0,0,0,"SOAP_200_2323","SOAP_211_2331",4.11316878740621,"SOAP_197_2320",5.55795351307759,"SOAP_212_2332",3.67349371094122,"SOAP_197_2320",5.55795351307759,NA,40.54550842,-111.0296051,40.54554187,-111.029626,NA,-25.4841788123351,40.54547435,-111.029557,NA,132.877186915378,40.54553389,-111.0296328,NA,-39.6803547396997,40.54547435,-111.029557,NA,132.877186915378
"273","SOAP",201,"ABLA",8.9,57.6,16,0,"0",1,1,1,1,"0","0","0","0",NA,NA,NA,0,"0","0","0","0",0,0,0,0,"0","0",NA,NA,0,0,0,0,"0","0",NA,NA,0,0,0,0,"0","0",NA,NA,0,0,0,0,"0","0",NA,NA,0,0,0,0,"0","0",NA,NA,0,0,0,0,"0","0",NA,NA,NA,NA,NA,NA,1,2,3,4,NA,NA,NA,NA,0,0,0,0,0,"SOAP201",1924,201,NA,"Point",2651.587,NA,0.0721995909312007,0,0,0,0,"SOAP_201_2324","SOAP_215_2335",3.36674034123076,"SOAP_355_2407",4.93235890589556,"SOAP_212_2332",3.97165827997895,"SOAP_355_2407",4.93235890589556,NA,40.54553627,-111.029586,40.54556618,-111.0295926,NA,-9.55509049778754,40.54555536,-111.0295334,NA,64.5570017323873,40.54553389,-111.0296328,NA,-93.8139287215757,40.54555536,-111.0295334,NA,64.5570017323873
"274","SOAP",202,"ABLA",4.6,41.8,3.3,0,"0",1,1,1,1,"0","0","0","0",NA,NA,NA,0,"0","0","0","0",0,0,0,0,"0","0",NA,NA,0,0,0,0,"0","0",NA,NA,0,0,0,0,"0","0",NA,NA,0,0,0,0,"0","0",NA,NA,0,0,0,0,"0","0",NA,NA,0,0,0,0,"0","0",NA,NA,NA,NA,NA,NA,1,2,3,4,NA,NA,NA,NA,0,0,0,0,0,"SOAP202",1925,202,NA,"Point",2652.151,NA,0.0718833099190054,0,0,0,0,"SOAP_202_2325","SOAP_211_2331",1.82994690159512,"SOAP_355_2407",6.32337664857263,"SOAP_212_2332",2.42958648672824,"SOAP_223_2340",5.92258681334909,NA,40.54553867,-111.0296048,40.54554187,-111.029626,NA,-78.8075330408269,40.54555536,-111.0295334,NA,72.9637250742203,40.54553389,-111.0296328,NA,-102.614141850296,40.54557893,-111.0295589,NA,41.013900494082
"275","SOAP",203,"ABLA",1,8.3,0.7,0,"0",1,1,1,1,"0","0","0","0",NA,NA,NA,0,"0","0","0","0",0,0,0,0,"0","0",NA,NA,0,0,0,0,"0","0",NA,NA,0,0,0,0,"0","0",NA,NA,0,0,0,0,"0","0",NA,NA,0,0,0,0,"0","0",NA,NA,0,0,0,0,"0","0",NA,NA,NA,NA,NA,NA,1,2,3,4,NA,NA,NA,NA,0,0,0,0,0,"SOAP203",1926,203,NA,"Point",2657.419,NA,0.0704211233577838,0,0,0,0,"SOAP_203_2326","SOAP_215_2335",1.77669085542271,"SOAP_355_2407",5.82171272865185,"SOAP_214_2334",2.67465209259094,"SOAP_223_2340",4.72666485749022,NA,40.54555187,-111.029602,40.54556618,-111.0295926,NA,26.6154976840726,40.54555536,-111.0295334,NA,86.1845420886913,40.54557237,-111.0296186,NA,-31.7044317060697,40.54557893,-111.0295589,NA,50.544727078611
"276","SOAP",205,"ABLA",6.6,50.8,2,0,"0",1,1,1,1,"0","0","0","0",NA,NA,NA,0,"0","0","0","0",0,0,0,0,"0","0",NA,NA,0,0,0,0,"0","0",NA,NA,0,0,0,0,"0","0",NA,NA,0,0,0,0,"0","0",NA,NA,0,0,0,0,"0","0",NA,NA,0,0,0,0,"0","0",NA,NA,NA,NA,NA,NA,1,2,3,4,NA,NA,NA,NA,0,0,0,0,0,"SOAP205",1928,205,NA,"Point",2652.017,NA,0.0705373847290211,0,0,0,0,"SOAP_205_2327","SOAP_211_2331",1.80681562161479,"SOAP_355_2407",6.34618037850884,"SOAP_214_2334",2.56132316279476,"SOAP_223_2340",5.21100155424494,NA,40.54555073,-111.0296081,40.54554187,-111.029626,NA,-122.977465768577,40.54555536,-111.0295334,NA,85.3548991784844,40.54557237,-111.0296186,NA,-20.3116613128118,40.54557893,-111.0295589,NA,53.0803237156811
"277","SOAP",206,"ABLA",1.2,9.6,0,0,"0",1,1,1,1,"0","0","0","0",NA,NA,NA,0,"0","0","0","0",0,0,0,0,"0","0",NA,NA,0,0,0,0,"0","0",NA,NA,0,0,0,0,"0","0",NA,NA,0,0,0,0,"0","0",NA,NA,0,0,0,0,"0","0",NA,NA,0,0,0,0,"0","0",NA,NA,NA,NA,NA,NA,1,2,3,4,NA,NA,NA,NA,0,0,0,0,0,"SOAP206",1929,206,NA,"Point",2651.454,NA,0.0695457471811352,0,0,0,0,"SOAP_206_2328","SOAP_215_2335",1.76642346283377,"SOAP_355_2407",6.63848696997895,"SOAP_214_2334",1.53539483012576,"SOAP_223_2340",4.95101006615841,NA,40.54555961,-111.0296116,40.54556618,-111.0295926,NA,65.6157568304044,40.54555536,-111.0295334,NA,94.0750390248923,40.54557237,-111.0296186,NA,-22.7087917266287,40.54557893,-111.0295589,NA,64.332297697815
"278","SOAP",208,"ABLA",2.1,11.1,0,0,"0",1,1,1,1,"0","0","0","0",NA,NA,NA,0,"0","0","0","0",0,0,0,0,"0","0",NA,NA,0,0,0,0,"0","0",NA,NA,0,0,0,0,"0","0",NA,NA,0,0,0,0,"0","0",NA,NA,0,0,0,0,"0","0",NA,NA,0,0,0,0,"0","0",NA,NA,"Broken top, 3-5 yrs dead","Broken top, 3-5 yrs dead","Broken top, 3-5 yrs dead","Broken top, 3-5 yrs dead",1,2,3,4,NA,NA,NA,NA,0,0,0,0,0,"SOAP208",1931,208,NA,"Point",2650.212,NA,0.0724546871986569,0,0,0,0,"SOAP_208_2329","SOAP_211_2331",1.62444278082407,"SOAP_355_2407",6.95058393112175,"SOAP_212_2332",1.90582007764333,"SOAP_223_2340",6.66463867802273,NA,40.54553346,-111.0296103,40.54554187,-111.029626,NA,-54.9235746521215,40.54555536,-111.0295334,NA,69.5283977346389,40.54553389,-111.0296328,NA,-88.5648984643361,40.54557893,-111.0295589,NA,40.7722876837642
"279","SOAP",209,"ABLA",NA,2.6,0,0,"0",1,1,1,1,"0","0","0","0",NA,NA,NA,0,"0","0","0","0",0,0,0,0,"0","0",NA,NA,0,0,0,0,"0","0",NA,NA,0,0,0,0,"0","0",NA,NA,0,0,0,0,"0","0",NA,NA,0,0,0,0,"0","0",NA,NA,0,0,0,0,"0","0",NA,NA,NA,NA,NA,NA,1,2,3,4,NA,NA,NA,NA,0,0,0,0,0,"SOAP209",1932,209,NA,"Point",2651.448,NA,0.0736099338542469,0,0,0,0,"SOAP_209_2330","SOAP_211_2331",2.11678787302605,"SOAP_185_2308",6.26128532547858,"SOAP_212_2332",1.49967183111638,"SOAP_197_2320",7.72968616917229,NA,40.54552301,-111.0296223,40.54554187,-111.029626,NA,-8.51154981818187,40.54547159,-111.0296527,NA,-155.724490329299,40.54553389,-111.0296328,NA,-36.3606196379857,40.54547435,-111.029557,NA,134.328615140526
"280","SOAP",211,"ABLA",8.1,47.5,11,5,"0",1,1,1,1,"BO","0","0","0",NA,NA,NA,0,"0","0","0","0",0,0,0,0,"0","0",NA,NA,0,0,0,0,"0","0",NA,NA,0,0,0,0,"0","0",NA,NA,0,0,0,0,"0","0",NA,NA,0,0,0,0,"0","0",NA,NA,1,0,0,0,"0","0",NA,NA,"5 DB, WOB","5 DB, WOB","5 DB, WOB","5 DB, WOB",1,2,3,4,NA,NA,NA,NA,1,0,0,0,0,"SOAP211",1934,211,NA,"Point",2653.328,NA,0.0715135918485389,1,0,0,0,"SOAP_211_2331","SOAP_215_2335",3.90899003347838,"SOAP_355_2407",7.98274486017265,"SOAP_212_2332",1.05648598883554,"SOAP_223_2340",7.01464202567143,NA,40.54554187,-111.029626,40.54556618,-111.0295926,NA,46.3450785022999,40.54555536,-111.0295334,NA,79.1884061559691,40.54553389,-111.0296328,NA,-146.974324059968,40.54557893,-111.0295589,NA,54.0949897889846
"281","SOAP",212,"ABLA",1.2,8.4,0.9,0,"0",1,1,1,1,"0","0","BO","BO",NA,NA,NA,0,"0","0","0","0",0,0,0,0,"0","0",NA,NA,0,0,0,0,"0","0",NA,NA,0,0,0,0,"0","0",NA,NA,0,0,0,0,"0","0",NA,NA,0,0,0,0,"0","0",NA,NA,0,0,1,0,"0","0",NA,NA,NA,NA,NA,NA,1,2,3,4,NA,NA,NA,NA,0,0,1,0,1,"SOAP212",1935,212,NA,"Point",2648.85,NA,0.0724058794797793,0,0,1,0,"SOAP_212_2332","SOAP_211_2331",1.05648598883554,"SOAP_185_2308",7.11768493068052,"SOAP_214_2334",4.43732496059911,"SOAP_223_2340",8.00950795847254,NA,40.54553389,-111.0296328,40.54554187,-111.029626,NA,33.0256715196766,40.54547159,-111.0296527,NA,-166.305588297199,40.54557237,-111.0296186,NA,15.7223218978522,40.54557893,-111.0295589,NA,51.3770519845084
"282","SOAP",213,"ABLA",6.3,44.8,0,0,"0",1,1,1,1,"0","0","0","0",NA,NA,NA,0,"0","0","0","0",0,0,0,0,"0","0",NA,NA,0,0,0,0,"0","0",NA,NA,0,0,0,0,"0","0",NA,NA,0,0,0,0,"0","0",NA,NA,0,0,0,0,"0","0",NA,NA,0,0,0,0,"0","0",NA,NA,NA,NA,NA,"split top",1,2,3,4,NA,NA,NA,NA,0,0,0,0,0,"SOAP213",1936,213,NA,"Point",2649.081,NA,0.0733371731480666,0,0,0,0,"SOAP_213_2333","SOAP_211_2331",3.87566385517265,"SOAP_185_2308",6.19783519206317,"SOAP_212_2332",3.01445431790314,"SOAP_43_2195",7.01154087925851,NA,40.54552635,-111.029667,40.54554187,-111.029626,NA,63.6086554115343,40.54547159,-111.0296527,NA,168.733617208982,40.54553389,-111.0296328,NA,73.8803413139314,40.54551757,-111.029749,NA,-97.9898109865873
"283","SOAP",214,"ABLA",2.3,15.4,0.8,4,"0",1,1,1,1,"0","0","BO","BO",NA,NA,NA,0,"0","0","0","0",0,0,0,0,"0","0",NA,NA,0,0,0,0,"0","0",NA,NA,0,0,0,0,"0","0",NA,NA,0,0,0,0,"0","0",NA,NA,0,0,0,0,"0","0",NA,NA,0,0,1,0,"0","0",NA,NA,"Rot in area","Rot in area","Rot in area","Rot in area",1,2,3,4,NA,NA,NA,NA,0,0,1,0,1,"SOAP214",1937,214,NA,"Point",2648.69,NA,0.0681219536821054,0,0,1,0,"SOAP_214_2334","SOAP_215_2335",2.30631592295938,"SOAP_355_2407",7.45742106541933,"SOAP_212_2332",4.43732496059911,"SOAP_223_2340",5.10736097135522,NA,40.54557237,-111.0296186,40.54556618,-111.0295926,NA,107.332625825164,40.54555536,-111.0295334,NA,104.666157334799,40.54553389,-111.0296328,NA,-164.277668871404,40.54557893,-111.0295589,NA,81.8032979857489
"284","SOAP",215,"ABLA",3.2,26.7,22.2,1,"0",1,1,1,1,"BO","0","0","0",NA,NA,NA,0,"0","0","0","0",0,0,0,0,"0","0",NA,NA,1,0,0,0,"0","0",NA,NA,0,0,0,0,"0","0",NA,NA,0,0,0,0,"0","0",NA,NA,0,0,0,0,"0","0",NA,NA,0,0,0,0,"0","0",NA,NA,"1 DB","1 DB","1 DB","1 DB",1,2,3,4,NA,NA,NA,NA,1,0,0,0,0,"SOAP215",1938,215,NA,"Point",2654.496,NA,0.0688544715833331,1,0,0,0,"SOAP_215_2335","SOAP_223_2340",3.18527550816526,"SOAP_355_2407",5.15471902466449,"SOAP_214_2334",2.30631592295938,"SOAP_223_2340",3.18527550816526,NA,40.54556618,-111.0295926,40.54557893,-111.0295589,NA,63.6205973472793,40.54555536,-111.0295334,NA,103.473491759448,40.54557237,-111.0296186,NA,-72.6673572734674,40.54557893,-111.0295589,NA,63.6205973472793
"285","SOAP",216,"ABLA",NA,5.4,0,0,"0",1,1,1,1,"0","0","0","0",NA,NA,NA,0,"0","0","0","0",0,0,0,0,"0","0",NA,NA,0,0,0,0,"0","0",NA,NA,0,0,0,0,"0","0",NA,NA,0,0,0,0,"0","0",NA,NA,0,0,0,0,"0","0",NA,NA,0,0,0,0,"0","0",NA,NA,NA,NA,NA,NA,1,2,3,4,NA,NA,NA,NA,0,0,0,0,0,"SOAP216",1939,216,NA,"Point",2652.288,NA,0.0681236695844709,0,0,0,0,"SOAP_216_2336","SOAP_215_2335",1.12229542527812,"SOAP_355_2407",4.62958139339643,"SOAP_223_2340",2.13379619910985,"SOAP_223_2340",2.13379619910985,NA,40.54557307,-111.0295829,40.54556618,-111.0295926,NA,-132.957525120952,40.54555536,-111.0295334,NA,115.12673351177,40.54557893,-111.0295589,NA,72.2515155785145,40.54557893,-111.0295589,NA,72.2515155785145
"286","SOAP",218,"ABLA",NA,7.1,0,1,"0",1,1,1,1,"0","0","0","0",NA,NA,NA,0,"0","0","0","0",0,0,0,0,"0","0",NA,NA,0,0,0,0,"0","0",NA,NA,0,0,0,0,"0","0",NA,NA,0,0,0,0,"0","0",NA,NA,0,0,0,0,"0","0",NA,NA,0,0,0,0,"0","0",NA,NA,NA,NA,NA,NA,1,2,3,4,NA,NA,NA,NA,0,0,0,0,0,"SOAP218",1941,218,NA,"Point",2653.954,NA,0.0683437863351304,0,0,0,0,"SOAP_218_2337","SOAP_215_2335",1.45490008532671,"SOAP_355_2407",4.08016354771711,"SOAP_223_2340",1.73465984416,"SOAP_223_2340",1.73465984416,NA,40.54557133,-111.0295768,40.54556618,-111.0295926,NA,-113.136067549052,40.54555536,-111.0295334,NA,115.751137686285,40.54557893,-111.0295589,NA,60.9007858390688,40.54557893,-111.0295589,NA,60.9007858390688
"287","SOAP",220,"ABLA",3.4,23.9,7.2,0,"0",1,1,1,1,"0","0","0","0",NA,NA,NA,0,"0","0","0","0",0,0,0,0,"0","0",NA,NA,0,0,0,0,"0","0",NA,NA,0,0,0,0,"0","0",NA,NA,0,0,0,0,"0","0",NA,NA,0,0,0,0,"0","0",NA,NA,0,0,0,0,"0","0",NA,NA,NA,NA,NA,NA,1,2,3,4,NA,NA,NA,NA,0,0,0,0,0,"SOAP220",1943,220,NA,"Point",2653.798,NA,0.0689530411627622,0,0,0,0,"SOAP_220_2338","SOAP_223_2340",1.39267903714974,"SOAP_355_2407",2.70817586310613,"SOAP_223_2340",1.39267903714974,"SOAP_223_2340",1.39267903714974,NA,40.54556658,-111.0295618,40.54557893,-111.0295589,NA,10.1556774944457,40.54555536,-111.0295334,NA,117.379169745698,40.54557893,-111.0295589,NA,10.1556774944457,40.54557893,-111.0295589,NA,10.1556774944457
"288","SOAP",222,"ABLA",1.7,12,5.7,0,"0",1,1,1,1,"BO","0","BO","BO",NA,NA,NA,0,"0","0","0","0",0,0,0,0,"0","0",NA,NA,0,0,1,1,"0","0",NA,NA,0,0,0,1,"0","0",NA,NA,0,0,0,0,"0","0",NA,NA,1,0,1,1,"0","0",NA,NA,0,0,0,0,"0","0",NA,NA,NA,NA,NA,NA,1,2,3,4,NA,NA,NA,NA,1,0,1,1,0,"SOAP222",1945,222,NA,"Point",2652.993,NA,0.0667871003569759,1,0,1,1,"SOAP_222_2339","SOAP_223_2340",0.817174585647898,"SOAP_346_2398",3.40987584644837,"SOAP_223_2340",0.817174585647898,"SOAP_223_2340",0.817174585647898,NA,40.54558619,-111.0295605,40.54557893,-111.0295589,NA,170.45665584216,40.54559289,-111.0295212,NA,77.4023375510914,40.54557893,-111.0295589,NA,170.45665584216,40.54557893,-111.0295589,NA,170.45665584216
"289","SOAP",223,"ABLA",5.3,42,13,0,"0",1,1,1,1,"BO","0","BO","BO",NA,NA,NA,0,"0","0","0","0",0,0,0,0,"0","0",NA,NA,0,0,1,1,"0","0",NA,NA,0,0,0,0,"0","0",NA,NA,0,0,0,0,"0","0",NA,NA,0,0,0,1,"0","0",NA,NA,1,0,1,0,"0","0",NA,NA,NA,NA,NA,NA,1,2,3,4,NA,NA,NA,NA,1,0,1,1,0,"SOAP223",1946,223,NA,"Point",2654.334,NA,0.067602485454234,1,0,1,1,"SOAP_223_2340","SOAP_222_2339",0.817174585647898,"SOAP_355_2407",3.39224445000695,"SOAP_222_2339",0.817174585647898,"SOAP_222_2339",0.817174585647898,NA,40.54557893,-111.0295589,40.54558619,-111.0295605,NA,-9.54334311775516,40.54555536,-111.0295334,NA,140.466755039783,40.54558619,-111.0295605,NA,-9.54334311775516,40.54558619,-111.0295605,NA,-9.54334311775516
"290","SOAP",227,"ABLA",2.1,16.4,6.7,0,"0",1,1,1,1,"0","0","0","0",NA,NA,NA,0,"0","0","0","0",0,0,0,0,"0","0",NA,NA,0,0,0,0,"0","0",NA,NA,0,0,0,0,"0","0",NA,NA,0,0,0,0,"0","0",NA,NA,0,0,0,0,"0","0",NA,NA,0,0,0,0,"0","0",NA,NA,NA,NA,NA,NA,1,2,3,4,NA,NA,NA,NA,0,0,0,0,0,"SOAP227",1950,227,NA,"Point",2655.131,NA,0.0659933822128384,0,0,0,0,"SOAP_227_2341","SOAP_222_2339",2.18624582188267,"SOAP_234_2345",4.48964209643568,"SOAP_222_2339",2.18624582188267,"SOAP_222_2339",2.18624582188267,NA,40.54559217,-111.0295851,40.54558619,-111.0295605,NA,107.675051584112,40.54562996,-111.0295662,NA,20.8830412989719,40.54558619,-111.0295605,NA,107.675051584112,40.54558619,-111.0295605,NA,107.675051584112
"291","SOAP",230,"ABLA",5,41.4,13.6,0,"0",1,1,1,1,"0","0","0","0",NA,NA,NA,0,"0","0","0","0",0,0,0,0,"0","0",NA,NA,0,0,0,0,"0","0",NA,NA,0,0,0,0,"0","0",NA,NA,0,0,0,0,"0","0",NA,NA,0,0,0,0,"0","0",NA,NA,0,0,0,0,"0","0",NA,NA,NA,NA,NA,NA,1,2,3,4,NA,NA,NA,NA,0,0,0,0,0,"SOAP230",1954,230,NA,"Point",2654.149,NA,0.0647941168296434,0,0,0,0,"SOAP_230_2342","SOAP_222_2339",2.63620493595144,"SOAP_234_2345",3.284936666706,"SOAP_222_2339",2.63620493595144,"SOAP_231_2343",1.47623210500091,NA,40.54560307,-111.0295824,40.54558619,-111.0295605,NA,135.296259420354,40.54562996,-111.0295662,NA,24.6825538779846,40.54558619,-111.0295605,NA,135.296259420354,40.54560566,-111.0295653,NA,78.7700457847065
"292","SOAP",231,"ABLA",5.5,42.9,15.7,0,"0",1,1,1,1,"0","0","0","BO",NA,NA,NA,0,"0","0","0","0",0,0,0,0,"0","0",NA,NA,0,0,0,1,"0","0",NA,NA,0,0,0,0,"0","0",NA,NA,0,0,0,0,"0","0",NA,NA,0,0,0,1,"0","0",NA,NA,0,0,0,0,"0","0",NA,NA,NA,NA,NA,NA,1,2,3,4,NA,NA,NA,NA,0,0,0,1,1,"SOAP231",1955,231,NA,"Point",2654.051,NA,0.0645975723567965,0,0,0,1,"SOAP_231_2343","SOAP_222_2339",2.19907163286944,"SOAP_234_2345",2.69839401593554,"SOAP_222_2339",2.19907163286944,"SOAP_232_2344",1.19446545660995,NA,40.54560566,-111.0295653,40.54558619,-111.0295605,NA,169.348972473816,40.54562996,-111.0295662,NA,-1.61837828962115,40.54558619,-111.0295605,NA,169.348972473816,40.5456134,-111.0295555,NA,44.0055844840758
"293","SOAP",232,"ABLA",2.8,22.1,8.2,0,"0",1,1,1,1,"0","0","0","BO",NA,NA,NA,0,"0","0","0","0",0,0,0,0,"0","0",NA,NA,0,0,0,1,"0","0",NA,NA,0,0,0,1,"0","0",NA,NA,0,0,0,0,"0","0",NA,NA,0,0,0,1,"0","0",NA,NA,0,0,0,0,"0","0",NA,NA,NA,NA,NA,NA,1,2,3,4,NA,NA,NA,NA,0,0,0,1,1,"SOAP232",1956,232,NA,"Point",2654.569,NA,0.0638069084857438,0,0,0,1,"SOAP_232_2344","SOAP_235_2346",2.04933672314447,"SOAP_234_2345",2.04933672314447,"SOAP_234_2345",2.04933672314447,"SOAP_231_2343",1.19446545660995,NA,40.5456134,-111.0295555,40.54562996,-111.0295662,NA,-26.2387562423083,40.54562996,-111.0295662,NA,-26.2387562423083,40.54562996,-111.0295662,NA,-26.2387562423083,40.54560566,-111.0295653,NA,-135.994409145403
"294","SOAP",234,"ABLA",6.4,50.5,21.9,0,"0",1,1,1,1,"0","BO","BO","BO",NA,NA,NA,0,"0","0","0","0",0,0,0,0,"0","0",NA,NA,0,0,0,0,"0","0",NA,NA,0,0,0,1,"0","0",NA,NA,0,0,0,0,"0","0",NA,NA,0,1,1,1,"0","0",NA,NA,0,0,0,0,"0","0",NA,NA,NA,NA,NA,NA,1,2,3,4,NA,NA,NA,NA,0,1,1,1,1,"SOAP234",NA,234,NA,"Point",2653.39,NA,0.0618974624365813,0,1,1,1,"SOAP_234_2345","SOAP_309_2364",4.75569310692271,"SOAP_309_2364",4.75569310692271,"SOAP_306_2361",1.96500020579199,"SOAP_308_2363",0.915967680369786,NA,40.54562996,-111.0295662,40.54567188,-111.0295778,NA,-11.9197264077518,40.54567188,-111.0295778,NA,-11.9197264077518,40.54563165,-111.0295893,NA,-84.5218358219758,40.54563797,-111.0295636,NA,13.9075753562752
"295","SOAP",235,"ABLA",3.3,22,9.1,0,"0",1,1,1,1,"BO","BO","BO","BO",NA,NA,NA,0,"0","0","0","0",0,0,0,0,"0","0",NA,NA,0,1,1,1,"0","0",NA,NA,0,2,2,2,"0","0",NA,NA,0,0,0,0,"0","0",NA,NA,0,1,1,1,"0","0",NA,NA,1,2,2,2,"0","0",NA,NA,NA,NA,NA,NA,1,2,3,4,NA,NA,NA,NA,1,1,1,1,0,"SOAP235",1958,235,NA,"Point",2653.39,NA,0.0618974624365813,1,1,1,1,"SOAP_235_2346","SOAP_309_2364",4.75569310692271,"SOAP_309_2364",4.75569310692271,"SOAP_306_2361",1.96500020579199,"SOAP_308_2363",0.915967680369786,NA,40.54562996,-111.0295662,40.54567188,-111.0295778,NA,-11.9197264077518,40.54567188,-111.0295778,NA,-11.9197264077518,40.54563165,-111.0295893,NA,-84.5218358219758,40.54563797,-111.0295636,NA,13.9075753562752
"296","SOAP",237,"ABLA",NA,5.2,0,0,"0",1,1,1,1,"0","0","0","0",NA,NA,NA,0,"0","0","0","0",0,0,0,0,"0","0",NA,NA,0,0,0,0,"0","0",NA,NA,0,0,0,0,"0","0",NA,NA,0,0,0,0,"0","0",NA,NA,0,0,0,0,"0","0",NA,NA,0,0,0,0,"0","0",NA,NA,"3 Dead","3 Dead","3 Dead","3 Dead",1,2,3,4,NA,NA,NA,NA,0,0,0,0,0,"SOAP237",1960,237,NA,"Point",2652.6,NA,0.062034160852222,0,0,0,0,"SOAP_237_2347","SOAP_235_2346",0.869008482507441,"SOAP_234_2345",0.869008482507441,"SOAP_234_2345",0.869008482507441,"SOAP_234_2345",0.869008482507441,NA,40.5456282,-111.0295762,40.54562996,-111.0295662,NA,77.0083260363326,40.54562996,-111.0295662,NA,77.0083260363326,40.54562996,-111.0295662,NA,77.0083260363326,40.54562996,-111.0295662,NA,77.0083260363326
"297","SOAP",238,"ABLA",4.4,35,7.2,0,"0",1,1,1,1,"0","0","0","0",NA,NA,NA,0,"0","0","0","0",0,0,0,0,"0","0",NA,NA,0,0,0,0,"0","0",NA,NA,0,0,0,0,"0","0",NA,NA,0,0,0,0,"0","0",NA,NA,0,0,0,0,"0","0",NA,NA,0,0,0,0,"0","0",NA,NA,NA,NA,NA,NA,1,2,3,4,NA,NA,NA,NA,0,0,0,0,0,"SOAP238",1962,238,NA,"Point",2650.372,NA,0.065572387519907,0,0,0,0,"SOAP_238_2348","SOAP_222_2339",2.1752179257852,"SOAP_234_2345",4.01497403739938,"SOAP_222_2339",2.1752179257852,"SOAP_231_2343",1.81898475664133,NA,40.54559605,-111.0295827,40.54558619,-111.0295605,NA,120.208805517203,40.54562996,-111.0295662,NA,20.3642745424646,40.54558619,-111.0295605,NA,120.208805517203,40.54560566,-111.0295653,NA,54.0955381056856
"298","SOAP",243,"ABLA",7.1,50.8,0,0,"0",1,1,1,1,"0","0","0","0",NA,NA,NA,0,"0","0","0","0",0,0,0,0,"0","0",NA,NA,0,0,0,0,"0","0",NA,NA,0,0,0,0,"0","0",NA,NA,0,0,0,0,"0","0",NA,NA,0,0,0,0,"0","0",NA,NA,0,0,0,0,"0","0",NA,NA,NA,NA,NA,NA,1,2,3,4,NA,NA,NA,NA,0,0,0,0,0,"SOAP243",1966,243,NA,"Point",2650.04,NA,0.0651145847200879,0,0,0,0,"SOAP_243_2349","SOAP_222_2339",3.28731523758853,"SOAP_234_2345",4.14452880431117,"SOAP_222_2339",3.28731523758853,"SOAP_231_2343",2.59848473374064,NA,40.54559977,-111.029595,40.54558619,-111.0295605,NA,117.293402322969,40.54562996,-111.0295662,NA,36.0442382926374,40.54558619,-111.0295605,NA,117.293402322969,40.54560566,-111.0295653,NA,75.4274247026736
"299","SOAP",245,"ABLA",13.5,61.7,0,0,"0",1,1,1,1,"0","0","0","0",NA,NA,NA,0,"0","0","0","0",0,0,0,0,"0","0",NA,NA,0,0,0,0,"0","0",NA,NA,0,0,0,0,"0","0",NA,NA,0,0,0,0,"0","0",NA,NA,0,0,0,0,"0","0",NA,NA,0,0,0,0,"0","0",NA,NA,NA,NA,NA,"split top",1,2,3,4,NA,NA,NA,NA,0,0,0,0,0,"SOAP245",1968,245,NA,"Point",2651.268,NA,0.0621660517529109,0,0,0,0,"SOAP_245_2350","SOAP_235_2346",3.61681946599438,"SOAP_234_2345",3.61681946599438,"SOAP_306_2361",1.7496662894301,"SOAP_234_2345",3.61681946599438,NA,40.54562602,-111.0296086,40.54562996,-111.0295662,NA,83.0548319142782,40.54562996,-111.0295662,NA,83.0548319142782,40.54563165,-111.0295893,NA,69.0732936969102,40.54562996,-111.0295662,NA,83.0548319142782
"300","SOAP",246,"ABLA",NA,3.2,0,0,"0",1,1,1,1,"0","0","0","0",NA,NA,NA,0,"0","0","0","0",0,0,0,0,"0","0",NA,NA,0,0,0,0,"0","0",NA,NA,0,0,0,0,"0","0",NA,NA,0,0,0,0,"0","0",NA,NA,0,0,0,0,"0","0",NA,NA,0,0,0,0,"0","0",NA,NA,NA,NA,NA,NA,1,2,3,4,NA,NA,NA,NA,0,0,0,0,0,"SOAP246",1969,246,NA,"Point",2653.857,NA,0.0606362005586376,0,0,0,0,"SOAP_246_2351","SOAP_235_2346",5.08649269203463,"SOAP_234_2345",5.08649269203463,"SOAP_306_2361",3.14381172074974,"SOAP_688_2162",4.877037237194,NA,40.54563969,-111.0296249,40.54562996,-111.0295662,NA,102.259166647692,40.54562996,-111.0295662,NA,102.259166647692,40.54563165,-111.0295893,NA,106.491531615551,40.54563524,-111.0296822,NA,-95.8129462122226
"301","SOAP",247,"ABLA",8.6,58.7,21.6,0,"0",1,1,1,1,"0","0","0","0",NA,NA,NA,0,"0","0","0","0",0,0,0,0,"0","0",NA,NA,0,0,0,0,"0","0",NA,NA,0,0,0,0,"0","0",NA,NA,0,0,0,0,"0","0",NA,NA,0,0,0,0,"0","0",NA,NA,0,0,0,0,"0","0",NA,NA,NA,NA,NA,"split top",1,2,3,4,NA,NA,NA,NA,0,0,0,0,0,"SOAP247",NA,247,NA,"Point",2653.936,NA,0.0621305243603685,0,0,0,0,"SOAP_247_2352","SOAP_235_2346",4.9537825852597,"SOAP_234_2345",4.9537825852597,"SOAP_306_2361",3.04028325531159,"SOAP_234_2345",4.9537825852597,NA,40.54562625,-111.0296245,40.54562996,-111.0295662,NA,85.2314247710909,40.54562996,-111.0295662,NA,85.2314247710909,40.54563165,-111.0295893,NA,78.6294083099111,40.54562996,-111.0295662,NA,85.2314247710909
"302","SOAP",248,"ABLA",7.5,58.5,8.6,0,"0",1,1,1,1,"0","0","0","0",NA,NA,NA,0,"0","0","0","0",0,0,0,0,"0","0",NA,NA,0,0,0,0,"0","0",NA,NA,0,0,0,0,"0","0",NA,NA,0,0,0,0,"0","0",NA,NA,0,0,0,0,"0","0",NA,NA,0,0,0,0,"0","0",NA,NA,NA,NA,NA,NA,1,2,3,4,NA,NA,NA,NA,0,0,0,0,0,"SOAP248",1970,248,NA,"Point",2653.936,NA,0.0621305243603685,0,0,0,0,"SOAP_248_2353","SOAP_235_2346",4.9537825852597,"SOAP_234_2345",4.9537825852597,"SOAP_306_2361",3.04028325531159,"SOAP_234_2345",4.9537825852597,NA,40.54562625,-111.0296245,40.54562996,-111.0295662,NA,85.2314247710909,40.54562996,-111.0295662,NA,85.2314247710909,40.54563165,-111.0295893,NA,78.6294083099111,40.54562996,-111.0295662,NA,85.2314247710909
"303","SOAP",249,"ABLA",4.5,38.3,1.5,0,"0",1,1,1,1,"0","0","0","0",NA,NA,NA,0,"0","0","0","0",0,0,0,0,"0","0",NA,NA,0,0,0,0,"0","0",NA,NA,0,0,0,0,"0","0",NA,NA,0,0,0,0,"0","0",NA,NA,0,0,0,0,"0","0",NA,NA,0,0,0,0,"0","0",NA,NA,"Rot in area","Rot in area","Rot in area","Rot in area",1,2,3,4,NA,NA,NA,NA,0,0,0,0,0,"SOAP249",1971,249,NA,"Point",2657.06,NA,0.0608820466475597,0,0,0,0,"SOAP_249_2354","SOAP_235_2346",5.06516251823893,"SOAP_234_2345",5.06516251823893,"SOAP_306_2361",3.10800162928087,"SOAP_688_2162",4.83295595633914,NA,40.54563748,-111.0296252,40.54562996,-111.0295662,NA,99.4854443147668,40.54562996,-111.0295662,NA,99.4854443147668,40.54563165,-111.0295893,NA,102.017787105853,40.54563524,-111.0296822,NA,-92.9489857314447
"304","SOAP",250,"ABLA",8.9,63.9,0,0,"0",1,1,1,1,"0","0","0","0",NA,NA,NA,0,"0","0","0","0",0,0,0,0,"0","0",NA,NA,0,0,0,0,"0","0",NA,NA,0,0,0,0,"0","0",NA,NA,0,0,0,0,"0","0",NA,NA,0,0,0,0,"0","0",NA,NA,0,0,0,0,"0","0",NA,NA,NA,NA,NA,NA,1,2,3,4,NA,NA,NA,NA,0,0,0,0,0,"SOAP250",NA,250,NA,"Point",2658.823,NA,0.0581926137221481,0,0,0,0,"SOAP_250_2355","SOAP_309_2364",4.67693739330271,"SOAP_309_2364",4.67693739330271,"SOAP_667_2144",4.32807395851882,"SOAP_309_2364",4.67693739330271,NA,40.54566171,-111.0296314,40.54567188,-111.0295778,NA,76.032506278645,40.54567188,-111.0295778,NA,76.032506278645,40.54568845,-111.0296686,NA,-46.702045260805,40.54567188,-111.0295778,NA,76.032506278645
"305","SOAP",300,"ABLA",9.5,56.1,0,0,"0",1,1,1,1,"0","0","0","0",NA,NA,NA,0,"0","0","0","0",0,0,0,0,"0","0",NA,NA,0,0,0,0,"0","0",NA,NA,0,0,0,0,"0","0",NA,NA,0,0,0,0,"0","0",NA,NA,0,0,0,0,"0","0",NA,NA,0,0,0,0,"0","0",NA,NA,NA,NA,NA,NA,1,2,3,4,NA,NA,NA,NA,0,0,0,0,0,"SOAP300",1972,300,NA,"Point",2658.823,NA,0.0581926137221481,0,0,0,0,"SOAP_300_2356","SOAP_309_2364",4.67693739330271,"SOAP_309_2364",4.67693739330271,"SOAP_667_2144",4.32807395851882,"SOAP_309_2364",4.67693739330271,NA,40.54566171,-111.0296314,40.54567188,-111.0295778,NA,76.032506278645,40.54567188,-111.0295778,NA,76.032506278645,40.54568845,-111.0296686,NA,-46.702045260805,40.54567188,-111.0295778,NA,76.032506278645
"306","SOAP",301,"ABLA",NA,1,0,4,"0",1,1,1,1,"0","0","0","0",NA,NA,NA,0,"0","0","0","0",0,0,0,0,"0","0",NA,NA,0,0,0,0,"0","0",NA,NA,0,0,0,0,"0","0",NA,NA,0,0,0,0,"0","0",NA,NA,0,0,0,0,"0","0",NA,NA,0,0,0,0,"0","0",NA,NA,"4 DB","4 DB","4 DB","4 DB",1,2,3,4,NA,NA,NA,NA,0,0,0,0,0,"SOAP301",1973,301,NA,"Point",2657.141,NA,0.0586878385759112,0,0,0,0,"SOAP_301_2357","SOAP_309_2364",4.24524121319712,"SOAP_309_2364",4.24524121319712,"SOAP_306_2361",4.09058098206402,"SOAP_309_2364",4.24524121319712,NA,40.54565721,-111.0296241,40.54567188,-111.0295778,NA,67.4445026871714,40.54567188,-111.0295778,NA,67.4445026871714,40.54563165,-111.0295893,NA,133.914807753448,40.54567188,-111.0295778,NA,67.4445026871714
"307","SOAP",302,"ABLA",NA,6.3,0,9,"0",1,1,1,1,"0","0","0","0",NA,NA,NA,0,"0","0","0","0",0,0,0,0,"0","0",NA,NA,0,0,0,0,"0","0",NA,NA,0,0,0,0,"0","0",NA,NA,0,0,0,0,"0","0",NA,NA,0,0,0,0,"0","0",NA,NA,0,0,0,0,"0","0",NA,NA,"2 DB","2 DB","2 DB","2 DB",1,2,3,4,NA,NA,NA,NA,0,0,0,0,0,"SOAP302",1974,302,NA,"Point",2653.53,NA,0.057084862386929,0,0,0,0,"SOAP_302_2358","SOAP_309_2364",3.45490744422188,"SOAP_309_2364",3.45490744422188,"SOAP_309_2364",3.45490744422188,"SOAP_309_2364",3.45490744422188,NA,40.54567163,-111.0296186,40.54567188,-111.0295778,NA,89.5397760142411,40.54567188,-111.0295778,NA,89.5397760142411,40.54567188,-111.0295778,NA,89.5397760142411,40.54567188,-111.0295778,NA,89.5397760142411
"308","SOAP",303,"ABLA",13.6,58.1,2.6,7,"0",1,1,1,1,"0","0","0","0",NA,NA,NA,0,"0","0","0","0",0,0,0,0,"0","0",NA,NA,0,0,0,0,"0","0",NA,NA,0,0,0,0,"0","0",NA,NA,0,0,0,0,"0","0",NA,NA,0,0,0,0,"0","0",NA,NA,0,0,0,0,"0","0",NA,NA,"7 DB","7 DB","7 DB","7 DB, split top",1,2,3,4,NA,NA,NA,NA,0,0,0,0,0,"SOAP303",1975,303,NA,"Point",2650.659,NA,0.054607880163976,0,0,0,0,"SOAP_303_2359","SOAP_309_2364",4.06237296288179,"SOAP_309_2364",4.06237296288179,"SOAP_309_2364",4.06237296288179,"SOAP_309_2364",4.06237296288179,NA,40.54569392,-111.0296161,40.54567188,-111.0295778,NA,127.029290555664,40.54567188,-111.0295778,NA,127.029290555664,40.54567188,-111.0295778,NA,127.029290555664,40.54567188,-111.0295778,NA,127.029290555664
"309","SOAP",304,"ABLA",5,42.9,12.7,0,"0",1,1,1,1,"0","0","0","BO",NA,NA,NA,NA,"0","0","0","0",0,0,0,0,"0","0",NA,NA,0,0,0,0,"0","0",NA,NA,0,0,0,0,"0","0",NA,NA,0,0,0,0,"0","0",NA,NA,0,0,0,1,"0","0",NA,NA,0,0,0,0,"0","0",NA,NA,NA,NA,NA,NA,1,2,3,4,NA,NA,NA,NA,0,0,0,1,1,"SOAP304",1976,304,NA,"Point",2651.487,NA,0.0585538377452875,0,0,0,1,"SOAP_304_2360","SOAP_309_2364",1.88249894208611,"SOAP_309_2364",1.88249894208611,"SOAP_309_2364",1.88249894208611,"SOAP_349_2401",0.966620078504439,NA,40.54566043,-111.0295614,40.54567188,-111.0295778,NA,-47.5346420395188,40.54567188,-111.0295778,NA,-47.5346420395188,40.54567188,-111.0295778,NA,-47.5346420395188,40.54565623,-111.0295714,NA,-118.835871529152
"310","SOAP",306,"ABLA",NA,5.2,NA,0,"0",1,1,1,NA,"0","0","BO",NA,NA,NA,NA,NA,"0","0","0",NA,0,0,0,NA,"0","0",NA,NA,0,0,0,NA,"0","0",NA,NA,0,0,2,NA,"0","0",NA,NA,0,0,0,NA,"0","0",NA,NA,0,0,0,NA,"0","0",NA,NA,0,0,2,NA,"0","0",NA,NA,NA,NA,NA,NA,1,2,3,NA,NA,NA,NA,NA,0,0,1,NA,1,"SOAP306",1978,306,NA,"Point",2657.885,NA,0.0615917178347582,0,0,1,NA,"SOAP_306_2361","SOAP_235_2346",1.96500020579199,"SOAP_234_2345",1.96500020579199,"SOAP_234_2345",1.96500020579199,"SOAP_234_2345",1.96500020579199,NA,40.54563165,-111.0295893,40.54562996,-111.0295662,NA,95.4781491617899,40.54562996,-111.0295662,NA,95.4781491617899,40.54562996,-111.0295662,NA,95.4781491617899,40.54562996,-111.0295662,NA,95.4781491617899
"311","SOAP",307,"ABLA",NA,2.1,0,1,"0",1,1,1,1,"0","0","0","0",NA,NA,NA,0,"0","0","0","0",0,0,0,0,"0","0",NA,NA,0,0,0,0,"0","0",NA,NA,0,0,0,0,"0","0",NA,NA,0,0,0,0,"0","0",NA,NA,0,0,0,0,"0","0",NA,NA,0,0,0,0,"0","0",NA,NA,"1 DB","1 DB","1 DB","1 DB",1,2,3,4,NA,NA,NA,NA,0,0,0,0,0,"SOAP307",1979,307,NA,"Point",2655.702,NA,0.060056994587767,0,0,0,0,"SOAP_307_2362","SOAP_235_2346",2.48260466427437,"SOAP_234_2345",2.48260466427437,"SOAP_234_2345",2.48260466427437,"SOAP_350_2402",1.63950587062204,NA,40.54564779,-111.0295485,40.54562996,-111.0295662,NA,-142.863944091194,40.54562996,-111.0295662,NA,-142.863944091194,40.54562996,-111.0295662,NA,-142.863944091194,40.54563385,-111.0295549,NA,-160.698192996668
"312","SOAP",308,"ABLA",4.8,44.8,8,0,"0",1,1,1,1,"0","0","0","BO",NA,NA,NA,0,"0","0","0","0",0,0,0,0,"0","0",NA,NA,0,0,0,0,"0","0",NA,NA,0,0,0,1,"0","0",NA,NA,0,0,0,0,"0","0",NA,NA,0,0,0,1,"0","0",NA,NA,0,0,0,0,"0","0",NA,NA,NA,NA,NA,NA,1,2,3,4,NA,NA,NA,NA,0,0,0,1,1,"SOAP308",1980,308,NA,"Point",2655.113,NA,0.0610267871159281,0,0,0,1,"SOAP_308_2363","SOAP_235_2346",0.915967680369786,"SOAP_234_2345",0.915967680369786,"SOAP_234_2345",0.915967680369786,"SOAP_350_2402",0.867092189467208,NA,40.54563797,-111.0295636,40.54562996,-111.0295662,NA,-166.092422953586,40.54562996,-111.0295662,NA,-166.092422953586,40.54562996,-111.0295662,NA,-166.092422953586,40.54563385,-111.0295549,NA,121.831392848385
"313","SOAP",309,"ABLA",NA,6.8,0,0,"0",1,1,1,1,"BO","BO","BO","BO",NA,NA,NA,0,"0","0","0","0",0,0,0,0,"0","0",NA,NA,1,1,1,1,"0","0",NA,NA,0,0,0,0,"0","0",NA,NA,0,0,0,0,"0","0",NA,NA,0,0,0,1,"0","0",NA,NA,0,0,0,0,"0","0",NA,NA,"1 Dead","1 Dead","1 Dead","1 Dead",1,2,3,4,NA,NA,NA,NA,1,1,1,1,0,"SOAP309",1981,309,NA,"Point",2655.254,NA,0.05717843973477,1,1,1,1,"SOAP_309_2364","SOAP_235_2346",4.75569310692271,"SOAP_234_2345",4.75569310692271,"SOAP_306_2361",4.57049932256936,"SOAP_349_2401",1.81972979589407,NA,40.54567188,-111.0295778,40.54562996,-111.0295662,NA,168.080266051625,40.54562996,-111.0295662,NA,168.080266051625,40.54563165,-111.0295893,NA,-167.698413786859,40.54565623,-111.0295714,NA,162.674045025257
"314","SOAP",310,"ABLA",4.3,29.8,0.8,0,"0",1,1,1,1,"0","0","0","0",NA,NA,NA,0,"0","0","0","0",0,0,0,0,"0","0",NA,NA,0,0,0,0,"0","0",NA,NA,0,0,0,0,"0","0",NA,NA,0,0,0,0,"0","0",NA,NA,0,0,0,0,"0","0",NA,NA,0,0,0,0,"0","0",NA,NA,NA,NA,NA,NA,1,2,3,4,NA,NA,NA,NA,0,0,0,0,0,"SOAP310",1982,310,NA,"Point",2661.444,NA,0.0570917358897634,0,0,0,0,"SOAP_310_2365","SOAP_309_2364",1.57210602592402,"SOAP_309_2364",1.57210602592402,"SOAP_309_2364",1.57210602592402,"SOAP_304_2360",1.49040264098487,NA,40.54567377,-111.0295594,40.54567188,-111.0295778,NA,-97.6687674277871,40.54567188,-111.0295778,NA,-97.6687674277871,40.54567188,-111.0295778,NA,-97.6687674277871,40.54566043,-111.0295614,NA,-173.4754530242
"315","SOAP",311,"ABLA",12.7,6.4,9.9,0,"0",1,1,1,1,"0","0","0","0",NA,NA,NA,0,"0","0","0","0",0,0,0,0,"0","0",NA,NA,0,0,0,0,"0","0",NA,NA,0,0,0,0,"0","0",NA,NA,0,0,0,0,"0","0",NA,NA,0,0,0,0,"0","0",NA,NA,0,0,0,0,"0","0",NA,NA,NA,NA,NA,NA,1,2,3,4,NA,NA,NA,NA,0,0,0,0,0,"SOAP311",1983,311,NA,"Point",2661.883,NA,0.0563718036823429,0,0,0,0,"SOAP_311_2366","SOAP_309_2364",1.82300396883672,"SOAP_309_2364",1.82300396883672,"SOAP_309_2364",1.82300396883672,"SOAP_309_2364",1.82300396883672,NA,40.54568028,-111.0295593,40.54567188,-111.0295778,NA,-120.761579809499,40.54567188,-111.0295778,NA,-120.761579809499,40.54567188,-111.0295778,NA,-120.761579809499,40.54567188,-111.0295778,NA,-120.761579809499
"316","SOAP",312,"ABLA",5.3,42.4,10.6,0,"0",1,1,1,1,"0","0","0","0",NA,NA,NA,NA,"0","0","0","0",0,0,0,0,"0","0",NA,NA,0,0,0,0,"0","0",NA,NA,0,0,0,0,"0","0",NA,NA,0,0,0,0,"0","0",NA,NA,0,0,0,0,"0","0",NA,NA,0,0,0,0,"0","0",NA,NA,NA,NA,NA,NA,1,2,3,4,NA,NA,NA,NA,0,0,0,0,0,"SOAP312",1984,312,NA,"Point",2659.993,NA,0.0549775610773374,0,0,0,0,"SOAP_312_2367","SOAP_309_2364",2.57866922472374,"SOAP_309_2364",2.57866922472374,"SOAP_309_2364",2.57866922472374,"SOAP_309_2364",2.57866922472374,NA,40.54569255,-111.0295639,40.54567188,-111.0295778,NA,-152.842530296209,40.54567188,-111.0295778,NA,-152.842530296209,40.54567188,-111.0295778,NA,-152.842530296209,40.54567188,-111.0295778,NA,-152.842530296209
"317","SOAP",313,"ABLA",10.5,51.9,0,3,"0",1,1,1,1,"0","BO","BO","0",NA,NA,NA,0,"0","0","0","0",0,0,0,0,"0","0",NA,NA,0,0,0,0,"0","0",NA,NA,0,0,0,0,"0","0",NA,NA,0,0,0,0,"0","0",NA,NA,0,1,0,0,"0","0",NA,NA,0,0,0,0,"0","0",NA,NA,NA,NA,NA,"split top",1,2,3,4,NA,NA,NA,NA,0,1,0,0,1,"SOAP313",1985,313,NA,"Point",2655.222,NA,0.0527626281304495,0,1,0,0,"SOAP_313_2368","SOAP_309_2364",5.23874041016157,"SOAP_309_2364",5.23874041016157,"SOAP_309_2364",5.23874041016157,"SOAP_309_2364",5.23874041016157,NA,40.54571373,-111.0295492,40.54567188,-111.0295778,NA,-152.465925078102,40.54567188,-111.0295778,NA,-152.465925078102,40.54567188,-111.0295778,NA,-152.465925078102,40.54567188,-111.0295778,NA,-152.465925078102
"318","SOAP",314,"ABLA",NA,2.9,0,0,"0",1,1,1,1,"0","0","0","0",NA,NA,NA,0,"0","0","0","0",0,0,0,0,"0","0",NA,NA,0,0,0,0,"0","0",NA,NA,0,0,0,0,"0","0",NA,NA,0,0,0,0,"0","0",NA,NA,0,0,0,0,"0","0",NA,NA,0,0,0,0,"0","0",NA,NA,NA,NA,"under snow",NA,1,2,3,4,NA,NA,NA,NA,0,0,0,0,0,"SOAP314",1986,314,NA,"Point",2660.32,NA,0.0523649556640616,0,0,0,0,"SOAP_314_2369","SOAP_309_2364",5.12232846487247,"SOAP_313_2368",1.08046878989166,"SOAP_309_2364",5.12232846487247,"SOAP_309_2364",5.12232846487247,NA,40.54571632,-111.0295615,40.54567188,-111.0295778,NA,-164.368302350234,40.54571373,-111.0295492,NA,105.431173577166,40.54567188,-111.0295778,NA,-164.368302350234,40.54567188,-111.0295778,NA,-164.368302350234
"319","SOAP",315,"ABLA",NA,2,0,0,"0",1,1,1,1,"0","0","0","0",NA,NA,NA,0,"0","0","0","0",0,0,0,0,"0","0",NA,NA,0,0,0,0,"0","0",NA,NA,0,0,0,0,"0","0",NA,NA,0,0,0,0,"0","0",NA,NA,0,0,0,0,"0","0",NA,NA,0,0,0,0,"0","0",NA,NA,NA,NA,NA,NA,1,2,3,4,NA,NA,NA,NA,0,0,0,0,0,"SOAP315",1987,315,NA,"Point",2660.85,NA,0.0538334433271319,0,0,0,0,"SOAP_315_2370","SOAP_534_2510",6.07940457844432,"SOAP_313_2368",6.87770597434147,"SOAP_309_2364",10.4683492014662,"SOAP_304_2360",9.97677811053439,NA,40.54571522,-111.029468,40.54567599,-111.0294179,NA,135.74821753035,40.54571373,-111.0295492,NA,-91.3779221013303,40.54567188,-111.0295778,NA,-117.358294673448,40.54566043,-111.0295614,NA,-127.55972917848
"320","SOAP",316,"ABLA",14.3,60.9,0,2,"0",1,1,1,1,"0","0","0","0",NA,NA,NA,0,"0","0","0","0",0,0,0,0,"0","0",NA,NA,0,0,0,0,"0","0",NA,NA,0,0,0,0,"0","0",NA,NA,0,0,0,0,"0","0",NA,NA,0,0,0,0,"0","0",NA,NA,0,0,0,0,"0","0",NA,NA,"2 DB","2 DB","2 DB","2 DB",1,2,3,4,NA,NA,NA,NA,0,0,0,0,0,"SOAP316",1988,316,NA,"Point",2661.99,NA,0.0528310001145702,0,0,0,0,"SOAP_316_2371","SOAP_534_2510",6.48884460688409,"SOAP_526_2502",8.01319629619982,"SOAP_309_2364",12.0726311582291,"SOAP_304_2360",11.6620820077578,NA,40.54572714,-111.029455,40.54567599,-111.0294179,NA,151.044018661266,40.54568671,-111.0293766,NA,124.058961233183,40.54567188,-111.0295778,NA,-120.536192152492,40.54566043,-111.0295614,NA,-129.416366008592
"321","SOAP",317,"ABLA",14.4,73.4,0,0,"0",1,1,1,1,"0","0","0","0",NA,NA,NA,0,"0","0","0","0",0,0,0,0,"0","0",NA,NA,0,0,0,0,"0","0",NA,NA,0,0,0,0,"0","0",NA,NA,0,0,0,0,"0","0",NA,NA,0,0,0,0,"0","0",NA,NA,0,0,0,0,"0","0",NA,NA,NA,NA,NA,NA,1,2,3,4,NA,NA,NA,NA,0,0,0,0,0,"SOAP317",1989,317,NA,"Point",2658.523,NA,0.052230319417358,0,0,0,0,"SOAP_317_2372","SOAP_309_2364",7.89986872400861,"SOAP_313_2368",3.26357012347795,"SOAP_309_2364",7.89986872400861,"SOAP_309_2364",7.89986872400861,NA,40.54572271,-111.0295125,40.54567188,-111.0295778,NA,-135.578490047057,40.54571373,-111.0295492,NA,-107.783918849762,40.54567188,-111.0295778,NA,-135.578490047057,40.54567188,-111.0295778,NA,-135.578490047057
"322","SOAP",318,"ABLA",NA,2.9,0,0,"0",1,1,1,1,"0","0","0","0",NA,NA,NA,0,"0","0","0","0",0,0,0,0,"0","0",NA,NA,0,0,0,0,"0","0",NA,NA,0,0,0,0,"0","0",NA,NA,0,0,0,0,"0","0",NA,NA,0,0,0,0,"0","0",NA,NA,0,0,0,0,"0","0",NA,NA,NA,NA,NA,NA,1,2,3,4,NA,NA,NA,NA,0,0,0,0,0,"SOAP318",1990,318,NA,"Point",2660.314,NA,0.050574922705308,0,0,0,0,"SOAP_318_2373","SOAP_309_2364",8.57158519465791,"SOAP_313_2368",3.39759276053714,"SOAP_309_2364",8.57158519465791,"SOAP_309_2364",8.57158519465791,NA,40.54573651,-111.0295224,40.54567188,-111.0295778,NA,-146.819280184169,40.54571373,-111.0295492,NA,-138.093150311612,40.54567188,-111.0295778,NA,-146.819280184169,40.54567188,-111.0295778,NA,-146.819280184169
"323","SOAP",321,"ABLA",14.6,71.9,0.6,0,"0",1,1,1,1,"0","0","0","0",NA,NA,NA,0,"0","0","0","0",0,0,0,0,"0","0",NA,NA,0,0,0,0,"0","0",NA,NA,0,0,0,0,"0","0",NA,NA,0,0,0,0,"0","0",NA,NA,0,0,0,0,"0","0",NA,NA,0,0,0,0,"0","0",NA,NA,NA,NA,NA,NA,1,2,3,4,NA,NA,NA,NA,0,0,0,0,0,"SOAP321",1992,321,NA,"Point",2656.479,NA,0.0557720091455469,0,0,0,0,"SOAP_321_2374","SOAP_309_2364",4.17853871308726,"SOAP_313_2368",3.1621032535228,"SOAP_309_2364",4.17853871308726,"SOAP_304_2360",3.88078895774424,NA,40.54568799,-111.0295332,40.54567188,-111.0295778,NA,-115.337761550833,40.54571373,-111.0295492,NA,-25.3695938427636,40.54567188,-111.0295778,NA,-115.337761550833,40.54566043,-111.0295614,NA,-142.025816090539
"324","SOAP",322,"ABLA",NA,8.3,0,0,"0",1,1,1,1,"0","0","0","0",NA,NA,NA,0,"0","0","0","0",0,0,0,0,"0","0",NA,NA,0,0,0,0,"0","0",NA,NA,0,0,0,0,"0","0",NA,NA,0,0,0,0,"0","0",NA,NA,0,0,0,0,"0","0",NA,NA,0,0,0,0,"0","0",NA,NA,NA,NA,NA,NA,1,2,3,4,NA,NA,NA,NA,0,0,0,0,0,"SOAP322",1993,322,NA,"Point",2653.601,NA,0.0571418787769131,0,0,0,0,"SOAP_322_2375","SOAP_309_2364",3.03922425076329,"SOAP_309_2364",3.03922425076329,"SOAP_309_2364",3.03922425076329,"SOAP_304_2360",2.27668573886232,NA,40.54567471,-111.0295421,40.54567188,-111.0295778,NA,-95.9326347831054,40.54567188,-111.0295778,NA,-95.9326347831054,40.54567188,-111.0295778,NA,-95.9326347831054,40.54566043,-111.0295614,NA,-134.125078354038
"325","SOAP",323,"ABLA",NA,3.4,0,0,"0",1,1,1,1,"0","0","0","0",NA,NA,NA,0,"0","0","0","0",0,0,0,0,"0","0",NA,NA,0,0,0,0,"0","0",NA,NA,0,0,0,0,"0","0",NA,NA,0,0,0,0,"0","0",NA,NA,0,0,0,0,"0","0",NA,NA,0,0,0,0,"0","0",NA,NA,NA,NA,NA,NA,1,2,3,4,NA,NA,NA,NA,0,0,0,0,0,"SOAP323",1994,323,NA,"Point",2655.25,NA,0.0578014040718779,0,0,0,0,"SOAP_323_2376","SOAP_309_2364",3.99474343838372,"SOAP_309_2364",3.99474343838372,"SOAP_309_2364",3.99474343838372,"SOAP_304_2360",2.80114895082096,NA,40.54566983,-111.0295307,40.54567188,-111.0295778,NA,-86.7344931189595,40.54567188,-111.0295778,NA,-86.7344931189595,40.54567188,-111.0295778,NA,-86.7344931189595,40.54566043,-111.0295614,NA,-111.869405510878
"326","SOAP",324,"ABLA",9.8,60.1,0,0,"0",1,1,1,1,"0","0","0","0",NA,NA,NA,0,"0","0","0","0",0,0,0,0,"0","0",NA,NA,0,0,0,0,"0","0",NA,NA,0,0,0,0,"0","0",NA,NA,0,0,0,0,"0","0",NA,NA,0,0,0,0,"0","0",NA,NA,0,0,0,0,"0","0",NA,NA,NA,NA,NA,NA,1,2,3,4,NA,NA,NA,NA,0,0,0,0,0,"SOAP324",1995,324,NA,"Point",2655.811,NA,0.0572101295307991,0,0,0,0,"SOAP_324_2377","SOAP_309_2364",5.33895190418065,"SOAP_313_2368",5.00051219634647,"SOAP_309_2364",5.33895190418065,"SOAP_304_2360",4.32816595652246,NA,40.54567695,-111.0295151,40.54567188,-111.0295778,NA,-96.0507120608803,40.54571373,-111.0295492,NA,-35.2702197263099,40.54567188,-111.0295778,NA,-96.0507120608803,40.54566043,-111.0295614,NA,-115.066754894686
"327","SOAP",325,"ABLA",4.9,32.6,0,0,"0",1,1,1,1,"0","0","0","0",NA,NA,NA,0,"0","0","0","0",0,0,0,0,"0","0",NA,NA,0,0,0,0,"0","0",NA,NA,0,0,0,0,"0","0",NA,NA,0,0,0,0,"0","0",NA,NA,0,0,0,0,"0","0",NA,NA,0,0,0,0,"0","0",NA,NA,NA,NA,NA,NA,1,2,3,4,NA,NA,NA,NA,0,0,0,0,0,"SOAP325",1996,325,NA,"Point",2655.877,NA,0.0579269012468424,0,0,0,0,"SOAP_325_2378","SOAP_534_2510",2.48000373996626,"SOAP_527_2503",5.07329922045437,"SOAP_348_2400",8.9972474247141,"SOAP_304_2360",10.0216459391976,NA,40.54568145,-111.0294463,40.54567599,-111.0294179,NA,104.145203082737,40.54566165,-111.0293923,NA,115.671561270012,40.54561085,-111.0294985,NA,-150.57567023575,40.54566043,-111.0295614,NA,-103.463091178445
"328","SOAP",327,"ABLA",10.8,49.2,6.4,0,"0",1,1,1,1,"0","0","0","0",NA,NA,NA,0,"0","0","0","0",0,0,0,0,"0","0",NA,NA,0,0,0,0,"0","0",NA,NA,0,0,0,0,"0","0",NA,NA,0,0,0,0,"0","0",NA,NA,0,0,0,0,"0","0",NA,NA,0,0,0,0,"0","0",NA,NA,NA,NA,NA,"split top/dead leader",1,2,3,4,NA,NA,NA,NA,0,0,0,0,0,"SOAP327",1999,327,NA,"Point",2661.466,NA,0.0599924806416679,0,0,0,0,"SOAP_327_2379","SOAP_534_2510",1.52257567810533,"SOAP_527_2503",3.19771619803228,"SOAP_348_2400",8.42179629307464,"SOAP_304_2360",11.1668647143911,NA,40.54566564,-111.0294297,40.54567599,-111.0294179,NA,41.0140429071075,40.54566165,-111.0293923,NA,97.9612114073079,40.54561085,-111.0294985,NA,-136.231560259975,40.54566043,-111.0295614,NA,-92.9685405473776
"329","SOAP",328,"ABLA",3.6,35.2,1.7,0,"0",1,1,1,1,"0","0","0","0",NA,NA,NA,0,"0","0","0","0",0,0,0,0,"0","0",NA,NA,0,0,0,0,"0","0",NA,NA,0,0,0,0,"0","0",NA,NA,0,0,0,0,"0","0",NA,NA,0,0,0,0,"0","0",NA,NA,0,0,0,0,"0","0",NA,NA,NA,NA,NA,NA,1,2,3,4,NA,NA,NA,NA,0,0,0,0,0,"SOAP328",2000,328,NA,"Point",2664.516,NA,0.0587450102713442,0,0,0,0,"SOAP_328_2380","SOAP_309_2364",2.14382760045982,"SOAP_309_2364",2.14382760045982,"SOAP_309_2364",2.14382760045982,"SOAP_304_2360",0.261343089868705,NA,40.54565886,-111.0295591,40.54567188,-111.0295778,NA,-47.6129710106307,40.54567188,-111.0295778,NA,-47.6129710106307,40.54567188,-111.0295778,NA,-47.6129710106307,40.54566043,-111.0295614,NA,-48.1772076909027
"330","SOAP",329,"ABLA",2.9,22.3,1.2,0,"0",1,1,1,1,"0","0","0","0",NA,NA,NA,0,"0","0","0","0",0,0,0,0,"0","0",NA,NA,0,0,0,0,"0","0",NA,NA,0,0,0,0,"0","0",NA,NA,0,0,0,0,"0","0",NA,NA,0,0,0,0,"0","0",NA,NA,0,0,0,0,"0","0",NA,NA,NA,NA,NA,NA,1,2,3,4,NA,NA,NA,NA,0,0,0,0,0,"SOAP329",2001,329,NA,"Point",2656.97,NA,0.0587958474632922,0,0,0,0,"SOAP_329_2381","SOAP_309_2364",4.30569557457453,"SOAP_309_2364",4.30569557457453,"SOAP_309_2364",4.30569557457453,"SOAP_304_2360",2.74419410066085,NA,40.54566098,-111.029529,40.54567188,-111.0295778,NA,-73.6799836768276,40.54567188,-111.0295778,NA,-73.6799836768276,40.54567188,-111.0295778,NA,-73.6799836768276,40.54566043,-111.0295614,NA,-91.2747604083997
"331","SOAP",330,"ABLA",NA,3.6,0,0,"0",1,1,1,1,"0","0","0","0",NA,NA,NA,0,"0","0","0","0",0,0,0,0,"0","0",NA,NA,0,0,0,0,"0","0",NA,NA,0,0,0,0,"0","0",NA,NA,0,0,0,0,"0","0",NA,NA,0,0,0,0,"0","0",NA,NA,0,0,0,0,"0","0",NA,NA,NA,NA,NA,NA,1,2,3,4,NA,NA,NA,NA,0,0,0,0,0,"SOAP330",2002,330,NA,"Point",2655.822,NA,0.0594774482668817,0,0,0,0,"SOAP_330_2382","SOAP_334_2386",4.6503718504852,"SOAP_348_2400",5.23308127061001,"SOAP_348_2400",5.23308127061001,"SOAP_304_2360",5.02064050628773,NA,40.54565791,-111.0295022,40.54562695,-111.0294652,NA,137.645514834334,40.54561085,-111.0294985,NA,176.567667903072,40.54561085,-111.0294985,NA,176.567667903072,40.54566043,-111.0295614,NA,-86.8061286322456
"332","SOAP",331,"ABLA",NA,1.3,0,1,"0",1,1,1,1,"0","0","0","0",NA,NA,NA,0,"0","0","0","0",0,0,0,0,"0","0",NA,NA,0,0,0,0,"0","0",NA,NA,0,0,0,0,"0","0",NA,NA,0,0,0,0,"0","0",NA,NA,0,0,0,0,"0","0",NA,NA,0,0,0,0,"0","0",NA,NA,"WOB","WOB","WOB","WOB",1,2,3,4,NA,NA,NA,NA,0,0,0,0,0,"SOAP331",2003,331,NA,"Point",2657.878,NA,0.0621412317397193,0,0,0,0,"SOAP_331_2383","SOAP_334_2386",1.41503612768142,"SOAP_348_2400",3.58327109896575,"SOAP_348_2400",3.58327109896575,"SOAP_346_2398",6.33080276052443,NA,40.54563749,-111.0294746,40.54562695,-111.0294652,NA,145.771103802164,40.54561085,-111.0294985,NA,-145.612843390753,40.54561085,-111.0294985,NA,-145.612843390753,40.54559289,-111.0295212,NA,-141.443240817987
"333","SOAP",332,"ABLA",9.8,54.5,0,0,"0",1,1,1,1,"0","0","0","0",NA,NA,NA,0,"0","0","0","0",0,0,0,0,"0","0",NA,NA,0,0,0,0,"0","0",NA,NA,0,0,0,0,"0","0",NA,NA,0,0,0,0,"0","0",NA,NA,0,0,0,0,"0","0",NA,NA,0,0,0,0,"0","0",NA,NA,NA,NA,NA,NA,1,2,3,4,NA,NA,NA,NA,0,0,0,0,0,"SOAP332",2004,332,NA,"Point",2658.925,NA,0.0627895368719233,0,0,0,0,"SOAP_332_2384","SOAP_334_2386",0.854317819582692,"SOAP_348_2400",4.09741232033666,"SOAP_348_2400",4.09741232033666,"SOAP_346_2398",6.85216986530883,NA,40.5456338,-111.0294606,40.54562695,-111.0294652,NA,-152.875027375478,40.54561085,-111.0294985,NA,-128.442253890601,40.54561085,-111.0294985,NA,-128.442253890601,40.54559289,-111.0295212,NA,-131.507288712622
"334","SOAP",333,"ABLA",13.1,66.4,0,0,"0",1,1,1,1,"0","0","0","0",NA,NA,NA,0,"0","0","0","0",0,0,0,0,"0","0",NA,NA,0,0,0,0,"0","0",NA,NA,0,0,0,0,"0","0",NA,NA,0,0,0,0,"0","0",NA,NA,0,0,0,0,"0","0",NA,NA,0,0,0,0,"0","0",NA,NA,NA,NA,NA,NA,1,2,3,4,NA,NA,NA,NA,0,0,0,0,0,"SOAP333",2005,333,NA,"Point",2657.497,NA,0.0626287416387455,0,0,0,0,"SOAP_333_2385","SOAP_334_2386",2.20648693584703,"SOAP_348_2400",2.29355262031204,"SOAP_348_2400",2.29355262031204,"SOAP_346_2398",4.91969054276024,NA,40.54563066,-111.0294908,40.54562695,-111.0294652,NA,100.756595406832,40.54561085,-111.0294985,NA,-163.484249099555,40.54561085,-111.0294985,NA,-163.484249099555,40.54559289,-111.0295212,NA,-148.450356912922
"335","SOAP",334,"ABLA",NA,2.5,0,3,"0",1,1,1,1,"BO","0","0","0",NA,NA,NA,0,"0","0","0","0",1,0,0,0,"0","0",NA,NA,0,0,0,0,"0","0",NA,NA,0,0,0,0,"0","0",NA,NA,0,0,0,0,"0","0",NA,NA,0,0,0,0,"0","0",NA,NA,0,0,0,0,"0","0",NA,NA,"2 DB","2 DB","2 DB","2 DB",1,2,3,4,NA,NA,NA,NA,1,0,0,0,0,"SOAP334",2006,334,NA,"Point",2654.964,NA,0.0634509597520323,1,0,0,0,"SOAP_334_2386","SOAP_348_2400",3.33835582651577,"SOAP_348_2400",3.33835582651577,"SOAP_348_2400",3.33835582651577,"SOAP_346_2398",6.06457042796344,NA,40.54562695,-111.0294652,40.54561085,-111.0294985,NA,-122.366073152204,40.54561085,-111.0294985,NA,-122.366073152204,40.54561085,-111.0294985,NA,-122.366073152204,40.54559289,-111.0295212,NA,-128.565210516089
"336","SOAP",335,"ABLA",3.2,14,0,0,"0",1,1,1,1,"0","0","0","0",NA,NA,NA,0,"0","0","0","0",0,0,0,0,"0","0",NA,NA,0,0,0,0,"0","0",NA,NA,0,0,0,0,"0","0",NA,NA,0,0,0,0,"0","0",NA,NA,0,0,0,0,"0","0",NA,NA,0,0,0,0,"0","0",NA,NA,NA,NA,NA,NA,1,2,3,4,NA,NA,NA,NA,0,0,0,0,0,"SOAP335",2007,335,NA,"Point",2658.205,NA,0.0627228499246096,0,0,0,0,"SOAP_335_2387","SOAP_334_2386",1.78619080333001,"SOAP_348_2400",5.12112766864324,"SOAP_348_2400",5.12112766864324,"SOAP_346_2398",7.85007535673648,NA,40.54563658,-111.0294483,40.54562695,-111.0294652,NA,-126.758606089214,40.54561085,-111.0294985,NA,-123.896813053186,40.54561085,-111.0294985,NA,-123.896813053186,40.54559289,-111.0295212,NA,-128.154195373923
"337","SOAP",336,"ABLA",3.7,33.7,6,0,"0",1,1,1,1,"0","0","0","0",NA,NA,NA,0,"0","0","0","0",0,0,0,0,"0","0",NA,NA,0,0,0,0,"0","0",NA,NA,0,0,0,0,"0","0",NA,NA,0,0,0,0,"0","0",NA,NA,0,0,0,0,"0","0",NA,NA,0,0,0,0,"0","0",NA,NA,NA,NA,NA,NA,1,2,3,4,NA,NA,NA,NA,0,0,0,0,0,"SOAP336",2008,336,NA,"Point",2658.626,NA,0.0641992603127006,0,0,0,0,"SOAP_336_2388","SOAP_334_2386",2.72961965817631,"SOAP_527_2503",5.26511711877892,"SOAP_348_2400",5.78892448191675,"SOAP_346_2398",8.31351233472244,NA,40.54562579,-111.029433,40.54562695,-111.0294652,NA,-87.2962459594921,40.54566165,-111.0293923,NA,40.8862061741046,40.54561085,-111.0294985,NA,-106.646692042097,40.54559289,-111.0295212,NA,-116.057647910161
"338","SOAP",337,"ABLA",1.3,9.4,2.8,0,"0",1,1,1,1,"0","0","0","0",NA,NA,NA,0,"0","0","0","0",0,0,0,0,"0","0",NA,NA,0,0,0,0,"0","0",NA,NA,0,0,0,0,"0","0",NA,NA,0,0,0,0,"0","0",NA,NA,0,0,0,0,"0","0",NA,NA,0,0,0,0,"0","0",NA,NA,"Rot in area","Rot in area","Rot in area","Rot in area",1,2,3,4,NA,NA,NA,NA,0,0,0,0,0,"SOAP337",2009,337,NA,"Point",2658.106,NA,0.0662701707456759,0,0,0,0,"SOAP_337_2389","SOAP_334_2386",2.82142748952649,"SOAP_348_2400",3.71563566799758,"SOAP_348_2400",3.71563566799758,"SOAP_346_2398",5.62343529441917,NA,40.54560252,-111.029456,40.54562695,-111.0294652,NA,-16.0281485071913,40.54561085,-111.0294985,NA,-75.5905128170387,40.54561085,-111.0294985,NA,-75.5905128170387,40.54559289,-111.0295212,NA,-100.957788820144
"339","SOAP",338,"ABLA",12.9,69.9,0,4,"0",1,1,1,1,"0","0","0","0",NA,NA,NA,0,"0","0","0","0",0,0,0,0,"0","0",NA,NA,0,0,0,0,"0","0",NA,NA,0,0,0,0,"0","0",NA,NA,0,0,0,0,"0","0",NA,NA,0,0,0,0,"0","0",NA,NA,0,0,0,0,"0","0",NA,NA,"4 DB","4 DB","4 DB","4 DB",1,2,3,4,NA,NA,NA,NA,0,0,0,0,0,"SOAP338",2010,338,NA,"Point",2659.996,NA,0.0664980349055308,0,0,0,0,"SOAP_338_2390","SOAP_334_2386",3.06847434453552,"SOAP_348_2400",4.00734709263169,"SOAP_348_2400",4.00734709263169,"SOAP_357_2409",5.79846626255678,NA,40.54560092,-111.029453,40.54562695,-111.0294652,NA,-19.6739071431237,40.54561085,-111.0294985,NA,-74.0347475738372,40.54561085,-111.0294985,NA,-74.0347475738372,40.54556702,-111.0295051,NA,-130.462594872606
"340","SOAP",339,"ABLA",NA,1.5,0,0,"0",1,1,1,1,"0","0","0","0",NA,NA,NA,0,"0","0","0","0",0,0,0,0,"0","0",NA,NA,0,0,0,0,"0","0",NA,NA,0,0,0,0,"0","0",NA,NA,0,0,0,0,"0","0",NA,NA,0,0,0,0,"0","0",NA,NA,0,0,0,0,"0","0",NA,NA,NA,NA,NA,NA,1,2,3,4,NA,NA,NA,NA,0,0,0,0,0,"SOAP339",2011,339,NA,"Point",2657.414,NA,0.0687134141776339,0,0,0,0,"SOAP_339_2391","SOAP_334_2386",5.35323284008196,"SOAP_511_2488",4.87517719112745,"SOAP_348_2400",5.85556018827292,"SOAP_357_2409",5.78135238281915,NA,40.54558272,-111.02944,40.54562695,-111.0294652,NA,-23.4912399690666,40.54557252,-111.029384,NA,103.428922321846,40.54561085,-111.0294985,NA,-57.7749855277579,40.54556702,-111.0295051,NA,-107.543889818128
"341","SOAP",340,"ABLA",2.3,20.2,4.8,0,"0",1,1,1,1,"0","0","0","0",NA,NA,NA,0,"0","0","0","0",0,0,0,0,"0","0",NA,NA,0,0,0,0,"0","0",NA,NA,0,0,0,0,"0","0",NA,NA,0,0,0,0,"0","0",NA,NA,0,0,0,0,"0","0",NA,NA,0,0,0,0,"0","0",NA,NA,NA,NA,NA,NA,1,2,3,4,NA,NA,NA,NA,0,0,0,0,0,"SOAP340",2012,340,NA,"Point",2657.425,NA,0.0684862692169212,0,0,0,0,"SOAP_340_2392","SOAP_357_2409",4.77368407786072,"SOAP_357_2409",4.77368407786072,"SOAP_348_2400",4.98763974345546,"SOAP_357_2409",4.77368407786072,NA,40.54558269,-111.0294526,40.54556702,-111.0295051,NA,-111.368723454355,40.54556702,-111.0295051,NA,-111.368723454355,40.54561085,-111.0294985,NA,-51.1925208303478,40.54556702,-111.0295051,NA,-111.368723454355
"342","SOAP",341,"ABLA",5.1,41.2,0,0,"0",1,1,1,1,"0","0","0","0",NA,NA,NA,0,"0","0","0","0",0,0,0,0,"0","0",NA,NA,0,0,0,0,"0","0",NA,NA,0,0,0,0,"0","0",NA,NA,0,0,0,0,"0","0",NA,NA,0,0,0,0,"0","0",NA,NA,0,0,0,0,"0","0",NA,NA,NA,NA,NA,NA,1,2,3,4,NA,NA,NA,NA,0,0,0,0,0,"SOAP341",2013,341,NA,"Point",2655.93,NA,0.0647620949570736,0,0,0,0,"SOAP_341_2393","SOAP_334_2386",1.78078497873949,"SOAP_348_2400",1.91506181444722,"SOAP_348_2400",1.91506181444722,"SOAP_346_2398",4.43638559715104,NA,40.54561323,-111.0294761,40.54562695,-111.0294652,NA,31.2179950497481,40.54561085,-111.0294985,NA,-97.9291998823304,40.54561085,-111.0294985,NA,-97.9291998823304,40.54559289,-111.0295212,NA,-120.591744631044
"343","SOAP",342,"ABLA",3.5,17.8,3.4,0,"0",1,1,1,1,"0","0","0","0",NA,NA,NA,0,"0","0","0","0",0,0,0,0,"0","0",NA,NA,0,0,0,0,"0","0",NA,NA,0,0,0,0,"0","0",NA,NA,0,0,0,0,"0","0",NA,NA,0,0,0,0,"0","0",NA,NA,0,0,0,0,"0","0",NA,NA,NA,NA,NA,NA,1,2,3,4,NA,NA,NA,NA,0,0,0,0,0,"SOAP342",2014,342,NA,"Point",2659.021,NA,0.0676189618843661,0,0,0,0,"SOAP_342_2394","SOAP_352_2404",3.00019364997063,"SOAP_352_2404",3.00019364997063,"SOAP_348_2400",3.17970135572264,"SOAP_357_2409",3.1698018017784,NA,40.5455868,-111.0294781,40.54557736,-111.0295113,NA,-110.442033297091,40.54557736,-111.0295113,NA,-110.442033297091,40.54561085,-111.0294985,NA,-32.9057308827392,40.54556702,-111.0295051,NA,-133.841018461741
"344","SOAP",343,"ABLA",2.2,17.3,1.8,0,"0",1,1,1,1,"0","0","0","0",NA,NA,NA,0,"0","0","0","0",0,0,0,0,"0","0",NA,NA,0,0,0,0,"0","0",NA,NA,0,0,0,0,"0","0",NA,NA,0,0,0,0,"0","0",NA,NA,0,0,0,0,"0","0",NA,NA,0,0,0,0,"0","0",NA,NA,NA,NA,NA,NA,1,2,3,4,NA,NA,NA,NA,0,0,0,0,0,"SOAP343",2015,343,NA,"Point",2657.467,NA,0.0657466263374531,0,0,0,0,"SOAP_343_2395","SOAP_348_2400",1.30916959743601,"SOAP_348_2400",1.30916959743601,"SOAP_348_2400",1.30916959743601,"SOAP_346_2398",3.05985192458587,NA,40.54560264,-111.0294874,40.54561085,-111.0294985,NA,-45.8848754054976,40.54561085,-111.0294985,NA,-45.8848754054976,40.54561085,-111.0294985,NA,-45.8848754054976,40.54559289,-111.0295212,NA,-110.71352921102
"345","SOAP",344,"ABLA",NA,2.8,0,0,"0",1,1,1,1,"0","0","0","0",NA,NA,NA,0,"0","0","0","0",0,0,0,0,"0","0",NA,NA,0,0,0,0,"0","0",NA,NA,0,0,0,0,"0","0",NA,NA,0,0,0,0,"0","0",NA,NA,0,0,0,0,"0","0",NA,NA,0,0,0,0,"0","0",NA,NA,NA,NA,NA,NA,1,2,3,4,NA,NA,NA,NA,0,0,0,0,0,"SOAP344",2016,344,NA,"Point",2658.181,NA,0.0668478365956911,0,0,0,0,"SOAP_344_2396","SOAP_348_2400",2.16577156604773,"SOAP_348_2400",2.16577156604773,"SOAP_348_2400",2.16577156604773,"SOAP_346_2398",2.49136063431215,NA,40.54559202,-111.0294918,40.54561085,-111.0294985,NA,-15.1860285675255,40.54561085,-111.0294985,NA,-15.1860285675255,40.54561085,-111.0294985,NA,-15.1860285675255,40.54559289,-111.0295212,NA,-87.778523159292
"346","SOAP",345,"ABLA",4,35.3,9.7,0,"0",1,1,1,1,"0","0","0","0",NA,NA,NA,0,"0","0","0","0",0,0,0,0,"0","0",NA,NA,0,0,0,0,"0","0",NA,NA,0,0,0,0,"0","0",NA,NA,0,0,0,0,"0","0",NA,NA,0,0,0,0,"0","0",NA,NA,0,0,0,0,"0","0",NA,NA,NA,NA,NA,NA,1,2,3,4,NA,NA,NA,NA,0,0,0,0,0,"SOAP345",2017,345,NA,"Point",2652.403,NA,0.0674765237442121,0,0,0,0,"SOAP_345_2397","SOAP_352_2404",1.59684148446737,"SOAP_352_2404",1.59684148446737,"SOAP_346_2398",2.27550384515329,"SOAP_357_2409",2.21932756754591,NA,40.54558577,-111.029496,40.54557736,-111.0295113,NA,-125.77484560845,40.54557736,-111.0295113,NA,-125.77484560845,40.54559289,-111.0295212,NA,-69.6765861227054,40.54556702,-111.0295051,NA,-159.683694292014
"347","SOAP",346,"ABLA",2.8,26.2,7.3,1,"0",1,1,1,1,"0","BO","BO","BO",NA,NA,NA,0,"0","0","0","0",0,0,0,0,"0","0",NA,NA,0,0,0,0,"0","0",NA,NA,0,1,0,1,"0","0",NA,NA,0,0,0,0,"0","0",NA,NA,0,0,0,1,"0","0",NA,NA,0,0,1,2,"0","0",NA,NA,NA,NA,NA,NA,1,2,3,4,NA,NA,NA,NA,0,1,1,1,1,"SOAP346",2019,346,NA,"Point",2657.289,NA,0.0663882388908719,0,1,1,1,"SOAP_346_2398","SOAP_352_2404",1.91686485119282,"SOAP_352_2404",1.91686485119282,"SOAP_348_2400",2.76929879289628,"SOAP_357_2409",3.17877108987638,NA,40.54559289,-111.0295212,40.54557736,-111.0295113,NA,154.066525865736,40.54557736,-111.0295113,NA,154.066525865736,40.54561085,-111.0294985,NA,43.9551140075542,40.54556702,-111.0295051,NA,154.603888477008
"348","SOAP",347,"ABLA",4.1,33.8,6.3,2,"0",1,1,1,1,"0","0","0","0",NA,NA,NA,0,"0","0","0","0",0,0,0,0,"0","0",NA,NA,0,0,0,0,"0","0",NA,NA,0,0,0,0,"0","0",NA,NA,0,0,0,0,"0","0",NA,NA,0,0,0,0,"0","0",NA,NA,0,0,0,0,"0","0",NA,NA,"1 DB","1 DB","1 DB","1 DB",1,2,3,4,NA,NA,NA,NA,0,0,0,0,0,"SOAP347",2020,347,NA,"Point",2657.756,NA,0.0666448134638269,0,0,0,0,"SOAP_347_2399","SOAP_348_2400",1.95844279818802,"SOAP_348_2400",1.95844279818802,"SOAP_348_2400",1.95844279818802,"SOAP_346_2398",2.07498004708802,NA,40.54559326,-111.0294967,40.54561085,-111.0294985,NA,-4.46361032334746,40.54561085,-111.0294985,NA,-4.46361032334746,40.54561085,-111.0294985,NA,-4.46361032334746,40.54559289,-111.0295212,NA,-91.1341266735555
"349","SOAP",348,"ABLA",3.8,45.9,1.5,1,"0",1,1,1,1,"BO","BO","BO","0",NA,NA,NA,0,"0","0","0","0",0,0,0,0,"0","0",NA,NA,0,0,0,0,"0","0",NA,NA,0,0,0,0,"0","0",NA,NA,0,0,0,0,"0","0",NA,NA,1,1,1,0,"0","0",NA,NA,0,0,0,0,"0","0",NA,NA,"1 DB","1 DB","1 DB","1 DB",1,2,3,4,NA,NA,NA,NA,1,1,1,0,0,"SOAP348",2021,348,NA,"Point",2655.992,NA,0.064689770616399,1,1,1,0,"SOAP_348_2400","SOAP_334_2386",3.33835582651577,"SOAP_346_2398",2.76929879289628,"SOAP_346_2398",2.76929879289628,"SOAP_346_2398",2.76929879289628,NA,40.54561085,-111.0294985,40.54562695,-111.0294652,NA,57.6339052010216,40.54559289,-111.0295212,NA,-136.044871236242,40.54559289,-111.0295212,NA,-136.044871236242,40.54559289,-111.0295212,NA,-136.044871236242
"350","SOAP",349,"ABLA",2.9,22.7,1.1,0,"0",1,1,1,1,"0","0","0","BO",NA,NA,NA,0,"0","0","0","0",0,0,0,0,"0","0",NA,NA,0,0,0,1,"0","0",NA,NA,0,0,0,0,"0","0",NA,NA,0,0,0,0,"0","0",NA,NA,0,0,0,0,"0","0",NA,NA,0,0,0,0,"0","0",NA,NA,NA,"Needs Tag","Needs Tag","Needs Tag",1,2,3,4,NA,NA,NA,NA,0,0,0,1,1,"SOAP349",2022,349,NA,"Point",2657.575,NA,0.0589517844319534,0,0,0,1,"SOAP_349_2401","SOAP_309_2364",1.81972979589407,"SOAP_309_2364",1.81972979589407,"SOAP_309_2364",1.81972979589407,"SOAP_304_2360",0.966620078504439,NA,40.54565623,-111.0295714,40.54567188,-111.0295778,NA,-17.3259508143981,40.54567188,-111.0295778,NA,-17.3259508143981,40.54567188,-111.0295778,NA,-17.3259508143981,40.54566043,-111.0295614,NA,61.1641219703095
"351","SOAP",350,"ABLA",NA,3.7,0,0,"0",1,1,1,1,"0","0","0","BO",NA,NA,NA,0,"0","0","0","0",0,0,0,1,"0","0",NA,NA,0,0,0,0,"0","0",NA,NA,0,0,0,0,"0","0",NA,NA,0,0,0,0,"0","0",NA,NA,0,0,0,0,"0","0",NA,NA,0,0,0,0,"0","0",NA,NA,NA,"Needs Tag","Needs Tag","Needs Tag",1,2,3,4,NA,NA,NA,NA,0,0,0,1,1,"SOAP350",2023,350,NA,"Point",2656.312,NA,0.0615467816178693,0,0,0,1,"SOAP_350_2402","SOAP_235_2346",1.04975934107579,"SOAP_234_2345",1.04975934107579,"SOAP_234_2345",1.04975934107579,"SOAP_308_2363",0.867092189467208,NA,40.54563385,-111.0295549,40.54562996,-111.0295662,NA,-114.288126513451,40.54562996,-111.0295662,NA,-114.288126513451,40.54562996,-111.0295662,NA,-114.288126513451,40.54563797,-111.0295636,NA,-58.1686014961496
"352","SOAP",351,"ABLA",2.6,18.6,1.7,0,"0",1,1,1,1,"0","0","0","0",NA,NA,NA,0,"0","0","0","0",0,0,0,0,"0","0",NA,NA,0,0,0,0,"0","0",NA,NA,0,0,0,0,"0","0",NA,NA,0,0,0,0,"0","0",NA,NA,0,0,0,0,"0","0",NA,NA,0,0,0,0,"0","0",NA,NA,NA,"Needs Tag","Needs Tag","Needs Tag",1,2,3,4,NA,NA,NA,NA,0,0,0,0,0,"SOAP351",2024,351,NA,"Point",2656.325,NA,0.0609573932013192,0,0,0,0,"SOAP_351_2403","SOAP_235_2346",1.91160943647447,"SOAP_234_2345",1.91160943647447,"SOAP_234_2345",1.91160943647447,"SOAP_350_2402",0.898133292280145,NA,40.54563972,-111.0295476,40.54562996,-111.0295662,NA,-124.522530502107,40.54562996,-111.0295662,NA,-124.522530502107,40.54562996,-111.0295662,NA,-124.522530502107,40.54563385,-111.0295549,NA,-136.508468245479
"353","SOAP",352,"ABLA",NA,7.1,0,1,"0",1,1,1,1,"BO","BO","0","0",NA,NA,NA,0,"0","0","0","0",0,0,0,0,"0","0",NA,NA,0,0,0,0,"0","0",NA,NA,0,0,0,0,"0","0",NA,NA,0,0,0,0,"0","0",NA,NA,1,1,0,0,"0","0",NA,NA,0,0,0,0,"0","0",NA,NA,"4 Dead, 1 DB","4 Dead, 1 DB","4 Dead, 1 DB","4 Dead, 1 DB",1,2,3,4,NA,NA,NA,NA,1,1,0,0,0,"SOAP352",2025,352,NA,"Point",2654.33,NA,0.0682108538568425,1,1,0,0,"SOAP_352_2404","SOAP_357_2409",1.26211858443243,"SOAP_357_2409",1.26211858443243,"SOAP_346_2398",1.91686485119282,"SOAP_357_2409",1.26211858443243,NA,40.54557736,-111.0295113,40.54556702,-111.0295051,NA,155.420039480805,40.54556702,-111.0295051,NA,155.420039480805,40.54559289,-111.0295212,NA,-25.9334676987408,40.54556702,-111.0295051,NA,155.420039480805
"354","SOAP",353,"ABLA",2.2,21.4,6.2,0,"0",1,1,1,1,"0","0","0","0",NA,NA,NA,0,"0","0","0","0",0,0,0,0,"0","0",NA,NA,0,0,0,0,"0","0",NA,NA,0,0,0,0,"0","0",NA,NA,0,0,0,0,"0","0",NA,NA,0,0,0,0,"0","0",NA,NA,0,0,0,0,"0","0",NA,NA,NA,NA,NA,NA,1,2,3,4,NA,NA,NA,NA,0,0,0,0,0,"SOAP353",2026,353,NA,"Point",2654.875,NA,0.068116094241214,0,0,0,0,"SOAP_353_2405","SOAP_352_2404",0.221920693195989,"SOAP_352_2404",0.221920693195989,"SOAP_346_2398",1.77174552497232,"SOAP_357_2409",1.42033322590555,NA,40.54557796,-111.0295138,40.54557736,-111.0295113,NA,107.464159807034,40.54557736,-111.0295113,NA,107.464159807034,40.54559289,-111.0295212,NA,-20.7116996889264,40.54556702,-111.0295051,NA,148.756856223372
"355","SOAP",354,"ABLA",3.9,18.9,9.2,0,"0",1,1,1,1,"0","0","0","0",NA,NA,NA,0,"0","0","0","0",0,0,0,0,"0","0",NA,NA,0,0,0,0,"0","0",NA,NA,0,0,0,0,"0","0",NA,NA,0,0,0,0,"0","0",NA,NA,0,0,0,0,"0","0",NA,NA,0,0,0,0,"0","0",NA,NA,"Bent","Bent","Bent","Bent",1,2,3,4,NA,NA,NA,NA,0,0,0,0,0,"SOAP354",2027,354,NA,"Point",2654.273,NA,0.0684408954915618,0,0,0,0,"SOAP_354_2406","SOAP_352_2404",0.430638805213293,"SOAP_352_2404",0.430638805213293,"SOAP_346_2398",2.06374809269342,"SOAP_357_2409",1.22093555147572,NA,40.54557487,-111.0295152,40.54557736,-111.0295113,NA,50.0724697657581,40.54557736,-111.0295113,NA,50.0724697657581,40.54559289,-111.0295212,NA,-14.2517312742388,40.54556702,-111.0295051,NA,135.535014688173
"356","SOAP",355,"ABLA",4.3,29.1,2.9,0,"0",1,1,1,1,"BO","BO","BO","BO",NA,NA,NA,0,"0","0","0","0",0,0,0,0,"0","0",NA,NA,1,1,0,0,"0","0",NA,NA,0,0,0,0,"0","0",NA,NA,0,0,0,0,"0","0",NA,NA,0,1,1,1,"0","0",NA,NA,0,0,0,0,"0","0",NA,NA,NA,NA,NA,NA,1,2,3,4,NA,NA,NA,NA,1,1,1,1,0,"SOAP355",2028,355,NA,"Point",2654.958,NA,0.0704118818213177,1,1,1,1,"SOAP_355_2407","SOAP_357_2409",2.72352740616202,"SOAP_357_2409",2.72352740616202,"SOAP_223_2340",3.39224445000695,"SOAP_357_2409",2.72352740616202,NA,40.54555536,-111.0295334,40.54556702,-111.0295051,NA,61.6264648329762,40.54556702,-111.0295051,NA,61.6264648329762,40.54557893,-111.0295589,NA,-39.5332283838764,40.54556702,-111.0295051,NA,61.6264648329762
"357","SOAP",356,"ABLA",2.8,24.6,5.8,0,"0",1,1,1,1,"0","0","0","0",NA,NA,NA,0,"0","0","0","0",0,0,0,0,"0","0",NA,NA,0,0,0,0,"0","0",NA,NA,0,0,0,0,"0","0",NA,NA,0,0,0,0,"0","0",NA,NA,0,0,0,0,"0","0",NA,NA,0,0,0,0,"0","0",NA,NA,NA,NA,NA,NA,1,2,3,4,NA,NA,NA,NA,0,0,0,0,0,"SOAP356",2029,356,NA,"Point",2655.846,NA,0.0712427789528484,0,0,0,0,"SOAP_356_2408","SOAP_355_2407",0.971111780295965,"SOAP_355_2407",0.971111780295965,"SOAP_355_2407",0.971111780295965,"SOAP_355_2407",0.971111780295965,NA,40.54554843,-111.0295264,40.54555536,-111.0295334,NA,-37.6161222572032,40.54555536,-111.0295334,NA,-37.6161222572032,40.54555536,-111.0295334,NA,-37.6161222572032,40.54555536,-111.0295334,NA,-37.6161222572032
"358","SOAP",357,"ABLA",2.1,12,1.6,0,"0",1,1,1,1,"BO","BO","0","BO",NA,NA,NA,0,"0","0","0","0",0,0,0,0,"0","0",NA,NA,0,0,0,0,"0","0",NA,NA,0,0,0,0,"0","0",NA,NA,0,0,0,0,"0","0",NA,NA,1,1,0,1,"0","0",NA,NA,0,0,0,0,"0","0",NA,NA,"Bent","Bent","Bent","Bent",1,2,3,4,NA,NA,NA,NA,1,1,0,1,0,"SOAP357",2030,357,NA,"Point",2655.773,NA,0.0694225257255196,1,1,0,1,"SOAP_357_2409","SOAP_352_2404",1.26211858443243,"SOAP_352_2404",1.26211858443243,"SOAP_355_2407",2.72352740616202,"SOAP_355_2407",2.72352740616202,NA,40.54556702,-111.0295051,40.54557736,-111.0295113,NA,-24.5799564888686,40.54557736,-111.0295113,NA,-24.5799564888686,40.54555536,-111.0295334,NA,-118.373516770538,40.54555536,-111.0295334,NA,-118.373516770538
"359","SOAP",358,"ABLA",1.2,12.6,2.2,0,"0",1,1,1,1,"0","0","0","0",NA,NA,NA,0,"0","0","0","0",0,0,0,0,"0","0",NA,NA,0,0,0,0,"0","0",NA,NA,0,0,0,0,"0","0",NA,NA,0,0,0,0,"0","0",NA,NA,0,0,0,0,"0","0",NA,NA,0,0,0,0,"0","0",NA,NA,NA,NA,NA,NA,1,2,3,4,NA,NA,NA,NA,0,0,0,0,0,"SOAP358",2031,358,NA,"Point",2660.43,NA,0.0707017742877774,0,0,0,0,"SOAP_358_2410","SOAP_355_2407",0.854146265057354,"SOAP_355_2407",0.854146265057354,"SOAP_355_2407",0.854146265057354,"SOAP_355_2407",0.854146265057354,NA,40.54555204,-111.0295425,40.54555536,-111.0295334,NA,64.4403065341488,40.54555536,-111.0295334,NA,64.4403065341488,40.54555536,-111.0295334,NA,64.4403065341488,40.54555536,-111.0295334,NA,64.4403065341488
"360","SOAP",360,"ABLA",5.3,33.5,7.3,3,"0",1,1,1,1,"0","0","0","0",NA,NA,NA,0,"0","0","0","0",0,0,0,0,"0","0",NA,NA,0,0,0,0,"0","0",NA,NA,0,0,0,0,"0","0",NA,NA,0,0,0,0,"0","0",NA,NA,0,0,0,0,"0","0",NA,NA,0,0,0,0,"0","0",NA,NA,"3 DB","3 DB","3 DB","3 DB",1,2,3,4,NA,NA,NA,NA,0,0,0,0,0,"SOAP360",2033,360,NA,"Point",2656.265,NA,0.0712024443356273,0,0,0,0,"SOAP_360_2411","SOAP_357_2409",2.60633289162222,"SOAP_357_2409",2.60633289162222,"SOAP_355_2407",4.55859804808736,"SOAP_357_2409",2.60633289162222,NA,40.54555387,-111.0294796,40.54556702,-111.0295051,NA,-55.9411925464592,40.54556702,-111.0295051,NA,-55.9411925464592,40.54555536,-111.0295334,NA,-87.9207706821173,40.54556702,-111.0295051,NA,-55.9411925464592
"361","SOAP",361,"ABLA",2.3,13.7,0,4,"0",1,1,1,1,"0","0","0","0",NA,NA,NA,0,"0","0","0","0",0,0,0,0,"0","0",NA,NA,0,0,0,0,"0","0",NA,NA,0,0,0,0,"0","0",NA,NA,0,0,0,0,"0","0",NA,NA,0,0,0,0,"0","0",NA,NA,0,0,0,0,"0","0",NA,NA,"1 DB, WOB","1 DB, WOB","1 DB, WOB","1 DB, WOB",1,2,3,4,NA,NA,NA,NA,0,0,0,0,0,"SOAP361",2034,361,NA,"Point",2658.282,NA,0.0741686457691732,0,0,0,0,"SOAP_361_2412","SOAP_357_2409",4.86232701528874,"SOAP_367_2419",4.80165480826856,"SOAP_506_2483",5.0628623483063,"SOAP_357_2409",4.86232701528874,NA,40.54552628,-111.029484,40.54556702,-111.0295051,NA,-21.5585922084203,40.54550801,-111.0294326,NA,114.983082152758,40.54552377,-111.0294243,NA,93.1545892642985,40.54556702,-111.0295051,NA,-21.5585922084203
"362","SOAP",362,"ABLA",NA,2.7,0,0,"0",1,1,1,1,"0","0","0","0",NA,NA,NA,0,"0","0","0","0",0,0,0,0,"0","0",NA,NA,0,0,0,0,"0","0",NA,NA,0,0,0,0,"0","0",NA,NA,0,0,0,0,"0","0",NA,NA,0,0,0,0,"0","0",NA,NA,0,0,0,0,"0","0",NA,NA,NA,NA,NA,NA,1,2,3,4,NA,NA,NA,NA,0,0,0,0,0,"SOAP362",2035,362,NA,"Point",2658.499,NA,0.073844255406129,0,0,0,0,"SOAP_362_2413","SOAP_357_2409",4.64540643501276,"SOAP_357_2409",4.64540643501276,"SOAP_506_2483",4.78720225368777,"SOAP_357_2409",4.64540643501276,NA,40.54552969,-111.0294803,40.54556702,-111.0295051,NA,-26.8755810013717,40.54556702,-111.0295051,NA,-26.8755810013717,40.54552377,-111.0294243,NA,97.8897045279196,40.54556702,-111.0295051,NA,-26.8755810013717
"363","SOAP",363,"ABLA",1.4,4.2,0,0,"0",1,1,1,1,"0","0","0","0",NA,NA,NA,0,"0","0","0","0",0,0,0,0,"0","0",NA,NA,0,0,0,0,"0","0",NA,NA,0,0,0,0,"0","0",NA,NA,0,0,0,0,"0","0",NA,NA,0,0,0,0,"0","0",NA,NA,0,0,0,0,"0","0",NA,NA,"Bent","Bent","Bent","Bent",1,2,3,4,NA,NA,NA,NA,0,0,0,0,0,"SOAP363",2036,363,NA,"Point",2656.521,NA,0.0723192155856866,0,0,0,0,"SOAP_363_2414","SOAP_357_2409",6.46017655380985,"SOAP_511_2488",4.70663670957493,"SOAP_506_2483",3.07551330762941,"SOAP_504_2481",3.62859708348229,NA,40.54555088,-111.0294318,40.54556702,-111.0295051,NA,-73.8995138720046,40.54557252,-111.029384,NA,59.3125038779241,40.54552377,-111.0294243,NA,168.083045889476,40.54553577,-111.0293938,NA,117.53063314069
"364","SOAP",45,"ABLA",1.4,4.2,0,0,"0",1,1,1,1,"0","0","0","0",NA,NA,NA,0,"0","0","0","0",0,0,0,0,"0","0",NA,NA,0,0,0,0,"0","0",NA,NA,0,0,0,0,"0","0",NA,NA,0,0,0,0,"0","0",NA,NA,0,0,0,0,"0","0",NA,NA,0,0,0,0,"0","0",NA,NA,"Bent","Bent","Bent","Bent",1,2,3,4,NA,NA,NA,NA,0,0,0,0,0,"SOAP45",1770,45,NA,"Point",2647.196,NA,0.0748469578906122,0,0,0,0,"SOAP_45_2415","SOAP_96_2243",5.65332365707813,"SOAP_88_2235",5.4004879488756,"SOAP_88_2235",5.4004879488756,"SOAP_43_2195",1.33848639365668,NA,40.54551721,-111.0297332,40.54547544,-111.0297714,NA,-145.098503841571,40.54548992,-111.029786,NA,-124.119019277623,40.54548992,-111.029786,NA,-124.119019277623,40.54551757,-111.029749,NA,-88.2891858655066
"365","SOAP",364,"ABLA",1.5,1.3,NA,0,"0",1,1,1,1,"0","0","0","0",NA,NA,NA,0,"0","0","0","0",0,0,0,0,"0","0",NA,NA,0,0,0,0,"0","0",NA,NA,0,0,0,0,"0","0",NA,NA,0,0,0,0,"0","0",NA,NA,0,0,0,0,"0","0",NA,NA,0,0,0,0,"0","0",NA,NA,"Bent","Bent","Bent","Bent / trauma",1,2,3,4,NA,NA,NA,NA,0,0,0,0,0,"SOAP364",2037,364,NA,"Point",2658.288,NA,0.0735784684451305,0,0,0,0,"SOAP_364_2416","SOAP_441_2469",6.75377025962921,"SOAP_367_2419",3.4705438220153,"SOAP_506_2483",1.83397874094786,"SOAP_504_2481",3.24107739607769,NA,40.54553927,-111.0294318,40.54548049,-111.0294112,NA,165.032196488542,40.54550801,-111.0294326,NA,-178.88157729591,40.54552377,-111.0294243,NA,159.739914404935,40.54553577,-111.0293938,NA,96.8844912436098
"366","SOAP",365,"ABLA",5.1,5.8,0,1,"0",1,1,1,1,"0","0","0","0",NA,NA,NA,0,"0","0","0","0",0,0,0,0,"0","0",NA,NA,0,0,0,0,"0","0",NA,NA,0,0,0,0,"0","0",NA,NA,0,0,0,0,"0","0",NA,NA,0,0,0,0,"0","0",NA,NA,0,0,0,0,"0","0",NA,NA,"Bent, 1 DB","Bent, 1 DB","Bent, 1 DB","Bent, 1 DB",1,2,3,4,NA,NA,NA,NA,0,0,0,0,0,"SOAP365",2038,365,NA,"Point",2657.734,NA,0.0736632705849072,0,0,0,0,"SOAP_365_2417","SOAP_441_2469",6.68439562284014,"SOAP_367_2419",3.33794343731135,"SOAP_506_2483",1.80109276348296,"SOAP_504_2481",3.44717044107204,NA,40.54553805,-111.0294344,40.54548049,-111.0294112,NA,162.908828218295,40.54550801,-111.0294326,NA,177.382838617225,40.54552377,-111.0294243,NA,151.650981868338,40.54553577,-111.0293938,NA,94.2102714190893
"367","SOAP",366,"ABLA",3,7.2,0,0,"0",1,1,1,1,"0","0","0","0",NA,NA,NA,0,"0","0","0","0",0,0,0,0,"0","0",NA,NA,0,0,0,0,"0","0",NA,NA,0,0,0,0,"0","0",NA,NA,0,0,0,0,"0","0",NA,NA,0,0,0,0,"0","0",NA,NA,0,0,0,0,"0","0",NA,NA,"Bent","Bent","Bent","Bent",1,2,3,4,NA,NA,NA,NA,0,0,0,0,0,"SOAP366",2039,366,NA,"Point",2657.737,NA,0.0736235627169177,0,0,0,0,"SOAP_366_2418","SOAP_441_2469",6.71802538398137,"SOAP_367_2419",3.39101950607861,"SOAP_506_2483",1.81980256522658,"SOAP_504_2481",3.38422437098963,NA,40.54553855,-111.0294336,40.54548049,-111.0294112,NA,163.600186128194,40.54550801,-111.0294326,NA,178.569127967514,40.54552377,-111.0294243,NA,154.358753541781,40.54553577,-111.0293938,NA,95.2316257639633
"368","SOAP",367,"ABLA",8.3,45.3,9.8,0,"0",1,1,1,1,"0","BO","0","0",NA,NA,NA,0,"0","0","0","0",0,0,0,0,"0","0",NA,NA,0,0,0,0,"0","0",NA,NA,0,0,0,0,"0","0",NA,NA,0,0,0,0,"0","0",NA,NA,0,0,0,0,"0","0",NA,NA,0,1,0,0,"0","0",NA,NA,NA,NA,NA,NA,1,2,3,4,NA,NA,NA,NA,0,1,0,0,1,"SOAP367",2041,367,NA,"Point",2657.921,NA,0.0769601545624087,0,1,0,0,"SOAP_367_2419","SOAP_441_2469",3.5517695324669,"SOAP_441_2469",3.5517695324669,"SOAP_506_2483",1.8852718619025,"SOAP_441_2469",3.5517695324669,NA,40.54550801,-111.0294326,40.54548049,-111.0294112,NA,149.323471874348,40.54548049,-111.0294112,NA,149.323471874348,40.54552377,-111.0294243,NA,21.8879488756508,40.54548049,-111.0294112,NA,149.323471874348
"369","SOAP",368,"ABLA",NA,7.1,0,0,"0",1,1,1,1,"0","0","0","0",NA,NA,NA,0,"0","0","0","0",0,0,0,0,"0","0",NA,NA,0,0,0,0,"0","0",NA,NA,0,0,0,0,"0","0",NA,NA,0,0,0,0,"0","0",NA,NA,0,0,0,0,"0","0",NA,NA,0,0,0,0,"0","0",NA,NA,NA,NA,NA,NA,1,2,3,4,NA,NA,NA,NA,0,0,0,0,0,"SOAP368",2040,368,NA,"Point",2658.853,NA,0.0774510479361745,0,0,0,0,"SOAP_368_2420","SOAP_441_2469",3.06672785279601,"SOAP_367_2419",0.494966690012295,"SOAP_506_2483",2.27781362603632,"SOAP_441_2469",3.06672785279601,NA,40.54550382,-111.0294306,40.54548049,-111.0294112,NA,147.611254772237,40.54550801,-111.0294326,NA,-20.007955503491,40.54552377,-111.0294243,NA,13.5444280078993,40.54548049,-111.0294112,NA,147.611254772237
"370","SOAP",370,"ABLA",NA,0.9,0,0,"0",1,1,1,1,"0","0","0","0",NA,NA,NA,0,"0","0","0","0",0,0,0,0,"0","0",NA,NA,0,0,0,0,"0","0",NA,NA,0,0,0,0,"0","0",NA,NA,0,0,0,0,"0","0",NA,NA,0,0,0,0,"0","0",NA,NA,0,0,0,0,"0","0",NA,NA,NA,NA,"under snow","bent",1,2,3,4,NA,NA,NA,NA,0,0,0,0,0,"SOAP370",2043,370,NA,"Point",2657.984,NA,0.0758246457182321,0,0,0,0,"SOAP_370_2421","SOAP_441_2469",4.604633432865,"SOAP_367_2419",1.14422492334279,"SOAP_506_2483",0.995064360892073,"SOAP_504_2481",3.88876468381681,NA,40.54551829,-111.0294336,40.54548049,-111.0294112,NA,155.67428447215,40.54550801,-111.0294326,NA,175.756035544435,40.54552377,-111.0294243,NA,52.3163542287447,40.54553577,-111.0293938,NA,60.0695403580787
"371","SOAP",372,"ABLA",1.8,6.9,0,0,"0",1,1,1,1,"0","0","0","0",NA,NA,NA,0,"0","0","0","0",0,0,0,0,"0","0",NA,NA,0,0,0,0,"0","0",NA,NA,0,0,0,0,"0","0",NA,NA,0,0,0,0,"0","0",NA,NA,0,0,0,0,"0","0",NA,NA,0,0,0,0,"0","0",NA,NA,NA,NA,NA,NA,1,2,3,4,NA,NA,NA,NA,0,0,0,0,0,"SOAP372",2045,372,NA,"Point",2655.508,NA,0.0771993245336762,0,0,0,0,"SOAP_372_2422","SOAP_441_2469",3.18586954146076,"SOAP_367_2419",0.58032355563366,"SOAP_506_2483",1.87636983032876,"SOAP_441_2469",3.18586954146076,NA,40.54550691,-111.0294259,40.54548049,-111.0294112,NA,157.001410318724,40.54550801,-111.0294326,NA,-77.8541306174373,40.54552377,-111.0294243,NA,4.14062084364018,40.54548049,-111.0294112,NA,157.001410318724
"372","SOAP",373,"ABLA",NA,2.7,0,0,"0",1,1,1,1,"0","0","0","0",NA,NA,NA,0,"0","0","0","0",0,0,0,0,"0","0",NA,NA,0,0,0,0,"0","0",NA,NA,0,0,0,0,"0","0",NA,NA,0,0,0,0,"0","0",NA,NA,0,0,0,0,"0","0",NA,NA,0,0,0,0,"0","0",NA,NA,"2-3 yrs dead","2-3 yrs dead","2-3 yrs dead","2-3 yrs dead",1,2,3,4,NA,NA,NA,NA,0,0,0,0,0,"SOAP373",2046,373,NA,"Point",2655.582,NA,0.0789609856549298,0,0,0,0,"SOAP_373_2423","SOAP_441_2469",1.71400901635038,"SOAP_441_2469",1.71400901635038,"SOAP_441_2469",1.71400901635038,"SOAP_441_2469",1.71400901635038,NA,40.5454906,-111.0294265,40.54548049,-111.0294112,NA,130.89936070497,40.54548049,-111.0294112,NA,130.89936070497,40.54548049,-111.0294112,NA,130.89936070497,40.54548049,-111.0294112,NA,130.89936070497
"373","SOAP",378,"ABLA",NA,3.2,0,2,"0",1,1,1,1,"0","0","0","0",NA,NA,NA,0,"0","0","0","0",0,0,0,0,"0","0",NA,NA,0,0,0,0,"0","0",NA,NA,0,0,0,0,"0","0",NA,NA,0,0,0,0,"0","0",NA,NA,0,0,0,0,"0","0",NA,NA,0,0,0,0,"0","0",NA,NA,NA,NA,"low under snow","low under snow",1,2,3,4,NA,NA,NA,NA,0,0,0,0,0,"SOAP378",2051,378,NA,"Point",2660.825,NA,0.0818886621209696,0,0,0,0,"SOAP_378_2424","SOAP_441_2469",3.21183649664419,"SOAP_441_2469",3.21183649664419,"SOAP_441_2469",3.21183649664419,"SOAP_441_2469",3.21183649664419,NA,40.54546166,-111.02944,40.54548049,-111.0294112,NA,49.4008543453828,40.54548049,-111.0294112,NA,49.4008543453828,40.54548049,-111.0294112,NA,49.4008543453828,40.54548049,-111.0294112,NA,49.4008543453828
"374","SOAP",379,"ABLA",5.2,37.4,5.2,5,"0",1,1,1,1,"0","0","0","0",NA,NA,NA,0,"0","0","0","0",0,0,0,0,"0","0",NA,NA,0,0,0,0,"0","0",NA,NA,0,0,0,0,"0","0",NA,NA,0,0,0,0,"0","0",NA,NA,0,0,0,0,"0","0",NA,NA,0,0,0,0,"0","0",NA,NA,"1 DB","1 DB","1 DB","1 DB",1,2,3,4,NA,NA,NA,NA,0,0,0,0,0,"SOAP379",2052,379,NA,"Point",2658.563,NA,0.0815951898665323,0,0,0,0,"SOAP_379_2425","SOAP_441_2469",4.16022824751453,"SOAP_441_2469",4.16022824751453,"SOAP_441_2469",4.16022824751453,"SOAP_441_2469",4.16022824751453,NA,40.54546236,-111.0294542,40.54548049,-111.0294112,NA,61.0704368502102,40.54548049,-111.0294112,NA,61.0704368502102,40.54548049,-111.0294112,NA,61.0704368502102,40.54548049,-111.0294112,NA,61.0704368502102
"375","SOAP",380,"ABLA",NA,5.7,0,0,"0",1,1,1,1,"0","0","0","0",NA,NA,NA,0,"0","0","0","0",0,0,0,0,"0","0",NA,NA,0,0,0,0,"0","0",NA,NA,0,0,0,0,"0","0",NA,NA,0,0,0,0,"0","0",NA,NA,0,0,0,0,"0","0",NA,NA,0,0,0,0,"0","0",NA,NA,NA,NA,NA,NA,1,2,3,4,NA,NA,NA,NA,0,0,0,0,0,"SOAP380",2053,380,NA,"Point",2659.571,NA,0.0774265496745046,0,0,0,0,"SOAP_380_2426","SOAP_441_2469",4.77165248189856,"SOAP_367_2419",2.6504353364191,"SOAP_506_2483",4.17066894102102,"SOAP_441_2469",4.77165248189856,NA,40.54549941,-111.0294618,40.54548049,-111.0294112,NA,116.111976053343,40.54550801,-111.0294326,NA,68.8893785731817,40.54552377,-111.0294243,NA,49.5840372198071,40.54548049,-111.0294112,NA,116.111976053343
"376","SOAP",381,"ABLA",4.5,34.8,0,0,"0",1,1,1,1,"0","0","0","0",NA,NA,NA,0,"0","0","0","0",0,0,0,0,"0","0",NA,NA,0,0,0,0,"0","0",NA,NA,0,0,0,0,"0","0",NA,NA,0,0,0,0,"0","0",NA,NA,0,0,0,0,"0","0",NA,NA,0,0,0,0,"0","0",NA,NA,NA,NA,NA,NA,1,2,3,4,NA,NA,NA,NA,0,0,0,0,0,"SOAP381",2054,381,NA,"Point",2653.29,NA,0.074567188779726,0,0,0,0,"SOAP_381_2427","SOAP_357_2409",5.27991658040875,"SOAP_367_2419",4.47532898769417,"SOAP_506_2483",4.86132876586827,"SOAP_357_2409",5.27991658040875,NA,40.54552293,-111.0294817,40.54556702,-111.0295051,NA,-22.0414218251433,40.54550801,-111.0294326,NA,111.719171598515,40.54552377,-111.0294243,NA,88.9009770940045,40.54556702,-111.0295051,NA,-22.0414218251433
"377","SOAP",382,"ABLA",NA,4.4,0,0,"0",1,1,1,1,"0","0","0","0",NA,NA,NA,0,"0","0","0","0",0,0,0,0,"0","0",NA,NA,0,0,0,0,"0","0",NA,NA,0,0,0,0,"0","0",NA,NA,0,0,0,0,"0","0",NA,NA,0,0,0,0,"0","0",NA,NA,0,0,0,0,"0","0",NA,NA,NA,NA,NA,NA,1,2,3,4,NA,NA,NA,NA,0,0,0,0,0,"SOAP382",2055,382,NA,"Point",2657.367,NA,0.0746744295753488,0,0,0,0,"SOAP_382_2428","SOAP_355_2407",5.11688036393452,"SOAP_355_2407",5.11688036393452,"SOAP_355_2407",5.11688036393452,"SOAP_355_2407",5.11688036393452,NA,40.54552054,-111.0294938,40.54555536,-111.0295334,NA,-40.9438608741587,40.54555536,-111.0295334,NA,-40.9438608741587,40.54555536,-111.0295334,NA,-40.9438608741587,40.54555536,-111.0295334,NA,-40.9438608741587
"378","SOAP",383,"ABLA",4.7,36.8,7.2,0,"0",1,1,1,1,"0","0","0","0",NA,NA,NA,0,"0","0","0","0",0,0,0,0,"0","0",NA,NA,0,0,0,0,"0","0",NA,NA,0,0,0,0,"0","0",NA,NA,0,0,0,0,"0","0",NA,NA,0,0,0,0,"0","0",NA,NA,0,0,0,0,"0","0",NA,NA,NA,NA,NA,"split top",1,2,3,4,NA,NA,NA,NA,0,0,0,0,0,"SOAP383",2056,383,NA,"Point",2657.692,NA,0.07626503585402,0,0,0,0,"SOAP_383_2429","SOAP_197_2320",5.75207978377074,"SOAP_390_2435",3.72702103722126,"SOAP_197_2320",5.75207978377074,"SOAP_197_2320",5.75207978377074,NA,40.54550518,-111.0295024,40.54547435,-111.029557,NA,-126.508460711422,40.5454782,-111.0295286,NA,-143.469198174459,40.54547435,-111.029557,NA,-126.508460711422,40.54547435,-111.029557,NA,-126.508460711422
"379","SOAP",384,"ABLA",3,30.2,10.8,0,"0",1,1,1,1,"0","0","0","0",NA,NA,NA,0,"0","0","0","0",0,0,0,0,"0","0",NA,NA,0,0,0,0,"0","0",NA,NA,0,0,0,0,"0","0",NA,NA,0,0,0,0,"0","0",NA,NA,0,0,0,0,"0","0",NA,NA,0,0,0,0,"0","0",NA,NA,NA,NA,NA,NA,1,2,3,4,NA,NA,NA,NA,0,0,0,0,0,"SOAP384",2057,384,NA,"Point",2654.257,NA,0.076346665471033,0,0,0,0,"SOAP_384_2430","SOAP_197_2320",4.58847239311668,"SOAP_390_2435",2.89492515600181,"SOAP_197_2320",4.58847239311668,"SOAP_197_2320",4.58847239311668,NA,40.54550297,-111.0295179,40.54547435,-111.029557,NA,-133.816613169006,40.5454782,-111.0295286,NA,-161.761378060543,40.54547435,-111.029557,NA,-133.816613169006,40.54547435,-111.029557,NA,-133.816613169006
"380","SOAP",385,"ABLA",5.4,39.2,8.3,0,"0",1,1,1,1,"0","0","0","0",NA,NA,NA,0,"0","0","0","0",0,0,0,0,"0","0",NA,NA,0,0,0,0,"0","0",NA,NA,0,0,0,0,"0","0",NA,NA,0,0,0,0,"0","0",NA,NA,0,0,0,0,"0","0",NA,NA,0,0,0,0,"0","0",NA,NA,NA,NA,NA,NA,1,2,3,4,NA,NA,NA,NA,0,0,0,0,0,"SOAP385",2058,385,NA,"Point",2654.209,NA,0.0768724194603121,0,0,0,0,"SOAP_385_2431","SOAP_197_2320",3.90013083247062,"SOAP_390_2435",2.23223860834675,"SOAP_197_2320",3.90013083247062,"SOAP_197_2320",3.90013083247062,NA,40.5454978,-111.0295227,40.54547435,-111.029557,NA,-131.867087824335,40.5454782,-111.0295286,NA,-167.067227483562,40.54547435,-111.029557,NA,-131.867087824335,40.54547435,-111.029557,NA,-131.867087824335
"381","SOAP",386,"ABLA",2.8,23.8,1,0,"0",1,1,1,1,"0","0","0","0",NA,NA,NA,0,"0","0","0","0",0,0,0,0,"0","0",NA,NA,0,0,0,0,"0","0",NA,NA,0,0,0,0,"0","0",NA,NA,0,0,0,0,"0","0",NA,NA,0,0,0,0,"0","0",NA,NA,0,0,0,0,"0","0",NA,NA,NA,NA,NA,NA,1,2,3,4,NA,NA,NA,NA,0,0,0,0,0,"SOAP386",NA,386,NA,"Point",2653.412,NA,0.0757510692065194,0,0,0,0,"SOAP_386_2432","SOAP_197_2320",4.63859645632209,"SOAP_390_2435",3.30888424664162,"SOAP_197_2320",4.63859645632209,"SOAP_197_2320",4.63859645632209,NA,40.54550782,-111.0295242,40.54547435,-111.029557,NA,-143.21905738158,40.5454782,-111.0295286,NA,-173.534840719068,40.54547435,-111.029557,NA,-143.21905738158,40.54547435,-111.029557,NA,-143.21905738158
"382","SOAP",388,"ABLA",2,14.8,6.9,0,"0",1,1,1,1,"0","0","0","0",NA,NA,NA,0,"0","0","0","0",0,0,0,0,"0","0",NA,NA,0,0,0,0,"0","0",NA,NA,0,0,0,0,"0","0",NA,NA,0,0,0,0,"0","0",NA,NA,0,0,0,0,"0","0",NA,NA,0,0,0,0,"0","0",NA,NA,NA,NA,NA,NA,1,2,3,4,NA,NA,NA,NA,0,0,0,0,0,"SOAP388",2060,388,NA,"Point",2650.654,NA,0.0778980063683648,0,0,0,0,"SOAP_388_2433","SOAP_197_2320",2.65681265977355,"SOAP_390_2435",1.09296377001813,"SOAP_197_2320",2.65681265977355,"SOAP_197_2320",2.65681265977355,NA,40.54548786,-111.0295311,40.54547435,-111.029557,NA,-124.363624979526,40.5454782,-111.0295286,NA,168.832039286145,40.54547435,-111.029557,NA,-124.363624979526,40.54547435,-111.029557,NA,-124.363624979526
"383","SOAP",389,"ABLA",NA,3,0,0,"0",1,1,1,1,"0","0","0","0",NA,NA,NA,0,"0","0","0","0",0,0,0,0,"0","0",NA,NA,0,0,0,0,"0","0",NA,NA,0,0,0,0,"0","0",NA,NA,0,0,0,0,"0","0",NA,NA,0,0,0,0,"0","0",NA,NA,0,0,0,0,"0","0",NA,NA,NA,NA,NA,NA,1,2,3,4,NA,NA,NA,NA,0,0,0,0,0,"SOAP389",2061,389,NA,"Point",2649.541,NA,0.0758118166117053,0,0,0,0,"SOAP_389_2434","SOAP_197_2320",4.49159829617797,"SOAP_390_2435",3.21937925854319,"SOAP_197_2320",4.49159829617797,"SOAP_197_2320",4.49159829617797,NA,40.54550713,-111.0295259,40.54547435,-111.029557,NA,-144.104821205365,40.5454782,-111.0295286,NA,-175.927665248798,40.54547435,-111.029557,NA,-144.104821205365,40.54547435,-111.029557,NA,-144.104821205365
"384","SOAP",390,"ABLA",3.5,30.2,9.1,0,"0",1,1,1,1,"0","BO","0","0",NA,NA,NA,0,"0","0","0","0",0,0,0,0,"0","0",NA,NA,0,1,0,0,"0","0",NA,NA,0,0,0,0,"0","0",NA,NA,0,0,0,0,"0","0",NA,NA,0,0,0,0,"0","0",NA,NA,0,0,0,0,"0","0",NA,NA,NA,NA,NA,NA,1,2,3,4,NA,NA,NA,NA,0,1,0,0,1,"SOAP390",2062,390,NA,"Point",2655.419,NA,0.078987812136878,0,1,0,0,"SOAP_390_2435","SOAP_197_2320",2.44249262847576,"SOAP_395_2436",2.32504625880938,"SOAP_197_2320",2.44249262847576,"SOAP_197_2320",2.44249262847576,NA,40.5454782,-111.0295286,40.54547435,-111.029557,NA,-100.076661218834,40.54545759,-111.0295237,NA,169.72023375384,40.54547435,-111.029557,NA,-100.076661218834,40.54547435,-111.029557,NA,-100.076661218834
"385","SOAP",395,"ABLA",11.3,58.6,17.1,0,"0",1,1,1,1,"0","BO","0","0",NA,NA,NA,0,"0","0","0","0",0,0,0,0,"0","0",NA,NA,0,0,0,0,"0","0",NA,NA,0,0,0,0,"0","0",NA,NA,0,0,0,0,"0","0",NA,NA,0,1,0,0,"0","0",NA,NA,0,1,0,0,"0","0",NA,NA,NA,NA,NA,NA,1,2,3,4,NA,NA,NA,NA,0,1,0,0,1,"SOAP395",2068,395,NA,"Point",2654.097,NA,0.0813096449061684,0,1,0,0,"SOAP_395_2436","SOAP_197_2320",3.37814624215962,"SOAP_390_2435",2.32504625880938,"SOAP_197_2320",3.37814624215962,"SOAP_197_2320",3.37814624215962,NA,40.54545759,-111.0295237,40.54547435,-111.029557,NA,-56.5843916759095,40.5454782,-111.0295286,NA,-10.2797630609089,40.54547435,-111.029557,NA,-56.5843916759095,40.54547435,-111.029557,NA,-56.5843916759095
"386","SOAP",398,"ABLA",1,7,1.9,0,"0",1,1,1,1,"0","0","0","0",NA,NA,NA,0,"0","0","0","0",0,0,0,0,"0","0",NA,NA,0,0,0,0,"0","0",NA,NA,0,0,0,0,"0","0",NA,NA,0,0,0,0,"0","0",NA,NA,0,0,0,0,"0","0",NA,NA,0,0,0,0,"0","0",NA,NA,NA,NA,"low under snow",NA,1,2,3,4,NA,NA,NA,NA,0,0,0,0,0,"SOAP398",2072,398,NA,"Point",2657.746,NA,0.0865131013417911,0,0,0,0,"SOAP_398_2437","SOAP_415_2449",0.761606590402091,"SOAP_415_2449",0.761606590402091,"SOAP_415_2449",0.761606590402091,"SOAP_415_2449",0.761606590402091,NA,40.54541542,-111.0294715,40.54541214,-111.0294636,NA,118.55780548905,40.54541214,-111.0294636,NA,118.55780548905,40.54541214,-111.0294636,NA,118.55780548905,40.54541214,-111.0294636,NA,118.55780548905
"387","SOAP",399,"ABLA",1.1,6,0,0,"0",1,1,1,1,"0","0","0","0",NA,NA,NA,0,"0","0","0","0",0,0,0,0,"0","0",NA,NA,0,0,0,0,"0","0",NA,NA,0,0,0,0,"0","0",NA,NA,0,0,0,0,"0","0",NA,NA,0,0,0,0,"0","0",NA,NA,0,0,0,0,"0","0",NA,NA,NA,NA,NA,NA,1,2,3,4,NA,NA,NA,NA,0,0,0,0,0,"SOAP399",2073,399,NA,"Point",2656.662,NA,0.0856501951596034,0,0,0,0,"SOAP_399_2438","SOAP_415_2449",1.7343960267374,"SOAP_415_2449",1.7343960267374,"SOAP_415_2449",1.7343960267374,"SOAP_415_2449",1.7343960267374,NA,40.54542551,-111.029453,40.54541214,-111.0294636,NA,-148.834404038005,40.54541214,-111.0294636,NA,-148.834404038005,40.54541214,-111.0294636,NA,-148.834404038005,40.54541214,-111.0294636,NA,-148.834404038005
"388","SOAP",400,"ABLA",1.7,13.2,0,0,"0",1,1,1,1,"0","0","0","0",NA,NA,NA,0,"0","0","0","0",0,0,0,0,"0","0",NA,NA,0,0,0,0,"0","0",NA,NA,0,0,0,0,"0","0",NA,NA,0,0,0,0,"0","0",NA,NA,0,0,0,0,"0","0",NA,NA,0,0,0,0,"0","0",NA,NA,NA,NA,NA,NA,1,2,3,4,NA,NA,NA,NA,0,0,0,0,0,"SOAP400",2074,400,NA,"Point",2656.502,NA,0.0844763085056675,0,0,0,0,"SOAP_400_2439","SOAP_415_2449",2.97412867779057,"SOAP_415_2449",2.97412867779057,"SOAP_415_2449",2.97412867779057,"SOAP_415_2449",2.97412867779057,NA,40.54543668,-111.0294495,40.54541214,-111.0294636,NA,-156.331616883016,40.54541214,-111.0294636,NA,-156.331616883016,40.54541214,-111.0294636,NA,-156.331616883016,40.54541214,-111.0294636,NA,-156.331616883016
"389","SOAP",402,"ABLA",11,65.4,11.4,0,"0",1,1,1,1,"0","0","0","0",NA,NA,NA,0,"0","0","0","0",0,0,0,0,"0","0",NA,NA,0,0,0,0,"0","0",NA,NA,0,0,0,0,"0","0",NA,NA,0,0,0,0,"0","0",NA,NA,0,0,0,0,"0","0",NA,NA,0,0,0,0,"0","0",NA,NA,NA,NA,NA,NA,1,2,3,4,NA,NA,NA,NA,0,0,0,0,0,"SOAP402",2076,402,NA,"Point",2663.395,NA,0.0860042160705496,0,0,0,0,"SOAP_402_2440","SOAP_415_2449",2.02857185288853,"SOAP_415_2449",2.02857185288853,"SOAP_415_2449",2.02857185288853,"SOAP_415_2449",2.02857185288853,NA,40.54542337,-111.0294447,40.54541214,-111.0294636,NA,-127.914901558762,40.54541214,-111.0294636,NA,-127.914901558762,40.54541214,-111.0294636,NA,-127.914901558762,40.54541214,-111.0294636,NA,-127.914901558762
"390","SOAP",403,"ABLA",2.4,16.7,4.5,0,"0",1,1,1,1,"0","0","0","0",NA,NA,NA,0,"0","0","0","0",0,0,0,0,"0","0",NA,NA,0,0,0,0,"0","0",NA,NA,0,0,0,0,"0","0",NA,NA,0,0,0,0,"0","0",NA,NA,0,0,0,0,"0","0",NA,NA,0,0,0,0,"0","0",NA,NA,NA,NA,NA,NA,1,2,3,4,NA,NA,NA,NA,0,0,0,0,0,"SOAP403",2077,403,NA,"Point",2660.493,NA,0.0885614355812661,0,0,0,0,"SOAP_403_2441","SOAP_415_2449",1.59703960293124,"SOAP_415_2449",1.59703960293124,"SOAP_415_2449",1.59703960293124,"SOAP_415_2449",1.59703960293124,NA,40.54539831,-111.0294584,40.54541214,-111.0294636,NA,-16.0042944632993,40.54541214,-111.0294636,NA,-16.0042944632993,40.54541214,-111.0294636,NA,-16.0042944632993,40.54541214,-111.0294636,NA,-16.0042944632993
"391","SOAP",406,"ABLA",1.2,8.1,0,0,"0",1,1,1,1,"0","0","0","0",NA,NA,NA,0,"0","0","0","0",0,0,0,0,"0","0",NA,NA,0,0,0,0,"0","0",NA,NA,0,0,0,0,"0","0",NA,NA,0,0,0,0,"0","0",NA,NA,0,0,0,0,"0","0",NA,NA,0,0,0,0,"0","0",NA,NA,NA,NA,NA,NA,1,2,3,4,NA,NA,NA,NA,0,0,0,0,0,"SOAP406",2080,406,NA,"Point",2661.201,NA,0.0885055786307817,0,0,0,0,"SOAP_406_2442","SOAP_433_2462",3.39207663969358,"SOAP_433_2462",3.39207663969358,"SOAP_415_2449",4.1246549313203,"SOAP_415_2449",4.1246549313203,NA,40.54540461,-111.0294159,40.54540627,-111.0293759,NA,86.8860868298927,40.54540627,-111.0293759,NA,86.8860868298927,40.54541214,-111.0294636,NA,-78.3083849002614,40.54541214,-111.0294636,NA,-78.3083849002614
"392","SOAP",407,"ABLA",3.9,27.1,3.8,1,"0",1,1,1,1,"0","0","0","0",NA,NA,NA,0,"0","0","0","0",0,0,0,0,"0","0",NA,NA,0,0,0,0,"0","0",NA,NA,0,0,0,0,"0","0",NA,NA,0,0,0,0,"0","0",NA,NA,0,0,0,0,"0","0",NA,NA,0,0,0,0,"0","0",NA,NA,"1 DB","1 DB","1 DB","1 DB",1,2,3,4,NA,NA,NA,NA,0,0,0,0,0,"SOAP407",2081,407,NA,"Point",2658.63,NA,0.0884234512474611,0,0,0,0,"SOAP_407_2443","SOAP_415_2449",3.19136439357233,"SOAP_415_2449",3.19136439357233,"SOAP_415_2449",3.19136439357233,"SOAP_415_2449",3.19136439357233,NA,40.54540363,-111.0294276,40.54541214,-111.0294636,NA,-72.7829978267083,40.54541214,-111.0294636,NA,-72.7829978267083,40.54541214,-111.0294636,NA,-72.7829978267083,40.54541214,-111.0294636,NA,-72.7829978267083
"393","SOAP",408,"ABLA",NA,1.5,0,0,"0",1,1,1,1,"0","0","0","0",NA,NA,NA,0,"0","0","0","0",0,0,0,0,"0","0",NA,NA,0,0,0,0,"0","0",NA,NA,0,0,0,0,"0","0",NA,NA,0,0,0,0,"0","0",NA,NA,0,0,0,0,"0","0",NA,NA,0,0,0,0,"0","0",NA,NA,NA,NA,NA,NA,1,2,3,4,NA,NA,NA,NA,0,0,0,0,0,"SOAP408",2082,408,NA,"Point",2659.058,NA,0.08821356479788,0,0,0,0,"SOAP_408_2444","SOAP_415_2449",2.87768908067135,"SOAP_415_2449",2.87768908067135,"SOAP_415_2449",2.87768908067135,"SOAP_415_2449",2.87768908067135,NA,40.54540508,-111.0294309,40.54541214,-111.0294636,NA,-74.1973572143978,40.54541214,-111.0294636,NA,-74.1973572143978,40.54541214,-111.0294636,NA,-74.1973572143978,40.54541214,-111.0294636,NA,-74.1973572143978
"394","SOAP",409,"ABLA",6.4,55.7,7.7,0,"0",1,1,1,1,"0","0","0","0",NA,NA,NA,0,"0","0","0","0",0,0,0,0,"0","0",NA,NA,0,0,0,0,"0","0",NA,NA,0,0,0,0,"0","0",NA,NA,0,0,0,0,"0","0",NA,NA,0,0,0,0,"0","0",NA,NA,0,0,0,0,"0","0",NA,NA,NA,NA,NA,NA,1,2,3,4,NA,NA,NA,NA,0,0,0,0,0,"SOAP409",2083,409,NA,"Point",2658.789,NA,0.0860744882545157,0,0,0,0,"SOAP_409_2445","SOAP_415_2449",3.87668695483046,"SOAP_440_2468",3.10879129575726,"SOAP_436_2465",3.38153293438856,"SOAP_440_2468",3.10879129575726,NA,40.54542604,-111.0294216,40.54541214,-111.0294636,NA,-113.45301140769,40.54544683,-111.029397,NA,42.0709269529305,40.54544297,-111.0293884,NA,56.2385116599345,40.54544683,-111.029397,NA,42.0709269529305
"395","SOAP",410,"ABLA",10.5,77.4,10.8,0,"0",1,1,1,1,"0","0","0","0",NA,NA,NA,0,"0","0","0","0",0,0,0,0,"0","0",NA,NA,0,0,0,0,"0","0",NA,NA,0,0,0,0,"0","0",NA,NA,0,0,0,0,"0","0",NA,NA,0,0,0,0,"0","0",NA,NA,0,0,0,0,"0","0",NA,NA,NA,NA,NA,"split top",1,2,3,4,NA,NA,NA,NA,0,0,0,0,0,"SOAP410",2084,410,NA,"Point",2657.913,NA,0.0866040485262242,0,0,0,0,"SOAP_410_2446","SOAP_415_2449",1.14992394033306,"SOAP_415_2449",1.14992394033306,"SOAP_415_2449",1.14992394033306,"SOAP_415_2449",1.14992394033306,NA,40.54541699,-111.0294516,40.54541214,-111.0294636,NA,-117.915208546375,40.54541214,-111.0294636,NA,-117.915208546375,40.54541214,-111.0294636,NA,-117.915208546375,40.54541214,-111.0294636,NA,-117.915208546375
"396","SOAP",411,"ABLA",10.5,67.2,15.1,0,"0",1,1,1,1,"0","0","0","0",NA,NA,NA,0,"0","0","0","0",0,0,0,0,"0","0",NA,NA,0,0,0,0,"0","0",NA,NA,0,0,0,0,"0","0",NA,NA,0,0,0,0,"0","0",NA,NA,0,0,0,0,"0","0",NA,NA,0,0,0,0,"0","0",NA,NA,NA,NA,NA,NA,1,2,3,4,NA,NA,NA,NA,0,0,0,0,0,"SOAP411",2085,411,NA,"Point",2657.358,NA,0.0858631914611207,0,0,0,0,"SOAP_411_2447","SOAP_415_2449",1.79929708139019,"SOAP_415_2449",1.79929708139019,"SOAP_415_2449",1.79929708139019,"SOAP_415_2449",1.79929708139019,NA,40.54542406,-111.0294492,40.54541214,-111.0294636,NA,-137.337522536662,40.54541214,-111.0294636,NA,-137.337522536662,40.54541214,-111.0294636,NA,-137.337522536662,40.54541214,-111.0294636,NA,-137.337522536662
"397","SOAP",413,"ABLA",7.4,56.4,15,0,"0",1,1,1,1,"0","0","0","0",NA,NA,NA,0,"0","0","0","0",0,0,0,0,"0","0",NA,NA,0,0,0,0,"0","0",NA,NA,0,0,0,0,"0","0",NA,NA,0,0,0,0,"0","0",NA,NA,0,0,0,0,"0","0",NA,NA,0,0,0,0,"0","0",NA,NA,NA,NA,NA,NA,1,2,3,4,NA,NA,NA,NA,0,0,0,0,0,"SOAP413",2087,413,NA,"Point",2657.544,NA,0.0858150233239833,0,0,0,0,"SOAP_413_2448","SOAP_416_2450",1.13001907779366,"SOAP_416_2450",1.13001907779366,"SOAP_415_2449",1.76090389452147,"SOAP_416_2450",1.13001907779366,NA,40.54542071,-111.0294811,40.54541053,-111.0294812,NA,-179.57065650422,40.54541053,-111.0294812,NA,-179.57065650422,40.54541214,-111.0294636,NA,122.698637343996,40.54541053,-111.0294812,NA,-179.57065650422
"398","SOAP",415,"ABLA",8.5,62.8,2.7,0,"0",1,1,1,1,"BO","BO","BO","BO",NA,NA,NA,0,"0","0","0","0",0,0,0,0,"0","0",NA,NA,0,0,1,1,"0","0",NA,NA,0,0,0,0,"0","0",NA,NA,0,0,0,0,"0","0",NA,NA,1,1,0,0,"0","0",NA,NA,0,0,0,0,"0","0",NA,NA,NA,NA,NA,NA,1,2,3,4,NA,NA,NA,NA,1,1,1,1,0,"SOAP415",2089,415,NA,"Point",2658.031,NA,0.0869740930316574,1,1,1,1,"SOAP_415_2449","SOAP_416_2450",1.50098679451141,"SOAP_416_2450",1.50098679451141,"SOAP_436_2465",7.22900791011122,"SOAP_416_2450",1.50098679451141,NA,40.54541214,-111.0294636,40.54541053,-111.0294812,NA,-96.8379912130474,40.54541053,-111.0294812,NA,-96.8379912130474,40.54544297,-111.0293884,NA,61.7452908657115,40.54541053,-111.0294812,NA,-96.8379912130474
"399","SOAP",416,"ABLA",4.9,46.4,3.7,0,"0",1,1,1,1,"BO","BO","0","0",NA,NA,NA,0,"0","0","0","0",0,0,0,0,"0","0",NA,NA,0,0,0,0,"0","0",NA,NA,0,0,0,1,"0","0",NA,NA,0,0,0,0,"0","0",NA,NA,1,1,0,0,"0","0",NA,NA,0,0,0,0,"0","0",NA,NA,NA,NA,NA,NA,1,2,3,4,NA,NA,NA,NA,1,1,0,1,0,"SOAP416",2090,416,NA,"Point",2655.809,NA,0.0869350265453389,1,1,0,1,"SOAP_416_2450","SOAP_415_2449",1.50098679451141,"SOAP_415_2449",1.50098679451141,"SOAP_415_2449",1.50098679451141,"SOAP_415_2449",1.50098679451141,NA,40.54541053,-111.0294812,40.54541214,-111.0294636,NA,83.1619973460633,40.54541214,-111.0294636,NA,83.1619973460633,40.54541214,-111.0294636,NA,83.1619973460633,40.54541214,-111.0294636,NA,83.1619973460633
"400","SOAP",417,"ABLA",7.3,49.1,5.3,0,"0",1,1,1,1,"0","0","0","0",NA,NA,NA,0,"0","0","0","0",0,0,0,0,"0","0",NA,NA,0,0,0,0,"0","0",NA,NA,0,0,0,0,"0","0",NA,NA,0,0,0,0,"0","0",NA,NA,0,0,0,0,"0","0",NA,NA,0,0,0,0,"0","0",NA,NA,NA,NA,NA,NA,1,2,3,4,NA,NA,NA,NA,0,0,0,0,0,"SOAP417",2091,417,NA,"Point",2656.125,NA,0.0865053949075662,0,0,0,0,"SOAP_417_2451","SOAP_416_2450",0.450532343840254,"SOAP_416_2450",0.450532343840254,"SOAP_415_2449",1.70036116166096,"SOAP_416_2450",0.450532343840254,NA,40.54541419,-111.0294835,40.54541053,-111.0294812,NA,154.387617090002,40.54541053,-111.0294812,NA,154.387617090002,40.54541214,-111.0294636,NA,97.6906963705727,40.54541053,-111.0294812,NA,154.387617090002
"401","SOAP",419,"ABLA",NA,4.5,0,2,"0",1,1,1,1,"0","0","0","0",NA,NA,NA,0,"0","0","0","0",0,0,0,0,"0","0",NA,NA,0,0,0,0,"0","0",NA,NA,0,0,0,0,"0","0",NA,NA,0,0,0,0,"0","0",NA,NA,0,0,0,0,"0","0",NA,NA,0,0,0,0,"0","0",NA,NA,"2 DB","2 DB","2 DB","2 DB",1,2,3,4,NA,NA,NA,NA,0,0,0,0,0,"SOAP419",2093,419,NA,"Point",2654.501,NA,0.0867430018611344,0,0,0,0,"SOAP_419_2452","SOAP_416_2450",1.68521259359634,"SOAP_416_2450",1.68521259359634,"SOAP_415_2449",3.18172591596492,"SOAP_416_2450",1.68521259359634,NA,40.54541033,-111.0295011,40.54541053,-111.0294812,NA,89.2451859058234,40.54541053,-111.0294812,NA,89.2451859058234,40.54541214,-111.0294636,NA,86.3796151098431,40.54541053,-111.0294812,NA,89.2451859058234
"402","SOAP",421,"ABLA",5,38.7,22.3,0,"0",1,1,1,1,"0","0","0","0",NA,NA,NA,0,"0","0","0","0",0,0,0,0,"0","0",NA,NA,0,0,0,0,"0","0",NA,NA,0,0,0,0,"0","0",NA,NA,0,0,0,0,"0","0",NA,NA,0,0,0,0,"0","0",NA,NA,0,0,0,0,"0","0",NA,NA,"Rot in area","Rot in area","Rot in area","Rot in area",1,2,3,4,NA,NA,NA,NA,0,0,0,0,0,"SOAP421",2095,421,NA,"Point",2652.135,NA,0.083170630985101,0,0,0,0,"SOAP_421_2453","SOAP_177_2301",1.71882886891611,"SOAP_395_2436",3.0602262505361,"SOAP_197_2320",3.96237562621503,"SOAP_197_2320",3.96237562621503,NA,40.54543901,-111.0295504,40.54542802,-111.0295647,NA,-135.21264073414,40.54545759,-111.0295237,NA,47.6284937311528,40.54547435,-111.029557,NA,-8.10820979688751,40.54547435,-111.029557,NA,-8.10820979688751
"403","SOAP",422,"ABLA",4.5,35,15.6,0,"0",1,1,1,1,"0","0","0","0",NA,NA,NA,0,"0","0","0","0",0,0,0,0,"0","0",NA,NA,0,0,0,0,"0","0",NA,NA,0,0,0,0,"0","0",NA,NA,0,0,0,0,"0","0",NA,NA,0,0,0,0,"0","0",NA,NA,0,0,0,0,"0","0",NA,NA,"Rot in area","Rot in area","Rot in area","Rot in area",1,2,3,4,NA,NA,NA,NA,0,0,0,0,0,"SOAP422",2096,422,NA,"Point",2652.435,NA,0.0848779561307871,0,0,0,0,"SOAP_422_2454","SOAP_177_2301",1.03264357037194,"SOAP_395_2436",4.58392891864355,"SOAP_197_2320",5.658597579101,"SOAP_197_2320",5.658597579101,NA,40.54542342,-111.0295541,40.54542802,-111.0295647,NA,-60.3656958716634,40.54545759,-111.0295237,NA,34.1640349001972,40.54547435,-111.029557,NA,-2.4872059489909,40.54547435,-111.029557,NA,-2.4872059489909
"404","SOAP",423,"ABLA",4.7,44.9,0.8,1,"0",1,1,1,1,"0","0","0","0",NA,NA,NA,0,"0","0","0","0",0,0,0,0,"0","0",NA,NA,0,0,0,0,"0","0",NA,NA,0,0,0,0,"0","0",NA,NA,0,0,0,0,"0","0",NA,NA,0,0,0,0,"0","0",NA,NA,0,0,0,0,"0","0",NA,NA,"Rot in area","Rot in area","Rot in area","Rot in area",1,2,3,4,NA,NA,NA,NA,0,0,0,0,0,"SOAP423",2097,423,NA,"Point",2653.782,NA,0.0862843962758677,0,0,0,0,"SOAP_423_2455","SOAP_177_2301",2.79706769075106,"SOAP_416_2450",4.95488072940789,"SOAP_415_2449",6.44422963675851,"SOAP_416_2450",4.95488072940789,NA,40.54541155,-111.0295397,40.54542802,-111.0295647,NA,-49.1859127625279,40.54541053,-111.0294812,NA,91.3093233143754,40.54541214,-111.0294636,NA,89.4176885065721,40.54541053,-111.0294812,NA,91.3093233143754
"405","SOAP",424,"ABLA",4.8,47,4.4,0,"0",1,1,1,1,"0","0","0","0",NA,NA,NA,0,"0","0","0","0",0,0,0,0,"0","0",NA,NA,0,0,0,0,"0","0",NA,NA,0,0,0,0,"0","0",NA,NA,0,0,0,0,"0","0",NA,NA,0,0,0,0,"0","0",NA,NA,0,0,0,0,"0","0",NA,NA,"Rot in area","Rot in area","Rot in area","Rot in area",1,2,3,4,NA,NA,NA,NA,0,0,0,0,0,"SOAP424",NA,424,NA,"Point",2656.224,NA,0.0873009057605507,0,0,0,0,"SOAP_424_2456","SOAP_177_2301",3.41826368923853,"SOAP_416_2450",5.28906715240699,"SOAP_415_2449",6.78819612551282,"SOAP_416_2450",5.28906715240699,NA,40.5454022,-111.0295427,40.54542802,-111.0295647,NA,-33.0233289062001,40.54541053,-111.0294812,NA,79.9317823586958,40.54541214,-111.0294636,NA,80.6456697248279,40.54541053,-111.0294812,NA,79.9317823586958
"406","SOAP",425,"ABLA",4.9,45.1,3.7,0,"0",1,1,1,1,"0","0","0","0",NA,NA,NA,0,"0","0","0","0",0,0,0,0,"0","0",NA,NA,0,0,0,0,"0","0",NA,NA,0,0,0,0,"0","0",NA,NA,0,0,0,0,"0","0",NA,NA,0,0,0,0,"0","0",NA,NA,0,0,0,0,"0","0",NA,NA,NA,NA,NA,NA,1,2,3,4,NA,NA,NA,NA,0,0,0,0,0,"SOAP425",NA,425,NA,"Point",2656.224,NA,0.0873009057605507,0,0,0,0,"SOAP_425_2457","SOAP_177_2301",3.41826368923853,"SOAP_416_2450",5.28906715240699,"SOAP_415_2449",6.78819612551282,"SOAP_416_2450",5.28906715240699,NA,40.5454022,-111.0295427,40.54542802,-111.0295647,NA,-33.0233289062001,40.54541053,-111.0294812,NA,79.9317823586958,40.54541214,-111.0294636,NA,80.6456697248279,40.54541053,-111.0294812,NA,79.9317823586958
"407","SOAP",427,"ABLA",NA,3.1,0,0,"0",1,1,1,1,"0","0","0","0",NA,NA,NA,0,"0","0","0","0",0,0,0,0,"0","0",NA,NA,0,0,0,0,"0","0",NA,NA,0,0,0,0,"0","0",NA,NA,0,0,0,0,"0","0",NA,NA,0,0,0,0,"0","0",NA,NA,0,0,0,0,"0","0",NA,NA,NA,NA,NA,NA,1,2,3,4,NA,NA,NA,NA,0,0,0,0,0,"SOAP427",2099,427,NA,"Point",2652.944,NA,0.0858764543927986,0,0,0,0,"SOAP_427_2458","SOAP_177_2301",1.67374903430423,"SOAP_395_2436",5.55014172899912,"SOAP_161_2289",6.56830470899105,"SOAP_416_2450",6.38987304764142,NA,40.5454143,-111.0295565,40.54542802,-111.0295647,NA,-24.5096442711018,40.54545759,-111.0295237,NA,30.0276947441424,40.54538501,-111.0296239,NA,-119.668727677607,40.54541053,-111.0294812,NA,93.7549629829519
"408","SOAP",430,"ABLA",7.2,40.5,0,0,"0",1,1,1,1,"0","0","0","0",NA,NA,NA,0,"0","0","0","0",0,0,0,0,"0","0",NA,NA,0,0,0,0,"0","0",NA,NA,0,0,0,0,"0","0",NA,NA,0,0,0,0,"0","0",NA,NA,0,0,0,0,"0","0",NA,NA,0,0,0,0,"0","0",NA,NA,NA,NA,NA,NA,1,2,3,4,NA,NA,NA,NA,0,0,0,0,0,"SOAP430",2102,430,NA,"Point",2658.631,NA,0.0915824505959947,0,0,0,0,"SOAP_430_2459","SOAP_416_2450",4.79749761915305,"SOAP_416_2450",4.79749761915305,"SOAP_415_2449",5.36534982383051,"SOAP_416_2450",4.79749761915305,NA,40.54536766,-111.0294884,40.54541053,-111.0294812,NA,7.30096435263622,40.54541053,-111.0294812,NA,7.30096435263622,40.54541214,-111.0294636,NA,23.041456494635,40.54541053,-111.0294812,NA,7.30096435263622
"409","SOAP",431,"ABLA",NA,6.6,0,14,"0",1,1,1,1,"0","0","0","0",NA,NA,NA,0,"0","0","0","0",0,0,0,0,"0","0",NA,NA,0,0,0,0,"0","0",NA,NA,0,0,0,0,"0","0",NA,NA,0,0,0,0,"0","0",NA,NA,0,0,0,0,"0","0",NA,NA,0,0,0,0,"0","0",NA,NA,"Rot in area, 7 DB","Rot in area, 7 DB","Rot in area, 7 DB","Rot in area, 7 DB",1,2,3,4,NA,NA,NA,NA,0,0,0,0,0,"SOAP431",2103,431,NA,"Point",2659.834,NA,0.0950596848470377,0,0,0,0,"SOAP_431_2460","SOAP_433_2462",6.24935670304872,"SOAP_433_2462",6.24935670304872,"SOAP_415_2449",9.86014351340645,"SOAP_415_2449",9.86014351340645,NA,40.54535007,-111.0293803,40.54540627,-111.0293759,NA,3.41791739849806,40.54540627,-111.0293759,NA,3.41791739849806,40.54541214,-111.0294636,NA,-45.6728498676833,40.54541214,-111.0294636,NA,-45.6728498676833
"410","SOAP",432,"ABLA",1.1,9.7,0,0,"0",1,1,1,1,"0","0","0","0",NA,NA,NA,0,"0","0","0","0",0,0,0,0,"0","0",NA,NA,0,0,0,0,"0","0",NA,NA,0,0,0,0,"0","0",NA,NA,0,0,0,0,"0","0",NA,NA,0,0,0,0,"0","0",NA,NA,0,0,0,0,"0","0",NA,NA,NA,NA,NA,NA,1,2,3,4,NA,NA,NA,NA,0,0,0,0,0,"SOAP432",2104,432,NA,"Point",2658.297,NA,0.091817745265952,0,0,0,0,"SOAP_432_2461","SOAP_433_2462",3.17374448679376,"SOAP_433_2462",3.17374448679376,"SOAP_436_2465",7.15329823595764,"SOAP_440_2468",7.87849085683663,NA,40.54538553,-111.0293501,40.54540627,-111.0293759,NA,-43.4999376161429,40.54540627,-111.0293759,NA,-43.4999376161429,40.54544297,-111.0293884,NA,-26.9603332408849,40.54544683,-111.029397,NA,-30.2698406334385
"411","SOAP",433,"ABLA",8.9,46.2,3.3,3,"0",1,1,1,1,"BO","BO","0","0",NA,NA,NA,0,"0","0","0","0",0,0,0,0,"0","0",NA,NA,0,0,0,0,"0","0",NA,NA,0,0,0,0,"0","0",NA,NA,0,0,0,0,"0","0",NA,NA,0,0,0,0,"0","0",NA,NA,1,1,0,0,"0","0",NA,NA,"3 DB","3 DB","3 DB","3 DB",1,2,3,4,NA,NA,NA,NA,1,1,0,0,0,"SOAP433",2105,433,NA,"Point",2659.957,NA,0.089052659050762,1,1,0,0,"SOAP_433_2462","SOAP_415_2449",7.45467679368641,"SOAP_436_2465",4.20898826045107,"SOAP_436_2465",4.20898826045107,"SOAP_440_2468",4.84375130142459,NA,40.54540627,-111.0293759,40.54541214,-111.0294636,NA,-84.9856491750214,40.54544297,-111.0293884,NA,-14.564853510176,40.54544297,-111.0293884,NA,-14.564853510176,40.54544683,-111.029397,NA,-21.6454718706536
"412","SOAP",434,"ABLA",3.7,16.4,1.2,2,"0",1,1,1,1,"0","0","0","0",NA,NA,NA,0,"0","0","0","0",0,0,0,0,"0","0",NA,NA,0,0,0,0,"0","0",NA,NA,0,0,0,0,"0","0",NA,NA,0,0,0,0,"0","0",NA,NA,0,0,0,0,"0","0",NA,NA,0,0,0,0,"0","0",NA,NA,NA,NA,NA,NA,1,2,3,4,NA,NA,NA,NA,0,0,0,0,0,"SOAP434",2106,434,NA,"Point",2657.921,NA,0.0888284879020765,0,0,0,0,"SOAP_434_2463","SOAP_433_2462",1.28035163804453,"SOAP_433_2462",1.28035163804453,"SOAP_436_2465",4.14617623306515,"SOAP_440_2468",4.59695167236342,NA,40.54540567,-111.029391,40.54540627,-111.0293759,NA,87.0182777841446,40.54540627,-111.0293759,NA,87.0182777841446,40.54544297,-111.0293884,NA,3.04380091827602,40.54544683,-111.029397,NA,-6.34535276764454
"413","SOAP",435,"ABLA",1.1,8.4,0,1,"0",1,1,1,1,"0","0","0","0",NA,NA,NA,0,"0","0","0","0",0,0,0,0,"0","0",NA,NA,0,0,0,0,"0","0",NA,NA,0,0,0,0,"0","0",NA,NA,0,0,0,0,"0","0",NA,NA,0,0,0,0,"0","0",NA,NA,0,0,0,0,"0","0",NA,NA,"1 DB","1 DB","1 DB","1 DB",1,2,3,4,NA,NA,NA,NA,0,0,0,0,0,"SOAP435",2107,435,NA,"Point",2660.543,NA,0.0862343260290195,0,0,0,0,"SOAP_435_2464","SOAP_433_2462",3.22344668038484,"SOAP_436_2465",2.13499134369972,"SOAP_436_2465",2.13499134369972,"SOAP_440_2468",2.97868271806878,NA,40.54543429,-111.0293659,40.54540627,-111.0293759,NA,-164.770265314498,40.54544297,-111.0293884,NA,-63.1739336354415,40.54544297,-111.0293884,NA,-63.1739336354415,40.54544683,-111.029397,NA,-62.140582714852
"414","SOAP",436,"ABLA",9.2,57,4.1,0,"0",1,1,1,1,"0","BO","BO","0",NA,NA,NA,0,"0","0","0","0",0,0,0,0,"0","0",NA,NA,0,0,0,0,"0","0",NA,NA,0,0,0,0,"0","0",NA,NA,0,0,0,0,"0","0",NA,NA,0,1,1,0,"0","0",NA,NA,0,0,0,0,"0","0",NA,NA,NA,NA,NA,NA,1,2,3,4,NA,NA,NA,NA,0,1,1,0,1,"SOAP436",2108,436,NA,"Point",2658.611,NA,0.0848380223601133,0,1,1,0,"SOAP_436_2465","SOAP_433_2462",4.20898826045107,"SOAP_440_2468",0.844916357807319,"SOAP_441_2469",4.59047279757586,"SOAP_440_2468",0.844916357807319,NA,40.54544297,-111.0293884,40.54540627,-111.0293759,NA,165.43513836419,40.54544683,-111.029397,NA,-59.5286939091098,40.54548049,-111.0294112,NA,-24.8707392981546,40.54544683,-111.029397,NA,-59.5286939091098
"415","SOAP",438,"ABLA",NA,1.8,0,0,"0",1,1,1,1,"0","0","0","0",NA,NA,NA,0,"0","0","0","0",0,0,0,0,"0","0",NA,NA,0,0,0,0,"0","0",NA,NA,0,0,0,0,"0","0",NA,NA,0,0,0,0,"0","0",NA,NA,0,0,0,0,"0","0",NA,NA,0,0,0,0,"0","0",NA,NA,NA,NA,NA,NA,1,2,3,4,NA,NA,NA,NA,0,0,0,0,0,"SOAP438",2110,438,NA,"Point",2657.54,NA,0.0858832474351694,0,0,0,0,"SOAP_438_2466","SOAP_433_2462",3.37649258172558,"SOAP_436_2465",1.49290279883219,"SOAP_436_2465",1.49290279883219,"SOAP_440_2468",1.68782235777949,NA,40.54543164,-111.0293979,40.54540627,-111.0293759,NA,146.514723314481,40.54544297,-111.0293884,NA,32.6043672050218,40.54544297,-111.0293884,NA,32.6043672050218,40.54544683,-111.029397,NA,2.5879136632744
"416","SOAP",439,"ABLA",NA,4.4,0,0,"0",1,1,1,1,"0","0","0","0",NA,NA,NA,0,"0","0","0","0",0,0,0,0,"0","0",NA,NA,0,0,0,0,"0","0",NA,NA,0,0,0,0,"0","0",NA,NA,0,0,0,0,"0","0",NA,NA,0,0,0,0,"0","0",NA,NA,0,0,0,0,"0","0",NA,NA,NA,NA,NA,NA,1,2,3,4,NA,NA,NA,NA,0,0,0,0,0,"SOAP439",2111,439,NA,"Point",2657.713,NA,0.0836988204557866,0,0,0,0,"SOAP_439_2467","SOAP_441_2469",3.37477573539458,"SOAP_440_2468",0.89905711963796,"SOAP_436_2465",1.74219207089077,"SOAP_440_2468",0.89905711963796,NA,40.54545029,-111.0294066,40.54548049,-111.0294112,NA,-6.62777889620471,40.54544683,-111.029397,NA,115.28895664778,40.54544297,-111.0293884,NA,117.799629101786,40.54544683,-111.029397,NA,115.28895664778
"417","SOAP",440,"ABLA",7.2,45.6,11.5,0,"0",1,1,1,1,"0","BO","0","BO",NA,NA,NA,0,"0","0","0","0",0,0,0,0,"0","0",NA,NA,0,1,0,0,"0","0",NA,NA,0,0,0,0,"0","0",NA,NA,0,0,0,1,"0","0",NA,NA,0,0,0,0,"0","0",NA,NA,0,0,0,0,"0","0",NA,NA,NA,NA,NA,NA,1,2,3,4,NA,NA,NA,NA,0,1,0,1,1,"SOAP440",2112,440,NA,"Point",2660.865,NA,0.0842537106657918,0,1,0,1,"SOAP_440_2468","SOAP_441_2469",3.92499760217862,"SOAP_436_2465",0.844916357807319,"SOAP_436_2465",0.844916357807319,"SOAP_441_2469",3.92499760217862,NA,40.54544683,-111.029397,40.54548049,-111.0294112,NA,-17.8391699070183,40.54544297,-111.0293884,NA,120.471300500452,40.54544297,-111.0293884,NA,120.471300500452,40.54548049,-111.0294112,NA,-17.8391699070183
"418","SOAP",441,"ABLA",5.2,40.4,0,0,"0",1,1,1,1,"BO","BO","BO","BO",NA,NA,NA,0,"0","0","0","0",0,0,0,0,"0","0",NA,NA,0,0,0,0,"0","0",NA,NA,0,0,0,0,"0","0",NA,NA,0,0,0,0,"0","0",NA,NA,0,0,0,0,"0","0",NA,NA,1,1,1,1,"0","0",NA,NA,NA,NA,NA,NA,1,2,3,4,NA,NA,NA,NA,1,1,1,1,0,"SOAP441",2113,441,NA,"Point",2662.934,NA,0.0803373347404717,1,1,1,1,"SOAP_441_2469","SOAP_433_2462",8.76396506294065,"SOAP_367_2419",3.5517695324669,"SOAP_436_2465",4.59047279757586,"SOAP_440_2468",3.92499760217862,NA,40.54548049,-111.0294112,40.54540627,-111.0293759,NA,160.058185354236,40.54550801,-111.0294326,NA,-30.6765142145475,40.54544297,-111.0293884,NA,155.129245880678,40.54544683,-111.029397,NA,162.160820862254
"419","SOAP",442,"ABLA",4.7,33.7,0.6,0,"0",1,1,1,1,"0","0","0","0",NA,NA,NA,0,"0","0","0","0",0,0,0,0,"0","0",NA,NA,0,0,0,0,"0","0",NA,NA,0,0,0,0,"0","0",NA,NA,0,0,0,0,"0","0",NA,NA,0,0,0,0,"0","0",NA,NA,0,0,0,0,"0","0",NA,NA,NA,NA,NA,NA,1,2,3,4,NA,NA,NA,NA,0,0,0,0,0,"SOAP442",2114,442,NA,"Point",2662.242,NA,0.0843843474252742,0,0,0,0,"SOAP_442_2470","SOAP_441_2469",4.81833176130804,"SOAP_436_2465",1.79407675606331,"SOAP_436_2465",1.79407675606331,"SOAP_440_2468",2.34312628806076,NA,40.54545071,-111.0293698,40.54548049,-111.0294112,NA,-46.6819914533791,40.54544297,-111.0293884,NA,-118.612204033231,40.54544297,-111.0293884,NA,-118.612204033231,40.54544683,-111.029397,NA,-100.591571837524
"420","SOAP",443,"ABLA",1.3,10.3,0.6,0,"0",1,1,1,1,"0","0","0","0",NA,NA,NA,0,"0","0","0","0",0,0,0,0,"0","0",NA,NA,0,0,0,0,"0","0",NA,NA,0,0,0,0,"0","0",NA,NA,0,0,0,0,"0","0",NA,NA,0,0,0,0,"0","0",NA,NA,0,0,0,0,"0","0",NA,NA,NA,NA,NA,NA,1,2,3,4,NA,NA,NA,NA,0,0,0,0,0,"SOAP443",2115,443,NA,"Point",2662.375,NA,0.0858813022968659,0,0,0,0,"SOAP_443_2471","SOAP_433_2462",3.5801919952738,"SOAP_436_2465",2.00470645734869,"SOAP_436_2465",2.00470645734869,"SOAP_440_2468",2.83401645501849,NA,40.54543759,-111.0293658,40.54540627,-111.0293759,NA,-166.179578644522,40.54544297,-111.0293884,NA,-72.6690206679841,40.54544297,-111.0293884,NA,-72.6690206679841,40.54544683,-111.029397,NA,-68.7827127380926
"421","SOAP",444,"ABLA",NA,3.5,0,0,"0",1,1,1,1,"0","0","0","0",NA,NA,NA,0,"0","0","0","0",0,0,0,0,"0","0",NA,NA,0,0,0,0,"0","0",NA,NA,0,0,0,0,"0","0",NA,NA,0,0,0,0,"0","0",NA,NA,0,0,0,0,"0","0",NA,NA,0,0,0,0,"0","0",NA,NA,NA,"Needs Tag","Needs Tag","Needs Tag",1,2,3,4,NA,NA,NA,NA,0,0,0,0,0,"SOAP444",2116,444,NA,"Point",2659.973,NA,0.0781641221562115,0,0,0,0,"SOAP_444_2472","SOAP_441_2469",3.18897036366145,"SOAP_441_2469",3.18897036366145,"SOAP_441_2469",3.18897036366145,"SOAP_441_2469",3.18897036366145,NA,40.54550444,-111.0293904,40.54548049,-111.0294112,NA,-146.474941317107,40.54548049,-111.0294112,NA,-146.474941317107,40.54548049,-111.0294112,NA,-146.474941317107,40.54548049,-111.0294112,NA,-146.474941317107
"422","SOAP",445,"ABLA",NA,3.4,0,5,"0",1,1,1,1,"0","0","0","0",NA,NA,NA,0,"0","0","0","0",0,0,0,0,"0","0",NA,NA,0,0,0,0,"0","0",NA,NA,0,0,0,0,"0","0",NA,NA,0,0,0,0,"0","0",NA,NA,0,0,0,0,"0","0",NA,NA,0,0,0,0,"0","0",NA,NA,"2 DB","2 DB","2 DB","2 DB",1,2,3,4,NA,NA,NA,NA,0,0,0,0,0,"SOAP445",2117,445,NA,"Point",2660.421,NA,0.0782855940317679,0,0,0,0,"SOAP_445_2473","SOAP_441_2469",4.27645616359447,"SOAP_441_2469",4.27645616359447,"SOAP_441_2469",4.27645616359447,"SOAP_504_2481",3.63937322356475,NA,40.54550663,-111.0293741,40.54548049,-111.0294112,NA,-132.726224002203,40.54548049,-111.0294112,NA,-132.726224002203,40.54548049,-111.0294112,NA,-132.726224002203,40.54553577,-111.0293938,NA,-27.2810625798342
"423","SOAP",446,"ABLA",4,37.7,1.4,0,"0",1,1,1,1,"0","0","0","0",NA,NA,NA,0,"0","0","0","0",0,0,0,0,"0","0",NA,NA,0,0,0,0,"0","0",NA,NA,0,0,0,0,"0","0",NA,NA,0,0,0,0,"0","0",NA,NA,0,0,0,0,"0","0",NA,NA,0,0,0,0,"0","0",NA,NA,NA,NA,NA,NA,1,2,3,4,NA,NA,NA,NA,0,0,0,0,0,"SOAP446",2118,446,NA,"Point",2661.832,NA,0.0774030010740676,0,0,0,0,"SOAP_446_2474","SOAP_441_2469",5.53705358335038,"SOAP_441_2469",5.53705358335038,"SOAP_506_2483",4.99185037746217,"SOAP_504_2481",3.16618505265783,NA,40.54551661,-111.0293661,40.54548049,-111.0294112,NA,-136.393499725989,40.54548049,-111.0294112,NA,-136.393499725989,40.54552377,-111.0294243,NA,-80.8387888107615,40.54553577,-111.0293938,NA,-47.8004261252656
"424","SOAP",447,"ABLA",1.9,13.2,0,0,"0",1,1,1,1,"0","0","0","0",NA,NA,NA,0,"0","0","0","0",0,0,0,0,"0","0",NA,NA,0,0,0,0,"0","0",NA,NA,0,0,0,0,"0","0",NA,NA,0,0,0,0,"0","0",NA,NA,0,0,0,0,"0","0",NA,NA,0,0,0,0,"0","0",NA,NA,NA,NA,NA,NA,1,2,3,4,NA,NA,NA,NA,0,0,0,0,0,"SOAP447",2119,447,NA,"Point",2660.221,NA,0.077692833039458,0,0,0,0,"SOAP_447_2475","SOAP_441_2469",5.8762418037756,"SOAP_441_2469",5.8762418037756,"SOAP_506_2483",5.59743872734494,"SOAP_504_2481",3.70349829353748,NA,40.54551546,-111.0293591,40.54548049,-111.0294112,NA,-131.34368283856,40.54548049,-111.0294112,NA,-131.34368283856,40.54552377,-111.0294243,NA,-80.5147972070464,40.54553577,-111.0293938,NA,-52.502371696591
"425","SOAP",448,"ABLA",2.8,30.9,1.8,2,"0",1,1,1,1,"0","0","0","0",NA,NA,NA,0,"0","0","0","0",0,0,0,0,"0","0",NA,NA,0,0,0,0,"0","0",NA,NA,0,0,0,0,"0","0",NA,NA,0,0,0,0,"0","0",NA,NA,0,0,0,0,"0","0",NA,NA,0,0,0,0,"0","0",NA,NA,"2 DB","2 DB","2 DB","2 DB",1,2,3,4,NA,NA,NA,NA,0,0,0,0,0,"SOAP448",2120,448,NA,"Point",2662.474,NA,0.0775236735336798,0,0,0,0,"SOAP_448_2476","SOAP_441_2469",5.82023873185043,"SOAP_441_2469",5.82023873185043,"SOAP_506_2483",5.39448701316007,"SOAP_504_2481",3.48209399301441,NA,40.54551655,-111.0293613,40.54548049,-111.0294112,NA,-133.449765755636,40.54548049,-111.0294112,NA,-133.449765755636,40.54552377,-111.0294243,NA,-81.4562764780484,40.54553577,-111.0293938,NA,-52.2159401253835
"426","SOAP",450,"ABLA",3.6,35.2,5.3,0,"0",1,1,1,1,"0","0","0","0",NA,NA,NA,0,"0","0","0","0",0,0,0,0,"0","0",NA,NA,0,0,0,0,"0","0",NA,NA,0,0,0,0,"0","0",NA,NA,0,0,0,0,"0","0",NA,NA,0,0,0,0,"0","0",NA,NA,0,0,0,0,"0","0",NA,NA,"Rot in area","Rot in area","Rot in area","Rot in area",1,2,3,4,NA,NA,NA,NA,0,0,0,0,0,"SOAP450",2122,450,NA,"Point",2660.977,NA,0.0761474517914237,0,0,0,0,"SOAP_450_2477","SOAP_441_2469",6.76372913812429,"SOAP_511_2488",5.13930586788713,"SOAP_506_2483",5.22403036684123,"SOAP_504_2481",2.71169828860213,NA,40.54552908,-111.029363,40.54548049,-111.0294112,NA,-142.884308018732,40.54557252,-111.029384,NA,-20.2429300131947,40.54552377,-111.0294243,NA,-96.4783096077008,40.54553577,-111.0293938,NA,-74.106578566438
"427","SOAP",501,"ABLA",2.7,24.8,2.3,0,"0",1,1,1,1,"0","0","0","0",NA,NA,NA,0,"0","0","0","0",0,0,0,0,"0","0",NA,NA,0,0,0,0,"0","0",NA,NA,0,0,0,0,"0","0",NA,NA,0,0,0,0,"0","0",NA,NA,0,0,0,0,"0","0",NA,NA,0,0,0,0,"0","0",NA,NA,"Rot in area","Rot in area","Rot in area","Rot in area",1,2,3,4,NA,NA,NA,NA,0,0,0,0,0,"SOAP501",2123,501,NA,"Point",2660.866,NA,0.0771782084029307,0,0,0,0,"SOAP_501_2478","SOAP_441_2469",6.50199725564105,"SOAP_511_2488",6.19214822678496,"SOAP_506_2483",5.80819695999925,"SOAP_504_2481",3.60879213569027,NA,40.54552105,-111.0293558,40.54548049,-111.0294112,NA,-133.822894769428,40.54557252,-111.029384,NA,-22.682848008288,40.54552377,-111.0294243,NA,-87.0202828571174,40.54553577,-111.0293938,NA,-63.0788384727204
"428","SOAP",502,"ABLA",1.4,12.1,2.8,0,"0",1,1,1,1,"0","0","0","0",NA,NA,NA,0,"0","0","0","0",0,0,0,0,"0","0",NA,NA,0,0,0,0,"0","0",NA,NA,0,0,0,0,"0","0",NA,NA,0,0,0,0,"0","0",NA,NA,0,0,0,0,"0","0",NA,NA,0,0,0,0,"0","0",NA,NA,"Rot in area","Rot in area","Rot in area","Rot in area",1,2,3,4,NA,NA,NA,NA,0,0,0,0,0,"SOAP502",2124,502,NA,"Point",2660.463,NA,0.0768502800387077,0,0,0,0,"SOAP_502_2479","SOAP_441_2469",6.82893058247564,"SOAP_511_2488",5.890450105847,"SOAP_506_2483",5.8938902680931,"SOAP_504_2481",3.5436412091839,NA,40.54552439,-111.0293547,40.54548049,-111.0294112,NA,-135.526250432845,40.54557252,-111.029384,NA,-24.9099833257069,40.54552377,-111.0294243,NA,-90.6690110071701,40.54553577,-111.0293938,NA,-69.1166573637768
"429","SOAP",503,"ABLA",2.7,18.2,8.3,0,"0",1,1,1,1,"0","0","0","0",NA,NA,NA,0,"0","0","0","0",0,0,0,0,"0","0",NA,NA,0,0,0,0,"0","0",NA,NA,0,0,0,0,"0","0",NA,NA,0,0,0,0,"0","0",NA,NA,0,0,0,0,"0","0",NA,NA,0,0,0,0,"0","0",NA,NA,NA,NA,NA,NA,1,2,3,4,NA,NA,NA,NA,0,0,0,0,0,"SOAP503",2125,503,NA,"Point",2660.527,NA,0.0755058225634812,0,0,0,0,"SOAP_503_2480","SOAP_441_2469",5.3477735330637,"SOAP_367_2419",3.64312566672754,"SOAP_506_2483",2.25931118420075,"SOAP_504_2481",0.975180896352383,NA,40.54552762,-111.0293981,40.54548049,-111.0294112,NA,-168.028488083786,40.54550801,-111.0294326,NA,-126.690195262457,40.54552377,-111.0294243,NA,-100.903280165789,40.54553577,-111.0293938,NA,21.9239748611415
"430","SOAP",504,"ABLA",6.5,45.9,12,0,"0",1,1,1,1,"0","0","0","BO",NA,NA,NA,0,"0","0","0","0",0,0,0,0,"0","0",NA,NA,0,0,0,1,"0","0",NA,NA,0,0,0,0,"0","0",NA,NA,0,0,0,0,"0","0",NA,NA,0,0,0,0,"0","0",NA,NA,0,0,0,0,"0","0",NA,NA,NA,NA,NA,"split top",1,2,3,4,NA,NA,NA,NA,0,0,0,1,1,"SOAP504",2126,504,NA,"Point",2659.347,NA,0.074721767901772,0,0,0,1,"SOAP_504_2481","SOAP_441_2469",6.31053050959563,"SOAP_511_2488",4.16282542962408,"SOAP_506_2483",2.9058991251605,"SOAP_441_2469",6.31053050959563,NA,40.54553577,-111.0293938,40.54548049,-111.0294112,NA,-166.498048678297,40.54557252,-111.029384,NA,11.4985359954153,40.54552377,-111.0294243,NA,-117.282670080254,40.54548049,-111.0294112,NA,-166.498048678297
"431","SOAP",505,"ABLA",2.9,15.9,7.2,0,"0",1,1,1,1,"0","0","0","0",NA,NA,NA,0,"0","0","0","0",0,0,0,0,"0","0",NA,NA,0,0,0,0,"0","0",NA,NA,0,0,0,0,"0","0",NA,NA,0,0,0,0,"0","0",NA,NA,0,0,0,0,"0","0",NA,NA,0,0,0,0,"0","0",NA,NA,NA,NA,NA,NA,1,2,3,4,NA,NA,NA,NA,0,0,0,0,0,"SOAP505",2127,505,NA,"Point",2659.311,NA,0.0748272864928013,0,0,0,0,"SOAP_505_2482","SOAP_441_2469",5.71479762125961,"SOAP_367_2419",3.35393254697557,"SOAP_506_2483",1.62267976063397,"SOAP_504_2481",1.30769459045825,NA,40.54553193,-111.0294084,40.54548049,-111.0294112,NA,-177.622240339289,40.54550801,-111.0294326,NA,-142.339872695209,40.54552377,-111.0294243,NA,-123.93080890044,40.54553577,-111.0293938,NA,70.9768674058799
"432","SOAP",506,"ABLA",1,6.6,2,0,"0",1,1,1,1,"0","0","BO","0",NA,NA,NA,0,"0","0","0","0",0,0,0,0,"0","0",NA,NA,0,0,0,0,"0","0",NA,NA,0,0,0,0,"0","0",NA,NA,0,0,0,0,"0","0",NA,NA,0,0,0,0,"0","0",NA,NA,0,0,1,0,"0","0",NA,NA,NA,NA,NA,NA,1,2,3,4,NA,NA,NA,NA,0,0,1,0,1,"SOAP506",2128,506,NA,"Point",2658.514,NA,0.0753991801247629,0,0,1,0,"SOAP_506_2483","SOAP_441_2469",4.93051221167238,"SOAP_367_2419",1.8852718619025,"SOAP_441_2469",4.93051221167238,"SOAP_504_2481",2.9058991251605,NA,40.54552377,-111.0294243,40.54548049,-111.0294112,NA,166.998333727144,40.54550801,-111.0294326,NA,-158.112045728918,40.54548049,-111.0294112,NA,166.998333727144,40.54553577,-111.0293938,NA,62.7173100931569
"433","SOAP",507,"ABLA",NA,1,NA,0,"0",1,1,1,NA,"0","0","0",NA,NA,NA,NA,NA,"0","0","0",NA,0,0,0,NA,"0","0",NA,NA,0,0,0,NA,"0","0",NA,NA,0,0,0,NA,"0","0",NA,NA,0,0,0,NA,"0","0",NA,NA,0,0,0,NA,"0","0",NA,NA,0,0,0,NA,"0","0",NA,NA,NA,NA,NA,NA,1,2,3,NA,NA,NA,NA,NA,0,0,0,NA,NA,"SOAP507",2129,507,NA,"Point",2658.512,NA,0.0743146989546042,0,0,0,NA,"SOAP_507_2484","SOAP_441_2469",6.40617058906406,"SOAP_511_2488",4.1580954529174,"SOAP_506_2483",2.41655847759969,"SOAP_504_2481",0.771029066478944,NA,40.54553782,-111.0294025,40.54548049,-111.0294112,NA,-173.396582779877,40.54557252,-111.029384,NA,22.1318118691443,40.54552377,-111.0294243,NA,-130.19297565304,40.54553577,-111.0293938,NA,107.165149380967
"434","SOAP",508,"ABLA",NA,3.6,0,0,"0",1,1,1,1,"0","0","0","0",NA,NA,NA,0,"0","0","0","0",0,0,0,0,"0","0",NA,NA,0,0,0,0,"0","0",NA,NA,0,0,0,0,"0","0",NA,NA,0,0,0,0,"0","0",NA,NA,0,0,0,0,"0","0",NA,NA,0,0,0,0,"0","0",NA,NA,NA,NA,NA,NA,1,2,3,4,NA,NA,NA,NA,0,0,0,0,0,"SOAP508",2130,508,NA,"Point",2657.797,NA,0.0737027958346161,0,0,0,0,"SOAP_508_2485","SOAP_441_2469",7.68768329241166,"SOAP_511_2488",2.84082798366083,"SOAP_506_2483",4.16043429638279,"SOAP_504_2481",1.41888653927874,NA,40.54554696,-111.0293857,40.54548049,-111.0294112,NA,-163.687755165377,40.54557252,-111.029384,NA,2.9045277608971,40.54552377,-111.0294243,NA,-128.222059207857,40.54553577,-111.0293938,NA,-151.09275189923
"435","SOAP",509,"ABLA",NA,1.9,0,0,"0",1,1,1,1,"0","0","0","0",NA,NA,NA,0,"0","0","0","0",0,0,0,0,"0","0",NA,NA,0,0,0,0,"0","0",NA,NA,0,0,0,0,"0","0",NA,NA,0,0,0,0,"0","0",NA,NA,0,0,0,0,"0","0",NA,NA,0,0,0,0,"0","0",NA,NA,NA,NA,NA,NA,1,2,3,4,NA,NA,NA,NA,0,0,0,0,0,"SOAP509",2131,509,NA,"Point",2660.205,NA,0.0725890149018779,0,0,0,0,"SOAP_509_2486","SOAP_441_2469",9.90087003912022,"SOAP_511_2488",2.01471700405265,"SOAP_506_2483",6.62959707251405,"SOAP_504_2481",3.85019402322824,NA,40.54556223,-111.0293644,40.54548049,-111.0294112,NA,-156.405924986555,40.54557252,-111.029384,NA,-55.4637809316387,40.54552377,-111.0294243,NA,-130.086511172517,40.54553577,-111.0293938,NA,-139.715135046762
"436","SOAP",510,"ABLA",NA,2.4,0,0,"0",1,1,1,1,"0","0","0","0",NA,NA,NA,0,"0","0","0","0",0,0,0,0,"0","0",NA,NA,0,0,0,0,"0","0",NA,NA,0,0,0,0,"0","0",NA,NA,0,0,0,0,"0","0",NA,NA,0,0,0,0,"0","0",NA,NA,0,0,0,0,"0","0",NA,NA,NA,NA,NA,NA,1,2,3,4,NA,NA,NA,NA,0,0,0,0,0,"SOAP510",2132,510,NA,"Point",2661.547,NA,0.0724991061860264,0,0,0,0,"SOAP_510_2487","SOAP_441_2469",9.31396562767153,"SOAP_511_2488",1.49828938332357,"SOAP_506_2483",5.70268037243415,"SOAP_504_2481",3.06915620413726,NA,40.54556019,-111.0293768,40.54548049,-111.0294112,NA,-161.775398911899,40.54557252,-111.029384,NA,-24.0109504052347,40.54552377,-111.0294243,NA,-135.145703038328,40.54553577,-111.0293938,NA,-152.029180236741
"437","SOAP",511,"ABLA",5.1,47.3,16,1,"0",1,1,1,1,"0","BO","0","0",NA,NA,NA,0,"0","0","0","0",0,0,0,0,"0","0",NA,NA,0,0,0,0,"0","0",NA,NA,0,0,0,0,"0","0",NA,NA,0,0,0,0,"0","0",NA,NA,0,1,0,0,"0","0",NA,NA,0,0,0,0,"0","0",NA,NA,"1 DB","1 DB","1 DB","1 DB",1,2,3,4,NA,NA,NA,NA,0,1,0,0,1,"SOAP511",2133,511,NA,"Point",2660.599,NA,0.0710116504442913,0,1,0,0,"SOAP_511_2488","SOAP_334_2386",9.15306644203663,"SOAP_367_2419",8.25896678642831,"SOAP_506_2483",6.39741510570522,"SOAP_504_2481",4.16282542962408,NA,40.54557252,-111.029384,40.54562695,-111.0294652,NA,-48.6938875669147,40.54550801,-111.0294326,NA,-150.113699182663,40.54552377,-111.0294243,NA,-147.763641246231,40.54553577,-111.0293938,NA,-168.501457634071
"438","SOAP",512,"ABLA",9,53,12.6,0,"0",1,1,1,1,"0","0","0","0",NA,NA,NA,0,"0","0","0","0",0,0,0,0,"0","0",NA,NA,0,0,0,0,"0","0",NA,NA,0,0,0,0,"0","0",NA,NA,0,0,0,0,"0","0",NA,NA,0,0,0,0,"0","0",NA,NA,0,0,0,0,"0","0",NA,NA,NA,NA,NA,NA,1,2,3,4,NA,NA,NA,NA,0,0,0,0,0,"SOAP512",2134,512,NA,"Point",2658.087,NA,0.0713083259873347,0,0,0,0,"SOAP_512_2489","SOAP_334_2386",9.81903995668664,"SOAP_511_2488",0.815528212543601,"SOAP_506_2483",6.81404284293089,"SOAP_504_2481",4.33693711537228,NA,40.54557193,-111.0293744,40.54562695,-111.0294652,NA,-51.5390010344163,40.54557252,-111.029384,NA,-85.3939395178633,40.54552377,-111.0294243,NA,-141.676859370316,40.54553577,-111.0293938,NA,-157.742153331441
"439","SOAP",513,"ABLA",NA,2,0,0,"0",1,1,1,1,"0","0","0","0",NA,NA,NA,0,"0","0","0","0",0,0,0,0,"0","0",NA,NA,0,0,0,0,"0","0",NA,NA,0,0,0,0,"0","0",NA,NA,0,0,0,0,"0","0",NA,NA,0,0,0,0,"0","0",NA,NA,0,0,0,0,"0","0",NA,NA,NA,NA,NA,NA,1,2,3,4,NA,NA,NA,NA,0,0,0,0,0,"SOAP513",2135,513,NA,"Point",2657.544,NA,0.0720115260456815,0,0,0,0,"SOAP_513_2490","SOAP_357_2409",8.41969826121037,"SOAP_511_2488",2.44905131268065,"SOAP_506_2483",4.14233076109597,"SOAP_504_2481",2.73300226996883,NA,40.54555847,-111.0294063,40.54556702,-111.0295051,NA,-83.5279158220772,40.54557252,-111.029384,NA,50.4462466291481,40.54552377,-111.0294243,NA,-158.410645232873,40.54553577,-111.0293938,NA,157.21419398659
"440","SOAP",514,"ABLA",2.9,30,8.4,1,"0",1,1,1,1,"0","0","0","0",NA,NA,NA,0,"0","0","0","0",0,0,0,0,"0","0",NA,NA,0,0,0,0,"0","0",NA,NA,0,0,0,0,"0","0",NA,NA,0,0,0,0,"0","0",NA,NA,0,0,0,0,"0","0",NA,NA,0,0,0,0,"0","0",NA,NA,"1 DB","1 DB","1 DB","1 DB",1,2,3,4,NA,NA,NA,NA,0,0,0,0,0,"SOAP514",2136,514,NA,"Point",2661.108,NA,0.072022755849575,0,0,0,0,"SOAP_514_2491","SOAP_441_2469",8.85241990001162,"SOAP_511_2488",1.9326185775918,"SOAP_506_2483",4.51126699224018,"SOAP_504_2481",2.70411063316393,NA,40.54555974,-111.0293995,40.54548049,-111.0294112,NA,-173.574295588708,40.54557252,-111.029384,NA,42.7751484106462,40.54552377,-111.0294243,NA,-152.257645442724,40.54553577,-111.0293938,NA,169.718189893134
"441","SOAP",515,"ABLA",4.3,39.1,0.7,0,"0",1,1,1,1,"0","0","0","0",NA,NA,NA,0,"0","0","0","0",0,0,0,0,"0","0",NA,NA,0,0,0,0,"0","0",NA,NA,0,0,0,0,"0","0",NA,NA,0,0,0,0,"0","0",NA,NA,0,0,0,0,"0","0",NA,NA,0,0,0,0,"0","0",NA,NA,NA,NA,NA,NA,1,2,3,4,NA,NA,NA,NA,0,0,0,0,0,"SOAP515",2137,515,NA,"Point",2662.501,NA,0.0712851489934808,0,0,0,0,"SOAP_515_2492","SOAP_334_2386",9.18739924518735,"SOAP_511_2488",0.474640690584045,"SOAP_506_2483",5.92597072514678,"SOAP_504_2481",3.74670626594732,NA,40.54556918,-111.0293875,40.54562695,-111.0294652,NA,-45.7357610184679,40.54557252,-111.029384,NA,38.6384860742434,40.54552377,-111.0294243,NA,-148.275362586446,40.54553577,-111.0293938,NA,-171.81431432049
"442","SOAP",516,"ABLA",NA,4.8,0,0,"0",1,1,1,1,"0","0","0","0",NA,NA,NA,0,"0","0","0","0",0,0,0,0,"0","0",NA,NA,0,0,0,0,"0","0",NA,NA,0,0,0,0,"0","0",NA,NA,0,0,0,0,"0","0",NA,NA,0,0,0,0,"0","0",NA,NA,0,0,0,0,"0","0",NA,NA,NA,NA,NA,NA,1,2,3,4,NA,NA,NA,NA,0,0,0,0,0,"SOAP516",2138,516,NA,"Point",2663.388,NA,0.0699035132755304,0,0,0,0,"SOAP_516_2493","SOAP_334_2386",7.97844179345445,"SOAP_511_2488",1.19618362444348,"SOAP_506_2483",6.88470960593122,"SOAP_504_2481",5.01572756703548,NA,40.54558095,-111.0293928,40.54562695,-111.0294652,NA,-50.2097398127109,40.54557252,-111.029384,NA,141.468695755031,40.54552377,-111.0294243,NA,-157.205603115571,40.54553577,-111.0293938,NA,-179.032674910715
"443","SOAP",517,"ABLA",3.1,24,2.1,0,"0",1,1,1,1,"0","0","0","0",NA,NA,NA,0,"0","0","0","0",0,0,0,0,"0","0",NA,NA,0,0,0,0,"0","0",NA,NA,0,0,0,0,"0","0",NA,NA,0,0,0,0,"0","0",NA,NA,0,0,0,0,"0","0",NA,NA,0,0,0,0,"0","0",NA,NA,NA,NA,NA,NA,1,2,3,4,NA,NA,NA,NA,0,0,0,0,0,"SOAP517",2139,517,NA,"Point",2662.9,NA,0.0703885403133081,0,0,0,0,"SOAP_517_2494","SOAP_334_2386",7.48368842033899,"SOAP_511_2488",2.53236472871914,"SOAP_506_2483",5.43098822146566,"SOAP_504_2481",4.37199983514315,NA,40.54557205,-111.0294139,40.54562695,-111.0294652,NA,-35.4821416858217,40.54557252,-111.029384,NA,88.8195316553014,40.54552377,-111.0294243,NA,-170.668272285012,40.54553577,-111.0293938,NA,157.089348540261
"444","SOAP",518,"ABLA",NA,2.4,0,0,"0",1,1,1,1,"0","0","0","0",NA,NA,NA,0,"0","0","0","0",0,0,0,0,"0","0",NA,NA,0,0,0,0,"0","0",NA,NA,0,0,0,0,"0","0",NA,NA,0,0,0,0,"0","0",NA,NA,0,0,0,0,"0","0",NA,NA,0,0,0,0,"0","0",NA,NA,NA,NA,NA,NA,1,2,3,4,NA,NA,NA,NA,0,0,0,0,0,"SOAP518",2140,518,NA,"Point",2663.146,NA,0.0693580428939281,0,0,0,0,"SOAP_518_2495","SOAP_334_2386",6.56399193917367,"SOAP_511_2488",2.88345615452835,"SOAP_506_2483",6.4113712164053,"SOAP_504_2481",5.38366876162005,NA,40.54558119,-111.0294161,40.54562695,-111.0294652,NA,-39.3011924238598,40.54557252,-111.029384,NA,109.497014103501,40.54552377,-111.0294243,NA,-173.782706172589,40.54553577,-111.0293938,NA,159.467201249586
"445","SOAP",519,"ABLA",NA,6,0,6,"0",1,1,1,1,"0","0","0","0",NA,NA,NA,0,"0","0","0","0",0,0,0,0,"0","0",NA,NA,0,0,0,0,"0","0",NA,NA,0,0,0,0,"0","0",NA,NA,0,0,0,0,"0","0",NA,NA,0,0,0,0,"0","0",NA,NA,0,0,0,0,"0","0",NA,NA,"4 DB","4 DB","4 DB","4 DB",1,2,3,4,NA,NA,NA,NA,0,0,0,0,0,"SOAP519",2141,519,NA,"Point",2662.413,NA,0.0621580622854896,0,0,0,0,"SOAP_519_2496","SOAP_534_2510",3.04146362643954,"SOAP_527_2503",2.35835886858353,"SOAP_348_2400",8.26939935640063,"SOAP_346_2398",10.9630648879416,NA,40.54564872,-111.0294144,40.54567599,-111.0294179,NA,-5.5919070515468,40.54566165,-111.0293923,NA,52.5134202580292,40.54561085,-111.0294985,NA,-120.552738904976,40.54559289,-111.0295212,NA,-124.421507560994
"446","SOAP",520,"ABLA",1.5,8.3,4.9,0,"0",1,1,1,1,"0","0","0","0",NA,NA,NA,0,"0","0","0","0",0,0,0,0,"0","0",NA,NA,0,0,0,0,"0","0",NA,NA,0,0,0,0,"0","0",NA,NA,0,0,0,0,"0","0",NA,NA,0,0,0,0,"0","0",NA,NA,0,0,0,0,"0","0",NA,NA,NA,NA,NA,NA,1,2,3,4,NA,NA,NA,NA,0,0,0,0,0,"SOAP520",2142,520,NA,"Point",2662.638,NA,0.0618942512005558,0,0,0,0,"SOAP_520_2497","SOAP_534_2510",2.72528192629847,"SOAP_527_2503",1.83822724360939,"SOAP_348_2400",8.77881491446197,"SOAP_346_2398",11.4804203481806,NA,40.54565217,-111.0294101,40.54567599,-111.0294179,NA,-14.0253586145723,40.54566165,-111.0293923,NA,55.0789845148656,40.54561085,-111.0294985,NA,-121.497153049293,40.54559289,-111.0295212,NA,-124.970873758787
"447","SOAP",521,"ABLA",1.2,9.4,1,0,"0",1,1,1,1,"0","0","0","0",NA,NA,NA,0,"0","0","0","0",0,0,0,0,"0","0",NA,NA,0,0,0,0,"0","0",NA,NA,0,0,0,0,"0","0",NA,NA,0,0,0,0,"0","0",NA,NA,0,0,0,0,"0","0",NA,NA,0,0,0,0,"0","0",NA,NA,NA,NA,NA,NA,1,2,3,4,NA,NA,NA,NA,0,0,0,0,0,"SOAP521",2143,521,NA,"Point",2663.75,NA,0.0621004716367152,0,0,0,0,"SOAP_521_2498","SOAP_534_2510",3.00501941002712,"SOAP_527_2503",2.43044876924371,"SOAP_348_2400",8.18909890321419,"SOAP_346_2398",10.8882795302905,NA,40.54564897,-111.0294157,40.54567599,-111.0294179,NA,-3.55417501381418,40.54566165,-111.0293923,NA,54.6122537963595,40.54561085,-111.0294985,NA,-121.111455482614,40.54559289,-111.0295212,NA,-124.869408593341
"448","SOAP",523,"ABLA",1,8.7,0,0,"0",1,1,1,1,"0","0","0","0",NA,NA,NA,0,"0","0","0","0",0,0,0,0,"0","0",NA,NA,0,0,0,0,"0","0",NA,NA,0,0,0,0,"0","0",NA,NA,0,0,0,0,"0","0",NA,NA,0,0,0,0,"0","0",NA,NA,0,0,0,0,"0","0",NA,NA,NA,NA,NA,NA,1,2,3,4,NA,NA,NA,NA,0,0,0,0,0,"SOAP523",2145,523,NA,"Point",2664.981,NA,0.0626263259942648,0,0,0,0,"SOAP_523_2499","SOAP_534_2510",5.34105282098302,"SOAP_527_2503",2.82619387824984,"SOAP_348_2400",12.9215634443094,"SOAP_504_2481",13.9215800021708,NA,40.54565838,-111.0293592,40.54567599,-111.0294179,NA,-68.5320254337103,40.54566165,-111.0293923,NA,-82.6210239420921,40.54561085,-111.0294985,NA,-114.097995083892,40.54553577,-111.0293938,NA,-167.851225221614
"449","SOAP",524,"ABLA",3,17.4,4.7,0,"0",1,1,1,1,"0","0","0","0",NA,NA,NA,0,"0","0","0","0",0,0,0,0,"0","0",NA,NA,0,0,0,0,"0","0",NA,NA,0,0,0,0,"0","0",NA,NA,0,0,0,0,"0","0",NA,NA,0,0,0,0,"0","0",NA,NA,0,0,0,0,"0","0",NA,NA,NA,NA,NA,NA,1,2,3,4,NA,NA,NA,NA,0,0,0,0,0,"SOAP524",2146,524,NA,"Point",2663.249,NA,0.061157981467084,0,0,0,0,"SOAP_524_2500","SOAP_534_2510",4.39637326338873,"SOAP_526_2502",2.00226068423947,"SOAP_348_2400",12.985571326632,"SOAP_504_2481",15.1217647816346,NA,40.5456704,-111.0293665,40.54567599,-111.0294179,NA,-81.886297217507,40.54568671,-111.0293766,NA,-25.285736289762,40.54561085,-111.0294985,NA,-120.599442700008,40.54553577,-111.0293938,NA,-171.206694995613
"450","SOAP",525,"ABLA",NA,7.2,0,0,"0",1,1,1,1,"0","0","0","0",NA,NA,NA,0,"0","0","0","0",0,0,0,0,"0","0",NA,NA,0,0,0,0,"0","0",NA,NA,0,0,0,0,"0","0",NA,NA,0,0,0,0,"0","0",NA,NA,0,0,0,0,"0","0",NA,NA,0,0,0,0,"0","0",NA,NA,NA,NA,"not found / under snow?",NA,1,2,3,4,NA,NA,NA,NA,0,0,0,0,0,"SOAP525",2147,525,NA,"Point",2662.042,NA,0.0601262360227936,0,0,0,0,"SOAP_525_2501","SOAP_534_2510",3.79447511904209,"SOAP_526_2502",0.966300962182731,"SOAP_348_2400",12.9920209446247,"SOAP_346_2398",15.7208656492626,NA,40.5456784,-111.0293732,40.54567599,-111.0294179,NA,-94.0427105589594,40.54568671,-111.0293766,NA,-17.3339101285218,40.54561085,-111.0294985,NA,-125.24896932298,40.54559289,-111.0295212,NA,-127.13981028159
"451","SOAP",526,"ABLA",2,11.8,4.4,0,"0",1,1,1,1,"0","BO","0","0",NA,NA,NA,0,"0","0","0","0",0,0,0,0,"0","0",NA,NA,0,0,0,0,"0","0",NA,NA,0,1,0,0,"0","0",NA,NA,0,0,0,0,"0","0",NA,NA,0,0,0,0,"0","0",NA,NA,0,0,0,0,"0","0",NA,NA,NA,NA,NA,"dead top",1,2,3,4,NA,NA,NA,NA,0,1,0,0,1,"SOAP526",2148,526,NA,"Point",2662.168,NA,0.0591601051056526,0,1,0,0,"SOAP_526_2502","SOAP_534_2510",3.69403196222715,"SOAP_527_2503",3.08303237087816,"SOAP_348_2400",13.3210307313404,"SOAP_304_2360",15.9177704958909,NA,40.54568671,-111.0293766,40.54567599,-111.0294179,NA,-108.791270537548,40.54566165,-111.0293923,NA,-154.455937593351,40.54561085,-111.0294985,NA,-129.206806197024,40.54566043,-111.0295614,NA,-100.559674497348
"452","SOAP",527,"ABLA",5.8,40.7,9.1,0,"0",1,1,1,1,"0","BO","0","0",NA,NA,NA,0,"0","0","0","0",0,0,0,0,"0","0",NA,NA,0,0,0,0,"0","0",NA,NA,0,1,0,0,"0","0",NA,NA,0,0,0,0,"0","0",NA,NA,0,1,0,0,"0","0",NA,NA,0,0,0,0,"0","0",NA,NA,NA,NA,NA,NA,1,2,3,4,NA,NA,NA,NA,0,1,0,0,1,"SOAP527",2149,527,NA,"Point",2662.037,NA,0.0613450829164621,0,1,0,0,"SOAP_527_2503","SOAP_534_2510",2.68936028148097,"SOAP_526_2502",3.08303237087816,"SOAP_348_2400",10.6143287497094,"SOAP_346_2398",13.3186469918663,NA,40.54566165,-111.0293923,40.54567599,-111.0294179,NA,-53.7102029139177,40.54568671,-111.0293766,NA,25.5440522008013,40.54561085,-111.0294985,NA,-122.089755891835,40.54559289,-111.0295212,NA,-124.963980796226
"453","SOAP",528,"ABLA",5.4,37.9,10,0,"0",1,1,1,1,"0","0","0","0",NA,NA,NA,0,"0","0","0","0",0,0,0,0,"0","0",NA,NA,0,0,0,0,"0","0",NA,NA,0,0,0,0,"0","0",NA,NA,0,0,0,0,"0","0",NA,NA,0,0,0,0,"0","0",NA,NA,0,0,0,0,"0","0",NA,NA,NA,NA,NA,"dead top",1,2,3,4,NA,NA,NA,NA,0,0,0,0,0,"SOAP528",2150,528,NA,"Point",2663.952,NA,0.06067662089991,0,0,0,0,"SOAP_528_2504","SOAP_534_2510",1.52367125770617,"SOAP_527_2503",1.52301953632771,"SOAP_348_2400",9.50481691773114,"SOAP_346_2398",12.2532238885748,NA,40.54566362,-111.0294101,40.54567599,-111.0294179,NA,-25.6883898552686,40.54566165,-111.0293923,NA,98.2549118221107,40.54561085,-111.0294985,NA,-128.044037297485,40.54559289,-111.0295212,NA,-129.8466852146
"454","SOAP",529,"ABLA",9.7,46.9,6.8,6,"0",1,1,1,1,"0","0","0","0",NA,NA,NA,0,"0","0","0","0",0,0,0,0,"0","0",NA,NA,0,0,0,0,"0","0",NA,NA,0,0,0,0,"0","0",NA,NA,0,0,0,0,"0","0",NA,NA,0,0,0,0,"0","0",NA,NA,0,0,0,0,"0","0",NA,NA,"6 DB, WOB","6 DB, WOB","6 DB, WOB","6 DB, WOB, split top",1,2,3,4,NA,NA,NA,NA,0,0,0,0,0,"SOAP529",2151,529,NA,"Point",2660.952,NA,0.0601583189443127,0,0,0,0,"SOAP_529_2505","SOAP_534_2510",1.09195425788257,"SOAP_527_2503",2.38416251364962,"SOAP_348_2400",9.06855087042346,"SOAP_346_2398",11.8342467075495,NA,40.54566626,-111.0294198,40.54567599,-111.0294179,NA,8.47262433449555,40.54566165,-111.0293923,NA,102.393825695082,40.54561085,-111.0294985,NA,-132.705345974354,40.54559289,-111.0295212,NA,-133.486388731127
"455","SOAP",530,"ABLA",1.9,12.1,2.4,0,"0",1,1,1,1,"0","0","0","0",NA,NA,NA,0,"0","0","0","0",0,0,0,0,"0","0",NA,NA,0,0,0,0,"0","0",NA,NA,0,0,0,0,"0","0",NA,NA,0,0,0,0,"0","0",NA,NA,0,0,0,0,"0","0",NA,NA,0,0,0,0,"0","0",NA,NA,NA,NA,NA,NA,1,2,3,4,NA,NA,NA,NA,0,0,0,0,0,"SOAP530",2152,530,NA,"Point",2658.638,NA,0.0607250230765803,0,0,0,0,"SOAP_530_2506","SOAP_534_2510",1.80080873615668,"SOAP_527_2503",2.60427228780936,"SOAP_348_2400",8.42183088413687,"SOAP_346_2398",11.1817725511596,NA,40.54566024,-111.029423,40.54567599,-111.0294179,NA,13.8752456810591,40.54566165,-111.0293923,NA,86.5545638107476,40.54561085,-111.0294985,NA,-130.614452076661,40.54559289,-111.0295212,NA,-131.957458114267
"456","SOAP",531,"ABLA",NA,4.8,0,3,"0",1,1,1,1,"0","0","0","0",NA,NA,NA,0,"0","0","0","0",0,0,0,0,"0","0",NA,NA,0,0,0,0,"0","0",NA,NA,0,0,0,0,"0","0",NA,NA,0,0,0,0,"0","0",NA,NA,0,0,0,0,"0","0",NA,NA,0,0,0,0,"0","0",NA,NA,"Rot in area, 1 DB","Rot in area, 1 DB","Rot in area, 1 DB","Rot in area, 1 DB",1,2,3,4,NA,NA,NA,NA,0,0,0,0,0,"SOAP531",2153,531,NA,"Point",2657.952,NA,0.0604026674758685,0,0,0,0,"SOAP_531_2507","SOAP_534_2510",1.762396172869,"SOAP_527_2503",3.0319225946951,"SOAP_348_2400",8.2438836560856,"SOAP_346_2398",11.0114292193569,NA,40.54566215,-111.0294281,40.54567599,-111.0294179,NA,29.3452367333829,40.54566165,-111.0293923,NA,91.0488654857161,40.54561085,-111.0294985,NA,-133.688279369665,40.54559289,-111.0295212,NA,-134.280778003597
"457","SOAP",532,"ABLA",1.7,8.6,2.5,1,"0",1,1,1,1,"0","0","0","0",NA,NA,NA,0,"0","0","0","0",0,0,0,0,"0","0",NA,NA,0,0,0,0,"0","0",NA,NA,0,0,0,0,"0","0",NA,NA,0,0,0,0,"0","0",NA,NA,0,0,0,0,"0","0",NA,NA,0,0,0,0,"0","0",NA,NA,"Split Bottom","Split bottom","Split bottom","Split bottom",1,2,3,4,NA,NA,NA,NA,0,0,0,0,0,"SOAP532",2154,532,NA,"Point",2660.499,NA,0.0596722538553483,0,0,0,0,"SOAP_532_2508","SOAP_534_2510",1.96234346375995,"SOAP_527_2503",3.89709793613626,"SOAP_348_2400",8.07265642659833,"SOAP_304_2360",10.4908409415186,NA,40.54566693,-111.0294378,40.54567599,-111.0294179,NA,59.1706671290221,40.54566165,-111.0293923,NA,98.6495028044492,40.54561085,-111.0294985,NA,-140.453814316639,40.54566043,-111.0295614,NA,-93.9435744852213
"458","SOAP",533,"ABLA",NA,3.6,0,0,"0",1,1,1,1,"0","0","0","0",NA,NA,NA,0,"0","0","0","0",0,0,0,0,"0","0",NA,NA,0,0,0,0,"0","0",NA,NA,0,0,0,0,"0","0",NA,NA,0,0,0,0,"0","0",NA,NA,0,0,0,0,"0","0",NA,NA,0,0,0,0,"0","0",NA,NA,NA,NA,NA,NA,1,2,3,4,NA,NA,NA,NA,0,0,0,0,0,"SOAP533",2155,533,NA,"Point",2660.89,NA,0.058628657873247,0,0,0,0,"SOAP_533_2509","SOAP_534_2510",1.08752101407396,"SOAP_527_2503",3.71474116238234,"SOAP_348_2400",9.44497591370454,"SOAP_304_2360",11.2673916315953,NA,40.54567824,-111.0294304,40.54567599,-111.0294179,NA,103.276594530545,40.54566165,-111.0293923,NA,119.717769757823,40.54561085,-111.0294985,NA,-142.37197291484,40.54566043,-111.0295614,NA,-100.105109015749
"459","SOAP",534,"ABLA",1.1,9.4,0.6,0,"0",1,1,1,1,"BR","0","0","0",NA,NA,NA,0,"0","0","0","0",0,0,0,0,"0","0",NA,NA,1,0,0,0,"0","0",NA,NA,0,0,0,0,"0","0",NA,NA,0,0,0,0,"0","0",NA,NA,0,0,0,0,"0","0",NA,NA,0,0,0,0,"0","0",NA,NA,NA,NA,NA,NA,1,2,3,4,NA,NA,NA,NA,1,0,0,0,0,"SOAP534",2156,534,NA,"Point",2660.894,NA,0.0591683322428938,1,0,0,0,"SOAP_534_2510","SOAP_334_2386",6.75818044864956,"SOAP_527_2503",2.68936028148097,"SOAP_348_2400",9.94288215424382,"SOAP_304_2360",12.2731977025942,NA,40.54567599,-111.0294179,40.54562695,-111.0294652,NA,-143.655140297511,40.54566165,-111.0293923,NA,126.289780444701,40.54561085,-111.0294985,NA,-136.653180869767,40.54566043,-111.0295614,NA,-98.0898749442007
"460","SOAP",535,"ABLA",4.8,36.2,0.6,0,"0",1,1,1,1,"0","0","0","0",NA,NA,NA,0,"0","0","0","0",0,0,0,0,"0","0",NA,NA,0,0,0,0,"0","0",NA,NA,0,0,0,0,"0","0",NA,NA,0,0,0,0,"0","0",NA,NA,0,0,0,0,"0","0",NA,NA,0,0,0,0,"0","0",NA,NA,NA,NA,NA,NA,1,2,3,4,NA,NA,NA,NA,0,0,0,0,0,"SOAP535",2157,535,NA,"Point",2660.588,NA,0.0588229925862558,0,0,0,0,"SOAP_535_2511","SOAP_534_2510",0.373503057664492,"SOAP_527_2503",3.05267609385471,"SOAP_348_2400",9.99688137205022,"SOAP_304_2360",12.0832912471819,NA,40.54567859,-111.0294207,40.54567599,-111.0294179,NA,140.59602144144,40.54566165,-111.0293923,NA,128.022317828599,40.54561085,-111.0294985,NA,-138.77724054888,40.54566043,-111.0295614,NA,-99.6031180283766
"461","SOAP",536,"ABLA",6.3,40.5,0.5,1,"0",1,1,1,1,"0","0","0","0",NA,NA,NA,0,"0","0","0","0",0,0,0,0,"0","0",NA,NA,0,0,0,0,"0","0",NA,NA,0,0,0,0,"0","0",NA,NA,0,0,0,0,"0","0",NA,NA,0,0,0,0,"0","0",NA,NA,0,0,0,0,"0","0",NA,NA,NA,NA,NA,NA,1,2,3,4,NA,NA,NA,NA,0,0,0,0,0,"SOAP536",2158,536,NA,"Point",2662.566,NA,0.0576329046548744,0,0,0,0,"SOAP_536_2512","SOAP_534_2510",3.07045544498081,"SOAP_526_2502",1.81640496378918,"SOAP_348_2400",13.0125533973375,"SOAP_304_2360",14.7565885392671,NA,40.54569659,-111.0293937,40.54567599,-111.0294179,NA,-138.134638805708,40.54568671,-111.0293766,NA,127.140234467523,40.54561085,-111.0294985,NA,-137.002698402135,40.54566043,-111.0295614,NA,-105.783235388632
"462","SOAP",537,"ABLA",3,16.4,5.1,0,"0",1,1,1,1,"0","0","0","0",NA,NA,NA,0,"0","0","0","0",0,0,0,0,"0","0",NA,NA,0,0,0,0,"0","0",NA,NA,0,0,0,0,"0","0",NA,NA,0,0,0,0,"0","0",NA,NA,0,0,0,0,"0","0",NA,NA,0,0,0,0,"0","0",NA,NA,NA,NA,NA,NA,1,2,3,4,NA,NA,NA,NA,0,0,0,0,0,"SOAP537",2159,537,NA,"Point",2663.566,NA,0.0582294100596329,0,0,0,0,"SOAP_537_2513","SOAP_534_2510",3.61006829086952,"SOAP_526_2502",0.946572061762818,"SOAP_348_2400",13.4846109550823,"SOAP_304_2360",15.6083959373856,NA,40.545694,-111.0293824,40.54567599,-111.0294179,NA,-123.625560255132,40.54568671,-111.0293766,NA,148.745286088703,40.54561085,-111.0294985,NA,-133.193312177577,40.54566043,-111.0295614,NA,-103.811923656089
"463","SOAP",538,"ABLA",1.6,8.8,2,0,"0",1,1,1,1,"0","0","0","0",NA,NA,NA,0,"0","0","0","0",0,0,0,0,"0","0",NA,NA,0,0,0,0,"0","0",NA,NA,0,0,0,0,"0","0",NA,NA,0,0,0,0,"0","0",NA,NA,0,0,0,0,"0","0",NA,NA,0,0,0,0,"0","0",NA,NA,NA,NA,NA,NA,1,2,3,4,NA,NA,NA,NA,0,0,0,0,0,"SOAP538",2160,538,NA,"Point",2662.325,NA,0.056640704118,0,0,0,0,"SOAP_538_2514","SOAP_534_2510",4.10343608257912,"SOAP_526_2502",2.54469665583588,"SOAP_348_2400",14.00411383531,"SOAP_304_2360",15.3110651756953,NA,40.54570679,-111.0293911,40.54567599,-111.0294179,NA,-146.424810358769,40.54568671,-111.0293766,NA,151.151423001093,40.54561085,-111.0294985,NA,-139.503732692305,40.54566043,-111.0295614,NA,-109.639167249875
"464","SOAP",539,"ABLA",NA,3.2,0,4,"0",1,1,1,1,"0","0","0","0",NA,NA,NA,0,"0","0","0","0",0,0,0,0,"0","0",NA,NA,0,0,0,0,"0","0",NA,NA,0,0,0,0,"0","0",NA,NA,0,0,0,0,"0","0",NA,NA,0,0,0,0,"0","0",NA,NA,0,0,0,0,"0","0",NA,NA,"1 DB","1 DB","1 DB","1 DB",1,2,3,4,NA,NA,NA,NA,0,0,0,0,0,"SOAP539",2161,539,NA,"Point",2661.364,NA,0.0550469572957231,0,0,0,0,"SOAP_539_2515","SOAP_534_2510",5.02714408520997,"SOAP_526_2502",4.1633786647571,"SOAP_348_2400",14.612156365895,"SOAP_304_2360",15.0904487368626,NA,40.54571936,-111.0294008,40.54567599,-111.0294179,NA,-163.2599772834,40.54568671,-111.0293766,NA,150.515462542224,40.54561085,-111.0294985,NA,-145.516781412785,40.54566043,-111.0295614,NA,-115.687992959149
"465","SOAP",189,"ABLA",7.7,37.4,25.4,0,"0",NA,1,1,1,NA,"0","0","0",NA,NA,NA,0,NA,"0","0","0",NA,0,0,0,NA,"0",NA,NA,NA,0,0,0,NA,"0",NA,NA,NA,0,0,0,NA,"0",NA,NA,NA,0,0,0,NA,"0",NA,NA,NA,0,0,0,NA,"0",NA,NA,NA,0,0,0,NA,"0",NA,NA,NA,NA,NA,"split top",NA,2,3,4,NA,NA,NA,NA,NA,0,0,0,0,"SOAP189",1913,189,NA,"Point",2655.096,NA,0.0801843303946031,NA,0,0,0,"SOAP_189_2516","SOAP_185_2308",1.21490704181409,"SOAP_185_2308",1.21490704181409,"SOAP_58_2205",2.67998410344636,"SOAP_180_2304",4.37718331202318,NA,40.54546405,-111.0296423,40.54547159,-111.0296527,NA,-46.4571599869078,40.54547159,-111.0296527,NA,-46.4571599869078,40.54545957,-111.0296734,NA,-100.693455337083,40.54542467,-111.029645,NA,-177.005990522357
