"","site","tag","species","dbh","height","canopy_ht","brooms","rot","Dead / Alive_v1","Dead / Alive_v2","Dead / Alive_v3","Dead / Alive_v4","Inf Location_v1","Inf Location_v2","Inf Location_v3","Inf Location_v4","Gouting_v1","Gouting_v2","Gouting_v3","Gouting_v4","Beetle_v1","Beetle_v2","Beetle_v3","Beetle_v4","NL_v1","NL_v2","NL_v3","NL_v4","NLW_v1","NLW_v2","NLW_v3","NLW_v4","NM_v1","NM_v2","NM_v3","NM_v4","NMW_v1","NMW_v2","NMW_v3","NMW_v4","NH_v1","NH_v2","NH_v3","NH_v4","NHW_v1","NHW_v2","NHW_v3","NHW_v4","SL_v1","SL_v2","SL_v3","SL_v4","SLW_v1","SLW_v2","SLW_v3","SLW_v4","SM_v1","SM_v2","SM_v3","SM_v4","SMW_v1","SMW_v2","SMW_v3","SMW_v4","SH_v1","SH_v2","SH_v3","SH_v4","SHW_v1","SHW_v2","SHW_v3","SHW_v4","Notes_v1","Notes_v2","Notes_v3","Notes_v4","Visit_v1","Visit_v2","Visit_v3","Visit_v4","WSB_v1","WSB_v2","WSB_v3","WSB_v4","infested_v1","infested_v2","infested_v3","infested_v4","new_infestation","tag_ID","Number","Tag #","Description","GeometryType","Elevation","GeoidOffset","distance","infestation_visit_1","infestation_visit_2","infestation_visit_3","infestation_visit_4","unique_ID","TARGET","DISTANCE","TARGET2","DISTANCE2","TARGET3","DISTANCE3","TARGET4","DISTANCE4","geometry.x","Latitude.focal","Longitude.focal","Latitude.target","Longitude.target","geometry.y","bearings1","Latitude.target2","Longitude.target2","geometry.x.x","bearings2","Latitude.target3","Longitude.target3","geometry.y.y","bearings3","Latitude.target4","Longitude.target4","geometry","bearings4"
"1","TMPF",216,"ABLA",NA,5.7,NA,0,"0",1,1,1,1,"0","0","0","BO",0,0,0,0,"0","0","0","0",0,0,0,0,"0","0","0",NA,0,0,0,0,"0","0","0",NA,0,0,0,1,"0","0","0",NA,0,0,0,0,"0","0","0",NA,0,0,0,0,"0","0","0",NA,0,0,0,1,"0","0","0",NA,NA,NA,NA,NA,1,2,3,4,NA,NA,NA,NA,0,0,0,1,1,"TMPF216",2942,216,NA,"Point",2383.03,NA,0.050075283216916,0,0,0,1,"TMPF_216_2517","TMPF_217_2680",1.31460276863023,"TMPF_217_2680",1.31460276863023,"TMPF_217_2680",1.31460276863023,"TMPF_217_2680",1.31460276863023,NA,41.79830937,-111.5192963,41.79831926,-111.519305,NA,-33.354958321732,41.79831926,-111.519305,NA,-33.354958321732,41.79831926,-111.519305,NA,-33.354958321732,41.79831926,-111.519305,NA,-33.354958321732
"2","TMPF",136,"ABLA",NA,5,NA,0,"0",1,1,1,1,"BR","BR","BO","BO",0,0,1,1,"0","0","0","0",0,0,0,0,"0","0","0",NA,0,0,0,1,"0","0","0",NA,1,1,0,1,"0","0","0",NA,0,0,0,0,"0","0","0",NA,0,0,0,1,"0","0","0",NA,0,0,0,1,"0","0","0",NA,NA,NA,NA,NA,1,2,3,4,NA,NA,NA,NA,1,1,0,1,0,"TMPF136",2867,136,NA,"Point",2394.86,NA,0.0345066887288699,1,1,0,1,"TMPF_136_2518","TMPF_137_2644",3.69958388612401,"TMPF_137_2644",3.69958388612401,"TMPF_137_2644",3.69958388612401,"TMPF_137_2644",3.69958388612401,NA,41.79828468,-111.5187682,41.79826538,-111.5188045,NA,-125.394878313831,41.79826538,-111.5188045,NA,-125.394878313831,41.79826538,-111.5188045,NA,-125.394878313831,41.79826538,-111.5188045,NA,-125.394878313831
"3","TMPF",139,"ABLA",NA,4.9,NA,0,"0",1,1,1,1,"0","0","0","BO",1,1,0,1,"0","0","0","0",0,0,0,0,"0","0","0",NA,0,0,0,0,"0","0","0",NA,0,0,0,0,"0","0","0",NA,0,0,0,1,"0","0","0",NA,0,0,0,0,"0","0","0",NA,0,0,0,0,"0","0","0",NA,NA,NA,NA,NA,1,2,3,4,NA,NA,NA,NA,0,0,0,1,1,"TMPF139",2870,139,NA,"Point",2393.845,NA,0.0367428127571433,0,0,0,1,"TMPF_139_2519","TMPF_137_2644",2.43724105713788,"TMPF_137_2644",2.43724105713788,"TMPF_137_2644",2.43724105713788,"TMPF_138_2796",1.93742279351602,NA,41.79826161,-111.5188334,41.79826538,-111.5188045,NA,80.1109452193994,41.79826538,-111.5188045,NA,80.1109452193994,41.79826538,-111.5188045,NA,80.1109452193994,41.79826449,-111.5188104,NA,80.5002277683987
"4","TMPF",140,"ABLA",NA,2.6,NA,0,"0",1,1,1,1,"0","0","0","BO",0,0,0,0,"0","0","0","0",0,0,0,0,"0","0","0",NA,0,0,0,0,"0","0","0",NA,0,0,0,1,"0","0","0",NA,0,0,0,0,"0","0","0",NA,0,0,0,0,"0","0","0",NA,0,0,0,0,"0","0","0",NA,NA,NA,NA,NA,1,2,3,4,NA,NA,NA,NA,0,0,0,1,1,"TMPF140",2871,140,NA,"Point",2392.859,NA,0.03271052159363,0,0,0,1,"TMPF_140_2520","TMPF_143_2698",1.58326708195508,"TMPF_143_2698",1.58326708195508,"TMPF_143_2698",1.58326708195508,"TMPF_143_2698",1.58326708195508,NA,41.79829795,-111.5188146,41.79831169,-111.5188197,NA,-15.5225695150797,41.79831169,-111.5188197,NA,-15.5225695150797,41.79831169,-111.5188197,NA,-15.5225695150797,41.79831169,-111.5188197,NA,-15.5225695150797
"5","TMPF",141,"ABLA",NA,5.3,NA,0,"0",1,1,1,1,"0","0","BO","BO",0,0,0,0,"0","0","0","0",0,0,0,0,"0","0","0",NA,0,0,0,0,"0","0","0",NA,0,0,0,0,"0","0","0",NA,0,0,0,1,"0","0","0",NA,0,0,0,0,"0","0","0",NA,0,0,0,0,"0","0","0",NA,NA,NA,NA,NA,1,2,3,4,NA,NA,NA,NA,0,0,0,1,1,"TMPF141",2872,141,NA,"Point",2393.503,NA,0.031093913839159,0,0,0,1,"TMPF_141_2521","TMPF_143_2698",2.04340424258284,"TMPF_142_2743",0.937776276477577,"TMPF_143_2698",2.04340424258284,"TMPF_142_2743",0.937776276477577,NA,41.79831331,-111.5187952,41.79831169,-111.5188197,NA,-95.0498159542895,41.79831226,-111.5188064,NA,-97.1411464483702,41.79831169,-111.5188197,NA,-95.0498159542895,41.79831226,-111.5188064,NA,-97.1411464483702
"6","TMPF",146,"ABLA",NA,5.4,NA,1,"0",1,1,1,1,"0","0","0","0",0,0,0,0,"0","0","0","0",0,0,0,0,"0","0","0",NA,0,0,0,0,"0","0","0",NA,0,0,0,0,"0","0","0",NA,0,0,0,0,"0","0","0",NA,0,0,0,0,"0","0","0",NA,0,0,0,0,"0","0","0",NA,"1 DB","1 DB","1 DB","1 DB",1,2,3,4,NA,NA,NA,NA,0,0,0,0,0,"TMPF146",2875,146,NA,"Point",2395.143,NA,0.0334311821957342,0,0,0,0,"TMPF_146_2522","TMPF_150_2724",0.808872034004944,"TMPF_150_2724",0.808872034004944,"TMPF_150_2724",0.808872034004944,"TMPF_150_2724",0.808872034004944,NA,41.7982915,-111.5188389,41.79828714,-111.5188467,NA,-126.759879437276,41.79828714,-111.5188467,NA,-126.759879437276,41.79828714,-111.5188467,NA,-126.759879437276,41.79828714,-111.5188467,NA,-126.759879437276
"7","TMPF",149,"ABLA",NA,5.4,NA,0,"0",1,1,1,1,"0","0","0","0",0,1,0,0,"0","0","0","0",0,0,0,0,"0","0","0",NA,0,0,0,0,"0","0","0",NA,0,0,0,0,"0","0","0",NA,0,0,0,0,"0","0","0",NA,0,0,0,0,"0","0","0",NA,0,0,0,0,"0","0","0",NA,NA,NA,NA,NA,1,2,3,4,NA,NA,NA,NA,0,0,0,0,0,"TMPF149",2879,149,NA,"Point",2392.655,NA,0.0341480101563641,0,0,0,0,"TMPF_149_2523","TMPF_152_2733",1.13038187904028,"TMPF_152_2733",1.13038187904028,"TMPF_150_2724",1.63886070390353,"TMPF_148_2774",0.865072559936055,NA,41.79828638,-111.5188664,41.7982762,-111.5188662,NA,179.157747130299,41.7982762,-111.5188662,NA,179.157747130299,41.79828714,-111.5188467,NA,87.0486705375304,41.7982928,-111.5188723,NA,-34.5154921254653
"8","TMPF",151,"ABLA",NA,4,NA,0,"0",1,1,1,1,"0","0","0","0",0,0,0,0,"0","0","0","0",0,0,0,0,"0","0","0",NA,0,0,0,0,"0","0","0",NA,0,0,0,0,"0","0","0",NA,0,0,0,0,"0","0","0",NA,0,0,0,0,"0","0","0",NA,0,0,0,0,"0","0","0",NA,NA,NA,NA,NA,1,2,3,4,NA,NA,NA,NA,0,0,0,0,0,"TMPF151",2881,151,NA,"Point",2394.586,NA,0.0341664860250102,0,0,0,0,"TMPF_151_2524","TMPF_150_2724",0.226759710498287,"TMPF_150_2724",0.226759710498287,"TMPF_150_2724",0.226759710498287,"TMPF_150_2724",0.226759710498287,NA,41.79828511,-111.5188464,41.79828714,-111.5188467,NA,-6.31038351528217,41.79828714,-111.5188467,NA,-6.31038351528217,41.79828714,-111.5188467,NA,-6.31038351528217,41.79828714,-111.5188467,NA,-6.31038351528217
"9","TMPF",154,"ABLA",NA,5.3,NA,1,"0",1,1,1,1,"0","0","0","BO",1,1,1,1,"0","0","0","0",0,0,0,1,"0","0","0",NA,0,0,0,1,"0","0","0",NA,0,0,0,1,"0","0","0",NA,0,0,0,1,"0","0","0",NA,0,0,0,1,"0","0","0",NA,0,0,0,0,"0","0","0",NA,"1 DB","1 DB","1 DB","1 DB",1,2,3,4,NA,NA,NA,NA,0,0,0,1,1,"TMPF154",2884,154,NA,"Point",2394.6,NA,0.0356391619322355,0,0,0,1,"TMPF_154_2525","TMPF_152_2733",0.553807198804942,"TMPF_152_2733",0.553807198804942,"TMPF_150_2724",2.03520899543488,"TMPF_153_2775",0.415322431921854,NA,41.79827259,-111.5188616,41.7982762,-111.5188662,NA,-43.6363500059038,41.7982762,-111.5188662,NA,-43.6363500059038,41.79828714,-111.5188467,NA,37.4625215157668,41.79827605,-111.5188635,NA,-22.3382407716848
"10","TMPF",156,"ABLA",NA,4.1,NA,0,"0",1,1,1,1,"BO","BO","BO","BO",0,0,0,0,"0","0","0","0",0,0,0,0,"0","0","0",NA,1,0,0,1,"0","0","0",NA,0,0,0,0,"0","0","0",NA,0,0,0,1,"0","0","0",NA,0,0,0,1,"0","0","0",NA,0,0,0,0,"0","0","0",NA,NA,NA,NA,NA,1,2,3,4,NA,NA,NA,NA,1,0,0,1,0,"TMPF156",2886,156,NA,"Point",2392.803,NA,0.0350712160751997,1,0,0,1,"TMPF_156_2526","TMPF_152_2733",1.84296212373374,"TMPF_152_2733",1.84296212373374,"TMPF_159_2659",3.19388039490611,"TMPF_157_2727",0.277930206922455,NA,41.79827998,-111.5188878,41.7982762,-111.5188662,NA,103.163013498485,41.7982762,-111.5188662,NA,103.163013498485,41.79829647,-111.5189193,NA,-55.0238870123439,41.79828209,-111.518886,NA,32.552133932103
"11","TMPF",161,"ABLA",NA,4.9,NA,0,"0",1,1,1,1,"0","0","0","0",0,0,0,0,"0","0","0","0",0,0,0,0,"0","0","0",NA,0,0,0,0,"0","0","0",NA,0,0,0,0,"0","0","0",NA,0,0,0,0,"0","0","0",NA,0,0,0,0,"0","0","0",NA,0,0,0,0,"0","0","0",NA,NA,NA,NA,NA,1,2,3,4,NA,NA,NA,NA,0,0,0,0,0,"TMPF161",2891,161,NA,"Point",2390.168,NA,0.0322633456076221,0,0,0,0,"TMPF_161_2527","TMPF_160_2703",0.626415410854824,"TMPF_160_2703",0.626415410854824,"TMPF_163_2709",1.37234473906445,"TMPF_160_2703",0.626415410854824,NA,41.79831199,-111.518928,41.79830635,-111.5189282,NA,-178.480011105402,41.79830635,-111.5189282,NA,-178.480011105402,41.79830864,-111.5189439,NA,-105.72536524372,41.79830635,-111.5189282,NA,-178.480011105402
"12","TMPF",165,"ABLA",NA,4.3,NA,0,"0",1,1,1,1,"0","0","0","0",0,0,0,0,"0","0","0","0",0,0,0,0,"0","0","0",NA,0,0,0,0,"0","0","0",NA,0,0,0,0,"0","0","0",NA,0,0,0,0,"0","0","0",NA,0,0,0,0,"0","0","0",NA,0,0,0,0,"0","0","0",NA,NA,NA,NA,NA,1,2,3,4,NA,NA,NA,NA,0,0,0,0,0,"TMPF165",2895,165,NA,"Point",2391.386,NA,0.0330583870985495,0,0,0,0,"TMPF_165_2528","TMPF_160_2703",1.57517925151252,"TMPF_163_2709",0.249303405650227,"TMPF_163_2709",0.249303405650227,"TMPF_163_2709",0.249303405650227,NA,41.79830869,-111.5189469,41.79830635,-111.5189282,NA,99.4935302586502,41.79830864,-111.5189439,NA,91.2759405893663,41.79830864,-111.5189439,NA,91.2759405893663,41.79830864,-111.5189439,NA,91.2759405893663
"13","TMPF",169,"ABLA",NA,3.2,NA,0,"0",1,1,1,1,"0","0","0","BO",0,1,0,0,"0","0","0","0",0,0,0,0,"0","0","0",NA,0,0,0,0,"0","0","0",NA,0,0,0,1,"0","0","0",NA,0,0,0,0,"0","0","0",NA,0,0,0,0,"0","0","0",NA,0,0,0,0,"0","0","0",NA,NA,NA,NA,NA,1,2,3,4,NA,NA,NA,NA,0,0,0,1,1,"TMPF169",2899,169,NA,"Point",2391.134,NA,0.0361937021975887,0,0,0,1,"TMPF_169_2529","TMPF_180_2656",2.96385969387328,"TMPF_171_2744",1.03105656633297,"TMPF_180_2656",2.96385969387328,"TMPF_170_2730",0.68781788809778,NA,41.79828171,-111.5189579,41.79826991,-111.5189899,NA,-116.23366636208,41.7982742,-111.5189506,NA,143.969197564739,41.79826991,-111.5189899,NA,-116.23366636208,41.79827683,-111.5189528,NA,141.97378582203
"14","TMPF",172,"ABLA",NA,5.1,NA,0,"0",1,1,1,1,"0","0","0","BO",0,0,0,0,"0","0","0","0",0,0,0,0,"0","0","0",NA,0,0,0,0,"0","0","0",NA,0,0,0,0,"0","0","0",NA,0,0,0,0,"0","0","0",NA,0,0,0,0,"0","0","0",NA,0,0,0,1,"0","0","0",NA,NA,NA,NA,NA,1,2,3,4,NA,NA,NA,NA,0,0,0,1,1,"TMPF172",2902,172,NA,"Point",2391.448,NA,0.0367436987439284,0,0,0,1,"TMPF_172_2530","TMPF_156_2526",1.7683619471194,"TMPF_152_2733",2.86271747297621,"TMPF_159_2659",3.83347620980984,"TMPF_156_2526",1.7683619471194,NA,41.79826592,-111.5188978,41.79827998,-111.5188878,NA,28.0223874057729,41.7982762,-111.5188662,NA,66.5031197811885,41.79829647,-111.5189193,NA,-27.7721184104746,41.79827998,-111.5188878,NA,28.0223874057729
"15","TMPF",173,"ABLA",NA,2.2,NA,0,"0",1,1,1,1,"0","0","0","0",0,0,0,0,"0","0","0","0",0,0,0,0,"0","0","0",NA,0,0,0,0,"0","0","0",NA,0,0,0,0,"0","0","0",NA,0,0,0,0,"0","0","0",NA,0,0,0,0,"0","0","0",NA,0,0,0,0,"0","0","0",NA,NA,NA,NA,NA,1,2,3,4,NA,NA,NA,NA,0,0,0,0,0,"TMPF173",2903,173,NA,"Point",2392.308,NA,0.0387430545695141,0,0,0,0,"TMPF_173_2531","TMPF_176_2638",1.74007361361307,"TMPF_176_2638",1.74007361361307,"TMPF_176_2638",1.74007361361307,"TMPF_176_2638",1.74007361361307,NA,41.79825711,-111.518955,41.79825609,-111.5189759,NA,-93.7315728521857,41.79825609,-111.5189759,NA,-93.7315728521857,41.79825609,-111.5189759,NA,-93.7315728521857,41.79825609,-111.5189759,NA,-93.7315728521857
"16","TMPF",177,"ABLA",NA,1.7,NA,0,"0",1,1,1,1,"0","0","0","0",1,0,0,0,"0","0","0","0",0,0,0,0,"0","0","0",NA,0,0,0,0,"0","0","0",NA,0,0,0,0,"0","0","0",NA,0,0,0,0,"0","0","0",NA,0,0,0,0,"0","0","0",NA,0,0,0,0,"0","0","0",NA,NA,NA,NA,NA,1,2,3,4,NA,NA,NA,NA,0,0,0,0,0,"TMPF177",2905,177,NA,"Point",2389.025,NA,0.0381393379794272,0,0,0,0,"TMPF_177_2532","TMPF_180_2656",2.40327679240808,"TMPF_180_2656",2.40327679240808,"TMPF_180_2656",2.40327679240808,"TMPF_181_2534",1.36829768566249,NA,41.79827955,-111.5190158,41.79826991,-111.5189899,NA,116.445874279751,41.79826991,-111.5189899,NA,116.445874279751,41.79826991,-111.5189899,NA,116.445874279751,41.79828639,-111.5190021,NA,56.288135031249
"17","TMPF",178,"ABLA",NA,3.8,NA,0,"0",1,1,1,1,"0","0","0","0",1,1,0,0,"0","0","0","0",0,0,0,0,"0","0","0",NA,0,0,0,0,"0","0","0",NA,0,0,0,0,"0","0","0",NA,0,0,0,0,"0","0","0",NA,0,0,0,0,"0","0","0",NA,0,0,0,0,"0","0","0",NA,NA,NA,NA,NA,1,2,3,4,NA,NA,NA,NA,0,0,0,0,0,"TMPF178",2906,178,NA,"Point",2389.361,NA,0.0378429772094234,0,0,0,0,"TMPF_178_2533","TMPF_180_2656",0.662891396362009,"TMPF_180_2656",0.662891396362009,"TMPF_180_2656",0.662891396362009,"TMPF_180_2656",0.662891396362009,NA,41.79827232,-111.5189826,41.79826991,-111.5189899,NA,-113.806565368026,41.79826991,-111.5189899,NA,-113.806565368026,41.79826991,-111.5189899,NA,-113.806565368026,41.79826991,-111.5189899,NA,-113.806565368026
"18","TMPF",181,"ABLA",NA,6,NA,0,"0",1,1,1,1,"0","0","BO","BO",0,0,0,0,"0","0","0","0",0,0,0,1,"0","0","0",NA,0,0,0,0,"0","0","0",NA,0,0,0,0,"0","0","0",NA,0,0,0,1,"0","0","0",NA,0,0,0,0,"0","0","0",NA,0,0,0,0,"0","0","0",NA,NA,NA,NA,NA,1,2,3,4,NA,NA,NA,NA,0,0,0,1,1,"TMPF181",2909,181,NA,"Point",2391.618,NA,0.0369850289201471,0,0,0,1,"TMPF_181_2534","TMPF_182_2684",1.91453275237153,"TMPF_182_2684",1.91453275237153,"TMPF_180_2656",2.09171528787913,"TMPF_182_2684",1.91453275237153,NA,41.79828639,-111.5190021,41.79830354,-111.5189997,NA,5.9780372247653,41.79830354,-111.5189997,NA,5.9780372247653,41.79826991,-111.5189899,NA,151.015677334424,41.79830354,-111.5189997,NA,5.9780372247653
"19","TMPF",184,"ABLA",NA,3.8,NA,0,"0",1,1,1,1,"0","0","0","0",0,1,0,0,"0","0","0","0",0,0,0,0,"0","0","0",NA,0,0,0,0,"0","0","0",NA,0,0,0,0,"0","0","0",NA,0,0,0,0,"0","0","0",NA,0,0,0,0,"0","0","0",NA,0,0,0,0,"0","0","0",NA,NA,NA,NA,NA,1,2,3,4,NA,NA,NA,NA,0,0,0,0,0,"TMPF184",2912,184,NA,"Point",2391.285,NA,0.0404289798963943,0,0,0,0,"TMPF_184_2535","TMPF_191_2651",0.979847986338874,"TMPF_191_2651",0.979847986338874,"TMPF_191_2651",0.979847986338874,"TMPF_191_2651",0.979847986338874,NA,41.79828576,-111.5190889,41.79829447,-111.5190908,NA,-9.27072223896893,41.79829447,-111.5190908,NA,-9.27072223896893,41.79829447,-111.5190908,NA,-9.27072223896893,41.79829447,-111.5190908,NA,-9.27072223896893
"20","TMPF",186,"ABLA",NA,3.8,NA,0,"0",1,1,1,1,"0","0","0","BO",1,1,1,1,"0","0","0","0",0,0,0,0,"0","0","0",NA,0,0,0,1,"0","0","0",NA,0,0,0,0,"0","0","0",NA,0,0,0,0,"0","0","0",NA,0,0,0,2,"0","0","0",NA,0,0,0,0,"0","0","0",NA,NA,NA,NA,NA,1,2,3,4,NA,NA,NA,NA,0,0,0,1,1,"TMPF186",2913,186,NA,"Point",2389.331,NA,0.041249224555881,0,0,0,1,"TMPF_186_2536","TMPF_190_2712",1.71184048341158,"TMPF_190_2712",1.71184048341158,"TMPF_191_2651",2.88769560892149,"TMPF_190_2712",1.71184048341158,NA,41.79827108,-111.5190756,41.79828648,-111.5190766,NA,-2.78182237825128,41.79828648,-111.5190766,NA,-2.78182237825128,41.79829447,-111.5190908,NA,-25.9325104634071,41.79828648,-111.5190766,NA,-2.78182237825128
"21","TMPF",187,"ABLA",NA,5.3,NA,0,"0",1,1,1,1,"0","0","0","BO",1,1,1,1,"0","0","0","0",0,0,0,1,"0","0","0",NA,0,0,0,1,"0","0","0",NA,0,0,0,1,"0","0","0",NA,0,0,0,0,"0","0","0",NA,0,0,0,1,"0","0","0",NA,0,0,0,2,"0","0","0",NA,NA,NA,NA,NA,1,2,3,4,NA,NA,NA,NA,0,0,0,1,1,"TMPF187",2914,187,NA,"Point",2390.617,NA,0.0418787435970454,0,0,0,1,"TMPF_187_2537","TMPF_190_2712",4.05669950507265,"TMPF_190_2712",4.05669950507265,"TMPF_180_2656",5.3929517306907,"TMPF_186_2536",2.66651347446758,NA,41.79825505,-111.5190517,41.79828648,-111.5190766,NA,-30.6603681927437,41.79828648,-111.5190766,NA,-30.6603681927437,41.79826991,-111.5189899,NA,72.1858261432533,41.79827108,-111.5190756,NA,-48.1292572858947
"22","TMPF",188,"ABLA",NA,2.4,NA,1,"0",1,1,1,1,"0","0","0","0",0,0,0,0,"0","0","0","0",0,0,0,0,"0","0","0",NA,0,0,0,0,"0","0","0",NA,0,0,0,0,"0","0","0",NA,0,0,0,0,"0","0","0",NA,0,0,0,0,"0","0","0",NA,0,0,0,0,"0","0","0",NA,NA,NA,NA,NA,1,2,3,4,NA,NA,NA,NA,0,0,0,0,0,"TMPF188",2915,188,NA,"Point",2385.348,NA,0.0392027794292677,0,0,0,0,"TMPF_188_2538","TMPF_190_2712",0.839864083988863,"TMPF_190_2712",0.839864083988863,"TMPF_191_2651",2.08950119374553,"TMPF_190_2712",0.839864083988863,NA,41.79828861,-111.5190669,41.79828648,-111.5190766,NA,-106.354495519342,41.79828648,-111.5190766,NA,-106.354495519342,41.79829447,-111.5190908,NA,-71.8578027113462,41.79828648,-111.5190766,NA,-106.354495519342
"23","TMPF",192,"ABLA",NA,4.7,NA,0,"0",1,1,1,1,"0","0","0","BO",1,1,0,0,"0","0","0","0",0,0,0,0,"0","0","0",NA,0,0,0,1,"0","0","0",NA,0,0,0,0,"0","0","0",NA,0,0,0,0,"0","0","0",NA,0,0,0,0,"0","0","0",NA,0,0,0,0,"0","0","0",NA,NA,NA,NA,NA,1,2,3,4,NA,NA,NA,NA,0,0,0,1,1,"TMPF192",2919,192,NA,"Point",2389.022,NA,0.0399363871985221,0,0,0,1,"TMPF_192_2539","TMPF_191_2651",1.45152712118796,"TMPF_191_2651",1.45152712118796,"TMPF_191_2651",1.45152712118796,"TMPF_191_2651",1.45152712118796,NA,41.79830005,-111.5191066,41.79829447,-111.5190908,NA,115.265587397378,41.79829447,-111.5190908,NA,115.265587397378,41.79829447,-111.5190908,NA,115.265587397378,41.79829447,-111.5190908,NA,115.265587397378
"24","TMPF",196,"ABLA",NA,0.9,NA,0,"0",1,1,1,1,"0","0","0","0",0,0,0,0,"0","0","0","0",0,0,0,0,"0","0","0",NA,0,0,0,0,"0","0","0",NA,0,0,0,0,"0","0","0",NA,0,0,0,0,"0","0","0",NA,0,0,0,0,"0","0","0",NA,0,0,0,0,"0","0","0",NA,NA,NA,NA,NA,1,2,3,4,NA,NA,NA,NA,0,0,0,0,0,"TMPF196",2923,196,NA,"Point",2385.111,NA,0.0413867790981984,0,0,0,0,"TMPF_196_2540","TMPF_191_2651",2.37417810969474,"TMPF_191_2651",2.37417810969474,"TMPF_191_2651",2.37417810969474,"TMPF_192_2539",1.46620813222175,NA,41.79829058,-111.5191189,41.79829447,-111.5190908,NA,79.5187093981109,41.79829447,-111.5190908,NA,79.5187093981109,41.79829447,-111.5190908,NA,79.5187093981109,41.79830005,-111.5191066,NA,44.1837328927988
"25","TMPF",198,"ABLA",NA,1.9,NA,0,"0",1,1,1,1,"0","0","0","0",0,1,0,0,"0","0","0","0",0,0,0,0,"0","0","0",NA,0,0,0,0,"0","0","0",NA,0,0,0,0,"0","0","0",NA,0,0,0,0,"0","0","0",NA,0,0,0,0,"0","0","0",NA,0,0,0,0,"0","0","0",NA,NA,NA,NA,NA,1,2,3,4,NA,NA,NA,NA,0,0,0,0,0,"TMPF198",2925,198,NA,"Point",2382.032,NA,0.0452807340879088,0,0,0,0,"TMPF_198_2541","TMPF_197_2710",0.606177962399826,"TMPF_197_2710",0.606177962399826,"TMPF_197_2710",0.606177962399826,"TMPF_197_2710",0.606177962399826,NA,41.7982707,-111.5191616,41.79826916,-111.5191546,NA,106.38355923836,41.79826916,-111.5191546,NA,106.38355923836,41.79826916,-111.5191546,NA,106.38355923836,41.79826916,-111.5191546,NA,106.38355923836
"26","TMPF",203,"ABLA",NA,1.4,NA,0,"0",1,1,1,1,"0","0","0","0",0,0,0,0,"0","0","0","0",0,0,0,0,"0","0","0",NA,0,0,0,0,"0","0","0",NA,0,0,0,0,"0","0","0",NA,0,0,0,0,"0","0","0",NA,0,0,0,0,"0","0","0",NA,0,0,0,0,"0","0","0",NA,NA,NA,NA,NA,1,2,3,4,NA,NA,NA,NA,0,0,0,0,0,"TMPF203",2930,203,NA,"Point",2385.098,NA,0.0496086768642904,0,0,0,0,"TMPF_203_2542","TMPF_205_2635",1.42329902000402,"TMPF_205_2635",1.42329902000402,"TMPF_205_2635",1.42329902000402,"TMPF_205_2635",1.42329902000402,NA,41.79828847,-111.5192646,41.79827597,-111.5192684,NA,-167.184460210493,41.79827597,-111.5192684,NA,-167.184460210493,41.79827597,-111.5192684,NA,-167.184460210493,41.79827597,-111.5192684,NA,-167.184460210493
"27","TMPF",213,"ABLA",NA,4.9,NA,0,"0",1,1,1,1,"0","0","0","0",0,0,0,0,"0","0","0","0",0,0,0,0,"0","0","0",NA,0,0,0,0,"0","0","0",NA,0,0,0,0,"0","0","0",NA,0,0,0,0,"0","0","0",NA,0,0,0,0,"0","0","0",NA,0,0,0,0,"0","0","0",NA,NA,NA,NA,NA,1,2,3,4,NA,NA,NA,NA,0,0,0,0,0,"TMPF213",2939,213,NA,"Point",2384.489,NA,0.0538107887029937,0,0,0,0,"TMPF_213_2543","TMPF_214_2734",0.540615950768263,"TMPF_214_2734",0.540615950768263,"TMPF_215_2687",2.4339333855188,"TMPF_214_2734",0.540615950768263,NA,41.79828185,-111.5193243,41.79828671,-111.5193239,NA,3.52425304075312,41.79828671,-111.5193239,NA,3.52425304075312,41.79830371,-111.5193221,NA,4.30670343786405,41.79828671,-111.5193239,NA,3.52425304075312
"28","TMPF",219,"ABLA",NA,4.5,NA,2,"0",1,1,1,NA,"0","0","0",NA,0,0,0,NA,"0","0","0",NA,0,0,0,NA,"0","0","0",NA,0,0,0,NA,"0","0","0",NA,0,0,0,NA,"0","0","0",NA,0,0,0,NA,"0","0","0",NA,0,0,0,NA,"0","0","0",NA,0,0,0,NA,"0","0","0",NA,"1 DB","1 DB","1 DB, split injury",NA,1,2,3,NA,NA,NA,NA,NA,0,0,0,NA,NA,"TMPF219",2945,219,NA,"Point",2384.161,NA,0.0479581794937806,0,0,0,NA,"TMPF_219_2544","TMPF_225_2693",1.34435915253741,"TMPF_225_2693",1.34435915253741,"TMPF_225_2693",1.34435915253741,"TMPF_225_2693",1.34435915253741,NA,41.79837541,-111.5193263,41.798379964,-111.519341293333,NA,-67.9074171687935,41.798379964,-111.519341293333,NA,-67.9074171687935,41.798379964,-111.519341293333,NA,-67.9074171687935,41.798379964,-111.519341293333,NA,-67.9074171687935
"29","TMPF",221,"ABLA",NA,3.9,NA,0,"0",1,1,1,1,"0","0","0","0",0,0,0,0,"0","0","0","0",0,0,0,0,"0","0","0",NA,0,0,0,0,"0","0","0",NA,0,0,0,0,"0","0","0",NA,0,0,0,0,"0","0","0",NA,0,0,0,0,"0","0","0",NA,0,0,0,0,"0","0","0",NA,NA,NA,NA,NA,1,2,3,4,NA,NA,NA,NA,0,0,0,0,0,"TMPF221",2947,221,NA,"Point",2386.827,NA,0.0484636210046593,0,0,0,0,"TMPF_221_2545","TMPF_225_2693",0.365845268541395,"TMPF_225_2693",0.365845268541395,"TMPF_225_2693",0.365845268541395,"TMPF_225_2693",0.365845268541395,NA,41.79838268,-111.5193388,41.798379964,-111.519341293333,NA,-145.513270397212,41.798379964,-111.519341293333,NA,-145.513270397212,41.798379964,-111.519341293333,NA,-145.513270397212,41.798379964,-111.519341293333,NA,-145.513270397212
"30","TMPF",226,"ABLA",NA,1.3,NA,0,"0",1,1,1,1,"0","0","0","0",0,0,0,0,"0","0","0","0",0,0,0,0,"0","0","0",NA,0,0,0,0,"0","0","0",NA,0,0,0,0,"0","0","0",NA,0,0,0,0,"0","0","0",NA,0,0,0,0,"0","0","0",NA,0,0,0,0,"0","0","0",NA,NA,NA,NA,NA,1,2,3,4,NA,NA,NA,NA,0,0,0,0,0,"TMPF226",4556,226,NA,"Point",2382.989,-16.928,0.048372017373724,0,0,0,0,"TMPF_226_2546","TMPF_225_2693",0.503999719240168,"TMPF_225_2693",0.503999719240168,"TMPF_225_2693",0.503999719240168,"TMPF_225_2693",0.503999719240168,NA,41.7983839951667,-111.519338504167,41.798379964,-111.519341293333,NA,-152.627580669064,41.798379964,-111.519341293333,NA,-152.627580669064,41.798379964,-111.519341293333,NA,-152.627580669064,41.798379964,-111.519341293333,NA,-152.627580669064
"31","TMPF",238,"ABLA",NA,3.8,NA,0,"0",1,1,1,1,"0","0","0","0",0,0,0,0,"0","0","0","0",0,0,0,0,"0","0","0",NA,0,0,0,0,"0","0","0",NA,0,0,0,0,"0","0","0",NA,0,0,0,0,"0","0","0",NA,0,0,0,0,"0","0","0",NA,0,0,0,0,"0","0","0",NA,NA,NA,NA,NA,1,2,3,4,NA,NA,NA,NA,0,0,0,0,0,"TMPF238",4573,238,NA,"Point",2385.65,-16.928,0.0406146125262581,0,0,0,0,"TMPF_238_2547","TMPF_236_2667",1.42647497400518,"TMPF_235_2690",2.29248526893429,"TMPF_235_2690",2.29248526893429,"TMPF_237_2647",1.24766937927363,NA,41.7984059241667,-111.519247606833,41.7984056418333,-111.519230441167,NA,91.2591695929933,41.7984261193333,-111.5192533535,NA,-12.0204619836701,41.7984261193333,-111.5192533535,NA,-12.0204619836701,41.7984051783333,-111.519232622333,NA,93.805522055339
"32","TMPF",239,"ABLA",NA,2.7,NA,0,"0",1,1,1,1,"0","0","0","0",0,0,0,0,"0","0","0","0",0,0,0,0,"0","0","0",NA,0,0,0,0,"0","0","0",NA,0,0,0,0,"0","0","0",NA,0,0,0,0,"0","0","0",NA,0,0,0,0,"0","0","0",NA,0,0,0,0,"0","0","0",NA,NA,NA,NA,NA,1,2,3,4,NA,NA,NA,NA,0,0,0,0,0,"TMPF239",4574,239,NA,"Point",2392.374,-16.928,0.0402268293894168,0,0,0,0,"TMPF_239_2548","TMPF_240_2633",2.64695216625725,"TMPF_240_2633",2.64695216625725,"TMPF_240_2633",2.64695216625725,"TMPF_251_2552",2.63560063370854,NA,41.7983806893333,-111.519219886333,41.798360365,-111.519236539833,NA,-148.485990020214,41.798360365,-111.519236539833,NA,-148.485990020214,41.798360365,-111.519236539833,NA,-148.485990020214,41.7983867361667,-111.519189209333,NA,75.2424442495509
"33","TMPF",242,"ABLA",NA,3.2,NA,0,"0",1,1,1,1,"0","0","0","0",0,1,0,0,"0","0","0","0",0,0,0,0,"0","0","0",NA,0,0,0,0,"0","0","0",NA,0,0,0,0,"0","0","0",NA,0,0,0,0,"0","0","0",NA,0,0,0,0,"0","0","0",NA,0,0,0,0,"0","0","0",NA,NA,NA,NA,NA,1,2,3,4,NA,NA,NA,NA,0,0,0,0,0,"TMPF242",4578,242,NA,"Point",2387.501,-16.928,0.0447168014298323,0,0,0,0,"TMPF_242_2549","TMPF_240_2633",2.3061793250084,"TMPF_240_2633",2.3061793250084,"TMPF_240_2633",2.3061793250084,"TMPF_240_2633",2.3061793250084,NA,41.7983572403333,-111.519263982333,41.798360365,-111.519236539833,NA,81.3480104029168,41.798360365,-111.519236539833,NA,81.3480104029168,41.798360365,-111.519236539833,NA,81.3480104029168,41.798360365,-111.519236539833,NA,81.3480104029168
"34","TMPF",243,"ABLA",NA,0.8,NA,0,"0",1,1,1,1,"0","0","0","0",0,0,0,0,"0","0","0","0",0,0,0,0,"0","0","0",NA,0,0,0,0,"0","0","0",NA,0,0,0,0,"0","0","0",NA,0,0,0,0,"0","0","0",NA,0,0,0,0,"0","0","0",NA,0,0,0,0,"0","0","0",NA,NA,NA,NA,NA,1,2,3,4,NA,NA,NA,NA,0,0,0,0,0,"TMPF243",4580,243,NA,"Point",2389.34,-16.928,0.0466740826161687,0,0,0,0,"TMPF_243_2550","TMPF_202_2671",2.56096209714964,"TMPF_201_2780",2.32162506550098,"TMPF_202_2671",2.56096209714964,"TMPF_201_2780",2.32162506550098,NA,41.7983095086667,-111.519242456,41.79828828,-111.5192304,NA,156.976383302415,41.7982886,-111.5192421,NA,179.27005237465,41.79828828,-111.5192304,NA,156.976383302415,41.7982886,-111.5192421,NA,179.27005237465
"35","TMPF",248,"ABLA",NA,1.9,NA,0,"0",1,1,1,1,"0","0","BO","0",0,1,0,0,"0","0","0","0",0,0,0,0,"0","0","0",NA,0,0,0,0,"0","0","0",NA,0,0,0,0,"0","0","0",NA,0,0,0,0,"0","0","0",NA,0,0,0,0,"0","0","0",NA,0,0,0,0,"0","0","0",NA,NA,NA,NA,NA,1,2,3,4,NA,NA,NA,NA,0,0,0,0,0,"TMPF248",4585,248,NA,"Point",2385.308,-16.928,0.0430338702942671,0,0,0,0,"TMPF_248_2551","TMPF_247_2652",0.392357758989886,"TMPF_247_2652",0.392357758989886,"TMPF_247_2652",0.392357758989886,"TMPF_247_2652",0.392357758989886,NA,41.7983280026667,-111.519205603167,41.7983270325,-111.519201062,NA,105.934186978465,41.7983270325,-111.519201062,NA,105.934186978465,41.7983270325,-111.519201062,NA,105.934186978465,41.7983270325,-111.519201062,NA,105.934186978465
"36","TMPF",251,"ABLA",NA,2.5,NA,0,"0",1,1,1,1,"0","0","0","BO",0,1,0,0,"0","0","0","0",0,0,0,0,"0","0","0",NA,0,0,0,0,"0","0","0",NA,0,0,0,1,"0","0","0",NA,0,0,0,0,"0","0","0",NA,0,0,0,0,"0","0","0",NA,0,0,0,0,"0","0","0",NA,NA,NA,NA,NA,1,2,3,4,NA,NA,NA,NA,0,0,0,1,1,"TMPF251",4589,251,NA,"Point",2387.856,-16.928,0.0377816987357308,0,0,0,1,"TMPF_251_2552","TMPF_249_2771",3.30402625317108,"TMPF_249_2771",3.30402625317108,"TMPF_249_2771",3.30402625317108,"TMPF_252_2553",1.89477477610333,NA,41.7983867361667,-111.519189209333,41.7983587376667,-111.519202683667,NA,-160.195300469161,41.7983587376667,-111.519202683667,NA,-160.195300469161,41.7983587376667,-111.519202683667,NA,-160.195300469161,41.7983760565,-111.5191714205,NA,128.740399397069
"37","TMPF",252,"ABLA",NA,2.3,NA,0,"0",1,1,1,1,"0","0","BO","BO",0,0,0,1,"0","0","0","0",0,0,0,0,"0","0","0",NA,0,0,0,0,"0","0","0",NA,0,0,0,1,"0","0","0",NA,0,0,0,1,"0","0","0",NA,0,0,0,0,"0","0","0",NA,0,0,0,0,"0","0","0",NA,NA,NA,NA,NA,1,2,3,4,NA,NA,NA,NA,0,0,0,1,1,"TMPF252",4590,252,NA,"Point",2389.373,-16.928,0.0373691671977368,0,0,0,1,"TMPF_252_2553","TMPF_249_2771",3.23166907301311,"TMPF_254_2782",1.88722948806072,"TMPF_249_2771",3.23166907301311,"TMPF_253_2788",1.53467159425161,NA,41.7983760565,-111.5191714205,41.7983587376667,-111.519202683667,NA,-126.513137923011,41.7983708171667,-111.519149810833,NA,107.952882502413,41.7983587376667,-111.519202683667,NA,-126.513137923011,41.7983859106667,-111.519158466833,NA,44.5277857996748
"38","TMPF",255,"ABLA",NA,4,NA,0,"0",1,1,1,1,"0","BO","0","BO",1,1,0,1,"0","0","0","0",0,1,0,1,"0","0","0",NA,0,0,0,1,"0","0","0",NA,0,0,0,0,"0","0","0",NA,0,0,0,1,"0","0","0",NA,0,0,0,1,"0","0","0",NA,0,0,0,0,"0","0","0",NA,NA,NA,NA,NA,1,2,3,4,NA,NA,NA,NA,0,1,0,1,1,"TMPF255",4596,255,NA,"Point",2387.13,-16.928,0.0361910208558818,0,1,0,1,"TMPF_255_2554","TMPF_259_2701",4.07249857686837,"TMPF_254_2782",0.374819342363297,"TMPF_259_2701",4.07249857686837,"TMPF_254_2782",0.374819342363297,NA,41.7983701073333,-111.519145400167,41.7983853933333,-111.519100840833,NA,65.3711519686348,41.7983708171667,-111.519149810833,NA,-77.862174710497,41.7983853933333,-111.519100840833,NA,65.3711519686348,41.7983708171667,-111.519149810833,NA,-77.862174710497
"39","TMPF",257,"ABLA",NA,5.9,NA,0,"0",1,1,1,1,"BO","BO","BO","BO",0,1,0,1,"0","0","0","0",1,0,0,1,"0","0","0",NA,1,1,0,2,"0","0","0",NA,1,1,0,0,"0","0","0",NA,0,0,0,1,"0","0","0",NA,0,1,0,2,"0","0","0",NA,0,0,0,0,"0","0","0",NA,NA,NA,NA,NA,1,2,3,4,NA,NA,NA,NA,1,1,0,1,0,"TMPF257",4598,257,NA,"Point",2385.909,-16.928,0.0314241802967395,1,1,0,1,"TMPF_257_2555","TMPF_358_2630",3.95481046271244,"TMPF_259_2701",4.83185391816914,"TMPF_259_2701",4.83185391816914,"TMPF_358_2630",3.95481046271244,NA,41.7984230841667,-111.519129915833,41.7984555673333,-111.519149448833,NA,-24.2260579834923,41.7983853933333,-111.519100840833,NA,150.004975715521,41.7983853933333,-111.519100840833,NA,150.004975715521,41.7984555673333,-111.519149448833,NA,-24.2260579834923
"40","TMPF",260,"ABLA",NA,5.6,NA,0,"0",1,1,1,1,"0","0","0","BO",0,0,0,0,"0","0","0","0",0,0,0,0,"0","0","0",NA,0,0,0,1,"0","0","0",NA,0,0,0,1,"0","0","0",NA,0,0,0,0,"0","0","0",NA,0,0,0,1,"0","0","0",NA,0,0,0,1,"0","0","0",NA,NA,NA,NA,NA,1,2,3,4,NA,NA,NA,NA,0,0,0,1,1,"TMPF260",4602,260,NA,"Point",2388.829,-16.928,0.0330549963380359,0,0,0,1,"TMPF_260_2556","TMPF_259_2701",1.72424902460183,"TMPF_259_2701",1.72424902460183,"TMPF_259_2701",1.72424902460183,"TMPF_259_2701",1.72424902460183,NA,41.7983710746667,-111.519092805333,41.7983853933333,-111.519100840833,NA,-22.7790747634697,41.7983853933333,-111.519100840833,NA,-22.7790747634697,41.7983853933333,-111.519100840833,NA,-22.7790747634697,41.7983853933333,-111.519100840833,NA,-22.7790747634697
"41","TMPF",261,"ABLA",NA,2.5,NA,0,"0",1,1,1,1,"0","0","0","BO",1,1,1,1,"0","0","0","0",0,0,0,1,"0","0","0",NA,0,0,0,0,"0","0","0",NA,0,0,0,0,"0","0","0",NA,0,0,0,0,"0","0","0",NA,0,0,0,0,"0","0","0",NA,0,0,0,0,"0","0","0",NA,NA,NA,NA,NA,1,2,3,4,NA,NA,NA,NA,0,0,0,1,1,"TMPF261",4610,261,NA,"Point",2387.411,-16.928,0.0314774836002815,0,0,0,1,"TMPF_261_2557","TMPF_266_2715",1.98056205966395,"TMPF_263_2758",1.680536873606,"TMPF_266_2715",1.98056205966395,"TMPF_262_2688",1.72941233648628,NA,41.79836794,-111.519058078667,41.7983532248333,-111.519044603333,NA,145.579490116751,41.7983528873333,-111.519055956167,NA,173.976881116617,41.7983532248333,-111.519044603333,NA,145.579490116751,41.7983527318333,-111.519062578333,NA,-167.516252629622
"42","TMPF",268,"ABLA",NA,1,NA,0,"0",1,1,1,1,"0","0","0","BO",0,0,0,0,"0","0","0","0",0,0,0,0,"0","0","0",NA,0,0,0,1,"0","0","0",NA,0,0,0,0,"0","0","0",NA,0,0,0,1,"0","0","0",NA,0,0,0,0,"0","0","0",NA,0,0,0,1,"0","0","0",NA,NA,NA,NA,NA,1,2,3,4,NA,NA,NA,NA,0,0,0,1,1,"TMPF268",4612,268,NA,"Point",2388.853,-16.928,0.0289243598332775,0,0,0,1,"TMPF_268_2558","TMPF_267_2676",2.3250572331621,"TMPF_267_2676",2.3250572331621,"TMPF_266_2715",3.46571796216727,"TMPF_267_2676",2.3250572331621,NA,41.7983712268333,-111.519010524167,41.7983522485,-111.519022354,NA,-154.994113498439,41.7983522485,-111.519022354,NA,-154.994113498439,41.7983532248333,-111.519044603333,NA,-125.219512910943,41.7983522485,-111.519022354,NA,-154.994113498439
"43","TMPF",269,"ABLA",NA,3.2,NA,0,"0",1,1,1,1,"0","0","0","BO",0,0,0,0,"0","0","0","0",0,0,0,1,"0","0","0",NA,0,0,0,0,"0","0","0",NA,0,0,0,0,"0","0","0",NA,0,0,0,0,"0","0","0",NA,0,0,0,0,"0","0","0",NA,0,0,0,0,"0","0","0",NA,NA,NA,NA,NA,1,2,3,4,NA,NA,NA,NA,0,0,0,1,1,"TMPF269",4611,269,NA,"Point",2387.192,-16.928,0.0312105218528445,0,0,0,1,"TMPF_269_2559","TMPF_267_2676",0.359654991606626,"TMPF_267_2676",0.359654991606626,"TMPF_266_2715",2.18581674099694,"TMPF_267_2676",0.359654991606626,NA,41.7983507761667,-111.519018498,41.7983522485,-111.519022354,NA,-62.966109815939,41.7983522485,-111.519022354,NA,-62.966109815939,41.7983532248333,-111.519044603333,NA,-82.8551069257136,41.7983522485,-111.519022354,NA,-62.966109815939
"44","TMPF",270,"ABLA",NA,2.9,NA,0,"0",1,1,1,1,"0","0","0","0",0,1,0,0,"0","0","0","0",0,0,0,0,"0","0","0",NA,0,0,0,0,"0","0","0",NA,0,0,0,0,"0","0","0",NA,0,0,0,0,"0","0","0",NA,0,0,0,0,"0","0","0",NA,0,0,0,0,"0","0","0",NA,NA,NA,NA,NA,1,2,3,4,NA,NA,NA,NA,0,0,0,0,0,"TMPF270",4615,270,NA,"Point",2389.648,-16.928,0.0346756209962929,0,0,0,0,"TMPF_270_2560","TMPF_266_2715",3.48371682350231,"TMPF_264_2658",3.0417654155021,"TMPF_266_2715",3.48371682350231,"TMPF_264_2658",3.0417654155021,NA,41.7983224588333,-111.519036368167,41.7983532248333,-111.519044603333,NA,-11.3261754918881,41.7983463311667,-111.5190543315,NA,-29.3824519229982,41.7983532248333,-111.519044603333,NA,-11.3261754918881,41.7983463311667,-111.5190543315,NA,-29.3824519229982
"45","TMPF",272,"ABLA",NA,2,NA,0,"0",1,1,1,1,"0","0","0","0",0,0,0,0,"0","0","0","0",0,0,0,0,"0","0","0",NA,0,0,0,0,"0","0","0",NA,0,0,0,0,"0","0","0",NA,0,0,0,0,"0","0","0",NA,0,0,0,0,"0","0","0",NA,0,0,0,0,"0","0","0",NA,NA,NA,NA,NA,1,2,3,4,NA,NA,NA,NA,0,0,0,0,0,"TMPF272",4617,272,NA,"Point",2389.426,-16.928,0.0294779256029721,0,0,0,0,"TMPF_272_2561","TMPF_273_2719",2.93942627058802,"TMPF_271_2729",0.8176380929019,"TMPF_275_2713",2.67148159763552,"TMPF_271_2729",0.8176380929019,NA,41.7983520385,-111.518977150667,41.7983336493333,-111.518951697833,NA,133.994729860284,41.7983481581667,-111.518985515167,NA,-121.79707085433,41.7983687998333,-111.518954080667,NA,45.8447029759196,41.7983481581667,-111.518985515167,NA,-121.79707085433
"46","TMPF",277,"ABLA",NA,2.8,NA,0,"0",1,1,1,1,"0","0","0","BO",0,0,0,0,"0","0","0","0",0,0,0,1,"0","0","0",NA,0,0,0,0,"0","0","0",NA,0,0,0,0,"0","0","0",NA,0,0,0,0,"0","0","0",NA,0,0,0,0,"0","0","0",NA,0,0,0,0,"0","0","0",NA,NA,NA,NA,NA,1,2,3,4,NA,NA,NA,NA,0,0,0,1,1,"TMPF277",4622,277,NA,"Point",2388.945,-16.928,0.0265341854709191,0,0,0,1,"TMPF_277_2562","TMPF_296_2803",4.4642289181204,"TMPF_276_2672",0.579938979988315,"TMPF_275_2713",1.29322230313623,"TMPF_276_2672",0.579938979988315,NA,41.7983770638333,-111.518965050167,41.7983686656667,-111.5189125015,NA,102.055909472686,41.7983759881667,-111.518971881,NA,-101.884117180611,41.7983687998333,-111.518954080667,NA,135.193609347417,41.7983759881667,-111.518971881,NA,-101.884117180611
"47","TMPF",280,"ABLA",NA,1.6,NA,0,"0",1,1,1,1,"0","0","0","0",0,0,0,0,"0","0","0","0",0,0,0,0,"0","0","0",NA,0,0,0,0,"0","0","0",NA,0,0,0,0,"0","0","0",NA,0,0,0,0,"0","0","0",NA,0,0,0,0,"0","0","0",NA,0,0,0,0,"0","0","0",NA,NA,NA,NA,NA,1,2,3,4,NA,NA,NA,NA,0,0,0,0,0,"TMPF280",4627,280,NA,"Point",2394.362,-16.928,0.0194714970378185,0,0,0,0,"TMPF_280_2563","TMPF_279_2646",0.118396612528509,"TMPF_332_2584",3.5734212757824,"TMPF_284_2689",5.33324066793563,"TMPF_331_2792",2.03510847071348,NA,41.7984339963333,-111.518927262667,41.7984344273333,-111.518925959167,NA,66.1606163140059,41.7984589105,-111.518954492167,NA,-39.2771976296419,41.7984091965,-111.518872286,NA,121.083252598515,41.7984507086667,-111.518937323667,NA,-24.250430638316
"48","TMPF",282,"ABLA",NA,2.9,NA,0,"0",1,1,1,1,"BO","0","0","BO",0,0,0,0,"0","0","0","0",0,0,0,1,"0","0","0",NA,0,0,0,0,"0","0","0",NA,1,0,0,1,"0","0","0",NA,0,0,0,1,"0","0","0",NA,0,0,0,0,"0","0","0",NA,0,0,0,0,"0","0","0",NA,NA,NA,NA,NA,1,2,3,4,NA,NA,NA,NA,1,0,0,1,0,"TMPF282",4629,282,NA,"Point",2386.758,-16.928,0.0246629239765263,1,0,0,1,"TMPF_282_2564","TMPF_296_2803",2.23335958656018,"TMPF_295_2571",1.76552216377581,"TMPF_295_2571",1.76552216377581,"TMPF_295_2571",1.76552216377581,NA,41.7983749043333,-111.518886945167,41.7983686656667,-111.5189125015,NA,-108.067910234387,41.7983605423333,-111.518877822833,NA,154.578685794982,41.7983605423333,-111.518877822833,NA,154.578685794982,41.7983605423333,-111.518877822833,NA,154.578685794982
"49","TMPF",283,"ABLA",NA,5,NA,0,"0",1,1,1,1,"BO","BO","BO","BO",0,1,0,0,"0","0","0","0",0,0,0,1,"0","0","0",NA,1,1,0,2,"0","0","0",NA,0,0,0,1,"0","0","0",NA,0,0,0,1,"0","0","0",NA,1,1,0,1,"0","0","0",NA,0,0,0,0,"0","0","0",NA,NA,NA,NA,NA,1,2,3,4,NA,NA,NA,NA,1,1,0,1,0,"TMPF283",4631,283,NA,"Point",2388.326,-16.928,0.0219382704780238,1,1,0,1,"TMPF_283_2565","TMPF_284_2689",1.32826139193183,"TMPF_284_2689",1.32826139193183,"TMPF_284_2689",1.32826139193183,"TMPF_284_2689",1.32826139193183,NA,41.7983989333333,-111.518880501167,41.7984091965,-111.518872286,NA,30.9202281012729,41.7984091965,-111.518872286,NA,30.9202281012729,41.7984091965,-111.518872286,NA,30.9202281012729,41.7984091965,-111.518872286,NA,30.9202281012729
"50","TMPF",285,"ABLA",NA,5.7,NA,0,"0",1,1,1,1,"0","0","0","BO",0,0,0,0,"0","0","0","0",0,0,0,2,"0","0","0",NA,0,0,0,2,"0","0","0",NA,0,0,0,2,"0","0","0",NA,0,0,0,2,"0","0","0",NA,0,0,0,1,"0","0","0",NA,0,0,0,1,"0","0","0",NA,NA,NA,NA,NA,1,2,3,4,NA,NA,NA,NA,0,0,0,1,1,"TMPF285",4634,285,NA,"Point",2391.987,-16.928,0.0215577806202497,0,0,0,1,"TMPF_285_2566","TMPF_284_2689",3.51221555308232,"TMPF_287_2567",3.43934273694375,"TMPF_284_2689",3.51221555308232,"TMPF_289_2790",2.3528852619227,NA,41.7983981896667,-111.518832652667,41.7984091965,-111.518872286,NA,-69.6382584342321,41.7983987493333,-111.518791261667,NA,88.9647708712182,41.7984091965,-111.518872286,NA,-69.6382584342321,41.7983912733333,-111.518805882833,NA,109.048379560976
"51","TMPF",287,"ABLA",NA,3.4,NA,1,"0",1,1,1,1,"0","BO","0","BO",0,0,0,0,"0","0","0","0",0,0,0,1,"0","0","0",NA,0,0,0,0,"0","0","0",NA,0,1,0,0,"0","0","0",NA,0,0,0,0,"0","0","0",NA,0,0,0,1,"0","0","0",NA,0,0,0,0,"0","0","0",NA,NA,NA,NA,NA,1,2,3,4,NA,NA,NA,NA,0,1,0,1,1,"TMPF287",4639,287,NA,"Point",2392.163,-16.928,0.0216805828686077,0,1,0,1,"TMPF_287_2567","TMPF_286_2789",0.390070117092337,"TMPF_286_2789",0.390070117092337,"TMPF_292_2632",4.7023516376683,"TMPF_286_2789",0.390070117092337,NA,41.7983987493333,-111.518791261667,41.7983989046667,-111.518786571167,NA,87.4659386749855,41.7983989046667,-111.518786571167,NA,87.4659386749855,41.7983575263333,-111.518778274333,NA,166.734816518609,41.7983989046667,-111.518786571167,NA,87.4659386749855
"52","TMPF",290,"ABLA",NA,1.8,NA,0,"0",1,1,1,1,"0","0","0","0",0,0,0,0,"0","0","0","0",0,0,0,0,"0","0","0",NA,0,0,0,0,"0","0","0",NA,0,0,0,0,"0","0","0",NA,0,0,0,0,"0","0","0",NA,0,0,0,0,"0","0","0",NA,0,0,0,0,"0","0","0",NA,NA,NA,NA,NA,1,2,3,4,NA,NA,NA,NA,0,0,0,0,0,"TMPF290",4645,290,NA,"Point",2393.72,-16.928,0.0247276740964189,0,0,0,0,"TMPF_290_2568","TMPF_294_2716",2.26679052796824,"TMPF_294_2716",2.26679052796824,"TMPF_294_2716",2.26679052796824,"TMPF_294_2716",2.26679052796824,NA,41.7983696393333,-111.518830065,41.798356266,-111.518850681167,NA,-130.921640713027,41.798356266,-111.518850681167,NA,-130.921640713027,41.798356266,-111.518850681167,NA,-130.921640713027,41.798356266,-111.518850681167,NA,-130.921640713027
"53","TMPF",291,"ABLA",NA,2.5,NA,0,"0",1,1,1,1,"0","0","0","BO",0,0,0,0,"0","0","0","0",0,0,0,0,"0","0","0",NA,0,0,0,0,"0","0","0",NA,0,0,0,0,"0","0","0",NA,0,0,0,1,"0","0","0",NA,0,0,0,0,"0","0","0",NA,0,0,0,0,"0","0","0",NA,NA,NA,NA,NA,1,2,3,4,NA,NA,NA,NA,0,0,0,1,1,"TMPF291",4643,291,NA,"Point",2392.108,-16.928,0.024672036045443,0,0,0,1,"TMPF_291_2569","TMPF_288_2677",2.17437709743831,"TMPF_292_2632",2.15751698115357,"TMPF_292_2632",2.15751698115357,"TMPF_292_2632",2.15751698115357,NA,41.7983711943333,-111.518796733833,41.7983889805,-111.5187857795,NA,24.7432248821093,41.7983575263333,-111.518778274333,NA,134.697662294408,41.7983575263333,-111.518778274333,NA,134.697662294408,41.7983575263333,-111.518778274333,NA,134.697662294408
"54","TMPF",293,"ABLA",NA,2.1,NA,0,"0",1,1,1,1,"0","0","0","0",0,0,0,0,"0","0","0","0",0,0,0,0,"0","0","0",NA,0,0,0,0,"0","0","0",NA,0,0,0,0,"0","0","0",NA,0,0,0,0,"0","0","0",NA,0,0,0,0,"0","0","0",NA,0,0,0,0,"0","0","0",NA,NA,NA,NA,NA,1,2,3,4,NA,NA,NA,NA,0,0,0,0,0,"TMPF293",4647,293,NA,"Point",2393.56,-16.928,0.0272266888620935,0,0,0,0,"TMPF_293_2570","TMPF_303_2740",2.24865359669792,"TMPF_303_2740",2.24865359669792,"TMPF_292_2632",2.98898837361516,"TMPF_303_2740",2.24865359669792,NA,41.79834738,-111.518811598333,41.798332683,-111.518830221,NA,-136.52425187312,41.798332683,-111.518830221,NA,-136.52425187312,41.7983575263333,-111.518778274333,NA,67.858772968852,41.798332683,-111.518830221,NA,-136.52425187312
"55","TMPF",295,"ABLA",NA,2.2,NA,0,"0",1,1,1,1,"0","BO","0","BO",0,0,0,0,"0","0","0","0",0,0,0,0,"0","0","0",NA,0,0,0,0,"0","0","0",NA,0,0,2,0,"0","0","0",NA,0,0,0,0,"0","0","0",NA,0,1,0,1,"0","0","0",NA,0,0,0,0,"0","0","0",NA,NA,NA,NA,NA,1,2,3,4,NA,NA,NA,NA,0,1,1,1,1,"TMPF295",4650,295,NA,"Point",2388.769,-16.928,0.026092975584902,0,1,1,1,"TMPF_295_2571","TMPF_282_2564",1.76552216377581,"TMPF_294_2716",2.30438505880869,"TMPF_294_2716",2.30438505880869,"TMPF_282_2564",1.76552216377581,NA,41.7983605423333,-111.518877822833,41.7983749043333,-111.518886945167,NA,-25.4213081248802,41.798356266,-111.518850681167,NA,101.890250763304,41.798356266,-111.518850681167,NA,101.890250763304,41.7983749043333,-111.518886945167,NA,-25.4213081248802
"56","TMPF",299,"ABLA",NA,1.3,NA,0,"0",1,1,1,1,"0","0","0","BO",0,0,0,0,"0","0","0","0",0,0,0,1,"0","0","0",NA,0,0,0,0,"0","0","0",NA,0,0,0,0,"0","0","0",NA,0,0,0,1,"0","0","0",NA,0,0,0,0,"0","0","0",NA,0,0,0,0,"0","0","0",NA,NA,NA,NA,NA,1,2,3,4,NA,NA,NA,NA,0,0,0,1,1,"TMPF299",4655,299,NA,"Point",2389.614,-16.928,0.0298871088419384,0,0,0,1,"TMPF_299_2572","TMPF_300_2722",0.42106303486553,"TMPF_300_2722",0.42106303486553,"TMPF_297_2673",0.615635380583458,"TMPF_300_2722",0.42106303486553,NA,41.798326325,-111.518880654833,41.7983300861667,-111.518881304167,NA,-7.36102258651106,41.7983300861667,-111.518881304167,NA,-7.36102258651106,41.7983253973333,-111.5188879605,NA,-99.6309357215296,41.7983300861667,-111.518881304167,NA,-7.36102258651106
"57","TMPF",301,"ABLA",NA,1.7,NA,0,"0",1,1,1,1,"0","0","0","BO",0,0,0,0,"0","0","0","0",0,0,0,0,"0","0","0",NA,0,0,0,1,"0","0","0",NA,0,0,0,0,"0","0","0",NA,0,0,0,0,"0","0","0",NA,0,0,0,0,"0","0","0",NA,0,0,0,0,"0","0","0",NA,NA,NA,NA,NA,1,2,3,4,NA,NA,NA,NA,0,0,0,1,1,"TMPF301",4657,301,NA,"Point",2394.204,-16.928,0.0285421864655781,0,0,0,1,"TMPF_301_2573","TMPF_302_2748",1.02450118230584,"TMPF_302_2748",1.02450118230584,"TMPF_302_2748",1.02450118230584,"TMPF_302_2748",1.02450118230584,NA,41.7983371126667,-111.518866690333,41.7983297715,-111.518874161333,NA,-142.709940509637,41.7983297715,-111.518874161333,NA,-142.709940509637,41.7983297715,-111.518874161333,NA,-142.709940509637,41.7983297715,-111.518874161333,NA,-142.709940509637
"58","TMPF",305,"ABLA",NA,1.8,NA,0,"0",1,1,1,1,"0","0","0","BO",0,0,0,0,"0","0","0","0",0,0,0,0,"0","0","0",NA,0,0,0,1,"0","0","0",NA,0,0,0,0,"0","0","0",NA,0,0,0,0,"0","0","0",NA,0,0,0,0,"0","0","0",NA,0,0,0,0,"0","0","0",NA,NA,NA,NA,NA,1,2,3,4,NA,NA,NA,NA,0,0,0,1,1,"TMPF305",4661,305,NA,"Point",2390.942,-16.928,0.0171614095337597,0,0,0,1,"TMPF_305_2574","TMPF_286_2789",4.59450763069696,"TMPF_306_2575",2.22970283767746,"TMPF_284_2689",6.73316896996772,"TMPF_306_2575",2.22970283767746,NA,41.798438747,-111.5188015145,41.7983989046667,-111.518786571167,NA,164.323024684738,41.7984583221667,-111.5188075085,NA,-12.9053281715106,41.7984091965,-111.518872286,NA,-119.161732330316,41.7984583221667,-111.5188075085,NA,-12.9053281715106
"59","TMPF",306,"ABLA",NA,4.4,NA,0,"0",1,1,1,1,"0","0","0","BO",0,1,1,1,"0","0","0","0",0,0,0,1,"0","0","0",NA,0,0,0,0,"0","0","0",NA,0,0,0,0,"0","0","0",NA,0,0,0,0,"0","0","0",NA,0,1,0,0,"0","0","0",NA,0,0,0,0,"0","0","0",NA,NA,NA,NA,NA,1,2,3,4,NA,NA,NA,NA,0,1,0,1,1,"TMPF306",4662,306,NA,"Point",2390.725,-16.928,0.01494312425779,0,1,0,1,"TMPF_306_2575","TMPF_317_2747",5.60623098826387,"TMPF_317_2747",5.60623098826387,"TMPF_325_2791",7.55422681681261,"TMPF_305_2574",2.22970283767746,NA,41.7984583221667,-111.5188075085,41.798508543,-111.518814519167,NA,-5.96339084498585,41.798508543,-111.518814519167,NA,-5.96339084498585,41.7984979058333,-111.518881463667,NA,-54.4243555307628,41.798438747,-111.5188015145,NA,167.094667833415
"60","TMPF",307,"ABLA",NA,3.6,NA,0,"0",1,1,1,1,"0","0","0","BO",0,0,0,0,"0","0","0","0",0,0,0,1,"0","0","0",NA,0,0,0,0,"0","0","0",NA,0,0,0,0,"0","0","0",NA,0,0,0,1,"0","0","0",NA,0,0,0,1,"0","0","0",NA,0,0,0,1,"0","0","0",NA,NA,NA,NA,NA,1,2,3,4,NA,NA,NA,NA,0,0,0,1,1,"TMPF307",4663,307,NA,"Point",2390.817,-16.928,0.0166480697242245,0,0,0,1,"TMPF_307_2576","TMPF_284_2689",4.35706230999315,"TMPF_306_2575",3.59616135687999,"TMPF_284_2689",4.35706230999315,"TMPF_306_2575",3.59616135687999,NA,41.7984429981667,-111.518845643,41.7984091965,-111.518872286,NA,-149.467413345945,41.7984583221667,-111.5188075085,NA,61.7635288744587,41.7984091965,-111.518872286,NA,-149.467413345945,41.7984583221667,-111.5188075085,NA,61.7635288744587
"61","TMPF",319,"ABLA",NA,2.3,NA,0,"0",1,1,1,1,"0","0","0","0",0,1,1,1,"0","0","0","0",0,0,0,0,"0","0","0",NA,0,0,0,0,"0","0","0",NA,0,0,0,0,"0","0","0",NA,0,0,0,0,"0","0","0",NA,0,0,0,0,"0","0","0",NA,0,0,0,0,"0","0","0",NA,NA,NA,NA,NA,1,2,3,4,NA,NA,NA,NA,0,0,0,0,0,"TMPF319",4676,319,NA,"Point",2389.782,-16.928,0.00361540244836047,0,0,0,0,"TMPF_319_2577","TMPF_314_2678",3.02244859521276,"TMPF_314_2678",3.02244859521276,"TMPF_462_2691",2.68831963123539,"TMPF_462_2691",2.68831963123539,NA,41.7985622726667,-111.518843666333,41.7985450151667,-111.518815530833,NA,129.341542302165,41.7985450151667,-111.518815530833,NA,129.341542302165,41.7985838801667,-111.5188582685,NA,-26.8250175933703,41.7985838801667,-111.5188582685,NA,-26.8250175933703
"62","TMPF",320,"ABLA",NA,4.9,NA,0,"0",1,1,1,1,"0","BO","BO","BO",0,0,0,0,"0","0","0","0",0,0,0,1,"0","0","0",NA,0,0,0,1,"0","0","0",NA,0,0,0,0,"0","0","0",NA,0,0,0,2,"0","0","0",NA,0,1,0,1,"0","0","0",NA,0,0,0,0,"0","0","0",NA,NA,NA,NA,NA,1,2,3,4,NA,NA,NA,NA,0,1,0,1,1,"TMPF320",4679,320,NA,"Point",2386.926,-16.928,0.0078750100508694,0,1,0,1,"TMPF_320_2578","TMPF_326_2581",4.06872515300627,"TMPF_322_2580",2.89007750563158,"TMPF_326_2581",4.06872515300627,"TMPF_321_2579",2.46104577595359,NA,41.798543813,-111.518895619833,41.7985217448333,-111.518934717667,NA,-127.02737766614,41.7985179223333,-111.518892021667,NA,174.062964452584,41.7985217448333,-111.518934717667,NA,-127.02737766614,41.798532817,-111.518869899167,NA,119.740517917274
"63","TMPF",321,"ABLA",NA,3.1,NA,0,"0",1,1,1,1,"0","0","BO","BO",0,0,0,0,"0","0","0","0",0,0,0,1,"0","0","0",NA,0,0,0,0,"0","0","0",NA,0,0,0,0,"0","0","0",NA,0,0,0,1,"0","0","0",NA,0,0,0,0,"0","0","0",NA,0,0,0,0,"0","0","0",NA,NA,NA,NA,NA,1,2,3,4,NA,NA,NA,NA,0,0,0,1,1,"TMPF321",4678,321,NA,"Point",2385.909,-16.928,0.00751997725751105,0,0,0,1,"TMPF_321_2579","TMPF_325_2791",3.99340019750404,"TMPF_320_2578",2.46104577595359,"TMPF_325_2791",3.99340019750404,"TMPF_320_2578",2.46104577595359,NA,41.798532817,-111.518869899167,41.7984979058333,-111.518881463667,NA,-166.078489906722,41.798543813,-111.518895619833,NA,-60.2594649395561,41.7984979058333,-111.518881463667,NA,-166.078489906722,41.798543813,-111.518895619833,NA,-60.2594649395561
"64","TMPF",322,"ABLA",NA,6.5,NA,0,"0",1,1,1,1,"0","BO","BO","BO",2,2,1,1,"0","0","0","0",0,1,0,1,"0","0","0",NA,0,0,0,1,"0","0","0",NA,0,0,0,0,"0","0","0",NA,0,1,0,1,"0","0","0",NA,0,0,0,1,"0","0","0",NA,0,0,0,0,"0","0","0",NA,NA,NA,NA,NA,1,2,3,4,NA,NA,NA,NA,0,1,0,1,1,"TMPF322",4680,322,NA,"Point",2388.813,-16.928,0.00988946134143427,0,1,0,1,"TMPF_322_2580","TMPF_325_2791",2.38922424840792,"TMPF_325_2791",2.38922424840792,"TMPF_325_2791",2.38922424840792,"TMPF_325_2791",2.38922424840792,NA,41.7985179223333,-111.518892021667,41.7984979058333,-111.518881463667,NA,158.461126308363,41.7984979058333,-111.518881463667,NA,158.461126308363,41.7984979058333,-111.518881463667,NA,158.461126308363,41.7984979058333,-111.518881463667,NA,158.461126308363
"65","TMPF",326,"ABLA",NA,6.4,NA,3,"0",1,1,1,1,"BO","BO","BO","BO",1,1,1,1,"0","0","0","0",0,0,0,2,"0","0","0",NA,1,2,0,2,"0","0","0",NA,0,0,0,1,"0","0","0",NA,0,1,0,1,"0","0","0",NA,0,2,2,2,"0","0","0",NA,0,0,0,0,"0","0","0",NA,NA,NA,NA,NA,1,2,3,4,NA,NA,NA,NA,1,1,1,1,0,"TMPF326",4683,326,NA,"Point",2387.493,-16.928,0.0119267147055357,1,1,1,1,"TMPF_326_2581","TMPF_344_2588",3.75977516758849,"TMPF_324_2814",1.78658083984624,"TMPF_344_2588",3.75977516758849,"TMPF_324_2814",1.78658083984624,NA,41.7985217448333,-111.518934717667,41.7985495595,-111.518960530333,NA,-34.7771251480622,41.7985104936667,-111.518919343833,NA,134.363361840308,41.7985495595,-111.518960530333,NA,-34.7771251480622,41.7985104936667,-111.518919343833,NA,134.363361840308
"66","TMPF",327,"ABLA",NA,5.3,NA,0,"0",1,1,1,1,"0","0","0","BO",0,0,1,1,"0","0","0","0",0,0,0,1,"0","0","0",NA,0,0,0,2,"0","0","0",NA,0,0,0,1,"0","0","0",NA,0,0,0,1,"0","0","0",NA,0,0,0,1,"0","0","0",NA,0,0,0,0,"0","0","0",NA,NA,NA,NA,NA,1,2,3,4,NA,NA,NA,NA,0,0,0,1,1,"TMPF327",4684,327,NA,"Point",2390.303,-16.928,0.0128402923600424,0,0,0,1,"TMPF_327_2582","TMPF_325_2791",2.05957213272458,"TMPF_328_2759",1.20332181733918,"TMPF_325_2791",2.05957213272458,"TMPF_328_2759",1.20332181733918,NA,41.7984928036667,-111.518905297667,41.7984979058333,-111.518881463667,NA,74.0351310839747,41.798482163,-111.518908049333,NA,-169.048277638034,41.7984979058333,-111.518881463667,NA,74.0351310839747,41.798482163,-111.518908049333,NA,-169.048277638034
"67","TMPF",330,"ABLA",NA,5,NA,0,"0",1,1,1,1,"0","0","BO","BO",1,1,1,1,"0","0","0","0",0,0,0,1,"0","0","0",NA,0,0,0,2,"0","0","0",NA,0,0,0,1,"0","0","0",NA,0,0,0,0,"0","0","0",NA,0,0,0,0,"0","0","0",NA,0,0,0,0,"0","0","0",NA,NA,NA,NA,NA,1,2,3,4,NA,NA,NA,NA,0,0,0,1,1,"TMPF330",4687,330,NA,"Point",2390.177,-16.928,0.0142810313665359,0,0,0,1,"TMPF_330_2583","TMPF_325_2791",2.90856754254755,"TMPF_328_2759",2.00313722263747,"TMPF_325_2791",2.90856754254755,"TMPF_329_2781",1.18242545327502,NA,41.7984721665,-111.518887977833,41.7984979058333,-111.518881463667,NA,10.7235543168909,41.798482163,-111.518908049333,NA,-56.3530356747499,41.7984979058333,-111.518881463667,NA,10.7235543168909,41.7984824378333,-111.5188917385,NA,-15.3214596499175
"68","TMPF",332,"ABLA",NA,7.5,NA,2,"0",1,1,1,1,"BO","BO","BO","BO",1,1,1,1,"0","0","0","0",1,0,0,1,"0","0","0",NA,1,1,0,2,"0","0","0",NA,0,0,0,0,"0","0","0",NA,0,0,0,1,"0","0","0",NA,0,1,0,2,"0","0","0",NA,0,0,0,1,"0","0","0",NA,NA,NA,NA,NA,1,2,3,4,NA,NA,NA,NA,1,1,0,1,0,"TMPF332",4691,332,NA,"Point",2388.074,-16.928,0.0182334404807264,1,1,0,1,"TMPF_332_2584","TMPF_331_2792",1.69226524799208,"TMPF_334_2760",4.25825053256751,"TMPF_326_2581",7.16716944626464,"TMPF_333_2784",1.59759298567809,NA,41.7984589105,-111.518954492167,41.7984507086667,-111.518937323667,NA,122.555228389999,41.7984687345,-111.519004036833,NA,-75.1584794870943,41.7985217448333,-111.518934717667,NA,13.2512520926927,41.7984537918333,-111.518972463833,NA,-110.838220922281
"69","TMPF",335,"ABLA",NA,4.7,NA,1,"0",1,1,1,1,"BO","0","0","BO",1,1,1,1,"0","0","0","0",0,0,0,1,"0","0","0",NA,0,0,0,2,"0","0","0",NA,0,0,0,0,"0","0","0",NA,0,0,0,1,"0","0","0",NA,1,0,0,1,"0","0","0",NA,0,0,0,1,"0","0","0",NA,NA,NA,NA,NA,1,2,3,4,NA,NA,NA,NA,1,0,0,1,0,"TMPF335",4694,335,NA,"Point",2387.203,-16.928,0.0209588175019231,1,0,0,1,"TMPF_335_2585","TMPF_334_2760",0.842882647815123,"TMPF_334_2760",0.842882647815123,"TMPF_326_2581",9.04419430203425,"TMPF_334_2760",0.842882647815123,NA,41.7984650895,-111.519012936333,41.7984687345,-111.519004036833,NA,61.3059539495927,41.7984687345,-111.519004036833,NA,61.3059539495927,41.7985217448333,-111.518934717667,NA,45.9323527434245,41.7984687345,-111.519004036833,NA,61.3059539495927
"70","TMPF",337,"ABLA",NA,5,NA,1,"0",1,1,1,1,"0","BO","0","BO",1,1,1,1,"0","0","0","0",0,1,0,0,"0","0","0",NA,0,0,0,2,"0","0","0",NA,0,0,0,1,"0","0","0",NA,0,0,0,0,"0","0","0",NA,0,1,0,1,"0","0","0",NA,0,0,0,1,"0","0","0",NA,NA,NA,NA,NA,1,2,3,4,NA,NA,NA,NA,0,1,0,1,1,"TMPF337",4695,337,NA,"Point",2385.319,-16.928,0.0239786807917142,0,1,0,1,"TMPF_337_2586","TMPF_362_2798",5.34498432095495,"TMPF_362_2798",5.34498432095495,"TMPF_364_2637",8.43156072520432,"TMPF_336_2765",4.9982833793179,NA,41.798483278,-111.519075811,41.7985250098333,-111.519107884833,NA,-29.9036226080222,41.7985250098333,-111.519107884833,NA,-29.9036226080222,41.7985372216667,-111.519147244,NA,-44.7378261781843,41.7984489825,-111.519036838,NA,139.624026733049
"71","TMPF",342,"ABLA",NA,3.3,NA,0,"0",1,1,1,1,"BO","0","0","BO",1,1,0,2,"0","0","0","0",0,0,0,1,"0","0","0",NA,0,0,0,0,"0","0","0",NA,0,0,0,0,"0","0","0",NA,1,0,0,0,"0","0","0",NA,0,0,0,0,"0","0","0",NA,0,0,0,0,"0","0","0",NA,NA,NA,NA,NA,1,2,3,4,NA,NA,NA,NA,1,0,0,1,0,"TMPF342",4701,342,NA,"Point",2385.357,-16.928,0.0162861316317975,1,0,0,1,"TMPF_342_2587","TMPF_341_2804",2.05895814798328,"TMPF_343_2660",1.92455271188918,"TMPF_349_2708",2.60464105390247,"TMPF_343_2660",1.92455271188918,NA,41.7985478708333,-111.519013337333,41.7985295901667,-111.5190175035,NA,-170.322200448588,41.79855608,-111.519033739833,NA,-61.7326035208843,41.7985647646667,-111.518991584833,NA,43.9347876272776,41.79855608,-111.519033739833,NA,-61.7326035208843
"72","TMPF",344,"ABLA",NA,5.1,NA,1,"0",1,1,1,1,"BO","BR, BO","BO","BO",1,1,1,1,"0","0","0","0",1,1,2,2,"0","0","0",NA,0,1,2,2,"0","0","0",NA,0,0,0,0,"0","0","0",NA,1,0,2,2,"0","0","0",NA,1,2,2,2,"0","0","0",NA,0,0,0,0,"0","0","0",NA,NA,NA,NA,NA,1,2,3,4,NA,NA,NA,NA,1,1,1,1,0,"TMPF344",4704,344,NA,"Point",2386.61,-16.928,0.0121093037352337,1,1,1,1,"TMPF_344_2588","TMPF_345_2718",2.82416881995014,"TMPF_345_2718",2.82416881995014,"TMPF_345_2718",2.82416881995014,"TMPF_345_2718",2.82416881995014,NA,41.7985495595,-111.518960530333,41.7985717761667,-111.518943976167,NA,29.1424995079141,41.7985717761667,-111.518943976167,NA,29.1424995079141,41.7985717761667,-111.518943976167,NA,29.1424995079141,41.7985717761667,-111.518943976167,NA,29.1424995079141
"73","TMPF",346,"ABLA",NA,5.4,NA,0,"0",1,1,1,1,"BO","BO","BO","BO",1,1,0,0,"0","0","0","0",1,1,0,1,"0","0","0",NA,2,2,2,2,"0","0","0",NA,0,1,0,1,"0","0","0",NA,1,1,0,0,"0","0","0",NA,2,2,2,2,"0","0","0",NA,2,2,2,2,"0","0","0",NA,NA,NA,NA,NA,1,2,3,4,NA,NA,NA,NA,1,1,1,1,0,"TMPF346",4707,346,NA,"Point",2388.239,-16.928,0.00553564235119015,1,1,1,1,"TMPF_346_2589","TMPF_464_2739",2.8306617113787,"TMPF_464_2739",2.8306617113787,"TMPF_462_2691",2.76598265827502,"TMPF_463_2627",2.52049753699077,NA,41.798582274,-111.518891492167,41.7986051355,-111.518876410833,NA,26.2723399663547,41.7986051355,-111.518876410833,NA,26.2723399663547,41.7985838801667,-111.5188582685,NA,86.3034470348001,41.7985970945,-111.518868511167,NA,49.2438853999978
"74","TMPF",353,"ABLA",NA,7.2,NA,0,"0",1,1,1,1,"BO","BO","BO","BO",1,1,0,1,"0","0","0","0",0,1,0,1,"0","0","0",NA,1,1,0,1,"0","0","0",NA,0,0,0,0,"0","0","0",NA,0,0,0,1,"0","0","0",NA,0,1,0,1,"0","0","0",NA,0,0,0,0,"0","0","0",NA,NA,NA,NA,NA,1,2,3,4,NA,NA,NA,NA,1,1,0,1,0,"TMPF353",4714,353,NA,"Point",2383.704,-16.928,0.0197915419440183,1,1,0,1,"TMPF_353_2590","TMPF_437_2649",1.83086220352384,"TMPF_437_2649",1.83086220352384,"TMPF_437_2649",1.83086220352384,"TMPF_427_2611",1.46686624587535,NA,41.798593357,-111.5190647475,41.7986037218333,-111.5190476075,NA,51.0570521871559,41.7986037218333,-111.5190476075,NA,51.0570521871559,41.7986037218333,-111.5190476075,NA,51.0570521871559,41.7985983183333,-111.519081111333,NA,-67.9432539173685
"75","TMPF",355,"ABLA",NA,4,NA,0,"0",1,1,1,1,"0","0","0","0",0,1,0,0,"0","0","0","0",0,0,0,0,"0","0","0",NA,0,0,0,0,"0","0","0",NA,0,0,0,0,"0","0","0",NA,0,0,0,0,"0","0","0",NA,0,0,0,0,"0","0","0",NA,0,0,0,0,"0","0","0",NA,NA,NA,NA,NA,1,2,3,4,NA,NA,NA,NA,0,0,0,0,0,"TMPF355",4717,355,NA,"Point",2386.786,-16.928,0.0211414227970039,0,0,0,0,"TMPF_355_2591","TMPF_354_2665",1.86904705967338,"TMPF_354_2665",1.86904705967338,"TMPF_424_2725",3.16418835223447,"TMPF_354_2665",1.86904705967338,NA,41.7985782243333,-111.519080368333,41.7985742373333,-111.519102225167,NA,-103.700148965931,41.7985742373333,-111.519102225167,NA,-103.700148965931,41.7985919386667,-111.5191137545,NA,-61.2349327229537,41.7985742373333,-111.519102225167,NA,-103.700148965931
"76","TMPF",360,"ABLA",NA,2.6,NA,0,"0",1,1,1,1,"0","0","0","0",1,1,0,0,"0","0","0","0",0,0,0,0,"0","0","0",NA,0,0,0,0,"0","0","0",NA,0,0,0,0,"0","0","0",NA,0,0,0,0,"0","0","0",NA,0,0,0,0,"0","0","0",NA,0,0,0,0,"0","0","0",NA,NA,NA,NA,NA,1,2,3,4,NA,NA,NA,NA,0,0,0,0,0,"TMPF360",4722,360,NA,"Point",2385.366,-16.928,0.0313005959068214,0,0,0,0,"TMPF_360_2592","TMPF_361_2593",3.30408101710049,"TMPF_359_2767",0.789165574632943,"TMPF_364_2637",5.84912021483619,"TMPF_359_2767",0.789165574632943,NA,41.7984897635,-111.519177808667,41.7985189086667,-111.519185845333,NA,-11.6586112614814,41.7984886365,-111.51916843,NA,99.1231647071234,41.7985372216667,-111.519147244,NA,25.7303952695678,41.7984886365,-111.51916843,NA,99.1231647071234
"77","TMPF",361,"ABLA",NA,6.4,NA,0,"0",1,1,1,1,"BO","BO","BO","BO",1,1,0,1,"0","0","0","0",1,1,0,2,"0","0","0",NA,2,1,0,2,"0","0","0",NA,1,0,0,0,"0","0","0",NA,0,1,0,2,"0","0","0",NA,2,1,0,2,"0","0","0",NA,0,1,0,0,"0","0","0",NA,NA,NA,NA,NA,1,2,3,4,NA,NA,NA,NA,1,1,0,1,0,"TMPF361",4723,361,NA,"Point",2382.789,-16.928,0.0309167691985481,1,1,0,1,"TMPF_361_2593","TMPF_364_2637",3.79723494286821,"TMPF_359_2767",3.65924067644528,"TMPF_364_2637",3.79723494286821,"TMPF_359_2767",3.65924067644528,NA,41.7985189086667,-111.519185845333,41.7985372216667,-111.519147244,NA,57.6252501718216,41.7984886365,-111.51916843,NA,156.708952024087,41.7985372216667,-111.519147244,NA,57.6252501718216,41.7984886365,-111.51916843,NA,156.708952024087
"78","TMPF",369,"ABLA",NA,4,NA,0,"0",1,1,1,1,"BO","BO","0","0",1,1,1,1,"0","0","0","0",1,0,0,0,"0","0","0",NA,0,0,0,0,"0","0","0",NA,0,0,0,0,"0","0","0",NA,0,1,0,0,"0","0","0",NA,0,0,0,0,"0","0","0",NA,0,0,0,0,"0","0","0",NA,"2 DB","2 DB","2 DB","2 DB",1,2,3,4,NA,NA,NA,NA,1,1,0,0,0,"TMPF369",4732,369,NA,"Point",2380.917,-16.928,0.024732397741921,1,1,0,0,"TMPF_369_2594","TMPF_354_2665",1.76761167370276,"TMPF_354_2665",1.76761167370276,"TMPF_424_2725",2.0523081622313,"TMPF_354_2665",1.76761167370276,NA,41.7985749468333,-111.51912348,41.7985742373333,-111.519102225167,NA,92.5542378248035,41.7985742373333,-111.519102225167,NA,92.5542378248035,41.7985919386667,-111.5191137545,NA,23.1849946019347,41.7985742373333,-111.519102225167,NA,92.5542378248035
"79","TMPF",371,"ABLA",NA,3.5,NA,0,"0",1,1,1,1,"0","0","0","0",1,0,0,0,"0","0","0","0",0,0,0,0,"0","0","0",NA,0,0,0,0,"0","0","0",NA,0,0,0,0,"0","0","0",NA,0,0,0,0,"0","0","0",NA,0,0,0,0,"0","0","0",NA,0,0,0,0,"0","0","0",NA,NA,NA,NA,NA,1,2,3,4,NA,NA,NA,NA,0,0,0,0,0,"TMPF371",4736,371,NA,"Point",2384.637,-16.928,0.0337877918014749,0,0,0,0,"TMPF_371_2595","TMPF_370_2776",7.02475063652061,"TMPF_372_2810",2.36551842367633,"TMPF_370_2776",7.02475063652061,"TMPF_372_2810",2.36551842367633,NA,41.7985780505,-111.519233167833,41.7985631506667,-111.519150992,NA,103.620754111339,41.7985579751667,-111.519223632167,NA,160.433208422842,41.7985631506667,-111.519150992,NA,103.620754111339,41.7985579751667,-111.519223632167,NA,160.433208422842
"80","TMPF",373,"ABLA",NA,4.1,NA,0,"0",1,1,1,1,"0","0","0","0",1,1,0,0,"0","0","0","0",0,0,0,0,"0","0","0",NA,0,0,0,0,"0","0","0",NA,0,0,0,0,"0","0","0",NA,0,0,0,0,"0","0","0",NA,0,0,0,0,"0","0","0",NA,0,0,0,0,"0","0","0",NA,NA,NA,NA,NA,1,2,3,4,NA,NA,NA,NA,0,0,0,0,0,"TMPF373",4737,373,NA,"Point",2384.724,-16.928,0.033063203464416,0,0,0,0,"TMPF_373_2596","TMPF_361_2593",4.86092397832571,"TMPF_372_2810",0.51538627186625,"TMPF_370_2776",5.95430309572625,"TMPF_372_2810",0.51538627186625,NA,41.798553611,-111.519221518333,41.7985189086667,-111.519185845333,NA,142.431936447538,41.7985579751667,-111.519223632167,NA,-19.9225628706415,41.7985631506667,-111.519150992,NA,79.7535414446289,41.7985579751667,-111.519223632167,NA,-19.9225628706415
"81","TMPF",374,"ABLA",NA,1.2,NA,0,"0",1,1,1,1,"0","0","0","0",0,1,1,1,"0","0","0","0",0,0,0,0,"0","0","0",NA,0,0,0,0,"0","0","0",NA,0,0,0,0,"0","0","0",NA,0,0,0,0,"0","0","0",NA,0,0,0,0,"0","0","0",NA,0,0,0,0,"0","0","0",NA,NA,NA,NA,NA,1,2,3,4,NA,NA,NA,NA,0,0,0,0,0,"TMPF374",4738,374,NA,"Point",2383.868,-16.928,0.0348553158017465,0,0,0,0,"TMPF_374_2597","TMPF_392_2650",4.2009606552477,"TMPF_372_2810",3.23262460367744,"TMPF_392_2650",4.2009606552477,"TMPF_372_2810",3.23262460367744,NA,41.798531054,-111.519238451333,41.798511399,-111.519281658833,NA,-121.2962496674,41.7985579751667,-111.519223632167,NA,22.387001833372,41.798511399,-111.519281658833,NA,-121.2962496674,41.7985579751667,-111.519223632167,NA,22.387001833372
"82","TMPF",375,"ABLA",NA,3.4,NA,0,"0",1,1,1,1,"0","0","0","0",1,1,0,0,"0","0","0","0",0,0,0,0,"0","0","0",NA,0,0,0,0,"0","0","0",NA,0,0,0,0,"0","0","0",NA,0,0,0,0,"0","0","0",NA,0,0,0,0,"0","0","0",NA,0,0,0,0,"0","0","0",NA,NA,NA,NA,NA,1,2,3,4,NA,NA,NA,NA,0,0,0,0,0,"TMPF375",4740,375,NA,"Point",2382.407,-16.928,0.0367288393929988,0,0,0,0,"TMPF_375_2598","TMPF_391_2723",2.98658890152476,"TMPF_391_2723",2.98658890152476,"TMPF_392_2650",3.3440428826651,"TMPF_391_2723",2.98658890152476,NA,41.7985381438333,-111.5192631475,41.7985230965,-111.519292945167,NA,-124.013605028521,41.7985230965,-111.519292945167,NA,-124.013605028521,41.798511399,-111.519281658833,NA,-152.61932144925,41.7985230965,-111.519292945167,NA,-124.013605028521
"83","TMPF",376,"ABLA",NA,3.7,NA,1,"0",1,1,1,1,"0","BO","0","0",1,1,1,1,"0","0","0","0",0,1,0,1,"0","0","0",NA,0,0,0,1,"0","0","0",NA,0,0,0,0,"0","0","0",NA,0,0,0,1,"0","0","0",NA,0,0,0,0,"0","0","0",NA,0,0,0,0,"0","0","0",NA,"WOB","WOB","WOB","WOB",1,2,3,4,NA,NA,NA,NA,0,1,0,1,1,"TMPF376",4742,376,NA,"Point",2380.295,-16.928,0.0388121659124181,0,1,0,1,"TMPF_376_2599","TMPF_392_2650",0.665170855898683,"TMPF_392_2650",0.665170855898683,"TMPF_392_2650",0.665170855898683,"TMPF_392_2650",0.665170855898683,NA,41.7985056018333,-111.5192796385,41.798511399,-111.519281658833,NA,-14.6160778842984,41.798511399,-111.519281658833,NA,-14.6160778842984,41.798511399,-111.519281658833,NA,-14.6160778842984,41.798511399,-111.519281658833,NA,-14.6160778842984
"84","TMPF",387,"ABLA",NA,1.8,NA,0,"0",1,1,1,1,"0","0","0","0",0,0,1,1,"0","0","0","0",0,0,0,0,"0","0","0",NA,0,0,0,0,"0","0","0",NA,0,0,0,0,"0","0","0",NA,0,0,0,0,"0","0","0",NA,0,0,0,0,"0","0","0",NA,0,0,0,0,"0","0","0",NA,NA,NA,NA,NA,1,2,3,4,NA,NA,NA,NA,0,0,0,0,0,"TMPF387",4755,387,NA,"Point",2382.899,-16.928,0.0424554547413354,0,0,0,0,"TMPF_387_2600","TMPF_386_2720",1.76570492799785,"TMPF_386_2720",1.76570492799785,"TMPF_386_2720",1.76570492799785,"TMPF_386_2720",1.76570492799785,NA,41.7984922573333,-111.5193203745,41.7985081508333,-111.519321121,NA,-2.01289714642227,41.7985081508333,-111.519321121,NA,-2.01289714642227,41.7985081508333,-111.519321121,NA,-2.01289714642227,41.7985081508333,-111.519321121,NA,-2.01289714642227
"85","TMPF",401,"ABLA",NA,6.1,NA,0,"0",1,1,1,1,"BO","BO","0","0",1,1,0,0,"0","0","0","0",1,1,0,0,"0","0","0",NA,1,1,0,0,"0","0","0",NA,0,1,0,0,"0","0","0",NA,0,0,0,0,"0","0","0",NA,0,0,0,0,"0","0","0",NA,1,1,0,0,"0","0","0",NA,NA,NA,NA,NA,1,2,3,4,NA,NA,NA,NA,1,1,0,0,0,"TMPF401",4779,401,NA,"Point",2379.949,-16.928,0.0433862582673522,1,1,0,0,"TMPF_401_2601","TMPF_403_2811",1.48235603769275,"TMPF_403_2811",1.48235603769275,"TMPF_386_2720",13.7618865818016,"TMPF_403_2811",1.48235603769275,NA,41.7986306001667,-111.519346821,41.798617282,-111.519348076333,NA,-175.965542095968,41.798617282,-111.519348076333,NA,-175.965542095968,41.7985081508333,-111.519321121,NA,171.074477322134,41.798617282,-111.519348076333,NA,-175.965542095968
"86","TMPF",409,"ABLA",NA,2.2,NA,1,"0",1,1,1,1,"0","BO","0","0",1,1,1,1,"0","0","0","0",0,1,0,0,"0","0","0",NA,0,0,0,0,"0","0","0",NA,0,0,0,0,"0","0","0",NA,0,0,0,0,"0","0","0",NA,0,0,0,0,"0","0","0",NA,0,0,0,0,"0","0","0",NA,NA,NA,NA,NA,1,2,3,4,NA,NA,NA,NA,0,1,0,0,1,"TMPF409",4783,409,NA,"Point",2382.801,-16.928,0.0360368621007868,0,1,0,0,"TMPF_409_2602","TMPF_407_2648",5.45825605414262,"TMPF_408_2763",0.248538879797838,"TMPF_370_2776",12.4555882021552,"TMPF_408_2763",0.248538879797838,NA,41.7986438558333,-111.519255128333,41.79865119,-111.519320091833,NA,-81.4202346731884,41.7986433023333,-111.519258027,NA,-104.315429052328,41.7985631506667,-111.519150992,NA,136.004546003566,41.7986433023333,-111.519258027,NA,-104.315429052328
"87","TMPF",410,"ABLA",NA,3.7,NA,0,"0",1,1,1,1,"0","0","0","BO",1,0,0,0,"0","0","0","0",0,0,0,1,"0","0","0",NA,0,0,0,1,"0","0","0",NA,0,0,0,0,"0","0","0",NA,0,0,0,0,"0","0","0",NA,0,0,0,0,"0","0","0",NA,0,0,0,0,"0","0","0",NA,NA,NA,NA,NA,1,2,3,4,NA,NA,NA,NA,0,0,0,1,1,"TMPF410",4784,410,NA,"Point",2382.241,-16.928,0.034170127422312,0,0,0,1,"TMPF_410_2603","TMPF_407_2648",7.32993536839336,"TMPF_409_2602",1.87218723936936,"TMPF_370_2776",11.0628804908145,"TMPF_408_2763",2.10561705015684,NA,41.7986417911667,-111.519232763167,41.79865119,-111.519320091833,NA,-81.8152283059748,41.7986438558333,-111.519255128333,NA,-82.9669217986581,41.7985631506667,-111.519150992,NA,142.11442903071,41.7986433023333,-111.519258027,NA,-85.4296698957866
"88","TMPF",413,"ABLA",NA,6.7,NA,0,"0",1,1,1,1,"0","0","0","BO",0,0,1,1,"0","0","0","0",0,0,0,1,"0","0","0",NA,0,0,0,1,"0","0","0",NA,0,0,0,0,"0","0","0",NA,0,0,0,1,"0","0","0",NA,0,0,0,1,"0","0","0",NA,0,0,0,0,"0","0","0",NA,NA,NA,NA,NA,1,2,3,4,NA,NA,NA,NA,0,0,0,1,1,"TMPF413",4789,413,NA,"Point",2380.397,-16.928,0.0297508467659519,0,0,0,1,"TMPF_413_2604","TMPF_424_2725",8.97025720833308,"TMPF_412_2700",2.02941478705995,"TMPF_424_2725",8.97025720833308,"TMPF_414_2816",0.571210585718181,NA,41.7986593065,-111.519173356667,41.7985919386667,-111.5191137545,NA,146.494322687407,41.7986707721667,-111.5191923805,NA,-51.1505214702944,41.7985919386667,-111.5191137545,NA,146.494322687407,41.7986580161667,-111.519166701,NA,104.525150542721
"89","TMPF",416,"ABLA",NA,6,NA,0,"0",1,1,1,1,"0","0","0","0",0,0,0,0,"0","0","0","0",0,0,0,0,"0","0","0",NA,0,0,0,0,"0","0","0",NA,0,0,0,0,"0","0","0",NA,0,0,0,0,"0","0","0",NA,0,0,0,0,"0","0","0",NA,0,0,0,0,"0","0","0",NA,NA,NA,NA,NA,1,2,3,4,NA,NA,NA,NA,0,0,0,0,0,"TMPF416",4793,416,NA,"Point",2380.09,-16.928,0.0292188575599364,0,0,0,0,"TMPF_416_2605","TMPF_424_2725",8.93395746261311,"TMPF_412_2700",2.41105921470388,"TMPF_424_2725",8.93395746261311,"TMPF_415_2786",0.203147973545865,NA,41.7986624438333,-111.519165578667,41.7985919386667,-111.5191137545,NA,151.188337082349,41.7986707721667,-111.5191923805,NA,-67.448498390171,41.7985919386667,-111.5191137545,NA,151.188337082349,41.7986642691667,-111.519165409667,NA,3.9631461229946
"90","TMPF",418,"ABLA",NA,4.7,NA,1,"0",1,1,1,1,"0","0","0","0",1,0,0,0,"0","0","0","0",0,0,0,0,"0","0","0",NA,0,0,0,0,"0","0","0",NA,0,0,0,0,"0","0","0",NA,0,0,0,0,"0","0","0",NA,0,0,0,0,"0","0","0",NA,0,0,0,0,"0","0","0",NA,NA,NA,NA,NA,1,2,3,4,NA,NA,NA,NA,0,0,0,0,0,"TMPF418",4796,418,NA,"Point",2380.885,-16.928,0.0345173255929055,0,0,0,0,"TMPF_418_2606","TMPF_407_2648",8.12871589159394,"TMPF_409_2602",4.21768752310495,"TMPF_370_2776",8.99667906621297,"TMPF_410_2603",3.91701360788612,NA,41.7986071803333,-111.519241900167,41.79865119,-111.519320091833,NA,-53.0502683262973,41.7986438558333,-111.519255128333,NA,-15.1038092679327,41.7985631506667,-111.519150992,NA,122.91314686969,41.7986417911667,-111.519232763167,NA,11.1744175316484
"91","TMPF",419,"ABLA",NA,5.2,NA,0,"0",1,1,1,1,"0","0","0","0",1,0,1,1,"0","0","0","0",0,0,0,0,"0","0","0",NA,0,0,0,0,"0","0","0",NA,0,0,0,0,"0","0","0",NA,0,0,0,0,"0","0","0",NA,0,0,0,0,"0","0","0",NA,0,0,0,0,"0","0","0",NA,NA,NA,NA,NA,1,2,3,4,NA,NA,NA,NA,0,0,0,0,0,"TMPF419",4797,419,NA,"Point",2381.905,-16.928,0.0310635227664998,0,0,0,0,"TMPF_419_2607","TMPF_370_2776",5.2256022405494,"TMPF_372_2810",4.22541482151713,"TMPF_370_2776",5.2256022405494,"TMPF_372_2810",4.22541482151713,NA,41.798591957,-111.5192007335,41.7985631506667,-111.519150992,NA,127.737377492911,41.7985579751667,-111.519223632167,NA,-153.241292147047,41.7985631506667,-111.519150992,NA,127.737377492911,41.7985579751667,-111.519223632167,NA,-153.241292147047
"92","TMPF",420,"ABLA",NA,4.1,NA,0,"0",1,1,1,1,"0","0","0","BO",1,1,1,2,"0","0","0","0",0,0,0,0,"0","0","0",NA,0,0,0,0,"0","0","0",NA,0,0,0,0,"0","0","0",NA,0,0,0,0,"0","0","0",NA,0,0,0,1,"0","0","0",NA,0,0,0,0,"0","0","0",NA,NA,NA,NA,NA,1,2,3,4,NA,NA,NA,NA,0,0,0,1,1,"TMPF420",4799,420,NA,"Point",2380.866,-16.928,0.0270545785994621,0,0,0,1,"TMPF_420_2608","TMPF_424_2725",3.85348355938709,"TMPF_423_2737",3.35905634158411,"TMPF_424_2725",3.85348355938709,"TMPF_421_2732",1.09364216222906,NA,41.7986123966667,-111.519151223,41.7985919386667,-111.5191137545,NA,126.117322013692,41.7986009876667,-111.5191137765,NA,112.154382546561,41.7985919386667,-111.5191137545,NA,126.117322013692,41.7986185858333,-111.519140982333,NA,51.0730134670483
"93","TMPF",425,"ABLA",NA,2.7,NA,0,"0",1,1,1,1,"0","0","0","0",1,1,1,1,"0","0","0","0",0,0,0,0,"0","0","0",NA,0,0,0,0,"0","0","0",NA,0,0,0,0,"0","0","0",NA,0,0,0,0,"0","0","0",NA,0,0,0,0,"0","0","0",NA,0,0,0,0,"0","0","0",NA,NA,NA,NA,NA,1,2,3,4,NA,NA,NA,NA,0,0,0,0,0,"TMPF425",4805,425,NA,"Point",2382.94,-16.928,0.0230452126064565,0,0,0,0,"TMPF_425_2609","TMPF_424_2725",0.822379956823544,"TMPF_424_2725",0.822379956823544,"TMPF_424_2725",0.822379956823544,"TMPF_424_2725",0.822379956823544,NA,41.7985906821667,-111.519103999333,41.7985919386667,-111.5191137545,NA,-80.2332845241973,41.7985919386667,-111.5191137545,NA,-80.2332845241973,41.7985919386667,-111.5191137545,NA,-80.2332845241973,41.7985919386667,-111.5191137545,NA,-80.2332845241973
"94","TMPF",426,"ABLA",NA,4.2,NA,0,"0",1,1,1,1,"0","0","0","BO",1,1,0,0,"0","0","0","0",0,0,0,0,"0","0","0",NA,0,0,0,0,"0","0","0",NA,0,0,0,0,"0","0","0",NA,0,0,0,2,"0","0","0",NA,0,0,0,1,"0","0","0",NA,0,0,0,0,"0","0","0",NA,NA,NA,NA,NA,1,2,3,4,NA,NA,NA,NA,0,0,0,1,1,"TMPF426",4806,426,NA,"Point",2383.615,-16.928,0.0222430195577158,0,0,0,1,"TMPF_426_2610","TMPF_424_2725",1.6151101975453,"TMPF_424_2725",1.6151101975453,"TMPF_424_2725",1.6151101975453,"TMPF_427_2611",1.27569741692574,NA,41.7985924681667,-111.519094327,41.7985919386667,-111.5191137545,NA,-92.0859867577344,41.7985919386667,-111.5191137545,NA,-92.0859867577344,41.7985919386667,-111.5191137545,NA,-92.0859867577344,41.7985983183333,-111.519081111333,NA,59.3923517748271
"95","TMPF",427,"ABLA",NA,2.5,NA,0,"0",1,1,1,1,"0","0","0","BO",1,1,0,0,"0","0","0","0",0,0,0,0,"0","0","0",NA,0,0,0,1,"0","0","0",NA,0,0,0,1,"0","0","0",NA,0,0,0,0,"0","0","0",NA,0,0,0,1,"0","0","0",NA,0,0,0,0,"0","0","0",NA,NA,NA,NA,NA,1,2,3,4,NA,NA,NA,NA,0,0,0,1,1,"TMPF427",4807,427,NA,"Point",2384.499,-16.928,0.0211591125703458,0,0,0,1,"TMPF_427_2611","TMPF_353_2590",1.46686624587535,"TMPF_353_2590",1.46686624587535,"TMPF_424_2725",2.80297280577456,"TMPF_426_2610",1.27569741692574,NA,41.7985983183333,-111.519081111333,41.798593357,-111.5190647475,NA,112.056735175905,41.798593357,-111.5190647475,NA,112.056735175905,41.7985919386667,-111.5191137545,NA,-104.637481761463,41.7985924681667,-111.519094327,NA,-120.607639416743
"96","TMPF",428,"ABLA",NA,4.3,NA,0,"0",1,1,1,1,"0","0","0","BO",0,0,0,0,"0","0","0","0",0,0,0,1,"0","0","0",NA,0,0,0,0,"0","0","0",NA,0,0,0,0,"0","0","0",NA,0,0,0,0,"0","0","0",NA,0,0,0,0,"0","0","0",NA,0,0,0,0,"0","0","0",NA,NA,NA,NA,NA,1,2,3,4,NA,NA,NA,NA,0,0,0,1,1,"TMPF428",4808,428,NA,"Point",2383.306,-16.928,0.0239822034704134,0,0,0,1,"TMPF_428_2612","TMPF_424_2725",5.48233407874234,"TMPF_423_2737",4.48302198535632,"TMPF_424_2725",5.48233407874234,"TMPF_421_2732",3.7276355830188,NA,41.7986411091667,-111.519107708833,41.7985919386667,-111.5191137545,NA,-174.743361139315,41.7986009876667,-111.5191137765,NA,-173.543602020448,41.7985919386667,-111.5191137545,NA,-174.743361139315,41.7986185858333,-111.519140982333,NA,-132.133205651361
"97","TMPF",429,"ABLA",NA,4.8,NA,0,"0",1,1,1,1,"0","0","0","0",0,0,1,1,"0","0","0","0",0,0,0,0,"0","0","0",NA,0,0,0,0,"0","0","0",NA,0,0,0,0,"0","0","0",NA,0,0,0,0,"0","0","0",NA,0,0,0,0,"0","0","0",NA,0,0,0,0,"0","0","0",NA,NA,NA,NA,NA,1,2,3,4,NA,NA,NA,NA,0,0,0,0,0,"TMPF429",4809,429,NA,"Point",2382.744,-16.928,0.0246674754116497,0,0,0,0,"TMPF_429_2613","TMPF_424_2725",7.52238479732491,"TMPF_423_2737",6.51912950108298,"TMPF_424_2725",7.52238479732491,"TMPF_428_2612",2.05936678112674,NA,41.7986596133333,-111.519109417,41.7985919386667,-111.5191137545,NA,-177.254191946746,41.7986009876667,-111.5191137765,NA,-176.815137636738,41.7985919386667,-111.5191137545,NA,-177.254191946746,41.7986411091667,-111.519107708833,NA,176.048512528348
"98","TMPF",430,"ABLA",NA,4.4,NA,0,"0",1,1,1,1,"0","0","0","0",1,0,0,0,"0","0","0","0",0,0,0,0,"0","0","0",NA,0,0,0,0,"0","0","0",NA,0,0,0,0,"0","0","0",NA,0,0,0,0,"0","0","0",NA,0,0,0,0,"0","0","0",NA,0,0,0,0,"0","0","0",NA,NA,NA,NA,NA,1,2,3,4,NA,NA,NA,NA,0,0,0,0,0,"TMPF430",4812,430,NA,"Point",2382.857,-16.928,0.0194913761010382,0,0,0,0,"TMPF_430_2614","TMPF_436_2618",4.1737269966607,"TMPF_436_2618",4.1737269966607,"TMPF_436_2618",4.1737269966607,"TMPF_431_2615",2.54645186651449,NA,41.798659399,-111.519043057667,41.7986307816667,-111.519010481667,NA,139.575799352356,41.7986307816667,-111.519010481667,NA,139.575799352356,41.7986307816667,-111.519010481667,NA,139.575799352356,41.7986647605,-111.519013256333,NA,76.481095835578
"99","TMPF",431,"ABLA",NA,5.1,NA,0,"0",1,1,1,1,"0","0","0","BO",1,1,1,1,"0","0","0","0",0,0,0,0,"0","0","0",NA,0,0,0,1,"0","0","0",NA,0,0,0,1,"0","0","0",NA,0,0,0,1,"0","0","0",NA,0,0,0,0,"0","0","0",NA,0,0,0,0,"0","0","0",NA,NA,NA,NA,NA,1,2,3,4,NA,NA,NA,NA,0,0,0,1,1,"TMPF431",4811,431,NA,"Point",2383.181,-16.928,0.0175045386846668,0,0,0,1,"TMPF_431_2615","TMPF_435_2661",3.71554289445969,"TMPF_434_2617",2.49606853905733,"TMPF_436_2618",3.77962078298765,"TMPF_434_2617",2.49606853905733,NA,41.7986647605,-111.519013256333,41.79865595,-111.518970111667,NA,105.264433950121,41.7986576436667,-111.518984757333,NA,108.455215660946,41.7986307816667,-111.519010481667,NA,176.503352786051,41.7986576436667,-111.518984757333,NA,108.455215660946
"100","TMPF",433,"ABLA",NA,5.1,NA,0,"0",1,1,1,1,"0","0","0","BO",0,0,1,1,"0","0","0","0",0,0,0,0,"0","0","0",NA,0,0,0,0,"0","0","0",NA,0,0,0,0,"0","0","0",NA,0,0,0,0,"0","0","0",NA,0,0,0,1,"0","0","0",NA,0,0,0,0,"0","0","0",NA,NA,NA,NA,NA,1,2,3,4,NA,NA,NA,NA,0,0,0,1,1,"TMPF433",4813,433,NA,"Point",2382.462,-16.928,0.0163915675863564,0,0,0,1,"TMPF_433_2616","TMPF_435_2661",3.36018241818292,"TMPF_432_2655",2.35922284323567,"TMPF_447_2738",4.95574600269262,"TMPF_432_2655",2.35922284323567,NA,41.7986854946667,-111.518978879833,41.79865595,-111.518970111667,NA,167.479331335082,41.7987000625,-111.518999552833,NA,-46.7189567202138,41.7986909066667,-111.518919669667,NA,83.0357711406474,41.7987000625,-111.518999552833,NA,-46.7189567202138
"101","TMPF",434,"ABLA",NA,2.5,NA,0,"0",1,1,1,1,"0","BO","0","BO",0,0,1,1,"0","0","0","0",0,0,0,1,"0","0","0",NA,0,0,0,0,"0","0","0",NA,0,1,0,0,"0","0","0",NA,0,0,0,0,"0","0","0",NA,0,0,0,0,"0","0","0",NA,0,0,0,0,"0","0","0",NA,NA,NA,NA,NA,1,2,3,4,NA,NA,NA,NA,0,1,0,1,1,"TMPF434",4815,434,NA,"Point",2384.439,-16.928,0.0150488943304308,0,1,0,1,"TMPF_434_2617","TMPF_435_2661",1.23120787925563,"TMPF_435_2661",1.23120787925563,"TMPF_436_2618",3.66911030427656,"TMPF_435_2661",1.23120787925563,NA,41.7986576436667,-111.518984757333,41.79865595,-111.518970111667,NA,98.7852179895708,41.79865595,-111.518970111667,NA,98.7852179895708,41.7986307816667,-111.519010481667,NA,-144.374890810264,41.79865595,-111.518970111667,NA,98.7852179895708
"102","TMPF",436,"ABLA",NA,5.8,NA,0,"0",1,1,1,1,"BO","BO","BO","BO",1,1,1,1,"0","0","0","0",0,0,0,0,"0","0","0",NA,0,0,0,1,"0","0","0",NA,0,0,0,0,"0","0","0",NA,0,1,0,0,"0","0","0",NA,2,2,2,1,"0","0","0",NA,0,0,0,0,"0","0","0",NA,NA,NA,NA,NA,1,2,3,4,NA,NA,NA,NA,1,1,1,1,0,"TMPF436",4817,436,NA,"Point",2382.733,-16.928,0.0158889800680114,1,1,1,1,"TMPF_436_2618","TMPF_439_2773",2.4602233720222,"TMPF_439_2773",2.4602233720222,"TMPF_439_2773",2.4602233720222,"TMPF_438_2619",2.25171005738798,NA,41.7986307816667,-111.519010481667,41.7986100706667,-111.518999953667,NA,159.174455682874,41.7986100706667,-111.518999953667,NA,159.174455682874,41.7986100706667,-111.518999953667,NA,159.174455682874,41.7986120273333,-111.519020797,NA,-157.629189765805
"103","TMPF",438,"ABLA",NA,3.8,NA,0,"0",1,1,1,1,"0","0","0","BO",1,1,1,1,"0","0","0","0",0,0,0,1,"0","0","0",NA,0,0,0,0,"0","0","0",NA,0,0,0,0,"0","0","0",NA,0,0,0,1,"0","0","0",NA,0,0,0,1,"0","0","0",NA,0,0,0,0,"0","0","0",NA,NA,NA,NA,NA,1,2,3,4,NA,NA,NA,NA,0,0,0,1,1,"TMPF438",4819,438,NA,"Point",2385.788,-16.928,0.0163005249309206,0,0,0,1,"TMPF_438_2619","TMPF_439_2773",1.74524081887597,"TMPF_439_2773",1.74524081887597,"TMPF_439_2773",1.74524081887597,"TMPF_439_2773",1.74524081887597,NA,41.7986120273333,-111.519020797,41.7986100706667,-111.518999953667,NA,97.1505947919004,41.7986100706667,-111.518999953667,NA,97.1505947919004,41.7986100706667,-111.518999953667,NA,97.1505947919004,41.7986100706667,-111.518999953667,NA,97.1505947919004
"104","TMPF",441,"ABLA",NA,3.2,NA,0,"0",1,1,1,1,"BO","0","0","BO",0,0,1,1,"0","0","0","0",0,0,0,1,"0","0","0",NA,0,0,0,2,"0","0","0",NA,0,0,0,2,"0","0","0",NA,1,0,0,2,"0","0","0",NA,0,0,0,0,"0","0","0",NA,0,0,0,0,"0","0","0",NA,NA,NA,NA,NA,1,2,3,4,NA,NA,NA,NA,1,0,0,1,0,"TMPF441",4822,441,NA,"Point",2383.322,-16.928,0.0112991518973014,1,0,0,1,"TMPF_441_2620","TMPF_443_2768",2.0471221761692,"TMPF_442_2639",0.615297200661013,"TMPF_439_2773",3.91564109910272,"TMPF_442_2639",0.615297200661013,NA,41.7986226881667,-111.518955942333,41.7986175326667,-111.518932284833,NA,106.237107785928,41.7986264783333,-111.518950539167,NA,46.8494451535563,41.7986100706667,-111.518999953667,NA,-110.963142180249,41.7986264783333,-111.518950539167,NA,46.8494451535563
"105","TMPF",446,"ABLA",NA,6.3,NA,0,"0",1,1,1,1,"BO","BR, BO","BR, BO","BR, BO",1,1,1,1,"0","0","0","0",1,0,0,0,"0","0","0",NA,0,0,0,1,"0","0","0",NA,0,0,0,0,"0","0","0",NA,1,0,0,0,"0","0","0",NA,2,1,0,1,"0","0","0",NA,0,0,0,0,"0","0","0",NA,NA,NA,NA,NA,1,2,3,4,NA,NA,NA,NA,1,1,0,1,0,"TMPF446",4828,446,NA,"Point",2385.737,-16.928,0.012633089528094,1,1,0,1,"TMPF_446_2621","TMPF_447_2738",0.829442084125211,"TMPF_447_2738",0.829442084125211,"TMPF_447_2738",0.829442084125211,"TMPF_447_2738",0.829442084125211,NA,41.7986847755,-111.5189139655,41.7986909066667,-111.518919669667,NA,-34.8444750187044,41.7986909066667,-111.518919669667,NA,-34.8444750187044,41.7986909066667,-111.518919669667,NA,-34.8444750187044,41.7986909066667,-111.518919669667,NA,-34.8444750187044
"106","TMPF",449,"ABLA",NA,2.6,NA,0,"0",1,1,1,1,"0","0","0","0",0,1,1,1,"0","0","0","0",0,0,0,0,"0","0","0",NA,0,0,0,0,"0","0","0",NA,0,0,0,0,"0","0","0",NA,0,0,0,0,"0","0","0",NA,0,0,0,0,"0","0","0",NA,0,0,0,0,"0","0","0",NA,NA,NA,NA,NA,1,2,3,4,NA,NA,NA,NA,0,0,0,0,0,"TMPF449",4832,449,NA,"Point",2384.872,-16.928,0.0105589818414935,0,0,0,0,"TMPF_449_2622","TMPF_448_2711",0.261178718550897,"TMPF_448_2711",0.261178718550897,"TMPF_448_2711",0.261178718550897,"TMPF_448_2711",0.261178718550897,NA,41.7986738253333,-111.518890636167,41.7986721953333,-111.518892902833,NA,-133.861347553721,41.7986721953333,-111.518892902833,NA,-133.861347553721,41.7986721953333,-111.518892902833,NA,-133.861347553721,41.7986721953333,-111.518892902833,NA,-133.861347553721
"107","TMPF",453,"ABLA",NA,3.3,NA,0,"0",1,1,1,1,"0","0","0","BO",1,1,1,1,"0","0","0","0",0,0,0,0,"0","0","0",NA,0,0,0,1,"0","0","0",NA,0,0,0,0,"0","0","0",NA,0,0,0,0,"0","0","0",NA,0,0,0,0,"0","0","0",NA,0,0,0,0,"0","0","0",NA,NA,NA,NA,NA,1,2,3,4,NA,NA,NA,NA,0,0,0,1,1,"TMPF453",4843,453,NA,"Point",2387.831,-16.928,0.00970830859674173,0,0,0,1,"TMPF_453_2623","TMPF_450_2787",0.213059536385047,"TMPF_450_2787",0.213059536385047,"TMPF_451_2801",0.891619376312923,"TMPF_450_2787",0.213059536385047,NA,41.7986780436667,-111.518845866,41.7986794446667,-111.5188476185,NA,-43.1072903156838,41.7986794446667,-111.5188476185,NA,-43.1072903156838,41.7986832533333,-111.518837698667,NA,49.5544212262232,41.7986794446667,-111.5188476185,NA,-43.1072903156838
"108","TMPF",455,"ABLA",NA,1.5,NA,0,"0",1,1,1,1,"0","0","0","BO",0,0,0,0,"0","0","0","0",0,0,0,0,"0","0","0",NA,0,0,0,0,"0","0","0",NA,0,0,0,0,"0","0","0",NA,0,0,0,2,"0","0","0",NA,0,0,0,0,"0","0","0",NA,0,0,0,0,"0","0","0",NA,NA,NA,NA,NA,1,2,3,4,NA,NA,NA,NA,0,0,0,1,1,"TMPF455",4839,455,NA,"Point",2387.886,-16.928,0.00585535243271385,0,0,0,1,"TMPF_455_2624","TMPF_459_2640",2.41512224555013,"TMPF_454_2643",0.833914205242037,"TMPF_459_2640",2.41512224555013,"TMPF_454_2643",0.833914205242037,NA,41.79864465,-111.518824734667,41.7986435288333,-111.5187957035,NA,92.9544405733257,41.7986394915,-111.518817439,NA,133.377614181533,41.7986435288333,-111.5187957035,NA,92.9544405733257,41.7986394915,-111.518817439,NA,133.377614181533
"109","TMPF",458,"ABLA",NA,1.7,NA,0,"0",1,1,1,1,"0","0","0","0",0,0,0,0,"0","0","0","0",0,0,0,0,"0","0","0",NA,0,0,0,0,"0","0","0",NA,0,0,0,0,"0","0","0",NA,0,0,0,0,"0","0","0",NA,0,0,0,0,"0","0","0",NA,0,0,0,0,"0","0","0",NA,NA,NA,NA,NA,1,2,3,4,NA,NA,NA,NA,0,0,0,0,0,"TMPF458",4842,458,NA,"Point",2387.258,-16.928,0.00983379007426149,0,0,0,0,"TMPF_458_2625","TMPF_451_2801",1.28173770550335,"TMPF_451_2801",1.28173770550335,"TMPF_451_2801",1.28173770550335,"TMPF_451_2801",1.28173770550335,NA,41.7986804041667,-111.518822748167,41.7986832533333,-111.518837698667,NA,-75.7116261466118,41.7986832533333,-111.518837698667,NA,-75.7116261466118,41.7986832533333,-111.518837698667,NA,-75.7116261466118,41.7986832533333,-111.518837698667,NA,-75.7116261466118
"110","TMPF",460,"ABLA",NA,3.6,NA,0,"0",1,1,1,1,"BO","BO","0","BO",0,0,1,1,"0","0","0","0",0,0,0,0,"0","0","0",NA,0,0,0,0,"0","0","0",NA,0,0,0,0,"0","0","0",NA,0,0,0,0,"0","0","0",NA,1,0,0,1,"0","0","0",NA,1,0,0,0,"0","0","0",NA,NA,NA,NA,NA,1,2,3,4,NA,NA,NA,NA,1,0,0,1,0,"TMPF460",4846,460,NA,"Point",2389.393,-16.928,0.00112678298984659,1,0,0,1,"TMPF_460_2626","TMPF_464_2739",4.4405397325882,"TMPF_454_2643",4.19978393628609,"TMPF_462_2691",3.53902318313039,"TMPF_461_2629",2.02113117872257,NA,41.798601906,-111.5188231365,41.7986051355,-111.518876410833,NA,-85.368438795047,41.7986394915,-111.518817439,NA,6.47143851151205,41.7985838801667,-111.5188582685,NA,-124.437897759913,41.7985945791667,-111.5188454065,NA,-113.733764342208
"111","TMPF",463,"ABLA",NA,0.9,NA,0,"0",1,1,1,1,"0","0","0","BO",1,1,1,1,"0","0","0","0",0,0,0,0,"0","0","0",NA,0,0,0,0,"0","0","0",NA,0,0,0,1,"0","0","0",NA,0,0,0,0,"0","0","0",NA,0,0,0,0,"0","0","0",NA,0,0,0,1,"0","0","0",NA,NA,NA,NA,NA,1,2,3,4,NA,NA,NA,NA,0,0,0,1,1,"TMPF463",4848,463,NA,"Point",2388.74,-16.928,0.00356920287688355,0,0,0,1,"TMPF_463_2627","TMPF_464_2739",1.10805176425883,"TMPF_464_2739",1.10805176425883,"TMPF_464_2739",1.10805176425883,"TMPF_464_2739",1.10805176425883,NA,41.7985970945,-111.518868511167,41.7986051355,-111.518876410833,NA,-36.320800975256,41.7986051355,-111.518876410833,NA,-36.320800975256,41.7986051355,-111.518876410833,NA,-36.320800975256,41.7986051355,-111.518876410833,NA,-36.320800975256
"112","TMPF",158,"ABLA",8.4,NA,NA,0,"0",1,1,1,1,"0","0","BO","BO",0,0,NA,NA,"0","0","0","0",0,1,0,2,"0","0","0",NA,0,1,0,0,"0","0","0",NA,0,0,0,0,"0","0","0",NA,0,1,0,2,"0","0","0",NA,0,0,0,0,"0","0","0",NA,0,0,0,0,"0","0","0",NA,NA,NA,NA,NA,1,2,3,4,NA,NA,NA,NA,0,1,0,1,1,"TMPF158",2888,158,NA,"Point",2394.465,NA,0.0335438103062163,0,1,0,1,"TMPF_158_2628","TMPF_159_2659",1.79250940665705,"TMPF_159_2659",1.79250940665705,"TMPF_159_2659",1.79250940665705,"TMPF_157_2727",1.74756790483278,NA,41.79829512,-111.5188978,41.79829647,-111.5189193,NA,-85.2034000331913,41.79829647,-111.5189193,NA,-85.2034000331913,41.79829647,-111.5189193,NA,-85.2034000331913,41.79828209,-111.518886,NA,145.876401231333
"113","TMPF",461,"ABLA",21.7,NA,NA,0,"0",1,1,1,1,"0","0","0","BO",0,0,0,0,"0","0","0","0",0,0,0,2,"0","0","0",NA,0,0,0,1,"0","0","0",NA,0,0,0,0,"0","0","0",NA,0,0,0,1,"0","0","0",NA,0,0,0,0,"0","0","0",NA,0,0,0,0,"0","0","0",NA,NA,NA,NA,NA,1,2,3,4,NA,NA,NA,NA,0,0,0,1,1,"TMPF461",4845,461,NA,"Point",2385.926,-16.928,0.00163406494175079,0,0,0,1,"TMPF_461_2629","TMPF_460_2626",2.02113117872257,"TMPF_464_2739",2.82995781138068,"TMPF_462_2691",1.59778697499315,"TMPF_462_2691",1.59778697499315,NA,41.7985945791667,-111.5188454065,41.798601906,-111.5188231365,NA,66.2662208145202,41.7986051355,-111.518876410833,NA,-65.5338317649063,41.7985838801667,-111.5188582685,NA,-138.026580989517,41.7985838801667,-111.5188582685,NA,-138.026580989517
"114","TMPF",358,"ABLA",18.2,NA,NA,0,"0",1,1,1,1,"BO","0","0","BO",0,0,0,0,"0","0","0","0",0,0,0,1,"0","0","0",NA,0,0,0,0,"0","0","0",NA,0,0,0,0,"0","0","0",NA,0,0,0,0,"0","0","0",NA,1,0,0,0,"0","0","0",NA,0,0,0,0,"0","0","0",NA,NA,NA,NA,NA,1,2,3,4,NA,NA,NA,NA,1,0,0,1,0,"TMPF358",4720,358,NA,"Point",2387.291,-16.928,0.0308066176086271,1,0,0,1,"TMPF_358_2630","TMPF_257_2555",3.95481046271244,"TMPF_257_2555",3.95481046271244,"TMPF_259_2701",8.77564285456968,"TMPF_257_2555",3.95481046271244,NA,41.7984555673333,-111.519149448833,41.7984230841667,-111.519129915833,NA,155.773928997526,41.7984230841667,-111.519129915833,NA,155.773928997526,41.7983853933333,-111.519100840833,NA,152.601289263797,41.7984230841667,-111.519129915833,NA,155.773928997526
"115","TMPF",384,"ABLA",18,NA,NA,0,"0",1,1,1,1,"0","0","0","0",0,0,NA,NA,"0","0","0","0",0,0,0,0,"0","0","0",NA,0,0,0,0,"0","0","0",NA,0,0,0,0,"0","0","0",NA,0,0,0,0,"0","0","0",NA,0,0,0,0,"0","0","0",NA,0,0,0,0,"0","0","0",NA,NA,NA,NA,NA,1,2,3,4,NA,NA,NA,NA,0,0,0,0,0,"TMPF384",4751,384,NA,"Point",2380.968,-16.928,0.0453336533986154,0,0,0,0,"TMPF_384_2631","TMPF_383_2721",1.48870055733254,"TMPF_232_2686",3.66548654576535,"TMPF_229_2664",3.54505330930403,"TMPF_383_2721",1.48870055733254,NA,41.798450698,-111.519338983167,41.7984614131667,-111.519328211333,NA,36.9520755701622,41.7984328918333,-111.519301830667,NA,122.639273758381,41.79842008,-111.519326879333,NA,163.521209201313,41.7984614131667,-111.519328211333,NA,36.9520755701622
"116","TMPF",292,"ABLA",16.8,NA,NA,4,"0",1,1,1,1,"0","BO","BO","BO",0,0,0,0,"0","0","0","0",0,2,2,2,"0","0","0",NA,0,0,0,1,"0","0","0",NA,0,0,0,0,"0","0","0",NA,0,0,0,2,"0","0","0",NA,0,0,0,0,"0","0","0",NA,0,0,0,0,"0","0","0",NA,"4 DB","4 DB","4 DB","4 DB",1,2,3,4,NA,NA,NA,NA,0,1,1,1,1,"TMPF292",4648,292,NA,"Point",2392.205,-16.928,0.0263707340377939,0,1,1,1,"TMPF_292_2632","TMPF_288_2677",3.5475048765725,"TMPF_288_2677",3.5475048765725,"TMPF_294_2716",6.0172208357488,"TMPF_291_2569",2.15751698115357,NA,41.7983575263333,-111.518778274333,41.7983889805,-111.5187857795,NA,-10.1232658879164,41.7983889805,-111.5187857795,NA,-10.1232658879164,41.798356266,-111.518850681167,NA,-91.3325203884043,41.7983711943333,-111.518796733833,NA,-45.3023254021283
"117","TMPF",240,"ABLA",16.5,NA,NA,2,"0",1,1,1,1,"BO","BO","BO","BO",NA,NA,0,0,"0","0","0","0",1,2,2,2,"0","0","0",NA,0,0,0,1,"0","0","0",NA,0,0,0,1,"0","0","0",NA,0,0,0,0,"0","0","0",NA,0,0,0,0,"0","0","0",NA,1,0,0,0,"0","0","0",NA,"2 DB","2 DB","2 DB","2 DB",1,2,3,4,NA,NA,NA,NA,1,1,1,1,0,"TMPF240",4575,240,NA,"Point",2393.402,-16.928,0.0426797875786163,1,1,1,1,"TMPF_240_2633","TMPF_241_2695",2.09315307209806,"TMPF_241_2695",2.09315307209806,"TMPF_241_2695",2.09315307209806,"TMPF_241_2695",2.09315307209806,NA,41.798360365,-111.519236539833,41.7983423446667,-111.519243942833,NA,-162.912215685391,41.7983423446667,-111.519243942833,NA,-162.912215685391,41.7983423446667,-111.519243942833,NA,-162.912215685391,41.7983423446667,-111.519243942833,NA,-162.912215685391
"118","TMPF",348,"ABLA",16.3,NA,NA,2,"0",1,1,1,1,"BO","BO","BO","BO",NA,NA,0,0,"0","0","0","0",0,1,0,2,"0","0","0",NA,0,0,0,2,"0","0","0",NA,1,1,0,1,"0","0","0",NA,0,1,0,2,"0","0","0",NA,0,0,0,1,"0","0","0",NA,1,2,0,1,"0","0","0",NA,"1 DB","1 DB","1 DB","1 DB",1,2,3,4,NA,NA,NA,NA,1,1,0,1,0,"TMPF348",4708,348,NA,"Point",2386.505,-16.928,0.0123651641003288,1,1,0,1,"TMPF_348_2634","TMPF_349_2708",1.88543477831469,"TMPF_349_2708",1.88543477831469,"TMPF_349_2708",1.88543477831469,"TMPF_349_2708",1.88543477831469,NA,41.798574921,-111.518973396833,41.7985647646667,-111.518991584833,NA,-126.732176292468,41.7985647646667,-111.518991584833,NA,-126.732176292468,41.7985647646667,-111.518991584833,NA,-126.732176292468,41.7985647646667,-111.518991584833,NA,-126.732176292468
"119","TMPF",205,"ABLA",15.7,NA,NA,3,"0",1,1,1,1,"BO","BO","BO","BO",NA,NA,0,0,"0","0","0","0",1,1,2,2,"0","0","1–0","1-0",0,1,2,2,"0","0","0",NA,1,0,0,0,"0","0","0",NA,0,1,2,2,"0","0","2–1","2-0",0,0,0,1,"0","0","0",NA,0,1,0,1,"0","0","0",NA,"3 DB","3 DB","3 DB","3 DB",1,2,3,4,NA,NA,NA,NA,1,1,1,1,0,"TMPF205",2932,205,NA,"Point",2386.331,NA,0.0507915471920519,1,1,1,1,"TMPF_205_2635","TMPF_202_2671",3.4402090674424,"TMPF_201_2780",2.59628362808602,"TMPF_202_2671",3.4402090674424,"TMPF_207_2770",1.30153129050501,NA,41.79827597,-111.5192684,41.79828828,-111.5192304,NA,66.5913389145228,41.7982886,-111.5192421,NA,57.308906569649,41.79828828,-111.5192304,NA,66.5913389145228,41.79826445,-111.5192655,NA,169.332129462349
"120","TMPF",338,"ABLA",15.7,NA,NA,2,"0",1,1,1,1,"0","0","BO","0",1,0,0,0,"0","0","0","0",0,0,0,0,"0","0","0",NA,0,0,0,0,"0","0","0",NA,0,0,0,0,"0","0","0",NA,0,0,0,0,"0","0","0",NA,0,0,0,0,"0","0","0",NA,0,0,0,0,"0","0","0",NA,"2 DB","2 DB","2 DB","2 DB",1,2,3,4,NA,NA,NA,NA,0,0,0,0,0,"TMPF338",4697,338,NA,"Point",2385.573,-16.928,0.0198490107488724,0,0,0,0,"TMPF_338_2636","TMPF_341_2804",2.83618827004123,"TMPF_341_2804",2.83618827004123,"TMPF_349_2708",7.27727086869086,"TMPF_341_2804",2.83618827004123,NA,41.7985092588333,-111.519038171333,41.7985295901667,-111.5190175035,NA,37.2591603396239,41.7985295901667,-111.5190175035,NA,37.2591603396239,41.7985647646667,-111.518991584833,NA,32.1305298730816,41.7985295901667,-111.5190175035,NA,37.2591603396239
"121","TMPF",364,"ABLA",15.7,NA,NA,0,"0",1,1,1,1,"BR, BO","BR, BO","BO","BO",1,1,1,1,"0","0","0","0",0,1,0,2,"0","0","0",NA,0,1,0,2,"0","0","0",NA,2,2,0,1,"0","0","0",NA,1,1,0,2,"0","0","0",NA,2,2,2,2,"0","0","0",NA,2,2,2,2,"0","0","0",NA,NA,NA,NA,NA,1,2,3,4,NA,NA,NA,NA,1,1,1,1,0,"TMPF364",4727,364,NA,"Point",2381.629,-16.928,0.0273172596676147,1,1,1,1,"TMPF_364_2637","TMPF_363_2662",1.33430180496621,"TMPF_365_2805",0.472201690783664,"TMPF_370_2776",2.8956230064097,"TMPF_365_2805",0.472201690783664,NA,41.7985372216667,-111.519147244,41.7985295191667,-111.519134916,NA,129.860927799822,41.7985414436667,-111.519146558833,NA,6.92383567156176,41.7985631506667,-111.519150992,NA,-6.17331375813411,41.7985414436667,-111.519146558833,NA,6.92383567156176
"122","TMPF",176,"ABLA",15.6,NA,NA,2,"0",1,1,1,1,"BO","BO","BO","BO",NA,NA,0,0,"0","0","0","0",0,2,2,2,"0","0","4–6","4-7",1,0,0,0,"0","0","0",NA,0,0,0,0,"0","0","0",NA,0,0,0,1,"0","0","0",NA,0,0,0,0,"0","0","0",NA,0,0,0,0,"0","0","0",NA,"2 DB","2 DB","2 DB","2 DB",1,2,3,4,NA,NA,NA,NA,1,1,1,1,0,"TMPF176",NA,176,NA,"Point",2388.834,NA,0.0393641821321842,1,1,1,1,"TMPF_176_2638","TMPF_180_2656",1.92542203747765,"TMPF_180_2656",1.92542203747765,"TMPF_180_2656",1.92542203747765,"TMPF_180_2656",1.92542203747765,NA,41.79825609,-111.5189759,41.79826991,-111.5189899,NA,-37.1633844201879,41.79826991,-111.5189899,NA,-37.1633844201879,41.79826991,-111.5189899,NA,-37.1633844201879,41.79826991,-111.5189899,NA,-37.1633844201879
"123","TMPF",442,"ABLA",15.3,NA,NA,2,"0",1,1,1,1,"0","BO","0","BO",0,0,0,0,"0","0","0","0",0,0,0,1,"0","0","0",NA,0,0,0,0,"0","0","0",NA,0,0,0,0,"0","0","0",NA,0,1,0,1,"0","0","0",NA,0,0,0,0,"0","0","0",NA,0,0,0,0,"0","0","0",NA,"2 DB","2 DB","2 DB","2 DB",1,2,3,4,NA,NA,NA,NA,0,1,0,1,1,"TMPF442",4823,442,NA,"Point",2380.066,-16.928,0.0110125500961151,0,1,0,1,"TMPF_442_2639","TMPF_441_2620",0.615297200661013,"TMPF_440_2702",2.04869299178641,"TMPF_347_2741",4.27088929224427,"TMPF_441_2620",0.615297200661013,NA,41.7986264783333,-111.518950539167,41.7986226881667,-111.518955942333,NA,-133.150551245155,41.7986098283333,-111.518961168167,NA,-154.4667247836,41.798588674,-111.518941038667,NA,169.349943624416,41.7986226881667,-111.518955942333,NA,-133.150551245155
"124","TMPF",459,"ABLA",15.3,NA,NA,0,"0",1,1,1,1,"BO","BO","BO","BO",NA,NA,0,0,"0","0","0","0",0,2,2,2,"0","0","0",NA,0,0,0,1,"0","0","0",NA,1,1,0,0,"0","0","0",NA,2,2,2,2,"0","0","0",NA,0,0,0,1,"0","0","0",NA,0,0,0,1,"0","0","0",NA,NA,NA,NA,NA,1,2,3,4,NA,NA,NA,NA,1,1,1,1,0,"TMPF459",4844,459,NA,"Point",2389.608,-16.928,0.00625597624612021,1,1,1,1,"TMPF_459_2640","TMPF_460_2626",5.15273528888852,"TMPF_454_2643",1.86059156422183,"TMPF_451_2801",5.62365208823717,"TMPF_454_2643",1.86059156422183,NA,41.7986435288333,-111.5187957035,41.798601906,-111.5188231365,NA,-153.748249209002,41.7986394915,-111.518817439,NA,-103.9408782113,41.7986832533333,-111.518837698667,NA,-38.345955959948,41.7986394915,-111.518817439,NA,-103.9408782113
"125","TMPF",195,"ABLA",15.2,NA,NA,0,"0",1,1,1,1,"0","0","BO","BO",0,0,0,0,"0","0","0","0",0,0,2,2,"0","0","0",NA,0,1,0,1,"0","0","0",NA,0,1,0,1,"0","0","0",NA,0,0,0,1,"0","0","0",NA,0,1,0,1,"0","0","0",NA,0,1,0,1,"0","0","0",NA,NA,NA,NA,NA,1,2,3,4,NA,NA,NA,NA,0,1,1,1,1,"TMPF195",2922,195,NA,"Point",2386.492,NA,0.0429441418815092,0,1,1,1,"TMPF_195_2641","TMPF_197_2710",2.64106999026403,"TMPF_194_2645",2.29436867801161,"TMPF_197_2710",2.64106999026403,"TMPF_250_2772",2.27410053505284,NA,41.79829294,-111.5191538,41.79826916,-111.5191546,NA,-178.557957401408,41.79831293,-111.5191468,NA,14.6832038426766,41.79826916,-111.5191546,NA,-178.557957401408,41.7982745935,-111.51914163,NA,153.601532907444
"126","TMPF",405,"ABLA",15.2,NA,NA,0,"0",1,1,1,1,"0","0","0","0",1,1,0,0,"0","0","0","0",0,0,0,0,"0","0","0",NA,0,0,0,0,"0","0","0",NA,0,0,0,0,"0","0","0",NA,0,0,0,0,"0","0","0",NA,0,0,0,0,"0","0","0",NA,0,0,0,0,"0","0","0",NA,NA,NA,NA,NA,1,2,3,4,NA,NA,NA,NA,0,0,0,0,0,"TMPF405",4775,405,NA,"Point",2380.666,-16.928,0.0452380538013027,0,0,0,0,"TMPF_405_2642","TMPF_401_2601",2.73987179223714,"TMPF_401_2601",2.73987179223714,"TMPF_386_2720",16.2565211426424,"TMPF_402_2756",3.10543090898384,NA,41.7986506621667,-111.519366024667,41.7986306001667,-111.519346821,NA,144.387124348751,41.7986306001667,-111.519346821,NA,144.387124348751,41.7985081508333,-111.519321121,NA,166.7333144494,41.7986231775,-111.519372957167,NA,-169.311676383764
"127","TMPF",454,"ABLA",15.2,NA,NA,9,"0",1,1,1,1,"0","BO","BO","BO",0,0,1,1,"0","0","0","0",0,1,0,2,"0","0","0",NA,0,0,0,1,"0","0","0",NA,0,0,0,0,"0","0","0",NA,0,0,0,1,"0","0","0",NA,0,0,0,0,"0","0","0",NA,0,0,0,0,"0","0","0",NA,"9 DB","9 DB","9 DB","9 DB",1,2,3,4,NA,NA,NA,NA,0,1,0,1,1,"TMPF454",4838,454,NA,"Point",2387.594,-16.928,0.00532828465863697,0,1,0,1,"TMPF_454_2643","TMPF_459_2640",1.86059156422183,"TMPF_459_2640",1.86059156422183,"TMPF_459_2640",1.86059156422183,"TMPF_455_2624",0.833914205242037,NA,41.7986394915,-111.518817439,41.7986435288333,-111.5187957035,NA,76.0591073016675,41.7986435288333,-111.5187957035,NA,76.0591073016675,41.7986435288333,-111.5187957035,NA,76.0591073016675,41.79864465,-111.518824734667,NA,-46.6223809557973
"128","TMPF",137,"ABLA",15.1,NA,NA,5,"0",1,1,1,1,"BO","BO","BO","BO",0,0,0,0,"0","0","0","0",1,2,2,2,"0","0","0",NA,1,1,0,1,"0","0","0",NA,1,0,0,1,"0","0","0",NA,0,2,2,2,"0","0","0",NA,1,0,0,1,"0","0","0",NA,0,1,0,1,"0","0","0",NA,"3 DB","3 DB","3 DB","3 DB",1,2,3,4,NA,NA,NA,NA,1,1,1,1,0,"TMPF137",2868,137,NA,"Point",2394.689,NA,0.036362190472493,1,1,1,1,"TMPF_137_2644","TMPF_135_2675",2.47591085949549,"TMPF_135_2675",2.47591085949549,"TMPF_135_2675",2.47591085949549,"TMPF_138_2796",0.500036269873112,NA,41.79826538,-111.5188045,41.7982482,-111.5187855,NA,140.390191835598,41.7982482,-111.5187855,NA,140.390191835598,41.7982482,-111.5187855,NA,140.390191835598,41.79826449,-111.5188104,NA,-101.397498539444
"129","TMPF",194,"ABLA",15.1,NA,NA,0,"0",1,1,1,1,"0","0","BO","BO",0,0,NA,NA,"0","0","0","0",0,1,0,2,"0","0","0",NA,0,0,0,0,"0","0","0",NA,0,0,0,1,"0","0","0",NA,0,0,0,1,"0","0","0",NA,0,0,0,1,"0","0","0",NA,0,1,0,0,"0","0","0",NA,NA,NA,NA,NA,1,2,3,4,NA,NA,NA,NA,0,1,0,1,1,"TMPF194",2921,194,NA,"Point",2385.558,NA,0.0408669611932397,0,1,0,1,"TMPF_194_2645","TMPF_246_2809",4.15515233728863,"TMPF_195_2641",2.29436867801161,"TMPF_195_2641",2.29436867801161,"TMPF_195_2641",2.29436867801161,NA,41.79831293,-111.5191468,41.7983252196667,-111.51919404,NA,-70.8291877802101,41.79829294,-111.5191538,NA,-165.316791491751,41.79829294,-111.5191538,NA,-165.316791491751,41.79829294,-111.5191538,NA,-165.316791491751
"130","TMPF",279,"ABLA",15.1,NA,NA,0,"0",1,1,1,1,"BO","0","0","0",NA,NA,0,0,"0","0","0","0",0,0,0,0,"0","0","0",NA,0,0,0,0,"0","0","0",NA,0,0,0,0,"0","0","0",NA,1,0,0,0,"0","0","0",NA,0,0,0,0,"0","0","0",NA,0,0,0,0,"0","0","0",NA,NA,NA,NA,NA,1,2,3,4,NA,NA,NA,NA,1,0,0,0,0,"TMPF279",4626,279,NA,"Point",2393.929,-16.928,0.0193818243706833,1,0,0,0,"TMPF_279_2646","TMPF_331_2792",2.03939731931384,"TMPF_332_2584",3.60674357333317,"TMPF_284_2689",5.26609173190527,"TMPF_331_2792",2.03939731931384,NA,41.7984344273333,-111.518925959167,41.7984507086667,-111.518937323667,NA,-27.5785049983076,41.7984589105,-111.518954492167,NA,-41.0904568566692,41.7984091965,-111.518872286,NA,122.137522185551,41.7984507086667,-111.518937323667,NA,-27.5785049983076
"131","TMPF",237,"ABLA",15,NA,NA,0,"0",1,1,1,1,"0","0","0","BO",NA,NA,NA,NA,"0","0","0","0",0,0,0,0,"0","0","0",NA,0,0,0,0,"0","0","0",NA,0,0,0,0,"0","0","0",NA,0,0,0,1,"0","0","0",NA,0,0,0,0,"0","0","0",NA,0,0,0,0,"0","0","0",NA,NA,NA,NA,NA,1,2,3,4,NA,NA,NA,NA,0,0,0,1,1,"TMPF237",4571,237,NA,"Point",2385.639,-16.928,0.0395942532363864,0,0,0,1,"TMPF_237_2647","TMPF_236_2667",0.188377562290971,"TMPF_235_2690",2.89348411113912,"TMPF_235_2690",2.89348411113912,"TMPF_236_2667",0.188377562290971,NA,41.7984051783333,-111.519232622333,41.7984056418333,-111.519230441167,NA,74.1463346815168,41.7984261193333,-111.5192533535,NA,-36.530624178903,41.7984261193333,-111.5192533535,NA,-36.530624178903,41.7984056418333,-111.519230441167,NA,74.1463346815168
"132","TMPF",407,"ABLA",15,NA,NA,3,"0",1,1,1,1,"BO","0","BO","BO",0,0,0,0,"0","0","0","0",0,0,0,0,"0","0","0",NA,1,0,0,1,"0","0","0",NA,0,0,0,0,"0","0","0",NA,0,0,0,0,"0","0","0",NA,0,0,0,0,"0","0","0",NA,0,0,0,0,"0","0","0",NA,"3 DB","3 DB","3 DB","3 DB",1,2,3,4,NA,NA,NA,NA,1,0,0,1,0,"TMPF407",4781,407,NA,"Point",2378.918,-16.928,0.0414831501445426,1,0,0,1,"TMPF_407_2648","TMPF_401_2601",3.18705305795351,"TMPF_401_2601",3.18705305795351,"TMPF_392_2650",15.8456860568549,"TMPF_403_2811",4.4247639080348,NA,41.79865119,-111.519320091833,41.7986306001667,-111.519346821,NA,-135.831083175528,41.7986306001667,-111.519346821,NA,-135.831083175528,41.798511399,-111.519281658833,NA,168.374874632153,41.798617282,-111.519348076333,NA,-148.302008729941
"133","TMPF",437,"ABLA",14.9,NA,NA,6,"0",1,1,1,1,"BO","BO","BO","BO",1,1,1,1,"0","0","0","0",0,1,0,2,"0","0","0",NA,0,1,0,1,"0","0","0",NA,1,1,0,0,"0","0","0",NA,2,2,2,2,"0","0","0",NA,0,0,0,1,"0","0","0",NA,0,0,0,0,"0","0","0",NA,"5 DB","5 DB","5 DB","5 DB",1,2,3,4,NA,NA,NA,NA,1,1,1,1,0,"TMPF437",4818,437,NA,"Point",2384.286,-16.928,0.0184163274865447,1,1,1,1,"TMPF_437_2649","TMPF_353_2590",1.83086220352384,"TMPF_353_2590",1.83086220352384,"TMPF_439_2773",4.02134924283084,"TMPF_353_2590",1.83086220352384,NA,41.7986037218333,-111.5190476075,41.798593357,-111.5190647475,NA,-128.94293638879,41.798593357,-111.5190647475,NA,-128.94293638879,41.7986100706667,-111.518999953667,NA,79.9045548157665,41.798593357,-111.5190647475,NA,-128.94293638879
"134","TMPF",392,"ABLA",14.4,NA,NA,4,"0",1,1,1,1,"BO","BO","BO","BO",0,0,0,0,"0","0","0","0",1,2,2,2,"0","0","0",NA,1,0,2,2,"0","0","0",NA,1,1,0,2,"0","0","0",NA,2,2,2,2,"2-0","0","3–4","3-3",1,1,2,2,"0","0","0",NA,2,2,2,2,"0","0","0",NA,"3 DB","3 DB","3 DB","3 DB",1,2,3,4,NA,NA,NA,NA,1,1,1,1,0,"TMPF392",4763,392,NA,"Point",2379.977,-16.928,0.0388205822597135,1,1,1,1,"TMPF_392_2650","TMPF_390_2793",1.07872228726108,"TMPF_376_2599",0.665170855898683,"TMPF_393_2697",1.38888153442575,"TMPF_376_2599",0.665170855898683,NA,41.798511399,-111.519281658833,41.7985071186667,-111.519293315,NA,-116.139184955788,41.7985056018333,-111.5192796385,NA,165.383920769123,41.7984992573333,-111.5192776355,NA,166.074017006007,41.7985056018333,-111.5192796385,NA,165.383920769123
"135","TMPF",191,"ABLA",14.3,NA,NA,0,"0",1,1,1,1,"BO","BO","BO","BO",0,0,1,1,"0","0","0","0",1,2,2,2,"0","4-0","4–0","4-0",0,0,0,0,"0","0","0",NA,1,1,0,1,"0","0","0",NA,0,1,0,1,"0","0","0",NA,1,0,0,1,"0","0","0",NA,1,0,0,0,"0","0","0",NA,NA,NA,NA,NA,1,2,3,4,NA,NA,NA,NA,1,1,1,1,0,"TMPF191",2918,191,NA,"Point",2389.342,NA,0.0397035279920622,1,1,1,1,"TMPF_191_2651","TMPF_190_2712",1.47606199536668,"TMPF_190_2712",1.47606199536668,"TMPF_195_2641",5.236830550007,"TMPF_183_2683",0.634575767797054,NA,41.79829447,-111.5190908,41.79828648,-111.5190766,NA,126.941367754726,41.79828648,-111.5190766,NA,126.941367754726,41.79829294,-111.5191538,NA,-91.858862730963,41.79829504,-111.5190832,NA,84.2764267791498
"136","TMPF",247,"ABLA",14.1,NA,NA,0,"0",1,1,1,1,"BO","BO","BO","BO",NA,NA,0,0,"0","0","0","0",0,2,2,2,"0","0","0",NA,1,1,2,2,"0","0","0",NA,1,0,0,1,"0","0","0",NA,0,1,2,2,"0","0","0",NA,1,1,0,1,"0","0","0",NA,0,0,0,1,"0","0","0",NA,NA,NA,NA,NA,1,2,3,4,NA,NA,NA,NA,1,1,1,1,0,"TMPF247",4584,247,NA,"Point",2388.104,-16.928,0.0428335122363873,1,1,1,1,"TMPF_247_2652","TMPF_246_2809",0.617135965789841,"TMPF_246_2809",0.617135965789841,"TMPF_249_2771",3.52272224856743,"TMPF_246_2809",0.617135965789841,NA,41.7983270325,-111.519201062,41.7983252196667,-111.51919404,NA,109.034810220973,41.7983252196667,-111.51919404,NA,109.034810220973,41.7983587376667,-111.519202683667,NA,-2.19184971747266,41.7983252196667,-111.51919404,NA,109.034810220973
"137","TMPF",256,"ABLA",14.1,NA,NA,2,"0",1,1,1,1,"0","0","BO","BO",NA,NA,0,0,"0","0","0","0",0,0,0,0,"0","0","0",NA,0,0,0,1,"0","0","0",NA,0,0,0,1,"0","0","0",NA,0,0,0,0,"0","0","0",NA,0,0,0,1,"0","0","0",NA,0,0,0,2,"0","0","0",NA,"2 DB","2 DB","2 DB","2 DB",1,2,3,4,NA,NA,NA,NA,0,0,0,1,1,"TMPF256",4597,256,NA,"Point",2386.361,-16.928,0.0357523131819393,0,0,0,1,"TMPF_256_2653","TMPF_259_2701",3.42825967935119,"TMPF_255_2554",1.05225368921319,"TMPF_259_2701",3.42825967935119,"TMPF_255_2554",1.05225368921319,NA,41.7983666335,-111.519133616167,41.7983853933333,-111.519100840833,NA,52.5870497683438,41.7983701073333,-111.519145400167,NA,-68.4977309018989,41.7983853933333,-111.519100840833,NA,52.5870497683438,41.7983701073333,-111.519145400167,NA,-68.4977309018989
"138","TMPF",366,"ABLA",13.9,NA,NA,2,"0",1,1,1,1,"0","BO","BO","BO",0,0,1,1,"0","0","0","0",0,1,0,2,"0","0","0",NA,0,0,0,0,"0","0","0",NA,0,0,0,0,"0","0","0",NA,0,0,0,1,"0","0","0",NA,0,0,0,0,"0","0","0",NA,0,0,0,1,"0","0","0",NA,"1 DB","1 DB","1 DB","1 DB",1,2,3,4,NA,NA,NA,NA,0,1,0,1,1,"TMPF366",4729,366,NA,"Point",2379.364,-16.928,0.0253969737639585,0,1,0,1,"TMPF_366_2654","TMPF_364_2637",2.28642216039715,"TMPF_365_2805",1.94100724404029,"TMPF_364_2637",2.28642216039715,"TMPF_365_2805",1.94100724404029,NA,41.7985516021667,-111.519127544833,41.7985372216667,-111.519147244,NA,-134.291541853502,41.7985414436667,-111.519146558833,NA,-125.526252390055,41.7985372216667,-111.519147244,NA,-134.291541853502,41.7985414436667,-111.519146558833,NA,-125.526252390055
"139","TMPF",432,"ABLA",13.9,NA,NA,1,"0",1,1,1,1,"0","BO","BO","BO",0,0,0,1,"0","0","0","0",0,1,0,1,"0","0","0",NA,0,0,0,0,"0","0","0",NA,0,0,0,0,"0","0","0",NA,0,1,0,1,"0","0","0",NA,0,0,0,0,"0","0","0",NA,0,0,0,0,"0","0","0",NA,"1 DB","1 DB","1 DB","1 DB",1,2,3,4,NA,NA,NA,NA,0,1,0,1,1,"TMPF432",4810,432,NA,"Point",2387.828,-16.928,0.0187445951557206,0,1,0,1,"TMPF_432_2655","TMPF_435_2661",5.47450941292022,"TMPF_434_2617",4.86742480676285,"TMPF_447_2738",6.71409740773844,"TMPF_433_2616",2.35922284323567,NA,41.7987000625,-111.518999552833,41.79865595,-111.518970111667,NA,153.461865195288,41.7986576436667,-111.518984757333,NA,165.372231759131,41.7986909066667,-111.518919669667,NA,98.7083414111997,41.7986854946667,-111.518978879833,NA,133.281029500912
"140","TMPF",180,"ABLA",13.7,NA,NA,7,"0",1,1,1,1,"BO","BO","BO","BO",NA,NA,0,0,"0","0","0","0",0,2,2,2,"0","0","0",NA,0,0,0,0,"0","0","0",NA,0,1,0,1,"0","0","0",NA,0,0,0,0,"0","0","0",NA,0,0,0,0,"0","0","0",NA,1,0,0,1,"0","0","0",NA,"7 DB","7 DB","7 DB","7 DB",1,2,3,4,NA,NA,NA,NA,1,1,1,1,0,"TMPF180",2908,180,NA,"Point",2393.775,NA,0.0383052418230595,1,1,1,1,"TMPF_180_2656","TMPF_176_2638",1.92542203747765,"TMPF_176_2638",1.92542203747765,"TMPF_176_2638",1.92542203747765,"TMPF_179_2761",1.40099050276065,NA,41.79826991,-111.5189899,41.79825609,-111.5189759,NA,142.836606248674,41.79825609,-111.5189759,NA,142.836606248674,41.79825609,-111.5189759,NA,142.836606248674,41.79826882,-111.5190067,NA,-94.9554777448846
"141","TMPF",396,"ABLA",13.6,NA,NA,0,"0",1,1,1,1,"BO","BO","0","BO",0,1,0,0,"0","0","0","0",0,0,0,1,"0","0","0",NA,0,0,0,0,"0","0","0",NA,0,0,0,0,"0","0","0",NA,0,0,0,0,"0","0","0",NA,0,0,0,0,"0","0","0",NA,1,1,0,0,"0","0","0",NA,NA,NA,NA,NA,1,2,3,4,NA,NA,NA,NA,1,1,0,1,0,"TMPF396",4768,396,NA,"Point",2379.467,-16.928,0.0438216392640415,1,1,0,1,"TMPF_396_2657","TMPF_386_2720",6.06767916578059,"TMPF_394_2777",2.71005545730362,"TMPF_386_2720",6.06767916578059,"TMPF_394_2777",2.71005545730362,NA,41.7985574618333,-111.519352606333,41.7985081508333,-111.519321121,NA,154.462258823633,41.7985668478333,-111.519322494667,NA,67.3852782532098,41.7985081508333,-111.519321121,NA,154.462258823633,41.7985668478333,-111.519322494667,NA,67.3852782532098
"142","TMPF",264,"ABLA",13.5,NA,NA,1,"0",1,1,1,1,"0","BO","BO","BO",NA,NA,NA,NA,"0","0","0","0",0,1,0,2,"0","0","0",NA,0,0,0,0,"0","0","0",NA,0,0,0,1,"0","0","0",NA,0,0,0,2,"0","0","0",NA,0,0,0,0,"0","0","0",NA,0,0,0,0,"0","0","0",NA,"1  DB","1  DB","1  DB","1  DB",1,2,3,4,NA,NA,NA,NA,0,1,0,1,1,"TMPF264",4605,264,NA,"Point",2388.167,-16.928,0.0332336930365091,0,1,0,1,"TMPF_264_2658","TMPF_266_2715",1.11312048633973,"TMPF_263_2758",0.740323489675723,"TMPF_266_2715",1.11312048633973,"TMPF_262_2688",0.98714484220222,NA,41.7983463311667,-111.5190543315,41.7983532248333,-111.519044603333,NA,46.5592290305328,41.7983528873333,-111.519055956167,NA,-10.5051054705267,41.7983532248333,-111.519044603333,NA,46.5592290305328,41.7983527318333,-111.519062578333,NA,-43.9534102348066
"143","TMPF",159,"ABLA",13.4,NA,NA,2,"0",1,1,1,1,"BO","BO","BO","BO",0,0,1,1,"0","0","0","0",2,2,2,2,"3-2","3-4","3–8","3-9",1,2,2,2,"0","2-0","0",NA,0,0,0,2,"0","0","0",NA,0,2,2,2,"0","0","1–2","1-2",0,0,0,2,"0","0","0",NA,0,0,0,2,"0","0","0",NA,"2 DB","2 DB","2 DB","2 DB",1,2,3,4,NA,NA,NA,NA,1,1,1,1,0,"TMPF159",2889,159,NA,"Point",2393.682,NA,0.0337593040540292,1,1,1,1,"TMPF_159_2659","TMPF_160_2703",1.32289070676959,"TMPF_160_2703",1.32289070676959,"TMPF_163_2709",2.45006023332934,"TMPF_162_2750",1.20483829463688,NA,41.79829647,-111.5189193,41.79830635,-111.5189282,NA,-33.98253424294,41.79830635,-111.5189282,NA,-33.98253424294,41.79830864,-111.5189439,NA,-56.5301173809118,41.79830648,-111.5189137,NA,22.7152900580198
"144","TMPF",343,"ABLA",13.1,NA,NA,2,"0",1,1,1,1,"0","0","BO","BO",0,0,0,0,"0","0","0","0",0,0,0,1,"0","0","0",NA,0,0,0,1,"0","0","0",NA,0,0,0,0,"0","0","0",NA,0,0,0,0,"0","0","0",NA,0,0,0,0,"0","0","0",NA,0,1,0,0,"0","0","0",NA,"2 DB","2 DB","2 DB","2 DB",1,2,3,4,NA,NA,NA,NA,0,1,0,1,1,"TMPF343",4703,343,NA,"Point",2387.718,-16.928,0.0176777204999581,0,1,0,1,"TMPF_343_2660","TMPF_342_2587",1.92455271188918,"TMPF_351_2704",1.09643294042641,"TMPF_349_2708",3.63255830241683,"TMPF_350_2731",0.724186339819042,NA,41.79855608,-111.519033739833,41.7985478708333,-111.519013337333,NA,118.267382880571,41.7985607063333,-111.519045399333,NA,-62.0647198515468,41.7985647646667,-111.518991584833,NA,74.6067157994973,41.7985625566667,-111.519034772333,NA,-6.80269091106018
"145","TMPF",435,"ABLA",13.1,NA,NA,0,"0",1,1,1,1,"BO","BO","BO","BO",0,1,1,1,"0","0","0","0",0,1,0,2,"0","0","0",NA,0,0,0,0,"0","0","0",NA,0,0,0,0,"0","0","0",NA,0,0,0,1,"0","0","0",NA,0,0,0,0,"0","0","0",NA,1,1,0,0,"0","0","0",NA,NA,NA,NA,NA,1,2,3,4,NA,NA,NA,NA,1,1,0,1,0,"TMPF435",4814,435,NA,"Point",2385.323,-16.928,0.0139023399561486,1,1,0,1,"TMPF_435_2661","TMPF_441_2620",3.87606251910467,"TMPF_434_2617",1.23120787925563,"TMPF_436_2618",4.36548728028281,"TMPF_434_2617",1.23120787925563,NA,41.79865595,-111.518970111667,41.7986226881667,-111.518955942333,NA,162.319567097534,41.7986576436667,-111.518984757333,NA,-81.2147722488732,41.7986307816667,-111.519010481667,NA,-129.799748772901,41.7986576436667,-111.518984757333,NA,-81.2147722488732
"146","TMPF",363,"ABLA",12.9,NA,NA,6,"0",1,1,1,1,"BO","BO","BO","BO",0,0,0,0,"0","0","0","0",1,1,0,2,"0","0","0",NA,0,0,0,0,"0","0","0",NA,0,0,0,0,"0","0","0",NA,0,0,0,0,"0","0","0",NA,0,0,0,1,"0","0","0",NA,0,0,0,0,"0","0","0",NA,"5 DB","5 DB","5 DB","5 DB",1,2,3,4,NA,NA,NA,NA,1,1,0,1,0,"TMPF363",4726,363,NA,"Point",2380.366,-16.928,0.0265333262897584,1,1,0,1,"TMPF_363_2662","TMPF_364_2637",1.33430180496621,"TMPF_364_2637",1.33430180496621,"TMPF_364_2637",1.33430180496621,"TMPF_364_2637",1.33430180496621,NA,41.7985295191667,-111.519134916,41.7985372216667,-111.519147244,NA,-50.1390639834008,41.7985372216667,-111.519147244,NA,-50.1390639834008,41.7985372216667,-111.519147244,NA,-50.1390639834008,41.7985372216667,-111.519147244,NA,-50.1390639834008
"147","TMPF",406,"ABLA",12.8,NA,NA,2,"0",1,1,1,1,"0","0","0","0",1,1,0,0,"0","0","0","0",0,0,0,0,"0","0","0",NA,0,0,0,0,"0","0","0",NA,0,0,0,0,"0","0","0",NA,0,0,0,0,"0","0","0",NA,0,0,0,0,"0","0","0",NA,0,0,0,0,"0","0","0",NA,"2 DB","2 DB","2 DB","2 DB",1,2,3,4,NA,NA,NA,NA,0,0,0,0,0,"TMPF406",4780,406,NA,"Point",2380.55,-16.928,0.0440611027618122,0,0,0,0,"TMPF_406_2663","TMPF_407_2648",2.59382754512367,"TMPF_401_2601",2.94759332159805,"TMPF_386_2720",16.7055580590749,"TMPF_407_2648",2.59382754512367,NA,41.7986570186667,-111.519350325333,41.79865119,-111.519320091833,NA,104.447512271796,41.7986306001667,-111.519346821,NA,174.331525012118,41.7985081508333,-111.519321121,NA,171.648861653174,41.79865119,-111.519320091833,NA,104.447512271796
"148","TMPF",229,"ABLA",12.7,NA,NA,0,"0",1,1,1,1,"0","0","BO","BO",0,0,0,0,"0","0","0","0",0,0,2,2,"0","0","0",NA,0,0,0,0,"0","0","0",NA,0,0,0,0,"0","0","0",NA,0,0,2,2,"0","0","0",NA,0,0,0,0,"0","0","0",NA,0,0,0,0,"0","0","0",NA,NA,NA,NA,NA,1,2,3,4,NA,NA,NA,NA,0,0,1,1,1,"TMPF229",4561,229,NA,"Point",2382.968,-16.928,0.0457098674438602,0,0,1,1,"TMPF_229_2664","TMPF_383_2721",4.59045173997667,"TMPF_232_2686",2.52075164841988,"TMPF_225_2693",4.6121559760281,"TMPF_230_2685",1.07044138501417,NA,41.79842008,-111.519326879333,41.7984614131667,-111.519328211333,NA,-1.38137550263155,41.7984328918333,-111.519301830667,NA,55.6461439617103,41.798379964,-111.519341293333,NA,-164.951023996416,41.7984218536667,-111.519314214833,NA,79.3990908753715
"149","TMPF",354,"ABLA",12.7,NA,NA,0,"0",1,1,1,1,"BO","BO","BO","BO",1,1,0,0,"0","0","0","0",2,2,0,1,"0","0","0",NA,0,0,0,0,"0","0","0",NA,0,1,0,0,"0","0","0",NA,0,0,0,0,"0","0","0",NA,0,0,0,0,"0","0","0",NA,0,0,0,0,"0","0","0",NA,NA,NA,NA,NA,1,2,3,4,NA,NA,NA,NA,1,1,0,1,0,"TMPF354",4716,354,NA,"Point",2385.428,-16.928,0.0229827076724501,1,1,0,1,"TMPF_354_2665","TMPF_369_2594",1.76761167370276,"TMPF_369_2594",1.76761167370276,"TMPF_424_2725",2.18632887377716,"TMPF_426_2610",2.12782756772946,NA,41.7985742373333,-111.519102225167,41.7985749468333,-111.51912348,NA,-87.4457480085544,41.7985749468333,-111.51912348,NA,-87.4457480085544,41.7985919386667,-111.5191137545,NA,-25.9835387418322,41.7985924681667,-111.519094327,NA,17.9616726536768
"150","TMPF",444,"ABLA",12.6,NA,NA,3,"0",1,1,1,1,"0","0","BO","BO",0,0,0,0,"0","0","0","0",0,0,0,1,"0","0","0",NA,0,0,0,1,"0","0","0",NA,0,0,0,1,"0","0","0",NA,0,0,0,0,"0","0","0",NA,0,0,0,0,"0","0","0",NA,0,0,0,0,"0","0","0",NA,"1 DB","1 DB","1 DB","1 DB",1,2,3,4,NA,NA,NA,NA,0,0,0,1,1,"TMPF444",4825,444,NA,"Point",2385.371,-16.928,0.0134042312490104,0,0,0,1,"TMPF_444_2666","TMPF_447_2738",2.53046060913412,"TMPF_447_2738",2.53046060913412,"TMPF_447_2738",2.53046060913412,"TMPF_447_2738",2.53046060913412,NA,41.7986757048333,-111.518942362667,41.7986909066667,-111.518919669667,NA,48.1639225594941,41.7986909066667,-111.518919669667,NA,48.1639225594941,41.7986909066667,-111.518919669667,NA,48.1639225594941,41.7986909066667,-111.518919669667,NA,48.1639225594941
"151","TMPF",236,"ABLA",12.5,NA,NA,0,"0",1,1,1,1,"BO","0","0","BO",NA,NA,NA,NA,"0","0","0","0",0,0,0,0,"0","0","0",NA,1,0,0,0,"0","0","0",NA,0,0,0,0,"0","0","0",NA,0,0,0,1,"0","0","0",NA,0,0,0,0,"0","0","0",NA,0,0,0,0,"0","0","0",NA,NA,NA,NA,NA,1,2,3,4,NA,NA,NA,NA,1,0,0,1,0,"TMPF236",4570,236,NA,"Point",2385.837,-16.928,0.0394133219365913,1,0,0,1,"TMPF_236_2667","TMPF_235_2690",2.96524224373901,"TMPF_235_2690",2.96524224373901,"TMPF_235_2690",2.96524224373901,"TMPF_237_2647",0.188377562290971,NA,41.7984056418333,-111.519230441167,41.7984261193333,-111.5192533535,NA,-39.9380879018936,41.7984261193333,-111.5192533535,NA,-39.9380879018936,41.7984261193333,-111.5192533535,NA,-39.9380879018936,41.7984051783333,-111.519232622333,NA,-105.85366386471
"152","TMPF",310,"ABLA",12.5,NA,NA,4,"0",1,1,1,1,"0","BO","BO","BO",NA,NA,NA,NA,"0","0","0","0",0,1,0,1,"0","0","0",NA,0,0,0,0,"0","0","0",NA,0,0,0,0,"0","0","0",NA,0,0,0,0,"0","0","0",NA,0,0,0,0,"0","0","0",NA,0,0,0,0,"0","0","0",NA,"4 DB","4 DB","4 DB","4 DB",1,2,3,4,NA,NA,NA,NA,0,1,0,1,1,"TMPF310",4668,310,NA,"Point",2390.761,-16.928,0.00727225900883149,0,1,0,1,"TMPF_310_2668","TMPF_314_2678",2.68479060406801,"TMPF_311_2783",1.05777325047589,"TMPF_314_2678",2.68479060406801,"TMPF_311_2783",1.05777325047589,NA,41.7985333285,-111.518787239833,41.7985450151667,-111.518815530833,NA,-61.0992786472414,41.798539027,-111.518797443167,NA,-53.2636266083597,41.7985450151667,-111.518815530833,NA,-61.0992786472414,41.798539027,-111.518797443167,NA,-53.2636266083597
"153","TMPF",445,"ABLA",12.3,NA,NA,1,"0",1,1,1,1,"0","0","0","0",NA,NA,1,1,"0","0","0","0",0,0,0,0,"0","0","0",NA,0,0,0,0,"0","0","0",NA,0,0,0,0,"0","0","0",NA,0,0,0,0,"0","0","0",NA,0,0,0,0,"0","0","0",NA,0,0,0,0,"0","0","0",NA,"1 DB","1 DB","1 DB","1 DB",1,2,3,4,NA,NA,NA,NA,0,0,0,0,0,"TMPF445",4826,445,NA,"Point",2387.311,-16.928,0.01378565348059,0,0,0,0,"TMPF_445_2669","TMPF_447_2738",2.30452515166969,"TMPF_447_2738",2.30452515166969,"TMPF_447_2738",2.30452515166969,"TMPF_444_2666",0.475789743030392,NA,41.7986799416667,-111.518943221833,41.7986909066667,-111.518919669667,NA,58.1112082841942,41.7986909066667,-111.518919669667,NA,58.1112082841942,41.7986909066667,-111.518919669667,NA,58.1112082841942,41.7986757048333,-111.518942362667,NA,171.371721661881
"154","TMPF",381,"ABLA",12,NA,NA,0,"0",1,1,1,1,"0","0","0","0",NA,NA,NA,NA,"0","0","0","0",0,0,0,0,"0","0","0",NA,0,0,0,0,"0","0","0",NA,0,0,0,0,"0","0","0",NA,0,0,0,0,"0","0","0",NA,0,0,0,0,"0","0","0",NA,0,0,0,0,"0","0","0",NA,NA,NA,NA,NA,1,2,3,4,NA,NA,NA,NA,0,0,0,0,0,"TMPF381",4748,381,NA,"Point",2389.521,-16.928,0.0409360012055719,0,0,0,0,"TMPF_381_2670","TMPF_235_2690",1.04011010676946,"TMPF_235_2690",1.04011010676946,"TMPF_235_2690",1.04011010676946,"TMPF_235_2690",1.04011010676946,NA,41.798424339,-111.519265644667,41.7984261193333,-111.5192533535,NA,79.0446862048945,41.7984261193333,-111.5192533535,NA,79.0446862048945,41.7984261193333,-111.5192533535,NA,79.0446862048945,41.7984261193333,-111.5192533535,NA,79.0446862048945
"155","TMPF",202,"ABLA",11.9,NA,NA,1,"0",1,1,1,1,"BO","BO","BO","BO",NA,NA,0,0,"0","0","0","0",0,2,2,2,"0","0","0",NA,1,0,0,1,"0","0","0",NA,1,0,0,1,"0","0","0",NA,0,0,0,0,"0","0","0",NA,0,0,0,0,"0","0","0",NA,0,0,0,1,"0","0","0",NA,"1 DB","1 DB","1 DB","1 DB",1,2,3,4,NA,NA,NA,NA,1,1,1,1,0,"TMPF202",2929,202,NA,"Point",2386.74,NA,0.0475850269124245,1,1,1,1,"TMPF_202_2671","TMPF_205_2635",3.4402090674424,"TMPF_201_2780",0.972691612918037,"TMPF_205_2635",3.4402090674424,"TMPF_201_2780",0.972691612918037,NA,41.79828828,-111.5192304,41.79827597,-111.5192684,NA,-113.408635758093,41.7982886,-111.5192421,NA,-87.9067294615047,41.79827597,-111.5192684,NA,-113.408635758093,41.7982886,-111.5192421,NA,-87.9067294615047
"156","TMPF",276,"ABLA",11.7,NA,NA,1,"0",1,1,1,1,"0","BO","BO","BO",0,0,0,0,"0","0","0","0",0,0,0,1,"0","0","0",NA,0,0,0,1,"0","0","0",NA,0,1,0,0,"0","0","0",NA,0,0,0,1,"0","0","0",NA,0,0,0,1,"0","0","0",NA,0,0,0,1,"0","0","0",NA,"1 DB","1 DB","1 DB","1 DB",1,2,3,4,NA,NA,NA,NA,0,1,0,1,1,"TMPF276",4624,276,NA,"Point",2389.236,-16.928,0.0268917992765887,0,1,0,1,"TMPF_276_2672","TMPF_267_2676",4.95289200620642,"TMPF_275_2713",1.68047419206987,"TMPF_275_2713",1.68047419206987,"TMPF_277_2562",0.579938979988315,NA,41.7983759881667,-111.518971881,41.7983522485,-111.519022354,NA,-122.151830801671,41.7983687998333,-111.518954080667,NA,118.354591019739,41.7983687998333,-111.518954080667,NA,118.354591019739,41.7983770638333,-111.518965050167,NA,78.1158782665612
"157","TMPF",297,"ABLA",11.7,NA,NA,0,"0",1,1,1,1,"BO","BO","BO","BO",1,1,0,0,"0","0","0","0",0,0,0,1,"0","0","0",NA,0,0,0,1,"0","0","0",NA,0,0,2,1,"0","0","0",NA,1,1,0,1,"0","0","0",NA,1,1,0,1,"0","0","0",NA,0,2,0,1,"0","0","0",NA,NA,NA,NA,NA,1,2,3,4,NA,NA,NA,NA,1,1,1,1,0,"TMPF297",4654,297,NA,"Point",2392.647,-16.928,0.0300865212626061,1,1,1,1,"TMPF_297_2673","TMPF_300_2722",0.759496549167828,"TMPF_300_2722",0.759496549167828,"TMPF_302_2748",1.24506516460239,"TMPF_299_2572",0.615635380583458,NA,41.7983253973333,-111.5188879605,41.7983300861667,-111.518881304167,NA,46.7297723182043,41.7983300861667,-111.518881304167,NA,46.7297723182043,41.7983297715,-111.518874161333,NA,67.041633002044,41.798326325,-111.518880654833,NA,80.3690594091653
"158","TMPF",380,"ABLA",11.6,NA,NA,4,"0",1,1,1,1,"0","0","0","BO",NA,NA,NA,NA,"0","0","0","0",0,0,0,0,"0","0","0",NA,0,0,0,0,"0","0","0",NA,0,0,0,1,"0","0","0",NA,0,0,0,0,"0","0","0",NA,0,0,0,0,"0","0","0",NA,0,0,0,0,"0","0","0",NA,"4 DB","4 DB","4 DB","4 DB",1,2,3,4,NA,NA,NA,NA,0,0,0,1,1,"TMPF380",4747,380,NA,"Point",2387.682,-16.928,0.0408613370024135,0,0,0,1,"TMPF_380_2674","TMPF_377_2682",0.866380579903142,"TMPF_377_2682",0.866380579903142,"TMPF_377_2682",0.866380579903142,"TMPF_379_2742",0.565655020949569,NA,41.7984537488333,-111.519282713333,41.7984571093333,-111.519273301667,NA,64.4911001656133,41.7984571093333,-111.519273301667,NA,64.4911001656133,41.7984571093333,-111.519273301667,NA,64.4911001656133,41.7984587996667,-111.5192818215,NA,7.52666498177639
"159","TMPF",135,"ABLA",11.3,NA,NA,1,"0",1,1,1,1,"BO","BO","BO","BO",NA,NA,NA,NA,"0","0","0","0",2,2,2,2,"2-5","0","2–10","2-14",2,2,2,2,"0","2-6","1–1","1-1",2,2,2,2,"0","0","0",NA,2,2,2,2,"0","0","2–7","2-11",1,2,2,2,"0","0","0","1-2",2,2,2,2,"0","0","0",NA,"1 DB","1 DB","1 DB","1 DB",1,2,3,4,NA,NA,NA,NA,1,1,1,1,0,"TMPF135",2866,135,NA,"Point",2397.96,NA,0.0383759497497478,1,1,1,1,"TMPF_135_2675","TMPF_137_2644",2.47591085949549,"TMPF_137_2644",2.47591085949549,"TMPF_137_2644",2.47591085949549,"TMPF_137_2644",2.47591085949549,NA,41.7982482,-111.5187855,41.79826538,-111.5188045,NA,-39.6097955007158,41.79826538,-111.5188045,NA,-39.6097955007158,41.79826538,-111.5188045,NA,-39.6097955007158,41.79826538,-111.5188045,NA,-39.6097955007158
"160","TMPF",267,"ABLA",11.3,NA,NA,0,"0",1,1,1,1,"BO","BO","BO","BO",NA,NA,NA,NA,"0","0","0","0",0,2,0,2,"0","0","0",NA,0,0,0,1,"0","0","0",NA,0,0,0,0,"0","0","0",NA,1,1,0,1,"0","0","0",NA,0,0,0,1,"0","0","0",NA,1,1,0,1,"0","0","0",NA,NA,NA,NA,NA,1,2,3,4,NA,NA,NA,NA,1,1,0,1,0,"TMPF267",4609,267,NA,"Point",2386.119,-16.928,0.0312353033955848,1,1,0,1,"TMPF_267_2676","TMPF_266_2715",1.85166081164803,"TMPF_266_2715",1.85166081164803,"TMPF_266_2715",1.85166081164803,"TMPF_269_2559",0.359654991606626,NA,41.7983522485,-111.519022354,41.7983532248333,-111.519044603333,NA,-86.6438672955427,41.7983532248333,-111.519044603333,NA,-86.6438672955427,41.7983532248333,-111.519044603333,NA,-86.6438672955427,41.7983507761667,-111.519018498,NA,117.033887613994
"161","TMPF",288,"ABLA",11.2,NA,NA,9,"0",1,1,1,1,"BO","BO","BO","BO",0,0,0,0,"0","0","0","0",0,1,0,2,"0","0","0","1-1",1,0,0,0,"0","0","0",NA,0,0,0,0,"0","0","0",NA,0,0,0,0,"0","0","0",NA,0,1,0,1,"0","0","0",NA,0,0,0,0,"0","0","0",NA,"7 DB","7 DB","7 DB","7 DB",1,2,3,4,NA,NA,NA,NA,1,1,0,1,0,"TMPF288",4640,288,NA,"Point",2396.003,-16.928,0.0228196169992053,1,1,0,1,"TMPF_288_2677","TMPF_286_2789",1.10381652331284,"TMPF_286_2789",1.10381652331284,"TMPF_292_2632",3.5475048765725,"TMPF_286_2789",1.10381652331284,NA,41.7983889805,-111.5187857795,41.7983989046667,-111.518786571167,NA,-3.41605023715915,41.7983989046667,-111.518786571167,NA,-3.41605023715915,41.7983575263333,-111.518778274333,NA,169.876729109805,41.7983989046667,-111.518786571167,NA,-3.41605023715915
"162","TMPF",314,"ABLA",11,NA,NA,5,"0",1,1,1,1,"BO","BO","BO","0",NA,NA,0,0,"0","0","0","0",2,2,0,0,"0","0","0",NA,1,1,0,0,"0","0","0",NA,0,0,0,0,"0","0","0",NA,2,2,2,0,"0","0","0",NA,0,1,2,0,"0","0","0",NA,0,0,0,0,"0","0","0",NA,"5 DB","5 DB","5 DB, fallen over/NL obstructed","5 DB, fallen over/NL obstructed",1,2,3,4,NA,NA,NA,NA,1,1,1,0,0,"TMPF314",4677,314,NA,"Point",2389.564,-16.928,0.0052960635421971,1,1,1,0,"TMPF_314_2678","TMPF_317_2747",4.05028508810173,"TMPF_311_2783",1.64323358575792,"TMPF_462_2691",5.58812007689176,"TMPF_312_2679",0.785291028024132,NA,41.7985450151667,-111.518815530833,41.798508543,-111.518814519167,NA,178.810941363703,41.798539027,-111.518797443167,NA,113.866010946681,41.7985838801667,-111.5188582685,NA,-39.4491440713628,41.798539466,-111.51880967,NA,141.680246204461
"163","TMPF",312,"ABLA",10.9,NA,NA,0,"0",1,1,1,1,"0","0","BO","BO",NA,NA,NA,NA,"0","0","0","0",0,0,0,2,"0","0","0",NA,0,0,0,1,"0","0","0",NA,0,0,0,0,"0","0","0",NA,0,0,0,1,"0","0","0",NA,0,0,0,1,"0","0","0",NA,0,0,0,0,"0","0","0",NA,NA,NA,NA,NA,1,2,3,4,NA,NA,NA,NA,0,0,0,1,1,"TMPF312",4671,312,NA,"Point",2390.608,-16.928,0.00599630938014595,0,0,0,1,"TMPF_312_2679","TMPF_314_2678",0.785291028024132,"TMPF_314_2678",0.785291028024132,"TMPF_314_2678",0.785291028024132,"TMPF_311_2783",1.01697679682418,NA,41.798539466,-111.51880967,41.7985450151667,-111.518815530833,NA,-38.3197498892144,41.7985450151667,-111.518815530833,NA,-38.3197498892144,41.7985450151667,-111.518815530833,NA,-38.3197498892144,41.798539027,-111.518797443167,NA,92.7470867779086
"164","TMPF",217,"ABLA",10.8,NA,NA,0,"0",1,1,1,1,"BO","BO","BO","BO",0,0,0,0,"0","0","0","0",0,1,2,2,"0","0","3–2","3-1",0,1,0,0,"0","0","0",NA,0,0,0,1,"0","0","0",NA,0,1,0,1,"0","0","0",NA,0,0,0,1,"0","0","0",NA,1,1,0,0,"0","0","0",NA,NA,NA,NA,NA,1,2,3,4,NA,NA,NA,NA,1,1,1,1,0,"TMPF217",2943,217,NA,"Point",2383.645,NA,0.0499637207518064,1,1,1,1,"TMPF_217_2680","TMPF_215_2687",2.23585496953318,"TMPF_215_2687",2.23585496953318,"TMPF_215_2687",2.23585496953318,"TMPF_216_2517",1.31460276863023,NA,41.79831926,-111.519305,41.79830371,-111.5193221,NA,-140.549845291779,41.79830371,-111.5193221,NA,-140.549845291779,41.79830371,-111.5193221,NA,-140.549845291779,41.79830937,-111.5192963,NA,146.645035879626
"165","TMPF",367,"ABLA",10.8,NA,NA,3,"0",1,1,1,1,"0","0","0","0",NA,NA,NA,NA,"0","0","0","0",0,0,0,0,"0","0","0",NA,0,0,0,0,"0","0","0",NA,0,0,0,0,"0","0","0",NA,0,0,0,0,"0","0","0",NA,0,0,0,0,"0","0","0",NA,0,0,0,0,"0","0","0",NA,"2 DB","2 DB","2 DB","2 DB",1,2,3,4,NA,NA,NA,NA,0,0,0,0,0,"TMPF367",4730,367,NA,"Point",2381.479,-16.928,0.0227756239427191,0,0,0,0,"TMPF_367_2681","TMPF_354_2665",1.08233957050813,"TMPF_354_2665",1.08233957050813,"TMPF_424_2725",3.26043043961668,"TMPF_354_2665",1.08233957050813,NA,41.7985649318333,-111.519098343,41.7985742373333,-111.519102225167,NA,-17.3371836754111,41.7985742373333,-111.519102225167,NA,-17.3371836754111,41.7985919386667,-111.5191137545,NA,-23.122967649982,41.7985742373333,-111.519102225167,NA,-17.3371836754111
"166","TMPF",377,"ABLA",10.7,NA,NA,2,"0",1,1,1,1,"BO","BO","BO","BO",0,0,1,1,"0","0","0","0",1,0,0,1,"0","0","0",NA,1,1,0,1,"0","0","0",NA,0,1,0,1,"0","0","0",NA,0,1,2,1,"0","0","0",NA,0,0,0,1,"0","0","0",NA,0,1,2,2,"0","0","0",NA,"2 DB","2 DB","2 DB","2 DB",1,2,3,4,NA,NA,NA,NA,1,1,1,1,0,"TMPF377",4741,377,NA,"Point",2382.461,-16.928,0.0399979274881237,1,1,1,1,"TMPF_377_2682","TMPF_382_2753",3.36871111016755,"TMPF_378_2769",2.95523792659131,"TMPF_235_2690",3.81907719073158,"TMPF_379_2742",0.732287862931764,NA,41.7984571093333,-111.519273301667,41.7984328525,-111.519248944333,NA,143.079279857599,41.798483715,-111.519272255833,NA,1.68482040662886,41.7984261193333,-111.5192533535,NA,154.281288047135,41.7984587996667,-111.5192818215,NA,-75.1503312649718
"167","TMPF",183,"ABLA",10.6,NA,NA,6,"0",1,1,1,1,"0","0","0","BO",NA,NA,0,0,"0","0","0","0",0,0,0,1,"0","0","0",NA,0,0,0,0,"0","0","0",NA,0,0,0,0,"0","0","0",NA,0,0,0,0,"0","0","0",NA,0,0,0,0,"0","0","0",NA,0,0,0,0,"0","0","0",NA,"5 DB","5 DB","5 DB","5 DB",1,2,3,4,NA,NA,NA,NA,0,0,0,1,1,"TMPF183",2911,183,NA,"Point",2387.967,NA,0.039305461778806,0,0,0,1,"TMPF_183_2683","TMPF_191_2651",0.634575767797054,"TMPF_191_2651",0.634575767797054,"TMPF_191_2651",0.634575767797054,"TMPF_191_2651",0.634575767797054,NA,41.79829504,-111.5190832,41.79829447,-111.5190908,NA,-95.7235681553721,41.79829447,-111.5190908,NA,-95.7235681553721,41.79829447,-111.5190908,NA,-95.7235681553721,41.79829447,-111.5190908,NA,-95.7235681553721
"168","TMPF",182,"ABLA",10.5,NA,NA,0,"0",1,1,1,1,"BO","BO","BO","BO",NA,NA,NA,NA,"0","0","0","0",0,1,0,1,"0","0","0",NA,0,0,0,1,"0","0","0",NA,0,0,0,0,"0","0","0",NA,0,1,0,2,"0","0","0",NA,1,0,0,1,"0","0","0",NA,0,0,0,0,"0","0","0",NA,NA,NA,NA,NA,1,2,3,4,NA,NA,NA,NA,1,1,0,1,0,"TMPF182",2910,182,NA,"Point",2390.8,NA,0.0351589552257075,1,1,0,1,"TMPF_182_2684","TMPF_180_2656",3.82159282094046,"TMPF_168_2806",3.11316839719313,"TMPF_180_2656",3.82159282094046,"TMPF_181_2534",1.91453275237153,NA,41.79830354,-111.5189997,41.79826991,-111.5189899,NA,167.698860009583,41.79829128,-111.518966,NA,115.927804461234,41.79826991,-111.5189899,NA,167.698860009583,41.79828639,-111.5190021,NA,-174.02196117561
"169","TMPF",230,"ABLA",10.3,NA,NA,0,"0",1,1,1,1,"0","0","BO","BO",NA,NA,NA,NA,"0","0","0","0",0,0,0,1,"0","0","0",NA,0,0,0,2,"0","0","0",NA,0,0,0,1,"0","0","0",NA,0,0,0,1,"0","0","0",NA,0,0,0,1,"0","0","0",NA,0,0,0,1,"0","0","0",NA,NA,NA,NA,NA,1,2,3,4,NA,NA,NA,NA,0,0,0,1,1,"TMPF230",4565,230,NA,"Point",2382.285,-16.928,0.0446745356851959,0,0,0,1,"TMPF_230_2685","TMPF_383_2721",4.54351551187861,"TMPF_232_2686",1.60017017396571,"TMPF_229_2664",1.07044138501417,"TMPF_231_2714",1.04627912407689,NA,41.7984218536667,-111.519314214833,41.7984614131667,-111.519328211333,NA,-14.8288553726435,41.7984328918333,-111.519301830667,NA,40.0145641315207,41.79842008,-111.519326879333,NA,-100.600900683588,41.7984312196667,-111.5193128245,NA,6.33838371270955
"170","TMPF",232,"ABLA",10.3,NA,NA,1,"0",1,1,1,1,"0","BO","BO","BO",NA,NA,0,0,"0","0","0","0",0,0,0,1,"0","0","0",NA,0,0,0,0,"0","0","0",NA,0,0,0,0,"0","0","0",NA,0,1,0,1,"0","0","0",NA,0,0,0,0,"0","0","0",NA,0,0,0,1,"0","0","0",NA,"1 DB","1 DB","1 DB","1 DB",1,2,3,4,NA,NA,NA,NA,0,1,0,1,1,"TMPF232",4566,232,NA,"Point",2380.152,-16.928,0.0432300608583238,0,1,0,1,"TMPF_232_2686","TMPF_377_2682",3.58434582626316,"TMPF_377_2682",3.58434582626316,"TMPF_229_2664",2.52075164841988,"TMPF_231_2714",0.932049498071459,NA,41.7984328918333,-111.519301830667,41.7984571093333,-111.519273301667,NA,41.3963478192243,41.7984571093333,-111.519273301667,NA,41.3963478192243,41.79842008,-111.519326879333,NA,-124.353839343053,41.7984312196667,-111.5193128245,NA,-101.489687922602
"171","TMPF",215,"ABLA",10.2,NA,NA,1,"0",1,1,1,1,"BO","BO","BO","BO",0,0,0,0,"0","0","0","0",0,1,2,2,"0","0","2–1","2-1",0,1,2,2,"0","0","2–1","2-1",0,0,0,2,"0","0","0","2-1",0,1,2,2,"0","0","0",NA,1,1,2,2,"0","0","0",NA,0,0,0,2,"0","0","0",NA,"1 DB","1 DB","1 DB","1 DB",1,2,3,4,NA,NA,NA,NA,1,1,1,1,0,"TMPF215",2941,215,NA,"Point",2384.59,NA,0.0521422942722379,1,1,1,1,"TMPF_215_2687","TMPF_214_2734",1.89338223825081,"TMPF_211_2749",1.77813390441253,"TMPF_217_2680",2.23585496953318,"TMPF_214_2734",1.89338223825081,NA,41.79830371,-111.5193221,41.79828671,-111.5193239,NA,-175.469889023037,41.79829449,-111.5193046,NA,125.148730332278,41.79831926,-111.519305,NA,39.4501433108913,41.79828671,-111.5193239,NA,-175.469889023037
"172","TMPF",262,"ABLA",10.1,NA,NA,2,"0",1,1,1,1,"0","BO","0","BO",NA,NA,NA,NA,"0","0","0","0",0,1,0,1,"0","0","0",NA,0,0,0,1,"0","0","0",NA,0,0,0,0,"0","0","0",NA,0,0,0,1,"0","0","0",NA,0,0,0,1,"0","0","0",NA,0,0,0,0,"0","0","0",NA,"2 DB","2 DB","2 DB","2 DB",1,2,3,4,NA,NA,NA,NA,0,1,0,1,1,"TMPF262",4603,262,NA,"Point",2386.871,-16.928,0.0330521774633635,0,1,0,1,"TMPF_262_2688","TMPF_266_2715",1.49437430162474,"TMPF_263_2758",0.550443511489307,"TMPF_266_2715",1.49437430162474,"TMPF_264_2658",0.98714484220222,NA,41.7983527318333,-111.519062578333,41.7983532248333,-111.519044603333,NA,87.9008713368133,41.7983528873333,-111.519055956167,NA,88.2026089084932,41.7983532248333,-111.519044603333,NA,87.9008713368133,41.7983463311667,-111.5190543315,NA,136.046584268589
"173","TMPF",284,"ABLA",10,NA,NA,2,"0",1,1,1,1,"BO","BO","BO","BO",0,0,0,0,"0","0","0","0",1,1,2,2,"0","0","0",NA,2,2,2,2,"0","0","0",NA,0,0,0,1,"0","0","0",NA,2,2,2,2,"0","0","0",NA,2,2,2,2,"0","0","0",NA,1,1,0,1,"0","0","0",NA,"2 DB","2 DB","2 DB","2 DB",1,2,3,4,NA,NA,NA,NA,1,1,1,1,0,"TMPF284",4633,284,NA,"Point",2390.57,-16.928,0.0206857764518831,1,1,1,1,"TMPF_284_2689","TMPF_283_2565",1.32826139193183,"TMPF_283_2565",1.32826139193183,"TMPF_295_2571",5.42149998107793,"TMPF_283_2565",1.32826139193183,NA,41.7984091965,-111.518872286,41.7983989333333,-111.518880501167,NA,-149.079766423222,41.7983989333333,-111.518880501167,NA,-149.079766423222,41.7983605423333,-111.518877822833,NA,-175.132723995252,41.7983989333333,-111.518880501167,NA,-149.079766423222
"174","TMPF",235,"ABLA",9.7,NA,NA,0,"0",1,1,1,1,"BO","BO","BO","BO",NA,NA,NA,NA,"0","0","0","0",0,0,2,2,"0","0","0",NA,0,1,2,2,"0","0","0",NA,0,0,0,1,"0","0","0",NA,2,2,2,2,"0","0","1–1",NA,1,1,2,2,"0","0","0",NA,1,0,0,1,"0","0","0",NA,NA,NA,NA,NA,1,2,3,4,NA,NA,NA,NA,1,1,1,1,0,"TMPF235",4569,235,NA,"Point",2381.46,-16.928,0.0399397978753257,1,1,1,1,"TMPF_235_2690","TMPF_382_2753",0.832491832328105,"TMPF_377_2682",3.81907719073158,"TMPF_377_2682",3.81907719073158,"TMPF_382_2753",0.832491832328105,NA,41.7984261193333,-111.5192533535,41.7984328525,-111.519248944333,NA,26.1053239715209,41.7984571093333,-111.519273301667,NA,-25.7186986571688,41.7984571093333,-111.519273301667,NA,-25.7186986571688,41.7984328525,-111.519248944333,NA,26.1053239715209
"175","TMPF",462,"ABLA",9.7,NA,NA,10,"0",1,1,1,1,"0","0","BO","BO",0,0,0,0,"0","0","0","0",0,0,2,2,"0","0","0",NA,0,0,0,1,"0","0","0",NA,0,0,0,1,"0","0","0",NA,0,0,0,1,"0","0","0",NA,0,0,0,0,"0","0","0",NA,0,0,0,1,"0","0","0",NA,"10 DB","10 DB","10 DB","10 DB",1,2,3,4,NA,NA,NA,NA,0,0,1,1,1,"TMPF462",4847,462,NA,"Point",2386.79,-16.928,0.00282316690872045,0,0,1,1,"TMPF_462_2691","TMPF_346_2589",2.76598265827502,"TMPF_346_2589",2.76598265827502,"TMPF_346_2589",2.76598265827502,"TMPF_461_2629",1.59778697499315,NA,41.7985838801667,-111.5188582685,41.798582274,-111.518891492167,NA,-93.6965308211596,41.798582274,-111.518891492167,NA,-93.6965308211596,41.798582274,-111.518891492167,NA,-93.6965308211596,41.7985945791667,-111.5188454065,NA,41.9734104377783
"176","TMPF",308,"ABLA",9.6,NA,NA,6,"0",1,1,1,1,"0","BO","0","0",NA,NA,0,0,"0","0","0","0",0,0,0,0,"0","0","0",NA,0,0,0,0,"0","0","0",NA,0,0,0,0,"0","0","0",NA,0,1,0,0,"0","0","0",NA,0,0,0,0,"0","0","0",NA,0,0,0,0,"0","0","0",NA,"2 DB","2 DB","2 DB","2 DB",1,2,3,4,NA,NA,NA,NA,0,1,0,0,1,"TMPF308",4665,308,NA,"Point",2396.004,-16.928,0.011890051636994,0,1,0,0,"TMPF_308_2692","TMPF_317_2747",4.77804968884725,"TMPF_310_2668",4.62306727385046,"TMPF_314_2678",7.06841819044637,"TMPF_310_2668",4.62306727385046,NA,41.7984974755,-111.518758942333,41.798508543,-111.518814519167,NA,-75.097457367429,41.7985333285,-111.518787239833,NA,-30.5658862150621,41.7985450151667,-111.518815530833,NA,-41.6919545206409,41.7985333285,-111.518787239833,NA,-30.5658862150621
"177","TMPF",225,"ABLA",9.5,NA,NA,0,"0",1,1,1,1,"BO","BO","BO","BO",0,0,0,0,"0","0","0","0",0,2,2,2,"0","0","3–1","3-0",2,1,2,2,"0","0","0","1-1",0,0,0,1,"0","0","0",NA,0,2,2,2,"0","0","0","4-1",1,1,2,2,"0","0","0",NA,2,2,2,2,"0","0","0",NA,NA,NA,NA,NA,1,2,3,4,NA,NA,NA,NA,1,1,1,1,0,"TMPF225",4557,225,NA,"Point",2384.731,-16.928,0.0487902336939348,1,1,1,1,"TMPF_225_2693","TMPF_222_2735",2.85968164033899,"TMPF_222_2735",2.85968164033899,"TMPF_218_2746",3.72775918292051,"TMPF_222_2735",2.85968164033899,NA,41.798379964,-111.519341293333,41.79836681,-111.5193117,NA,120.710833940269,41.79836681,-111.5193117,NA,120.710833940269,41.79834889,-111.5193243,NA,157.744961271401,41.79836681,-111.5193117,NA,120.710833940269
"178","TMPF",357,"ABLA",9.4,NA,NA,3,"0",1,1,1,1,"0","BO","BO","BO",0,0,0,0,"0","0","0","0",0,0,0,1,"0","0","0",NA,0,0,0,1,"0","0","0",NA,0,0,0,1,"0","0","0",NA,0,0,0,1,"0","0","0",NA,0,0,0,1,"0","0","0",NA,0,1,0,1,"0","0","0",NA,"3 DB","3 DB","3 DB","3 DB",1,2,3,4,NA,NA,NA,NA,0,1,0,1,1,"TMPF357",4719,357,NA,"Point",2385.663,-16.928,0.0209063184499394,0,1,0,1,"TMPF_357_2694","TMPF_362_2798",3.81471007662087,"TMPF_351_2704",2.72892276311043,"TMPF_424_2725",6.40821921473642,"TMPF_351_2704",2.72892276311043,NA,41.7985444113333,-111.51906999,41.7985250098333,-111.519107884833,NA,-124.380229609984,41.7985607063333,-111.519045399333,NA,48.4732432659082,41.7985919386667,-111.5191137545,NA,-34.5684481462946,41.7985607063333,-111.519045399333,NA,48.4732432659082
"179","TMPF",241,"ABLA",9.2,NA,NA,2,"0",1,1,1,1,"BO","BO","BO","BO",0,0,0,0,"0","0","0","0",2,2,2,2,"4-0","4-0","0",NA,1,0,0,0,"0","0","0",NA,0,0,0,0,"0","0","0",NA,0,0,2,2,"0","0","0",NA,0,0,0,0,"0","0","0",NA,0,0,0,0,"0","0","0",NA,"2 DB","2 DB","2 DB","2 DB",1,2,3,4,NA,NA,NA,NA,1,1,1,1,0,"TMPF241",4577,241,NA,"Point",2390.534,-16.928,0.0443953345255477,1,1,1,1,"TMPF_241_2695","TMPF_240_2633",2.09315307209806,"TMPF_240_2633",2.09315307209806,"TMPF_240_2633",2.09315307209806,"TMPF_240_2633",2.09315307209806,NA,41.7983423446667,-111.519243942833,41.798360365,-111.519236539833,NA,17.0877793804276,41.798360365,-111.519236539833,NA,17.0877793804276,41.798360365,-111.519236539833,NA,17.0877793804276,41.798360365,-111.519236539833,NA,17.0877793804276
"180","TMPF",209,"ABLA",9.1,NA,NA,4,"0",1,1,1,1,"0","0","0","BO",0,0,0,0,"0","0","0","0",0,0,0,0,"0","0","0",NA,0,0,0,1,"0","0","0",NA,0,0,0,0,"0","0","0",NA,0,0,0,0,"0","0","0",NA,0,0,0,0,"0","0","0",NA,0,0,0,0,"0","0","0",NA,"2 DB","2 DB","2 DB","2 DB",1,2,3,4,NA,NA,NA,NA,0,0,0,1,1,"TMPF209",2935,209,NA,"Point",2386.145,NA,0.0552120004293067,0,0,0,1,"TMPF_209_2696","TMPF_214_2734",2.84435489629014,"TMPF_214_2734",2.84435489629014,"TMPF_215_2687",4.72995325740967,"TMPF_214_2734",2.84435489629014,NA,41.79826111,-111.5193226,41.79828671,-111.5193239,NA,-2.17613604884126,41.79828671,-111.5193239,NA,-2.17613604884126,41.79830371,-111.5193221,NA,0.503200049255569,41.79828671,-111.5193239,NA,-2.17613604884126
"181","TMPF",393,"ABLA",9,NA,NA,0,"0",1,1,1,1,"BO","BO","BO","BO",NA,NA,NA,NA,"0","0","0","0",1,2,2,2,"0","3-0","3–0","3-0",0,0,0,1,"0","0","0",NA,1,1,0,1,"0","0","0",NA,1,1,0,1,"0","0","0",NA,0,0,2,2,"0","0","0",NA,0,1,0,1,"0","0","0",NA,NA,NA,NA,NA,1,2,3,4,NA,NA,NA,NA,1,1,1,1,0,"TMPF393",4764,393,NA,"Point",2382.757,-16.928,0.0388326812673098,1,1,1,1,"TMPF_393_2697","TMPF_392_2650",1.38888153442575,"TMPF_376_2599",0.7238032643407,"TMPF_392_2650",1.38888153442575,"TMPF_376_2599",0.7238032643407,NA,41.7984992573333,-111.5192776355,41.798511399,-111.519281658833,NA,-13.9259803123887,41.7985056018333,-111.5192796385,NA,-13.2917883950211,41.798511399,-111.519281658833,NA,-13.9259803123887,41.7985056018333,-111.5192796385,NA,-13.2917883950211
"182","TMPF",143,"ABLA",8.9,NA,NA,2,"0",1,1,1,1,"BO","BO","BO","BO",NA,0,NA,NA,"0","0","0","0",1,2,2,2,"0","0","1–1","1-2",1,1,2,2,"0","0","0",NA,2,2,2,2,"0","0","0",NA,0,2,2,2,"0","0","0","1-1",0,0,2,2,"0","0","0",NA,0,1,0,2,"0","0","0",NA,"2 DB","2 DB","2 DB, bifur","2 DB, bifur",1,2,3,4,NA,NA,NA,NA,1,1,1,1,0,"TMPF143",2874,143,NA,"Point",2391.837,NA,0.0311734246588891,1,1,1,1,"TMPF_143_2698","TMPF_145_2728",1.19004407939617,"TMPF_142_2743",1.10678179079771,"TMPF_150_2724",3.53007182706836,"TMPF_142_2743",1.10678179079771,NA,41.79831169,-111.5188197,41.79831231,-111.518834,NA,-86.6839209290062,41.79831226,-111.5188064,NA,86.7220411356505,41.79828714,-111.5188467,NA,-140.546823377668,41.79831226,-111.5188064,NA,86.7220411356505
"183","TMPF",144,"ABLA",8.9,NA,NA,2,"0",1,1,1,1,"BO","BO","BO","BO",NA,NA,NA,NA,"0","0","0","0",1,2,2,2,"0","0","1–1","1-2",0,0,0,2,"0","0","0",NA,1,1,2,2,"0","0","0",NA,0,2,2,2,"0","0","0","1-1",0,1,2,2,"0","0","0",NA,1,1,2,2,"0","0","1–1","1-1","2 DB","2 DB","2 DB, –11–","2 DB, –11–",1,2,3,4,NA,NA,NA,NA,1,1,1,1,0,"TMPF144",NA,144,NA,"Point",2391.837,NA,0.0311734246588891,1,1,1,1,"TMPF_144_2699","TMPF_145_2728",1.19004407939617,"TMPF_142_2743",1.10678179079771,"TMPF_150_2724",3.53007182706836,"TMPF_142_2743",1.10678179079771,NA,41.79831169,-111.5188197,41.79831231,-111.518834,NA,-86.6839209290062,41.79831226,-111.5188064,NA,86.7220411356505,41.79828714,-111.5188467,NA,-140.546823377668,41.79831226,-111.5188064,NA,86.7220411356505
"184","TMPF",412,"ABLA",8.9,NA,NA,1,"0",1,1,1,1,"0","BO","BO","BO",0,0,0,0,"0","0","0","0",0,1,0,1,"0","0","0",NA,0,0,0,1,"0","0","0",NA,0,0,0,0,"0","0","0",NA,0,0,0,1,"0","0","0",NA,0,1,0,0,"0","0","0",NA,0,0,0,0,"0","0","0",NA,"1 DB","1 DB","1 DB","1 DB",1,2,3,4,NA,NA,NA,NA,0,1,0,1,1,"TMPF412",4787,412,NA,"Point",2380.456,-16.928,0.0316089203999621,0,1,0,1,"TMPF_412_2700","TMPF_407_2648",10.8307313007139,"TMPF_409_2602",6.00892764214366,"TMPF_424_2725",10.9215332231733,"TMPF_413_2604",2.02941478705995,NA,41.7986707721667,-111.5191923805,41.79865119,-111.519320091833,NA,-101.580181325596,41.7986438558333,-111.519255128333,NA,-119.823852409489,41.7985919386667,-111.5191137545,NA,143.265456309395,41.7986593065,-111.519173356667,NA,128.849465850034
"185","TMPF",259,"ABLA",8.8,NA,NA,3,"0",1,1,1,1,"BO","BO","BO","BO",0,0,0,0,"0","0","0","0",0,1,0,2,"0","0","0","1-1",1,1,2,2,"0","0","0",NA,1,1,0,1,"0","0","0",NA,0,2,2,2,"0","1-0","1–0","1-3",0,2,2,2,"0","0","0",NA,0,0,0,1,"0","0","0",NA,"3 DB","3 DB","3 DB","3 DB",1,2,3,4,NA,NA,NA,NA,1,1,1,1,0,"TMPF259",4600,259,NA,"Point",2389.638,-16.928,0.0323550636215787,1,1,1,1,"TMPF_259_2701","TMPF_257_2555",4.83185391816914,"TMPF_255_2554",4.07249857686837,"TMPF_266_2715",5.88098938222574,"TMPF_260_2556",1.72424902460183,NA,41.7983853933333,-111.519100840833,41.7984230841667,-111.519129915833,NA,-29.9950049056513,41.7983701073333,-111.519145400167,NA,-114.628818332063,41.7983532248333,-111.519044603333,NA,127.395281273302,41.7983710746667,-111.519092805333,NA,157.220919880778
"186","TMPF",440,"ABLA",8.6,NA,NA,1,"0",1,1,1,1,"0","BO","BO","BO",0,0,1,1,"0","0","0","0",0,1,0,2,"0","0","0",NA,0,0,0,1,"0","0","0",NA,0,0,0,0,"0","0","0",NA,0,1,0,2,"0","0","0",NA,0,0,0,1,"0","0","0",NA,0,1,0,1,"0","0","0",NA,"1 DB","1 DB","1 DB","1 DB",1,2,3,4,NA,NA,NA,NA,0,1,0,1,1,"TMPF440",4821,440,NA,"Point",2385.153,-16.928,0.011378779746939,0,1,0,1,"TMPF_440_2702","TMPF_441_2620",1.49234581725933,"TMPF_442_2639",2.04869299178641,"TMPF_347_2741",2.88326981174583,"TMPF_441_2620",1.49234581725933,NA,41.7986098283333,-111.518961168167,41.7986226881667,-111.518955942333,NA,16.9134320665161,41.7986264783333,-111.518950539167,NA,25.5332681320174,41.798588674,-111.518941038667,NA,144.547853331041,41.7986226881667,-111.518955942333,NA,16.9134320665161
"187","TMPF",160,"ABLA",8.5,NA,NA,0,"0",1,1,1,1,"BO","BO","0","BO",0,0,0,0,"0","0","0","0",1,0,0,1,"0","0","0",NA,0,1,0,1,"0","0","0",NA,1,0,0,0,"0","0","0",NA,0,0,0,1,"0","0","0",NA,0,0,0,0,"0","0","0",NA,0,0,0,0,"0","0","0",NA,NA,NA,NA,NA,1,2,3,4,NA,NA,NA,NA,1,1,0,1,0,"TMPF160",2890,160,NA,"Point",2391.923,NA,0.032873245249161,1,1,0,1,"TMPF_160_2703","TMPF_159_2659",1.32289070676959,"TMPF_159_2659",1.32289070676959,"TMPF_159_2659",1.32289070676959,"TMPF_162_2750",1.20475418576169,NA,41.79830635,-111.5189282,41.79829647,-111.5189193,NA,146.017459825118,41.79829647,-111.5189193,NA,146.017459825118,41.79829647,-111.5189193,NA,146.017459825118,41.79830648,-111.5189137,NA,89.3135459517634
"188","TMPF",351,"ABLA",8.3,NA,NA,0,"0",1,1,1,1,"0","BO","BO","BO",NA,NA,0,0,"0","0","0","0",0,1,0,2,"0","0","0",NA,0,0,0,1,"0","0","0",NA,0,0,0,0,"0","0","0",NA,0,1,0,2,"0","0","0",NA,0,0,0,1,"0","0","0",NA,0,0,0,0,"0","0","0",NA,NA,NA,NA,NA,1,2,3,4,NA,NA,NA,NA,0,1,0,1,1,"TMPF351",4712,351,NA,"Point",2385.088,-16.928,0.0185169949799327,0,1,0,1,"TMPF_351_2704","TMPF_342_2587",3.02097391869833,"TMPF_343_2660",1.09643294042641,"TMPF_349_2708",4.4935675988816,"TMPF_350_2731",0.906479641464764,NA,41.7985607063333,-111.519045399333,41.7985478708333,-111.519013337333,NA,118.146842260357,41.79855608,-111.519033739833,NA,117.935272377237,41.7985647646667,-111.518991584833,NA,84.2450516440161,41.7985625566667,-111.519034772333,NA,76.9010949101702
"189","TMPF",224,"ABLA",8.2,NA,NA,0,"0",1,1,1,1,"0","BO","BO","BO",NA,NA,NA,NA,"0","0","0","0",0,1,0,1,"0","0","0",NA,0,0,0,0,"0","0","0",NA,0,0,0,0,"0","0","0",NA,0,0,0,0,"0","0","0",NA,0,0,0,0,"0","0","0",NA,0,0,0,0,"0","0","0",NA,NA,NA,NA,NA,1,2,3,4,NA,NA,NA,NA,0,1,0,1,1,"TMPF224",4552,224,NA,"Point",2328.758,-16.928,0.0554321998820946,0,1,0,1,"TMPF_224_2705","TMPF_225_2693",10.1912385047175,"TMPF_225_2693",10.1912385047175,"TMPF_225_2693",10.1912385047175,"TMPF_225_2693",10.1912385047175,NA,41.7984182573333,-111.519452776,41.798379964,-111.519341293333,NA,114.656835684398,41.798379964,-111.519341293333,NA,114.656835684398,41.798379964,-111.519341293333,NA,114.656835684398,41.798379964,-111.519341293333,NA,114.656835684398
"190","TMPF",265,"ABLA",8.1,NA,NA,0,"0",1,1,1,1,"0","0","BO","BO",0,0,0,0,"0","0","0","0",0,0,0,1,"0","0","0",NA,0,0,0,1,"0","0","0",NA,0,0,0,0,"0","0","0",NA,0,0,0,1,"0","0","0",NA,0,0,0,1,"0","0","0",NA,0,0,0,0,"0","0","0",NA,NA,NA,NA,NA,1,2,3,4,NA,NA,NA,NA,0,0,0,1,1,"TMPF265",4606,265,NA,"Point",2390.5,-16.928,0.0322088535028068,0,0,0,1,"TMPF_265_2706","TMPF_266_2715",0.325701880907545,"TMPF_266_2715",0.325701880907545,"TMPF_266_2715",0.325701880907545,"TMPF_266_2715",0.325701880907545,NA,41.798351143,-111.519041841333,41.7983532248333,-111.519044603333,NA,-44.7919625725007,41.7983532248333,-111.519044603333,NA,-44.7919625725007,41.7983532248333,-111.519044603333,NA,-44.7919625725007,41.7983532248333,-111.519044603333,NA,-44.7919625725007
"191","TMPF",368,"ABLA",7.9,NA,NA,1,"0",1,1,1,1,"0","0","BO","0",0,0,1,1,"0","0","0","0",0,0,0,0,"0","0","0",NA,0,0,0,0,"0","0","0",NA,0,0,0,0,"0","0","0",NA,0,0,0,0,"0","0","0",NA,0,0,0,0,"0","0","0",NA,0,0,0,0,"0","0","0",NA,"3 DB","3 DB","3 DB","3 DB",1,2,3,4,NA,NA,NA,NA,0,0,0,0,0,"TMPF368",4731,368,NA,"Point",2380.932,-16.928,0.024822829768545,0,0,0,0,"TMPF_368_2707","TMPF_369_2594",0.600257274557383,"TMPF_369_2594",0.600257274557383,"TMPF_370_2776",2.35785094614822,"TMPF_354_2665",1.87690025914684,NA,41.798569551,-111.519123931167,41.7985749468333,-111.51912348,NA,3.58016168397484,41.7985749468333,-111.51912348,NA,3.58016168397484,41.7985631506667,-111.519150992,NA,-107.540596050386,41.7985742373333,-111.519102225167,NA,73.9057158817282
"192","TMPF",349,"ABLA",7.8,NA,NA,4,"0",1,1,1,1,"BO","BO","BO","BO",0,0,0,0,"0","0","0","0",2,2,2,2,"3-2","3-3","3–4","3-4",0,1,2,2,"0","0","0",NA,0,0,0,0,"0","0","0",NA,2,2,2,2,"0","4-0","4–0","4-0",1,0,0,2,"0","0","0",NA,0,0,0,0,"0","0","0",NA,"4 DB","4 DB","4 DB","4 DB",1,2,3,4,NA,NA,NA,NA,1,1,1,1,0,"TMPF349",4709,349,NA,"Point",2386.684,-16.928,0.0140562677412144,1,1,1,1,"TMPF_349_2708","TMPF_348_2634",1.88543477831469,"TMPF_348_2634",1.88543477831469,"TMPF_344_2588",3.08325548638585,"TMPF_348_2634",1.88543477831469,NA,41.7985647646667,-111.518991584833,41.798574921,-111.518973396833,NA,53.2678115849774,41.798574921,-111.518973396833,NA,53.2678115849774,41.7985495595,-111.518960530333,NA,123.198082634523,41.798574921,-111.518973396833,NA,53.2678115849774
"193","TMPF",163,"ABLA",7.5,NA,NA,0,"0",1,1,1,1,"0","BO","BO","BO",0,0,0,0,"0","0","0","0",0,1,0,2,"0","0","0",NA,0,1,0,2,"0","0","0",NA,0,1,0,2,"0","0","0",NA,0,0,0,1,"0","0","0",NA,0,1,0,1,"0","0","0",NA,0,1,2,2,"0","0","0",NA,NA,NA,NA,NA,1,2,3,4,NA,NA,NA,NA,0,1,1,1,1,"TMPF163",2893,163,NA,"Point",2390.964,NA,0.0329891567475573,0,1,1,1,"TMPF_163_2709","TMPF_160_2703",1.32891342223385,"TMPF_160_2703",1.32891342223385,"TMPF_159_2659",2.45006023332934,"TMPF_160_2703",1.32891342223385,NA,41.79830864,-111.5189439,41.79830635,-111.5189282,NA,101.030051734552,41.79830635,-111.5189282,NA,101.030051734552,41.79829647,-111.5189193,NA,123.469866222933,41.79830635,-111.5189282,NA,101.030051734552
"194","TMPF",197,"ABLA",7.5,NA,NA,0,"0",1,1,1,1,"BO","BO","BO","BO",0,1,0,0,"0","0","0","0",0,0,0,2,"0","0","0",NA,1,1,0,1,"0","0","0",NA,0,0,0,1,"0","0","0",NA,0,1,0,2,"0","0","0",NA,1,1,2,2,"0","0","0",NA,0,0,0,1,"0","0","0",NA,NA,NA,NA,NA,1,2,3,4,NA,NA,NA,NA,1,1,1,1,0,"TMPF197",2924,197,NA,"Point",2387.57,NA,0.0450628575067941,1,1,1,1,"TMPF_197_2710","TMPF_199_2736",3.09969902827608,"TMPF_195_2641",2.64106999026403,"TMPF_195_2641",2.64106999026403,"TMPF_250_2772",1.2349320140373,NA,41.79826916,-111.5191546,41.79828145,-111.5191881,NA,-63.8825175487756,41.79829294,-111.5191538,NA,1.44204206538429,41.79829294,-111.5191538,NA,1.44204206538429,41.7982745935,-111.51914163,NA,60.7577690405665
"195","TMPF",448,"ABLA",7.5,NA,NA,0,"0",1,1,1,1,"BO","BO","BO","BO",0,0,0,0,"0","0","0","0",1,0,0,1,"0","0","0",NA,1,1,0,1,"0","0","0",NA,2,2,2,1,"0","0","0",NA,0,0,0,1,"0","0","0",NA,0,0,0,1,"0","0","0",NA,2,2,2,2,"0","0","0",NA,NA,NA,NA,NA,1,2,3,4,NA,NA,NA,NA,1,1,1,1,0,"TMPF448",4833,448,NA,"Point",2384.953,-16.928,0.0105012167698289,1,1,1,1,"TMPF_448_2711","TMPF_446_2621",2.23897315742118,"TMPF_446_2621",2.23897315742118,"TMPF_447_2738",3.04321091131102,"TMPF_446_2621",2.23897315742118,NA,41.7986721953333,-111.518892902833,41.7986847755,-111.5189139655,NA,-51.4034429346901,41.7986847755,-111.5189139655,NA,-51.4034429346901,41.7986909066667,-111.518919669667,NA,-46.9482898615592,41.7986847755,-111.5189139655,NA,-51.4034429346901
"196","TMPF",190,"ABLA",7.4,NA,NA,1,"0",1,1,1,1,"BO","BO","BO","BO",NA,NA,0,0,"0","0","0","0",0,0,0,0,"0","0","0",NA,0,0,0,1,"0","0","0",NA,1,1,0,1,"0","0","0",NA,0,0,0,0,"0","0","0",NA,0,0,0,0,"0","0","0",NA,1,1,0,0,"0","0","0",NA,"1 DB","1 DB","1 DB","1 DB",1,2,3,4,NA,NA,NA,NA,1,1,0,1,0,"TMPF190",2917,190,NA,"Point",2389.668,NA,0.0398202826598909,1,1,0,1,"TMPF_190_2712","TMPF_191_2651",1.47606199536668,"TMPF_191_2651",1.47606199536668,"TMPF_191_2651",1.47606199536668,"TMPF_183_2683",1.0972323066082,NA,41.79828648,-111.5190766,41.79829447,-111.5190908,NA,-53.0586227808286,41.79829447,-111.5190908,NA,-53.0586227808286,41.79829447,-111.5190908,NA,-53.0586227808286,41.79829504,-111.5190832,NA,-29.9828450601261
"197","TMPF",275,"ABLA",7.2,NA,NA,0,"0",1,1,1,1,"0","BO","BO","BO",0,0,0,0,"0","0","0","0",0,1,2,2,"0","0","2–1","2-1",0,0,2,2,"0","0","0",NA,0,0,0,0,"0","0","0",NA,0,1,0,2,"0","0","0",NA,0,0,0,2,"0","0","0",NA,0,0,0,0,"0","0","0",NA,NA,NA,NA,NA,1,2,3,4,NA,NA,NA,NA,0,1,1,1,1,"TMPF275",4620,275,NA,"Point",2388.994,-16.928,0.0269943588919101,0,1,1,1,"TMPF_275_2713","TMPF_296_2803",3.45444811054768,"TMPF_276_2672",1.68047419206987,"TMPF_296_2803",3.45444811054768,"TMPF_277_2562",1.29322230313623,NA,41.7983687998333,-111.518954080667,41.7983686656667,-111.5189125015,NA,90.2470562527201,41.7983759881667,-111.518971881,NA,-61.6453971161383,41.7983686656667,-111.5189125015,NA,90.2470562527201,41.7983770638333,-111.518965050167,NA,-44.8063833412869
"198","TMPF",231,"ABLA",7,NA,NA,0,"0",1,1,1,1,"0","0","BO","BO",NA,NA,NA,NA,"0","0","0","0",0,0,0,1,"0","0","0",NA,0,0,0,0,"0","0","0",NA,0,0,0,0,"0","0","0",NA,0,0,0,1,"0","0","0",NA,0,0,0,0,"0","0","0",NA,0,0,0,1,"0","0","0",NA,NA,NA,NA,NA,1,2,3,4,NA,NA,NA,NA,0,0,0,1,1,"TMPF231",4563,231,NA,"Point",2380.605,-16.928,0.0441381454807404,0,0,0,1,"TMPF_231_2714","TMPF_383_2721",3.58777565516314,"TMPF_232_2686",0.932049498071459,"TMPF_229_2664",1.70093376092454,"TMPF_232_2686",0.932049498071459,NA,41.7984312196667,-111.5193128245,41.7984614131667,-111.519328211333,NA,-20.8734603597638,41.7984328918333,-111.519301830667,NA,78.5103047498753,41.79842008,-111.519326879333,NA,-136.646776967155,41.7984328918333,-111.519301830667,NA,78.5103047498753
"199","TMPF",266,"ABLA",6.7,NA,NA,0,"0",1,1,1,1,"BO","BO","BO","BO",0,0,0,0,"0","0","0","0",0,0,0,1,"0","0","0",NA,0,0,0,0,"0","0","0",NA,0,0,0,0,"0","0","0",NA,0,0,0,1,"0","0","0",NA,0,0,0,1,"0","0","0",NA,1,1,2,2,"0","0","0",NA,NA,NA,NA,NA,1,2,3,4,NA,NA,NA,NA,1,1,1,1,0,"TMPF266",4607,266,NA,"Point",2389.88,-16.928,0.0321451361166767,1,1,1,1,"TMPF_266_2715","TMPF_267_2676",1.85166081164803,"TMPF_263_2758",0.943942874163843,"TMPF_259_2701",5.88098938222574,"TMPF_265_2706",0.325701880907545,NA,41.7983532248333,-111.519044603333,41.7983522485,-111.519022354,NA,93.3561178750313,41.7983528873333,-111.519055956167,NA,-92.2750690484022,41.7983853933333,-111.519100840833,NA,-52.6046812437713,41.798351143,-111.519041841333,NA,135.208035586596
"200","TMPF",294,"ABLA",6.6,NA,NA,0,"0",1,1,1,1,"BO","BO","BO","BO",0,0,0,0,"0","0","0","0",1,2,2,2,"0","1-1","0",NA,0,0,2,2,"0","0","0",NA,0,0,0,0,"0","0","0",NA,1,2,0,2,"0","0","0",NA,1,1,2,2,"0","0","0",NA,0,0,0,0,"0","0","0",NA,NA,NA,NA,NA,1,2,3,4,NA,NA,NA,NA,1,1,1,1,0,"TMPF294",4649,294,NA,"Point",2391.032,-16.928,0.0262921494100751,1,1,1,1,"TMPF_294_2716","TMPF_304_2726",3.03173769199858,"TMPF_295_2571",2.30438505880869,"TMPF_295_2571",2.30438505880869,"TMPF_295_2571",2.30438505880869,NA,41.798356266,-111.518850681167,41.7983322995,-111.518833193667,NA,151.365509687374,41.7983605423333,-111.518877822833,NA,-78.1097311464744,41.7983605423333,-111.518877822833,NA,-78.1097311464744,41.7983605423333,-111.518877822833,NA,-78.1097311464744
"201","TMPF",388,"ABLA",6.6,NA,NA,0,"0",1,1,1,1,"0","BO","BO","BO",0,0,1,1,"0","0","0","0",0,1,0,1,"0","0","0",NA,0,0,0,0,"0","0","0",NA,0,0,0,1,"0","0","0",NA,0,1,0,2,"0","0","0",NA,0,0,0,0,"0","0","0",NA,0,0,0,0,"0","0","0",NA,NA,NA,NA,NA,1,2,3,4,NA,NA,NA,NA,0,1,0,1,1,"TMPF388",4757,388,NA,"Point",2383.128,-16.928,0.0444399271182379,0,1,0,1,"TMPF_388_2717","TMPF_386_2720",2.57458666127422,"TMPF_386_2720",2.57458666127422,"TMPF_386_2720",2.57458666127422,"TMPF_386_2720",2.57458666127422,NA,41.7985128258333,-111.519351473833,41.7985081508333,-111.519321121,NA,101.630910813577,41.7985081508333,-111.519321121,NA,101.630910813577,41.7985081508333,-111.519321121,NA,101.630910813577,41.7985081508333,-111.519321121,NA,101.630910813577
"202","TMPF",345,"ABLA",6.5,NA,NA,2,"0",1,1,1,1,"BR, BO","BR, BO","BO","BO",0,0,0,0,"0","0","0","0",2,2,2,2,"4-1","4-1","4–0",NA,2,2,2,2,"1-0","1-0","0","2-3",2,2,2,2,"1-0","1-0","0",NA,2,2,2,2,"2-2","2-3","2–3","2-2",2,2,2,2,"4-2","4-3","0","2-1",2,2,2,2,"3-1","3-2","3–3","3-3","2 DB","2 DB","2 DB","2 DB",1,2,3,4,NA,NA,NA,NA,1,1,1,1,0,"TMPF345",4705,345,NA,"Point",2387.043,-16.928,0.0100348520696773,1,1,1,1,"TMPF_345_2718","TMPF_347_2741",1.89193037700351,"TMPF_347_2741",1.89193037700351,"TMPF_347_2741",1.89193037700351,"TMPF_347_2741",1.89193037700351,NA,41.7985717761667,-111.518943976167,41.798588674,-111.518941038667,NA,7.41147328304164,41.798588674,-111.518941038667,NA,7.41147328304164,41.798588674,-111.518941038667,NA,7.41147328304164,41.798588674,-111.518941038667,NA,7.41147328304164
"203","TMPF",273,"ABLA",6.2,NA,NA,1,"0",1,1,1,1,"BO","BR, BO","BO","BO",0,0,0,0,"0","0","0","0",0,0,0,1,"0","0","0",NA,0,1,0,2,"0","0","0","3-1",1,1,0,2,"0","0","0",NA,0,1,0,2,"0","0","0",NA,0,1,0,1,"0","0","0",NA,1,1,0,1,"0","0","0",NA,"1 DB","1 DB","1 DB","1 DB",1,2,3,4,NA,NA,NA,NA,1,1,0,1,0,"TMPF273",4618,273,NA,"Point",2388.486,-16.928,0.0305585958005188,1,1,0,1,"TMPF_273_2719","TMPF_160_2703",3.60526681972589,"TMPF_163_2709",2.85129781868181,"TMPF_163_2709",2.85129781868181,"TMPF_274_2762",1.72431640135325,NA,41.7983336493333,-111.518951697833,41.79830635,-111.5189282,NA,147.214937831081,41.79830864,-111.5189439,NA,166.867034376,41.79830864,-111.5189439,NA,166.867034376,41.7983490108333,-111.518954751667,NA,-8.4611567762212
"204","TMPF",386,"ABLA",6.2,NA,NA,6,"0",1,1,1,1,"BO","BO","BO","BO",0,0,0,0,"0","0","0","0",0,0,0,0,"0","0","0",NA,1,0,0,1,"0","0","0",NA,0,1,0,1,"0","0","0",NA,0,0,0,0,"0","0","0",NA,1,1,0,1,"0","0","0",NA,2,2,2,2,"0","1-1","1–1","1-1","WOB, 4 DB","WOB, 4 DB","WOB, 4 DB","WOB, 4 DB",1,2,3,4,NA,NA,NA,NA,1,1,1,1,0,"TMPF386",4756,386,NA,"Point",2381.808,-16.928,0.0420887507767738,1,1,1,1,"TMPF_386_2720","TMPF_390_2793",2.31297085122858,"TMPF_390_2793",2.31297085122858,"TMPF_392_2650",3.29830279864102,"TMPF_390_2793",2.31297085122858,NA,41.7985081508333,-111.519321121,41.7985071186667,-111.519293315,NA,92.8399404004172,41.7985071186667,-111.519293315,NA,92.8399404004172,41.798511399,-111.519281658833,NA,83.7227271054219,41.7985071186667,-111.519293315,NA,92.8399404004172
"205","TMPF",383,"ABLA",6.1,NA,NA,4,"0",1,1,1,1,"BO","0","BO","BO",0,0,0,0,"0","0","0","0",0,0,0,0,"0","0","0",NA,1,0,0,0,"0","0","0",NA,0,0,0,1,"0","0","0",NA,0,0,0,0,"0","0","0",NA,0,0,0,0,"0","0","0",NA,0,0,0,0,"0","0","0",NA,NA,NA,NA,NA,1,2,3,4,NA,NA,NA,NA,1,0,0,1,0,"TMPF383",4750,383,NA,"Point",2386.229,-16.928,0.0440905220760425,1,0,0,1,"TMPF_383_2721","TMPF_377_2682",4.58687153083983,"TMPF_232_2686",3.85114265461019,"TMPF_377_2682",4.58687153083983,"TMPF_231_2714",3.58777565516314,NA,41.7984614131667,-111.519328211333,41.7984571093333,-111.519273301667,NA,95.9796998125225,41.7984328918333,-111.519301830667,NA,145.311962657604,41.7984571093333,-111.519273301667,NA,95.9796998125225,41.7984312196667,-111.5193128245,NA,159.126529384724
"206","TMPF",300,"ABLA",5.9,NA,NA,0,"0",1,1,1,1,"BO","BO","BO","BO",0,1,0,1,"0","0","0","0",0,1,0,1,"0","0","0",NA,0,0,0,1,"0","0","0",NA,0,0,0,0,"0","0","0",NA,0,2,0,1,"0","0","0",NA,2,0,0,1,"0","0","0",NA,0,1,0,0,"0","0","0",NA,NA,NA,NA,NA,1,2,3,4,NA,NA,NA,NA,1,1,0,1,0,"TMPF300",4656,300,NA,"Point",2395.768,-16.928,0.0294821096715401,1,1,0,1,"TMPF_300_2722","TMPF_302_2748",0.594457744905008,"TMPF_302_2748",0.594457744905008,"TMPF_302_2748",0.594457744905008,"TMPF_299_2572",0.42106303486553,NA,41.7983300861667,-111.518881304167,41.7983297715,-111.518874161333,NA,93.369247722327,41.7983297715,-111.518874161333,NA,93.369247722327,41.7983297715,-111.518874161333,NA,93.369247722327,41.798326325,-111.518880654833,NA,172.638976980701
"207","TMPF",391,"ABLA",5.9,NA,NA,0,"0",1,1,1,1,"BO","BO","BO","BO",0,1,1,1,"0","0","0","0",1,1,0,1,"0","0","0",NA,1,1,0,1,"0","0","0",NA,1,0,0,1,"0","0","0",NA,0,0,0,1,"0","0","0",NA,1,0,0,0,"0","0","0",NA,0,1,0,1,"0","0","0",NA,NA,NA,NA,NA,1,2,3,4,NA,NA,NA,NA,1,1,0,1,0,"TMPF391",4762,391,NA,"Point",2381.506,-16.928,0.0394584188966116,1,1,0,1,"TMPF_391_2723","TMPF_392_2650",1.60186270513672,"TMPF_392_2650",1.60186270513672,"TMPF_392_2650",1.60186270513672,"TMPF_392_2650",1.60186270513672,NA,41.7985230965,-111.519292945167,41.798511399,-111.519281658833,NA,144.171338521582,41.798511399,-111.519281658833,NA,144.171338521582,41.798511399,-111.519281658833,NA,144.171338521582,41.798511399,-111.519281658833,NA,144.171338521582
"208","TMPF",150,"ABLA",5.8,NA,NA,1,"0",1,1,1,1,"BO","BO","BO","BO",0,0,0,0,"0","0","0","0",0,1,0,2,"0","0","0",NA,1,1,2,2,"0","0","0","2-1",1,1,0,1,"0","0","0",NA,0,0,0,2,"0","0","0",NA,0,0,0,1,"0","0","0",NA,1,1,0,1,"0","0","0",NA,NA,NA,NA,NA,1,2,3,4,NA,NA,NA,NA,1,1,1,1,0,"TMPF150",2880,150,NA,"Point",2394.368,NA,0.0339422869404465,1,1,1,1,"TMPF_150_2724","TMPF_152_2733",2.02484120491505,"TMPF_152_2733",2.02484120491505,"TMPF_143_2698",3.53007182706836,"TMPF_153_2775",1.86124005365581,NA,41.79828714,-111.5188467,41.7982762,-111.5188662,NA,-126.860550621133,41.7982762,-111.5188662,NA,-126.860550621133,41.79831169,-111.5188197,NA,39.4531586265523,41.79827605,-111.5188635,NA,-131.417833198917
"209","TMPF",424,"ABLA",5.7,NA,NA,3,"0",1,1,1,1,"BO","BO","BO","BO",0,0,0,0,"0","0","0","0",0,1,0,2,"0","0","0",NA,1,1,2,2,"0","0","1–1","1-4",2,2,2,2,"0","0","0",NA,1,0,0,1,"0","0","0",NA,1,1,0,2,"0","0","0",NA,0,1,0,1,"0","0","0",NA,"2 DB","2 DB","2 DB","2 DB",1,2,3,4,NA,NA,NA,NA,1,1,1,1,0,"TMPF424",4804,424,NA,"Point",2381.135,-16.928,0.0238534017428738,1,1,1,1,"TMPF_424_2725","TMPF_369_2594",2.0523081622313,"TMPF_423_2737",1.00468940659829,"TMPF_370_2776",4.44826294220641,"TMPF_426_2610",1.6151101975453,NA,41.7985919386667,-111.5191137545,41.7985749468333,-111.51912348,NA,-156.814998915883,41.7986009876667,-111.5191137765,NA,-0.104234430221906,41.7985631506667,-111.519150992,NA,-135.934141915486,41.7985924681667,-111.519094327,NA,87.9140002935619
"210","TMPF",304,"ABLA",5.6,NA,NA,1,"0",1,1,1,1,"BO","BO","BO","BO",0,0,0,0,"0","0","0","0",1,1,0,1,"0","0","0",NA,1,0,0,0,"0","0","0",NA,0,0,0,0,"0","0","0",NA,0,0,0,0,"0","0","0",NA,0,0,0,1,"0","0","0",NA,1,1,0,1,"0","0","0",NA,"1 DB","1 DB","1 DB","1 DB",1,2,3,4,NA,NA,NA,NA,1,1,0,1,0,"TMPF304",4660,304,NA,"Point",2394.514,-16.928,0.0288835344180688,1,1,0,1,"TMPF_304_2726","TMPF_303_2740",0.250614203806589,"TMPF_303_2740",0.250614203806589,"TMPF_143_2698",2.54808397186135,"TMPF_303_2740",0.250614203806589,NA,41.7983322995,-111.518833193667,41.798332683,-111.518830221,NA,80.2180670538035,41.798332683,-111.518830221,NA,80.2180670538035,41.79831169,-111.5188197,NA,153.898522893814,41.798332683,-111.518830221,NA,80.2180670538035
"211","TMPF",157,"ABLA",5.4,NA,NA,0,"0",1,1,1,1,"0","0","BO","BO",0,0,0,0,"0","0","0","0",0,0,0,1,"0","0","0",NA,0,0,0,0,"0","0","0",NA,0,0,0,1,"0","0","0",NA,0,0,0,0,"0","0","0",NA,0,0,0,1,"0","0","0",NA,0,0,0,0,"0","0","0",NA,NA,NA,NA,NA,1,2,3,4,NA,NA,NA,NA,0,0,0,1,1,"TMPF157",2887,157,NA,"Point",2392.591,NA,0.0348175002063244,0,0,0,1,"TMPF_157_2727","TMPF_156_2526",0.277930206922455,"TMPF_158_2628",1.74756790483278,"TMPF_159_2659",3.19421834125695,"TMPF_156_2526",0.277930206922455,NA,41.79828209,-111.518886,41.79827998,-111.5188878,NA,-147.447864868179,41.79829512,-111.5188978,NA,-34.123590903847,41.79829647,-111.5189193,NA,-60.0110486145978,41.79827998,-111.5188878,NA,-147.447864868179
"212","TMPF",145,"ABLA",5.2,NA,NA,2,"0",1,1,1,1,"BO","BO","BO","BO",0,0,0,0,"0","0","0","0",0,0,0,0,"0","0","0",NA,1,1,0,1,"0","0","0",NA,0,0,0,1,"0","0","0",NA,0,0,0,0,"0","0","0",NA,0,0,0,1,"0","0","0",NA,0,0,0,1,"0","0","0",NA,"2 DB","2 DB","2 DB","2 DB",1,2,3,4,NA,NA,NA,NA,1,1,0,1,0,"TMPF145",2876,145,NA,"Point",2394.034,NA,0.0311071786683934,1,1,0,1,"TMPF_145_2728","TMPF_143_2698",1.19004407939617,"TMPF_143_2698",1.19004407939617,"TMPF_143_2698",1.19004407939617,"TMPF_143_2698",1.19004407939617,NA,41.79831231,-111.518834,41.79831169,-111.5188197,NA,93.3160695398935,41.79831169,-111.5188197,NA,93.3160695398935,41.79831169,-111.5188197,NA,93.3160695398935,41.79831169,-111.5188197,NA,93.3160695398935
"213","TMPF",271,"ABLA",5.2,NA,NA,0,"0",1,1,1,1,"0","BO","BO","BO",0,0,0,0,"0","0","0","0",0,0,0,2,"0","0","0",NA,0,0,0,1,"0","0","0",NA,0,0,0,0,"0","0","0",NA,0,1,0,1,"0","0","0",NA,0,0,0,1,"0","0","0",NA,0,0,0,1,"0","0","0",NA,NA,NA,NA,NA,1,2,3,4,NA,NA,NA,NA,0,1,0,1,1,"TMPF271",4616,271,NA,"Point",2388.477,-16.928,0.0301664740297589,0,1,0,1,"TMPF_271_2729","TMPF_267_2676",3.09409765481704,"TMPF_267_2676",3.09409765481704,"TMPF_275_2713",3.47458332939495,"TMPF_274_2762",2.55759899059516,NA,41.7983481581667,-111.518985515167,41.7983522485,-111.519022354,NA,-81.5598482129482,41.7983522485,-111.519022354,NA,-81.5598482129482,41.7983687998333,-111.518954080667,NA,48.731556678565,41.7983490108333,-111.518954751667,NA,87.8787040906256
"214","TMPF",170,"ABLA",5.1,NA,NA,0,"0",1,1,1,1,"0","0","BO","BO",1,1,0,0,"0","0","0","0",0,0,0,1,"0","0","0",NA,0,0,0,0,"0","0","0",NA,0,0,0,0,"0","0","0",NA,0,0,0,1,"0","0","0",NA,0,0,0,0,"0","0","0",NA,0,0,0,1,"0","0","0",NA,NA,NA,NA,NA,1,2,3,4,NA,NA,NA,NA,0,0,0,1,1,"TMPF170",2900,170,NA,"Point",2392.338,NA,0.0365876590943687,0,0,0,1,"TMPF_170_2730","TMPF_176_2638",2.99760804595062,"TMPF_171_2744",0.344489268871415,"TMPF_176_2638",2.99760804595062,"TMPF_171_2744",0.344489268871415,NA,41.79827683,-111.5189528,41.79825609,-111.5189759,NA,-140.190947913364,41.7982742,-111.5189506,NA,147.955711931919,41.79825609,-111.5189759,NA,-140.190947913364,41.7982742,-111.5189506,NA,147.955711931919
"215","TMPF",350,"ABLA",4.9,NA,NA,0,"0",1,1,1,1,"0","0","0","BO",NA,NA,0,0,"0","0","0","0",0,0,0,1,"0","0","0",NA,0,0,0,1,"0","0","0",NA,0,0,0,0,"0","0","0",NA,0,0,0,1,"0","0","0",NA,0,0,0,0,"0","0","0",NA,0,0,0,0,"0","0","0",NA,NA,NA,NA,NA,1,2,3,4,NA,NA,NA,NA,0,0,0,1,1,"TMPF350",4710,350,NA,"Point",2386.742,-16.928,0.0176131377614231,0,0,0,1,"TMPF_350_2731","TMPF_342_2587",2.41453251147835,"TMPF_343_2660",0.724186339819042,"TMPF_349_2708",3.59639120906238,"TMPF_343_2660",0.724186339819042,NA,41.7985625566667,-111.519034772333,41.7985478708333,-111.519013337333,NA,132.477359561466,41.79855608,-111.519033739833,NA,173.197308400764,41.7985647646667,-111.518991584833,NA,86.0913770030332,41.79855608,-111.519033739833,NA,173.197308400764
"216","TMPF",421,"ABLA",4.9,NA,NA,0,"0",1,1,1,1,"0","0","BO","BO",0,0,1,1,"0","0","0","0",0,0,0,1,"0","0","0",NA,0,0,0,1,"0","0","0",NA,0,0,0,0,"0","0","0",NA,0,0,0,2,"0","0","0",NA,0,0,0,1,"0","0","0",NA,0,0,0,0,"0","0","0",NA,NA,NA,NA,NA,1,2,3,4,NA,NA,NA,NA,0,0,0,1,1,"TMPF421",4800,421,NA,"Point",2384.086,-16.928,0.0262772630557129,0,0,0,1,"TMPF_421_2732","TMPF_424_2725",3.72426993992675,"TMPF_423_2737",2.98771543398113,"TMPF_424_2725",3.72426993992675,"TMPF_420_2608",1.09364216222906,NA,41.7986185858333,-111.519140982333,41.7985919386667,-111.5191137545,NA,142.598813204009,41.7986009876667,-111.5191137765,NA,130.841687972836,41.7985919386667,-111.5191137545,NA,142.598813204009,41.7986123966667,-111.519151223,NA,-128.926979707399
"217","TMPF",152,"ABLA",4.8,NA,NA,1,"0",1,1,1,1,"BO","BO","BO","BO",1,0,0,0,"0","0","0","0",1,0,0,2,"0","0","0","3-1",0,0,0,1,"0","0","0",NA,0,0,0,1,"0","0","0",NA,0,1,0,2,"0","0","0","3-1",1,1,0,2,"0","0","0",NA,0,0,0,1,"0","0","0",NA,"1 DB","1 DB","1 DB","1 DB",1,2,3,4,NA,NA,NA,NA,1,1,0,1,0,"TMPF152",2882,152,NA,"Point",2394.305,NA,0.0352731222388912,1,1,0,1,"TMPF_152_2733","TMPF_156_2526",1.84296212373374,"TMPF_150_2724",2.02484120491505,"TMPF_150_2724",2.02484120491505,"TMPF_153_2775",0.224934924457331,NA,41.7982762,-111.5188662,41.79827998,-111.5188878,NA,-76.836972104898,41.79828714,-111.5188467,NA,53.1394363819193,41.79828714,-111.5188467,NA,53.1394363819193,41.79827605,-111.5188635,NA,94.2460489982377
"218","TMPF",214,"ABLA",4.8,NA,NA,0,"0",1,1,1,1,"BO","BO","BO","BO",0,0,0,0,"0","0","0","0",1,1,0,1,"0","0","0",NA,0,0,0,0,"0","0","0",NA,0,0,0,1,"0","0","0",NA,0,0,0,0,"0","0","0",NA,0,0,0,0,"0","0","0",NA,0,0,0,0,"0","0","0",NA,NA,NA,NA,NA,1,2,3,4,NA,NA,NA,NA,1,1,0,1,0,"TMPF214",2940,214,NA,"Point",2384.652,NA,0.0534404390102846,1,1,0,1,"TMPF_214_2734","TMPF_215_2687",1.89338223825081,"TMPF_211_2749",1.82132008405205,"TMPF_215_2687",1.89338223825081,"TMPF_215_2687",1.89338223825081,NA,41.79828671,-111.5193239,41.79830371,-111.5193221,NA,4.53010977724475,41.79829449,-111.5193046,NA,61.6882933084901,41.79830371,-111.5193221,NA,4.53010977724475,41.79830371,-111.5193221,NA,4.53010977724475
"219","TMPF",222,"ABLA",4.8,NA,NA,0,"0",1,1,1,1,"BO","BO","BO","BO",NA,NA,NA,NA,"0","0","0","0",0,0,0,0,"0","0","0",NA,0,0,0,1,"0","0","0",NA,0,0,0,0,"0","0","0",NA,0,0,0,1,"0","0","0",NA,1,0,0,1,"0","0","0",NA,0,1,0,1,"0","0","0",NA,NA,NA,NA,NA,1,2,3,4,NA,NA,NA,NA,1,1,0,1,0,"TMPF222",2948,222,NA,"Point",2383.171,NA,0.0474135237129798,1,1,0,1,"TMPF_222_2735","TMPF_218_2746",2.2481942643196,"TMPF_218_2746",2.2481942643196,"TMPF_218_2746",2.2481942643196,"TMPF_223_2757",0.462464889291112,NA,41.79836681,-111.5193117,41.79834889,-111.5193243,NA,-152.249361823415,41.79834889,-111.5193243,NA,-152.249361823415,41.79834889,-111.5193243,NA,-152.249361823415,41.79836321,-111.5193145,NA,-149.80054060439
"220","TMPF",199,"ABLA",4.7,NA,NA,1,"0",1,1,1,1,"BO","BO","BO","BO",0,1,0,0,"0","0","0","0",1,1,0,1,"0","0","0",NA,0,1,0,1,"0","0","0",NA,1,1,0,1,"0","0","0",NA,0,1,0,0,"0","0","0",NA,0,0,0,1,"0","0","0",NA,0,0,0,1,"0","0","0",NA,"1 DB","1 DB","1 DB","1 DB",1,2,3,4,NA,NA,NA,NA,1,1,0,1,0,"TMPF199",2926,199,NA,"Point",2383.116,NA,0.0457538094969987,1,1,0,1,"TMPF_199_2736","TMPF_197_2710",3.09969902827608,"TMPF_197_2710",3.09969902827608,"TMPF_197_2710",3.09969902827608,"TMPF_197_2710",3.09969902827608,NA,41.79828145,-111.5191881,41.79826916,-111.5191546,NA,116.117460123138,41.79826916,-111.5191546,NA,116.117460123138,41.79826916,-111.5191546,NA,116.117460123138,41.79826916,-111.5191546,NA,116.117460123138
"221","TMPF",423,"ABLA",4.6,NA,NA,0,"0",1,1,1,1,"0","BO","0","0",0,0,0,0,"0","0","0","0",0,0,0,0,"0","0","0",NA,0,0,0,0,"0","0","0",NA,0,0,0,0,"0","0","0",NA,0,1,0,0,"0","0","0",NA,0,0,0,0,"0","0","0",NA,0,0,0,0,"0","0","0",NA,NA,NA,NA,NA,1,2,3,4,NA,NA,NA,NA,0,1,0,0,1,"TMPF423",4803,423,NA,"Point",2381.933,-16.928,0.0238761475097485,0,1,0,0,"TMPF_423_2737","TMPF_424_2725",1.00468940659829,"TMPF_424_2725",1.00468940659829,"TMPF_424_2725",1.00468940659829,"TMPF_424_2725",1.00468940659829,NA,41.7986009876667,-111.5191137765,41.7985919386667,-111.5191137545,NA,179.895765555115,41.7985919386667,-111.5191137545,NA,179.895765555115,41.7985919386667,-111.5191137545,NA,179.895765555115,41.7985919386667,-111.5191137545,NA,179.895765555115
"222","TMPF",447,"ABLA",4.5,NA,NA,2,"0",1,1,1,1,"BO","BO","BO","BO",0,1,1,1,"0","0","0","0",2,2,2,2,"3-2","3-1","3–1","3-3",2,2,2,2,"3-0","3-0","3–0","3-0",1,1,0,2,"0","0","0",NA,2,2,2,2,"0","0","0",NA,2,2,2,2,"0","0","2–1","2-1",1,1,2,2,"0","0","0",NA,"2 DB","2 DB","2 DB","2 DB",1,2,3,4,NA,NA,NA,NA,1,1,1,1,0,"TMPF447",4829,447,NA,"Point",2387.433,-16.928,0.01346274098943,1,1,1,1,"TMPF_447_2738","TMPF_446_2621",0.829442084125211,"TMPF_446_2621",0.829442084125211,"TMPF_448_2711",3.04321091131102,"TMPF_446_2621",0.829442084125211,NA,41.7986909066667,-111.518919669667,41.7986847755,-111.5189139655,NA,145.15552117938,41.7986847755,-111.5189139655,NA,145.15552117938,41.7986721953333,-111.518892902833,NA,133.051692297936,41.7986847755,-111.5189139655,NA,145.15552117938
"223","TMPF",464,"ABLA",4.3,NA,NA,0,"0",1,1,1,1,"BO","BO","BO","BO",1,1,0,1,"0","0","0","0",1,1,2,2,"0","0","1–1","1-1",1,1,2,2,"0","0","0",NA,2,2,2,2,"0","3-1","3–0","3-0",2,2,2,2,"1-0","1-0","1–0","1-0",1,1,0,1,"0","0","0",NA,2,2,2,2,"1-1","1-1","1–1","1-1",NA,NA,NA,NA,1,2,3,4,NA,NA,NA,NA,1,1,1,1,0,"TMPF464",4850,464,NA,"Point",2386.145,-16.928,0.00442670969241972,1,1,1,1,"TMPF_464_2739","TMPF_346_2589",2.8306617113787,"TMPF_346_2589",2.8306617113787,"TMPF_462_2691",2.80019791906785,"TMPF_463_2627",1.10805176425883,NA,41.7986051355,-111.518876410833,41.798582274,-111.518891492167,NA,-153.727649981722,41.798582274,-111.518891492167,NA,-153.727649981722,41.7985838801667,-111.5188582685,NA,147.433915222974,41.7985970945,-111.518868511167,NA,143.679193759504
"224","TMPF",303,"ABLA",4.2,NA,NA,1,"0",1,1,1,1,"BO","BO","BO","BO",0,0,0,0,"0","0","0","0",1,1,0,1,"0","0","0",NA,0,0,0,0,"0","0","0",NA,0,0,0,0,"0","0","0",NA,0,0,0,0,"0","0","0",NA,0,0,0,1,"0","0","0",NA,0,0,0,1,"0","0","0",NA,"1 DB","1 DB","1 DB","1 DB",1,2,3,4,NA,NA,NA,NA,1,1,0,1,0,"TMPF303",4659,303,NA,"Point",2393.804,-16.928,0.0288368576805107,1,1,0,1,"TMPF_303_2740","TMPF_304_2726",0.250614203806589,"TMPF_304_2726",0.250614203806589,"TMPF_143_2698",2.48930946316687,"TMPF_304_2726",0.250614203806589,NA,41.798332683,-111.518830221,41.7983322995,-111.518833193667,NA,-99.7819309648819,41.7983322995,-111.518833193667,NA,-99.7819309648819,41.79831169,-111.5188197,NA,159.443087086305,41.7983322995,-111.518833193667,NA,-99.7819309648819
"225","TMPF",347,"ABLA",4.1,NA,NA,0,"0",1,1,1,1,"BO","BO","BO","BO",0,0,0,0,"0","0","0","0",1,1,2,2,"0","0","0",NA,0,0,0,1,"0","0","0",NA,0,0,0,1,"0","0","0",NA,0,0,0,1,"0","0","0",NA,0,0,0,0,"0","0","0",NA,0,0,0,0,"0","0","0",NA,NA,NA,NA,NA,1,2,3,4,NA,NA,NA,NA,1,1,1,1,0,"TMPF347",4706,347,NA,"Point",2386.356,-16.928,0.0095432959861338,1,1,1,1,"TMPF_347_2741","TMPF_345_2718",1.89193037700351,"TMPF_345_2718",1.89193037700351,"TMPF_345_2718",1.89193037700351,"TMPF_345_2718",1.89193037700351,NA,41.798588674,-111.518941038667,41.7985717761667,-111.518943976167,NA,-172.588524759073,41.7985717761667,-111.518943976167,NA,-172.588524759073,41.7985717761667,-111.518943976167,NA,-172.588524759073,41.7985717761667,-111.518943976167,NA,-172.588524759073
"226","TMPF",379,"ABLA",4.1,NA,NA,3,"0",1,1,1,1,"0","0","BO","BO",0,0,0,0,"0","0","0","0",0,0,0,1,"0","0","0",NA,0,0,0,0,"0","0","0",NA,0,0,0,0,"0","0","0",NA,0,0,0,0,"0","0","0",NA,0,0,0,0,"0","0","0",NA,0,0,0,0,"0","0","0",NA,"3 DB","3 DB","3 DB","3 DB",1,2,3,4,NA,NA,NA,NA,0,0,0,1,1,"TMPF379",4745,379,NA,"Point",2383.234,-16.928,0.0405845325705159,0,0,0,1,"TMPF_379_2742","TMPF_377_2682",0.732287862931764,"TMPF_377_2682",0.732287862931764,"TMPF_377_2682",0.732287862931764,"TMPF_380_2674",0.565655020949569,NA,41.7984587996667,-111.5192818215,41.7984571093333,-111.519273301667,NA,104.849663056454,41.7984571093333,-111.519273301667,NA,104.849663056454,41.7984571093333,-111.519273301667,NA,104.849663056454,41.7984537488333,-111.519282713333,NA,-172.473334423806
"227","TMPF",142,"ABLA",4,NA,NA,0,"0",1,1,1,1,"0","BO","BO","BO",NA,NA,NA,NA,"0","0","0","0",0,0,0,1,"0","0","0",NA,0,1,0,1,"0","0","0",NA,0,0,0,0,"0","0","0",NA,0,0,0,0,"0","0","0",NA,0,0,0,0,"0","0","0",NA,0,0,0,0,"0","0","0",NA,NA,NA,NA,NA,1,2,3,4,NA,NA,NA,NA,0,1,0,1,1,"TMPF142",2873,142,NA,"Point",2396.195,NA,0.0311480725955546,0,1,0,1,"TMPF_142_2743","TMPF_143_2698",1.10678179079771,"TMPF_143_2698",1.10678179079771,"TMPF_143_2698",1.10678179079771,"TMPF_141_2521",0.937776276477577,NA,41.79831226,-111.5188064,41.79831169,-111.5188197,NA,-93.2779499997597,41.79831169,-111.5188197,NA,-93.2779499997597,41.79831169,-111.5188197,NA,-93.2779499997597,41.79831331,-111.5187952,NA,82.858846086712
"228","TMPF",171,"ABLA",3.9,NA,NA,0,"0",1,1,1,1,"0","BO","BO","BO",1,1,0,0,"0","0","0","0",0,0,0,1,"0","0","0",NA,0,0,0,1,"0","0","0",NA,0,0,0,1,"0","0","0",NA,0,2,0,1,"0","3-2","3–2","3-1",0,0,0,1,"0","0","0",NA,0,0,0,1,"0","0","0",NA,NA,NA,NA,NA,1,2,3,4,NA,NA,NA,NA,0,1,0,1,1,"TMPF171",2901,171,NA,"Point",2392.551,NA,0.0368162906785386,0,1,0,1,"TMPF_171_2744","TMPF_176_2638",2.9087956622231,"TMPF_168_2806",2.28759904713005,"TMPF_176_2638",2.9087956622231,"TMPF_170_2730",0.344489268871415,NA,41.7982742,-111.5189506,41.79825609,-111.5189759,NA,-133.729203315799,41.79829128,-111.518966,NA,-34.0069897652215,41.79825609,-111.5189759,NA,-133.729203315799,41.79827683,-111.5189528,NA,-32.0442866017594
"229","TMPF",422,"ABLA",3.9,NA,NA,0,"0",1,1,1,1,"0","0","0","BO",0,0,0,0,"0","0","0","0",0,0,0,0,"0","0","0",NA,0,0,0,0,"0","0","0",NA,0,0,0,1,"0","0","0",NA,0,0,0,0,"0","0","0",NA,0,0,0,1,"0","0","0",NA,0,0,0,0,"0","0","0",NA,NA,NA,NA,NA,1,2,3,4,NA,NA,NA,NA,0,0,0,1,1,"TMPF422",4801,422,NA,"Point",2381.322,-16.928,0.0252763988890343,0,0,0,1,"TMPF_422_2745","TMPF_424_2725",1.69536403692325,"TMPF_423_2737",1.40824769288977,"TMPF_424_2725",1.69536403692325,"TMPF_424_2725",1.69536403692325,NA,41.7986004343333,-111.519130710833,41.7985919386667,-111.5191137545,NA,123.805238671158,41.7986009876667,-111.5191137765,NA,87.4996557302871,41.7985919386667,-111.5191137545,NA,123.805238671158,41.7985919386667,-111.5191137545,NA,123.805238671158
"230","TMPF",218,"ABLA",3.8,NA,NA,3,"0",1,1,1,1,"BO","BO","BO","BO",0,0,0,0,"0","0","0","0",1,1,2,2,"0","0","0",NA,1,1,2,2,"0","0","0",NA,0,0,0,1,"0","0","0",NA,0,0,0,1,"0","0","0",NA,2,2,2,2,"0","0","0",NA,0,1,0,1,"0","0","0",NA,"3 DB","3 DB","3 DB","3 DB",1,2,3,4,NA,NA,NA,NA,1,1,1,1,0,"TMPF218",2944,218,NA,"Point",2382.667,NA,0.0493659808903399,1,1,1,1,"TMPF_218_2746","TMPF_222_2735",2.2481942643196,"TMPF_222_2735",2.2481942643196,"TMPF_217_2680",3.65971061356266,"TMPF_223_2757",1.7862609997108,NA,41.79834889,-111.5193243,41.79836681,-111.5193117,NA,27.7506297785454,41.79836681,-111.5193117,NA,27.7506297785454,41.79831926,-111.519305,NA,154.014936034992,41.79836321,-111.5193145,NA,27.1168074149676
"231","TMPF",317,"ABLA",3.5,NA,NA,0,"0",1,1,1,1,"BR, BO","BO","BR, BO","BR, BO",0,0,0,0,"0","0","0","0",0,0,0,2,"0","0","0",NA,1,0,0,2,"0","0","0",NA,1,0,0,1,"0","0","0",NA,0,0,0,1,"0","0","0",NA,1,1,0,1,"0","0","0",NA,0,1,0,1,"0","0","0",NA,NA,NA,NA,NA,1,2,3,4,NA,NA,NA,NA,1,1,0,1,0,"TMPF317",4688,317,NA,"Point",2389.719,-16.928,0.00932866804317099,1,1,0,1,"TMPF_317_2747","TMPF_314_2678",4.05028508810173,"TMPF_310_2668",3.56500337287867,"TMPF_314_2678",4.05028508810173,"TMPF_312_2679",3.45685883700449,NA,41.798508543,-111.518814519167,41.7985450151667,-111.518815530833,NA,-1.1890579620079,41.7985333285,-111.518787239833,NA,39.4740229467456,41.7985450151667,-111.518815530833,NA,-1.1890579620079,41.798539466,-111.51880967,NA,6.69258443363458
"232","TMPF",302,"ABLA",3.4,NA,NA,0,"0",1,1,1,1,"BO","BO","BO","BO",0,1,0,1,"0","0","0","0",0,1,2,2,"0","0","0",NA,0,0,0,2,"0","0","0",NA,0,0,0,0,"0","0","0",NA,0,1,0,2,"0","0","0",NA,1,0,0,1,"0","0","0",NA,0,0,0,0,"0","0","0",NA,NA,NA,NA,NA,1,2,3,4,NA,NA,NA,NA,1,1,1,1,0,"TMPF302",4658,302,NA,"Point",2394.276,-16.928,0.0294305227511419,1,1,1,1,"TMPF_302_2748","TMPF_300_2722",0.594457744905008,"TMPF_300_2722",0.594457744905008,"TMPF_297_2673",1.24506516460239,"TMPF_300_2722",0.594457744905008,NA,41.7983297715,-111.518874161333,41.7983300861667,-111.518881304167,NA,-86.6307475168974,41.7983300861667,-111.518881304167,NA,-86.6307475168974,41.7983253973333,-111.5188879605,NA,-112.958357800663,41.7983300861667,-111.518881304167,NA,-86.6307475168974
"233","TMPF",211,"ABLA",3.3,NA,NA,0,"0",1,1,1,1,"0","BO","0","0",0,0,0,0,"0","0","0","0",0,0,0,0,"0","0","0",NA,0,0,0,0,"0","0","0",NA,0,0,0,0,"0","0","0",NA,0,0,0,0,"0","0","0",NA,0,0,0,0,"0","0","0",NA,0,1,0,0,"0","0","0",NA,NA,NA,NA,NA,1,2,3,4,NA,NA,NA,NA,0,1,0,0,1,"TMPF211",2937,211,NA,"Point",2382.868,NA,0.0516564511610835,0,1,0,0,"TMPF_211_2749","TMPF_215_2687",1.77813390441253,"TMPF_215_2687",1.77813390441253,"TMPF_215_2687",1.77813390441253,"TMPF_215_2687",1.77813390441253,NA,41.79829449,-111.5193046,41.79830371,-111.5193221,NA,-54.8512580037912,41.79830371,-111.5193221,NA,-54.8512580037912,41.79830371,-111.5193221,NA,-54.8512580037912,41.79830371,-111.5193221,NA,-54.8512580037912
"234","TMPF",162,"ABLA",3.2,NA,NA,0,"0",1,1,1,1,"0","0","0","BO",0,0,0,0,"0","0","0","0",0,0,0,1,"0","0","0",NA,0,0,0,0,"0","0","0",NA,0,0,0,0,"0","0","0",NA,0,0,0,0,"0","0","0",NA,0,0,0,0,"0","0","0",NA,0,0,0,0,"0","0","0",NA,NA,NA,NA,NA,1,2,3,4,NA,NA,NA,NA,0,0,0,1,1,"TMPF162",2892,162,NA,"Point",2389.997,NA,0.0325700915593016,0,0,0,1,"TMPF_162_2750","TMPF_160_2703",1.20475418576169,"TMPF_160_2703",1.20475418576169,"TMPF_159_2659",1.20483829463688,"TMPF_160_2703",1.20475418576169,NA,41.79830648,-111.5189137,41.79830635,-111.5189282,NA,-90.6864443838353,41.79830635,-111.5189282,NA,-90.6864443838353,41.79829647,-111.5189193,NA,-157.284706209522,41.79830635,-111.5189282,NA,-90.6864443838353
"235","TMPF",212,"ABLA",3,NA,NA,0,"0",1,1,1,1,"0","0","0","0",0,0,0,0,"0","0","0","0",0,0,0,0,"0","0","0",NA,0,0,0,0,"0","0","0",NA,0,0,0,0,"0","0","0",NA,0,0,0,0,"0","0","0",NA,0,0,0,0,"0","0","0",NA,0,0,0,0,"0","0","0",NA,NA,NA,NA,NA,1,2,3,4,NA,NA,NA,NA,0,0,0,0,0,"TMPF212",2938,212,NA,"Point",2385.131,NA,0.0529922203420995,0,0,0,0,"TMPF_212_2751","TMPF_214_2734",0.948380319064695,"TMPF_214_2734",0.948380319064695,"TMPF_215_2687",2.35574651899662,"TMPF_214_2734",0.948380319064695,NA,41.79828354,-111.5193133,41.79828671,-111.5193239,NA,-68.2156653051674,41.79828671,-111.5193239,NA,-68.2156653051674,41.79830371,-111.5193221,NA,-18.0803962979239,41.79828671,-111.5193239,NA,-68.2156653051674
"236","TMPF",281,"ABLA",3,NA,NA,0,"0",1,1,1,1,"0","0","0","BO",0,0,0,0,"0","0","0","0",0,0,0,0,"0","0","0",NA,0,0,0,0,"0","0","0",NA,0,0,0,1,"0","0","0",NA,0,0,0,0,"0","0","0",NA,0,0,0,0,"0","0","0",NA,0,0,0,0,"0","0","0",NA,NA,NA,NA,NA,1,2,3,4,NA,NA,NA,NA,0,0,0,1,1,"TMPF281",4628,281,NA,"Point",2392.937,-16.928,0.020882484629261,0,0,0,1,"TMPF_281_2752","TMPF_283_2565",2.74496013876871,"TMPF_283_2565",2.74496013876871,"TMPF_284_2689",2.90336115076017,"TMPF_283_2565",2.74496013876871,NA,41.7984140758333,-111.518906618667,41.7983989333333,-111.518880501167,NA,127.769043706537,41.7983989333333,-111.518880501167,NA,127.769043706537,41.7984091965,-111.518872286,NA,100.75387443567,41.7983989333333,-111.518880501167,NA,127.769043706537
"237","TMPF",382,"ABLA",3,NA,NA,0,"0",1,1,1,1,"BO","0","0","BO",0,1,0,0,"0","0","0","0",1,0,0,0,"0","0","0",NA,0,0,0,0,"0","0","0",NA,0,0,0,0,"0","0","0",NA,0,0,0,0,"0","0","0",NA,0,0,0,0,"0","0","0",NA,0,0,0,1,"0","0","0",NA,NA,NA,NA,NA,1,2,3,4,NA,NA,NA,NA,1,0,0,1,0,"TMPF382",4749,382,NA,"Point",2386.487,-16.928,0.0392729689011724,1,0,0,1,"TMPF_382_2753","TMPF_235_2690",0.832491832328105,"TMPF_235_2690",0.832491832328105,"TMPF_235_2690",0.832491832328105,"TMPF_235_2690",0.832491832328105,NA,41.7984328525,-111.519248944333,41.7984261193333,-111.5192533535,NA,-153.894673089716,41.7984261193333,-111.5192533535,NA,-153.894673089716,41.7984261193333,-111.5192533535,NA,-153.894673089716,41.7984261193333,-111.5192533535,NA,-153.894673089716
"238","TMPF",457,"ABLA",3,NA,NA,2,"0",1,1,1,1,"0","0","0","0",0,0,0,0,"0","0","0","0",0,0,0,0,"0","0","0",NA,0,0,0,0,"0","0","0",NA,0,0,0,0,"0","0","0",NA,0,0,0,0,"0","0","0",NA,0,0,0,0,"0","0","0",NA,0,0,0,0,"0","0","0",NA,"2 DB","2 DB","2 DB","2 DB",1,2,3,4,NA,NA,NA,NA,0,0,0,0,0,"TMPF457",4841,457,NA,"Point",2388.313,-16.928,0.005227287271558,0,0,0,0,"TMPF_457_2754","TMPF_459_2640",1.98077688205635,"TMPF_454_2643",0.134423647954056,"TMPF_459_2640",1.98077688205635,"TMPF_454_2643",0.134423647954056,NA,41.7986386898333,-111.5188186515,41.7986435288333,-111.5187957035,NA,74.2620425792517,41.7986394915,-111.518817439,NA,48.5368470844127,41.7986435288333,-111.5187957035,NA,74.2620425792517,41.7986394915,-111.518817439,NA,48.5368470844127
"239","TMPF",398,"ABLA",2.8,NA,NA,0,"0",1,1,1,1,"BO","0","0","BO",0,0,0,0,"0","0","0","0",1,0,0,1,"0","0","0",NA,1,0,0,0,"0","0","0",NA,0,0,0,0,"0","0","0",NA,0,0,0,0,"0","0","0",NA,0,0,0,1,"0","0","0",NA,0,0,0,0,"0","0","0",NA,NA,NA,NA,NA,1,2,3,4,NA,NA,NA,NA,1,0,0,1,0,"TMPF398",4771,398,NA,"Point",2380.077,-16.928,0.0456886000809002,1,0,0,1,"TMPF_398_2755","TMPF_402_2756",0.6204778224236,"TMPF_402_2756",0.6204778224236,"TMPF_386_2720",13.0315455415727,"TMPF_402_2756",0.6204778224236,NA,41.7986180908333,-111.519376050333,41.7986231775,-111.519372957167,NA,24.4667868087848,41.7986231775,-111.519372957167,NA,24.4667868087848,41.7985081508333,-111.519321121,NA,159.500935708214,41.7986231775,-111.519372957167,NA,24.4667868087848
"240","TMPF",402,"ABLA",2.8,NA,NA,0,"0",1,1,1,1,"BR, BO","BO","BO","BO",0,0,0,1,"0","0","0","0",0,0,0,0,"0","0","0",NA,1,1,0,1,"0","0","0",NA,0,0,0,0,"0","0","0",NA,1,0,0,1,"0","0","0",NA,1,1,0,1,"0","0","0",NA,1,0,0,1,"0","0","0",NA,NA,NA,NA,NA,1,2,3,4,NA,NA,NA,NA,1,1,0,1,0,"TMPF402",4774,402,NA,"Point",2380.235,-16.928,0.045472332200219,1,1,0,1,"TMPF_402_2756","TMPF_398_2755",0.6204778224236,"TMPF_403_2811",2.16826352099187,"TMPF_386_2720",13.4776857076951,"TMPF_398_2755",0.6204778224236,NA,41.7986231775,-111.519372957167,41.7986180908333,-111.519376050333,NA,-155.533211129575,41.798617282,-111.519348076333,NA,107.570746133778,41.7985081508333,-111.519321121,NA,161.36532541572,41.7986180908333,-111.519376050333,NA,-155.533211129575
"241","TMPF",223,"ABLA",2.7,NA,NA,0,"0",1,1,1,1,"0","0","0","BO",0,0,0,0,"0","0","0","0",0,0,0,1,"0","0","0",NA,0,0,0,0,"0","0","0",NA,0,0,0,0,"0","0","0",NA,0,0,0,0,"0","0","0",NA,0,0,0,0,"0","0","0",NA,0,0,0,0,"0","0","0",NA,NA,NA,NA,NA,1,2,3,4,NA,NA,NA,NA,0,0,0,1,1,"TMPF223",2949,223,NA,"Point",2383.268,NA,0.0478225233559249,0,0,0,1,"TMPF_223_2757","TMPF_222_2735",0.462464889291112,"TMPF_222_2735",0.462464889291112,"TMPF_218_2746",1.7862609997108,"TMPF_222_2735",0.462464889291112,NA,41.79836321,-111.5193145,41.79836681,-111.5193117,NA,30.1994575293783,41.79836681,-111.5193117,NA,30.1994575293783,41.79834889,-111.5193243,NA,-152.883186053224,41.79836681,-111.5193117,NA,30.1994575293783
"242","TMPF",263,"ABLA",2.7,NA,NA,0,"0",1,1,1,1,"0","BO","0","0",0,0,0,0,"0","0","0","0",0,1,0,0,"0","0","0",NA,0,0,0,0,"0","0","0",NA,0,0,0,0,"0","0","0",NA,0,0,0,0,"0","0","0",NA,0,0,0,0,"0","0","0",NA,0,0,0,0,"0","0","0",NA,NA,NA,NA,NA,1,2,3,4,NA,NA,NA,NA,0,1,0,0,1,"TMPF263",4604,263,NA,"Point",2385.073,-16.928,0.0327153950759268,0,1,0,0,"TMPF_263_2758","TMPF_266_2715",0.943942874163843,"TMPF_262_2688",0.550443511489307,"TMPF_266_2715",0.943942874163843,"TMPF_262_2688",0.550443511489307,NA,41.7983528873333,-111.519055956167,41.7983532248333,-111.519044603333,NA,87.7249233848086,41.7983527318333,-111.519062578333,NA,-91.79738667776,41.7983532248333,-111.519044603333,NA,87.7249233848086,41.7983527318333,-111.519062578333,NA,-91.79738667776
"243","TMPF",328,"ABLA",2.7,NA,NA,0,"0",1,1,1,1,"0","BO","BO","BO",0,1,1,1,"0","0","0","0",0,1,0,1,"0","0","0",NA,0,0,0,2,"0","0","0",NA,0,0,0,1,"0","0","0",NA,0,0,0,1,"0","0","0",NA,0,0,0,2,"0","0","0",NA,0,1,0,2,"0","0","0",NA,NA,NA,NA,NA,1,2,3,4,NA,NA,NA,NA,0,1,0,1,1,"TMPF328",4685,328,NA,"Point",2389.907,-16.928,0.0139794593972799,0,1,0,1,"TMPF_328_2759","TMPF_325_2791",2.81667604916261,"TMPF_325_2791",2.81667604916261,"TMPF_325_2791",2.81667604916261,"TMPF_327_2582",1.20332181733918,NA,41.798482163,-111.518908049333,41.7984979058333,-111.518881463667,NA,51.6437113167833,41.7984979058333,-111.518881463667,NA,51.6437113167833,41.7984979058333,-111.518881463667,NA,51.6437113167833,41.7984928036667,-111.518905297667,NA,10.9517205279454
"244","TMPF",334,"ABLA",2.7,NA,NA,0,"0",1,1,1,1,"BO","BR, BO","BO","BO",0,0,1,1,"0","0","0","0",1,0,0,0,"0","0","0",NA,0,0,0,2,"0","0","0",NA,0,0,0,1,"0","0","0",NA,1,1,0,1,"0","0","0",NA,0,1,0,2,"0","0","0",NA,2,2,0,1,"0","0","0",NA,NA,NA,NA,NA,1,2,3,4,NA,NA,NA,NA,1,1,0,1,0,"TMPF334",4693,334,NA,"Point",2387.74,-16.928,0.0201414409495427,1,1,0,1,"TMPF_334_2760","TMPF_335_2585",0.842882647815123,"TMPF_340_2785",3.24605168955745,"TMPF_326_2581",8.23450450067327,"TMPF_335_2585",0.842882647815123,NA,41.7984687345,-111.519004036833,41.7984650895,-111.519012936333,NA,-118.694040118779,41.7984979395,-111.5190022245,NA,2.65863695765469,41.7985217448333,-111.518934717667,NA,44.3773429297357,41.7984650895,-111.519012936333,NA,-118.694040118779
"245","TMPF",179,"ABLA",2.6,NA,NA,1,"0",1,1,1,1,"0","0","BO","BO",0,0,0,0,"0","0","0","0",0,0,0,0,"0","0","0",NA,0,0,0,0,"0","0","0",NA,0,0,0,0,"0","0","0",NA,0,0,0,1,"0","0","0",NA,0,0,0,1,"0","0","0",NA,0,0,0,0,"0","0","0",NA,"1 DB","1 DB","1 DB","1 DB",1,2,3,4,NA,NA,NA,NA,0,0,0,1,1,"TMPF179",2907,179,NA,"Point",2391.794,NA,0.0389328858584792,0,0,0,1,"TMPF_179_2761","TMPF_180_2656",1.40099050276065,"TMPF_180_2656",1.40099050276065,"TMPF_180_2656",1.40099050276065,"TMPF_180_2656",1.40099050276065,NA,41.79826882,-111.5190067,41.79826991,-111.5189899,NA,85.0445110577482,41.79826991,-111.5189899,NA,85.0445110577482,41.79826991,-111.5189899,NA,85.0445110577482,41.79826991,-111.5189899,NA,85.0445110577482
"246","TMPF",274,"ABLA",2.6,NA,NA,0,"0",1,1,1,1,"0","0","BO","BO",0,0,0,0,"0","0","0","0",0,0,0,1,"0","0","0",NA,0,0,0,0,"0","0","0",NA,0,0,0,1,"0","0","0",NA,0,0,0,0,"0","0","0",NA,0,0,0,1,"0","0","0",NA,0,0,0,0,"0","0","0",NA,NA,NA,NA,NA,1,2,3,4,NA,NA,NA,NA,0,0,0,1,1,"TMPF274",4619,274,NA,"Point",2388.823,-16.928,0.0290507424745378,0,0,0,1,"TMPF_274_2762","TMPF_273_2719",1.72431640135325,"TMPF_273_2719",1.72431640135325,"TMPF_275_2713",2.19782996415278,"TMPF_273_2719",1.72431640135325,NA,41.7983490108333,-111.518954751667,41.7983336493333,-111.518951697833,NA,171.538841188365,41.7983336493333,-111.518951697833,NA,171.538841188365,41.7983687998333,-111.518954080667,NA,1.45343793032058,41.7983336493333,-111.518951697833,NA,171.538841188365
"247","TMPF",408,"ABLA",2.6,NA,NA,0,"0",1,1,1,1,"0","BO","BO","BO",1,1,1,1,"0","0","0","0",0,0,0,1,"0","0","0",NA,0,0,0,1,"0","0","0",NA,0,0,0,1,"0","0","0",NA,0,1,0,0,"0","0","0",NA,0,0,0,0,"0","0","0",NA,0,0,0,0,"0","0","0",NA,NA,NA,NA,NA,1,2,3,4,NA,NA,NA,NA,0,1,0,1,1,"TMPF408",4782,408,NA,"Point",2382.735,-16.928,0.0362643391660842,0,1,0,1,"TMPF_408_2763","TMPF_407_2648",5.23019143993341,"TMPF_409_2602",0.248538879797838,"TMPF_370_2776",12.5805069318701,"TMPF_410_2603",2.10561705015684,NA,41.7986433023333,-111.519258027,41.79865119,-111.519320091833,NA,-80.3609198369786,41.7986438558333,-111.519255128333,NA,75.684569015667,41.7985631506667,-111.519150992,NA,135.021071933621,41.7986417911667,-111.519232763167,NA,94.5703132654945
"248","TMPF",417,"ABLA",2.5,NA,NA,2,"0",1,1,1,1,"0","0","0","BO",1,1,1,1,"0","0","0","0",0,0,0,1,"0","0","0",NA,0,0,0,1,"0","0","0",NA,0,0,0,0,"0","0","0",NA,0,0,0,0,"0","0","0",NA,0,0,0,1,"0","0","0",NA,0,0,0,0,"0","0","0",NA,NA,NA,NA,NA,1,2,3,4,NA,NA,NA,NA,0,0,0,1,1,"TMPF417",4794,417,NA,"Point",2382.155,-16.928,0.0306247843405295,0,0,0,1,"TMPF_417_2764","TMPF_424_2725",8.15645862145101,"TMPF_412_2700",3.64497910858998,"TMPF_424_2725",8.15645862145101,"TMPF_413_2604",2.7526653937282,NA,41.7986379811667,-111.519190255833,41.7985919386667,-111.5191137545,NA,128.810026362967,41.7986707721667,-111.5191923805,NA,-2.77578090611742,41.7985919386667,-111.5191137545,NA,128.810026362967,41.7986593065,-111.519173356667,NA,30.6668470022968
"249","TMPF",336,"ABLA",2.3,NA,NA,0,"0",1,1,1,1,"0","0","BO","BO",1,0,1,1,"0","0","0","0",0,0,0,0,"0","0","0",NA,0,0,0,1,"0","0","0",NA,0,0,0,2,"0","0","0",NA,0,0,0,1,"0","0","0",NA,0,0,0,2,"0","0","0",NA,0,0,0,1,"0","0","0",NA,NA,NA,NA,NA,1,2,3,4,NA,NA,NA,NA,0,0,0,1,1,"TMPF336",4696,336,NA,"Point",2388.013,-16.928,0.0236296472940524,0,0,0,1,"TMPF_336_2765","TMPF_335_2585",2.672325679249,"TMPF_334_2760",3.49795063381305,"TMPF_259_2701",8.83856236063354,"TMPF_335_2585",2.672325679249,NA,41.7984489825,-111.519036838,41.7984650895,-111.519012936333,NA,47.9946601519212,41.7984687345,-111.519004036833,NA,51.175064409907,41.7983853933333,-111.519100840833,NA,-143.014581689258,41.7984650895,-111.519012936333,NA,47.9946601519212
"250","TMPF",315,"ABLA",2.2,NA,NA,0,"0",1,NA,NA,NA,"0",NA,NA,NA,0,NA,NA,NA,"0",NA,NA,NA,0,NA,NA,NA,"0",NA,NA,NA,0,NA,NA,NA,"0",NA,NA,NA,0,NA,NA,NA,"0",NA,NA,NA,0,NA,NA,NA,"0",NA,NA,NA,0,NA,NA,NA,"0",NA,NA,NA,0,NA,NA,NA,"0",NA,NA,NA,NA,NA,NA,NA,1,NA,NA,NA,NA,NA,NA,NA,0,NA,NA,NA,NA,"TMPF315",4674,315,NA,"Point",2386.807,-16.928,0.00501687347033026,0,NA,NA,NA,"TMPF_315_2766","TMPF_314_2678",0.454202771218527,"TMPF_314_2678",0.454202771218527,"TMPF_314_2678",0.454202771218527,"TMPF_312_2679",0.978727083676887,NA,41.798548113,-111.518811960167,41.7985450151667,-111.518815530833,NA,-139.222279641332,41.7985450151667,-111.518815530833,NA,-139.222279641332,41.7985450151667,-111.518815530833,NA,-139.222279641332,41.798539466,-111.51880967,NA,168.79014204364
"251","TMPF",359,"ABLA",2.2,NA,NA,0,"0",1,1,1,1,"0","BO","BO","BO",1,1,0,0,"0","0","0","0",0,0,0,1,"0","0","0",NA,0,1,0,2,"0","0","0",NA,0,1,0,2,"0","0","0",NA,0,1,0,1,"0","0","0",NA,0,1,0,2,"0","0","0",NA,0,1,0,2,"0","0","0",NA,NA,NA,NA,NA,1,2,3,4,NA,NA,NA,NA,0,1,0,1,1,"TMPF359",4721,359,NA,"Point",2385.086,-16.928,0.0306243552692627,0,1,0,1,"TMPF_359_2767","TMPF_361_2593",3.65924067644528,"TMPF_361_2593",3.65924067644528,"TMPF_364_2637",5.67419080935285,"TMPF_361_2593",3.65924067644528,NA,41.7984886365,-111.51916843,41.7985189086667,-111.519185845333,NA,-23.2910363683674,41.7985189086667,-111.519185845333,NA,-23.2910363683674,41.7985372216667,-111.519147244,NA,18.0713251775935,41.7985189086667,-111.519185845333,NA,-23.2910363683674
"252","TMPF",443,"ABLA",2.2,NA,NA,0,"0",1,1,1,1,"BO","0","0","BO",1,1,1,1,"0","0","0","0",0,0,0,1,"0","0","0",NA,0,0,0,0,"0","0","0",NA,0,0,0,0,"0","0","0",NA,1,0,0,0,"0","0","0",NA,0,0,0,0,"0","0","0",NA,0,0,0,0,"0","0","0",NA,NA,NA,NA,NA,1,2,3,4,NA,NA,NA,NA,1,0,0,1,0,"TMPF443",4824,443,NA,"Point",2384.623,-16.928,0.00925661919938879,1,0,0,1,"TMPF_443_2768","TMPF_441_2620",2.0471221761692,"TMPF_442_2639",1.81286168741916,"TMPF_347_2741",3.28560676651389,"TMPF_442_2639",1.81286168741916,NA,41.7986175326667,-111.518932284833,41.7986226881667,-111.518955942333,NA,-73.7628764460048,41.7986264783333,-111.518950539167,NA,-56.7788966622784,41.798588674,-111.518941038667,NA,-167.211645820139,41.7986264783333,-111.518950539167,NA,-56.7788966622784
"253","TMPF",378,"ABLA",2.1,NA,NA,1,"0",1,1,1,1,"0","BO","BO","BO",0,1,1,1,"0","0","0","0",0,1,0,0,"0","0","0",NA,0,0,0,1,"0","0","0",NA,0,0,0,1,"0","0","0",NA,0,0,0,0,"0","0","0",NA,0,0,0,0,"0","0","0",NA,0,0,0,0,"0","0","0",NA,"1 DB","1 DB","1 DB","1 DB",1,2,3,4,NA,NA,NA,NA,0,1,0,1,1,"TMPF378",4743,378,NA,"Point",2382.027,-16.928,0.0389026579361397,0,1,0,1,"TMPF_378_2769","TMPF_393_2697",1.78256699973223,"TMPF_393_2697",1.78256699973223,"TMPF_393_2697",1.78256699973223,"TMPF_393_2697",1.78256699973223,NA,41.798483715,-111.519272255833,41.7984992573333,-111.5192776355,NA,-14.5207555000312,41.7984992573333,-111.5192776355,NA,-14.5207555000312,41.7984992573333,-111.5192776355,NA,-14.5207555000312,41.7984992573333,-111.5192776355,NA,-14.5207555000312
"254","TMPF",207,"ABLA",2,NA,NA,0,"0",1,1,1,1,"0","0","0","BO",0,0,0,0,"0","0","0","0",0,0,0,0,"0","0","0",NA,0,0,0,1,"0","0","0",NA,0,0,0,0,"0","0","0",NA,0,0,0,0,"0","0","0",NA,0,0,0,0,"0","0","0",NA,0,0,0,0,"0","0","0",NA,NA,NA,NA,NA,1,2,3,4,NA,NA,NA,NA,0,0,0,1,1,"TMPF207",NA,207,NA,"Point",2385.666,NA,0.0515157918978538,0,0,0,1,"TMPF_207_2770","TMPF_205_2635",1.30153129050501,"TMPF_205_2635",1.30153129050501,"TMPF_205_2635",1.30153129050501,"TMPF_205_2635",1.30153129050501,NA,41.79826445,-111.5192655,41.79827597,-111.5192684,NA,-10.667868604772,41.79827597,-111.5192684,NA,-10.667868604772,41.79827597,-111.5192684,NA,-10.667868604772,41.79827597,-111.5192684,NA,-10.667868604772
"255","TMPF",249,"ABLA",2,NA,NA,0,"0",1,1,1,1,"BO","BO","BO","BO",0,0,0,0,"0","0","0","0",0,0,0,0,"0","0","0",NA,1,1,0,1,"0","0","0",NA,2,2,0,2,"0","0","0",NA,0,0,0,0,"0","0","0",NA,0,0,0,0,"0","0","0",NA,2,2,2,2,"0","0","0",NA,NA,NA,NA,NA,1,2,3,4,NA,NA,NA,NA,1,1,1,1,0,"TMPF249",4586,249,NA,"Point",2401.075,-16.928,0.0405927823288281,1,1,1,1,"TMPF_249_2771","TMPF_240_2633",2.81858300663372,"TMPF_240_2633",2.81858300663372,"TMPF_240_2633",2.81858300663372,"TMPF_240_2633",2.81858300663372,NA,41.7983587376667,-111.519202683667,41.798360365,-111.519236539833,NA,-86.3246557308759,41.798360365,-111.519236539833,NA,-86.3246557308759,41.798360365,-111.519236539833,NA,-86.3246557308759,41.798360365,-111.519236539833,NA,-86.3246557308759
"256","TMPF",250,"ABLA",2,NA,NA,0,"0",1,1,1,1,"0","0","BO","BO",1,1,0,0,"0","0","0","0",0,0,0,0,"0","0","0",NA,0,0,0,1,"0","0","0",NA,0,0,0,1,"0","0","0",NA,0,0,0,0,"0","0","0",NA,0,0,0,0,"0","0","0",NA,0,0,0,0,"0","0","0",NA,NA,NA,NA,NA,1,2,3,4,NA,NA,NA,NA,0,0,0,1,1,"TMPF250",4588,250,NA,"Point",2407.888,-16.928,0.0439343998712035,0,0,0,1,"TMPF_250_2772","TMPF_197_2710",1.2349320140373,"TMPF_197_2710",1.2349320140373,"TMPF_197_2710",1.2349320140373,"TMPF_197_2710",1.2349320140373,NA,41.7982745935,-111.51914163,41.79826916,-111.5191546,NA,-119.242222314799,41.79826916,-111.5191546,NA,-119.242222314799,41.79826916,-111.5191546,NA,-119.242222314799,41.79826916,-111.5191546,NA,-119.242222314799
"257","TMPF",439,"ABLA",2,NA,NA,0,"0",1,1,1,1,"BO","BO","BO","BO",1,1,1,1,"0","0","0","0",1,0,0,1,"0","0","0",NA,0,1,0,1,"0","0","0",NA,0,0,0,0,"0","0","0",NA,0,0,0,1,"0","0","0",NA,2,2,2,2,"0","0","0",NA,0,0,0,1,"0","0","0",NA,NA,NA,NA,NA,1,2,3,4,NA,NA,NA,NA,1,1,1,1,0,"TMPF439",4820,439,NA,"Point",2386.222,-16.928,0.0145592084848547,1,1,1,1,"TMPF_439_2773","TMPF_436_2618",2.4602233720222,"TMPF_436_2618",2.4602233720222,"TMPF_436_2618",2.4602233720222,"TMPF_438_2619",1.74524081887597,NA,41.7986100706667,-111.518999953667,41.7986307816667,-111.519010481667,NA,-20.8255373000613,41.7986307816667,-111.519010481667,NA,-20.8255373000613,41.7986307816667,-111.519010481667,NA,-20.8255373000613,41.7986120273333,-111.519020797,NA,-82.849391315718
"258","TMPF",148,"ABLA",1.9,NA,NA,0,"0",1,1,1,1,"0","0","BO","BO",0,0,0,0,"0","0","0","0",0,0,0,0,"0","0","0",NA,0,0,0,1,"0","0","0",NA,0,0,0,1,"0","0","0",NA,0,0,0,1,"0","0","0",NA,0,0,0,1,"0","0","0",NA,0,0,0,0,"0","0","0",NA,NA,NA,NA,NA,1,2,3,4,NA,NA,NA,NA,0,0,0,1,1,"TMPF148",2878,148,NA,"Point",2393.705,NA,0.0334901731168608,0,0,0,1,"TMPF_148_2774","TMPF_152_2733",1.91146372981901,"TMPF_152_2733",1.91146372981901,"TMPF_150_2724",2.21775759560764,"TMPF_157_2727",1.64604877402333,NA,41.7982928,-111.5188723,41.7982762,-111.5188662,NA,164.625163789369,41.7982762,-111.5188662,NA,164.625163789369,41.79828714,-111.5188467,NA,106.460611944257,41.79828209,-111.518886,NA,-136.252915056693
"259","TMPF",153,"ABLA",1.9,NA,NA,1,"0",1,1,1,1,"0","0","BO","BO",0,0,0,0,"0","0","0","0",0,0,0,1,"0","0","0",NA,0,0,0,1,"0","0","0",NA,0,0,0,0,"0","0","0",NA,0,0,0,1,"0","0","0",NA,0,0,0,0,"0","0","0",NA,0,0,0,0,"0","0","0",NA,"1 DB","1 DB","1 DB","1 DB",1,2,3,4,NA,NA,NA,NA,0,0,0,1,1,"TMPF153",2883,153,NA,"Point",2393.779,NA,0.0352692958599364,0,0,0,1,"TMPF_153_2775","TMPF_152_2733",0.224934924457331,"TMPF_152_2733",0.224934924457331,"TMPF_150_2724",1.86124005365581,"TMPF_152_2733",0.224934924457331,NA,41.79827605,-111.5188635,41.7982762,-111.5188662,NA,-85.7539492021852,41.7982762,-111.5188662,NA,-85.7539492021852,41.79828714,-111.5188467,NA,48.5821556037127,41.7982762,-111.5188662,NA,-85.7539492021852
"260","TMPF",370,"ABLA",1.9,NA,NA,0,"0",1,1,1,1,"BR, BO","BR, BO","BR, BO","BR, BO",0,0,0,0,"0","0","0","0",1,1,0,1,"0","0","0",NA,1,1,0,2,"0","0","0",NA,2,2,2,1,"0","0","0",NA,0,0,0,1,"0","0","0",NA,0,1,0,1,"0","0","0",NA,0,0,0,1,"0","0","0",NA,NA,NA,NA,NA,1,2,3,4,NA,NA,NA,NA,1,1,1,1,0,"TMPF370",4733,370,NA,"Point",2380.633,-16.928,0.0271305260067739,1,1,1,1,"TMPF_370_2776","TMPF_369_2594",2.63433974838526,"TMPF_366_2654",2.33210762139928,"TMPF_364_2637",2.8956230064097,"TMPF_366_2654",2.33210762139928,NA,41.7985631506667,-111.519150992,41.7985749468333,-111.51912348,NA,60.1874458726391,41.7985516021667,-111.519127544833,NA,123.353525901991,41.7985372216667,-111.519147244,NA,173.826683743773,41.7985516021667,-111.519127544833,NA,123.353525901991
"261","TMPF",394,"ABLA",1.9,NA,NA,0,"0",1,1,1,1,"0","BO","BO","BO",1,1,1,1,"0","0","0","0",0,0,0,0,"0","0","0",NA,0,1,0,0,"0","0","0",NA,0,0,0,1,"0","0","0",NA,0,0,0,0,"0","0","0",NA,0,0,0,0,"0","0","0",NA,0,0,0,0,"0","0","0",NA,NA,NA,NA,NA,1,2,3,4,NA,NA,NA,NA,0,1,0,1,1,"TMPF394",4767,394,NA,"Point",2382.755,-16.928,0.0412518365385625,0,1,0,1,"TMPF_394_2777","TMPF_396_2657",2.71005545730362,"TMPF_396_2657",2.71005545730362,"TMPF_386_2720",6.51797974265455,"TMPF_396_2657",2.71005545730362,NA,41.7985668478333,-111.519322494667,41.7985574618333,-111.519352606333,NA,-112.61470167695,41.7985574618333,-111.519352606333,NA,-112.61470167695,41.7985081508333,-111.519321121,NA,178.996745293658,41.7985574618333,-111.519352606333,NA,-112.61470167695
"262","TMPF",147,"ABLA",1.8,NA,NA,0,"0",1,1,1,1,"0","0","0","0",0,0,0,1,"0","0","0","0",0,0,0,0,"0","0","0",NA,0,0,0,0,"0","0","0",NA,0,0,0,0,"0","0","0",NA,0,0,0,0,"0","0","0",NA,0,0,0,0,"0","0","0",NA,0,0,0,0,"0","0","0",NA,NA,NA,"bent","bent",1,2,3,4,NA,NA,NA,NA,0,0,0,0,0,"TMPF147",2877,147,NA,"Point",2394.063,NA,0.0336032322893143,0,0,0,0,"TMPF_147_2778","TMPF_150_2724",1.18781177792593,"TMPF_150_2724",1.18781177792593,"TMPF_150_2724",1.18781177792593,"TMPF_148_2774",1.0359860767292,NA,41.79829087,-111.5188601,41.79828714,-111.5188467,NA,110.404859964952,41.79828714,-111.5188467,NA,110.404859964952,41.79828714,-111.5188467,NA,110.404859964952,41.7982928,-111.5188723,NA,-78.0627820563245
"263","TMPF",389,"ABLA",1.8,NA,NA,0,"0",1,1,1,1,"0","0","0","0",0,0,1,1,"0","0","0","0",0,0,0,0,"0","0","0",NA,0,0,0,0,"0","0","0",NA,0,0,0,0,"0","0","0",NA,0,0,0,0,"0","0","0",NA,0,0,0,0,"0","0","0",NA,0,0,0,0,"0","0","0",NA,"Bent","Bent","Bent","Bent",1,2,3,4,NA,NA,NA,NA,0,0,0,0,0,"TMPF389",4760,389,NA,"Point",2381.865,-16.928,0.0409062970143738,0,0,0,0,"TMPF_389_2779","TMPF_386_2720",1.34082319526842,"TMPF_386_2720",1.34082319526842,"TMPF_386_2720",1.34082319526842,"TMPF_386_2720",1.34082319526842,NA,41.7985159648333,-111.519308815833,41.7985081508333,-111.519321121,NA,-130.318939825062,41.7985081508333,-111.519321121,NA,-130.318939825062,41.7985081508333,-111.519321121,NA,-130.318939825062,41.7985081508333,-111.519321121,NA,-130.318939825062
"264","TMPF",201,"ABLA",1.7,NA,NA,0,"0",1,1,1,1,"0","0","BO","BO",0,0,0,1,"0","0","0","0",0,0,0,0,"0","0","0",NA,0,1,0,0,"0","0","0",NA,0,0,0,0,"0","0","0",NA,0,0,0,0,"0","0","0",NA,0,1,0,0,"0","0","0",NA,0,0,0,1,"0","0","0",NA,NA,NA,NA,NA,1,2,3,4,NA,NA,NA,NA,0,1,0,1,1,"TMPF201",2928,201,NA,"Point",2385.788,NA,0.0482483064390651,0,1,0,1,"TMPF_201_2780","TMPF_202_2671",0.972691612918037,"TMPF_202_2671",0.972691612918037,"TMPF_202_2671",0.972691612918037,"TMPF_202_2671",0.972691612918037,NA,41.7982886,-111.5192421,41.79828828,-111.5192304,NA,92.093262740326,41.79828828,-111.5192304,NA,92.093262740326,41.79828828,-111.5192304,NA,92.093262740326,41.79828828,-111.5192304,NA,92.093262740326
"265","TMPF",329,"ABLA",1.7,NA,NA,0,"0",1,1,1,1,"0","0","0","BO",0,0,0,0,"0","0","0","0",0,0,0,0,"0","0","0",NA,0,0,0,1,"0","0","0",NA,0,0,0,2,"0","0","0",NA,0,0,0,0,"0","0","0",NA,0,0,0,0,"0","0","0",NA,0,0,0,0,"0","0","0",NA,NA,NA,NA,NA,1,2,3,4,NA,NA,NA,NA,0,0,0,1,1,"TMPF329",4686,329,NA,"Point",2389.292,-16.928,0.0133459912879139,0,0,0,1,"TMPF_329_2781","TMPF_325_2791",1.91782823615979,"TMPF_328_2759",1.35545249411422,"TMPF_325_2791",1.91782823615979,"TMPF_330_2583",1.18242545327502,NA,41.7984824378333,-111.5188917385,41.7984979058333,-111.518881463667,NA,26.4300940792708,41.798482163,-111.518908049333,NA,-91.2899504057483,41.7984979058333,-111.518881463667,NA,26.4300940792708,41.7984721665,-111.518887977833,NA,164.67853784355
"266","TMPF",254,"ABLA",1.6,NA,NA,0,"0",1,1,1,1,"0","BO","BO","BO",1,1,0,1,"0","0","0","0",0,0,0,1,"0","0","0",NA,0,0,0,1,"0","0","0",NA,0,0,0,0,"0","0","0",NA,0,1,0,1,"0","0","0",NA,0,0,0,1,"0","0","0",NA,0,0,0,1,"0","0","0",NA,NA,NA,NA,NA,1,2,3,4,NA,NA,NA,NA,0,1,0,1,1,"TMPF254",4595,254,NA,"Point",2386.722,-16.928,0.0364059876677058,0,1,0,1,"TMPF_254_2782","TMPF_259_2701",4.37851028103204,"TMPF_255_2554",0.374819342363297,"TMPF_259_2701",4.37851028103204,"TMPF_255_2554",0.374819342363297,NA,41.7983708171667,-111.519149810833,41.7983853933333,-111.519100840833,NA,68.3082205691539,41.7983701073333,-111.519145400167,NA,102.137822349744,41.7983853933333,-111.519100840833,NA,68.3082205691539,41.7983701073333,-111.519145400167,NA,102.137822349744
"267","TMPF",311,"ABLA",1.6,NA,NA,0,"0",1,1,1,1,"0","BO","BO","BO",0,0,0,0,"0","0","0","0",0,0,0,0,"0","0","0",NA,0,0,0,1,"0","0","0",NA,0,1,0,1,"0","0","0",NA,0,0,0,0,"0","0","0",NA,0,0,0,0,"0","0","0",NA,0,0,0,0,"0","0","0",NA,NA,NA,NA,NA,1,2,3,4,NA,NA,NA,NA,0,1,0,1,1,"TMPF311",4670,311,NA,"Point",2388.785,-16.928,0.00634820437766568,0,1,0,1,"TMPF_311_2783","TMPF_314_2678",1.64323358575792,"TMPF_310_2668",1.05777325047589,"TMPF_314_2678",1.64323358575792,"TMPF_312_2679",1.01697679682418,NA,41.798539027,-111.518797443167,41.7985450151667,-111.518815530833,NA,-66.1339769976458,41.7985333285,-111.518787239833,NA,126.736366590981,41.7985450151667,-111.518815530833,NA,-66.1339769976458,41.798539466,-111.51880967,NA,-87.2529050727425
"268","TMPF",333,"ABLA",1.6,NA,NA,0,"0",1,1,1,1,"0","0","0","BO",0,0,0,0,"0","0","0","0",0,0,0,0,"0","0","0",NA,0,0,0,2,"0","0","0",NA,0,0,0,2,"0","0","0",NA,0,0,0,0,"0","0","0",NA,0,0,0,1,"0","0","0",NA,0,0,0,1,"0","0","0",NA,NA,NA,NA,NA,1,2,3,4,NA,NA,NA,NA,0,0,0,1,1,"TMPF333",4692,333,NA,"Point",2387.49,-16.928,0.0195852970627335,0,0,0,1,"TMPF_333_2784","TMPF_332_2584",1.59759298567809,"TMPF_332_2584",1.59759298567809,"TMPF_326_2581",8.17043549876548,"TMPF_332_2584",1.59759298567809,NA,41.7984537918333,-111.518972463833,41.7984589105,-111.518954492167,NA,69.1617670993814,41.7984589105,-111.518954492167,NA,69.1617670993814,41.7985217448333,-111.518934717667,NA,22.5703864498564,41.7984589105,-111.518954492167,NA,69.1617670993814
"269","TMPF",340,"ABLA",1.6,NA,NA,0,"0",1,1,1,1,"BR, BO","BR, BO","BO","BO",1,1,0,1,"0","0","0","0",1,2,0,0,"0","0","0",NA,1,1,0,1,"0","0","0",NA,0,0,0,0,"0","0","0",NA,0,0,0,0,"0","0","0",NA,0,0,0,0,"0","0","0",NA,0,0,0,0,"0","0","0",NA,NA,NA,NA,NA,1,2,3,4,NA,NA,NA,NA,1,1,0,1,0,"TMPF340",4699,340,NA,"Point",2387.228,-16.928,0.0179663395254311,1,1,0,1,"TMPF_340_2785","TMPF_334_2760",3.24605168955745,"TMPF_334_2760",3.24605168955745,"TMPF_326_2581",6.20006516505699,"TMPF_334_2760",3.24605168955745,NA,41.7984979395,-111.5190022245,41.7984687345,-111.519004036833,NA,-177.341361834402,41.7984687345,-111.519004036833,NA,-177.341361834402,41.7985217448333,-111.518934717667,NA,64.7674243440116,41.7984687345,-111.519004036833,NA,-177.341361834402
"270","TMPF",415,"ABLA",1.6,NA,NA,0,"0",1,1,1,1,"0","0","0","BO",0,0,0,0,"0","0","0","0",0,0,0,0,"0","0","0",NA,0,0,0,1,"0","0","0",NA,0,0,0,0,"0","0","0",NA,0,0,0,0,"0","0","0",NA,0,0,0,1,"0","0","0",NA,0,0,0,1,"0","0","0",NA,NA,NA,NA,NA,1,2,3,4,NA,NA,NA,NA,0,0,0,1,1,"TMPF415",4792,415,NA,"Point",2379.877,-16.928,0.0292604510754448,0,0,0,1,"TMPF_415_2786","TMPF_424_2725",9.10542935423586,"TMPF_412_2700",2.35419002002804,"TMPF_424_2725",9.10542935423586,"TMPF_414_2816",0.702495359061874,NA,41.7986642691667,-111.519165409667,41.7985919386667,-111.5191137545,NA,151.880350176066,41.7986707721667,-111.5191923805,NA,-72.1399898952848,41.7985919386667,-111.5191137545,NA,151.880350176066,41.7986580161667,-111.519166701,NA,-171.215498364833
"271","TMPF",450,"ABLA",1.6,NA,NA,0,"0",1,1,1,1,"BO","BO","BO","BO",1,0,0,0,"0","0","0","0",0,0,0,0,"0","0","0",NA,1,1,0,1,"0","0","0",NA,0,1,0,0,"0","0","0",NA,0,0,0,0,"0","0","0",NA,0,0,0,1,"0","0","0",NA,0,0,0,1,"0","0","0",NA,NA,NA,NA,NA,1,2,3,4,NA,NA,NA,NA,1,1,0,1,0,"TMPF450",4834,450,NA,"Point",2385.932,-16.928,0.00988716663205584,1,1,0,1,"TMPF_450_2787","TMPF_451_2801",0.926295470613101,"TMPF_451_2801",0.926295470613101,"TMPF_451_2801",0.926295470613101,"TMPF_453_2623",0.213059536385047,NA,41.7986794446667,-111.5188476185,41.7986832533333,-111.518837698667,NA,62.8376182630796,41.7986832533333,-111.518837698667,NA,62.8376182630796,41.7986832533333,-111.518837698667,NA,62.8376182630796,41.7986780436667,-111.518845866,NA,136.892708516248
"272","TMPF",253,"ABLA",1.5,NA,NA,0,"0",1,1,1,1,"0","0","BO","BO",0,0,0,0,"0","0","0","0",0,0,0,0,"0","0","0",NA,0,0,0,1,"0","0","0",NA,0,0,0,2,"0","0","0",NA,0,0,0,0,"0","0","0",NA,0,0,0,1,"0","0","0",NA,0,0,0,0,"0","0","0",NA,NA,NA,NA,NA,1,2,3,4,NA,NA,NA,NA,0,0,0,1,1,"TMPF253",4593,253,NA,"Point",2386.86,-16.928,0.0358426237913709,0,0,0,1,"TMPF_253_2788","TMPF_249_2771",4.75362898860518,"TMPF_254_2782",1.8235821481925,"TMPF_249_2771",4.75362898860518,"TMPF_252_2553",1.53467159425161,NA,41.7983859106667,-111.519158466833,41.7983587376667,-111.519202683667,NA,-129.394939198949,41.7983708171667,-111.519149810833,NA,156.774053769411,41.7983587376667,-111.519202683667,NA,-129.394939198949,41.7983760565,-111.5191714205,NA,-135.472205566558
"273","TMPF",286,"ABLA",1.5,NA,NA,1,"0",1,1,1,1,"BO","BO","0","BO",0,0,0,0,"0","0","0","0",0,0,0,1,"0","0","0",NA,0,1,0,1,"0","0","0",NA,1,1,0,2,"0","0","0",NA,1,1,0,0,"0","0","0",NA,0,0,0,1,"0","0","0",NA,0,0,0,0,"0","0","0",NA,"WOB","WOB","WOB","WOB",1,2,3,4,NA,NA,NA,NA,1,1,0,1,0,"TMPF286",4637,286,NA,"Point",2386.603,-16.928,0.0217185671642045,1,1,0,1,"TMPF_286_2789","TMPF_288_2677",1.10381652331284,"TMPF_287_2567",0.390070117092337,"TMPF_292_2632",4.64555603612915,"TMPF_287_2567",0.390070117092337,NA,41.7983989046667,-111.518786571167,41.7983889805,-111.5187857795,NA,176.583949235186,41.7983987493333,-111.518791261667,NA,-92.5340581987416,41.7983575263333,-111.518778274333,NA,171.466977753271,41.7983987493333,-111.518791261667,NA,-92.5340581987416
"274","TMPF",289,"ABLA",1.5,NA,NA,0,"0",1,1,1,1,"0","0","BO","BO",0,0,0,0,"0","0","0","0",0,0,0,0,"0","0","0",NA,0,0,0,1,"0","0","0",NA,0,0,0,0,"0","0","0",NA,0,0,0,1,"0","0","0",NA,0,0,0,1,"0","0","0",NA,0,0,0,0,"0","0","0",NA,NA,NA,NA,NA,1,2,3,4,NA,NA,NA,NA,0,0,0,1,1,"TMPF289",4641,289,NA,"Point",2396.298,-16.928,0.0223819978815745,0,0,0,1,"TMPF_289_2790","TMPF_288_2677",1.68948236623082,"TMPF_287_2567",1.4712389438877,"TMPF_292_2632",4.39317925279622,"TMPF_287_2567",1.4712389438877,NA,41.7983912733333,-111.518805882833,41.7983889805,-111.5187857795,NA,98.6662021544201,41.7983987493333,-111.518791261667,NA,55.6547273575935,41.7983575263333,-111.518778274333,NA,148.52604274204,41.7983987493333,-111.518791261667,NA,55.6547273575935
"275","TMPF",325,"ABLA",1.5,NA,NA,0,"0",1,1,1,1,"BO","BO","BO","BO",1,1,1,1,"0","0","0","0",0,1,0,1,"0","0","0",NA,1,0,0,2,"0","0","0",NA,0,0,0,0,"0","0","0",NA,0,1,0,1,"0","0","0",NA,2,2,2,2,"0","0","0",NA,1,1,0,0,"0","0","0",NA,NA,NA,NA,NA,1,2,3,4,NA,NA,NA,NA,1,1,1,1,0,"TMPF325",4681,325,NA,"Point",2389.705,-16.928,0.0114284100889382,1,1,1,1,"TMPF_325_2791","TMPF_326_2581",5.15561817010064,"TMPF_322_2580",2.38922424840792,"TMPF_326_2581",5.15561817010064,"TMPF_329_2781",1.91782823615979,NA,41.7984979058333,-111.518881463667,41.7985217448333,-111.518934717667,NA,-59.1108401701706,41.7985179223333,-111.518892021667,NA,-21.538866654592,41.7985217448333,-111.518934717667,NA,-59.1108401701706,41.7984824378333,-111.5188917385,NA,-153.569899072421
"276","TMPF",331,"ABLA",1.5,NA,NA,0,"0",1,1,1,1,"BO","0","BO","BO",1,0,0,0,"0","0","0","0",0,0,0,0,"0","0","0",NA,1,0,0,2,"0","0","0",NA,0,0,0,1,"0","0","0",NA,0,0,0,1,"0","0","0",NA,0,0,0,1,"0","0","0",NA,0,0,0,2,"0","0","0",NA,NA,NA,NA,NA,1,2,3,4,NA,NA,NA,NA,1,0,0,1,0,"TMPF331",4690,331,NA,"Point",2388.472,-16.928,0.0182206223958121,1,0,0,1,"TMPF_331_2792","TMPF_332_2584",1.69226524799208,"TMPF_332_2584",1.69226524799208,"TMPF_325_2791",6.99979682755408,"TMPF_332_2584",1.69226524799208,NA,41.7984507086667,-111.518937323667,41.7984589105,-111.518954492167,NA,-57.4447601669838,41.7984589105,-111.518954492167,NA,-57.4447601669838,41.7984979058333,-111.518881463667,NA,41.5290669415287,41.7984589105,-111.518954492167,NA,-57.4447601669838
"277","TMPF",390,"ABLA",1.5,NA,NA,0,"0",1,1,1,1,"BO","BO","BO","BO",0,0,0,0,"0","0","0","0",0,1,0,1,"0","0","0",NA,1,1,0,1,"0","0","0",NA,0,0,0,1,"0","0","0",NA,0,0,0,0,"0","0","0",NA,0,0,0,0,"0","0","0",NA,0,0,0,0,"0","0","0",NA,NA,NA,NA,NA,1,2,3,4,NA,NA,NA,NA,1,1,0,1,0,"TMPF390",4761,390,NA,"Point",2382.381,-16.928,0.0398713232323404,1,1,0,1,"TMPF_390_2793","TMPF_392_2650",1.07872228726108,"TMPF_392_2650",1.07872228726108,"TMPF_392_2650",1.07872228726108,"TMPF_392_2650",1.07872228726108,NA,41.7985071186667,-111.519293315,41.798511399,-111.519281658833,NA,63.8608072752247,41.798511399,-111.519281658833,NA,63.8608072752247,41.798511399,-111.519281658833,NA,63.8608072752247,41.798511399,-111.519281658833,NA,63.8608072752247
"278","TMPF",397,"ABLA",1.5,NA,NA,0,"0",1,1,1,1,"0","0","0","BO",0,0,0,0,"0","0","0","0",0,0,0,1,"0","0","0",NA,0,0,0,1,"0","0","0",NA,0,0,0,0,"0","0","0",NA,0,0,0,0,"0","0","0",NA,0,0,0,1,"0","0","0",NA,0,0,0,0,"0","0","0",NA,NA,NA,NA,NA,1,2,3,4,NA,NA,NA,NA,0,0,0,1,1,"TMPF397",4770,397,NA,"Point",2379.46,-16.928,0.0444418080951544,0,0,0,1,"TMPF_397_2794","TMPF_403_2811",2.07608611105095,"TMPF_403_2811",2.07608611105095,"TMPF_386_2720",10.9305477277332,"TMPF_403_2811",2.07608611105095,NA,41.7986017361667,-111.519361962833,41.798617282,-111.519348076333,NA,33.7593154430196,41.798617282,-111.519348076333,NA,33.7593154430196,41.7985081508333,-111.519321121,NA,161.914959749761,41.798617282,-111.519348076333,NA,33.7593154430196
"279","TMPF",399,"ABLA",1.5,NA,NA,0,"0",1,1,1,1,"0","0","0","0",0,0,0,0,"0","0","0","0",0,0,0,0,"0","0","0",NA,0,0,0,0,"0","0","0",NA,0,0,0,0,"0","0","0",NA,0,0,0,0,"0","0","0",NA,0,0,0,0,"0","0","0",NA,0,0,0,0,"0","0","0",NA,NA,NA,NA,NA,1,2,3,4,NA,NA,NA,NA,0,0,0,0,0,"TMPF399",4772,399,NA,"Point",2380.042,-16.928,0.0460649414010676,0,0,0,0,"TMPF_399_2795","TMPF_398_2755",0.407908906411671,"TMPF_402_2756",0.732560735065608,"TMPF_386_2720",13.3310316824548,"TMPF_398_2755",0.407908906411671,NA,41.7986197091667,-111.519380458167,41.7986180908333,-111.519376050333,NA,116.13510124854,41.7986231775,-111.519372957167,NA,58.2870856126465,41.7985081508333,-111.519321121,NA,158.297028292166,41.7986180908333,-111.519376050333,NA,116.13510124854
"280","TMPF",138,"ABLA",1.4,NA,NA,0,"0",1,1,1,1,"0","0","BO","BO",0,0,0,0,"0","0","0","0",0,0,0,0,"0","0","0",NA,0,0,0,0,"0","0","0",NA,0,0,0,0,"0","0","0",NA,0,0,0,1,"0","0","0",NA,0,0,0,1,"0","0","0",NA,0,0,0,1,"0","0","0",NA,NA,NA,NA,NA,1,2,3,4,NA,NA,NA,NA,0,0,0,1,1,"TMPF138",2869,138,NA,"Point",2394.878,NA,0.0364404029996786,0,0,0,1,"TMPF_138_2796","TMPF_137_2644",0.500036269873112,"TMPF_137_2644",0.500036269873112,"TMPF_137_2644",0.500036269873112,"TMPF_137_2644",0.500036269873112,NA,41.79826449,-111.5188104,41.79826538,-111.5188045,NA,78.6024975281474,41.79826538,-111.5188045,NA,78.6024975281474,41.79826538,-111.5188045,NA,78.6024975281474,41.79826538,-111.5188045,NA,78.6024975281474
"281","TMPF",245,"ABLA",1.4,NA,NA,0,"0",1,1,1,1,"BO","BO","BO","BO",1,1,1,1,"0","0","0","0",1,1,0,0,"0","0","0",NA,1,1,0,1,"0","0","0",NA,0,0,0,1,"0","0","0",NA,0,1,0,0,"0","0","0",NA,1,1,0,1,"0","0","0",NA,1,0,0,0,"0","0","0",NA,NA,NA,NA,NA,1,2,3,4,NA,NA,NA,NA,1,1,0,1,0,"TMPF245",4582,245,NA,"Point",2382.622,-16.928,0.0439095545208176,1,1,0,1,"TMPF_245_2797","TMPF_247_2652",1.09153499829638,"TMPF_247_2652",1.09153499829638,"TMPF_247_2652",1.09153499829638,"TMPF_247_2652",1.09153499829638,NA,41.7983191601667,-111.519208931833,41.7983270325,-111.519201062,NA,36.7983284919502,41.7983270325,-111.519201062,NA,36.7983284919502,41.7983270325,-111.519201062,NA,36.7983284919502,41.7983270325,-111.519201062,NA,36.7983284919502
"282","TMPF",362,"ABLA",1.4,NA,NA,0,"0",1,1,1,1,"BO","BO","BO","BO",0,0,0,1,"0","0","0","0",1,1,0,1,"0","0","0",NA,0,0,0,1,"0","0","0",NA,0,0,0,0,"0","0","0",NA,0,1,0,0,"0","0","0",NA,1,1,0,1,"0","0","0",NA,0,0,0,1,"0","0","0",NA,NA,NA,NA,NA,1,2,3,4,NA,NA,NA,NA,1,1,0,1,0,"TMPF362",4724,362,NA,"Point",2385.864,-16.928,0.024525428595823,1,1,0,1,"TMPF_362_2798","TMPF_363_2662",2.3008869480293,"TMPF_363_2662",2.3008869480293,"TMPF_364_2637",3.53991885380641,"TMPF_363_2662",2.3008869480293,NA,41.7985250098333,-111.519107884833,41.7985295191667,-111.519134916,NA,-77.4322153242905,41.7985295191667,-111.519134916,NA,-77.4322153242905,41.7985372216667,-111.519147244,NA,-67.4792972404772,41.7985295191667,-111.519134916,NA,-77.4322153242905
"283","TMPF",400,"ABLA",1.4,NA,NA,0,"0",1,1,1,1,"0","0","0","0",0,0,0,0,"0","0","0","0",0,0,0,0,"0","0","0",NA,0,0,0,0,"0","0","0",NA,0,0,0,0,"0","0","0",NA,0,0,0,0,"0","0","0",NA,0,0,0,0,"0","0","0",NA,0,0,0,0,"0","0","0",NA,NA,NA,NA,NA,1,2,3,4,NA,NA,NA,NA,0,0,0,0,0,"TMPF400",4773,400,NA,"Point",2379.681,-16.928,0.0465014236461355,0,0,0,0,"TMPF_400_2799","TMPF_398_2755",0.814737026210981,"TMPF_402_2756",1.17996446244163,"TMPF_386_2720",13.3975234853094,"TMPF_398_2755",0.814737026210981,NA,41.7986186798333,-111.519385825333,41.7986180908333,-111.519376050333,NA,94.6038176721455,41.7986231775,-111.519372957167,NA,64.9630154979433,41.7985081508333,-111.519321121,NA,156.344133322834,41.7986180908333,-111.519376050333,NA,94.6038176721455
"284","TMPF",411,"ABLA",1.4,NA,NA,0,"0",1,1,1,1,"0","0","0","BO",1,1,1,1,"0","0","0","0",0,0,0,1,"0","0","0",NA,0,0,0,0,"0","0","0",NA,0,0,0,0,"0","0","0",NA,0,0,0,0,"0","0","0",NA,0,0,0,0,"0","0","0",NA,0,0,0,0,"0","0","0",NA,NA,NA,NA,NA,1,2,3,4,NA,NA,NA,NA,0,0,0,1,1,"TMPF411",4785,411,NA,"Point",2377.73,-16.928,0.0343949883215939,0,0,0,1,"TMPF_411_2800","TMPF_407_2648",7.78630938070635,"TMPF_412_2700",3.04981134875157,"TMPF_424_2725",12.6451373361283,"TMPF_410_2603",2.77768904902594,NA,41.7986666208333,-111.519228668167,41.79865119,-111.519320091833,NA,-102.710953600635,41.7986707721667,-111.5191923805,NA,81.307681844322,41.7985919386667,-111.5191137545,NA,130.974852800037,41.7986417911667,-111.519232763167,NA,-172.964713351211
"285","TMPF",451,"ABLA",1.4,NA,NA,0,"0",1,1,1,1,"BO","BO","BO","BO",1,1,1,1,"0","0","0","0",2,2,2,2,"1-1","1-2","1–2","1-3",2,2,2,2,"3-0","3-0","3–0","3-1",0,0,0,1,"0","0","0",NA,1,1,0,2,"0","0","0",NA,2,2,2,2,"0","0","0",NA,0,0,0,1,"0","0","0",NA,NA,NA,NA,NA,1,2,3,4,NA,NA,NA,NA,1,1,1,1,0,"TMPF451",4835,451,NA,"Point",2386.074,-16.928,0.0101931432981273,1,1,1,1,"TMPF_451_2801","TMPF_450_2787",0.926295470613101,"TMPF_450_2787",0.926295470613101,"TMPF_448_2711",4.74785154765121,"TMPF_453_2623",0.891619376312923,NA,41.7986832533333,-111.518837698667,41.7986794446667,-111.5188476185,NA,-117.1623751252,41.7986794446667,-111.5188476185,NA,-117.1623751252,41.7986721953333,-111.518892902833,NA,-104.986333642902,41.7986780436667,-111.518845866,NA,-130.445573330124
"286","TMPF",220,"ABLA",1.3,NA,NA,0,"0",1,1,1,1,"0","0","0","0",0,0,0,0,"0","0","0","0",0,0,0,0,"0","0","0",NA,0,0,0,0,"0","0","0",NA,0,0,0,0,"0","0","0",NA,0,0,0,0,"0","0","0",NA,0,0,0,0,"0","0","0",NA,0,0,0,0,"0","0","0",NA,"split injury","split injury",NA,NA,1,2,3,4,NA,NA,NA,NA,0,0,0,0,0,"TMPF220",2946,220,NA,"Point",2387.512,NA,0.0476521342602019,0,0,0,0,"TMPF_220_2802","TMPF_225_2693",1.40351279225515,"TMPF_225_2693",1.40351279225515,"TMPF_225_2693",1.40351279225515,"TMPF_225_2693",1.40351279225515,NA,41.79837859,-111.5193245,41.798379964,-111.519341293333,NA,-83.760026393863,41.798379964,-111.519341293333,NA,-83.760026393863,41.798379964,-111.519341293333,NA,-83.760026393863,41.798379964,-111.519341293333,NA,-83.760026393863
"287","TMPF",296,"ABLA",1.3,NA,NA,0,"0",1,1,1,1,"BO","BR, BO","BO","BO",0,1,0,0,"0","0","0","0",0,2,2,2,"0","0","0",NA,1,1,2,2,"0","0","0",NA,0,1,0,1,"0","0","0",NA,0,0,0,1,"0","0","0",NA,0,1,0,2,"0","0","0",NA,0,0,0,1,"0","0","0",NA,NA,NA,NA,NA,1,2,3,4,NA,NA,NA,NA,1,1,1,1,0,"TMPF296",4651,296,NA,"Point",2390.111,-16.928,0.0258481474623208,1,1,1,1,"TMPF_296_2803","TMPF_282_2564",2.23335958656018,"TMPF_295_2571",3.01898942241295,"TMPF_295_2571",3.01898942241295,"TMPF_282_2564",2.23335958656018,NA,41.7983686656667,-111.5189125015,41.7983749043333,-111.518886945167,NA,71.9320727320291,41.7983605423333,-111.518877822833,NA,107.382333549024,41.7983605423333,-111.518877822833,NA,107.382333549024,41.7983749043333,-111.518886945167,NA,71.9320727320291
"288","TMPF",341,"ABLA",1.3,NA,NA,0,"0",1,1,1,1,"BO","BO","BO","BO",0,0,0,0,"0","0","0","0",1,0,0,1,"0","0","0",NA,1,1,0,2,"0","0","0",NA,0,0,0,1,"0","0","0",NA,0,0,0,0,"0","0","0",NA,2,2,0,2,"0","0","0",NA,0,0,0,1,"0","0","0",NA,NA,NA,NA,NA,1,2,3,4,NA,NA,NA,NA,1,1,0,1,0,"TMPF341",4700,341,NA,"Point",2384.814,-16.928,0.0173252547177207,1,1,0,1,"TMPF_341_2804","TMPF_342_2587",2.05895814798328,"TMPF_343_2660",3.23568344732508,"TMPF_349_2708",4.45964975477095,"TMPF_342_2587",2.05895814798328,NA,41.7985295901667,-111.5190175035,41.7985478708333,-111.519013337333,NA,9.67779677460575,41.79855608,-111.519033739833,NA,-24.6382763921755,41.7985647646667,-111.518991584833,NA,28.8715026698895,41.7985478708333,-111.519013337333,NA,9.67779677460575
"289","TMPF",365,"ABLA",1.3,NA,NA,1,"0",1,1,1,1,"0","BO","BO","BO",1,1,1,1,"0","0","0","0",0,0,0,1,"0","0","0",NA,0,0,0,2,"0","0","0",NA,0,1,0,2,"0","0","0",NA,0,0,0,0,"0","0","0",NA,0,0,0,1,"0","0","0",NA,0,1,0,1,"0","0","0",NA,NA,NA,NA,NA,1,2,3,4,NA,NA,NA,NA,0,1,0,1,1,"TMPF365",4728,365,NA,"Point",2383.573,-16.928,0.0271608580850279,0,1,0,1,"TMPF_365_2805","TMPF_364_2637",0.472201690783664,"TMPF_364_2637",0.472201690783664,"TMPF_364_2637",0.472201690783664,"TMPF_364_2637",0.472201690783664,NA,41.7985414436667,-111.519146558833,41.7985372216667,-111.519147244,NA,-173.076163871765,41.7985372216667,-111.519147244,NA,-173.076163871765,41.7985372216667,-111.519147244,NA,-173.076163871765,41.7985372216667,-111.519147244,NA,-173.076163871765
"290","TMPF",168,"ABLA",1.2,NA,NA,0,"0",1,1,1,1,"0","BO","BO","BO",0,0,0,0,"0","0","0","0",0,0,0,0,"0","0","0",NA,0,0,0,1,"0","0","0",NA,0,0,0,1,"0","0","0",NA,0,0,0,0,"0","0","0",NA,0,0,0,0,"0","0","0",NA,0,1,0,1,"0","0","0",NA,NA,NA,NA,NA,1,2,3,4,NA,NA,NA,NA,0,1,0,1,1,"TMPF168",2898,168,NA,"Point",2390.963,NA,0.0353951885183815,0,1,0,1,"TMPF_168_2806","TMPF_180_2656",3.09389904287838,"TMPF_171_2744",2.28759904713005,"TMPF_163_2709",2.66199235469934,"TMPF_169_2529",1.25771279135853,NA,41.79829128,-111.518966,41.79826991,-111.5189899,NA,-140.074758460957,41.7982742,-111.5189506,NA,145.992999970523,41.79830864,-111.5189439,NA,43.6094450811949,41.79828171,-111.5189579,NA,147.65197806192
"291","TMPF",206,"ABLA",1.2,NA,NA,0,"0",1,1,1,1,"0","0","0","0",0,0,0,0,"0","0","0","0",0,0,0,0,"0","0","0",NA,0,0,0,0,"0","0","0",NA,0,0,0,0,"0","0","0",NA,0,0,0,0,"0","0","0",NA,0,0,0,0,"0","0","0",NA,0,0,0,0,"0","0","0",NA,NA,NA,NA,NA,1,2,3,4,NA,NA,NA,NA,0,0,0,0,0,"TMPF206",2933,206,NA,"Point",2385.666,NA,0.0515157918978538,0,0,0,0,"TMPF_206_2807","TMPF_205_2635",1.30153129050501,"TMPF_205_2635",1.30153129050501,"TMPF_205_2635",1.30153129050501,"TMPF_205_2635",1.30153129050501,NA,41.79826445,-111.5192655,41.79827597,-111.5192684,NA,-10.667868604772,41.79827597,-111.5192684,NA,-10.667868604772,41.79827597,-111.5192684,NA,-10.667868604772,41.79827597,-111.5192684,NA,-10.667868604772
"292","TMPF",208,"ABLA",1.2,NA,NA,0,"0",1,1,1,1,"0","0","0","0",0,1,0,0,"0","0","0","0",0,0,0,0,"0","0","0",NA,0,0,0,0,"0","0","0",NA,0,0,0,0,"0","0","0",NA,0,0,0,0,"0","0","0",NA,0,0,0,0,"0","0","0",NA,0,0,0,0,"0","0","0",NA,NA,NA,NA,NA,1,2,3,4,NA,NA,NA,NA,0,0,0,0,0,"TMPF208",2934,208,NA,"Point",2386.278,NA,0.0536405335458266,0,0,0,0,"TMPF_208_2808","TMPF_214_2734",2.26485775338913,"TMPF_214_2734",2.26485775338913,"TMPF_205_2635",3.35306199750264,"TMPF_209_2696",1.57368205449666,NA,41.79827014,-111.519308,41.79828671,-111.5193239,NA,-35.6795385140933,41.79828671,-111.5193239,NA,-35.6795385140933,41.79827597,-111.5192684,NA,78.8694745245505,41.79826111,-111.5193226,NA,-129.575214984114
"293","TMPF",246,"ABLA",1.2,NA,NA,0,"0",1,1,1,1,"BO","BO","BO","BO",1,1,0,1,"0","0","0","0",0,0,0,1,"0","0","0",NA,1,1,0,1,"0","0","0",NA,0,0,0,1,"0","0","0",NA,0,0,0,0,"0","0","0",NA,0,1,0,1,"0","0","0",NA,0,0,0,0,"0","0","0",NA,NA,NA,NA,NA,1,2,3,4,NA,NA,NA,NA,1,1,0,1,0,"TMPF246",4583,246,NA,"Point",2386.076,-16.928,0.0425531686771124,1,1,0,1,"TMPF_246_2809","TMPF_247_2652",0.617135965789841,"TMPF_247_2652",0.617135965789841,"TMPF_247_2652",0.617135965789841,"TMPF_247_2652",0.617135965789841,NA,41.7983252196667,-111.51919404,41.7983270325,-111.519201062,NA,-70.9651850987886,41.7983270325,-111.519201062,NA,-70.9651850987886,41.7983270325,-111.519201062,NA,-70.9651850987886,41.7983270325,-111.519201062,NA,-70.9651850987886
"294","TMPF",372,"ABLA",1.2,NA,NA,0,"0",1,1,1,1,"0","BO","BO","BO",1,1,1,1,"0","0","0","0",0,0,0,0,"0","0","0",NA,0,0,0,1,"0","0","0",NA,0,0,0,0,"0","0","0",NA,0,0,0,0,"0","0","0",NA,0,1,0,1,"0","0","0",NA,0,0,0,0,"0","0","0",NA,NA,NA,NA,NA,1,2,3,4,NA,NA,NA,NA,0,1,0,1,1,"TMPF372",4735,372,NA,"Point",2384.447,-16.928,0.0331781361330489,0,1,0,1,"TMPF_372_2810","TMPF_361_2593",5.35434111498287,"TMPF_361_2593",5.35434111498287,"TMPF_370_2776",6.06225487385535,"TMPF_361_2593",5.35434111498287,NA,41.7985579751667,-111.519223632167,41.7985189086667,-111.519185845333,NA,144.103931522598,41.7985189086667,-111.519185845333,NA,144.103931522598,41.7985631506667,-111.519150992,NA,84.5609170534938,41.7985189086667,-111.519185845333,NA,144.103931522598
"295","TMPF",403,"ABLA",1.2,NA,NA,0,"0",1,1,1,1,"BO","BO","BO","BO",0,0,0,0,"0","0","0","0",0,0,0,0,"0","0","0",NA,0,0,0,1,"0","0","0",NA,0,0,0,0,"0","0","0",NA,0,0,0,0,"0","0","0",NA,1,0,0,1,"0","0","0",NA,1,1,0,0,"0","0","0",NA,NA,NA,NA,NA,1,2,3,4,NA,NA,NA,NA,1,1,0,1,0,"TMPF403",4778,403,NA,"Point",2380.694,-16.928,0.0433687038066074,1,1,0,1,"TMPF_403_2811","TMPF_401_2601",1.48235603769275,"TMPF_401_2601",1.48235603769275,"TMPF_386_2720",12.3217763221996,"TMPF_397_2794",2.07608611105095,NA,41.798617282,-111.519348076333,41.7986306001667,-111.519346821,NA,4.03445706733416,41.7986306001667,-111.519346821,NA,4.03445706733416,41.7985081508333,-111.519321121,NA,169.528415717754,41.7986017361667,-111.519361962833,NA,-146.240675301428
"296","TMPF",189,"ABLA",1.1,NA,NA,0,"0",1,1,1,1,"0","0","BO","BO",0,0,0,0,"0","0","0","0",0,0,0,0,"0","0","0",NA,0,0,0,0,"0","0","0",NA,0,0,0,0,"0","0","0",NA,0,0,0,0,"0","0","0",NA,0,0,0,1,"0","0","0",NA,0,0,0,0,"0","0","0",NA,NA,NA,NA,NA,1,2,3,4,NA,NA,NA,NA,0,0,0,1,1,"TMPF189",2916,189,NA,"Point",2386.366,NA,0.0382027214799449,0,0,0,1,"TMPF_189_2812","TMPF_191_2651",1.53152512725021,"TMPF_191_2651",1.53152512725021,"TMPF_191_2651",1.53152512725021,"TMPF_183_2683",1.1166506251284,NA,41.79830425,-111.5190778,41.79829447,-111.5190908,NA,-135.153471891924,41.79829447,-111.5190908,NA,-135.153471891924,41.79829447,-111.5190908,NA,-135.153471891924,41.79829504,-111.5190832,NA,-156.31122218654
"297","TMPF",210,"ABLA",1.1,NA,NA,0,"0",1,1,1,1,"0","0","0","0",0,0,0,0,"0","0","0","0",0,0,0,0,"0","0","0",NA,0,0,0,0,"0","0","0",NA,0,0,0,0,"0","0","0",NA,0,0,0,0,"0","0","0",NA,0,0,0,0,"0","0","0",NA,0,0,0,0,"0","0","0",NA,NA,NA,NA,NA,1,2,3,4,NA,NA,NA,NA,0,0,0,0,0,"TMPF210",2936,210,NA,"Point",2383.51,NA,0.0523953227462537,0,0,0,0,"TMPF_210_2813","TMPF_214_2734",1.57857163765888,"TMPF_211_2749",1.09329990211167,"TMPF_215_2687",2.54421330973088,"TMPF_214_2734",1.57857163765888,NA,41.79828465,-111.5193051,41.79828671,-111.5193239,NA,-81.6691807426733,41.79829449,-111.5193046,NA,2.1774953222275,41.79830371,-111.5193221,NA,-33.7196700570978,41.79828671,-111.5193239,NA,-81.6691807426733
"298","TMPF",324,"ABLA",1.1,NA,NA,0,"0",1,1,1,1,"0","BO","0","BO",0,1,1,1,"0","0","0","0",0,1,0,1,"0","0","0",NA,0,1,0,2,"0","0","0",NA,0,0,0,0,"0","0","0",NA,0,0,0,1,"0","0","0",NA,0,0,0,1,"0","0","0",NA,0,0,0,0,"0","0","0",NA,NA,NA,NA,NA,1,2,3,4,NA,NA,NA,NA,0,1,0,1,1,"TMPF324",4682,324,NA,"Point",2387.071,-16.928,0.0119168880934019,0,1,0,1,"TMPF_324_2814","TMPF_326_2581",1.78658083984624,"TMPF_326_2581",1.78658083984624,"TMPF_326_2581",1.78658083984624,"TMPF_326_2581",1.78658083984624,NA,41.7985104936667,-111.518919343833,41.7985217448333,-111.518934717667,NA,-45.6366279128294,41.7985217448333,-111.518934717667,NA,-45.6366279128294,41.7985217448333,-111.518934717667,NA,-45.6366279128294,41.7985217448333,-111.518934717667,NA,-45.6366279128294
"299","TMPF",404,"ABLA",1.1,NA,NA,0,"0",1,1,1,1,"0","0","BO","0",0,0,0,0,"0","0","0","0",0,0,0,0,"0","0","0",NA,0,0,0,0,"0","0","0",NA,0,0,0,0,"0","0","0",NA,0,0,0,0,"0","0","0",NA,0,0,0,0,"0","0","0",NA,0,0,0,0,"0","0","0",NA,NA,NA,NA,NA,1,2,3,4,NA,NA,NA,NA,0,0,0,0,0,"TMPF404",4776,404,NA,"Point",2381.143,-16.928,0.0434412867103008,0,0,0,0,"TMPF_404_2815","TMPF_401_2601",0.344355280266145,"TMPF_401_2601",0.344355280266145,"TMPF_386_2720",13.4470739941158,"TMPF_403_2811",1.14570743018673,NA,41.7986276,-111.519347872,41.7986306001667,-111.519346821,NA,14.6887013701483,41.7986306001667,-111.519346821,NA,14.6887013701483,41.7985081508333,-111.519321121,NA,170.48672383861,41.798617282,-111.519348076333,NA,-179.151014042044
"300","TMPF",414,"ABLA",1.1,NA,NA,0,"0",1,1,1,1,"0","0","0","BO",0,0,0,0,"0","0","0","0",0,0,0,1,"0","0","0",NA,0,0,0,0,"0","0","0",NA,0,0,0,0,"0","0","0",NA,0,0,0,0,"0","0","0",NA,0,0,0,0,"0","0","0",NA,0,0,0,0,"0","0","0",NA,NA,NA,NA,NA,1,2,3,4,NA,NA,NA,NA,0,0,0,1,1,"TMPF414",4791,414,NA,"Point",2380.125,-16.928,0.0291807749650898,0,0,0,1,"TMPF_414_2816","TMPF_424_2725",8.55409254481255,"TMPF_412_2700",2.56074994456419,"TMPF_424_2725",8.55409254481255,"TMPF_413_2604",0.571210585718181,NA,41.7986580161667,-111.519166701,41.7985919386667,-111.5191137545,NA,149.05374155931,41.7986707721667,-111.5191923805,NA,-56.4223037311945,41.7985919386667,-111.5191137545,NA,149.05374155931,41.7986593065,-111.519173356667,NA,-75.4748450211774
"301","TMPF",227,"ABLA",1,NA,NA,0,"0",1,1,1,1,"0","0","0","0",0,0,0,0,"0","0","0","0",0,0,0,0,"0","0","0",NA,0,0,0,0,"0","0","0",NA,0,0,0,0,"0","0","0",NA,0,0,0,0,"0","0","0",NA,0,0,0,0,"0","0","0",NA,0,0,0,0,"0","0","0",NA,NA,NA,NA,NA,1,2,3,4,NA,NA,NA,NA,0,0,0,0,0,"TMPF227",4558,227,NA,"Point",2383.464,-16.928,0.0479045750014432,0,0,0,0,"TMPF_227_2817","TMPF_225_2693",4.37179661210461,"TMPF_225_2693",4.37179661210461,"TMPF_229_2664",2.3214431206975,"TMPF_229_2664",2.3214431206975,NA,41.7984180426667,-111.5193546885,41.798379964,-111.519341293333,NA,165.252596047777,41.798379964,-111.519341293333,NA,165.252596047777,41.79842008,-111.519326879333,NA,84.4082526600162,41.79842008,-111.519326879333,NA,84.4082526600162
"302","TMPF",228,"ABLA",1,NA,NA,0,"0",1,1,1,1,"0","0","0","0",0,0,0,0,"0","0","0","0",0,0,0,0,"0","0","0",NA,0,0,0,0,"0","0","0",NA,0,0,0,0,"0","0","0",NA,0,0,0,0,"0","0","0",NA,0,0,0,0,"0","0","0",NA,0,0,0,0,"0","0","0",NA,NA,NA,NA,NA,1,2,3,4,NA,NA,NA,NA,0,0,0,0,0,"TMPF228",4559,228,NA,"Point",2382.534,-16.928,0.0475515577203144,0,0,0,0,"TMPF_228_2818","TMPF_225_2693",4.50564533336675,"TMPF_232_2686",4.34233868522762,"TMPF_229_2664",2.01381856039441,"TMPF_229_2664",2.01381856039441,NA,41.798419874,-111.519351117167,41.798379964,-111.519341293333,NA,169.563626280122,41.7984328918333,-111.519301830667,NA,70.5582745395833,41.79842008,-111.519326879333,NA,89.3492491062927,41.79842008,-111.519326879333,NA,89.3492491062927
"303","TMPF",395,"ABLA",1,NA,NA,0,"0",1,1,1,1,"0","0","0","BO",1,2,0,1,"0","0","0","0",0,0,0,1,"0","0","0",NA,0,0,0,2,"0","0","0",NA,0,0,0,0,"0","0","0",NA,0,0,0,1,"0","0","0",NA,0,0,0,1,"0","0","0",NA,0,0,0,0,"0","0","0",NA,NA,NA,NA,NA,1,2,3,4,NA,NA,NA,NA,0,0,0,1,1,"TMPF395",4769,395,NA,"Point",2379.654,-16.928,0.0400606590749398,0,0,0,1,"TMPF_395_2819","TMPF_403_2811",3.56908187155661,"TMPF_403_2811",3.56908187155661,"TMPF_392_2650",10.5203188556738,"TMPF_403_2811",3.56908187155661,NA,41.7986039171667,-111.519309005667,41.798617282,-111.519348076333,NA,-65.4331106739477,41.798617282,-111.519348076333,NA,-65.4331106739477,41.798511399,-111.519281658833,NA,167.528065727604,41.798617282,-111.519348076333,NA,-65.4331106739477
"304","TMPF",452,"ABLA",1,NA,NA,0,"0",1,1,1,1,"0","0","BO","BO",1,0,0,0,"0","0","0","0",0,0,0,1,"0","0","0",NA,0,0,0,1,"0","0","0",NA,0,0,0,0,"0","0","0",NA,0,0,0,1,"0","0","0",NA,0,0,0,1,"0","0","0",NA,0,0,0,0,"0","0","0",NA,NA,NA,NA,NA,1,2,3,4,NA,NA,NA,NA,0,0,0,1,1,"TMPF452",4837,452,NA,"Point",2386.577,-16.928,0.00875038761697561,0,0,0,1,"TMPF_452_2820","TMPF_450_2787",1.20990292153526,"TMPF_450_2787",1.20990292153526,"TMPF_451_2801",1.90558586640422,"TMPF_453_2623",1.09070802442629,NA,41.7986686693333,-111.5188497915,41.7986794446667,-111.5188476185,NA,8.5813073508202,41.7986794446667,-111.5188476185,NA,8.5813073508202,41.7986832533333,-111.518837698667,NA,31.8181716398782,41.7986780436667,-111.518845866,NA,17.3980485280626
